1.429833255896137523e+00,-2.096006163995481675e+00,3.086138029718856757e-01,-9.747867110712580274e-01,-1.348280036457080611e+00,2.703717378065013666e+00,-1.643937390583494640e+00,-5.430604447148328795e+00,1.992876128171285233e+00
1.593535621708651888e+02,1.216288503080570962e+02,1.486562644903679882e+02,1.323261479885549079e+02,1.572617389931443910e+01,2.522634493573509644e+02,-4.880521594974234745e+02,2.315487615565669728e+02,-1.450643219833627739e+01
7.135822577557827451e+00,7.716463668113271446e-02,5.027640652543091448e+00,2.185346561695897805e+00,4.681714823399940051e-01,1.528347773606204640e+01,-2.729343046169904952e+01,6.884568382990558177e+00,2.237625887170587857e-01
4.888175991482928140e+00,-2.756861981673124795e+00,2.604381719535966866e+00,-4.730677097261546948e-01,4.959119343734602614e-01,8.694524811022255051e+00,-1.364086148241320728e+01,-3.743549262120549059e-02,1.880313431763145915e-01
4.401750890047951614e+00,-3.062483075039084568e+00,2.174106663722534361e+00,-8.348388487136521041e-01,5.338184188164016852e-01,7.061001714878974767e+00,-9.979687264521206913e+00,-1.927453745092514659e+00,1.292319597347761639e-01
3.999571255446875195e+00,-3.071203933050528523e+00,1.894847293148626211e+00,-9.664799707522930827e-01,6.332205603989736753e-01,6.118814392548777903e+00,-7.779722819503697373e+00,-3.051401871436904223e+00,6.057319885674960699e-03
3.311836877072746876e+00,-2.726956159261550994e+00,1.533408814376489904e+00,-9.485280965652798102e-01,9.843307149717094306e-01,5.454459239489414912e+00,-6.194405827298833600e+00,-3.842207357542667623e+00,-3.802661360755278941e-01
-2.226966780206382168e+00,1.480247468696846092e+00,-8.995881987754936748e-01,1.528688872658702513e-01,4.863665933348335635e+00,4.939538461752752241e+00,-4.922506080769831982e+00,-4.472413987516650202e+00,-4.465290405631392012e+00
1.582184247238116193e+01,-1.195127187912528299e+01,7.100640841945547344e+00,-3.230070248689682177e+00,-8.051988777926123220e+00,4.469529011885446046e+00,-3.961645956746818076e+00,-4.832482257417506588e+00,9.057027579700140052e+00
1.613707322263524979e+00,-1.849414408422588085e+00,6.494729895556359267e-01,-8.851800757146974785e-01,1.856204945323898903e+00,4.089680915277980056e+00,-3.060561173303792959e+00,-5.241265316321381817e+00,-1.342070122201000082e+00
3.016810157796099734e+00,-3.037850667671404103e+00,1.223034019022649632e+00,-1.244074528897944010e+00,7.391672210849778990e-01,3.727156973906759596e+00,-2.283446209920423797e+00,-5.541006321543481050e+00,-1.855633453304055824e-01
3.196031287017268241e+00,-3.246662704264008159e+00,1.275890837110407183e+00,-1.326522254357143549e+00,5.218663310435718294e-01,3.385179507747447136e+00,-1.596936109044690077e+00,-5.772785508510033026e+00,2.847892562656906962e-02
3.197182785933756044e+00,-3.313398468278160536e+00,1.252989548046683055e+00,-1.369205230391089767e+00,4.387070200701970735e-01,3.058520273782942667e+00,-9.826328708714893168e-01,-5.950728632337150437e+00,1.026533780886533104e-01
3.149431217419682127e+00,-3.338917124701133332e+00,1.210093665454701872e+00,-1.399579572736150634e+00,3.958162449423260343e-01,2.743888401922566445e+00,-4.291701335121174132e-01,-6.082910179636591863e+00,1.353055752651790289e-01
3.085349133908121821e+00,-3.348987503420404632e+00,1.161157949468911932e+00,-1.424796318981193632e+00,3.693712952045630216e-01,2.439549491887737620e+00,7.166655134877419897e-02,-6.175745141272150462e+00,1.513574986253794219e-01
3.016138172749848412e+00,-3.352943221849272959e+00,1.110831753956124546e+00,-1.447636803055547983e+00,3.510075681377565759e-01,2.144756748990773509e+00,5.261999888962574090e-01,-6.234734313268877059e+00,1.595341031317211999e-01
2.946363499074975856e+00,-3.355037324811062760e+00,1.060867671981168048e+00,-1.469541497717251177e+00,3.371586120316036883e-01,1.859352540593705250e+00,9.395528126640386724e-01,-6.264766105855712475e+00,1.635361819153569318e-01
2.878056822727957265e+00,-3.357591600672408916e+00,1.011909974147308766e+00,-1.491444752091767079e+00,3.260894750100799544e-01,1.583492861227268289e+00,1.316061861907249941e+00,-6.270257553941102735e+00,1.651492290190848256e-01
2.812133520742702064e+00,-3.362086908939939001e+00,9.641114698493897794e-01,-1.514064858046630713e+00,3.168707772993648031e-01,1.317457894730868384e+00,1.659533381669989094e+00,-6.255220750386738082e+00,1.653182494107584000e-01
2.748959517811987219e+00,-3.369605419868898721e+00,9.173783521511885697e-01,-1.538024254208095076e+00,3.089664896981368369e-01,1.061524798778709977e+00,1.973401558328207184e+00,-6.223294397411569534e+00,1.645794299385505699e-01
2.688602547581166569e+00,-3.381035230955667714e+00,8.714760269242169954e-01,-1.563908710298718141e+00,3.020488676509689996e-01,8.158863176940036599e-01,2.260827190718277535e+00,-6.177761167425969369e+00,1.632538164110886869e-01
2.630950901103710216e+00,-3.397178527369523415e+00,8.260755427182716604e-01,-1.592303168984091855e+00,2.959079355873223127e-01,5.806030964724300247e-01,2.524759303069131100e+00,-6.121561645007972174e+00,1.615419772246938501e-01
2.575770406416234337e+00,-3.418818502446384855e+00,7.807711698942312317e-01,-1.623819265924381083e+00,2.904041045068561644e-01,3.555802611548566361e-01,2.767974155180433549e+00,-6.057309905078081869e+00,1.595735429335572997e-01
2.522729546986971272e+00,-3.446769199173261633e+00,7.350817884518190404e-01,-1.659121440638106959e+00,2.854419834632819786e-01,1.405607958822265857e-01,2.993100785725512303e+00,-5.987312407798089708e+00,1.574346192229916508e-01
2.471406114461704107e+00,-3.481920245391757263e+00,6.884413952655124014e-01,-1.698955526195566446e+00,2.809552752296324840e-01,-6.487012651675283514e-02,3.202638643162057264e+00,-5.913589928028802234e+00,1.551836768321475379e-01
2.421281401240157116e+00,-3.525283564750265164e+00,6.401805763686952977e-01,-1.744182739878802790e+00,2.768977969877570722e-01,-2.612742518337083375e-01,3.398970286453066869e+00,-5.837901113309496459e+00,1.528611300993733546e-01
2.371724216374099914e+00,-3.578047439518673656e+00,5.894988080367167260e-01,-1.795822031181282030e+00,2.732380687919813145e-01,-4.493458246723931460e-01,3.584370084514623578e+00,-5.761765565961182389e+00,1.504953072013500426e-01
2.321964800941302087e+00,-3.641643225381598015e+00,5.354259828422400780e-01,-1.855104407282536227e+00,2.699561026805324393e-01,-6.298953362898378483e-01,3.761007886797474775e+00,-5.686483727887358341e+00,1.481062799351197667e-01
2.271057089817837493e+00,-3.717830992312947558e+00,4.767701521302947221e-01,-1.923544054625403676e+00,2.670416503899926131e-01,-8.038316717229627706e-01,3.930944296306473795e+00,-5.613149968288574598e+00,1.457083824053383159e-01
2.217826265659180507e+00,-3.808812208734610572e+00,4.120468872124354309e-01,-2.003032830287866606e+00,2.644935176590288983e-01,-9.721410373442258557e-01,4.096110764214718536e+00,-5.542653712641698149e+00,1.433119037485664216e-01
2.160796965637096445e+00,-3.917380242206061070e+00,3.393837625947674352e-01,-2.095967039163730838e+00,2.623197653305705535e-01,-1.135858319157986074e+00,4.258262124824124584e+00,-5.475660581600606314e+00,1.409242474656919597e-01
2.098095841633777159e+00,-4.047122716990117830e+00,2.563913261615979877e-01,-2.205418201517945764e+00,2.605387585275093509e-01,-1.296022001890281272e+00,4.418879467146626716e+00,-5.412560306183084258e+00,1.385507386479561120e-01
2.027320891978554140e+00,-4.202692752774856544e+00,1.599901298467703015e-01,-2.335361990643065155e+00,2.591811229884921075e-01,-1.453595801801102816e+00,4.578983988353472867e+00,-5.353358911659380048e+00,1.361951941744665717e-01
1.945370651558403052e+00,-4.390165859442682894e+00,4.618393870466563911e-02,-2.490979146588944815e+00,2.582927159325698052e-01,-1.609325724138746860e+00,4.738791801798803327e+00,-5.297476431995758794e+00,1.338603305332864701e-01
1.848233397463318273e+00,-4.617487335398818615e+00,-9.022223165030163194e-02,-2.679031706285202930e+00,2.579386540741719913e-01,-1.763475188413432981e+00,4.897086078019615485e+00,-5.243383890123732627e+00,1.315480586501441562e-01
1.730761554861145024e+00,-4.894969119409582348e+00,-2.559292949033560305e-01,-2.908278269645078851e+00,2.582080704673383464e-01,-1.915335461347759338e+00,5.050093954256551498e+00,-5.187969739753139464e+00,1.292596989770138094e-01
1.586527453570172996e+00,-5.235660336157963002e+00,-4.593564012553696951e-01,-3.189776481332429192e+00,2.592180999150227039e-01,-2.062337054543652126e+00,5.189526772843875868e+00,-5.125468672058218544e+00,1.269961395936280157e-01
1.408034424883182423e+00,-5.655070633913661382e+00,-7.104101306156360707e-01,-3.536626078414853325e+00,2.611124960459190736e-01,-2.198504361468334167e+00,5.299326659610082757e+00,-5.045753523788303774e+00,1.247579531206026299e-01
1.187945654483412161e+00,-6.168956125860104223e+00,-1.018959369752568511e+00,-3.962051101624113336e+00,2.640432224934896044e-01,-2.312014043120331763e+00,5.350843006535708213e+00,-4.931953341695182402e+00,1.225454835618600691e-01
9.226404933562109001e-01,-6.786556063241226511e+00,-1.390314577303880306e+00,-4.473600992581134861e+00,2.681108529958705633e-01,-2.382166384585491237e+00,5.297583080309779646e+00,-4.758232602710631198e+00,1.203589109961332310e-01
6.197323759664321585e-01,-7.495862996813364987e+00,-1.815541067304835332e+00,-5.060589553542063967e+00,2.732306957837843386e-01,-2.378191735085973146e+00,5.075362895980232381e+00,-4.491135616464789315e+00,1.181982998230388937e-01
3.085185688372473756e-01,-8.242424099461496567e+00,-2.257776796137296760e+00,-5.676128734486940886e+00,2.789333177804123043e-01,-2.266636519739905875e+00,4.622051738912761110e+00,-4.101945005137611844e+00,1.160636347162395526e-01
4.282153316161707579e-02,-8.921841390487440293e+00,-2.647990102926318201e+00,-6.231029754399516563e+00,2.842780673182928597e-01,-2.034654613883053909e+00,3.928903134755945548e+00,-3.594721269483348358e+00,1.139548473347249125e-01
-1.210586977290657451e-01,-9.420862339438336619e+00,-2.912754027428039461e+00,-6.629167009739349581e+00,2.882062956631468165e-01,-1.716617383320870438e+00,3.090023420240260332e+00,-3.029161290478588064e+00,1.118718360530851774e-01
-1.616952434333813748e-01,-9.691155655126227231e+00,-3.022550950278956705e+00,-6.830299948280639910e+00,2.902170446343825816e-01,-1.384539672898547735e+00,2.268187782851053491e+00,-2.495988352236635066e+00,1.098144803994905855e-01
-1.006498300605316309e-01,-9.768689647378048235e+00,-3.003275081817152081e+00,-6.866064395621418015e+00,2.905759524176670938e-01,-1.100049419344954149e+00,1.588271673595821554e+00,-2.058413914441667547e+00,1.077826514718537715e-01
2.488509768876534523e-02,-9.722517743640523236e+00,-2.901700309886540374e+00,-6.795932336065267698e+00,2.898726557239009183e-01,-8.856840562309563625e-01,1.085245567188377613e+00,-1.728835940772927682e+00,1.057762192938454110e-01
1.854111809403939937e-01,-9.608814606422184212e+00,-2.755347268397359883e+00,-6.668056157084447655e+00,2.886007825136347460e-01,-7.353320429861148755e-01,7.351381515864551242e-01,-1.489360533299174172e+00,1.037950578434185395e-01
3.635750360533704928e-01,-9.461059861777691538e+00,-2.586418946381147332e+00,-6.511065879343178153e+00,2.870583958575141370e-01,-6.334397731396799180e-01,4.980488462921554005e-01,-1.315607517073842825e+00,1.018390483143927633e-01
5.504172216730034428e-01,-9.296680392245599833e+00,-2.406421194811313224e+00,-6.339841975761316917e+00,2.854016112476795985e-01,-5.652414120609040582e-01,3.388278479770013840e-01,-1.187160623204566612e+00,9.990808104217613339e-02
7.415083937231052857e-01,-9.124331878570078658e+00,-2.221054357862464634e+00,-6.161769126984486533e+00,2.837079823644304000e-01,-5.195591047475578428e-01,2.317026168733289926e-01,-1.089393743276295456e+00,9.800205642636049264e-02
9.346485414091354471e-01,-8.948316169218923477e+00,-2.033150552919413823e+00,-5.980517074890340901e+00,2.820157521040085880e-01,-4.886389196423817083e-01,1.590865148558484043e-01,-1.012443600058594129e+00,9.612088510750088632e-02
1.128708196531043484e+00,-8.770830523530882772e+00,-1.844160387713544402e+00,-5.797961939286309985e+00,2.803440689970684851e-01,-4.672962551228138639e-01,1.093163133358595190e-01,-9.498018259605486291e-01,9.426448759790852228e-02
1.323076948242316142e+00,-8.593046578538741542e+00,-1.654863072746206143e+00,-5.615106557550236133e+00,2.787027613532601089e-01,-4.521156301659281507e-01,7.472851346294681618e-02,-8.971914702125651786e-01,9.243279352139947835e-02
1.517403455738231211e+00,-8.415622151914179838e+00,-1.465702136190051963e+00,-5.432516559985893778e+00,2.770969987771085830e-01,-4.408576017067095121e-01,5.028812059655449890e-02,-8.517888342056643136e-01,9.062574058250430498e-02
1.711471145017210649e+00,-8.238947097740126679e+00,-1.276946281347229206e+00,-5.250529671375683272e+00,2.755295382815501348e-01,-4.320537781664207655e-01,3.267189220292711360e-02,-8.117116846535602503e-01,8.884327335854268204e-02
1.905137119739263918e+00,-8.063264527191210007e+00,-1.088768559162839322e+00,-5.069358848289184039e+00,2.740018319598152008e-01,-4.247393478262329602e-01,1.967062044580040331e-02,-7.756889871573512396e-01,8.708534198685986827e-02
2.098301029055986255e+00,-7.888732689196272574e+00,-9.012867475235577519e-01,-4.889144912616750105e+00,2.725145904375354533e-01,-4.182787119703516576e-01,9.802672306184201378e-03,-7.428487930707363684e-01,8.535190080286179926e-02
2.290888511215687373e+00,-7.715457880733114671e+00,-7.145848259406006875e-01,-4.709984543576841709e+00,2.710680800566480642e-01,-4.122521888497603926e-01,2.064214652504614556e-03,-7.125817410228394433e-01,8.364290697154430632e-02
2.482841962404652492e+00,-7.543512769240236615e+00,-5.287249409093470742e-01,-4.531945865926280348e+00,2.696622860097971919e-01,-4.063822719320639987e-01,-4.232824428399881156e-03,-6.844527409309555388e-01,8.195831914464947465e-02
2.674115123767926150e+00,-7.372947109367624208e+00,-3.437544140748332033e-01,-4.355077571524860858e+00,2.682970058186045503e-01,-4.004854161137919033e-01,-9.566513035040608015e-03,-6.581434118184978921e-01,8.029809616761580948e-02
2.864669738336010241e+00,-7.203794343899165398e+00,-1.597100652094096684e-01,-4.179414540353710628e+00,2.669719053988077739e-01,-3.944403185623344132e-01,-1.427445823316443596e-02,-6.334142401154170265e-01,7.866219585393804947e-02
3.054473376944083718e+00,-7.036075890058695492e+00,2.337897834123481289e-02,-4.004981491455883891e+00,2.656865543572156096e-01,-3.881668961315978272e-01,-1.859993052988007101e-02,-6.100794601706124309e-01,7.705057383926164349e-02
3.243497952185180111e+00,-6.869804073296975844e+00,2.054893600916092300e-01,-3.831795481203434495e+00,2.644404493967111858e-01,-3.816122329521081658e-01,-2.272275689198770959e-02,-5.879901965118538021e-01,7.546318252369205171e-02
3.431718653942035679e+00,-6.704984241392458522e+00,3.866021141654563120e-01,-3.659867701615924673e+00,2.632330307272882086e-01,-3.747410935185006009e-01,-2.678024849321609946e-02,-5.670230063339115611e-01,7.389997010740048666e-02
3.619113153044106301e+00,-6.541616365502729735e+00,5.667016268410132174e-01,-3.489204839299570704e+00,2.620636942862865082e-01,-3.675294404644758317e-01,-3.088157377894985844e-02,-5.470719724248170879e-01,7.236087972214741426e-02
3.805660980971651952e+00,-6.379696312192823626e+00,7.457748201592260262e-01,-3.319810151380491181e+00,2.609318014393572915e-01,-3.599599366572414638e-01,-3.511780331530549304e-02,-5.280431404202798884e-01,7.084584865929217934e-02
3.991343027791200093e+00,-6.219216902365551469e+00,9.238104823070214522e-01,-3.151684356881470972e+00,2.598366872094202140e-01,-3.520187588630969144e-01,-3.956909333555472252e-02,-5.098505062106623020e-01,6.935480769328136730e-02
4.176141120108978200e+00,-6.060168834534943372e+00,1.100798694758652774e+00,-2.984826409184588858e+00,2.587776677341110387e-01,-3.436932748762671630e-01,-4.430998513529737365e-02,-4.924130244463971184e-01,6.788768049853012576e-02
4.360037652146920628e+00,-5.902541528228390177e+00,1.276730320595563128e+00,-2.819234196676987381e+00,2.577540474628005618e-01,-3.349702818286253714e-01,-4.941348021361806342e-02,-4.756522805165650514e-01,6.644438315643814985e-02
4.543015249521785037e+00,-5.746323931641118321e+00,1.451596526454643099e+00,-2.654905208573916653e+00,2.567651265106799530e-01,-3.258345983766743892e-01,-5.495434493001834231e-02,-4.594905795242462121e-01,6.502482374887147420e-02
4.725056448784906493e+00,-5.591505332391449201e+00,1.625388314571819093e+00,-2.491837198178300739e+00,2.558102085562035111e-01,-3.162678654012018864e-01,-6.101196450703245955e-02,-4.438492777835009728e-01,6.362890203374681197e-02
4.906143377200573141e+00,-5.438076209538385442e+00,1.798096042592313815e+00,-2.330028874930182514e+00,2.548886096833682391e-01,-3.062474501749766209e-01,-6.767297959958734621e-02,-4.286472286517575281e-01,6.225650919806755695e-02
5.086257417143141168e+00,-5.286029168044588999e+00,1.969708907839117673e+00,-2.169480658740698509e+00,2.539996686265155734e-01,-2.957453750089730771e-01,-7.503388340654709721e-02,-4.137992437022600112e-01,6.090752768353328156e-02
5.265378838057586108e+00,-5.135360003439610743e+00,2.140214369749793288e+00,-2.010195535131817035e+00,2.531427589718017734e-01,-2.847272080080155421e-01,-8.320372302770423500e-02,-3.992144878932025742e-01,5.958183107978125281e-02
5.443486376173773067e+00,-4.986068954863190683e+00,2.309597479134569475e+00,-1.852180057823956227e+00,2.523173040133376288e-01,-2.731508639892883394e-01,-9.230702858047312720e-02,-3.847947371567593811e-01,5.827928408009036554e-02
5.620556737914986556e+00,-4.838162219665848696e+00,2.477840075424378341e+00,-1.695445557175191631e+00,2.515227951622849289e-01,-2.609652701396518726e-01,-1.024870827151667940e-01,-3.704324311844493511e-01,5.699974249466131099e-02
5.796563996958579601e+00,-4.691653823442306859e+00,2.644919802668951547e+00,-1.540009629152676363e+00,2.507588150815649453e-01,-2.481088553980987654e-01,-1.139096379869239395e-01,-3.560084549558004685e-01,5.574305331643548272e-02
5.971478846723999645e+00,-4.546567967343689176e+00,2.810808880913549856e+00,-1.385898001533247603e+00,2.500250670866271951e-01,-2.345078264982536354e-01,-1.267671868458214168e-01,-3.413895813054984574e-01,5.450905483463010237e-02
6.145267659162207075e+00,-4.402942011861026295e+00,2.975472550727753962e+00,-1.233146903426701968e+00,2.493214128443302924e-01,-2.200741989218765737e-01,-1.412838853017381324e-01,-3.264255052133017143e-01,5.329757679135117138e-02
6.317891286412583796e+00,-4.260830305568978460e+00,3.138867083832193039e+00,-1.081806102988499774e+00,2.486479210517948957e-01,-2.047035600587223392e-01,-1.577212220709370560e-01,-3.109454007064089698e-01,5.210844057667278484e-02
6.489303523443855859e+00,-4.120309131560624394e+00,3.300937220542282446e+00,-9.319428286590524246e-01,2.480049306275149967e-01,-1.882725579620284362e-01,-1.763845036950912604e-01,-2.947539364865181533e-01,5.094145945798883579e-02
6.659449126453082179e+00,-3.981483126793083471e+00,3.461612853630698261e+00,-7.836468539707021064e-01,2.473931330445613974e-01,-1.706361371579765418e-01,-1.976301828773763258e-01,-2.776267015708963060e-01,4.979643883937377030e-02
6.828261253190433422e+00,-3.844493632866020860e+00,3.620804727125779721e+00,-6.370371068014168969e-01,2.468136798225070982e-01,-1.516245902162278447e-01,-2.218739771522891535e-01,-2.593050251164467079e-01,4.867317654716168257e-02
6.995658157849535819e+00,-3.709529561529644859e+00,3.778398857609635897e+00,-4.922702612897519314e-01,2.462683228875303110e-01,-1.310405708070420672e-01,-2.495995854395690050e-01,-2.394902371434290689e-01,4.757146313798896881e-02
7.161538936978663727e+00,-3.576841499987885697e+00,3.934249317631832277e+00,-3.495518806411527235e-01,2.457595974698856267e-01,-1.086563358491382247e-01,-2.813675777602439587e-01,-2.178375272697870013e-01,4.649108222586396943e-02
7.325778089804424020e+00,-3.446759924508613793e+00,4.088168954605786887e+00,-2.091507893099658899e-01,2.452910592557073222e-01,-8.421167174199081784e-02,-3.178236610124319794e-01,-1.939497435576860718e-01,4.543181082499713613e-02
7.488218638992622189e+00,-3.319718500043807641e+00,4.239917573564377484e+00,-7.141743461557836792e-02,2.448675892143498678e-01,-5.741323909846071660e-02,-3.597049470660000914e-01,-1.673717707906562935e-01,4.439341970540530008e-02
7.648663580325919753e+00,-3.196283445137377832e+00,4.389187127390875354e+00,6.319300779753156405e-02,2.444957799684813471e-01,-2.793647193553175367e-02,-4.078419891243340034e-01,-1.375865862686572183e-01,4.337567375842804607e-02
7.806865535221709784e+00,-3.077189699529936373e+00,4.535583604600478935e+00,1.940922310913963944e-01,2.441844150438749472e-01,4.568283433106307134e-03,-4.631531258580124932e-01,-1.040147683661952760e-01,4.237833236962263578e-02
7.962514739818101539e+00,-2.963383913965444982e+00,4.678605702322315096e+00,3.205251235303080426e-01,2.439450438376544739e-01,4.046300659468643479e-02,-5.266260311027631813e-01,-6.602017684684868826e-02,4.140114979658791883e-02
8.115226026354040556e+00,-2.856072724001502472e+00,4.817621205588950239e+00,4.415320967636362504e-01,2.437926359308148216e-01,8.009945403636201111e-02,-5.992793769028875728e-01,-2.292573285812937733e-02,4.044387554959078673e-02
8.264526378773872750e+00,-2.756771869960632060e+00,4.951843513710667111e+00,5.559109951026210972e-01,2.437462617608915916e-01,1.237830018289742817e-01,-6.820955224726678034e-01,2.595543508838299429e-02,3.950625477292858678e-02
8.409846116655041115e+00,-2.667346932644679924e+00,5.080313225194434068e+00,6.621859588158811594e-01,2.438296850747294908e-01,1.717189886398854948e-01,-7.759140213165697242e-01,8.126716275402123824e-02,3.858802862525830685e-02
8.550518816203984684e+00,-2.590029486298042194e+00,5.201893224917936820e+00,7.585961049880102225e-01,2.440716614302741450e-01,2.239390237638475278e-01,-8.812772368153878322e-01,1.435295650508526255e-01,3.768893465724890146e-02
8.685797421731560775e+00,-2.527384032558365412e+00,5.315289894276283178e+00,8.431234948970069976e-01,2.445056239828249101e-01,2.802087416187698521e-01,-9.982262625834328329e-01,2.130272090242128491e-01,3.680870718505605682e-02
8.814895665753972764e+00,-2.482194063643595072e+00,5.419116338856635018e+00,9.135852632537850848e-01,2.451683385284291750e-01,3.399264390419116655e-01,-1.126060980231500031e+00,2.896705412444452454e-01,3.594707765832847596e-02
8.937062944597958136e+00,-2.457236302096592606e+00,5.512012638786357499e+00,9.678140037150411157e-01,2.460971047277352719e-01,4.020341377091050106e-01,-1.263104178186937876e+00,3.728489509419113945e-01,3.510377502156242918e-02
9.051694493250158402e+00,-2.454929870717582396e+00,5.592828394543794879e+00,1.003936227988923235e+00,2.473252919764300783e-01,4.649760079104298116e-01,-1.406541931631509534e+00,4.613127327175435832e-01,3.427852606779160233e-02
9.158465248557751792e+00,-2.476889308881294216e+00,5.660850753209050623e+00,1.020725186467424717e+00,2.488765309547530946e-01,5.267459285760037746e-01,-1.552435583947149089e+00,5.531375143304679831e-01,3.347105578371332296e-02
9.257457472135616428e+00,-2.523471901223638625e+00,5.716029781442961699e+00,1.017955789469058292e+00,2.507586838948863694e-01,5.850546687789869305e-01,-1.695988836019281187e+00,6.458241706901315382e-01,3.268108768543449144e-02
9.349238155118545279e+00,-2.593462744208830717e+00,5.759127300972405550e+00,9.966481099371791164e-01,2.529594384377432670e-01,6.376103849697393189e-01,-1.832085209225722711e+00,7.365557956316062249e-01,3.190834414427619337e-02
9.434845757792697185e+00,-2.684040571732998703e+00,5.791717893037049869e+00,9.590872930226732596e-01,2.554454279518099669e-01,6.824531177557310313e-01,-1.955997419960778361e+00,8.225725855139596199e-01,3.115254670197336456e-02
9.515673703384901927e+00,-2.791085815200749387e+00,5.816014787226587934e+00,9.085731009574502526e-01,2.581657853688291149e-01,7.182445830712576029e-01,-2.064069416280903013e+00,9.015640903882524704e-01,3.041341637489257746e-02
9.593279375550478605e+00,-2.909758182149253081e+00,5.834562606028210752e+00,8.489585873730068899e-01,2.610593149064106555e-01,7.444207780325544643e-01,-2.154158309329405885e+00,9.719585451016529154e-01,2.969067394685424160e-02
9.669177253898881830e+00,-3.035163557627836628e+00,5.849892155940308314e+00,7.841215403307515430e-01,2.640630265671060073e-01,7.611701572205977762e-01,-2.225720361933074543e+00,1.033030686992360447e+00,2.898404025034974699e-02
9.744674527449822321e+00,-3.162916292887916647e+00,5.864236381969542222e+00,7.175218525923325874e-01,2.671195179540858389e-01,7.692704160553582859e-01,-2.279573142378247930e+00,1.084827131523419030e+00,2.829323643584337120e-02
9.820780805212532272e+00,-3.289479577883627215e+00,5.879364872082113003e+00,6.519363552467968281e-01,2.701816138567725289e-01,7.698595636900572581e-01,-2.317472693651411397e+00,1.127972473715880275e+00,2.761798422913238488e-02
9.898190797025749887e+00,-3.412271527458142995e+00,5.896539843623697763e+00,5.893794259439749661e-01,2.732140132209668892e-01,7.642158113289533317e-01,-2.341663022518349457e+00,1.163438893855911482e+00,2.695800617662472490e-02
9.977317989268639664e+00,-3.529597382555956120e+00,5.916560080689328593e+00,5.311605260234053549e-01,2.761926563504920606e-01,7.535911320446024853e-01,-2.354506095596681448e+00,1.192342598558411293e+00,2.631302587856749683e-02
1.005835279473949839e+01,-3.640489660554531604e+00,5.939849667641890818e+00,4.780134665430990637e-01,2.791028384696861986e-01,7.391102129589535163e-01,-2.358233741904533165e+00,1.215796775809479646e+00,2.568276821021993686e-02
1.014132463630745207e+01,-3.744523548337689522e+00,5.966556918537359699e+00,4.302441694323805854e-01,2.819369369747827259e-01,7.217250816511857625e-01,-2.354813991664860495e+00,1.234823311907822241e+00,2.506695953113056638e-02
1.022615634587975819e+01,-3.841648115088033499e+00,5.996643175460468100e+00,3.878650553311823179e-01,2.846922895893742034e-01,7.022078770045160345e-01,-2.345902316149816702e+00,1.250311264880991313e+00,2.446532788250077584e-02
1.031270654628119310e+01,-3.932050595518093772e+00,6.029953258510777125e+00,3.507026922522725743e-01,2.873694630741137068e-01,6.811652181828351527e-01,-2.332845708263064477e+00,1.263006580386772271e+00,2.387760317305052601e-02
1.040080005493927828e+01,-4.016056210438708973e+00,6.066266852780113794e+00,3.184769917204713363e-01,2.899709589761149675e-01,6.590620815474201866e-01,-2.316714166009484988e+00,1.273519702442517998e+00,2.330351735328950111e-02
1.049024829858291952e+01,-4.094058847446424565e+00,6.105333629879232227e+00,2.908558212571685231e-01,2.925003065525075829e-01,6.362477448372720890e-01,-2.298342696340204938e+00,1.282341637149872815e+00,2.274280457864726046e-02
1.058086219969502650e+01,-4.166475692942882780e+00,6.146895902392670585e+00,2.674906043594651450e-01,2.949614603516253486e-01,6.129799009982694891e-01,-2.278374114142380780e+00,1.289862641802525633e+00,2.219520136158732726e-02
1.067245976042288902e+01,-4.233719172055952384e+00,6.190702365482440683e+00,2.480382228844580650e-01,2.973584204978086398e-01,5.894453172515867756e-01,-2.257297839750005863e+00,1.296390367165813018e+00,2.166044671305355357e-02
1.076487009801587469e+01,-4.296180770976110175e+00,6.236515783798430412e+00,2.321735432413098155e-01,2.996950075711034001e-01,5.657766927716918470e-01,-2.235482880362232638e+00,1.302165984947380784e+00,2.113828227346746177e-02
1.085793520856038974e+01,-4.354222686514787277e+00,6.284116736002891557e+00,2.195957860427527331e-01,3.019747405387919748e-01,5.420659926266579998e-01,-2.213204790963797297e+00,1.307377818403765879e+00,2.062845243363424855e-02
1.095151034068061335e+01,-4.408174437385969924e+00,6.333304895166393500e+00,2.100310081282031338e-01,3.042007809366484294e-01,5.183747791979331776e-01,-2.190667167970723472e+00,1.312172508091786760e+00,2.013070444585044264e-02
1.104546356475083790e+01,-4.458332490931479875e+00,6.383898839786157353e+00,2.032322340332995136e-01,3.063759180570135854e-01,4.947421064085437692e-01,-2.168018505002237362e+00,1.316663976839466565e+00,1.964478852556605926e-02
1.113967491404149968e+01,-4.504961623618008559e+00,6.435735044079256895e+00,1.989782463441835680e-01,3.085025783503845820e-01,4.711904944999500411e-01,-2.145365269242566875e+00,1.320940534662641497e+00,1.917045794386364188e-02
1.123403533230576912e+01,-4.548297194099697016e+00,6.488666458494276590e+00,1.970716797117560426e-01,3.105828481569291588e-01,4.477304223452596155e-01,-2.122781974411327433e+00,1.325070462661040338e+00,1.870746911118889577e-02
1.132844556880720610e+01,-4.588547817220104186e+00,6.542560932896306802e+00,1.973368186906675759e-01,3.126185028925826948e-01,4.243636894219437461e-01,-2.100318905292288818e+00,1.329106378722856752e+00,1.825558165261156884e-02
1.142281510160862190e+01,-4.625898130726837643e+00,6.597299631633206651e+00,1.996173392486826625e-01,3.146110384714400632e-01,4.010859232201061664e-01,-2.078008025008209358e+00,1.333088640452123608e+00,1.781455847495255762e-02
1.151706113211917248e+01,-4.660511477458892493e+00,6.652775523849736139e+00,2.037741308104920046e-01,3.165617024743240804e-01,3.778884441790753002e-01,-2.055867485361838387e+00,1.337047993548554858e+00,1.738416582617079501e-02
1.161110767065410165e+01,-4.692532408509054065e+00,6.708891991282526668e+00,2.096832708624561947e-01,3.184715236772820424e-01,3.547596493676105633e-01,-2.033905067660462418e+00,1.341007631844334913e+00,1.696417334729924398e-02
1.170488471892469029e+01,-4.722088963960691110e+00,6.765561570723535034e+00,2.172341842404840462e-01,3.203413392449374064e-01,3.316860365279988287e-01,-2.012120806516919824e+00,1.344984799872932069e+00,1.655435411731653178e-02
1.179832754751316415e+01,-4.749294718508072499e+00,6.822704833609066988e+00,2.263279953960161128e-01,3.221718193175578393e-01,3.086529598135949182e-01,-1.990508990146652391e+00,1.348992040161933526e+00,1.615448469121886360e-02
1.189137606215029663e+01,-4.774250596930114554e+00,6.880249396917808902e+00,2.368760683023365121e-01,3.239634889695112707e-01,2.856451856088839669e-01,-1.969059684914186592e+00,1.353038164616683581e+00,1.576434513171016613e-02
1.198397425071537192e+01,-4.797046473934011956e+00,6.938129055360072073e+00,2.487987214212112885e-01,3.257167476589605259e-01,2.626472995721407799e-01,-1.947759896741473762e+00,1.357129011468980018e+00,1.538371903475426773e-02
1.207606970224230913e+01,-4.817762577377031619e+00,6.996283023048377459e+00,2.620241018167949187e-01,3.274318863599051110e-01,2.396440031300571261e-01,-1.926594455154753582e+00,1.361268035340354787e+00,1.501239354937336339e-02
1.216761318938525349e+01,-4.836470715371770090e+00,7.054655272505889307e+00,2.764872015076334510e-01,3.291091025988039931e-01,2.166203279916819047e-01,-1.905546685314871480e+00,1.365456767199418886e+00,1.465015939192455471e-02
1.225855830633053145e+01,-4.853235347516896780e+00,7.113193959322352988e+00,2.921289994912457666e-01,3.307485136228159872e-01,1.935617900486368836e-01,-1.884598917865306644e+00,1.369695172682572348e+00,1.429681085527250740e-02
1.234886115491469027e+01,-4.868114519311682820e+00,7.171850921662956679e+00,3.088957139400131946e-01,3.323501679193255343e-01,1.704544986480204249e-01,-1.863732874658324823e+00,1.373981930853928279e+00,1.395214581300351087e-02
1.243848007246968024e+01,-4.881160677132459824e+00,7.230581244873954816e+00,3.267381504632612121e-01,3.339140552890288438e-01,1.472852331918070301e-01,-1.842929959446115484e+00,1.378314650539482766e+00,1.361596571912363635e-02
1.252737539574656012e+01,-4.892421379352245303e+00,7.289342882548833558e+00,3.456111338453862758e-01,3.354401156573192377e-01,1.240414960265918409e-01,-1.822171475852525813e+00,1.382690037588828025e+00,1.328807560338445513e-02
1.261550925595767758e+01,-4.901939917349090514e+00,7.348096326454070848e+00,3.654730121544815247e-01,3.369282467870207687e-01,1.007115483158957381e-01,-1.801438789724140177e+00,1.387104023473062941e+00,1.296828406261141438e-02
1.270284540069784818e+01,-4.909755858457227617e+00,7.406804318723163583e+00,3.862852235173880322e-01,3.383783110378133507e-01,7.728443390921332923e-02,-1.780713449030708828e+00,1.391551863376060849e+00,1.265640324820958493e-02
1.278934903904804798e+01,-4.915905521334055450e+00,7.465431600587109529e+00,4.080119171269061540e-01,3.397901412983109215e-01,5.374999494091409896e-02,-1.759977271443632585e+00,1.396028210176472051e+00,1.235224885016323812e-02
1.287498670671188883e+01,-4.920422392821272695e+00,7.523944692705827997e+00,4.306196211847967970e-01,3.411635462008771880e-01,3.009888194271723855e-02,-1.739212407418031958e+00,1.400527169364057967e+00,1.205564007773013771e-02
1.295972614848363413e+01,-4.923337494146484694e+00,7.582311702854704905e+00,4.540769514823154718e-01,3.424983147150408858e-01,6.322560521143445744e-03,-1.718401384815593680e+00,1.405042338877363850e+00,1.176639963708039048e-02
1.304353621571920563e+01,-4.924679703220746774e+00,7.640502157304834618e+00,4.783543551937461946e-01,3.437942202017164051e-01,-1.758668388859944975e-02,-1.697527139741297653e+00,1.409566837026172026e+00,1.148435370609343642e-02
1.312638677682951460e+01,-4.924476038855122972e+00,7.698486852760630050e+00,5.034238852139235609e-01,3.450510239997197637e-01,-4.163574209854388475e-02,-1.676573037215199680e+00,1.414093321027516392e+00,1.120933190655000466e-02
1.320824863909351166e+01,-4.922751911913072931e+00,7.756237726157399592e+00,5.292590010230702191e-01,3.462684786064358922e-01,-6.583067729879828189e-02,-1.655522884473809908e+00,1.418613998176273316e+00,1.094116727388073224e-02
1.328909348032639492e+01,-4.919531347703832047e+00,7.813727739997749389e+00,5.558343926246904765e-01,3.474463305052944428e-01,-9.017672070253153482e-02,-1.634360939078519204e+00,1.423120631288616433e+00,1.067969622471251490e-02
1.336889378915991422e+01,-4.914837183335189152e+00,7.870930781241018970e+00,5.831258245836353771e-01,3.485843226862994637e-01,-1.146782663592265245e-01,-1.613071913501262111e+00,1.427604539743760226e+00,1.042475852237537658e-02
1.344762281285514405e+01,-4.908691243218376243e+00,7.927821572029594144e+00,6.111099976073068873e-01,3.496821968989817231e-01,-1.393388649218075259e-01,-1.591640977494188203e+00,1.432056597217761018e+00,1.017619724054727968e-02
1.352525451171400128e+01,-4.901114495474461208e+00,7.984375590773285403e+00,6.397644254663061858e-01,3.507396956715963521e-01,-1.641612162738581848e-01,-1.570053759233909663e+00,1.436467227007640401e+00,9.933858725231666659e-03
1.360176351931197836e+01,-4.892127191619787041e+00,8.040569002332901505e+00,6.690673253592283043e-01,3.517565641264389642e-01,-1.891471610026067007e-01,-1.548296346016695857e+00,1.440826395708735053e+00,9.697592555179350080e-03
1.367712510784440383e+01,-4.881748991561896567e+00,8.096378596196245780e+00,6.989975200862201810e-01,3.527325516159491303e-01,-2.142976707768864397e-01,-1.526355285081969271e+00,1.445123605883482876e+00,9.467251500972814759e-03
1.375131515801051485e+01,-4.869999075672308386e+00,8.151781731714152102e+00,7.295343506239870823e-01,3.536674132018911010e-01,-2.396128377410522148e-01,-1.504217585010749980e+00,1.449347888280017260e+00,9.242691482862025465e-03
1.382431013290056399e+01,-4.856896245442825055e+00,8.206756289568716056e+00,7.606575978891280121e-01,3.545609109957414962e-01,-2.650918630813698940e-01,-1.481870718026304878e+00,1.453487794085854823e+00,9.023771527535327797e-03
1.389608705546828205e+01,-4.842459014033887676e+00,8.261280628788243874e+00,7.923474126462752842e-01,3.554128153769547938e-01,-2.907330449599171418e-01,-1.459302623436266266e+00,1.457531387651908039e+00,8.810353723909550294e-03
1.396662348916088803e+01,-4.826705687821841728e+00,8.315333548677161346e+00,8.245842526618603063e-01,3.562229061018636345e-01,-3.165337660385750818e-01,-1.436501712382626250e+00,1.461466240076792600e+00,8.602303178106809195e-03
1.403589752141385283e+01,-4.809654439915079571e+00,8.368894255164546436e+00,8.573488263342594617e-01,3.569909733158616594e-01,-3.424904808456114003e-01,-1.413456874012423370e+00,1.465279424018088417e+00,8.399487967715764045e-03
1.410388774966713221e+01,-4.791323376440553616e+00,8.421942331088985156e+00,8.906220421375389273e-01,3.577168184774121573e-01,-3.685987032563975418e-01,-1.390157483129975002e+00,1.468957510063692240e+00,8.201779095433825092e-03
1.417057326968275888e+01,-4.771730596311745565e+00,8.474457710054320358e+00,9.243849633167157132e-01,3.584002552033246358e-01,-3.948529943839745315e-01,-1.366593409356932964e+00,1.472486564986377644e+00,8.009050442222432481e-03
1.423593366590275267e+01,-4.750894245051493492e+00,8.526420653498687940e+00,9.586187673525639052e-01,3.590411100408761325e-01,-4.212469511861388627e-01,-1.342755027794588552e+00,1.475852152183664501e+00,7.821178720046947225e-03
1.429994900365891297e+01,-4.728832563171582848e+00,8.577811730696515369e+00,9.933047097907555800e-01,3.596392231730205502e-01,-4.477731961156158347e-01,-1.318633231155559749e+00,1.479039334597370026e+00,7.638043424315542514e-03
1.436259982304376592e+01,-4.705563929515347965e+00,8.628611801436061768e+00,1.028424092092259157e+00,3.601944490604567228e-01,-4.744233681516651924e-01,-1.294219443303872730e+00,1.482032680391612400e+00,7.459526786074327336e-03
1.442386713428330225e+01,-4.681106899902925278e+00,8.678802001160264012e+00,1.063958233220135607e+00,3.607066570242984938e-01,-5.011881155553703504e-01,-1.269505634137380046e+00,1.484816271665752474e+00,7.285513724084816817e-03
1.448373241444865478e+01,-4.655480241349096104e+00,8.728363728374581854e+00,1.099888444724905323e+00,3.611757317710895809e-01,-5.280570907090502697e-01,-1.244484335705764444e+00,1.487373716457345951e+00,7.115891796779065526e-03
1.454217760538726978e+01,-4.628702962079210614e+00,8.777278634172333227e+00,1.136196009135868934e+00,3.616015738624813181e-01,-5.550189473943916152e-01,-1.219148659465922213e+00,1.489688164291866901e+00,6.950551154266622171e-03
1.459918511272754138e+01,-4.600794337503109510e+00,8.825528613724975102e+00,1.172862161499627520e+00,3.619841001297991467e-01,-5.820613408726107441e-01,-1.193492314541011901e+00,1.491742325510025058e+00,6.789384490384494167e-03
1.465473780583737806e+01,-4.571773932282293451e+00,8.873095799615162704e+00,1.209868073939955879e+00,3.623232440337089133e-01,-6.091709311275970151e-01,-1.167509626848361570e+00,1.493518494599431312e+00,6.632286994843457871e-03
1.470881901863630858e+01,-4.541661618582796045e+00,8.919962556913610285e+00,1.247194843139925569e+00,3.626189559692215014e-01,-6.363333896247055366e-01,-1.141195558945605759e+00,1.494998577733259726e+00,6.479156305603533603e-03
1.476141255113921424e+01,-4.510477590577634643e+00,8.966111479894912861e+00,1.284823480666716033e+00,3.628712035146685055e-01,-6.635334099344042391e-01,-1.114545730429265413e+00,1.496164124700332332e+00,6.329892461437547184e-03
1.481250267161514067e+01,-4.478242375239334550e+00,9.011525390299505389e+00,1.322734906076209693e+00,3.630799716235153518e-01,-6.907547225547137071e-01,-1.087556438709285533e+00,1.496996365384757333e+00,6.184397854806418689e-03
1.486207411928574018e+01,-4.444976839457384088e+00,9.056187337078585031e+00,1.360909942749807255e+00,3.632452627582664628e-01,-7.179801142468159592e-01,-1.060224679981073059e+00,1.497476250931524033e+00,6.042577185038365203e-03
1.491011210742192006e+01,-4.410702193483589717e+00,9.100080597520651793e+00,1.399329316417820213e+00,3.633670969638385650e-01,-7.451914521846506601e-01,-1.032548170186843084e+00,1.497584499691763993e+00,5.904337411870267012e-03
1.495660232677529500e+01,-4.375439990731473827e+00,9.143188679709853162e+00,1.437973656334016415e+00,3.634455118798956552e-01,-7.723697131802133020e-01,-1.004525365776568036e+00,1.497301648019770948e+00,5.769587709422564596e-03
1.500153094920764474e+01,-4.339212123930266785e+00,9.185495326218518386e+00,1.476823499059009004e+00,3.634805626895907249e-01,-7.994950182302419384e-01,-9.761554840385524567e-01,1.496608105938898259e+00,5.638239420566855398e-03
1.504488463143955634e+01,-4.302040817658575378e+00,9.226984518971260485e+00,1.515859294809756674e+00,3.634723220036430447e-01,-8.265466725761787536e-01,-9.474385227939842169e-01,1.495484217662486293e+00,5.510206011785361881e-03
1.508665051881807706e+01,-4.263948617293193522e+00,9.267640485201710021e+00,1.555061416323044954e+00,3.634208796788873652e-01,-8.535032114452343333e-01,-9.183752792151830269e-01,1.493910326898320706e+00,5.385403028537695189e-03
1.512681624898629273e+01,-4.224958374415722417e+00,9.307447704404610889e+00,1.594410170165762475e+00,3.633263425695348325e-01,-8.803424515780663429e-01,-8.889673675420294297e-01,1.491866846817345937e+00,5.263748051109186712e-03
1.516536995537634169e+01,-4.185093228755508044e+00,9.346390916206965827e+00,1.633885810413980177e+00,3.631888342115569546e-01,-9.070415486080015688e-01,-8.592172354557681135e-01,1.489334334510874047e+00,5.145160651038858425e-03
1.520230027042209819e+01,-4.144376586768092174e+00,9.384455129054098066e+00,1.673468554599931712e+00,3.630084944398402347e-01,-9.335770602952740971e-01,-8.291281788703687150e-01,1.486293569701180317e+00,5.029562348107115624e-03
1.523759632840195621e+01,-4.102832096985019383e+00,9.421625629609319930e+00,1.713138601807657535e+00,3.627854789392337964e-01,-9.599250155603251677e-01,-7.987043549017472932e-01,1.482725637409482600e+00,4.916876567879279770e-03
1.527124776781872306e+01,-4.060483622295646633e+00,9.457887992751274453e+00,1.752876152771735807e+00,3.625199587305038551e-01,-9.860609891990730347e-01,-7.679507927671427314e-01,1.478612014218083193e+00,4.807028599877649806e-03
1.530324473324894008e+01,-4.017355209378236758e+00,9.493228092058320300e+00,1.792661431812432538e+00,3.622121195942739624e-01,-1.011960182091105276e+00,-7.368734023844636383e-01,1.473934657706895024e+00,4.699945556351272855e-03
1.533357787656367854e+01,-3.973471055515309214e+00,9.527632110639439489e+00,1.832474710408861673e+00,3.618621614352638405e-01,-1.037597506647758072e+00,-7.054789804246850426e-01,1.468676098566035870e+00,4.595556331679304454e-03
1.536223835748643829e+01,-3.928855473095931305e+00,9.561086552198027277e+00,1.872296332192508128e+00,3.614702975919399930e-01,-1.062947677172921823e+00,-6.737752135981838197e-01,1.462819534837302538e+00,4.493791562380491586e-03
1.538921784339347276e+01,-3.883532852117770329e+00,9.593578252166793163e+00,1.912106739109091347e+00,3.610367540956809229e-01,-1.087985304738170234e+00,-6.417706789429529213e-01,1.456348927656208270e+00,4.394583587825090336e-03
1.541450850834765163e+01,-3.837527621074381390e+00,9.625094388792341249e+00,1.951886498480953192e+00,3.605617688862952641e-01,-1.112684996105449908e+00,-6.094748409122037192e-01,1.449249097824077959e+00,4.297866411529825854e-03
1.543810303129603945e+01,-3.790864206622506227e+00,9.655622494002820133e+00,1.991616330670728630e+00,3.600455909901024154e-01,-1.137021456157876420e+00,-5.768980450529869186e-01,1.441505822464345776e+00,4.203575663153452484e-03
1.545999459345065041e+01,-3.743566992479067768e+00,9.685150463934313336e+00,2.031277137037184044e+00,3.594884796691426021e-01,-1.160969593233438513e+00,-5.440515081028846067e-01,1.433105930984102105e+00,4.111648561135380214e-03
1.548017687479730853e+01,-3.695660278007338650e+00,9.713666568943118307e+00,2.070850027846820485e+00,3.588907035491808450e-01,-1.184504626694051099e+00,-5.109473043284866733e-01,1.424037399498445655e+00,4.022023876015867055e-03
1.549864404979670951e+01,-3.647168236996640722e+00,9.741159462992849072e+00,2.110316349807242808e+00,3.582525397368304110e-01,-1.207602196005768791e+00,-4.775983479684101085e-01,1.414289442855903189e+00,3.934641894388140812e-03
1.551539078225122381e+01,-3.598114877128588240e+00,9.767618192253566534e+00,2.149657712869140980e+00,3.575742729347725635e-01,-1.230238470546776597e+00,-4.440183716576693862e-01,1.403852603359133644e+00,3.849444383552742561e-03
1.553041221940803318e+01,-3.548524000651919863e+00,9.793032202802425701e+00,2.188856015953752454e+00,3.568561945656954504e-01,-1.252390259327355260e+00,-4.102219007362589709e-01,1.392718835268292876e+00,3.766374556818635755e-03
1.554370398534242526e+01,-3.498419166771848499e+00,9.817391347305587601e+00,2.227893471264945635e+00,3.560986019154825377e-01,-1.274035119758144097e+00,-3.762242233807033820e-01,1.380881584162449771e+00,3.685377039473102835e-03
1.555526217368657704e+01,-3.447823656250077473e+00,9.840685890577972827e+00,2.266752626858518749e+00,3.553017973058638090e-01,-1.295151464583402134e+00,-3.420413565233280107e-01,1.368335860240918134e+00,3.606397835416541835e-03
1.556508333980038294e+01,-3.396760438691486250e+00,9.862906513944425413e+00,2.305416387164495706e+00,3.544660873072499330e-01,-1.315718666079908283e+00,-3.076900075618043129e-01,1.355078304667979294e+00,3.529384294455836443e-03
1.557316449245792356e+01,-3.345252142953027530e+00,9.884044318323669032e+00,2.343868031181163047e+00,3.535917820011205692e-01,-1.335717156612711509e+00,-2.731875318986762835e-01,1.341107248092402671e+00,3.454285080259414647e-03
1.557950308516484483e+01,-3.293321031071669847e+00,9.904090825996002323e+00,2.382091228097092284e+00,3.526791943015434860e-01,-1.355128524651432409e+00,-2.385518863910083276e-01,1.326422760525920452e+00,3.381050138952613332e-03
1.558409700723200508e+01,-3.240988976054790083e+00,9.923037981038591582e+00,2.420070050138756201e+00,3.517286393444506998e-01,-1.373935605367684110e+00,-2.038015788311779986e-01,1.311026691822351875e+00,3.309630668376107969e-03
1.558694457469529659e+01,-3.188277443803515965e+00,9.940878148410421389e+00,2.457788982481114548e+00,3.507404339513836011e-01,-1.392122564966612019e+00,-1.689556136219372839e-01,1.294922702074010612e+00,3.239979087975947310e-03
1.558804452121816553e+01,-3.135207479384479523e+00,9.957604111718866946e+00,2.495232930114831937e+00,3.497148961742768125e-01,-1.409674977950431618e+00,-1.340334338561960104e-01,1.278116281334305437e+00,3.172049009339490255e-03
1.558739598911239987e+01,-3.081799697772853008e+00,9.973209069721365339e+00,2.532387221618085160e+00,3.486523449259329444e-01,-1.426579896570166595e+00,-9.905486005412261763e-02,1.260614758174926076e+00,3.105795207342287173e-03
1.558499852056301549e+01,-3.028074279119574275e+00,9.987686631612689325e+00,2.569237609830677727e+00,3.475530996989554811e-01,-1.442825911788872428e+00,-6.404002585626822341e-02,1.242427296700527650e+00,3.041173591942546075e-03
1.558085204919498068e+01,-2.974050968499316383e+00,1.000103081120169612e+01,2.605770269493897562e+00,3.464174803747212539e-01,-1.458403205161705296e+00,-2.900931100844075794e-02,1.223564881762076784e+00,2.978141180588828301e-03
1.557495689206994349e+01,-2.919749080023062771e+00,1.001323602007663283e+01,2.641971791970261219e+00,3.452458071218831859e-01,-1.473303591127118395e+00,6.016727974092112019e-03,1.204040292251062017e+00,2.916656071203106888e-03
1.556731374223482156e+01,-2.865187505107183341e+00,1.002429705990692810e+01,2.677829177220784729e+00,3.440384003829492499e-01,-1.487520549306267981e+00,4.101742904703276071e-02,1.183868062487457129e+00,2.856677415812181303e-03
1.555792366184960507e+01,-2.810384724606245666e+00,1.003420911398758442e+01,2.713329823255757667e+00,3.427955809437835955e-01,-1.501049246507088597e+00,7.597209732979540164e-02,1.163064431851628777e+00,2.798165394738730879e-03
1.554678807600316581e+01,-2.755358824455118594e+00,1.004296773820976263e+01,2.748461513338232187e+00,3.415176700816523470e-01,-1.513886548250246822e+00,1.108600787618781447e-01,1.141647282965007504e+00,2.741081191388007685e-03
1.553390876726184544e+01,-2.700127514388906302e+00,1.005056885161775071e+01,2.783212401255026780e+00,3.402049897845206283e-01,-1.526031019747979167e+00,1.456608342203506712e-01,1.119636068854011901e+00,2.685386967613708018e-03
1.551928787093743800e+01,-2.644708149247965601e+00,1.005700872669255475e+01,2.817570994997005140e+00,3.388578630322776064e-01,-1.537482916378192455e+00,1.803540135680228584e-01,1.097051729670469822e+00,2.631045839645727337e-03
1.550292787113598969e+01,-2.589117752340773571e+00,1.006228397956092735e+01,2.851526139234382917e+00,3.374766141311237866e-01,-1.548244163827119602e+00,2.149195290976799733e-01,1.073916599675949879e+00,2.578021854571841895e-03
1.548483159752956340e+01,-2.533373040288823486e+00,1.006639156026623816e+01,2.885066996974510634e+00,3.360615690895614738e-01,-1.558318328175825496e+00,2.493376278282776470e-01,1.050254305310340142e+00,2.526279967369630779e-03
1.546500222287231452e+01,-2.477490448763692843e+00,1.006932874329081784e+01,2.918183030817724788e+00,3.346130560252245645e-01,-1.567710576329002681e+00,2.835889621175307629e-01,1.026089655278519475e+00,2.475786018512496443e-03
1.544344326114948096e+01,-2.421486158508575848e+00,1.007109311843461441e+01,2.950863984206288038e+00,3.331314055892932724e-01,-1.576427627277908528e+00,3.176546580610074555e-01,1.001448523677102465e+00,2.426506712031710651e-03
1.542015856637112492e+01,-2.365376121050621450e+00,1.007168258223870261e+01,2.983099863081896785e+00,3.316169513977003658e-01,-1.584477694798612335e+00,3.515163811741057742e-01,9.763577272664257789e-01,2.378409594188338021e-03
1.539515233185847087e+01,-2.309176083511907951e+00,1.007109533002381774e+01,3.014880918322676795e+00,3.300700304552989794e-01,-1.591870422259820339e+00,3.851563988739403199e-01,9.508448980450401322e-01,2.331463032580753832e-03
1.536842908997884827e+01,-2.252901611967985218e+00,1.006932984867986924e+01,3.046197629330936518e+00,3.284909835619519991e-01,-1.598616810299183566e+00,4.185576393134424200e-01,9.249383523336579538e-01,2.285636195813861831e-03
1.533999371222772190e+01,-2.196568112831452257e+00,1.006638491029158011e+01,3.077040689104724169e+00,3.268801556888891735e-01,-1.604729138188827786e+00,4.517037461660405318e-01,8.986669575908108332e-01,2.240899033626655903e-03
1.530985140949289836e+01,-2.140190851786117232e+00,1.006225956662798637e+01,3.107400991078769881e+00,3.252378963135805212e-01,-1.610220879749828082e+00,4.845791289967499305e-01,8.720599981849948001e-01,2.197222257503932217e-03
1.527800773247381372e+01,-2.083784969861826042e+00,1.005695314460147927e+01,3.137269618010401384e+00,3.235645597049371935e-01,-1.615106614726956380e+00,5.171690089141418589e-01,8.451470413392851988e-01,2.154577321809888167e-03
1.524446857204994821e+01,-2.027365496284522006e+00,1.005046524265976515e+01,3.166637833105863109e+00,3.218605051482517632e-01,-1.619401936538672704e+00,5.494594592498067698e-01,8.179578044181462504e-01,2.112936405319428348e-03
1.520924015955033148e+01,-1.970947357816782874e+00,1.004279572816386334e+01,3.195497073569720570e+00,3.201260971035812530e-01,-1.623123357335216843e+00,5.814374410697887852e-01,7.905220246837494358e-01,2.072272393237533251e-03
1.517232906675639015e+01,-1.914545384360321734e+00,1.003394473570610046e+01,3.223838946690093188e+00,3.183617052905208245e-01,-1.626288211283723362e+00,6.130908333838226421e-01,7.628693325763077349e-01,2.032558859701163838e-03
1.513374220556097960e+01,-1.858174310663737838e+00,1.002391266635557621e+01,3.251655228541843190e+00,3.165677046946221984e-01,-1.628914556982535622e+00,6.444084579748525776e-01,7.350291294973252398e-01,1.993770050648126929e-03
1.509348682717110357e+01,-1.801848774045458290e+00,1.001270018778563653e+01,3.278937865339903723e+00,3.147444754919948573e-01,-1.631021079870074608e+00,6.753800988353930723e-01,7.070304709749221095e-01,1.955880867177755503e-03
1.505157052074367563e+01,-1.745583308101835929e+00,1.000030823521126244e+01,3.305678977430794419e+00,3.128924028893498854e-01,-1.632626995454136365e+00,7.059965162503704095e-01,6.789019559981928076e-01,1.918866849297077735e-03
1.500800121139129217e+01,-1.689392332426965293e+00,9.986738013084517362e+00,3.331870865879891674e+00,3.110118768787510368e-01,-1.633751954129022854e+00,7.362494556202360263e-01,6.506716231935307793e-01,1.882704160093468231e-03
1.496278715745120103e+01,-1.633290138434691841e+00,9.971990997448550331e+00,3.357506021567973953e+00,3.091032919069214846e-01,-1.634415948290837584e+00,7.661316511755220660e-01,6.223668544029979932e-01,1.847369570295972954e-03
1.491593694700678263e+01,-1.577290871403731254e+00,9.956068938903735344e+00,3.382577136699234988e+00,3.071670464609755902e-01,-1.634639222393346580e+00,7.956368247697087615e-01,5.940142861193411505e-01,1.812840443257333423e-03
1.486745949351790053e+01,-1.521408508916023861e+00,9.938973866035215821e+00,3.407077118566665064e+00,3.052035425711292493e-01,-1.634442186502782501e+00,8.247596799842870086e-01,5.656397291041038722e-01,1.779094720283210191e-03
1.481736403063266749e+01,-1.465656835890829957e+00,9.920708089292190834e+00,3.430999105449663578e+00,3.032131852355182677e-01,-1.633845333858392479e+00,8.534958918178600085e-01,5.372680964214705535e-01,1.746110906373640574e-03
1.476566010603342249e+01,-1.410049416432099578e+00,9.901274205150389918e+00,3.454336484451125067e+00,3.011963817683829259e-01,-1.632869162833019638e+00,8.818420922480846302e-01,5.089233399959229853e-01,1.713868056312112644e-03
1.471235757438280878e+01,-1.354599562731378271e+00,9.880675100529783705e+00,3.477082911121618825e+00,2.991535410772398484e-01,-1.631534103644016298e+00,9.097958519918601938e-01,4.806283957169610876e-01,1.682345761115724286e-03
1.465746658931886870e+01,-1.299320301273469092e+00,9.858913957360108782e+00,3.499232330685389414e+00,2.970850728729368950e-01,-1.629860450064453126e+00,9.373556587955291786e-01,4.524051370097804670e-01,1.651524134857969761e-03
1.460099759447385104e+01,-1.244224336584172752e+00,9.835994257200711743e+00,3.520779000689011617e+00,2.949913868161543329e-01,-1.627868296314797014e+00,9.645208925974343428e-01,4.242743367105825669e-01,1.621383801791444115e-03
1.454296131358561617e+01,-1.189324012774264139e+00,9.811919785890898638e+00,3.541717514920510013e+00,2.928728916067542820e-01,-1.625577479253217383e+00,9.912917979147799485e-01,3.962556370112625403e-01,1.591905883867577665e-03
1.448336873963234872e+01,-1.134631273095899173e+00,9.786694638112884093e+00,3.562042828423461316e+00,2.907299940183747933e-01,-1.623007525900419745e+00,1.017669453798018431e+00,3.683675271678962804e-01,1.563071988524936682e-03
1.442223112306099786e+01,-1.080157617730006514e+00,9.760323221854980247e+00,3.581750283475944041e+00,2.885630978838107374e-01,-1.620177606282779958e+00,1.043655741688897187e+00,3.406273286195931060e-01,1.534864196834623403e-03
1.435955995908835270e+01,-1.025914059987958815e+00,9.732810262701434567e+00,3.600835636398779016e+00,2.863726030340882356e-01,-1.617106491513746080e+00,1.069253311510102833e+00,3.130511871105892130e-01,1.507265051947499724e-03
1.429536697409931811e+01,-9.719110810928860422e-01,9.704160807919560483e+00,3.619295085087011365e+00,2.841589041947815142e-01,-1.613812516984391765e+00,1.094465546288011071e+00,2.856540713848272350e-01,1.480257547845999916e-03
1.422966411119088725e+01,-9.181585836664606370e-01,9.674380230337256137e+00,3.637125297187252748e+00,2.819223898427785091e-01,-1.610313550491419665e+00,1.119296525601929826e+00,2.584497779873773382e-01,1.453825118382256641e-03
1.416246351479263943e+01,-8.646658440216017372e-01,9.643474231936037810e+00,3.654323438835191951e+00,2.796634410241778390e-01,-1.606626965072889268e+00,1.143750988107263167e+00,2.314509416973076217e-01,1.427951626643887174e-03
1.409377751449330241e+01,-8.114414633228469453e-01,9.611448847226768066e+00,3.670887203943561161e+00,2.773824301366041301e-01,-1.602769616318943546e+00,1.167834293374303112e+00,2.046690511154601599e-01,1.402621354554191291e-03
1.402361860794185411e+01,-7.584933176364022644e-01,9.578310446314697302e+00,3.686814843990599666e+00,2.750797196741999184e-01,-1.598757823852241078e+00,1.191552383227659551e+00,1.781144689191501707e-01,1.377818992781760935e-03
1.395199944297632833e+01,-7.058285068581822141e-01,9.544065737760021761e+00,3.702105198358049964e+00,2.727556609377540520e-01,-1.594607356694426326e+00,1.214911742762910585e+00,1.517964563214160845e-01,1.353529630924770128e-03
1.387893279880871766e+01,-6.534533024664880285e-01,9.508721771132387701e+00,3.716757725209869800e+00,2.704105927056904002e-01,-1.590333422167127697e+00,1.237919361148419162e+00,1.257232012778257135e-01,1.329738747914350908e-03
1.380443156641911884e+01,-6.013730940061877694e-01,9.472285939394788912e+00,3.730772533018248627e+00,2.680448398673308530e-01,-1.585950658003477010e+00,1.260582692312059994e+00,9.990185001480328397e-02,1.306432202733963030e-03
1.372850872799782351e+01,-5.495923341729337386e-01,9.434765981041156380e+00,3.744150412783586734e+00,2.656587120126352453e-01,-1.581473127294211967e+00,1.282909615542840553e+00,7.433854147549304181e-02,1.283596225339734415e-03
1.365117733549928936e+01,-4.981144823240625241e-01,9.396169982088087735e+00,3.756892871087273988e+00,2.632525019766533414e-01,-1.576914315908215292e+00,1.304908396009729632e+00,4.903844431978038321e-02,1.261217407855148550e-03
1.357245048822211686e+01,-4.469419462022714007e-01,9.356506377920142725e+00,3.769002164099649388e+00,2.608264843329443639e-01,-1.572287132005190102e+00,1.326587645145035577e+00,2.400579614905126724e-02,1.239282695976661039e-03
1.349234130935739628e+01,-3.960760216251201227e-01,9.315783955028873464e+00,3.780481332703269803e+00,2.583809138304737352e-01,-1.567603907247518080e+00,1.347956280786249517e+00,-7.560553304848671718e-04,1.217779380648527018e-03
1.341086292149735648e+01,-3.455168298436570029e-01,9.274011852723143434e+00,3.791334238930644140e+00,2.559160237681262218e-01,-1.562876399325876520e+00,1.369023486925815103e+00,-2.524460944198309020e-02,1.196695089923319449e-03
1.332802842094422324e+01,-2.952632522435910123e-01,9.231199564799966950e+00,3.801565603900705970e+00,2.534320242979709037e-01,-1.558115795378569590e+00,1.389798672841690230e+00,-4.945816816090392587e-02,1.176017781043134586e-03
1.324385085081866009e+01,-2.453128620174217511e-01,9.187356941288769008e+00,3.811181047512633313e+00,2.509291006503117649e-01,-1.553332715906588168e+00,1.410291431341858415e+00,-7.339579035927668027e-02,1.155735732786284959e-03
1.315834317281209387e+01,-1.956618524023877315e-01,9.142494190277618671e+00,3.820187130132003173e+00,2.484074112700524195e-01,-1.548537218742373156e+00,1.430511495757865292e+00,-9.705724474735315244e-02,1.135837537948258856e-03
1.307151823746872310e+01,-1.463049610381333965e-01,9.096621879880123274e+00,3.828591396550311554e+00,2.458670858540987769e-01,-1.543738802636809515e+00,1.450468695268543273e+00,-1.204429615294243250e-01,1.116312096086801656e-03
1.298338875291962147e+01,-9.723538996190339567e-02,9.049750940430413948e+00,3.836402422527197764e+00,2.433082232792547206e-01,-1.538946410002698606e+00,1.470172908035906723e+00,-1.435539827176630090e-01,1.097148606414732061e-03
1.289396725187735804e+01,-4.844472072609988522e-02,9.001892666929546039e+00,3.843629864221742576e+00,2.407308894076652661e-01,-1.534168428322849831e+00,1.489634011538530922e+00,-1.663919109812941610e-01,1.078336560928988205e-03
1.280326605676676444e+01,7.717591387570651995e-05,8.953058721820763566e+00,3.850284510859994125e+00,2.381351147570743843e-01,-1.529412689707309925e+00,1.508861829385715669e+00,-1.889588568290331838e-01,1.059865737679013689e-03
1.271129724280816298e+01,4.834223632101021517e-02,8.903261138140896591e+00,3.856378340988590114e+00,2.355208920219089841e-01,-1.524686468038093157e+00,1.527866073757748300e+00,-2.112573838324854347e-01,1.041726194263782124e-03
1.261807259890084687e+01,9.636430691504810353e-02,8.852512323122423865e+00,3.861924582693437635e+00,2.328881734309502793e-01,-1.519996473096557166e+00,1.546656282485113554e+00,-2.332904515077867669e-01,1.023908261472364183e-03
1.252360358609861279e+01,1.441592543504587043e-01,8.800825062290080325e+00,3.866937778159140304e+00,2.302368679262347118e-01,-1.515348841007229108e+00,1.565241749612371391e+00,-2.550613553672638201e-01,1.006402537102796474e-03
1.242790129351563522e+01,1.917450835814432097e-01,8.748212524130501322e+00,3.871433852966416733e+00,2.275668381481278368e-01,-1.510749120261669631e+00,1.583631448099381833e+00,-2.765736635308979063e-01,9.891998799435156899e-04
1.233097639138123647e+01,2.391420644369573467e-01,8.694688265330098531e+00,3.875430190488185822e+00,2.248778972099230444e-01,-1.506202252487219617e+00,1.601833943085673395e+00,-2.978311491564669122e-01,9.722914039424332324e-04
1.223283908122431285e+01,2.863728673417328396e-01,8.640266236752882634e+00,3.878945711813036823e+00,2.221698052495409970e-01,-1.501712547058922098e+00,1.619857293924495067e+00,-3.188377178001983725e-01,9.556684724879709611e-04
1.213349904274417135e+01,3.334627087474865692e-01,8.584960790024771526e+00,3.882000961466821387e+00,2.194422657399446031e-01,-1.497283648468806794e+00,1.637708942832379888e+00,-3.395973286346941622e-01,9.393226928890383845e-04
1.203296537749162631e+01,3.804395068022553561e-01,8.528786684963042930e+00,3.884618199330825750e+00,2.166949215505068471e-01,-1.492918495301448045e+00,1.655395587748826891e+00,-3.601139082750608456e-01,9.232459109569002460e-04
1.193124654891725811e+01,4.273340476473845850e-01,8.471759097663861482e+00,3.886821498900867589e+00,2.139273507440733468e-01,-1.488619269412547519e+00,1.672923036508425332e+00,-3.803912557135119554e-01,9.074302057723055304e-04
1.182835031897122313e+01,4.741801625929711328e-01,8.413893629448349287e+00,3.888636852115800124e+00,2.111390621083421293e-01,-1.484387333790246455e+00,1.690296039064175693e+00,-4.004329366262658896e-01,8.918678845745831420e-04
1.172428368101282636e+01,5.210149161784147775e-01,8.355206316502494346e+00,3.890092280688665749e+00,2.083294904170407691e-01,-1.480223157287512414e+00,1.707518093906083445e+00,-4.202421650047551416e-01,8.765514777710970351e-04
1.161905278920377427e+01,5.678788048143206257e-01,8.295713640239583242e+00,3.891217953778561167e+00,2.054979914297213883e-01,-1.476126224189914238e+00,1.724591224254646837e+00,-4.398216697284210719e-01,8.614737341038239231e-04
1.151266288455487086e+01,6.148159652624384242e-01,8.235432538281290960e+00,3.892046311536109471e+00,2.026438366470789953e-01,-1.472094926273409543e+00,1.741515718912516331e+00,-4.591735433070622818e-01,8.466276159247351210e-04
1.140511821798400049e+01,6.618743916213124523e-01,8.174380415906872699e+00,3.892612193698526735e+00,1.997662078532071728e-01,-1.468126434660042445e+00,1.758289831865616604e+00,-4.782990695760509503e-01,8.320062946038272707e-04
1.129642197100897860e+01,7.091061587167357683e-01,8.112575157774271517e+00,3.892952971951404884e+00,1.968641914952918015e-01,-1.464216548416050978e+00,1.774909433862126296e+00,-4.971985266285137151e-01,8.176031460438444153e-04
1.118657617503424184e+01,7.565676487621384450e-01,8.050035139641991577e+00,3.893108684154442223e+00,1.939367729766924564e-01,-1.460359516404623692e+00,1.791367608202522721e+00,-5.158709607055426138e-01,8.034117463497531279e-04
1.107558163044190813e+01,8.043197768149125126e-01,7.986779239590444668e+00,3.893122167666271949e+00,1.909828309688147430e-01,-1.456547828444900938e+00,1.807654181893682432e+00,-5.343139261445392085e-01,7.894258675347486402e-04
1.096343782755215202e+01,8.524282088312891137e-01,7.922826848327019000e+00,3.893039188056479194e+00,1.880011318951552157e-01,-1.452771971372920579e+00,1.823755182182877466e+00,-5.525231858079427960e-01,7.756394734176614691e-04
1.085014287189219573e+01,9.009635638784777578e-01,7.858197877737304715e+00,3.892908558033200794e+00,1.849903247892617786e-01,-1.449020145069984222e+00,1.839652207240560333e+00,-5.704923656942380017e-01,7.620467155727930243e-04
1.073569341723971604e+01,9.500015892087971814e-01,7.792912766714038320e+00,3.892782239734361216e+00,1.819489368004620355e-01,-1.445277933063199738e+00,1.855321698548462850e+00,-5.882125566827824947e-01,7.486419293964822769e-04
1.062008461112026403e+01,9.996232932875023236e-01,7.726992483048453764e+00,3.892715421359297157e+00,1.788753697107989538e-01,-1.441527921875160878e+00,1.870734101400683969e+00,-6.056718556440231493e-01,7.354196302740087249e-04
1.050331005876893364e+01,1.049915017295776298e+00,7.660458519732583405e+00,3.892766556332213579e+00,1.757678979359061644e-01,-1.437749262991382615e+00,1.885852898962554480e+00,-6.228548374913651653e-01,7.223745098418777200e-04
1.038536181333749298e+01,1.100968419921725339e+00,7.593332883537202704e+00,3.892997349722074674e+00,1.726246686215404114e-01,-1.433917171191120277e+00,1.900633504719641653e+00,-6.397419492598861446e-01,7.095014323276223464e-04
1.026623040253750396e+01,1.152880343210631153e+00,7.525638073300629394e+00,3.893472672447459093e+00,1.694437046225911181e-01,-1.430002353242393554e+00,1.915021998222430577e+00,-6.563088171184178199e-01,6.967954310112025847e-04
1.014590490445712945e+01,1.205752518610948343e+00,7.457397044546267395e+00,3.894260378521774868e+00,1.662229113590367180e-01,-1.425970361681367038e+00,1.928953690067191751e+00,-6.725254575341993446e-01,6.842517047340184073e-04
1.002437308875624389e+01,1.259691061936490719e+00,7.388633156338868524e+00,3.895430994353774601e+00,1.629600888006142445e-01,-1.421780869891252852e+00,1.942351504609165280e+00,-6.883553848712342660e-01,6.718656145093946557e-04
9.901621643337181311e+00,1.314805693647500329e+00,7.319370095309526647e+00,3.897057241674898087e+00,1.596529501329934098e-01,-1.417386867281246854e+00,1.955124173714792413e+00,-7.037546099290765689e-01,6.596326802160855547e-04
9.777636511191964530e+00,1.371208606557802634e+00,7.249631770696187694e+00,3.899213347053527290e+00,1.562991490085907653e-01,-1.412733777435883020e+00,1.967164242764427806e+00,-7.186705277621365795e-01,6.475485773676508284e-04
9.652403367340589568e+00,1.429012887051419156e+00,7.179442173075077704e+00,3.901974081316974541e+00,1.528963176792261514e-01,-1.407758508249648877e+00,1.978345902382593779e+00,-7.330406992422850987e-01,6.356091339377791406e-04
9.525908271457788956e+00,1.488330378695589928e+00,7.108825188262547279e+00,3.905413461890755666e+00,1.494421187323331235e-01,-1.402388451931751545e+00,1.988522677472023714e+00,-7.467915400565919848e-01,6.238103272831585066e-04
9.398138537341184318e+00,1.549268859904981532e+00,7.037804356567453290e+00,3.909603040678754304e+00,1.459343135751036968e-01,-1.396540465106196338e+00,1.997525030755090247e+00,-7.598369441171102245e-01,6.121482811310003909e-04
9.269083865719688120e+00,1.611928392110258956e+00,6.966402566739114732e+00,3.914609691090753962e+00,1.423708511920727116e-01,-1.390119875985755149e+00,2.005157973300628615e+00,-7.720768868838876475e-01,6.006192626087680005e-04
9.138737790380403681e+00,1.676396684901141798e+00,6.894641673393704373e+00,3.920492801887796031e+00,1.387499809515309601e-01,-1.383019587474134449e+00,2.011198821268998849e+00,-7.833960789781571066e-01,5.892196793729178239e-04
9.007099488197821913e+00,1.742743324740720468e+00,6.822542027154645083e+00,3.927300785783927051e+00,1.350703932449461020e-01,-1.375119372741367307e+00,2.015395298068513252e+00,-7.936627727347141947e-01,5.779460767710915175e-04
8.874175999007139382e+00,1.811012730939512538e+00,6.750121908643355262e+00,3.935066821303316420e+00,1.313313913403852951e-01,-1.366285493324615130e+00,2.017464254807035395e+00,-8.027278645255295775e-01,5.667951350818953597e-04
8.739984888258971907e+00,1.881215745689884367e+00,6.677396861324597310e+00,3.943803772624252524e+00,1.275330967899606371e-01,-1.356370808137571604e+00,2.017091367771404631e+00,-8.104244832019734668e-01,5.557636668046858196e-04
8.604557361103855939e+00,1.953319845414166922e+00,6.604378925420017588e+00,3.953498281097990397e+00,1.236766887881497051e-01,-1.345215582323009640e+00,2.013932264728494292e+00,-8.165683075174020589e-01,5.448486140027352775e-04
8.467941796091052353e+00,2.027238090700027140e+00,6.531075785910527287e+00,3.964104100880521120e+00,1.197646747152427416e-01,-1.332649242272364809e+00,2.007615621358308289e+00,-8.209589075154277715e-01,5.340470457062280324e-04
8.330207606826837363e+00,2.102817123170175329e+00,6.457489863261515417e+00,3.975534866735375594e+00,1.158011844454227418e-01,-1.318493348738660531e+00,1.997748837118673348e+00,-8.233824472560683505e-01,5.233561553582798381e-04
8.191449258544633238e+00,2.179824776271623854e+00,6.383617396371357167e+00,3.987656638444799118e+00,1.117922746909087023e-01,-1.302566061007444542e+00,1.983926919034808556e+00,-8.236161044109874263e-01,5.127732583204112904e-04
8.051790163891032748e+00,2.257938188365915533e+00,6.309447592111518510e+00,4.000280760145296988e+00,1.077462217872149908e-01,-1.284688324684418737e+00,1.965745135548220279e+00,-8.214345363009343259e-01,5.022957894105111766e-04
7.911386066429527020e+00,2.336733667355484378e+00,6.234961943371396309e+00,4.013157790413668380e+00,1.036737724819245116e-01,-1.264691915031340486e+00,1.942815808268969935e+00,-8.166186282891256809e-01,4.919213005045180607e-04
7.770427406369009304e+00,2.415679905344306100e+00,6.160133842834834894e+00,4.025973468878468076e+00,9.958831369540310785e-02,-1.242429289716792340e+00,1.914789246702768288e+00,-8.089665757357638043e-01,4.816474581599561864e-04
7.629140076963921935e+00,2.494136396415325585e+00,6.084928636099524724e+00,4.038347837279818719e+00,9.550591590261617303e-02,-1.217784941415712696e+00,1.881378277008435518e+00,-7.983070601339827821e-01,4.714720413067300243e-04
7.487783958015730157e+00,2.571358958663932714e+00,6.009304256801048183e+00,4.049838659878468583e+00,9.144520348508933250e-02,-1.190687602693008440e+00,1.842385086491431734e+00,-7.845138886990479232e-01,4.613929389554413153e-04
7.346648693404539188e+00,2.646513980677987821e+00,5.933212558213014631e+00,4.059950115869582099e+00,8.742701210753985042e-02,-1.161122282279949625e+00,1.797728277756378334e+00,-7.675210122238590449e-01,4.514081479670772694e-04
7.206046395210796263e+00,2.718702307230804749e+00,5.856601394433248231e+00,4.068147308008386531e+00,8.347381026012419547e-02,-1.129140776356114317e+00,1.747467252227652867e+00,-7.473363972980965331e-01,4.415157708237710948e-04
7.066301314420160296e+00,2.786992531410724450e+00,5.779417409126226701e+00,4.073876436704725101e+00,7.960889002671125980e-02,-1.094869101358989516e+00,1.691820538912562677e+00,-7.240529222419308519e-01,4.317140134823638058e-04
6.927736985568690109e+00,2.850461981892648211e+00,5.701609371970477902e+00,4.076589595490774265e+00,7.585536823761786229e-02,-1.058510342252727998e+00,1.631174688037668519e+00,-6.978544224553259179e-01,4.220011832286045712e-04
6.790661848465844308e+00,2.908242144377689353e+00,5.623131783628955382e+00,4.075772209214487241e+00,7.223507711125747022e-02,-1.020341775429827402e+00,1.566081037020590871e+00,-6.690153334698719645e-01,4.123756865726940237e-04
6.655354757514168718e+00,2.959564009274326946e+00,5.543948379936605164e+00,4.070970386851774592e+00,6.876745417896203139e-02,-9.807058076914072497e-01,1.497239051488316486e+00,-6.378930929688322315e-01,4.028360271892151841e-04
6.522051984293583793e+00,3.003798277675696848e+00,5.464035134054819665e+00,4.061815127914472079e+00,6.546855529635944859e-02,-9.399951705291248460e-01,1.425466852749418090e+00,-6.049134739603314603e-01,3.933808038668384693e-04
6.390937218422331867e+00,3.040485738358090995e+00,5.383382399430415965e+00,4.048040557349869673e+00,6.235030561574411018e-02,-8.986337307933655039e-01,1.351661567621653459e+00,-5.705501239198040864e-01,3.840087084971893837e-04
6.262135669845388719e+00,3.069354452243425957e+00,5.301995953462697919e+00,4.029494168626078121e+00,5.942007138213598744e-02,-8.570549964112359476e-01,1.276753782093045020e+00,-5.353005127175032296e-01,3.747185241108994414e-04
6.135712757366814429e+00,3.090322365771776436e+00,5.219896866330968166e+00,4.006138256807686204e+00,5.668058712075584732e-02,-8.156807226846328751e-01,1.201661223892523944e+00,-4.996610088741437750e-01,3.655091229021126677e-04
6.011677184001085195e+00,3.103486140384792868e+00,5.137120292262840948e+00,3.978043032122970057e+00,5.413021991290133811e-02,-7.749018858501862672e-01,1.127246645317306895e+00,-4.641037888135224887e-01,3.563794643112395597e-04
5.889987611005301105e+00,3.109098819219705767e+00,5.053713420346197971e+00,3.945373009878770709e+00,5.176350751475339990e-02,-7.350637470851670852e-01,1.054283824209383491e+00,-4.290577738184757073e-01,3.473285931350106087e-04
5.770561769872188940e+00,3.107540085083404513e+00,4.969732902161243970e+00,3.908368952794241569e+00,4.957187914383763550e-02,-6.964559497107130071e-01,9.834339859156846497e-01,-3.948949547721474218e-01,3.383556376244730053e-04
5.653286739465499089e+00,3.099283167896774938e+00,4.885242086582975318e+00,3.867327820779335124e+00,4.754446003669784981e-02,-6.593077808624985270e-01,9.152332099355288131e-01,-3.619225371218982579e-01,3.294598076627427204e-04
5.538029232226874932e+00,3.084862043032717160e+00,4.800308348404183967e+00,3.822582926855431662e+00,4.566887077839033166e-02,-6.237880600678029630e-01,8.500899057069907228e-01,-3.303805280739182115e-01,3.206403929078044022e-04
5.424645001694422319e+00,3.064841682091018704e+00,4.715000720457854122e+00,3.774485963327543825e+00,4.393195370501014330e-02,-5.900086889044098282e-01,7.882904523770932759e-01,-3.004438266911022004e-01,3.118967610057066220e-04
5.312986810158504269e+00,3.039793066653852627e+00,4.629387951223648656e+00,3.723391925588620310e+00,4.232038423601007515e-02,-5.580307231478577323e-01,7.300106500281420274e-01,-2.722276029601015113e-01,3.032283558048254942e-04
5.202910704782780726e+00,3.010273692552597247e+00,4.543537030717821779e+00,3.669647366617506901e+00,4.082114897108228557e-02,-5.278718656943557352e-01,6.753306417569765463e-01,-2.457947269335329366e-01,2.946346955840425659e-04
5.094280596734596323e+00,2.976813521113258698e+00,4.457512167759834831e+00,3.613581950088010863e+00,3.942189125787225884e-02,-4.995144508766211078e-01,6.242512862237865612e-01,-2.211641569518209838e-01,2.861153713197765562e-04
4.986971302514731086e+00,2.939905823205364310e+00,4.371374163279537761e+00,3.555502962440597159e+00,3.811113746433617694e-02,-4.729132240769229889e-01,5.767104308771898724e-01,-1.983194332429764895e-01,2.776700449693285974e-04
4.880870295847965501e+00,2.900002094202289715e+00,4.285180106174502512e+00,3.495692283875758477e+00,3.687842381022394395e-02,-4.480024575286044586e-01,5.325980314785787595e-01,-1.772166816332650108e-01,2.692984477585557736e-04
4.775878447592392106e+00,2.857510138605173555e+00,4.198983314709360926e+00,3.434405271488157663e+00,3.571434562406960306e-02,-4.247021485093520066e-01,4.917695034337125071e-01,-1.577917666748780978e-01,2.610003785131730634e-04
4.671910019731358332e+00,2.812794468906536505e+00,4.112833452262907308e+00,3.371871036374994191e+00,3.461054983065443152e-02,-4.029232043187986889e-01,4.540570369019224506e-01,-1.399664217660108456e-01,2.527757019946182018e-04
4.568892145819186901e+00,2.766178278541329583e+00,4.026776757330976508e+00,3.308293667029530649e+00,3.355968871036705409e-02,-3.825716280572998285e-01,4.192788535962813645e-01,-1.236533201618840311e-01,2.446243472574861477e-04
4.466763986838202527e+00,2.717946390839411919e+00,3.940856340060933771e+00,3.243854037616698882e+00,3.255534953110936214e-02,-3.635517865967938245e-01,3.872465394311617182e-01,-1.087601396410873000e-01,2.365463060295264219e-04
4.365475707729875587e+00,2.668348727715355473e+00,3.855112509685370448e+00,3.178711925759867274e+00,3.159197121176089001e-02,-3.457688768837515747e-01,3.577706726034347029e-01,-9.519272427319025454e-02,2.285416311090847981e-04
4.264987380615533397e+00,2.617603968130159497e+00,3.769583107760664742e+00,3.113008240984938002e+00,3.066475610516998518e-02,-3.291307184960490240e-01,3.306650012120895266e-01,-8.285746947254685191e-02,2.206104347814090807e-04
4.165267887731565644e+00,2.565903170434077563e+00,3.684303830344522357e+00,3.046867227821161705e+00,2.976958244590829916e-02,-3.135489974518860246e-01,3.057494256157057277e-01,-7.166306053621054883e-02,2.127528872557753051e-04
4.066293871761940792e+00,2.513413214259652140e+00,3.599308529050537331e+00,2.980398556971118218e+00,2.890292102489312384e-02,-2.989400750593110279e-01,2.828520221751431585e-01,-6.152168752850438460e-02,2.049692151091385861e-04
3.968048761665982749e+00,2.460279977977934518e+00,3.514629485373514495e+00,2.913699254270392558e+00,2.806175817018499372e-02,-2.852254604559205653e-01,2.618103165309600966e-01,-5.234984600991884895e-02,1.972596997719829569e-04
3.870521888375386244e+00,2.406631210913398711e+00,3.430297656063483913e+00,2.846855443225303262e+00,2.724352605755559278e-02,-2.723320294020621923e-01,2.424719827437819553e-01,-4.406881737449783176e-02,1.896246760145656142e-04
3.773707695416483432e+00,2.352579088979795063e+00,3.346342889675910204e+00,2.779943894720439790e+00,2.644604065498507711e-02,-2.601920565386467432e-01,2.246951134003484229e-01,-3.660490669036372408e-02,1.820645304559800144e-04
3.677605043024449127e+00,2.298222461214830759e+00,3.262794115543883766e+00,2.713033388695369919e+00,2.566744713576695619e-02,-2.487431145550201839e-01,2.083481773086601763e-01,-2.988950121883655886e-02,1.745797000923556257e-04
3.582216600636570103e+00,2.243648806168670351e+00,3.179679507298150298e+00,2.646185899507011552e+00,2.490617231371271972e-02,-2.379278819489415164e-01,1.933097566901363917e-01,-2.385899983753936651e-02,1.671706708492008838e-04
3.487548320682961833e+00,2.188935923293078734e+00,3.097026623543966739e+00,2.579457620432072940e+00,2.416088350262499476e-02,-2.276938913002281295e-01,1.794681350231240036e-01,-1.845465260308280786e-02,1.598379761490322870e-04
3.393608985452459592e+00,2.134153386880641712e+00,3.014862528230670691e+00,2.512899844102415958e+00,2.343045313636383381e-02,-2.179932420539832938e-01,1.667207896912152043e-01,-1.362234060900784777e-02,1.525821954949084936e-04
3.300409818612360713e+00,2.079363790292781733e+00,2.933213893167245345e+00,2.446559715737854912e+00,2.271392847877147514e-02,-2.087822955212636500e-01,1.549738299619502491e-01,-9.312318954933295617e-03,1.454039530803485057e-04
3.207964153598374946e+00,2.024623807219277705e+00,2.852107085282221455e+00,2.380480875535446295e+00,2.201050578289198353e-02,-2.000213649179721498e-01,1.441414100888994687e-01,-5.478939804352121745e-03,1.383039164172166825e-04
3.116287151056411187e+00,1.969985094293285277e+00,2.771568240476172118e+00,2.314704004873547660e+00,2.131950830322872081e-02,-1.916744094371863882e-01,1.341451389376918657e-01,-2.080367929480256284e-03,1.312827949841343029e-04
3.025395558869532486e+00,1.915495057444875249e+00,2.691623326275796035e+00,2.249267290038595490e+00,2.064036762584591650e-02,-1.837087385223172831e-01,1.249135011576546911e-01,9.217023958207337664e-04,1.243413388877068042e-04
2.935307508537849497e+00,1.861197501503105700e+00,2.612298194798741147e+00,2.184206815242224931e+00,1.997260783877238474e-02,-1.760947303134197672e-01,1.163813000252461316e-01,3.562323005656120589e-03,1.174803375672233129e-04
2.846042342571784456e+00,1.807133180257645799e+00,2.533618627470819895e+00,2.119556895358597259e+00,1.931583212433370805e-02,-1.688055666612636729e-01,1.084891284572715581e-01,5.873555850328046612e-03,1.107006184849797096e-04
2.757620468468775954e+00,1.753340262018951101e+00,2.455610372921039897e+00,2.055350357566709807e+00,1.866971141228751171e-02,-1.618169859497557150e-01,1.011828720072750348e-01,7.884722827731539818e-03,1.040030458768927254e-04
2.670063235111042044e+00,1.699854723404049972e+00,2.378299178970516348e+00,1.991618779544626960e+00,1.803397478040526941e-02,-1.551070541185615159e-01,9.441324568591713540e-02,9.622639991699068890e-03,9.738851949567379725e-05
2.583392828174585265e+00,1.646710682363963896e+00,2.301710819644039230e+00,1.928392690894472628e+00,1.740840133491489833e-02,-1.486559537061629965e-01,8.813536506023003647e-02,1.111183550269413331e-02,9.085797339327897218e-05
2.497632181763017822e+00,1.593940679915533343e+00,2.225871118101655277e+00,1.865701743576905658e+00,1.679281334353423596e-02,-1.424457903521228197e-01,8.230835111391372749e-02,1.237475127452140888e-02,8.441237472272502174e-05
2.412804903672780554e+00,1.541575918428926828e+00,2.150805966036902994e+00,1.803574856064761534e+00,1.618707042735915633e-02,-1.364604159209222012e-01,7.689496768341788635e-02,1.343192866762455903e-02,7.805272255430960164e-05
2.328935212067779759e+00,1.489646463203107229e+00,2.076541340014117498e+00,1.742040335256768380e+00,1.559106464549867878e-02,-1.306852672700487827e-01,7.186128986868259294e-02,1.430217885361980898e-02,7.178004673010690616e-05
2.246047882180196797e+00,1.438181413223004856e+00,2.003103315548023122e+00,1.681125979855227159e+00,1.500471633743119884e-02,-1.251072196210770426e-01,6.717640157677123858e-02,1.500273864517669142e-02,6.559540673322775725e-05
2.164168200942609310e+00,1.387209045583832845e+00,1.930518078811196414e+00,1.620859167715301474e+00,1.442797060104200786e-02,-1.197144534220371676e-01,6.281212020557283560e-02,1.554941268254727074e-02,5.949989058563841233e-05
2.083321928809017010e+00,1.336756937967323644e+00,1.858811936768014927e+00,1.561266930008333276e+00,1.386079431120522398e-02,-1.144963336548607963e-01,5.874274647083767287e-02,1.595670291774945945e-02,5.349461376603310755e-05
2.003535267408700360e+00,1.286852072416238668e+00,1.788011325763388726e+00,1.502376014061565401e+00,1.330317359354838205e-02,-1.094433005316640534e-01,5.494483737936352308e-02,1.623792634209571609e-02,4.758071816704544029e-05
1.924834832116932626e+00,1.237520923302386944e+00,1.718142818795980187e+00,1.444212936623359145e+00,1.275511168267273732e-02,-1.045467705904994382e-01,5.139700042816019998e-02,1.640532188839264813e-02,4.175937106074313756e-05
1.847247628876300451e+00,1.188789531972030966e+00,1.649233131757806614e+00,1.386804029090500157e+00,1.221662710641841128e-02,-9.979904726361868428e-02,4.807970720310635743e-02,1.647014740536500293e-02,3.603176410082751320e-05
1.770801034634513993e+00,1.140683570146091341e+00,1.581309128820805876e+00,1.330175475959787468e+00,1.168775214586712310e-02,-9.519324005161534930e-02,4.497512465910781521e-02,1.644276755486997685e-02,3.039911235642407591e-05
1.695522780710250865e+00,1.093228393715665492e+00,1.514397826982563311e+00,1.274353347443385465e+00,1.116853152784869942e-02,-9.072319149321661502e-02,4.206696247598239874e-02,1.633273343103296832e-02,2.486265336401302886e-05
1.621440938705134505e+00,1.046449088438884845e+00,1.448526399956928445e+00,1.219363627187123100e+00,1.065902131496973201e-02,-8.638341119915127209e-02,3.934033500936352790e-02,1.614885464782931865e-02,1.942364621031775971e-05
1.548583908660749353e+00,1.000370508850558782e+00,1.383722181593747491e+00,1.165232235917540438e+00,1.015928796323267366e-02,-8.216901627833182731e-02,3.678163647582767537e-02,1.589926458333993167e-02,1.408337065126134870e-05
1.476980408951912072e+00,9.550173113091592336e-01,1.320012668749414031e+00,1.111985051511642064e+00,9.669407520643935605e-03,-7.807567753344371586e-02,3.437842811748365035e-02,1.559147941513418234e-02,8.843126251182554785e-06
1.406659467741318892e+00,9.104139821255844423e-01,1.257425523770226761e+00,1.059647926096678017e+00,9.189464946067775822e-03,-7.409957087182816871e-02,3.211933620746082463e-02,1.523245152984300729e-02,3.704231556303054574e-06
1.337650415752428712e+00,8.665848615545148625e-01,1.195988576653411295e+00,1.008246700653523176e+00,8.719553529319449062e-03,-7.023733342480316388e-02,2.999395985888648336e-02,1.482861783684851636e-02,-1.331976702973993122e-06
1.269982880103591505e+00,8.235541642120874917e-01,1.135729826875669923e+00,9.578072174400140693e-01,8.259774397271955892e-03,-6.648602391312037618e-02,2.799278769065944791e-02,1.438594347226543856e-02,-6.264144377622232332e-06
1.203686779144542029e+00,7.813459965672769902e-01,1.076677445042340642e+00,9.083553306694842622e-01,7.810236092881347493e-03,-6.284308684995146277e-02,2.610712249795547890e-02,1.390996133372024088e-02,-1.109090063340613964e-05
1.138792317922533659e+00,7.399843718081393629e-01,1.018859774187742318e+00,8.599169155429309264e-01,7.371054214626471257e-03,-5.930632019432725832e-02,2.432901314632197887e-02,1.340580784495470738e-02,-1.581085865621702048e-05
1.075329984447925602e+00,6.994932226742591741e-01,9.623053310227565049e-01,8.125178760994360427e-01,6.942351108542962196e-03,-5.587384613281871915e-02,2.265119299449056336e-02,1.287825531670342555e-02,-2.042261632023417565e-05
1.013330546377279262e+00,6.598964124149298005e-01,9.070428069107102642e-01,7.661841518815064589e-01,6.524255602806446758e-03,-5.254408466811563705e-02,2.106702420449683977e-02,1.233174122935750197e-02,-2.492475682889955268e-05
9.528250482867057780e-01,6.212177443278891209e-01,8.531010688292706146e-01,7.209417237853193994e-01,6.116902779640496710e-03,-4.931572975434479061e-02,1.957044737041109539e-02,1.177039474120313012e-02,-2.931584931403471620e-05
8.938448090640813692e-01,5.834809698822491786e-01,8.005091599896068111e-01,6.768166189567086377e-01,5.720433775723533613e-03,-4.618772770873211253e-02,1.815593593773431186e-02,1.119806068639424106e-02,-3.359444941364891126e-05
8.364214198858133109e-01,5.467097959742741597e-01,7.492963006035697759e-01,6.338349152565074807e-01,5.334995609567802846e-03,-4.315925770228960789e-02,1.681845495369051202e-02,1.061832131594032426e-02,-3.775909980319898509e-05
7.805867422186582028e-01,5.109278911864819639e-01,6.994918883686241928e-01,5.920227450365126431e-01,4.960741027894827355e-03,-4.022971410060777880e-02,1.555342371223787830e-02,1.003451599772439348e-02,-4.180833069954395829e-05
7.263729060998808107e-01,4.761588913918089472e-01,6.511254989505608215e-01,5.514062985411458673e-01,4.597828369354167027e-03,-3.739869048708079069e-02,1.435668191257522333e-02,9.449759083333965012e-03,-4.574066032656026921e-05
6.738123085050556904e-01,4.424264047638699071e-01,6.042268863487320063e-01,5.120118269201929806e-01,4.246421440932329934e-03,-3.466596519195343923e-02,1.322445897806041534e-02,8.866956121783162170e-03,-4.955459535001639700e-05
6.229376118359553072e-01,4.097540163417542902e-01,5.588259832115541892e-01,4.738656449661588499e-01,3.906689404890300622e-03,-3.203148818103351836e-02,1.215334621612760083e-02,8.288818590590349075e-03,-5.324863126864487657e-05
5.737817424797847510e-01,3.781652922599998412e-01,5.149529011009090773e-01,4.369941336388796782e-01,3.578806673276701232e-03,-2.949536916462737815e-02,1.114027152867757067e-02,7.717877296928442495e-03,-5.682125277671032680e-05
5.263778893952931748e-01,3.476837837074915338e-01,4.726379306940483582e-01,4.014237424087265249e-01,3.262952808009761049e-03,-2.705786680041885606e-02,1.018247640516830622e-02,7.156494589636065891e-03,-6.027093408316170720e-05
4.807595026391240367e-01,3.183330306810595589e-01,4.319115418819269858e-01,3.671809914382579421e-01,2.959312423700375099e-03,-2.471937886985474397e-02,9.277494954215322054e-03,6.606875507575780786e-03,-6.359613919983409241e-05
4.369602919970353994e-01,2.901365657053265323e-01,3.928043839305941920e-01,3.342924737717632988e-01,2.668075093090392820e-03,-2.248043333487846629e-02,8.423134751858171732e-03,6.071077989037896964e-03,-6.679532218677190411e-05
3.950142254258272589e-01,2.631179174128020493e-01,3.553472854683933924e-01,3.027848573702413559e-01,2.389435251611430125e-03,-2.034168016056825748e-02,7.617459294422620868e-03,5.551022245145307774e-03,-6.986692736288452105e-05
3.549555275324718928e-01,2.373006142074014779e-01,3.195712545240790292e-01,2.726848872157882631e-01,2.123592101131568932e-03,-1.830388382791982294e-02,6.858771869038318356e-03,5.048499403881396771e-03,-7.280938947775556207e-05
3.168186779514489126e-01,2.127081879691310184e-01,2.855074785062896581e-01,2.440193874142933539e-01,1.870749511099490531e-03,-1.636791644557599248e-02,6.145600660395961201e-03,4.565179516926818996e-03,-7.562113384044081882e-05
2.806384095751521257e-01,1.893641778420174504e-01,2.531873241051676438e-01,2.168152633120016548e-01,1.631115915447653702e-03,-1.453475138104289716e-02,5.476684927263100397e-03,4.102619017224766809e-03,-7.830057641752888049e-05
2.464497067168546773e-01,1.672921341952317287e-01,2.226423371990344513e-01,1.910995037130533147e-01,1.404904205099908416e-03,-1.280545734349938271e-02,4.850962093665192251e-03,3.662267712393432306e-03,-8.084612388306727511e-05
2.142878031507388370e-01,1.465156227711279235e-01,1.939042427312173689e-01,1.668991831906516954e-01,1.192331614750526776e-03,-1.118119284590603398e-02,4.267555606933625886e-03,3.245475390576724010e-03,-8.325617363290665400e-05
1.841881799496422889e-01,1.270582290256740965e-01,1.670049445033310320e-01,1.442414644719861028e-01,9.936196023920885242e-04,-9.663200979962156822e-03,3.725763422772249492e-03,2.853498112936125181e-03,-8.552911375853519866e-05
1.561865632570178242e-01,1.089435627656268890e-01,1.419765250117925870e-01,1.231536010108511131e-01,8.089937221468397610e-04,-8.252804447580629546e-03,3.225046987219913099e-03,2.487504264147896021e-03,-8.766332297751955685e-05
1.303189217863175153e-01,9.219526301268927970e-02,1.188512451619722493e-01,1.036629396370349343e-01,6.386834878907290351e-04,-6.951400781692610754e-03,2.765020587471479861e-03,2.148580425492499935e-03,-8.965717052644863296e-05
1.066214642472424479e-01,7.683700324057032849e-02,9.766154404336226114e-02,8.579692344444943275e-02,4.829222286410994841e-04,-5.760457711346528634e-03,2.345440954692578316e-03,1.837737137727649692e-03,-9.150901600818310869e-05
8.513063649281306378e-02,6.289249689292755741e-02,7.844003859399610590e-02,6.958309479174418222e-02,3.419469336128500426e-04,-4.681508607165025745e-03,1.966197001626872505e-03,1.555914611719129382e-03,-9.321720920021212453e-05
6.588311851801353924e-02,5.038550330612447115e-02,6.121952328280257094e-02,5.504909854133577946e-02,2.159980870557305860e-04,-3.716147964057177778e-03,1.627299588198666443e-03,1.303988446777912258e-03,-9.478008981897476472e-05
4.891582124688685640e-02,3.933983400718362583e-02,4.603296975686976822e-02,4.222268549720049197e-02,1.053194922577871710e-04,-2.866026869324249989e-03,1.328871209560834096e-03,1.082775412318390165e-03,-9.619598723969777069e-05
3.426588306583828319e-02,2.977935941493697197e-02,3.291352643249521870e-02,3.113171604828062974e-02,1.015808341137559162e-05,-2.132848409846161905e-03,1.071135507694898677e-03,8.930393453971249493e-04,-9.746322017574545902e-05
2.197066616315561730e-02,2.172801600219143384e-02,2.189451808936345237e-02,2.180416407598365774e-02,-6.923627461137123944e-05,-1.518362976766620374e-03,8.544065135716919467e-04,7.354972144231502378e-04,-9.858009631081558635e-05
1.206775258480280270e-02,1.520981386302766060e-02,1.300944538815829860e-02,1.426812105967221501e-02,-1.326109992170956136e-04,-1.024363423374917512e-03,6.790775293990712830e-04,6.108253969863122659e-04,-9.954491188960563604e-05
4.594940109003025838e-03,1.024884484120168644e-02,6.291984430199285515e-03,8.551800520005585493e-03,-1.797110167612023853e-04,-6.526800444472086009e-04,5.456095730102447899e-04,5.196662153275007382e-04,-1.003559512585416337e-04
-4.097622295772633799e-04,6.869291053606473886e-03,1.775986190858095401e-03,4.683542633171146330e-03,-2.102790029971211979e-04,-4.051753325591746116e-04,4.545193033908970573e-04,4.626347697085522823e-04,-1.010114863669567313e-04
-2.908138813020187848e-03,5.095434012604460258e-03,-5.045240049456423213e-04,2.691819204529921888e-03,-2.240556382371408943e-04,-2.837384901283072024e-04,4.063663653662578836e-04,4.403261066393769066e-04,-1.015097762168634969e-04
-3.290914455614929283e-03,4.677603302591171533e-03,-8.978529603194723620e-04,2.284541807295690542e-03,-2.236696929260456601e-04,-2.686800380920275613e-04,3.944316727435334528e-04,4.473054351714114392e-04,-1.018740327587359170e-04
-2.768593449973177391e-03,3.055542722513113641e-03,-1.020410792450215064e-03,1.307360064990147844e-03,-1.841326753920223840e-04,-9.453523113767216051e-04,3.625733771172913737e-04,1.157669087662878968e-03,-1.022030436095501858e-04
9.579308919044175752e-05,-5.783704988602929309e-03,-1.675605366749635368e-03,-4.012306532662839390e-03,3.274743642467695896e-05,-4.892717451234310753e-03,1.977158441038716526e-04,5.271668362728862758e-03,-1.025218928315260270e-04
5.621770106924283555e-03,-2.282482271488867065e-02,-2.936119147698081251e-03,-1.426693346026638304e-02,4.511650457896963697e-04,-1.255935629207113532e-02,-1.180702785579558489e-04,1.325581501201128151e-02,-1.028308620662378962e-04
1.363188442737911163e-02,-4.752032109079119826e-02,-4.761397251461105956e-03,-2.912703941195083496e-02,1.057671399709517266e-03,-2.370748817929483818e-02,-5.744407036997211703e-04,2.486198561541524271e-02,-1.031302251600091645e-04
2.394330306322701302e-02,-7.930506564139885861e-02,-7.109340444930471389e-03,-4.825242213324125451e-02,1.838390611045250499e-03,-3.810389216749168056e-02,-1.160721971927076122e-03,3.984628724768561614e-02,-1.034202483802573025e-04
3.636516994391181257e-02,-1.175878438227831446e-01,-9.935617522026044673e-03,-7.128705635684493003e-02,2.778814181039753611e-03,-5.551979089069308815e-02,-1.865735257034692451e-03,5.796876515525346829e-02,-1.037011906243438130e-04
5.069678476799177602e-02,-1.617455882833380709e-01,-1.319320157990394593e-02,-9.785560193544298735e-02,3.863660049304896635e-03,-7.573078714239869780e-02,-2.677657058649345750e-03,7.899320003003774959e-02,-1.039733036244547634e-04
6.672651867145387716e-02,-2.111199953276317598e-01,-1.683211135425150690e-02,-1.275613653019262717e-01,5.076789746494843325e-03,-9.851685479840585624e-02,-3.583905197495148784e-03,1.026869849286402153e-01,-1.042368321448540100e-04
8.423138564052917721e-02,-2.650162890513974578e-01,-2.079933926473084838e-02,-1.599855641461373490e-01,6.401177516583691704e-03,-1.236623850743183983e-01,-4.571039696269704050e-03,1.288210724118018791e-01,-1.044920141754030000e-04
1.029771924849272324e-01,-3.227038905077319608e-01,-2.503894777714237019e-02,-1.946877502456628717e-01,7.818925512746131151e-03,-1.509562878202232450e-01,-5.624669975954902507e-03,1.571699830364325923e-01,-1.047390811188947380e-04
1.227191938079345568e-01,-3.834187582790365978e-01,-2.949231526656032054e-02,-2.312072492045402772e-01,9.311319368099753996e-03,-1.801921458348430538e-01,-6.729362102005677360e-03,1.875118669169652807e-01,-1.049782579732149031e-04
1.432031818303971527e-01,-4.463671726572421283e-01,-3.409851192642215229e-02,-2.690654789004215952e-01,1.085891861417066437e-02,-2.111684182128750475e-01,-7.868542399260262943e-03,2.196286106885889100e-01,-1.052097635082406958e-04
1.641669442302634563e-01,-5.107307409598513814e-01,-3.879478555896129222e-02,-3.077690111706244958e-01,1.244167658002031523e-02,-2.436886866756376446e-01,-9.024396481290684890e-03,2.533059828682042713e-01,-1.054338104395044381e-04
1.853420263996647388e-01,-5.756724069038399172e-01,-4.351713643890427197e-02,-3.468132440652702542e-01,1.403908456515431252e-02,-2.775619368043926727e-01,-1.017776550241290129e-02,2.883338113406872516e-01,-1.056506055932008914e-04
2.064557377540264249e-01,-6.403432529545094454e-01,-4.820095998465002973e-02,-3.856865552158317278e-01,1.563033525052230296e-02,-3.126028641960738597e-01,-1.130804415844840344e-02,3.245061875162833509e-01,-1.058603500716390417e-04
2.272333450095773144e-01,-7.038898916363640623e-01,-5.278173580244281682e-02,-4.238748108243415302e-01,1.719450050395928548e-02,-3.486321938759722183e-01,-1.239308757062392019e-02,3.616216926280750865e-01,-1.060632394116387656e-04
2.474003986925478182e-01,-7.654622502248080718e-01,-5.719574186421200190e-02,-4.608661096680490843e-01,1.871071895491822901e-02,-3.854769998990977831e-01,-1.340913662267611411e-02,3.994836426713007649e-01,-1.062594637354708816e-04
2.666851425971119016e-01,-8.242215633176828149e-01,-6.138077319594781311e-02,-4.961556475246250431e-01,2.015838896442997269e-02,-4.229710110025559633e-01,-1.433077351923704723e-02,4.379003496149528329e-01,-1.064492079046791870e-04
2.848209594695189084e-01,-8.793483995780144724e-01,-6.527684551016160741e-02,-5.292505945983299043e-01,2.151736290101134708e-02,-4.609548874873055091e-01,-1.513092121019055103e-02,4.766853977086971117e-01,-1.066326516629555226e-04
3.015488098673668738e-01,-9.300505624723967024e-01,-6.882686571816740151e-02,-5.596748868868595128e-01,2.276813895244309688e-02,-4.992764542549854578e-01,-1.578090177793954607e-02,5.156579349077581309e-01,-1.068099697789502456e-04
3.166196249141721708e-01,-9.755707199600931467e-01,-7.197725317104694542e-02,-5.869738418748791098e-01,2.389204705396705264e-02,-5.377908751491192740e-01,-1.625056978211636416e-02,5.546429805595961549e-01,-1.069813321841357870e-04
3.297966175285053092e-01,-1.015193634637276077e+00,-7.467849775635793108e-02,-6.107185193524145017e-01,2.487142589204897891e-02,-5.763607544986879549e-01,-1.650853674630453627e-02,5.934717514349447942e-01,-1.071469041044053895e-04
3.408574806187620876e-01,-1.048252883487946541e+00,-7.688564354921922916e-02,-6.305097593199620043e-01,2.568978834282913820e-02,-6.148561530844237621e-01,-1.652250227776541625e-02,6.319820088145569059e-01,-1.073068461942291947e-04
3.495964446851981267e-01,-1.074136974821841228e+00,-7.855868949564578929e-02,-6.459818406409945091e-01,2.633197311949605351e-02,-6.531545076905572733e-01,-1.625970555425897135e-02,6.700184295284747904e-01,-1.074613146602568009e-04
3.558261712234419560e-01,-1.092294788805270311e+00,-7.966290150363958267e-02,-6.568057160781863857e-01,2.678428082544005717e-02,-6.911404460054872967e-01,-1.568750791626424834e-02,7.074330034496040254e-01,-1.076104613841334488e-04
3.593794622506746306e-01,-1.102240286822174120e+00,-8.016903323443666518e-02,-6.626917913370646840e-01,2.703459303218375132e-02,-7.287054919171545020e-01,-1.477411292576680246e-02,7.440854588485399379e-01,-1.077544340448662773e-04
3.601107701549405293e-01,-1.103556453374145541e+00,-8.005345572842170743e-02,-6.633922274907817496e-01,2.707247341575270971e-02,-7.657476602094946960e-01,-1.348942440769157480e-02,7.798437151321002681e-01,-1.078933762328423442e-04
3.578974958651259808e-01,-1.095898451972209919e+00,-7.929819868118501147e-02,-6.587027574258992324e-01,2.688925038476136509e-02,-8.021709442635021059e-01,-1.180603567672788845e-02,8.145843597718402940e-01,-1.080274275633125012e-04
3.526410670317603469e-01,-1.078995993168953671e+00,-7.789090862377359703e-02,-6.484640175134195328e-01,2.647808101168815098e-02,-8.378847055096754204e-01,-9.700334486232947695e-03,8.481931427060185325e-01,-1.081567237879961843e-04
3.442677914640805970e-01,-1.052654928243431876e+00,-7.582473139546008767e-02,-6.325624053838909688e-01,2.583399642983598421e-02,-8.728029789151923179e-01,-7.153698472978697875e-03,8.805654772721043244e-01,-1.082813968984401820e-04
3.327294844397321594e-01,-1.016758095780935012e+00,-7.309812806888771330e-02,-6.109304832723116974e-01,2.495392917566006952e-02,-9.068437145004073496e-01,-4.153745426184851652e-03,9.116069319928934434e-01,-1.084015752342732541e-04
3.180038716621276240e-01,-9.712654603173209722e-01,-6.971463486568524326e-02,-5.835469537895119352e-01,2.383672323605577625e-02,-9.399279804738891464e-01,-6.955921647527341101e-04,9.412336925893396433e-01,-1.085173835834116885e-04
3.000947724936418037e-01,-9.162135920276233136e-01,-6.568257855552650515e-02,-5.504362409784562260e-01,2.248312779507664894e-02,-9.719791586984749543e-01,3.216934103926899491e-03,9.693729688059586902e-01,-1.086289432761742966e-04
2.790320706082307645e-01,-8.517145440305702309e-01,-6.101475935592470812e-02,-5.116677140664132040e-01,2.089577586209948046e-02,-1.002922167447577451e+00,7.570196478917934346e-03,9.959633164727287324e-01,-1.087363722868743939e-04
2.548714812684633735e-01,-7.779541889896224305e-01,-5.572811344462252903e-02,-4.673545942765362504e-01,1.907914909642308143e-02,-1.032682749345683604e+00,1.233983161796331496e-02,1.020954842193876777e+00,-1.088397853231690089e-04
2.276941259874207812e-01,-6.951900792409659857e-01,-4.984336687586832237e-02,-4.176525863776765490e-01,1.703953021949679292e-02,-1.061186863585115159e+00,1.749008862618142701e-02,1.044309256676448916e+00,-1.089392939170907881e-04
1.976059262985949694e-01,-6.037488945480147251e-01,-4.338469197916289266e-02,-3.627582762702585839e-01,1.478494442135805387e-02,-1.088360220585719684e+00,2.297349497513848093e-02,1.065999743471409023e+00,-1.090350065132175933e-04
1.647368286943864391e-01,-5.040235388207134903e-01,-3.637937625270848407e-02,-3.029073338736147925e-01,1.232509112293161957e-02,-1.114127993930321914e+00,2.873091420603993140e-02,1.086010613206386921e+00,-1.091270285552729742e-04
1.292398724894872064e-01,-3.964699418482418025e-01,-2.885751238591022227e-02,-2.383725569728434301e-01,9.671267352040754939e-03,-1.138414738505788559e+00,3.469204816732093799e-02,1.104336719489598995e+00,-1.092154625655330678e-04
9.129011148746757343e-02,-2.816036146412086438e-01,-2.085171641795596775e-02,-1.694617867357841590e-01,6.836283836463119545e-03,-1.161144535337630179e+00,4.077641913193888468e-02,1.120982621627619302e+00,-1.093004082305517666e-04
5.108339897146185749e-02,-1.599959977823637303e-01,-1.239687922311188961e-02,-9.651571958778903948e-02,3.834374721545352749e-03,-1.182241372856041473e+00,4.689484475385807816e-02,1.135961490935364804e+00,-1.093819624763986583e-04
8.835043897721384099e-03,-3.227063195886792357e-02,-3.529954586261208060e-03,-1.990563347488416568e-02,6.811015997306157921e-04,-1.201629761735830026e+00,5.295139236981241670e-02,1.149293771274684017e+00,-1.094602195454768493e-04
-3.522165552566014490e-02,1.009008306064309579e-01,5.710214825590642640e-03,5.996896025518028139e-02,-2.606747686070928771e-03,-1.219235566696932116e+00,5.884577004785224164e-02,1.161005619806747546e+00,-1.095352710716714577e-04
-8.083699618214690297e-02,2.388027649329202973e-01,1.528303420339172103e-02,1.426827345473804520e-01,-6.011265213272221075e-03,-1.234987024616041928e+00,6.447608189790346445e-02,1.171127169793507505e+00,-1.096072061519900737e-04
-1.277465686123269162e-01,3.806798616086695120e-01,2.514625843628082169e-02,2.277870345600612190e-01,-9.513534043652890904e-03,-1.248815905012278016e+00,6.974184670310737411e-02,1.179690672452424760e+00,-1.096761114169292155e-04
-1.756730663905479162e-01,5.257415699680834109e-01,3.525606303194894764e-02,3.148124405455874353e-01,-1.309374421575930370e-02,-1.260658757523574813e+00,7.454715430707847812e-02,1.186728588045975252e+00,-1.097420710997180259e-04
-2.243282023032295847e-01,6.731667044931093358e-01,4.556708943855247718e-02,4.032714127513274960e-01,-1.673131374659142523e-02,-1.270458182457675944e+00,7.880381577147196892e-02,1.192271706275446430e+00,-1.098051670994745803e-04
-2.734147258133352576e-01,8.221082228399509972e-01,5.603247115172804715e-02,4.926610258748849169e-01,-2.040501469612518437e-02,-1.278164055817147648e+00,8.243435320749489814e-02,1.196347381474800686e+00,-1.098654790507303918e-04
-3.226285339548422559e-01,9.716981810113747287e-01,6.660384776035327414e-02,5.824657992961790320e-01,-2.409310425133287525e-02,-1.283734640051076958e+00,8.537467496596529148e-02,1.198977968172657338e+00,-1.099230843809213153e-04
-3.716608648578367813e-01,1.121052865989663694e+00,7.723137457751966251e-02,6.721606265543078607e-01,-2.777346063521028696e-02,-1.287137516527489201e+00,8.757629237835551361e-02,1.200179536824011794e+00,-1.099780583755476918e-04
-4.202005598751281656e-01,1.269278099446744967e+00,8.786373574727684987e-02,7.612138038243383420e-01,-3.142372346212254919e-02,-1.288350285282231056e+00,8.900795538640091098e-02,1.199960937929837712e+00,-1.100304742361423826e-04
-4.679363771658604509e-01,1.415474699043407725e+00,9.844816875968853687e-02,8.490901531178547401e-01,-3.502143797120711721e-02,-1.287360991464122861e+00,8.965661508970035332e-02,1.198323265934952975e+00,-1.100804031351682629e-04
-5.145593369753609370e-01,1.558744077372421266e+00,1.089305081944010878e-01,9.352542322026615729e-01,-3.854420240123741792e-02,-1.284168255123624647e+00,8.952765941586529608e-02,1.195259753346862741e+00,-1.101279142783960041e-04
-5.597650770721569469e-01,1.698193953719241645e+00,1.192552562885417222e-01,1.019173620358537313e+00,-4.196981764681034788e-02,-1.278781100264505532e+00,8.864441089887006853e-02,1.190756102009365769e+00,-1.101730749530356167e-04
-6.032561960743600959e-01,1.832944151118959919e+00,1.293656876240527609e-01,1.100322267420549061e+00,-4.527643827221879136e-02,-1.271218498863239788e+00,8.704691951636212011e-02,1.184791234284942041e+00,-1.102159505852261896e-04
-6.447445627844654581e-01,1.962132450839151332e+00,1.392039948537673877e-01,1.178183893200922316e+00,-4.844272396005153136e-02,-1.261508664208131236e+00,8.479012507150779365e-02,1.177338424012321694e+00,-1.102566047874538780e-04
-6.839535710636923671e-01,2.084920478197894056e+00,1.487114819337161942e-01,1.252255425200490713e+00,-5.144799053079497642e-02,-1.249688143893113779e+00,8.194149930055626141e-02,1.168366747392993954e+00,-1.102950994129364470e-04
-7.206203219690654471e-01,2.200499596830595372e+00,1.578288107594790213e-01,1.322050464102057621e+00,-5.427235976980233911e-02,-1.235800774816385283e+00,7.857830490596398598e-02,1.157842778956986507e+00,-1.103314946027400556e-04
-7.544977175225846544e-01,2.308096792252272156e+00,1.664963063769841489e-01,1.387102768352705295e+00,-5.689690741635516913e-02,-1.219896569693972310e+00,7.478462510499607474e-02,1.145732448528101521e+00,-1.103658488315724184e-04
-7.853564532120265174e-01,2.406980528778624340e+00,1.746543249961032274e-01,1.446969750570486157e+00,-5.930380877984124666e-02,-1.202030606469751239e+00,7.064832215713290342e-02,1.132002972106771921e+00,-1.103982189567697845e-04
-8.129868987769768296e-01,2.496466565574462670e+00,1.822436878322034048e-01,1.501235978965271833e+00,-6.147648152525966858e-02,-1.182261988687697718e+00,6.625807692910840041e-02,1.116624772677536681e+00,-1.104286602594586457e-04
-8.372008587573064320e-01,2.575923717079334985e+00,1.892061822997263831e-01,1.549516676022300476e+00,-6.339972519630127090e-02,-1.160652936919539302e+00,6.170064514069611983e-02,1.099573315391137562e+00,-1.104572264937737583e-04
-8.578332054877022550e-01,2.644779539838449711e+00,1.954851302693566550e-01,1.591461204081384251e+00,-6.505985700687923201e-02,-1.137268059672146059e+00,5.705844160689223232e-02,1.080830794229969083e+00,-1.104839699212551883e-04
-8.747433776892584723e-01,2.702525921829485256e+00,2.010260209880143367e-01,1.626756523152205425e+00,-6.644484333051342562e-02,-1.112173838005191762e+00,5.240753418935757690e-02,1.060387622674522801e+00,-1.105089413597348119e-04
-8.878167375821339746e-01,2.748724541952940470e+00,2.057772038865063047e-01,1.655130600484303605e+00,-6.754442615648004189e-02,-1.085438342689962976e+00,4.781609714792307841e-02,1.038243697510915720e+00,-1.105321902185017486e-04
-8.969657786985196779e-01,2.783012157074681525e+00,2.096906339294718480e-01,1.676355744446686336e+00,-6.835024357716752708e-02,-1.057131187404212191e+00,4.334334190043192397e-02,1.014409421266116329e+00,-1.105537645398061352e-04
-9.021311755071382832e-01,2.805105662602526806e+00,2.127226594788181879e-01,1.690251827616565894e+00,-6.885594313962829782e-02,-1.027323707316711632e+00,3.903891425489016548e-02,9.889064835605581028e-01,-1.105737110364130434e-04
-9.032826647929290687e-01,2.814806860923795728e+00,2.148348399531362918e-01,1.696689356177734531e+00,-6.905728665646117259e-02,-9.960893403496380305e-01,3.494272281636835037e-02,9.617684139638296159e-01,-1.105920751259859046e-04
-9.004197477008478723e-01,2.812006861026411286e+00,2.159947779800965306e-01,1.695592335345472934e+00,-6.895224484781561913e-02,-9.635041790191896105e-01,3.108514468412296172e-02,9.330409281383649223e-01,-1.106089009696842166e-04
-8.935722006009138019e-01,2.796690023043161943e+00,2.161769483827125082e-01,1.686940874059534190e+00,-6.854107999457793865e-02,-9.296476543297655937e-01,2.748754225789613870e-02,9.027820949275185969e-01,-1.106242315068918801e-04
-8.828003826395205422e-01,2.768937354100423853e+00,2.153635043315510478e-01,1.670773467129343937e+00,-6.782641464088468020e-02,-8.946033097532724021e-01,2.416301887037752144e-02,8.710623547026008495e-01,-1.106381084861727838e-04
-8.681953280628116332e-01,2.728929257237083128e+00,2.135450394528938256e-01,1.647188889721378668e+00,-6.681328430259347861e-02,-8.584596226333136570e-01,2.111734045363553372e-02,8.379644191008157605e-01,-1.106505725022917684e-04
-8.498786122175855384e-01,2.676947533878893282e+00,2.107212837242790071e-01,1.616347637937034509e+00,-6.550917212974334547e-02,-8.213108320354423064e-01,1.834995457582900766e-02,8.035830798389784757e-01,-1.106616630244554100e-04
-8.280019815530010874e-01,2.613376542707873451e+00,2.069017107058104821e-01,1.578472850449066156e+00,-6.392402354108502049e-02,-7.832577356163004101e-01,1.585504578972785766e-02,7.680249502343121648e-01,-1.106714184301742422e-04
-8.027467399706305073e-01,2.538703424095581695e+00,2.021060341430593599e-01,1.533850649981887360e+00,-6.207023900367045210e-02,-7.444084229945975295e-01,1.362257610305365671e-02,7.314081581052485070e-01,-1.106798760337501141e-04
-7.743228864853153315e-01,2.453517309715373962e+00,1.963645732905371366e-01,1.482829849939521161e+00,-5.996264337281096563e-02,-7.048789188670047112e-01,1.163927036258352241e-02,6.938620035033844502e-01,-1.106870721171642293e-04
-7.429680023319700233e-01,2.358507451588891524e+00,1.897184684887206485e-01,1.425820980768197632e+00,-5.761843053818528626e-02,-6.647937152736425048e-01,9.889517445143877067e-03,6.555265897881339399e-01,-1.106930419574264575e-04
-7.089458893585454113e-01,2.254460223579195066e+00,1.822197315775251902e-01,1.363294602643125186e+00,-5.505708253853944245e-02,-6.242861786264694013e-01,8.356168585103733448e-03,6.165524323277796759e-01,-1.106978198534135663e-04
-6.725449657319514385e-01,2.142254971031687827e+00,1.739311196244916757e-01,1.295778885675238801e+00,-5.230026280602063926e-02,-5.834988230935520548e-01,7.021223385112018711e-03,5.771000458731521121e-01,-1.107014391564903707e-04
-6.340764296087619822e-01,2.022858710496558743e+00,1.649258251007456877e-01,1.223856455787051489e+00,-4.937168377361899479e-02,-5.425834474981874322e-01,5.866401724430338888e-03,5.373395095485691275e-01,-1.107039322938222750e-04
-5.938722064126213951e-01,1.897319710724252761e+00,1.552869809466480566e-01,1.148160523364984753e+00,-4.629694971453551799e-02,-5.017011379354385792e-01,4.873605763126759305e-03,4.974500074643199432e-01,-1.107053307956321699e-04
-5.522827006447120768e-01,1.766760017684545492e+00,1.451069847646438427e-01,1.069370332275193958e+00,-4.310337636577415976e-02,-4.610221427677446693e-01,4.025280564536621447e-03,4.576193430899475612e-01,-1.107056653161141364e-04
-5.096743786423110212e-01,1.632367019401899322e+00,1.344866524750232550e-01,9.882059882845639631e-01,-3.981978960307772791e-02,-4.207256305296155352e-01,3.304684660159184703e-03,4.180434265941868621e-01,-1.107049656649368647e-04
-4.664272142767760254e-01,1.495384179867713215e+00,1.235342179357558634e-01,9.054227476551813814e-01,-3.647630615859435294e-02,-3.809993445294895809e-01,2.696083367977834128e-03,3.789257361286277326e-01,-1.107032608226341208e-04
-4.229320351699552560e-01,1.357101104255901358e+00,1.123642010337632946e-01,8.218048680521841121e-01,-3.310410008793373410e-02,-3.420391706281623589e-01,2.184878088541243255e-03,3.404767563101944172e-01,-1.107005789695006859e-04
-3.795878124381801832e-01,1.218843128863052794e+00,1.010961723389690176e-01,7.381591440859054387e-01,-2.973515937265925821e-02,-3.040486367580308436e-01,1.757684386039829252e-03,3.029133996594333134e-01,-1.106969475057825860e-04
-3.367989422124050836e-01,1.081960657842945706e+00,8.985344736391293052e-02,6.553082682666270253e-01,-2.640203767294714565e-02,-2.672383642928647940e-01,1.402370639964586538e-03,2.664584193187456984e-01,-1.106923930716314131e-04
-2.949725720661806050e-01,9.478184937697108348e-01,7.876174756453727110e-02,5.740841741389911546e-01,-2.313760679886112809e-02,-2.318254923265253842e-01,1.108067619499121179e-03,2.313398237568322080e-01,-1.106869415702636420e-04
-2.545160299816989213e-01,8.177854298081367324e-01,6.794786831033301777e-02,4.953215315161041410e-01,-1.997481593694711358e-02,-1.980330963158967728e-01,8.651576434579519304e-04,1.977903062518021060e-01,-1.106806181879903175e-04
-2.158344175467090953e-01,6.932243873055867756e-01,5.753839603358876231e-02,4.198515737252888624e-01,-1.694646404173760432e-02,-1.660896223888334022e-01,6.652501602897155711e-04,1.660467036192174450e-01,-1.106734474132408714e-04
-1.793284326595752654e-01,5.754833937557728429e-01,4.765851760975429313e-02,3.484964434864428751e-01,-1.408499207479607662e-02,-1.362283579242882792e-01,5.011486981032313437e-04,1.363494998423178395e-01,-1.106654530567482709e-04
-1.453924901863767050e-01,4.658877025913566450e-01,3.843096476330665201e-02,2.820642476416729272e-01,-1.142230195342264221e-02,-1.086869578404838221e-01,3.668122483323956601e-04,1.089423909766193688e-01,-1.106566582690786155e-04
-1.144132117937794735e-01,3.657333586306166784e-01,2.997513506185823379e-02,2.213450117749791723e-01,-8.989609166620372849e-03,-8.370704444045527770e-02,2.573122931784320444e-04,8.407192796812010260e-02,-1.106470855612318052e-04
-8.676835867347451603e-02,2.762825120693980230e-01,2.240642903770245775e-02,1.671077243582205218e-01,-6.817336044822494903e-03,-6.153389674816716476e-02,1.687848890535030739e-04,6.198725390607159880e-02,-1.106367568198201950e-04
-6.282628321583649811e-02,1.987607809001371018e-01,1.583584043339883105e-02,1.200986572509016581e-01,-4.935052657526439214e-03,-4.241624316907054854e-02,9.837549581104580373e-05,4.293995185440405149e-02,-1.106256933256803611e-04
-4.294597800757297967e-02,1.343569578527729347e-01,1.036983380883626377e-02,8.104114603636375369e-02,-3.371472285671009775e-03,-2.660616915186569606e-02,4.417261852383141951e-05,2.718401887179930365e-02,-1.106139157704156417e-04
-2.747780303211084726e-02,8.422535514510987031e-02,6.110541152062666861e-03,5.063701096093633364e-02,-2.154508410005825155e-03,-1.435914953059575297e-02,5.124840156008471197e-06,1.497598132120883836e-02,-1.106014442728353651e-04
-1.676497478365783847e-02,4.949108009023926030e-02,3.156307083502145859e-03,2.956979822307927511e-02,-1.311400204761954246e-03,-5.934213552746351109e-03,-1.906547908599387975e-05,6.575166198687606642e-03,-1.105882983944368779e-04
-1.114590440678268554e-02,3.125853897861283898e-02,1.602611179189067543e-03,1.851002339264105900e-02,-8.689136701089238829e-04,-1.594249522854918706e-03,-2.807960439887158136e-05,2.244143179732068297e-03,-1.105744971549858010e-04
-1.001112617430773705e-02,2.755673476479419612e-02,1.282910485544893090e-03,1.626269810494158224e-02,-7.791781544410403054e-04,-8.473115318660148863e-04,-2.396700140977375587e-05,1.493015923750851516e-03,-1.105600590477024629e-04
-9.800449868064432107e-03,2.685007942677997833e-02,1.217723083623103650e-03,1.583190647509241655e-02,-7.621489613875418768e-04,-8.371549140345339347e-04,-1.732377901858244014e-05,1.476135973888362913e-03,-1.105450020541415989e-04
-9.595618061799742610e-03,2.616301163939310781e-02,1.154339244634422198e-03,1.541305433295890072e-02,-7.455911171250074847e-04,-8.272936680722225381e-04,-1.087072403083003732e-05,1.459738212883314196e-03,-1.105293436567743683e-04
-9.396467811028048900e-03,2.549498809087322529e-02,1.092709523881264843e-03,1.500581075596394039e-02,-7.294915323781889227e-04,-8.177191969759737894e-04,-4.602235585718340242e-06,1.443808537403482592e-03,-1.105131008553730343e-04
-9.202840725444999537e-03,2.484548053460957848e-02,1.032785822515534238e-03,1.460985398664901500e-02,-7.138374814825091796e-04,-8.084231475420654333e-04,1.487110182750748600e-06,1.428333262292683396e-03,-1.104962901779281209e-04
-9.014582840748054660e-03,2.421397537163118979e-02,9.745213516157157129e-04,1.422487117926746203e-02,-6.986165922748840788e-04,-7.993974037940750847e-04,7.402566372843204841e-06,1.413299107846944071e-03,-1.104789276953158116e-04
-8.831544494681299595e-03,2.359997324466666171e-02,9.178705967886858445e-04,1.385055815319666435e-02,-6.838168362681956020e-04,-7.906340805544406335e-04,1.314922128831973245e-05,1.398693187479379358e-03,-1.104610290329029789e-04
-8.653580206001373204e-03,2.300298864354794262e-02,8.627892841410916055e-04,1.348661915340547586e-02,-6.694265190976156788e-04,-7.821255172096020208e-04,1.873200417651081791e-05,1.384502995820617935e-03,-1.104426093838288092e-04
-8.480548557442567012e-03,2.242254952139001098e-02,8.092343466939894191e-04,1.313276661725343124e-02,-6.554342712379798708e-04,-7.738642715824882445e-04,2.415569073462348515e-05,1.370716397147581219e-03,-1.104236835202017792e-04
-8.312312081506281411e-03,2.185819692149956056e-02,7.571638920496376497e-04,1.278872094794368010e-02,-6.418290389710900375e-04,-7.658431139771390258e-04,2.942490840078288046e-05,1.357321614204447377e-03,-1.104042658050533780e-04
-8.148737149833575749e-03,2.130948461448436276e-02,7.065371706196327088e-04,1.245421029403112265e-02,-6.286000756135528460e-04,-7.580550213754613971e-04,3.454414143694506866e-05,1.344307217377583045e-03,-1.103843702040045559e-04
-7.989693865382249335e-03,2.077597874559357349e-02,6.573145449697216820e-04,1.212897033524162199e-02,-6.157369329759723861e-04,-7.504931717603130839e-04,3.951773581173647298e-05,1.331662114196565348e-03,-1.103640102953954658e-04
-7.835055958102720916e-03,2.025725749170854267e-02,6.094574596187250131e-04,1.181274407398716017e-02,-6.032294530773015277e-04,-7.431509386053097247e-04,4.434990389647742006e-05,1.319375539189994321e-03,-1.103431992819294292e-04
-7.684700683052891196e-03,1.975291072780329879e-02,5.629284119807704363e-04,1.150528163276965526e-02,-5.910677600738528398e-04,-7.360218854738250199e-04,4.904472897840689489e-05,1.307437044028312081e-03,-1.103219500005883712e-04
-7.538508721621612479e-03,1.926253970277295308e-02,5.176909239505794692e-04,1.120634005720080005e-02,-5.792422524210723202e-04,-7.290997607798466520e-04,5.360616959988216755e-05,1.295836487999492675e-03,-1.103002749326123728e-04
-7.396364085821015982e-03,1.878575672399637048e-02,4.737095139693376852e-04,1.091568312420599512e-02,-5.677435952507236053e-04,-7.223784926653727730e-04,5.803806373545812992e-05,1.284564028766408718e-03,-1.102781862142847318e-04
-7.258154024569576576e-03,1.832218485104971165e-02,4.309496704505435226e-04,1.063308115602960673e-02,-5.565627129619383226e-04,-7.158521840258803663e-04,6.234413280599532497e-05,1.273610113429653580e-03,-1.102556956445609242e-04
-7.123768933422859780e-03,1.787145759734399750e-02,3.893778251776505977e-04,1.035831083874350078e-02,-5.456907820150523657e-04,-7.095151076382998296e-04,6.652798554729547477e-05,1.262965469840780222e-03,-1.102328146969532756e-04
-6.993102266356318250e-03,1.743321864053561446e-02,3.489613279054878730e-04,1.009115504627382427e-02,-5.351192239300350210e-04,-7.033617014407149773e-04,7.059312172852629983e-05,1.252621098212745865e-03,-1.102095545263795417e-04
-6.866050449893992130e-03,1.700712154074760299e-02,3.096684216696036704e-04,9.831402669184008056e-03,-5.248396984750457401e-04,-6.973865639284306797e-04,7.454293573470432673e-05,1.242568262981805054e-03,-1.101859259789002765e-04
-6.742512800404052049e-03,1.659282946646481807e-02,2.714682181893475271e-04,9.578848447871456118e-03,-5.148440970498375461e-04,-6.915844496482176102e-04,7.838072001589593656e-05,1.232798484898921590e-03,-1.101619396006485116e-04
-6.622391442848477548e-03,1.619001492828434779e-02,2.343306746158463003e-04,9.333292810819994456e-03,-5.051245362495972689e-04,-6.859502648472677643e-04,8.210966841141662496e-05,1.223303533406367057e-03,-1.101376056451784104e-04
-6.505591232326583123e-03,1.579835951989993006e-02,1.982265705024764462e-04,9.094541717070877759e-03,-4.956733516068445198e-04,-6.804790632065650918e-04,8.573287934693222308e-05,1.214075419209789067e-03,-1.101129340823156109e-04
-6.392019677689634097e-03,1.541755366612696139e-02,1.631274854435606735e-04,8.862406502993774859e-03,-4.864830915077425835e-04,-6.751660416945217975e-04,8.925335892317329462e-05,1.205106387095835913e-03,-1.100879346055556309e-04
-6.281586867362180804e-03,1.504729637835746855e-02,1.290057774049228412e-04,8.636703733590373258e-03,-4.775465112834686586e-04,-6.700065365457478356e-04,9.267402388434090336e-05,1.196388908980775684e-03,-1.100626166399317206e-04
-6.174205397059492374e-03,1.468729501614249484e-02,9.583456157100816476e-05,8.417255057511972838e-03,-4.688565674540852652e-04,-6.649960193221956996e-04,9.599770448626855212e-05,1.187915677143854768e-03,-1.100369893498751652e-04
-6.069790299958913865e-03,1.433726505605669235e-02,6.358768966596326736e-05,8.203887066431840916e-03,-4.604064121501641048e-04,-6.601300931038115360e-04,9.922714725638117858e-05,1.179679597698792470e-03,-1.100110616456138126e-04
-5.968258978276877631e-03,1.399692986632887839e-02,3.223973002576779705e-05,7.996431158026218872e-03,-4.521893876655591897e-04,-6.554044887533686707e-04,1.023650176618783481e-04,1.171673784233226781e-03,-1.099848421901585368e-04
-5.869531137100102852e-03,1.366602048829075426e-02,1.765948144614830351e-06,7.794723403046061733e-03,-4.441990211824355735e-04,-6.508150613152493278e-04,1.054139026751951049e-04,1.163891551673395565e-03,-1.099583394073056798e-04
-5.773528720292123682e-03,1.334427542346296354e-02,-2.785771253507917170e-05,7.598604415705874360e-03,-4.364290196378974333e-04,-6.463577864804751112e-04,1.083763132561325616e-04,1.156326410309639185e-03,-1.099315614872133881e-04
-5.680175847461456026e-03,1.303144042680049776e-02,-5.665464872199935369e-05,7.407919228061093236e-03,-4.288732647227668990e-04,-6.420287571675436155e-04,1.112546867425843105e-04,1.148972060019955643e-03,-1.099045163932743294e-04
-5.589398753617021848e-03,1.272726830542328900e-02,-8.464761560594738065e-05,7.222517167412236330e-03,-4.215258080337397047e-04,-6.378241801810671666e-04,1.140513891601383959e-04,1.141822384654054721e-03,-1.098772118680462379e-04
-5.501125729758511371e-03,1.243151872320363838e-02,-1.118587440790508140e-04,7.042251737524202540e-03,-4.143808663493355870e-04,-6.337403729807795493e-04,1.167687174496911457e-04,1.134871446608219994e-03,-1.098496554397819828e-04
-5.415287065661605892e-03,1.214395801058462329e-02,-1.383095579198198068e-04,6.866980502842829834e-03,-4.074328170462709160e-04,-6.297737605125086841e-04,1.194089016192327710e-04,1.128113481539476512e-03,-1.098218544282597705e-04
-5.331814993903885233e-03,1.186435897964147924e-02,-1.640209902674452658e-04,6.696564976005012389e-03,-4.006761936347993675e-04,-6.259208721493961843e-04,1.219741068220611604e-04,1.121542893259132789e-03,-1.097938159503112883e-04
-5.250643635672548604e-03,1.159250074453159821e-02,-1.890133997217440139e-04,6.530870508580796652e-03,-3.941056814250014492e-04,-6.221783387088014898e-04,1.244664353614014136e-04,1.115154248776565899e-03,-1.097655469260016024e-04
-5.171708947969030218e-03,1.132816854652906290e-02,-2.133065860413212861e-04,6.369766184601342689e-03,-3.877161133064835796e-04,-6.185428895424963320e-04,1.268879286295949938e-04,1.108942273479080658e-03,-1.097370540830956779e-04
-5.094948672366214973e-03,1.107115358418272848e-02,-2.369198053864915877e-04,6.213124717203008344e-03,-3.815024656509874218e-04,-6.150113497159150240e-04,1.292405689806282133e-04,1.102901846470526149e-03,-1.097083439634214666e-04
-5.020302285416634695e-03,1.082125284811481097e-02,-2.598717853213320045e-04,6.060822348019526823e-03,-3.754598543326086971e-04,-6.115806372680056410e-04,1.315262815396054589e-04,1.097027996051160373e-03,-1.096794229273761762e-04
-4.947710949731609457e-03,1.057826896054602644e-02,-2.821807388633365467e-04,5.912738749677758088e-03,-3.695835308443490438e-04,-6.082477605416366324e-04,1.337469359482164615e-04,1.091315895325934739e-03,-1.096502971595287907e-04
-4.877117467397164632e-03,1.034201001880099766e-02,-3.038643789702988708e-04,5.768756930374129184e-03,-3.638688785364503414e-04,-6.050098155832349476e-04,1.359043480591390243e-04,1.085760857941846323e-03,-1.096209726725426317e-04
-4.808466233993778302e-03,1.011228944368954344e-02,-3.249399319830857582e-04,5.628763141678860653e-03,-3.583114089546888441e-04,-6.018639836212857745e-04,1.380002815658256613e-04,1.080358333957875039e-03,-1.095914553127783265e-04
-4.741703194120859902e-03,9.888925831879063696e-03,-3.454241509203871815e-04,5.492646788678602794e-03,-3.529067582774059251e-04,-5.988075286238673644e-04,1.400364495848296909e-04,1.075103905852841085e-03,-1.095617507647340217e-04
-4.676775798205928640e-03,9.671742812233232595e-03,-3.653333284791088426e-04,5.360300342506391438e-03,-3.476506838552428534e-04,-5.958377948959676191e-04,1.420145161809972367e-04,1.069993284615068912e-03,-1.095318645551357804e-04
-4.613632960495927908e-03,9.460568906310643650e-03,-3.846833096102940299e-04,5.231619255425042081e-03,-3.425390608463461852e-04,-5.929522047810203717e-04,1.439360978465670563e-04,1.065022305993655865e-03,-1.095018020580954432e-04
-4.552225018238379578e-03,9.255237392739208702e-03,-4.034895037617494771e-04,5.106501878262569710e-03,-3.375678789455230150e-04,-5.901482563925026896e-04,1.458027649284760808e-04,1.060186926825937900e-03,-1.094715684980548882e-04
-4.492503692065366074e-03,9.055586175103382332e-03,-4.217668969050047609e-04,4.984849379943003672e-03,-3.327332392021455998e-04,-5.874235214350974690e-04,1.476160430120279578e-04,1.055483221494977596e-03,-1.094411689550747280e-04
-4.434422047017163963e-03,8.861457653865811857e-03,-4.395300627966884643e-04,4.866565669645317276e-03,-3.280313509229966658e-04,-5.847756430668659767e-04,1.493774142571820411e-04,1.050907378480831324e-03,-1.094106083690715210e-04
-4.377934455626519145e-03,8.672698601508745109e-03,-4.567931747124778720e-04,4.751557320594740862e-03,-3.234585286767343269e-04,-5.822023338396102327e-04,1.510883186942136658e-04,1.046455697026452353e-03,-1.093798915418774846e-04
-4.322996560962269648e-03,8.489160041383904051e-03,-4.735700160373001034e-04,4.639733496458964268e-03,-3.190111893600243637e-04,-5.797013736822619577e-04,1.527501554748670839e-04,1.042124583890048249e-03,-1.093490231429954405e-04
-4.269565241551777184e-03,8.310697129646164166e-03,-4.898739912420202588e-04,4.531005879336387834e-03,-3.146858493622018142e-04,-5.772706079512732614e-04,1.543642840863740687e-04,1.037910550201810288e-03,-1.093180077125858454e-04
-4.217598576597859222e-03,8.137169040818226923e-03,-5.057181359740773197e-04,4.425288600194421385e-03,-3.104791217987063270e-04,-5.749079455280818726e-04,1.559320255229875698e-04,1.033810208408911246e-03,-1.092868496647775111e-04
-4.167055812812004573e-03,7.968438856286537766e-03,-5.211151273970394786e-04,4.322498170871569637e-03,-3.063877138295309998e-04,-5.726113569835116499e-04,1.574546634244579346e-04,1.029820269324836172e-03,-1.092555532913748033e-04
-4.117897331660692536e-03,7.804373455786962725e-03,-5.360772939197349426e-04,4.222553418045998409e-03,-3.024084240413566567e-04,-5.703788727668577738e-04,1.589334451762752830e-04,1.025937539234195259e-03,-1.092241227654579928e-04
-4.070084617824655006e-03,7.644843412216884015e-03,-5.506166247732022234e-04,4.125375419165442509e-03,-2.985381399134705597e-04,-5.682085814855701491e-04,1.603695829733353456e-04,1.022158917123971826e-03,-1.091925621439832257e-04
-4.023580228286655763e-03,7.489722889176331395e-03,-5.647447792066945553e-04,4.030887440096367694e-03,-2.947738353461795083e-04,-5.660986281990478073e-04,1.617642548539573871e-04,1.018481391967580689e-03,-1.091608753720517600e-04
-3.978347762752170585e-03,7.338889541317132094e-03,-5.784730957710241704e-04,3.939014874335958899e-03,-2.911125682653448285e-04,-5.640472127796488560e-04,1.631186056986572651e-04,1.014902040099978928e-03,-1.091290662849912270e-04
-3.934351834260122784e-03,7.192224417538060216e-03,-5.918126008791332795e-04,3.849685184157055750e-03,-2.875514782842172835e-04,-5.620525883149830523e-04,1.644337481984289016e-04,1.011418022668528769e-03,-1.090971386120450081e-04
-3.891558041099480846e-03,7.049611866792971498e-03,-6.047740174939364010e-04,3.762827843187425969e-03,-2.840877844357827479e-04,-5.601130595548390288e-04,1.657107637945344123e-04,1.008026583159987938e-03,-1.090650959790617075e-04
-3.849932939371145460e-03,6.910939446675390743e-03,-6.173677734325730459e-04,3.678374280736845976e-03,-2.807187829726345949e-04,-5.582269814048396563e-04,1.669507035847824959e-04,1.004725044998996866e-03,-1.090329419112939248e-04
-3.809444016237824825e-03,6.776097834218642105e-03,-6.296040094852378699e-04,3.596257827466051247e-03,-2.774418452142679483e-04,-5.563927574606789862e-04,1.681545892084338909e-04,1.001510809218397963e-03,-1.090006798362769339e-04
-3.770059663956045609e-03,6.644980739607644210e-03,-6.414925872056350450e-04,3.516413662857213913e-03,-2.742544154717273144e-04,-5.546088385922125436e-04,1.693234136957738232e-04,9.983813522026529011e-04,-1.089683130867454171e-04
-3.731749154704181240e-03,6.517484821803928331e-03,-6.530430966824082428e-04,3.438778763782126928e-03,-2.711540090121931858e-04,-5.528737215421467271e-04,1.704581422987760746e-04,9.953342234751039359e-04,-1.089358449027445422e-04
-3.694482616033555999e-03,6.393509606954084559e-03,-6.642648639094683987e-04,3.363291854829978961e-03,-2.681382100944342136e-04,-5.511859476176563704e-04,1.715597132918688771e-04,9.923670436002870847e-04,-1.089032784347884606e-04
-3.658231007122043042e-03,6.272957408714565676e-03,-6.751669581410589451e-04,3.289893359733553173e-03,-2.652046700512594897e-04,-5.495441013500728744e-04,1.726290387504410783e-04,9.894775020820897708e-04,-1.088706167456062385e-04
-3.622966095405410168e-03,6.155733250953352755e-03,-6.857581987963204048e-04,3.218525354344237838e-03,-2.623511054270066117e-04,-5.479468092534745633e-04,1.736670053042041950e-04,9.866633553778573866e-04,-1.088378628137275707e-04
-3.588660434311904176e-03,6.041744792632598379e-03,-6.960471624791031821e-04,3.149131520799796410e-03,-2.595752961658321007e-04,-5.463927385817592651e-04,1.746744748685211211e-04,9.839224249417034916e-04,-1.088050195345699380e-04
-3.555287341217103908e-03,5.930902254688649559e-03,-7.060421895516411344e-04,3.081657103023198278e-03,-2.568750838542389241e-04,-5.448805961461048938e-04,1.756522853534371869e-04,9.812525953438058866e-04,-1.087720897231923308e-04
-3.522820876039853798e-03,5.823118348922554435e-03,-7.157513905515668204e-04,3.016048863434289250e-03,-2.542483700049150488e-04,-5.434091271379162032e-04,1.766012513512764880e-04,9.786518124187222264e-04,-1.087390761169078107e-04
-3.491235820962087025e-03,5.718308208923422037e-03,-7.251826527835984401e-04,2.952255040744926513e-03,-2.516931143994168506e-04,-5.419771140235300029e-04,1.775221648023562224e-04,9.761180815019935165e-04,-1.087059813770386852e-04
-3.460507659840436449e-03,5.616389322861885941e-03,-7.343436461332333290e-04,2.890225309154670352e-03,-2.492073334615257951e-04,-5.405833754281229135e-04,1.784157956446127133e-04,9.736494656858111357e-04,-1.086728080912331354e-04
-3.430612558914586906e-03,5.517281468287701766e-03,-7.432418291847027328e-04,2.829910738557810980e-03,-2.467890986907316105e-04,-5.392267650889379137e-04,1.792828924365510188e-04,9.712440841494216024e-04,-1.086395587748602591e-04
-3.401527347882133366e-03,5.420906648467576153e-03,-7.518844551319778680e-04,2.771263755717447326e-03,-2.444365351343737733e-04,-5.379061708201383039e-04,1.801241829701738279e-04,9.689001105306800643e-04,-1.086062358742017996e-04
-3.373229501124763371e-03,5.327189030678068996e-03,-7.602785772075457311e-04,2.714238106760851789e-03,-2.421478198931932796e-04,-5.366205135023832153e-04,1.809403748589450041e-04,9.666157713328490334e-04,-1.085728417670811318e-04
-3.345697120021339128e-03,5.236054886299765752e-03,-7.684310543294729703e-04,2.658788820607924097e-03,-2.399211806830134006e-04,-5.353687461227262532e-04,1.817321561109607343e-04,9.643893444050354816e-04,-1.085393787659898846e-04
-3.318908915408747690e-03,5.147432532279350333e-03,-7.763485564408439780e-04,2.604872173311455728e-03,-2.377548944276454336e-04,-5.341498528202700624e-04,1.825001956864423286e-04,9.622191574410038622e-04,-1.085058491189390802e-04
-3.292844190581228382e-03,5.061252274479131723e-03,-7.840375696575677686e-04,2.552445653555500925e-03,-2.356472858912272116e-04,-5.329628479731714956e-04,1.832451440351406783e-04,9.601035865353703142e-04,-1.084722550115523081e-04
-3.267482824763631027e-03,4.977446352458655965e-03,-7.915044013174214093e-04,2.501467929012451876e-03,-2.335967263491319683e-04,-5.318067753078123188e-04,1.839676336211469739e-04,9.580410547797107946e-04,-1.084385985686466821e-04
-3.242805257135876473e-03,4.895948885838289667e-03,-7.987551849384564272e-04,2.451898813640870055e-03,-2.316016322984471151e-04,-5.306807070265295075e-04,1.846682794303003785e-04,9.560300308916905385e-04,-1.084048818563729060e-04
-3.218792471258329069e-03,4.816695822226010545e-03,-8.057958849879361162e-04,2.403699235955640036e-03,-2.296604642047059719e-04,-5.295837429833362333e-04,1.853476794631099480e-04,9.540690279065434931e-04,-1.083711068840335890e-04
-3.195425979867691328e-03,4.739624886340432046e-03,-8.126323015503849039e-04,2.356831208023105889e-03,-2.277717252751787123e-04,-5.285150098527040654e-04,1.860064152152660945e-04,9.521566018768326707e-04,-1.083372756041644120e-04
-3.172687810086146157e-03,4.664675530831125655e-03,-8.192700747742759446e-04,2.311257795519250889e-03,-2.259339602756568364e-04,-5.274736603454255671e-04,1.866450521399563194e-04,9.502913506302372191e-04,-1.083033899156296196e-04
-3.150560489196923587e-03,4.591788888310529594e-03,-8.257146893506216861e-04,2.266943088464219887e-03,-2.241457543770058796e-04,-5.264588724410929413e-04,1.872641401006827654e-04,9.484719125614992329e-04,-1.082694516646247578e-04
-3.129027030773143085e-03,4.520907724813408302e-03,-8.319714788089333998e-04,2.223852172849201218e-03,-2.224057320341880505e-04,-5.254698486380907693e-04,1.878642138073639465e-04,9.466969654518557400e-04,-1.082354626462469788e-04
-3.108070920957987492e-03,4.451976394273217223e-03,-8.380456296135501424e-04,2.181951102928783234e-03,-2.207125558894682156e-04,-5.245058152327430542e-04,1.884457932442614846e-04,9.449652253291438830e-04,-1.082014246055824273e-04
-3.087676105425690883e-03,4.384940794724773334e-03,-8.439421852166954742e-04,2.141206874515761555e-03,-2.190649257180249832e-04,-5.235660216098305102e-04,1.890093840795546113e-04,9.432754453554078634e-04,-1.081673392389866025e-04
-3.067826976560321384e-03,4.319748325319709530e-03,-8.496660500195828830e-04,2.101587398778977100e-03,-2.174615773981613035e-04,-5.226497395720056637e-04,1.895554780690231948e-04,9.416264147625113233e-04,-1.081332081963892495e-04
-3.048508361012311312e-03,4.256347844733130402e-03,-8.552219931790265182e-04,2.063061476899810155e-03,-2.159012819020948259e-04,-5.217562626592493411e-04,1.900845534434320928e-04,9.400169577895569825e-04,-1.080990330815085032e-04
-3.029705507709596311e-03,4.194689630588405854e-03,-8.606146524259531035e-04,2.025598775304777825e-03,-2.143828443279029985e-04,-5.208849055201792344e-04,1.905970752876463207e-04,9.384459326813274519e-04,-1.080648154537236304e-04
-3.011404075887843396e-03,4.134725340241823983e-03,-8.658485374885482519e-04,1.989169801842514962e-03,-2.129051029497481954e-04,-5.200350032852399905e-04,1.910934959072485150e-04,9.369122307045501131e-04,-1.080305568287814557e-04
-2.993590123975492165e-03,4.076407972340582823e-03,-8.709280338798876990e-04,1.953745882244975647e-03,-2.114669282960448757e-04,-5.192059109510340203e-04,1.915742551851971030e-04,9.354147751794840513e-04,-1.079962586806872772e-04
-2.976250098060841294e-03,4.019691829731507175e-03,-8.758574059879298658e-04,1.919299137658585447e-03,-2.100672222524918348e-04,-5.183970028014034002e-04,1.920397809278974032e-04,9.339525205623938012e-04,-1.079619224423241904e-04
-2.959370821665364450e-03,3.964532483212237363e-03,-8.806408008250677429e-04,1.885802462371910949e-03,-2.087049171991173149e-04,-5.176076718324744246e-04,1.924904892021100499e-04,9.325244515409620693e-04,-1.079275495070541158e-04
-2.942939484546993993e-03,3.910886736379013892e-03,-8.852822507696918352e-04,1.853229502601708590e-03,-2.073789751516701119e-04,-5.168373291978762326e-04,1.929267846614278763e-04,9.311295821582123112e-04,-1.078931412291527403e-04
-2.926943633179351391e-03,3.858712591454675420e-03,-8.897856771849705672e-04,1.821554635460298933e-03,-2.060883869504948084e-04,-5.160854036725047141e-04,1.933490608624824749e-04,9.297669549642267840e-04,-1.078586989256411546e-04
-2.911371160395979756e-03,3.807969215879203426e-03,-8.941548932243651099e-04,1.790752948707557664e-03,-2.048321714496644224e-04,-5.153513411204680740e-04,1.937577005759667814e-04,9.284356401826911707e-04,-1.078242238767523854e-04
-2.896210295900123605e-03,3.758616910241396360e-03,-8.983936068391540570e-04,1.760800221180406754e-03,-2.036093747498834365e-04,-5.146346040046370293e-04,1.941530760834316786e-04,9.271347349272356358e-04,-1.077897173271572353e-04
-2.881449596828766432e-03,3.710617076614606841e-03,-9.025054237023261063e-04,1.731672903488190585e-03,-2.024190694315805626e-04,-5.139346708798819916e-04,1.945355494698159673e-04,9.258633624071085227e-04,-1.077551804870159315e-04
-2.867077938716566712e-03,3.663932188130108233e-03,-9.064938500400594691e-04,1.703348099453591558e-03,-2.012603538284774029e-04,-5.132510359190262670e-04,1.949054729046593255e-04,9.246206711765213911e-04,-1.077206145328843157e-04
-2.853084506608589803e-03,3.618525759126302657e-03,-9.103622953937504309e-04,1.675803547911480090e-03,-2.001323513062499876e-04,-5.125832084544925402e-04,1.952631889202514491e-04,9.234058344084371739e-04,-1.076860206086680639e-04
-2.839458786386380492e-03,3.574362316418779831e-03,-9.141140751945861769e-04,1.649017605226992238e-03,-1.990342095704946985e-04,-5.119307125193402544e-04,1.956090306737822977e-04,9.222180491707954045e-04,-1.076513998260484933e-04
-2.826190556507443118e-03,3.531407371123115174e-03,-9.177524134606025383e-04,1.622969228076307554e-03,-1.979650999911626271e-04,-5.112930864124318013e-04,1.959433222097147918e-04,9.210565357400400709e-04,-1.076167532664765999e-04
-2.813269879707102489e-03,3.489627391389811539e-03,-9.212804451935534787e-04,1.597637956876265999e-03,-1.969242169448297091e-04,-5.106698822889370586e-04,1.962663787105873659e-04,9.199205369415589927e-04,-1.075820819810802505e-04
-2.800687095224524935e-03,3.448989775702636200e-03,-9.247012189723810213e-04,1.573003899450477975e-03,-1.959107771750144881e-04,-5.100606657152969127e-04,1.965785067440731497e-04,9.188093174684363370e-04,-1.075473869914129739e-04
-2.788432811070705800e-03,3.409462827300781523e-03,-9.280176992383349331e-04,1.549047715468442749e-03,-1.949240191726095103e-04,-5.094650153075853472e-04,1.968800044972421771e-04,9.177221632813653638e-04,-1.075126692911331319e-04
-2.776497896592960632e-03,3.371015728937826542e-03,-9.312327686864214178e-04,1.525750601031296109e-03,-1.939632025739434183e-04,-5.088825223245998022e-04,1.971711620105278502e-04,9.166583809787586228e-04,-1.074779298462702135e-04
-2.764873475013233765e-03,3.333618518394876502e-03,-9.343492304109969311e-04,1.503094273792607901e-03,-1.930276075649443662e-04,-5.083127902787966347e-04,1.974522614032134531e-04,9.156172971869424530e-04,-1.074431695952697476e-04
-2.753550916604032700e-03,3.297242065043806854e-03,-9.373698101822460155e-04,1.481060958622029602e-03,-1.921165343234303245e-04,-5.077554346055062392e-04,1.977235770872620279e-04,9.145982580112394086e-04,-1.074083894513107990e-04
-2.742521831699740696e-03,3.261858046428800333e-03,-9.402971586016491612e-04,1.459633373330717363e-03,-1.912293024545805948e-04,-5.072100822748224977e-04,1.979853759854637875e-04,9.136006284442653577e-04,-1.073735903016562600e-04
-2.731778063985332468e-03,3.227438926067016916e-03,-9.431338530847086388e-04,1.438794715166408049e-03,-1.903652504540944053e-04,-5.066763714650004274e-04,1.982379177342120631e-04,9.126237918348370590e-04,-1.073387730093452221e-04
-2.721311684119306473e-03,3.193957931619711369e-03,-9.458823999663638427e-04,1.418528647466766246e-03,-1.895237351881642342e-04,-5.061539512275823422e-04,1.984814548842611442e-04,9.116671493563151957e-04,-1.073039384129734799e-04
-2.711114983248739951e-03,3.161389033578754053e-03,-9.485452363753420083e-04,1.398819286705355784e-03,-1.887041313731064999e-04,-5.056424811551903922e-04,1.987162330969684438e-04,9.107301194829898030e-04,-1.072690873278639673e-04
-2.701180467003429057e-03,3.129706924779530192e-03,-9.511247321958702554e-04,1.379651189971996435e-03,-1.879058310907533299e-04,-5.051416310793170258e-04,1.989424913327909341e-04,9.098121375026641715e-04,-1.072342205468823894e-04
-2.691500849561248923e-03,3.098887000268937039e-03,-9.536231919716410717e-04,1.361009342679324417e-03,-1.871282433003744233e-04,-5.046510807566891542e-04,1.991604620354286721e-04,9.089126550206867803e-04,-1.071993388406496453e-04
-2.682069047689021601e-03,3.068905337876899012e-03,-9.560428565814397227e-04,1.342879146769327542e-03,-1.863707933710314073e-04,-5.041705195654639683e-04,1.993703713120168158e-04,9.080311394850837554e-04,-1.071644429583487720e-04
-2.672878175217639936e-03,3.039738679299956725e-03,-9.583859050644522775e-04,1.325246409146775897e-03,-1.856329226270472181e-04,-5.036996462426414616e-04,1.995724391052453213e-04,9.071670737474349811e-04,-1.071295336281935778e-04
-2.663921537562567894e-03,3.011364411533122131e-03,-9.606544563723981188e-04,1.308097330342926226e-03,-1.849140879020896855e-04,-5.032381685772518033e-04,1.997668793645757156e-04,9.063199555930693489e-04,-1.070946115585495848e-04
-2.655192626336850235e-03,2.983760549146635514e-03,-9.628505709324608258e-04,1.291418493742256838e-03,-1.842137611140406820e-04,-5.027858031589586699e-04,1.999539002089258501e-04,9.054892973279589016e-04,-1.070596774375940778e-04
-2.646685114285927259e-03,2.956905716803767941e-03,-9.649762523626751213e-04,1.275196854880537595e-03,-1.835314288428965932e-04,-5.023422751080282864e-04,2.001337040879724849e-04,9.046746253534357612e-04,-1.070247319342870480e-04
-2.638392849985017954e-03,2.930779132246741445e-03,-9.670334488803973257e-04,1.259419731142139573e-03,-1.828665919182800772e-04,-5.019073178154584165e-04,2.003064879364770058e-04,9.038754797493534724e-04,-1.069897756990464337e-04
-2.630309853300454546e-03,2.905360589985970295e-03,-9.690240550337840325e-04,1.244074791719330247e-03,-1.822187650366758780e-04,-5.014806727108974066e-04,2.004724433261254447e-04,9.030914138981910744e-04,-1.069548093649429248e-04
-2.622430310344937929e-03,2.880630445202499341e-03,-9.709499130147970433e-04,1.229150047872376236e-03,-1.815874763627894190e-04,-5.010620890056119436e-04,2.006317566128034400e-04,9.023219940832974319e-04,-1.069198335460100851e-04
-2.614748569064490914e-03,2.856569598200226108e-03,-9.728128142492019001e-04,1.214633843384929504e-03,-1.809722671665375923e-04,-5.006513234681753827e-04,2.007846090779967453e-04,9.015667991213324956e-04,-1.068848488403386374e-04
-2.607259134425475751e-03,2.833159479307477847e-03,-9.746145005711359232e-04,1.200514845453145175e-03,-1.803726914488055339e-04,-5.002481402024973019e-04,2.009311770691982028e-04,9.008254200066753356e-04,-1.068498558283671924e-04
-2.599956664498340522e-03,2.810382034209944931e-03,-9.763566658956879295e-04,1.186782035607296566e-03,-1.797883156015949954e-04,-4.998523104203921475e-04,2.010716321337258842e-04,9.000974595521951107e-04,-1.068148550753233702e-04
-2.592835965741104205e-03,2.788219709477126555e-03,-9.780409572730023020e-04,1.173424701009043083e-03,-1.792187180487293666e-04,-4.994636122292279382e-04,2.012061411518711678e-04,8.993825320454982642e-04,-1.067798471300061190e-04
-2.585891989186075383e-03,2.766655438917832010e-03,-9.796689763251283274e-04,1.160432426056861536e-03,-1.786634889224248649e-04,-4.990818304341274568e-04,2.013348664624090988e-04,8.986802629287451907e-04,-1.067448325258539668e-04
-2.579119826339952570e-03,2.745672629838167081e-03,-9.812422805116119938e-04,1.147795084009834744e-03,-1.781222297357471223e-04,-4.987067563295207329e-04,2.014579659877146968e-04,8.979902884648315433e-04,-1.067098117822213568e-04
-2.572514705087878412e-03,2.725255150006915955e-03,-9.827623841852151966e-04,1.135502829104244934e-03,-1.775945530611933263e-04,-4.983381875013853744e-04,2.015755933547597016e-04,8.973122554245901604e-04,-1.066747854028036004e-04
-2.566071986251517584e-03,2.705387314974531335e-03,-9.842307599984829840e-04,1.123546088721476570e-03,-1.770800822353642756e-04,-4.979759276583903185e-04,2.016878980114432916e-04,8.966458208019912127e-04,-1.066397538779407795e-04
-2.559787159516271719e-03,2.686053875329838872e-03,-9.856488398880302107e-04,1.111915555701581751e-03,-1.765784510455872076e-04,-4.976197864181184857e-04,2.017950253430729924e-04,8.959906514864464334e-04,-1.066047176842539019e-04
-2.553655840225410242e-03,2.667240005066703543e-03,-9.870180163311589611e-04,1.100602181172450744e-03,-1.760893034541895523e-04,-4.972695791635322899e-04,2.018971167794905187e-04,8.953464240127389714e-04,-1.065696772851366003e-04
-2.547673765440327306e-03,2.648931289413379315e-03,-9.883396432509817479e-04,1.089597167224040045e-03,-1.756122933018866420e-04,-4.969251268363308839e-04,2.019943099081209935e-04,8.947128242488244483e-04,-1.065346331306588827e-04
-2.541836791038435284e-03,2.631113713735481335e-03,-9.896150373241180843e-04,1.078891960021165219e-03,-1.751470840460811116e-04,-4.965862557987746643e-04,2.020867385733768036e-04,8.940895471510220110e-04,-1.064995856582202281e-04
-2.536140887974294884e-03,2.613773652254183181e-03,-9.908454787590352010e-04,1.068478243038904416e-03,-1.746933484849603872e-04,-4.962527976563651990e-04,2.021745329832623484e-04,8.934762964908340901e-04,-1.064645352937784625e-04
-2.530582139431315422e-03,2.596897857394993465e-03,-9.920322125072579978e-04,1.058347930470935607e-03,-1.742507685049570799e-04,-4.959245891074516403e-04,2.022578198050749656e-04,8.928727846044096127e-04,-1.064294824506070323e-04
-2.525156737448703420e-03,2.580473449118623596e-03,-9.931764491132835833e-04,1.048493160783199422e-03,-1.738190348213185959e-04,-4.956014717795640106e-04,2.023367222655159863e-04,8.922787321366562434e-04,-1.063944275307080047e-04
-2.519860979928886368e-03,2.564487904843846828e-03,-9.942793656523892659e-04,1.038906290567332812e-03,-1.733978467376003302e-04,-4.952832920947406554e-04,2.024113602414115681e-04,8.916938678104153679e-04,-1.063593709247164952e-04
-2.514691267944950837e-03,2.548929049515504235e-03,-9.953421068344568343e-04,1.029579888404962094e-03,-1.729869119078187342e-04,-4.949699011155442134e-04,2.024818503528294533e-04,8.911179281879673224e-04,-1.063243130124985234e-04
-2.509644102464709571e-03,2.533785045929230241e-03,-9.963657856229988716e-04,1.020506729087513253e-03,-1.725859461019100334e-04,-4.946611544157797228e-04,2.025483060508370572e-04,8.905506574494972310e-04,-1.062892541634794050e-04
-2.504716081901011727e-03,2.519044385417571353e-03,-9.973514843229613468e-04,1.011679787839507095e-03,-1.721946729820451980e-04,-4.943569119354702208e-04,2.026108377050653221e-04,8.899918071695665615e-04,-1.062541947359749883e-04
-2.499903899241122038e-03,2.504695878648615596e-03,-9.983002553404305823e-04,1.003092234747933464e-03,-1.718128238828078164e-04,-4.940570378540314360e-04,2.026695526862635024e-04,8.894411361014880821e-04,-1.062191350791458065e-04
-2.495204339508195861e-03,2.490728646807802409e-03,-9.992131220594667983e-04,9.947374293590555659e-04,-1.714401375990003617e-04,-4.937614004633806685e-04,2.027245554490131384e-04,8.888984099739526265e-04,-1.061840755318408172e-04
-2.490614277087770632e-03,2.477132112990870945e-03,-1.000091079560768174e-03,9.866089154638608971e-04,-1.710763601762808764e-04,-4.934698720409656575e-04,2.027759476109564009e-04,8.883634012862211358e-04,-1.061490164232822521e-04
-2.486130673257452850e-03,2.463895993828851480e-03,-1.000935095413051481e-03,9.787004159844457738e-04,-1.707212447118151366e-04,-4.931823287353711682e-04,2.028238280288470192e-04,8.878358891150883161e-04,-1.061139580742934623e-04
-2.481750573974219731e-03,2.451010291312625926e-03,-1.001746110584132970e-03,9.710058279225342861e-04,-1.703745511603799688e-04,-4.928986504484922371e-04,2.028682928765889848e-04,8.873156589282338736e-04,-1.060789007955474845e-04
-2.477471107237138193e-03,2.438465284863735802e-03,-1.002525039981390148e-03,9.635192176079891658e-04,-1.700360461388952587e-04,-4.926187207122993076e-04,2.029094357150051779e-04,8.868025023838543635e-04,-1.060438448899122111e-04
-2.473289480901976270e-03,2.426251523717613909e-03,-1.003272773214045456e-03,9.562348160296636887e-04,-1.697055027445049102e-04,-4.923424266012209252e-04,2.029473475647835471e-04,8.862962171766483686e-04,-1.060087906513157592e-04
-2.469202980645562352e-03,2.414359819352174252e-03,-1.003990175446605555e-03,9.491470141532106245e-04,-1.693827003771780865e-04,-4.920696586033489759e-04,2.029821169754067532e-04,8.857966068412691848e-04,-1.059737383655102772e-04
-2.465208967431897595e-03,2.402781238274773710e-03,-1.004678087796208406e-03,9.422503586391029525e-04,-1.690674245584310403e-04,-4.918003105326507283e-04,2.030138300920624860e-04,8.853034805974907768e-04,-1.059386883102898287e-04
-2.461304875822023074e-03,2.391507094844770240e-03,-1.005337328309163737e-03,9.355395473319117697e-04,-1.687594667676791565e-04,-4.915342794196799533e-04,2.030425707206705776e-04,8.848166531748620370e-04,-1.059036407555172948e-04
-2.457488211580491702e-03,2.380528944514491169e-03,-1.005968692319692340e-03,9.290094252536777123e-04,-1.684586242707336774e-04,-4.912714654249591452e-04,2.030684203930643416e-04,8.843359446681741797e-04,-1.058685959634044366e-04
-2.453756550003577050e-03,2.369838577097946666e-03,-1.006572953305441597e-03,9.226549803998133816e-04,-1.681646999687997713e-04,-4.910117717320884633e-04,2.030914584267033609e-04,8.838611803670007403e-04,-1.058335541891362061e-04
-2.450107533639240848e-03,2.359428010185029255e-03,-1.007150863273358890e-03,9.164713398191635593e-04,-1.678775022283890092e-04,-4.907551044640626713e-04,2.031117619872324404e-04,8.833921906130554925e-04,-1.057985156805461358e-04
-2.446538870779499126e-03,2.349289482977801047e-03,-1.007703153559116145e-03,9.104537657574273898e-04,-1.675968447406107399e-04,-4.905013725973268648e-04,2.031294061443265301e-04,8.829288106570362367e-04,-1.057634806782530165e-04
-2.443048333351665897e-03,2.339415449994437617e-03,-1.008230535245954480e-03,9.045976518887340057e-04,-1.673225463687015514e-04,-4.902504878666043373e-04,2.031444639308746113e-04,8.824708805080204443e-04,-1.057284494162866710e-04
-2.439633755241557306e-03,2.329798575208729718e-03,-1.008733699754484764e-03,8.988985197216528382e-04,-1.670544310047316640e-04,-4.900023646980883676e-04,2.031570063971515597e-04,8.820182448115314365e-04,-1.056934221219362206e-04
-2.436293030663642164e-03,2.320431726094170002e-03,-1.009213319494112714e-03,8.933520149246316610e-04,-1.667923274316297408e-04,-4.897569201009827544e-04,2.031671026661184738e-04,8.815707526901447270e-04,-1.056583990162380301e-04
-2.433024112417177774e-03,2.311307968165620015e-03,-1.009670048284964190e-03,8.879539040334091414e-04,-1.665360691868158962e-04,-4.895140736224275202e-04,2.031748199834484405e-04,8.811282576441429020e-04,-1.056233803143831641e-04
-2.429825010120763209e-03,2.302420559352613607e-03,-1.010104521815584182e-03,8.827000710474661302e-04,-1.662854944282412531e-04,-4.892737472443981156e-04,2.031802237704068159e-04,8.806906174010189266e-04,-1.055883662246979261e-04
-2.426693788821007811e-03,2.293762944678891941e-03,-1.010517358269926802e-03,8.775865141278131002e-04,-1.660404458075037627e-04,-4.890358653279072796e-04,2.031833776728187010e-04,8.802576938084987835e-04,-1.055533569500092340e-04
-2.423628567451680850e-03,2.285328751033007585e-03,-1.010909158822387473e-03,8.726093424037248327e-04,-1.658007703448482594e-04,-4.888003545252719417e-04,2.031843436097060889e-04,8.798293527012840268e-04,-1.055183526873724049e-04
-2.420627517101347700e-03,2.277111782307155753e-03,-1.011280507888560887e-03,8.677647730943881298e-04,-1.655663193099452045e-04,-4.885671437316004874e-04,2.031831818190909069e-04,8.794054638068837283e-04,-1.054833536284033947e-04
-2.417688859908844953e-03,2.269106014239489696e-03,-1.011631973903685160e-03,8.630491282343570082e-04,-1.653369481016810983e-04,-4.883361639947941119e-04,2.031799509049746894e-04,8.789859006093837151e-04,-1.054483599590968151e-04
-2.414810867288608425e-03,2.261305589786866826e-03,-1.011964109473209540e-03,8.584588319714748800e-04,-1.651125161303971839e-04,-4.881073484648894246e-04,2.031747078812370564e-04,8.785705402562499601e-04,-1.054133718600825097e-04
-2.411991858882824285e-03,2.253704814435566767e-03,-1.012277452050367203e-03,8.539904076031427536e-04,-1.648928867147058720e-04,-4.878806323254457995e-04,2.031675082146032691e-04,8.781592634464158251e-04,-1.053783895073862173e-04
-2.409230200985290095e-03,2.246298151775230276e-03,-1.012572524164972055e-03,8.496404749548960812e-04,-1.646779269656635254e-04,-4.876559527375463323e-04,2.031584058663323997e-04,8.777519543342778008e-04,-1.053434130716929777e-04
-2.406524305352351206e-03,2.239080218927559738e-03,-1.012849833966641099e-03,8.454057475418227420e-04,-1.644675076847527538e-04,-4.874332487724422147e-04,2.031474533343515421e-04,8.773485004197267238e-04,-1.053084427184408346e-04
-2.403872627972421933e-03,2.232045782537320743e-03,-1.013109875569998333e-03,8.412830301348897706e-04,-1.642615032631374538e-04,-4.872124613547084478e-04,2.031347016913642983e-04,8.769487924574323641e-04,-1.052734786090498868e-04
-2.401273667576223243e-03,2.225189754404104103e-03,-1.013353129326464942e-03,8.372692161543265031e-04,-1.640597915727982849e-04,-4.869935332145931025e-04,2.031202006248431478e-04,8.765527243649684584e-04,-1.052385209001896249e-04
-2.398725964939753090e-03,2.218507187550991001e-03,-1.013580062519229413e-03,8.333612851304571332e-04,-1.638622538849462398e-04,-4.867764088243085700e-04,2.031039984741753526e-04,8.761601931266281475e-04,-1.052035697436954210e-04
-2.396228101173314765e-03,2.211993272287015189e-03,-1.013791129350913658e-03,8.295563004645993381e-04,-1.636687747619472574e-04,-4.865610343487810274e-04,2.030861422671875326e-04,8.757710987060360894e-04,-1.051686252878557070e-04
-2.393778696995713801e-03,2.205643332450256313e-03,-1.013986771565641813e-03,8.258514070201803140e-04,-1.634792419732201182e-04,-4.863473575909975951e-04,2.030666777554624401e-04,8.753853439589237432e-04,-1.051336876755746446e-04
-2.391376411403981807e-03,2.199452821622790814e-03,-1.014167418657342147e-03,8.222438288761297958e-04,-1.632935464039932691e-04,-4.861353279572147232e-04,2.030456494493905386e-04,8.750028345602772718e-04,-1.050987570467074971e-04
-2.389019940779902804e-03,2.193417319576462104e-03,-1.014333488313584088e-03,8.187308671101481590e-04,-1.631115819701778227e-04,-4.859248963840876075e-04,2.030231006519159307e-04,8.746234789034644562e-04,-1.050638335366825543e-04
-2.386708017678107214e-03,2.187532528690510486e-03,-1.014485386645585640e-03,8.153098976580015972e-04,-1.629332455302145207e-04,-4.857160153105767228e-04,2.029990734916885232e-04,8.742471880355281002e-04,-1.050289172772990237e-04
-2.384439409983636366e-03,2.181794270768337794e-03,-1.014623508556371798e-03,8.119783693410737675e-04,-1.627584368114080512e-04,-4.855086386317984323e-04,2.029736089534510423e-04,8.738738755840969258e-04,-1.049940083962079009e-04
-2.382212919755636107e-03,2.176198483382436356e-03,-1.014748238031312104e-03,8.087338016581075827e-04,-1.625870583200389637e-04,-4.853027216369366860e-04,2.029467469103484758e-04,8.735034576588412460e-04,-1.049591070177728267e-04
-2.380027382473818946e-03,2.170741217012281746e-03,-1.014859948471912672e-03,8.055737830103880479e-04,-1.624190152733367314e-04,-4.850982209979919839e-04,2.029185261538318861e-04,8.731358528173177765e-04,-1.049242132625353172e-04
-2.377881665931070362e-03,2.165418631647730331e-03,-1.014959002942929711e-03,8.024959686595890297e-04,-1.622542155172418789e-04,-4.848950946964425803e-04,2.028889844232330069e-04,8.727709819586407366e-04,-1.048893272476159326e-04
-2.375774669421460740e-03,2.160226993898044061e-03,-1.015045754473981130e-03,7.994980789505464532e-04,-1.620925694587488928e-04,-4.846933020035326580e-04,2.028581584334112893e-04,8.724087682764887323e-04,-1.048544490868662010e-04
-2.373705322858201371e-03,2.155162673969827393e-03,-1.015120546351386223e-03,7.965778974630165817e-04,-1.619339899901648880e-04,-4.844928034339690895e-04,2.028260839030501968e-04,8.720491371854424342e-04,-1.048195788911288539e-04
-2.371672585931203312e-03,2.150222142829200968e-03,-1.015183712382755664e-03,7.937332692807553798e-04,-1.617783924240940425e-04,-4.842935607110124578e-04,2.027927955825622921e-04,8.716920162617700085e-04,-1.047847167674831266e-04
-2.369675447277710435e-03,2.145401969350280505e-03,-1.015235577174354933e-03,7.909620992469512408e-04,-1.616256944256849357e-04,-4.840955367237548832e-04,2.027583272794016716e-04,8.713373351723746867e-04,-1.047498628203838618e-04
-2.367712923616288601e-03,2.140698817668408582e-03,-1.015276456321538351e-03,7.882623503736331787e-04,-1.614758159429130425e-04,-4.838986955026232340e-04,2.027227118828003633e-04,8.709850256243905318e-04,-1.047150171511940421e-04
-2.365784059050482935e-03,2.136109444474266605e-03,-1.015306656735540190e-03,7.856320421592800571e-04,-1.613286791495989426e-04,-4.837030021703059681e-04,2.026859813910102343e-04,8.706350212959680559e-04,-1.046801798581203479e-04
-2.363887924246321250e-03,2.131630696493422641e-03,-1.015326476826184212e-03,7.830692490733163948e-04,-1.611842083778568333e-04,-4.835084229232166362e-04,2.026481669335983076e-04,8.702872577899426832e-04,-1.046453510365559687e-04
-2.362023615686696058e-03,2.127259507939708791e-03,-1.015336206746684372e-03,7.805720989996940695e-04,-1.610423300620384313e-04,-4.833149249909866798e-04,2.026092987951070082e-04,8.699416725702073701e-04,-1.046105307796339388e-04
-2.360190255130648236e-03,2.122992898142942592e-03,-1.015336128728396362e-03,7.781387717406883318e-04,-1.609029726799982712e-04,-4.831224766035696529e-04,2.025694064386527173e-04,8.695982049095448080e-04,-1.045757191771989344e-04
-2.358386988543809820e-03,2.118827969158327586e-03,-1.015326517052349059e-03,7.757674976668663906e-04,-1.607660666947765854e-04,-4.829310469672084714e-04,2.025285185282306303e-04,8.692567958417329009e-04,-1.045409163167673077e-04
-2.356612985777597688e-03,2.114761903452886446e-03,-1.015307638520212413e-03,7.734565561955062665e-04,-1.606315444983983558e-04,-4.827406062287421763e-04,2.024866629501226810e-04,8.689173881046304395e-04,-1.045061222832577302e-04
-2.354867439788523812e-03,2.110791961673158523e-03,-1.015279752580105230e-03,7.712042744647412424e-04,-1.604993403641799652e-04,-4.825511254514526201e-04,2.024438668341061354e-04,8.685799260948290444e-04,-1.044713371591176378e-04
-2.353149565878574594e-03,2.106915480521355782e-03,-1.015243111433642136e-03,7.690090260764190959e-04,-1.603693903840083725e-04,-4.823625765814036756e-04,2.024001565731095532e-04,8.682443558143514021e-04,-1.044365610245457092e-04
-2.351458601262104188e-03,2.103129870645094671e-03,-1.015197960368160665e-03,7.668692297511459435e-04,-1.602416324309843853e-04,-4.821749324323974968e-04,2.023555578445478814e-04,8.679106248373768834e-04,-1.044017939570777412e-04
-2.349793804363444101e-03,2.099432614494636199e-03,-1.015144537909645371e-03,7.647833480408168690e-04,-1.601160061001016214e-04,-4.819881666437132403e-04,2.023100956285861919e-04,8.675786822455431885e-04,-1.043670360323087001e-04
-2.348154454150516539e-03,2.095821264426255947e-03,-1.015083075927117632e-03,7.627498862028338385e-04,-1.599924526619173309e-04,-4.818022536671855973e-04,2.022637942283248154e-04,8.672484786005861795e-04,-1.043322873232138085e-04
-2.346539849770351224e-03,2.092293440725953406e-03,-1.015013799972240734e-03,7.607673909278404216e-04,-1.598709150216944268e-04,-4.816171687380136268e-04,2.022166772868748484e-04,8.669199658941531376e-04,-1.042975479012937736e-04
-2.344949309711306766e-03,2.088846829724419919e-03,-1.014936929260191068e-03,7.588344492732824282e-04,-1.597513376654834333e-04,-4.814328878488477806e-04,2.021687678060731625e-04,8.665930975060539328e-04,-1.042628178353287413e-04
-2.343382171548586725e-03,2.085479181965844628e-03,-1.014852677042457369e-03,7.569496874597326196e-04,-1.596336666242606831e-04,-4.812493877310122813e-04,2.021200881634818280e-04,8.662678281671599501e-04,-1.042280971924517243e-04
-2.341837791212572281e-03,2.082188310412690351e-03,-1.014761250635182622e-03,7.551117698353125096e-04,-1.595178494260204318e-04,-4.810666458329183317e-04,2.020706601289639650e-04,8.659441139201918582e-04,-1.041933860376656571e-04
-2.340315542529130925e-03,2.078972088739724448e-03,-1.014662851610535939e-03,7.533193978211051751e-04,-1.594038350546332075e-04,-4.808846402878555037e-04,2.020205048826716611e-04,8.656219120761878081e-04,-1.041586844337785884e-04
-1.420015061366821296e-03,-9.069024116411924987e-04,-1.269044222800311391e-03,-1.057873250207729075e-03,-8.691352280129989092e-05,2.548650678209936197e-04,2.019218559219420261e-04,1.297805505634353309e-04,-1.041239924424777730e-04
3.982489003079535406e-03,-1.844357498939971224e-02,-2.764914154551153819e-03,-1.169617183176902692e-02,3.386616869058376323e-04,4.578971281514045838e-03,2.016952233913509084e-04,-4.194289283446363086e-03,-1.040893101228110838e-04
1.448007751176439567e-02,-5.252010333148857124e-02,-5.671858760384845474e-03,-3.236816705933943938e-02,1.165590860632722409e-03,1.298317112763931400e-02,2.014851890079294786e-04,-1.259846929819462107e-02,-1.040546375326475542e-04
2.973953392636151036e-02,-1.020515333684379189e-01,-9.896615765106314341e-03,-6.241538367697002654e-02,2.367565240360277115e-03,2.520563153854415289e-02,2.012321919638837813e-04,-2.482086686490548449e-02,-1.040199747280219915e-04
4.942476210593595154e-02,-1.659391445769313189e-01,-1.534379661717004406e-02,-1.011705858538251290e-01,3.917967263849603254e-03,4.098859507261311264e-02,2.004457518754892194e-04,-4.060323406127205881e-02,-1.039853217630591913e-04
7.319392288531828550e-02,-2.430599083732229437e-01,-2.191471868832480310e-02,-1.479512667995796227e-01,5.789621885364024285e-03,6.007797068199151325e-02,1.980820410085034830e-04,-5.969043601140859578e-02,-1.039506786903851749e-04
1.006974693342503197e-01,-3.322593367117642749e-01,-2.950662856608465140e-02,-2.020552388114298104e-01,7.954627460346346685e-03,8.222306895590396347e-02,1.924529989049622927e-04,-8.183009524379521171e-02,-1.039160455614886766e-04
1.315769911084266330e-01,-4.323474184834685818e-01,-3.801228814551636109e-02,-2.627581392295256779e-01,1.038425892208498340e-02,1.071764747763794268e-01,1.811597223670491710e-04,-1.067723977369811339e-01,-1.038814224252276408e-04
1.654647824005801016e-01,-5.420973516320505281e-01,-4.731989546658672829e-02,-3.293126737648837676e-01,1.304893624593901971e-02,1.346940500024786935e-01,1.610434659125772189e-04,-1.342700466042747731e-01,-1.038468093302090601e-04
2.019840513560668405e-01,-6.602467829093112694e-01,-5.731331109992598982e-02,-4.009494204533193829e-01,1.591825133318449867e-02,1.645350576798666753e-01,1.281485378100809952e-04,-1.640783491993451360e-01,-1.038122063226721919e-04
2.407496916377075413e-01,-7.855012668283276600e-01,-6.787255880290563037e-02,-4.768790163877151822e-01,1.896104649217669746e-02,1.964623976195888910e-01,7.769255783805426030e-05,-1.959554229527605274e-01,-1.037776134487005888e-04
2.813695393065596129e-01,-9.165396524727420502e-01,-7.887456656002146682e-02,-5.562955466061597631e-01,2.214553768673265671e-02,2.302429412427821620e-01,4.040863221739174338e-06,-2.296625046226357381e-01,-1.037430307510722337e-04
3.234460405254692694e-01,-1.052021103144573200e+00,-9.019411137975569259e-02,-6.383809512393469054e-01,2.543947569686924939e-02,2.656479515552535031e-01,-9.931675862324788884e-05,-2.649643470019522051e-01,-1.037084582727370365e-04
3.665782579426401511e-01,-1.190593450919244400e+00,-1.017049287002999569e-01,-7.223102642763039594e-01,2.881033832658776161e-02,3.024535721774753161e-01,-2.397874156731746864e-04,-3.016296866029731794e-01,-1.036738960551744990e-04
4.103641461409945901e-01,-1.330902587436175732e+00,-1.132809452657450866e-01,-8.072574960294356394e-01,3.222554682655177916e-02,3.404413676686194878e-01,-4.256935313144399186e-04,-3.394317655612580920e-01,-1.036393441381764399e-04
4.544030293566028722e-01,-1.471602594817532417e+00,-1.247975931352447720e-01,-8.924019723256845227e-01,3.565269979935856148e-02,3.793988960648165265e-01,-6.662859546395609456e-04,-3.781488910636248146e-01,-1.036048025600753286e-04
4.982982178662431205e-01,-1.611366327300953971e+00,-1.361331622650562012e-01,-9.769349471696535669e-01,3.905981803857719314e-02,4.191202936947533431e-01,-9.717480431227186466e-04,-4.175650160810717160e-01,-1.035702713588979842e-04
5.416597030850909267e-01,-1.748896165565022143e+00,-1.471701499834827676e-01,-1.060066312496446006e+00,4.241559403160372055e-02,4.594068519987667965e-01,-1.353185732383951900e-03,-4.574703261181120029e-01,-1.035357505707253540e-04
5.841068755077619690e-01,-1.882934681956174305e+00,-1.577965676979020404e-01,-1.141031238750509491e+00,4.568964023340544439e-02,5.000675662886784334e-01,-1.822597435775875907e-03,-4.976618180730115748e-01,-1.035012402316798965e-04
6.252712141633259835e-01,-2.012274975804647426e+00,-1.679071683090136435e-01,-1.219096593332309020e+00,4.885273069157313602e-02,5.409196371530649028e-01,-2.392816582022248839e-03,-5.379438591054305219e-01,-1.034667403750743876e-04
6.647989011802267756e-01,-2.135770463249389461e+00,-1.774045619512862881e-01,-1.293567000117871624e+00,5.187703116255878294e-02,5.817889065135406490e-01,-3.077418762606375785e-03,-5.781287155453118665e-01,-1.034322510338237552e-04
7.023533202968897937e-01,-2.252343934802924608e+00,-1.862001926787729966e-01,-1.363790421827259403e+00,5.473631349068207308e-02,6.225102121447720904e-01,-3.890584901806579815e-03,-6.180370442428613220e-01,-1.033977722409689385e-04
7.376174036100503484e-01,-2.360995725345367724e+00,-1.942151543600480479e-01,-1.429163167375270493e+00,5.740615070624622424e-02,6.629276467368724335e-01,-4.846911681023084034e-03,-6.574983412066133237e-01,-1.033633040264743581e-04
7.702957964043117833e-01,-2.460810874290094041e+00,-2.013808301042984694e-01,-1.489134247781485509e+00,5.986409001534043206e-02,7.028947102597162822e-01,-5.961160762218004061e-03,-6.963513447443099302e-01,-1.033288464219513921e-04
8.001168154555691192e-01,-2.550965187257105526e+00,-2.076393457623602612e-01,-1.543209026039178866e+00,6.208980157998078564e-02,7.422743474356781057e-01,-7.247939288896457222e-03,-7.344443924346575336e-01,-1.032943994545784276e-04
8.268341816060440497e-01,-2.630730143563028367e+00,-2.129438341826759840e-01,-1.590952127774305724e+00,6.406520169924841135e-02,7.809388654959407150e-01,-8.721305825887048363e-03,-7.716357329438430224e-01,-1.032599631547619686e-04
8.502285125905819640e-01,-2.699476625264054963e+00,-2.172585127296509100e-01,-1.631989599943821423e+00,6.577454968118991163e-02,8.187697310436760079e-01,-1.039429844373206818e-02,-8.077937948043456551e-01,-1.032255375484038219e-04
8.701085669424819535e-01,-2.756677472439531318e+00,-2.205585818875916981e-01,-1.666010323609460997e+00,6.720451832232965383e-02,8.556572487291987938e-01,-1.227838514370245201e-02,-8.427974146650529796e-01,-1.031911226615610250e-04
8.863122342603718673e-01,-2.801908895206145722e+00,-2.228299574188790377e-01,-1.692766703526887628e+00,6.834423847284071263e-02,8.915001285081936011e-01,-1.438284128677030232e-02,-8.765360271205356879e-01,-1.031567185216574687e-04
8.987072711127250813e-01,-2.834850795065352536e+00,-2.240688524011711369e-01,-1.712074671551447880e+00,6.918531864983429314e-02,9.262049524358785257e-01,-1.671406409431229478e-02,-9.089098170044900282e-01,-1.031223251523637262e-04
9.071917853676934040e-01,-2.855286066326861771e+00,-2.242812284682819957e-01,-1.723813052490878128e+00,6.972184106283174643e-02,9.596855561593510275e-01,-1.927484049493715865e-02,-9.398298330352701235e-01,-1.030879425766963251e-04
9.116944747299561280e-01,-2.863098962319711394e+00,-2.234821376867038856e-01,-1.727922349903050270e+00,6.995033573016577744e-02,9.918623443802965234e-01,-2.206359135833305118e-02,-9.692180590447387889e-01,-1.030535708202371650e-04
9.121746277503832712e-01,-2.858272620981241907e+00,-2.216949777332536953e-01,-1.724403015497611102e+00,6.986973459443968082e-02,1.022661563410863117e+00,-2.507362211717537037e-02,-9.970074359122405028e-01,-1.030192099025445483e-04
9.086218975439320777e-01,-2.840885850324216477e+00,-2.189506834394103763e-01,-1.713313269340875689e+00,6.948130769129098883e-02,1.052014557330217537e+00,-2.829241644936001873e-02,-1.023141824038921177e+00,-1.029848598483838886e-04
9.010558599242391997e-01,-2.811109276505202814e+00,-2.152868774062802748e-01,-1.694766539174683562e+00,6.878858349434319175e-02,1.079857036924871894e+00,-3.170101548275471026e-02,-1.047575893083304122e+00,-1.029505206767099539e-04
8.895253686563344697e-01,-2.769200956106558476e+00,-2.107470013656420893e-01,-1.668928586084577059e+00,6.779725555695424732e-02,1.106128392295214535e+00,-3.527352922771756494e-02,-1.070274923135302370e+00,-1.029161924092081022e-04
8.741077210726011515e-01,-2.715501550201873115e+00,-2.053794483668669735e-01,-1.636014380762401021e+00,6.651507750655781537e-02,1.130771080452200206e+00,-3.897682894062200892e-02,-1.091214499949386463e+00,-1.028818750637047990e-04
8.549076474280026261e-01,-2.650429151277186701e+00,-1.992367138237844948e-01,-1.596284790025403577e+00,6.495174832920101726e-02,1.153730118157568096e+00,-4.277046821212228400e-02,-1.110380086696528990e+00,-1.028475686593679665e-04
8.320561371321514299e-01,-2.574473845589893894e+00,-1.923745810691429026e-01,-1.550043127388597730e+00,6.311878972001509769e-02,1.174952707464948398e+00,-4.660687620024839273e-02,-1.127766456272226936e+00,-1.028132732175215979e-04
8.057091144691290729e-01,-2.488192083642454033e+00,-1.848513544540460185e-01,-1.497631614719283633e+00,6.102941708180879832e-02,1.194388016785433049e+00,-5.043185822696236165e-02,-1.143376971765506012e+00,-1.027789887519988527e-04
7.760459756637617668e-01,-2.392200920613196669e+00,-1.767271502971965169e-01,-1.439427794652237136e+00,5.869840553900777802e-02,1.211987133820951357e+00,-5.418542683136245292e-02,-1.157222708339099793e+00,-1.027447152819520131e-04
7.432679983094012677e-01,-2.287172177488822289e+00,-1.680632532417424274e-01,-1.375840925937684700e+00,5.614195211268081798e-02,1.227703198546998831e+00,-5.780297056777247700e-02,-1.169321417414083353e+00,-1.027104528228187493e-04
7.075966333264285257e-01,-2.173826562761501435e+00,-1.589215428962218457e-01,-1.307308386538849732e+00,5.337753498479684555e-02,1.241491714893786735e+00,-6.121674897605437760e-02,-1.179696343380713941e+00,-1.026762013923962805e-04
6.692716889373131472e-01,-2.052927784562724955e+00,-1.493639931098322826e-01,-1.234292102515576861e+00,5.042377058184363547e-02,1.253311029378309405e+00,-6.435768125208632395e-02,-1.188374913560017454e+00,-1.026419610035600905e-04
6.285494157155016026e-01,-1.925276674407396360e+00,-1.394522439157726001e-01,-1.157275014776121935e+00,4.730026903863494836e-02,1.263122954317688951e+00,-6.715737458074502730e-02,-1.195387333084155346e+00,-1.026077316732438313e-04
5.857005017312211237e-01,-1.791705336826150852e+00,-1.292472441268405769e-01,-1.076757590968086209e+00,4.402748847456880443e-02,1.270893503183137652e+00,-6.955031751274333429e-02,-1.200765126873541977e+00,-1.025735134153944495e-04
5.410079872070920892e-01,-1.653071334242021795e+00,-1.188089608147107623e-01,-9.932543862202178886e-01,4.062658843051560054e-02,1.276593696950536039e+00,-7.147614596670374965e-02,-1.204539679985355161e+00,-1.025393062430373601e-04
4.947651089628919419e-01,-1.510251913666979640e+00,-1.081961504621474224e-01,-9.072906542419407749e-01,3.711928277902593054e-02,1.280200393780963841e+00,-7.288187619829289421e-02,-1.206740834324929068e+00,-1.025051101699270229e-04
4.472730861757103771e-01,-1.364138280939759973e+00,-9.746618544879986912e-02,-8.193990093152470067e-01,3.352769242781204750e-02,1.281697090720308907e+00,-7.372399196814800881e-02,-1.207395603177440213e+00,-1.024709252089428790e-04
3.988388605287280786e-01,-1.215629929041530666e+00,-8.667492869441129066e-02,-7.301161398183908524e-01,2.987419818029092566e-02,1.281074645865287520e+00,-7.397027332949245026e-02,-1.206527064586310205e+00,-1.024367513719822716e-04
3.497728054546560550e-01,-1.065629028931017963e+00,-7.587664871454286031e-02,-6.399795747618206576e-01,2.618129418261432029e-02,1.278331872852227491e+00,-7.360126254421595071e-02,-1.204153489925904097e+00,-1.024025886710633109e-04
3.003864207230182437e-01,-9.150348938012129452e-01,-6.512396700463479737e-02,-5.495245060735625131e-01,2.247144246085895636e-02,1.273475966534221016e+00,-7.261127853532949039e-02,-1.200287755126238753e+00,-1.023684371183720092e-04
2.509900298226974691e-01,-7.647385299711348949e-01,-5.446782952273027112e-02,-4.592806706257057670e-01,1.876692911726277058e-02,1.266522728931283481e+00,-7.100891417087770718e-02,-1.194937069339218727e+00,-1.023342967242585940e-04
2.018904982947880011e-01,-6.156172893132723090e-01,-4.395749405642662699e-02,-3.697692969620551828e-01,1.508972279871796662e-02,1.257496577264609616e+00,-6.881697902770976538e-02,-1.188103040209127492e+00,-1.023001674989517946e-04
1.533889912338710637e-01,-4.685296387647506222e-01,-3.364052541027445775e-02,-2.815001221206063775e-01,1.146133606392917004e-02,1.246430330168221579e+00,-6.607188200751738794e-02,-1.179782077468234380e+00,-1.022660494536937304e-04
1.057787875655484822e-01,-3.243100619620706837e-01,-2.356279062374166955e-02,-1.949684837727807540e-01,7.902690254891389654e-03,1.233364782874142973e+00,-6.282248080003380308e-02,-1.169966118658773091e+00,-1.022319425976800621e-04
5.934316748231438510e-02,-1.837641065090105386e-01,-1.376844682685141041e-02,-1.106524921998452982e-01,4.433984427206660861e-03,1.218348096119242552e+00,-5.912845611341799312e-02,-1.158643643809393886e+00,-1.021978469402808174e-04
1.435338771598981822e-02,-4.766358818586358126e-02,-4.299914869970888898e-03,-2.901028559990281863e-02,1.074568821329183188e-03,1.201435035595165735e+00,-5.505829536731106366e-02,-1.145800931192049621e+00,-1.021637624910054926e-04
-2.893324264108865229e-02,8.325803890035832211e-02,4.802167455119521478e-03,4.952262880415325697e-02,-2.157176722494255627e-03,1.182686108025385652e+00,-5.068699111671406965e-02,-1.131423494975159150e+00,-1.021296892574942981e-04
-7.027517505098979100e-02,2.083101390392743113e-01,1.349901793486957269e-02,1.245359460534127827e-01,-5.243959073495896295e-03,1.162166645723422764e+00,-4.609357239135515594e-02,-1.115497638442466855e+00,-1.020956272490314059e-04
-1.094483142564230960e-01,3.268491720494779429e-01,2.175381249117808169e-02,1.956470453018752664e-01,-8.169682558395244265e-03,1.139945893429940016e+00,-4.135859167289722416e-02,-1.098012053852923664e+00,-1.020615764733663952e-04
-1.462475832939591491e-01,4.382827835295017849e-01,2.953182084531491558e-02,2.625033793902260548e-01,-1.091955387329665572e-02,1.116096149336887944e+00,-3.656168643733363754e-02,-1.078959401922439554e+00,-1.020275369380488502e-04
-1.804883541606685515e-01,5.420736983274894172e-01,3.680057695014193886e-02,3.247847672166801480e-01,-1.348018085278039624e-02,1.090692006827340688e+00,-3.177932283067154418e-02,-1.058337809888039160e+00,-1.019935086503029591e-04
-2.120077378561422421e-01,6.377434029416644279e-01,4.353008428395671592e-02,3.822055808015645262e-01,-1.583966471464154369e-02,1.063809735196235007e+00,-2.708281148942726091e-02,-1.036152236408100391e+00,-1.019594916172144439e-04
-2.406657273837844446e-01,7.248755966396389638e-01,4.969305441437121829e-02,4.345168148414835230e-01,-1.798768528631997099e-02,1.035526827282369888e+00,-2.253666355129518850e-02,-1.012415663183684478e+00,-1.019254858460390430e-04
-2.663461867961975926e-01,8.031193841076298412e-01,5.526517549141707342e-02,4.815080218200140649e-01,-1.991557858031882400e-02,1.005921730456570184e+00,-1.819733052693028874e-02,-9.871500860749228279e-01,-1.018914913420201478e-04
-2.889576786673311304e-01,8.721921749931520473e-01,6.022540558053163240e-02,5.230090907452895621e-01,-2.161640593478696137e-02,9.750737657056292029e-01,-1.411234692981735983e-02,-9.603872915550889511e-01,-1.018575081119934769e-04
-3.084341216612767056e-01,9.318822484739377465e-01,6.455628406986330114e-02,5.588918427427898017e-01,-2.308501378801580683e-02,9.430632284865279047e-01,-1.031987121651878336e-02,-9.321694166245634294e-01,-1.018235361615234269e-04
-3.247352693231275733e-01,9.820509346237940029e-01,6.824425285407625941e-02,5.890714124465916690e-01,-2.431808302752649920e-02,9.099716553219863169e-01,-6.848600177550637214e-03,-9.025493010155153373e-01,-1.017895754963046883e-04
-3.378470009903797866e-01,1.022634359440372620e+00,7.127997767990307265e-02,6.135073807700877069e-01,-2.531416675916869918e-02,8.758822322956276718e-01,-3.718015524517268022e-03,-8.715906490999316691e-01,-1.017556261213594618e-04
-3.477814159313761255e-01,1.053644697427562171e+00,7.365865899987697474e-02,6.322046224963051575e-01,-2.607371529040203306e-02,8.408803160050799530e-01,-9.389096625311288413e-04,-8.393680250702961754e-01,-1.017216880421693923e-04
-3.545767225243604548e-01,1.075170874928097486e+00,7.538032097609118076e-02,6.452138314276469888e-01,-2.659908712209488324e-02,8.050540342524958870e-01,1.485869310160065071e-03,-8.059667086304835859e-01,-1.016877612635796844e-04
-3.582969155180411036e-01,1.087378669170218526e+00,7.645006694969197492e-02,6.526316867024781754e-01,-2.689454479875409698e-02,7.684949327246701767e-01,3.560515700619396040e-03,-7.714824397743237361e-01,-1.016538457890149127e-04
-3.590312361550537235e-01,1.090510152315858683e+00,7.687828977491781290e-02,6.546006263858870078e-01,-2.696623457960564685e-02,7.312986348941188375e-01,5.295268078231996078e-03,-7.360210805436888659e-01,-1.016199416241739148e-04
-3.568934121456899256e-01,1.084882436635822955e+00,7.668082592995612012e-02,6.513081985601776314e-01,-2.682214906069528559e-02,6.935654850353936141e-01,6.705370617916761589e-03,-6.996982193880247891e-01,-1.015860487717987193e-04
-3.520206771089676723e-01,1.070885686205053311e+00,7.587904326556454970e-02,6.429859658305239201e-01,-2.647207209892678964e-02,6.554011481841179876e-01,7.810042339696704472e-03,-6.626387403629516726e-01,-1.015521672367037667e-04
-3.445725720717277563e-01,1.048980371987887406e+00,7.449985362376465581e-02,6.299079462923975470e-01,-2.592750565699215165e-02,6.169171456523681041e-01,8.631493851036051157e-03,-6.249763753879885586e-01,-1.015182970219980066e-04
-3.347295348917557201e-01,1.019693760705453922e+00,7.257564333554228364e-02,6.123885824781558629e-01,-2.520157849978531261e-02,5.782313099548868074e-01,9.194021753887879345e-03,-5.868532535798077765e-01,-1.014844381307317063e-04
-3.226912869767846193e-01,9.836156431350626672e-01,7.014411674298903776e-02,5.907802394152839032e-01,-2.430893702096698084e-02,5.394681483390104670e-01,9.523201516054805027e-03,-5.484194576535271759e-01,-1.014505905667373309e-04
-3.086750303614604896e-01,9.413933242056906625e-01,6.724805033739297833e-02,5.654702435068337252e-01,-2.326561885687897929e-02,5.007591092531546995e-01,9.645190900296668479e-03,-5.098325938203012164e-01,-1.014167543329301508e-04
-2.929134720314414686e-01,8.937259150971212929e-01,6.393495779444061111e-02,5.368774852712390189e-01,-2.208891034702141487e-02,4.622427508191135903e-01,9.586148401518938822e-03,-4.712573786968112799e-01,-1.013829294324913643e-04
-2.756526963090287219e-01,8.413579861491560230e-01,6.025666903611434644e-02,5.054486208040090967e-01,-2.079718931815440625e-02,4.240648145298057115e-01,9.371764808216574705e-03,-4.328652445644534108e-01,-1.013491158671546378e-04
-2.571499100964691475e-01,7.850726583756111321e-01,5.626882937477160895e-02,4.716539189043685854e-01,-1.940975509520587172e-02,3.863782109055871050e-01,9.026901082071027427e-03,-3.948339629052478594e-01,-1.013153136393819234e-04
-2.376710897767495556e-01,7.256842303299262387e-01,5.203032769442626770e-02,4.359828128587460716e-01,-1.794664806802477239e-02,3.493429266438513037e-01,8.575322227437891243e-03,-3.573472854209268079e-01,-1.012815227515623012e-04
-2.174885625687144608e-01,6.640304556279887915e-01,4.760266541061725087e-02,3.989392276486584121e-01,-1.642846156146073391e-02,3.131258649270875494e-01,8.039514602428757262e-03,-3.205946016520769826e-01,-1.012477432062677563e-04
-1.968785590766745086e-01,6.009646041496830016e-01,4.304928052005622952e-02,3.610367645529543035e-01,-1.487614915804531118e-02,2.779006319943551073e-01,7.440573054006499598e-03,-2.847706126847059926e-01,-1.012139750045280232e-04
-1.761187776633227342e-01,5.373474565598347352e-01,3.843484333008488629e-02,3.227938355664254910e-01,-1.331083100300867877e-02,2.438472839330873831e-01,6.798144161879668412e-03,-2.500750211859433803e-01,-1.011802181488488016e-04
-1.554860050534632165e-01,4.740393969328579038e-01,3.382454236949010429e-02,2.847288495099029593e-01,-1.175360297238626020e-02,2.111520479103715375e-01,6.130412565078877801e-03,-2.167122389618949263e-01,-1.011464726403865286e-04
-1.352538412511471444e-01,4.118927817767947808e-01,2.928338047559337493e-02,2.473555600500557117e-01,-1.022535290379435191e-02,1.800070318347602449e-01,5.454118645937266335e-03,-1.848911143034340510e-01,-1.011127384803105840e-04
-1.156905804158311901e-01,3.517447755410547661e-01,2.487550210620314423e-02,2.111786930190198142e-01,-8.746588374273609953e-03,1.506099357627183055e-01,4.784597605670990600e-03,-1.548246824682321110e-01,-1.010790156703167278e-04
-9.705730277994961686e-02,2.944108526888002952e-01,2.066357352789791046e-02,1.766899763809526291e-01,-7.337280758764710628e-03,1.231637772980261059e-01,4.135832050030067639e-03,-1.267299436658095024e-01,-1.010453042114745526e-04
-7.960623603405782289e-02,2.406791748114605611e-01,1.670823771895584009e-02,1.443647010584478696e-01,-6.016730520603655319e-03,9.787664184598679484e-02,3.520512506717154294e-03,-1.008276738291629671e-01,-1.010116041043955889e-04
-6.357944787664815411e-02,1.913060582615931926e-01,1.306766564271349268e-02,1.146589447422321495e-01,-4.803458875943605010e-03,7.496146694735891791e-02,2.950102727153890506e-03,-7.734227425046542870e-02,-1.009779153501183670e-04
-4.920793464968809677e-02,1.470127537268594298e-01,9.797225080917376649e-03,8.800759399625390778e-02,-3.715131144103440974e-03,5.463586809151679824e-02,2.434909106655227910e-03,-5.650166681439821453e-02,-1.009442379494078729e-04
-3.671117422885922937e-02,1.084837645482274737e-01,6.949287563454246974e-03,6.482330275591412228e-02,-2.768517255948733415e-03,3.712201150542646794e-02,1.984156015604745735e-03,-3.853724211830401869e-02,-1.009105719025877001e-04
-2.629721463394259912e-02,7.636693589079741884e-02,4.573193221152590734e-03,4.549652803570272686e-02,-1.979495051936576086e-03,2.264653751036653506e-02,1.606071192545134065e-03,-2.368386822199897851e-02,-1.008769172103324936e-04
-1.816337327521714076e-02,5.127555279765992624e-02,2.715392756434936890e-03,3.039678676600749904e-02,-1.363102175384798415e-03,1.144053628441681590e-02,1.307987521459965524e-03,-1.217996818754126138e-02,-1.008432738727540887e-04
-1.249762537543509626e-02,3.379269224548411138e-02,1.419785324263383953e-03,1.987528154578560927e-02,-9.336425651785500547e-04,3.739576369521856354e-03,1.096469393598383359e-03,-4.267674948119621822e-03,-1.008096418899887426e-04
-9.480764024405679766e-03,2.447808340318733539e-02,7.282711078038570486e-04,1.426904827097774664e-02,-7.048537933495337138e-04,-2.162147880468421376e-04,9.774733157280467589e-04,-1.930724567699864964e-04,-1.007760212624302240e-04
-8.797497979240852944e-03,2.236053358856904261e-02,5.692639637038224461e-04,1.299377164562439541e-02,-6.528700471121343454e-04,-8.781244901823908634e-04,9.396293760501714561e-04,5.064965002030013576e-04,-1.007424119895520713e-04
-9.111085798340298053e-03,2.145080307370240622e-02,7.640244883679595455e-05,1.226331482652530912e-02,-6.417856290308684855e-04,-8.600677341776668530e-04,9.109985618673812832e-04,5.168859327915256837e-04,-1.007088140716608021e-04
-1.507596588539442638e-02,1.869421328471769506e-02,-4.932102330218846899e-03,8.550349729542255223e-03,-8.971025877848595124e-04,-8.135026864804343651e-04,8.358020738452774049e-04,5.453328067783879546e-04,-1.006752275081740643e-04
-2.519176324346314097e-02,1.412708767841635259e-02,-1.339077085761233507e-02,2.326095292565541050e-03,-1.266779795174700386e-03,-7.362492098863049686e-04,7.121034440278633691e-04,5.915934529259039886e-04,-1.006416522987484911e-04
-4.092919822330041979e-02,7.547342279245753544e-03,-2.639295313411272118e-02,-6.988902809941972827e-03,-1.870431088962691253e-03,-6.269306825313148215e-04,5.366903165899789907e-04,6.575036051835875250e-04,-1.006080884429495342e-04
-6.181992591618691579e-02,-9.564880827114682297e-04,-4.358336936286773267e-02,-1.919304463603013766e-02,-2.674248241440362224e-03,-4.865209919587964592e-04,3.113923408833583952e-04,7.422075017428289697e-04,-1.005745359402217704e-04
-8.778414075552179452e-02,-1.135374690791597294e-02,-6.489690035313379346e-02,-3.424098731030369991e-02,-3.675138849513602795e-03,-3.154829590927864854e-04,3.694442237264092878e-05,8.454330580762338529e-04,-1.005409947897996446e-04
-1.187427047103633282e-01,-2.361345149244496039e-02,-9.026879608833665580e-02,-5.208736011447048786e-02,-4.870040099262749889e-03,-1.142359834719623084e-04,-2.860103535446922819e-04,9.669565883134221109e-04,-1.005074649911701800e-04
-1.546171972320083965e-01,-3.770419547604429711e-02,-1.196346813462907527e-01,-7.268671136176250991e-02,-6.255921500367404853e-03,1.168514252611665147e-04,-6.569367027348257341e-04,1.106611317967287015e-03,-1.004739465432114037e-04
-1.953299621142459697e-01,-5.359405723072573069e-02,-1.529305609176062064e-01,-9.599345842736214940e-02,-7.829787454917630854e-03,3.774687597144347519e-04,-1.075422361546302368e-03,1.264295490768132212e-03,-1.004404394449283431e-04
-2.408041513241574449e-01,-7.125051387502899514e-02,-1.900928243974776555e-01,-1.219618408017082295e-01,-9.588679665663660603e-03,6.673703307304289668e-04,-1.541192669237695032e-03,1.439980135138460527e-03,-1.004069436955424600e-04
-2.909637658729425924e-01,-9.064036073002000593e-02,-2.310582505440634815e-01,-1.505458760589021561e-01,-1.152967938841272834e-02,9.863818496067206301e-04,-2.054124650077009204e-03,1.633716564042571448e-03,-1.003734592938312079e-04
-3.457336937679507116e-01,-1.117296360124868104e-01,-2.757640111708037356e-01,-1.816993186096318991e-01,-1.364990953310901180e-02,1.334406845862476636e-03,-2.614260740280887566e-03,1.845643684175444056e-03,-1.003399862385725148e-04
-4.050397451387036662e-01,-1.344835505639965234e-01,-3.241476745769978351e-01,-2.153756211257057962e-01,-1.594653661907626668e-02,1.711432991468651247e-03,-3.221822313157868614e-03,2.075995196867523769e-03,-1.003065245282775542e-04
-4.688086845460046614e-01,-1.588664224148990944e-01,-3.761472084625196999e-01,-2.515278984983853605e-01,-1.841677258830573191e-02,2.117538407248571643e-03,-3.877223163797297728e-03,2.325106776392421234e-03,-1.002730741621062185e-04
-5.369682605746146642e-01,-1.848416159802837022e-01,-4.317009823360060672e-01,-2.901088942188906339e-01,-2.105787648242300747e-02,2.552898031148341344e-03,-4.581083121742202807e-03,2.593423314328783570e-03,-1.002396351379994047e-04
-6.094472327258591005e-01,-2.123714856745985702e-01,-4.907477693637151139e-01,-3.310709490367410579e-01,-2.386715598759413942e-02,3.017790129758334515e-03,-5.334241967433185627e-03,2.881506324520244702e-03,-1.002062074549045961e-04
-6.861753956916023522e-01,-2.414173237553559614e-01,-5.532267476590178035e-01,-3.743659717879320170e-01,-2.684196885240084512e-02,3.512603040031086511e-03,-6.137773836265344313e-03,3.190041605419881993e-03,-1.001727911112906691e-04
-7.670836010449267883e-01,-2.719393121732060492e-01,-6.190775009703186615e-01,-4.199454122478072371e-01,-2.997972418345979523e-02,4.037842231138817975e-03,-6.993002301806891877e-03,3.519847261403285729e-03,-1.001393861052569359e-04
-8.521037764020575889e-01,-3.038964782333832271e-01,-6.882400187467972996e-01,-4.677602358886346900e-01,-3.327788362344244466e-02,4.594137779845304526e-03,-7.901516339238396844e-03,3.871882190894559810e-03,-1.001059924351102522e-04
-9.411689421184110671e-01,-3.372466538560046634e-01,-7.606546955621245054e-01,-5.177609004122716296e-01,-3.673396241656898958e-02,5.182252359941142902e-03,-8.865187380152361046e-03,4.247255151673914007e-03,-1.000726100992466899e-04
-1.034213225548624049e+00,-3.719464382266285396e-01,-8.362623298542857242e-01,-5.698973339209711941e-01,-4.034553036602939874e-02,5.803089849465380839e-03,-9.886187681525569759e-03,4.647234522681872697e-03,-1.000392390959990713e-04
-1.131171872955327951e+00,-4.079511636270156671e-01,-9.150041219774450729e-01,-6.241189146048945480e-01,-4.411021268878236729e-02,6.457704666871833671e-03,-1.096701024519044360e-02,5.073258887288597391e-03,-1.000058794228091266e-04
-1.231981259078901880e+00,-4.452148642346611673e-01,-9.968216715112714343e-01,-6.803744518023018273e-01,-4.802569077189743768e-02,7.147311955373714110e-03,-1.211049053961943053e-02,5.526948570745841491e-03,-9.997253107850139083e-05
-1.336578894460838551e+00,-4.836902476694617814e-01,-1.081656973825202206e+00,-7.386121683051122266e-01,-5.208970283624790587e-02,7.873298741176220153e-03,-1.331983029346250555e-02,6.010118275487799297e-03,-9.993919406057036770e-05
-1.444903430550888324e+00,-5.233286690713438993e-01,-1.169452415854331573e+00,-7.987796837678813322e-01,-5.630004451215177286e-02,8.637236203348301264e-03,-1.459862365106099659e-02,6.524790966782833407e-03,-9.990586836693928147e-05
-1.556894662658376616e+00,-5.640801074803730719e-01,-1.260150771060136954e+00,-8.608239990785853113e-01,-6.065456933229651515e-02,9.440893202437971449e-03,-1.595088600370556803e-02,7.073213175358659954e-03,-9.987255399562162982e-05
-1.672493530818591312e+00,-6.058931442797570455e-01,-1.353695193553529519e+00,-9.246914815448068481e-01,-6.515118914771861336e-02,1.028625122923683931e-02,-1.738108583729106038e-02,7.657871896319036475e-03,-9.983925094456957169e-05
-1.791642118614579893e+00,-6.487149434639963852e-01,-1.450029211337143131e+00,-9.903278507414130516e-01,-6.978787447199988336e-02,1.117552094872627765e-02,-1.889417996794892640e-02,8.281513280807005148e-03,-9.980595921180973715e-05
-1.914283650034692474e+00,-6.924912334720847440e-01,-1.549096718644706883e+00,-1.057678164862060122e+00,-7.456265475998086201e-02,1.211116053178877897e-02,-2.049565257276288188e-02,8.947163334990713285e-03,-9.977267879432164736e-05
-2.040362484423020373e+00,-7.371662903065123729e-01,-1.650841967333467775e+00,-1.126686807396076517e+00,-7.947361862725499382e-02,1.309589598593293575e-02,-2.219155846202263555e-02,9.658150861674508550e-03,-9.973940969037370949e-05
-2.169824109597746187e+00,-7.826829216560623470e-01,-1.755209557297307876e+00,-1.197297473956503211e+00,-8.451891401703974516e-02,1.413274371805142704e-02,-2.398857108527210208e-02,1.041813290347357035e-02,-9.970615189743233279e-05
-2.302615133209249709e+00,-8.289824517041060048e-01,-1.862144425855284169e+00,-1.269453159058107516e+00,-8.969674832169084733e-02,1.522503558705296661e-02,-2.589403581474138821e-02,1.123112297371639534e-02,-9.967290541371432995e-05
-2.438683272425647530e+00,-8.760047062720722755e-01,-1.971591836071092674e+00,-1.343096142626643674e+00,-9.500538846695462392e-02,1.637644673113274746e-02,-2.791602910645551647e-02,1.210152239021103707e-02,-9.963967023483099965e-05
-2.577977342021640084e+00,-9.236879979254293271e-01,-2.083497363945034486e+00,-1.418167976002030262e+00,-1.004431609673153009e-01,1.759102648638111513e-02,-3.006342420568831886e-02,1.303415506213824807e-02,-9.960644635958951622e-05
-2.720447240981857639e+00,-9.719691106176971962e-01,-2.197806884428108454e+00,-1.494609467171421624e+00,-1.060084519623294141e-01,1.887323274813012403e-02,-3.234596413494469219e-02,1.403430611666035485e-02,-9.957323378577471909e-05
-2.866043937719473522e+00,-1.020783283399469887e+00,-2.314466556186580704e+00,-1.572360664932344720e+00,-1.116997072446407474e-01,2.022797016558696218e-02,-3.477434278458305800e-02,1.510776479490731974e-02,-9.954003251061138951e-05
-3.014719454014066269e+00,-1.070064192654405222e+00,-2.433422805028148339e+00,-1.651360841640348243e+00,-1.175154322915468591e-01,2.166063260419540809e-02,-3.736029501709585421e-02,1.626087209392294841e-02,-9.950684253222099815e-05
-3.166426847825027480e+00,-1.119743932253607355e+00,-2.554622305915553060e+00,-1.731548474163086659e+00,-1.234541923143312736e-01,2.317715035948361701e-02,-4.011669679741769468e-02,1.750057368311510805e-02,-9.947366384570690851e-05
-3.321120195103828721e+00,-1.169752990923135449e+00,-2.678011963442481935e+00,-1.812861222584494003e+00,-1.295146123407150129e-01,2.478404266045241069e-02,-4.305767647250674512e-02,1.883447868039664005e-02,-9.944049645024789167e-05
-3.478754570787812916e+00,-1.220020226009831843e+00,-2.803538890653455962e+00,-1.895235906144193017e+00,-1.356953773489442960e-01,2.648847606019741688e-02,-4.619873844879094499e-02,2.027092493913069601e-02,-9.940734034217577997e-05
-3.639286029149133128e+00,-1.270472832709311106e+00,-2.931150386048559486e+00,-1.978608475809883194e+00,-1.419952324740993421e-01,2.829832937967394907e-02,-4.955690065184389925e-02,2.181905156388956254e-02,-9.937419551890872211e-05
-3.802671583727175175e+00,-1.321036307643653540e+00,-3.060793908597577939e+00,-2.062913982773244115e+00,-1.484129833114973263e-01,3.022226594237293132e-02,-5.315084730069194463e-02,2.348887945020650125e-02,-9.934106197785776528e-05
-3.968869187077071370e+00,-1.371634405496898967e+00,-3.192417050537896817e+00,-2.148086542036176994e+00,-1.549474963454608445e-01,3.226981391781928027e-02,-5.700109869208922625e-02,2.529140072531652073e-02,-9.930793971752164184e-05
-4.137837710627646715e+00,-1.422189087181572109e+00,-3.325967507701817816e+00,-2.234059290107439644e+00,-1.615976995372267466e-01,3.445145568004746861e-02,-6.113019986483481799e-02,2.723867805393487967e-02,-9.927482873241164605e-05
-4.309536924961411941e+00,-1.472620457737420896e+00,-3.461393047051934069e+00,-2.320764335646992027e+00,-1.683625831111847382e-01,3.677872717812134817e-02,-6.556293019868206229e-02,2.934395486676727796e-02,-9.924172902148756725e-05
-4.483927480898614704e+00,-1.522846691820379572e+00,-3.598641471045766593e+00,-2.408132701673199261e+00,-1.752412005862204192e-01,3.926432841754975284e-02,-7.032653620105643044e-02,3.162177766571609705e-02,-9.920864057913861853e-05
-4.660970891813200012e+00,-1.572783944252625687e+00,-3.737660578370666897e+00,-2.496094257695156582e+00,-1.822326701070624833e-01,4.192224625318727305e-02,-7.545098993415297328e-02,3.408813165808181889e-02,-9.917556340799365134e-05
-4.840629517689317041e+00,-1.622346242606137245e+00,-3.878398120491479695e+00,-2.584577639804020777e+00,-1.893361761412104272e-01,4.476789080147677152e-02,-8.096927574112677828e-02,3.676059107059940351e-02,-9.914249749964984136e-05
-5.022866551477122243e+00,-1.671445358235268630e+00,-4.020801753326068706e+00,-2.673510156386354808e+00,-1.965509716183256594e-01,4.781824688595388839e-02,-8.691770812581713079e-02,3.965848558353271547e-02,-9.910944285203743308e-05
-5.207646008451219721e+00,-1.719990651464883946e+00,-4.164818983248452788e+00,-2.762817676667620237e+00,-2.038763806047582117e-01,5.109204202878529777e-02,-9.333628382246415833e-02,4.280308440895824046e-02,-9.907639946379130755e-05
-5.394932719312414804e+00,-1.767888885806597532e+00,-4.310397106394918687e+00,-2.852424498724166924e+00,-2.113118016220922879e-01,5.460993259163462316e-02,-1.002690712368612125e-01,4.621779959098110124e-02,-9.904336733187937142e-05
-5.584692327951590762e+00,-1.815044005109252012e+00,-4.457483140084050000e+00,-2.942253192976797216e+00,-2.188567117397719475e-01,5.839470973283495542e-02,-1.077646405346413261e-01,4.992841013688762569e-02,-9.901034645087916370e-05
-5.776891294900267759e+00,-1.861356866323161219e+00,-4.606023744865665570e+00,-3.032224416357799157e+00,-2.265106715966789808e-01,6.247152688086683725e-02,-1.158765376562264082e-01,5.396330855861471154e-02,-9.897733682187453421e-05
-5.971496907645958530e+00,-1.906724919175291522e+00,-4.755965135403789290e+00,-3.122256691417387486e+00,-2.342733315348824730e-01,6.686815040040813840e-02,-1.246638054192271416e-01,5.835377130907257182e-02,-9.894433843530619436e-05
-6.168477299168412031e+00,-1.951041822375023216e+00,-4.907252978023042722e+00,-3.212266143520337458e+00,-2.421444390633624988e-01,7.161523502472007252e-02,-1.341915545629578377e-01,6.313425439429934394e-02,-9.891135129387565071e-05
-6.367801476226744306e+00,-1.994196983961027847e+00,-5.059832272259527031e+00,-3.302166187928215813e+00,-2.501238479098832901e-01,7.674662541198536136e-02,-1.445315870244477940e-01,6.834271509313898096e-02,-9.887837539183908474e-05
-6.569439359114823240e+00,-2.036075011127651990e+00,-5.213647213210320430e+00,-3.391867157032170343e+00,-2.582115289648697076e-01,8.229968480582286472e-02,-1.557630728094347994e-01,7.402096016767749365e-02,-9.884541072937841203e-05
-6.773361834795934122e+00,-2.076555052114108513e+00,-5.368641030778912082e+00,-3.481275856131094582e+00,-2.664075834758660721e-01,8.831565118252097946e-02,-1.679732803985978518e-01,8.021502012230495582e-02,-9.881245729767402738e-05
-6.979540825508875557e+00,-2.115510009661708324e+00,-5.524755801117299470e+00,-3.570295034053361682e+00,-2.747122589115871816e-01,9.484002036346161901e-02,-1.812583585314523904e-01,8.697554787514268082e-02,-9.877951509695736729e-05
-7.187949375055625367e+00,-2.152805601983297290e+00,-5.681932224574833157e+00,-3.658822752464152561e+00,-2.831259679827478060e-01,1.019229542553964363e-01,-1.957241642079767252e-01,9.435823851938199280e-02,-9.874658412294768988e-05
-7.398561755095292014e+00,-2.188299243242050274e+00,-5.840109363359735184e+00,-3.746751634977722567e+00,-2.916493113824603634e-01,1.096197105183815690e-01,-2.114871275419080432e-01,1.024242645087077158e-01,-9.871366437338019168e-05
-7.611353593671005058e+00,-2.221838711258092847e+00,-5.999224330760995372e+00,-3.833967974168069226e+00,-3.002831048861404617e-01,1.179910873592860954e-01,-2.286751383025694140e-01,1.112407174055562303e-01,-9.868075584058407456e-05
-7.826302028021583368e+00,-2.253260565663238957e+00,-6.159211922306663922e+00,-3.920350671378243668e+00,-3.090284115315011793e-01,1.271038735945952680e-01,-2.474284311185189766e-01,1.208810430219746934e-01,-9.864785852779035585e-05
-8.043385883168568284e+00,-2.282388275361572738e+00,-6.320004177525628819e+00,-4.005769981004418057e+00,-3.178865796693625123e-01,1.370312893230955509e-01,-2.679004357825073290e-01,1.314254510519235752e-01,-9.861497242764909351e-05
-8.262585876843981936e+00,-2.309030010302505431e+00,-6.481529859181535791e+00,-4.090086027965118554e+00,-3.268592877306035205e-01,1.478533961558490262e-01,-2.902585451744469358e-01,1.429612727642375347e-01,-9.858209754150739517e-05
-8.483884849753863477e+00,-2.332976050041769334e+00,-6.643713834979551258e+00,-4.173147064815968754e+00,-3.359485965720495626e-01,1.596574475524518699e-01,-3.146847351565744688e-01,1.555832305615312827e-01,-9.854923385492565303e-05
-8.707268017722677556e+00,-2.353995761486794791e+00,-6.806476345020099572e+00,-4.254787434189373663e+00,-3.451570102205359647e-01,1.725381389461513315e-01,-3.413759474553602069e-01,1.693935707370193000e-01,-9.851638137677022850e-05
-8.932723238594256543e+00,-2.371834102229628094e+00,-6.969732136900537611e+00,-4.334825203923503345e+00,-3.544875456915678735e-01,1.865977035112054150e-01,-3.705441170485201385e-01,1.845019950941415576e-01,-9.848354009712607915e-05
-9.160241281452965012e+00,-2.386207616429551592e+00,-7.133389449839015128e+00,-4.413059448043501476e+00,-3.639438122648430696e-01,2.019457821744833348e-01,-4.024156890619405846e-01,2.010253078319202968e-01,-9.845071001411742683e-05
-9.389816078175037717e+00,-2.396799910633635733e+00,-7.297348830046429313e+00,-4.489267158762270782e+00,-3.735301000797802695e-01,2.186989754971764843e-01,-4.372304261579633144e-01,2.190866710514396132e-01,-9.841789112591909847e-05
-9.621444927043164341e+00,-2.403256631692429757e+00,-7.461501762843854912e+00,-4.563199795891753396e+00,-3.832514770784595792e-01,2.369799603625195039e-01,-4.752392561206559285e-01,2.388143356535613049e-01,-9.838508342622419517e-05
-9.855128604292479721e+00,-2.405180023814588175e+00,-7.625729113836577255e+00,-4.634579514270455114e+00,-3.931138920480684584e-01,2.569160266855770591e-01,-5.167008525659151363e-01,2.603396853390964605e-01,-9.835228691272119791e-05
-1.009087132166654044e+01,-2.402123223773159566e+00,-7.789899383662424626e+00,-4.703095161777252287e+00,-4.031242796642533488e-01,2.786368603594339133e-01,-5.618765835135890452e-01,2.837944022347673734e-01,-9.831950158171136453e-05
-1.032868044578152933e+01,-2.393584569950010010e+00,-7.953866800339222998e+00,-4.768398215392222639e+00,-4.132906608590257713e-01,3.022713718447000986e-01,-6.110234108158838495e-01,3.093065377321756459e-01,-9.828672743286305112e-05
-1.056856586888148364e+01,-2.379002359724617932e+00,-8.117469302667302600e+00,-4.830098925938794530e+00,-4.236222284041710751e-01,3.279433512097699732e-01,-6.643842913874138389e-01,3.369952586775286640e-01,-9.825396445731930173e-05
-1.081053889175700711e+01,-2.357750695030747412e+00,-8.280526509738628249e+00,-4.887763077049103622e+00,-4.341294032580087503e-01,3.557657294315927921e-01,-7.221756392247908884e-01,3.669640480904481361e-01,-9.822121265236062560e-05
-1.105461045161046485e+01,-2.329137305671348468e+00,-8.442837827144106910e+00,-4.940909930137858730e+00,-4.448238420702177454e-01,3.858332559517888560e-01,-7.845714843587043852e-01,3.992921865600111420e-01,-9.818847201901774663e-05
-1.130078850682349767e+01,-2.292404519293865572e+00,-8.604180909900426499e+00,-4.989012116216834158e+00,-4.557183706719842298e-01,4.182134816916217579e-01,-8.516841486922062110e-01,4.340244450679717203e-01,-9.815574254693478580e-05
-1.154907438667600239e+01,-2.246734820166675473e+00,-8.764310781560904928e+00,-5.031498425281847986e+00,-4.668268132370083645e-01,4.529360857759308079e-01,-9.235415920388075905e-01,4.711591043030056714e-01,-9.812302424352076062e-05
-1.179945794133177728e+01,-2.191262641372831776e+00,-8.922959988920821317e+00,-5.067760593783698475e+00,-4.781636835486194337e-01,4.899808229984562447e-01,-1.000062104042718225e+00,5.106346991155479298e-01,-9.809031709239276640e-05
-1.205191140304867048e+01,-2.125094066469856102e+00,-9.079840234088836226e+00,-5.097165235429901742e+00,-4.897437056286483292e-01,5.292647087937155659e-01,-1.081027748160710900e+00,5.523162775278582792e-01,-9.805762109846908302e-05
-1.230638201123160691e+01,-2.047335844639748714e+00,-9.234645942936229090e+00,-5.119071912935240221e+00,-5.015811386576368713e-01,5.706294895797416888e-01,-1.166058875349021084e+00,5.959824440780806531e-01,-9.802493625597363694e-05
-1.256278367265402807e+01,-1.957134403254311650e+00,-9.387060165335311623e+00,-5.132857910573100035e+00,-5.136888985323118106e-01,6.138309228632243819e-01,-1.254593011873410546e+00,6.413149675253093651e-01,-9.799226255723095442e-05
-1.282098821863770510e+01,-1.853724263898073987e+00,-9.536763021409703001e+00,-5.137949461126034123e+00,-5.260774975008828402e-01,6.585318175043038957e-01,-1.345872276483634167e+00,6.878931577591199664e-01,-9.795960000632217572e-05
-1.308081714927624439e+01,-1.736483431896945318e+00,-9.683442585467943786e+00,-5.133857995705152888e+00,-5.387538634665117732e-01,7.043010115124923587e-01,-1.438943878542464638e+00,7.351953861327863438e-01,-9.792694858958333126e-05
-1.334203505051503313e+01,-1.604991130911955777e+00,-9.826807644943432507e+00,-5.120218536483399419e+00,-5.517201468207778570e-01,7.506203134512892117e-01,-1.532677815836957391e+00,7.826098418698119730e-01,-9.789430831357873663e-05
-1.360434602909691648e+01,-1.459081142518299679e+00,-9.966601247964057109e+00,-5.096825923651357115e+00,-5.649726647947035385e-01,7.969007497896951620e-01,-1.625804320298469330e+00,8.294557304325494984e-01,-9.786167917476047576e-05
-1.386739442026654245e+01,-1.298882655945901687e+00,-1.010261348275433946e+01,-5.063663593457786050e+00,-5.785011567760524054e-01,8.425081999066865723e-01,-1.716970829496866857e+00,8.750146100118996184e-01,-9.782906115561551227e-05
-1.413077060644129901e+01,-1.124840653348442077e+00,-1.023469167684295122e+01,-5.020919582946742565e+00,-5.922885140816182004e-01,8.867968112660343794e-01,-1.804814645123887562e+00,9.185696348357532681e-01,-9.779645426821878193e-05
-1.439402205364961418e+01,-9.377099155640874484e-01,-1.036274631195457729e+01,-4.968985657259031186e+00,-6.063110958965245434e-01,9.291468384635361843e-01,-1.888043790750989714e+00,9.594485738797925434e-01,-9.776385849954405643e-05
-1.465666875890303622e+01,-7.385206298411647330e-01,-1.048675148337522067e+01,-4.908437905368972842e+00,-6.205396538592751199e-01,9.690022542902614333e-01,-1.965515994612968331e+00,9.970651825877362429e-01,-9.773127385451122839e-05
-1.491822143974806281e+01,-5.285185066706171719e-01,-1.060673961111435659e+01,-4.840000335304267765e+00,-6.349407804037974223e-01,1.005903111892339385e+00,-2.036305173833115933e+00,1.030953324936710658e+00,-9.769870031898761408e-05
-1.517820024465382645e+01,-3.090869447938306425e-01,-1.072279111672072283e+01,-4.764496072726801756e+00,-6.494786997916489613e-01,1.039508411130329657e+00,-2.099746683536058534e+00,1.060789356190757537e+00,-9.766613789516912945e-05
-1.543615169438700718e+01,-8.166177568842736267e-02,-1.083502063153676254e+01,-4.682792838538556879e+00,-6.641171639861843667e-01,1.069606969522241213e+00,-2.155456487222593420e+00,1.086400422332671312e+00,-9.763358658196524332e-05
-1.569166199410307527e+01,1.523503379476892350e-01,-1.094356176593124630e+01,-4.595749890223999046e+00,-6.788212134133817521e-01,1.096116010290878906e+00,-2.203324173844066536e+00,1.107758889090968868e+00,-9.760104636743037877e-05
-1.594436563271050566e+01,3.916406357253576775e-01,-1.104855245275932241e+01,-4.504172544225677477e+00,-6.935586115793052064e-01,1.119069221333750308e+00,-2.243484031681604485e+00,1.124965356849216391e+00,-9.756851725688725019e-05
-1.619394906651695720e+01,6.350483680430362154e-01,-1.115012245439212890e+01,-4.408778244081556608e+00,-7.083008429782924331e-01,1.138597404155593296e+00,-2.276271146127007761e+00,1.138224109494511360e+00,-9.753599923762556578e-05
-1.644015003475956505e+01,8.815904223026443942e-01,-1.124838397475178375e+01,-4.310175637705258467e+00,-7.230236499967866992e-01,1.154905312538409667e+00,-2.302170327810820538e+00,1.147815203875356405e+00,-9.750349231873858336e-05
-1.668275353165866903e+01,1.130471932523901657e+00,-1.134342565209475495e+01,-4.208855947040017753e+00,-7.377071550112985765e-01,1.168247974461581684e+00,-2.321764858362346917e+00,1.154066893641636282e+00,-9.747099647993755992e-05
-1.692158563266162119e+01,1.381081502425950625e+00,-1.143530967839419077e+01,-4.105194451841181369e+00,-7.523356572402156717e-01,1.178908985721939029e+00,-2.335690209700511222e+00,1.157331054915478941e+00,-9.743851172707111567e-05
-1.715650629917986691e+01,1.632975581529952258e+00,-1.152407146636005741e+01,-3.999459251289656958e+00,-7.668972094211177204e-01,1.187182287128410341e+00,-2.344595755366150058e+00,1.157963120428722181e+00,-9.740603806036491371e-05
-1.738740206372856889e+01,1.885856434473896615e+00,-1.160972115950586137e+01,-3.891824469749025184e+00,-7.813830734159611380e-01,1.193358043707720917e+00,-2.349115582632751220e+00,1.156307012428125613e+00,-9.737357547415936452e-05
-1.761417922110358703e+01,2.139547422823638190e+00,-1.169224630427438427e+01,-3.782385494005352289e+00,-7.957871353472694143e-01,1.197712572199905567e+00,-2.349848109046274836e+00,1.152684831719616554e+00,-9.734112395436490849e-05
-1.783675788962498387e+01,2.393968343371591700e+00,-1.177161511359382828e+01,-3.671174432659578990e+00,-8.101053379231616391e-01,1.200501845865380446e+00,-2.347343360623543873e+00,1.147390631059584720e+00,-9.730868350632769232e-05
-1.805506709646767405e+01,2.649112601651635757e+00,-1.184777989465419168e+01,-3.558174600161704504e+00,-8.243351658058105658e-01,1.201957909862505502e+00,-2.342096396645781731e+00,1.140687424570841824e+00,-9.727625412740833425e-05
-1.826904089353279659e+01,2.905027190815698823e+00,-1.192068035367805834e+01,-3.443333349038886659e+00,-8.384752021404532352e-01,1.202287504385108230e+00,-2.334545328185506197e+00,1.132806583132091038e+00,-9.724383580086031528e-05
-1.847861542013117031e+01,3.161795846131730592e+00,-1.199024660778384899e+01,-3.326572966215609384e+00,-8.525247615605295870e-01,1.201672253344020946e+00,-2.325072536604845475e+00,1.123948864194598274e+00,-9.721142854571367391e-05
-1.868372678344375970e+01,3.419525346663867538e+00,-1.205640182226608381e+01,-3.207799614513818121e+00,-8.664835967474403544e-01,1.200269883119120973e+00,-2.314007946389382120e+00,1.114286465864051667e+00,-9.717903234062074042e-05
-1.888430961348733916e+01,3.678334701799619744e+00,-1.211906445199632643e+01,-3.086910459691702080e+00,-8.803516710206829021e-01,1.198216054446791912e+00,-2.301633472018787430e+00,1.103965641883713822e+00,-9.714664719156441345e-05
-1.908029615426296033e+01,3.938346847042677901e+00,-1.217815010316420476e+01,-2.963799204056165593e+00,-8.941289874245235136e-01,1.195626501014678045e+00,-2.288188000811018696e+00,1.093109545883910627e+00,-9.711427308352250270e-05
-1.927161576788282815e+01,4.199682440539587169e+00,-1.223357305206409507e+01,-2.838360275278869693e+00,-9.078154644471954082e-01,1.192599261523780374e+00,-2.273872474888674944e+00,1.081821081286186814e+00,-9.708191001963660592e-05
-1.945819474762882351e+01,4.462455367098833392e+00,-1.228524746642331600e+01,-2.710491914106848199e+00,-9.214108491471003637e-01,1.189216865370166465e+00,-2.258854791861625078e+00,1.070185616304330400e+00,-9.704955800177527780e-05
-1.963995635544985063e+01,4.726769597191885275e+00,-1.233308837619716414e+01,-2.580098382060815876e+00,-9.349146595790378544e-01,1.185548386885054040e+00,-2.243274359179133981e+00,1.058273484056390323e+00,-9.701721701097090278e-05
-1.981682101734159218e+01,4.992717099428732652e+00,-1.237701243796568917e+01,-2.447091479947225423e+00,-9.483261496928450107e-01,1.181651322166364038e+00,-2.227246218339020256e+00,1.046142229942236934e+00,-9.698488706404875359e-05
-1.998870662535104259e+01,5.260376557138717324e+00,-1.241693853207191900e+01,-2.311391536140648739e+00,-9.616442911267906180e-01,1.177573269190788086e+00,-2.210864709693068253e+00,1.033838596336947413e+00,-9.695256813868085200e-05
-2.015552890770294425e+01,5.529812688042671454e+00,-1.245278822603397018e+01,-2.172927993626180498e+00,-9.748677674530961124e-01,1.173353409249979995e+00,-2.194206683389420931e+00,1.021400252096988259e+00,-9.692026023717852730e-05
-2.031720183851464157e+01,5.801076008164731235e+00,-1.248448613204712387e+01,-2.031639698302694974e+00,-9.879949773989411543e-01,1.169023798362355038e+00,-2.177334282659913800e+00,1.008857284435766832e+00,-9.688796336098421562e-05
-2.047363806644676032e+01,6.074202916559690024e+00,-1.251196018124739417e+01,-1.887474968639654582e+00,-1.001024044370058430e+00,1.164610483241772521e+00,-2.160297336625018882e+00,9.962334757598607649e-01,-9.685567749562469888e-05
-2.062474934760833634e+01,6.349216006328481043e+00,-1.253514183290254991e+01,-1.740391508377312491e+00,-1.013952830251542814e+00,1.160134459191036971e+00,-2.143135404356030893e+00,9.835473898377555813e-01,-9.682340264737990644e-05
-2.077044697246267191e+01,6.626124530454377215e+00,-1.255396623284816826e+01,-1.590356209160196155e+00,-1.026778951969198106e+00,1.155612488051104725e+00,-2.125879512431220864e+00,9.708132914067533203e-01,-9.679113881199843765e-05
-2.091064217979869966e+01,6.904924969111403854e+00,-1.256837233236384677e+01,-1.437344878323595143e+00,-1.039499799693486715e+00,1.151057793843947241e+00,-2.108553626297254624e+00,9.580419218915323665e-01,-9.675888597981202805e-05
-2.104524655321634441e+01,7.185601659123646456e+00,-1.257830297613179127e+01,-1.281341917960706844e+00,-1.052112555871905997e+00,1.146480652567642089e+00,-2.091175892524448798e+00,9.452411518642984678e-01,-9.672664414293164316e-05
-2.117417239730760770e+01,7.468127456993364000e+00,-1.258370496590303844e+01,-1.122339974411386887e+00,-1.064614214507803469e+00,1.141888891055439226e+00,-2.073759685216845838e+00,9.324165285958329052e-01,-9.669441331998622090e-05
-2.129733309188748080e+01,7.752464415023423427e+00,-1.258452910487360654e+01,-9.603395719905312156e-01,-1.077001600274345661e+00,1.137288308148508786e+00,-2.056314485876383991e+00,9.195717347468976843e-01,-9.666219347556132728e-05
-2.141464342351044081e+01,8.038564456176739981e+00,-1.258073022656115469e+01,-7.953487407723678349e-01,-1.089271387184301165e+00,1.132683029783885909e+00,-2.038846622196252678e+00,9.067089720736165592e-01,-9.662998463368814084e-05
-2.152601989403835603e+01,8.326370037800813861e+00,-1.257226721097997668e+01,-6.273826452575244073e-01,-1.101420116627018331e+00,1.128075808050441609e+00,-2.021359887719860193e+00,8.938292820305188124e-01,-9.659778677469272896e-05
-2.163138100643323014e+01,8.615814797682313397e+00,-1.255910299020342080e+01,-4.564632185478125770e-01,-1.113444214655318065e+00,1.123468272849744931e+00,-2.003856061104618558e+00,8.809328133733889121e-01,-9.656559989468988024e-05
-2.173064752819538015e+01,8.906824178300466244e+00,-1.254120454485210878e+01,-2.826188050428669607e-01,-1.125340008453453944e+00,1.118861143538461222e+00,-1.986335340917266157e+00,8.680190453123528549e-01,-9.653342399937719909e-05
-2.182374273294810507e+01,9.199316026835134608e+00,-1.251854289259138042e+01,-1.058838135216857157e-01,-1.137103741949296420e+00,1.114254406828490973e+00,-1.968796709437003800e+00,8.550869734146374634e-01,-9.650125908206812610e-05
-2.191059262088698034e+01,9.493201169736597222e+00,-1.249109306949774911e+01,7.370161834728562733e-02,-1.148731590563230709e+00,1.109647466254171544e+00,-1.951238236828238826e+00,8.421352643102917312e-01,-9.646910512717267428e-05
-2.199112611871352385e+01,9.788383961447779669e+00,-1.245883410485419773e+01,2.560919475883874918e-01,-1.160219675096390013e+00,1.105039267706097172e+00,-1.933657335246255826e+00,8.291623842640314379e-01,-9.643696214122974826e-05
-2.206527525981683979e+01,1.008476280745306930e+01,-1.242174898985243026e+01,4.412365374887784464e-01,-1.171564074776543229e+00,1.100428404817644701e+00,-1.916050970900781358e+00,8.161667058521673290e-01,-9.640483011781795738e-05
-2.213297534536646793e+01,1.038223066214334267e+01,-1.237982464052165810e+01,6.290799572986891519e-01,-1.182760839482505544e+00,1.095813207396619804e+00,-1.898415840814110744e+00,8.031465962891661814e-01,-9.637270906987114238e-05
-2.219416508709058178e+01,1.068067550223529238e+01,-1.233305185520015712e+01,8.195622703447891233e-01,-1.193806001175343745e+00,1.091191815595685011e+00,-1.880748519911837668e+00,7.901004903479129649e-01,-9.634059896891567409e-05
-2.224878673239303595e+01,1.097998077653507387e+01,-1.228142526677176960e+01,1.012619310913689397e+00,-1.204695584563030497e+00,1.086562242081006158e+00,-1.863045583173468245e+00,7.770269503417943646e-01,-9.630849982350054087e-05
-2.229678617257846085e+01,1.128002583293462990e+01,-1.222494328993727919e+01,1.208182950293352320e+00,-1.215425617029611161e+00,1.081922424107617076e+00,-1.845303706797217336e+00,7.639247152139220232e-01,-9.627641161487212153e-05
-2.233811303483322774e+01,1.158068632345234583e+01,-1.216360806372842163e+01,1.406181352347258606e+00,-1.225992137855358655e+00,1.077270267103084933e+00,-1.827519751689111072e+00,7.507927404427505724e-01,-9.624433436199761153e-05
-2.237272075874820843e+01,1.188183458816581251e+01,-1.209742538955978652e+01,1.606539218977684591e+00,-1.236391206758947314e+00,1.072603681113614815e+00,-1.809690832049447362e+00,7.376302301823796093e-01,-9.621226805176223034e-05
-2.240056665803125213e+01,1.218334001876473138e+01,-1.202640466505503980e+01,1.809178025788390709e+00,-1.246618911786440131e+00,1.067920611249383089e+00,-1.791814371375502146e+00,7.244366628198480873e-01,-9.618021267680644071e-05
-2.242161196821048463e+01,1.248506940244669750e+01,-1.195055881398415565e+01,2.014016248220491079e+00,-1.256671376576075749e+00,1.063219063091858096e+00,-1.773888147823286632e+00,7.112118109296977631e-01,-9.614816822712281264e-05
-2.243582188103598796e+01,1.278688724679728494e+01,-1.186990421262325412e+01,2.220969578384552001e+00,-1.266544767023387141e+00,1.058497123875349777e+00,-1.755910330560294330e+00,6.979557564451022156e-01,-9.611613471993847840e-05
-2.244316556634826298e+01,1.308865608622819288e+01,-1.178446061289100655e+01,2.429951132770876487e+00,-1.276235297371471233e+00,1.053752980127163230e+00,-1.737879508466130929e+00,6.846689017183296144e-01,-9.608411211818502649e-05
-2.244361618221991250e+01,1.339023677053841155e+01,-1.169425106266393932e+01,2.640871650982252739e+00,-1.285739235752586307e+00,1.048984932350449872e+00,-1.719794712332978426e+00,6.713519770384132057e-01,-9.605210047303838511e-05
-2.243715087413584186e+01,1.369148873607382555e+01,-1.159930182365820883e+01,2.853639685596271569e+00,-1.295052909202966562e+00,1.044191407239206670e+00,-1.701655431517081762e+00,6.580060450675899730e-01,-9.602009971310564369e-05
-2.242375076407044432e+01,1.399227025997844009e+01,-1.149964228733292870e+01,3.068161783240856977e+00,-1.304172708177133488e+00,1.039370967847394578e+00,-1.683461625853930776e+00,6.446325025873188563e-01,-9.598810987686567941e-05
-2.240340093027108281e+01,1.429243869796451527e+01,-1.139530488924896190e+01,3.284342656942445426e+00,-1.313095090583637603e+00,1.034522322061039779e+00,-1.665213733502783011e+00,6.312330798708589708e-01,-9.595613096606514199e-05
-2.237609037861164296e+01,1.459185070604627654e+01,-1.128632502235682722e+01,3.502085349791365765e+00,-1.321816585366974328e+00,1.029644329682313897e+00,-1.646912675298594309e+00,6.178098379509523452e-01,-9.592416294022310715e-05
-2.234181200639627107e+01,1.489036244666464448e+01,-1.117274094969860698e+01,3.721291389966901342e+00,-1.330333795660105567e+00,1.024736008375062957e+00,-1.628559856074608181e+00,6.043651639970072376e-01,-9.589220583531197996e-05
-2.230056255948952426e+01,1.518782977964069403e+01,-1.105459371700579752e+01,3.941860937156985045e+00,-1.338643401531624644e+00,1.019796538695701305e+00,-1.610157163368070243e+00,5.909017649898146152e-01,-9.586025962586656188e-05
-2.225234258364276840e+01,1.548410843838004780e+01,-1.093192706567421446e+01,4.163692920411214082e+00,-1.346742162351379335e+00,1.014825268388351187e+00,-1.591706963830358923e+00,5.774226598366145602e-01,-9.582832429327886722e-05
-2.219715637095529814e+01,1.577905419181508151e+01,-1.080478734662500173e+01,4.386685167484644765e+00,-1.354626918801722146e+00,1.009821716107471845e+00,-1.573212097637923579e+00,5.639311700593750976e-01,-9.579639986427138955e-05
-2.213501190232386762e+01,1.607252299254329131e+01,-1.067322343551305153e+01,4.610734525732341105e+00,-1.362294594557875937e+00,1.004785574693886074e+00,-1.554675871126337761e+00,5.504309091528247766e-01,-9.576448633065506855e-05
-2.206592078680395019e+01,1.636437111167859371e+01,-1.053728664976988227e+01,4.835736974644175845e+00,-1.369742197664755246e+00,9.997167141190305140e-01,-1.536102047854354780e+00,5.369257707042911498e-01,-9.573258367065648185e-05
-2.198989819874761054e+01,1.665445526094087469e+01,-1.039703066793062902e+01,5.061587730123698670e+00,-1.376966821635537075e+00,9.946151841883847933e-01,-1.517494838261259194e+00,5.234199153475410649e-01,-9.570069189825912697e-05
-2.190696281361930176e+01,1.694263270257350129e+01,-1.025251145169692535e+01,5.288181340651082252e+00,-1.383965646300416630e+00,9.894812170786251304e-01,-1.498858888055461858e+00,5.099177566142654161e-01,-9.566881099422390412e-05
-2.181713674329877506e+01,1.722876134764920764e+01,-1.010378717113290747e+01,5.515411775483145540e+00,-1.390735938429638940e+00,9.843152297694531816e-01,-1.480199265450497181e+00,4.964239457383398113e-01,-9.563694096553876736e-05
-2.172044547176783169e+01,1.751269984344900266e+01,-9.950918133414910827e+00,5.743172505095920144e+00,-1.397275052161814024e+00,9.791178264198203696e-01,-1.461521447350582648e+00,4.829433554649357196e-01,-9.560508180951484108e-05
-2.161691779192319629e+01,1.779430765053877650e+01,-9.793966715467631090e+00,5.971356574083483082e+00,-1.403580429261244600e+00,9.738898007187396511e-01,-1.442831304559146322e+00,4.694810629085078291e-01,-9.557323351669727248e-05
-2.150658574434566361e+01,1.807344511028541589e+01,-9.632997300844550637e+00,6.199856666784193671e+00,-1.409649599234757966e+00,9.686321382399873947e-01,-1.424135086086146806e+00,4.560423315051893578e-01,-9.554139608241331283e-05
-2.138948455872746024e+01,1.834997350352028178e+01,-9.468076221125144798e+00,6.428565165917847324e+00,-1.415480179333298505e+00,9.633460188109922440e-01,-1.405439402607022714e+00,4.426325921030168642e-01,-9.550956950271093679e-05
-2.126565259867496138e+01,1.862375510114354427e+01,-9.299271702101599146e+00,6.657374204570179366e+00,-1.421069874466717398e+00,9.580328189006550588e-01,-1.386751209122053297e+00,4.292574232333092876e-01,-9.547775377326840607e-05
-2.113513131052983596e+01,1.889465320745073740e+01,-9.126653814959691857e+00,6.886175711880767381e+00,-1.426416477058093824e+00,9.526941140231097727e-01,-1.368077786860117051e+00,4.159225306107904307e-01,-9.544594890888407745e-05
-2.099796517682106156e+01,1.916253219702010924e+01,-8.950294432636816566e+00,7.114861452835745226e+00,-1.431517866864644883e+00,9.473316811414894678e-01,-1.349426724457645221e+00,4.026337259087653386e-01,-9.541415487028130421e-05
-2.085420167488732801e+01,1.942725754599942789e+01,-8.770267191478177793e+00,7.343323062590387806e+00,-1.436372010790241793e+00,9.419475010530959924e-01,-1.330805898446611568e+00,3.893969048618748374e-01,-9.538237167939588154e-05
-2.070389124117169288e+01,1.968869585867600236e+01,-8.586647458279362155e+00,7.571452075783927427e+00,-1.440976962716277399e+00,9.365437607251838603e-01,-1.312223453075674673e+00,3.762180247515014564e-01,-9.535059933721881089e-05
-2.054708724161439193e+01,1.994671489020112887e+01,-8.399512302749080561e+00,7.799139951335733123e+00,-1.445330863373842423e+00,9.311228555489675651e-01,-1.293687779494800294e+00,3.631030813363717025e-01,-9.531883782579085248e-05
-2.038384594850523968e+01,2.020118356636931978e+01,-8.208940475373029955e+00,8.026278093237079858e+00,-1.449431940281141085e+00,9.256873914657829383e-01,-1.275207494317799561e+00,3.500580852889600969e-01,-9.528708712621184167e-05
-2.021422652411153109e+01,2.045197200137107529e+01,-8.015012390628868388e+00,8.252757867888302457e+00,-1.453278507769118377e+00,9.202401869222595066e-01,-1.256791417593537741e+00,3.370890382114734574e-01,-9.525534727030427775e-05
-2.003829101131034207e+01,2.069895151442275250e+01,-7.817810115432703100e+00,8.478470618544919901e+00,-1.456868967116503821e+00,9.147842745973545631e-01,-1.238448550203834930e+00,3.242019083067647078e-01,-9.522361823015891298e-05
-1.985610433135337871e+01,2.094199464615328310e+01,-7.617417362648927437e+00,8.703307677449036106e+00,-1.460201806811809222e+00,9.093229028460979579e-01,-1.220188050712745387e+00,3.114026057838218398e-01,-9.519190001794507650e-05
-1.966773428890684983e+01,2.118097517570629407e+01,-7.413919489472423408e+00,8.927160376271736197e+00,-1.463275602964588584e+00,9.038595367963248028e-01,-1.202019211689621114e+00,2.986969580841744576e-01,-9.516019261437532665e-05
-1.947325158431447534e+01,2.141576813937288293e+01,-7.207403500397957963e+00,9.149920055456661316e+00,-1.466089019878152211e+00,8.983978590328660641e-01,-1.183951435536299890e+00,2.860906850247706967e-01,-9.512849601416354089e-05
-1.927272983306849596e+01,2.164624985169739801e+01,-6.997958054491682844e+00,9.371478073120716346e+00,-1.468640810802775309e+00,8.929417698018058402e-01,-1.165994209841459739e+00,2.735893739482346265e-01,-9.509681023890369255e-05
-1.906624559230319349e+01,2.187229792983621479e+01,-6.785673476589684228e+00,9.591725814123027050e+00,-1.470929818878700335e+00,8.874953866632143695e-01,-1.148157082298581599e+00,2.611984549879099449e-01,-9.506513525393512568e-05
-1.885387839411379574e+01,2.209379132203825691e+01,-6.570641772034234052e+00,9.810554699958647262e+00,-1.472954978282631444e+00,8.820630435208499653e-01,-1.130449635216569160e+00,2.489231765489856030e-01,-9.503347106357845370e-05
-1.863571078539519732e+01,2.231061034100760310e+01,-6.352956644497298910e+00,1.002785620010948264e+01,-1.474715315585966469e+00,8.766492889584905912e-01,-1.112881459665142847e+00,2.367685811172853816e-01,-9.500181767584091623e-05
-1.841182837380456405e+01,2.252263670288620290e+01,-6.132713516399089571e+00,1.024352184548068401e+01,-1.476209951330377024e+00,8.712588838091489540e-01,-1.095462129292523068e+00,2.247394815081094621e-01,-9.497017508921865709e-05
-1.818231987941216943e+01,2.272975357257049112e+01,-5.910009551398532679e+00,1.045744324455677621e+01,-1.477438101826688666e+00,8.658967978919780428e-01,-1.078201173864095086e+00,2.128404376676092391e-01,-9.493854327862093407e-05
-1.794727719150081668e+01,2.293184561600003235e+01,-5.684943678386385812e+00,1.066951210288558904e+01,-1.478399081178756624e+00,8.605682058430544901e-01,-1.061108052565569837e+00,2.010757341453876523e-01,-9.490692224973640691e-05
-1.770679542989948629e+01,2.312879906000166486e+01,-5.457616616378639485e+00,1.087962024648081183e+01,-1.479092303531406305e+00,8.552784819859418075e-01,-1.044192127131588599e+00,1.894493583525587166e-01,-9.487531201240557912e-05
-1.746097301017516301e+01,2.332050176021217425e+01,-5.228130899676559196e+00,1.108765964971376405e+01,-1.479517285539584170e+00,8.500331941748571207e-01,-1.027462634848680167e+00,1.779649797213700424e-01,-9.484371255502708088e-05
-1.720991171195718294e+01,2.350684327757205239e+01,-4.996590902641772303e+00,1.129352246825639305e+01,-1.479673649055500917e+00,8.448380965637676265e-01,-1.010928661501872217e+00,1.666259298829024793e-01,-9.481212384963215532e-05
-1.695371674953675267e+01,2.368771496370693797e+01,-4.763102863387168817e+00,1.149710107755761612e+01,-1.479561124021503193e+00,8.396991212517744829e-01,-9.945991143258328115e-01,1.554351839726776929e-01,-9.478054592847221210e-05
-1.669249684391435196e+01,2.386301005558262389e+01,-4.527774905694338159e+00,1.169828811736287477e+01,-1.479179551563375217e+00,8.346223687689958703e-01,-9.784826950333158635e-01,1.443953431733017712e-01,-9.474897876495873793e-05
-1.642636429532404563e+01,2.403262377958350271e+01,-4.290717058428003661e+00,1.189697654268751847e+01,-1.478528887265874836e+00,8.296140973694646759e-01,-9.625878729925245736e-01,1.335086185989570740e-01,-9.471742238099286064e-05
-1.615543505528588497e+01,2.419645346521499008e+01,-4.052041271727280680e+00,1.209305968165632983e+01,-1.477609204619205752e+00,8.246807111145619817e-01,-9.469228586361193578e-01,1.227768166208891287e-01,-9.468587673326529775e-05
-1.587982879711553608e+01,2.435439866840976464e+01,-3.811861429230398279e+00,1.228643130052475385e+01,-1.476420698614164362e+00,8.198287467322071809e-01,-9.314955771766999515e-01,1.122013257237555184e-01,-9.465434184276136506e-05
-1.559966898387408207e+01,2.450636130446482852e+01,-3.570293355613945785e+00,1.247698567620464871e+01,-1.474963689469170447e+00,8.150648592572830031e-01,-9.163136427211286961e-01,1.017831049795524523e-01,-9.462281771632698613e-05
-1.531508293259418352e+01,2.465224579036640051e+01,-3.327454818701716110e+00,1.266461767647374614e+01,-1.473238626461597089e+00,8.103958064573881792e-01,-9.013843328650030795e-01,9.152267421619464383e-02,-9.459130432911924029e-05
-1.502620187372148663e+01,2.479195919636119072e+01,-3.083465525451393852e+00,1.284922284809099935e+01,-1.471246091842770998e+00,8.058284320746929019e-01,-8.867145638626843240e-01,8.142010594592696826e-02,-9.455980166339174374e-05
-1.473316100457261513e+01,2.492541140633570507e+01,-2.838447111105882215e+00,1.303069751286897215e+01,-1.468986804804623070e+00,8.013696479149359231e-01,-8.723108664643488552e-01,7.147501911311715528e-02,-9.452830976731469098e-05
-1.443609953569480098e+01,2.505251528660749472e+01,-2.592523120851402130e+00,1.320893887176406878e+01,-1.466461625471146446e+00,7.970264148293024764e-01,-8.581793625133200543e-01,6.168657470989824532e-02,-9.449682859465489602e-05
-1.413516072895745346e+01,2.517318686254608906e+01,-2.345818983339859276e+00,1.338384511692834877e+01,-1.463671558881387558e+00,7.928057226524332091e-01,-8.443257424018232316e-01,5.205347329386122990e-02,-9.446535814303019048e-05
-1.383049192625039581e+01,2.528734550238723955e+01,-2.098461975479456232e+00,1.355531555161640611e+01,-1.460617758931907151e+00,7.887145691638222100e-01,-8.307552434806074748e-01,4.257395443619205189e-02,-9.443389844317122785e-05
-1.352224456766776228e+01,2.539491410748084732e+01,-1.850581177938245947e+00,1.372325071775126304e+01,-1.457301532243594488e+00,7.847599381567718080e-01,-8.174726295194532089e-01,3.324579811339178903e-02,-9.440244943258536742e-05
-1.321057419809095634e+01,2.549581930811445574e+01,-1.602307420857936648e+00,1.388755253088145381e+01,-1.453724341916388552e+00,7.809487767064615671e-01,-8.044821713167829014e-01,2.406632804869035525e-02,-9.437101116165232638e-05
-1.289564046111544826e+01,2.558999166394843883e+01,-1.353773219331901201e+00,1.404812442216469037e+01,-1.449887811134647819e+00,7.772879717422727097e-01,-7.917876285491156629e-01,1.503241698918023062e-02,-9.433958361610892372e-05
-1.257760707937628197e+01,2.567736586810323018e+01,-1.105112698271997429e+00,1.420487148699907998e+01,-1.445793726588918915e+00,7.737843260349066554e-01,-7.793922329618578893e-01,6.140493909566946407e-03,-9.430816674979685115e-05
-1.225664182028134874e+01,2.575788095367442665e+01,-8.564615063448873800e-01,1.435770063973798472e+01,-1.441444041670776777e+00,7.704445337206445865e-01,-7.672986729845885367e-01,-2.613446896908233619e-03,-9.427676062137511893e-05
-1.193291644635218063e+01,2.583148050155488917e+01,-6.079567187465133582e-01,1.450652077394927986e+01,-1.436840879406961591e+00,7.672751554895431703e-01,-7.555090798647050576e-01,-1.123383487286744309e-02,-9.424536518818438311e-05
-1.160660664938914621e+01,2.589811284829777449e+01,-3.597367286577790590e-01,1.465124292756645374e+01,-1.431986535094522672e+00,7.642825935712594942e-01,-7.440250154017954420e-01,-1.972551044837889123e-02,-9.421398045680275579e-05
-1.127789196777772318e+01,2.595773129265849377e+01,-1.119411273065052392e-01,1.479178045218709414e+01,-1.426883478598086397e+00,7.614730666597919750e-01,-7.328474613650024505e-01,-2.809371054843778914e-02,-9.418260641308611489e-05
-1.094695568638390881e+01,2.601029429948151517e+01,1.352894273485737708e-01,1.492804918574905670e+01,-1.421534356275258926e+00,7.588525849120915101e-01,-7.219768106641883954e-01,-3.634405242004057346e-02,-9.415124306534404335e-05
-1.061398471856402637e+01,2.605576569948941312e+01,3.818133532043263001e-01,1.505996762772115005e+01,-1.415941992493738200e+00,7.564269251711196462e-01,-7.114128603492203551e-01,-4.448251585631901595e-02,-9.411989043801913377e-05
-1.027916946998645997e+01,2.609411488358485087e+01,6.274882976735891571e-01,1.518745711592495695e+01,-1.410109390710331034e+00,7.542016065504147937e-01,-7.011548064982822126e-01,-5.251542389266317112e-02,-9.408854845151723152e-05
-9.942703684008170839e+00,2.612531699013223374e+01,8.721713021273426181e-01,1.531044200399690070e+01,-1.404039734076129031e+00,7.521818665229739187e-01,-6.912012410475882884e-01,-6.044942206587344824e-02,-9.405721715690565485e-05
-9.604784268575096817e+00,2.614935308382151646e+01,1.115718976729050738e+00,1.542884983851723923e+01,-1.397736385543428383e+00,7.503726376548126575e-01,-6.815501506166253831e-01,-6.829145632249078446e-02,-9.402589655768710860e-05
-9.265611104698967537e+00,2.616621032466813546e+01,1.357987685184740556e+00,1.554261153478436341e+01,-1.391202887448433234e+00,7.487785251128077357e-01,-6.721989173648049709e-01,-7.604874967001762354e-02,-9.399458661241064637e-05
-8.925386836695807347e+00,2.617588212566212746e+01,1.598833738832126761e+00,1.565166155013416116e+01,-1.384442960544087997e+00,7.474037850768507907e-01,-6.631443219096871955e-01,-8.372877767076147837e-02,-9.396328735309797604e-05
-8.584316644565546994e+00,2.617836829774869400e+01,1.838113599409420429e+00,1.575593805377366685e+01,-1.377460502467204861e+00,7.462523041737789686e-01,-6.543825483314826830e-01,-9.133924287140793297e-02,-9.393199874344122682e-05
-8.242607998982887096e+00,2.617367518073929844e+01,2.075684089753087935e+00,1.585538309200316043e+01,-1.370259585621548037e+00,7.453275800457408451e-01,-6.459091912728159857e-01,-9.888804827148323096e-02,-9.390072081504734507e-05
-7.900470399559241130e+00,2.616181575895237543e+01,2.311402611600114732e+00,1.594994274779313237e+01,-1.362844454467976529e+00,7.446327031524421214e-01,-6.377192651375934718e-01,-1.063832699268133508e-01,-9.386945353774101919e-05
-7.558115097128316862e+00,2.614280976029094461e+01,2.545127369581845045e+00,1.603956729358082356e+01,-1.355219522209996974e+00,7.441703398951353687e-01,-6.298072153794445072e-01,-1.138331287850096185e-01,-9.383819690569043413e-05
-7.215754800998961827e+00,2.611668373774701379e+01,2.776717600445534284e+00,1.612421133630215309e+01,-1.347389366875453742e+00,7.439427171438236508e-01,-6.221669318612027544e-01,-1.212459618533088257e-01,-9.380695093583477160e-05
-6.873603372204282635e+00,2.608347113225401159e+01,3.006033806459831759e+00,1.620383395358988210e+01,-1.339358726791616050e+00,7.439516082283087473e-01,-6.147917642542773953e-01,-1.286301927900715958e-01,-9.377571561751381704e-05
-6.531875503922650594e+00,2.604321231602284570e+01,3.232937991918776621e+00,1.627839882018150774e+01,-1.331132495460452869e+00,7.441983204483694214e-01,-6.076745394426424918e-01,-1.359943020111420431e-01,-9.374449092078507772e-05
-6.190786390371402881e+00,2.599595461561006360e+01,3.457293901614730824e+00,1.634787432362373494e+01,-1.322715715844855477e+00,7.446836841356215819e-01,-6.008075808723640776e-01,-1.433467964021007957e-01,-9.371327688999449605e-05
-5.850551385544084937e+00,2.594175231400282300e+01,3.678967260102587566e+00,1.641223366835617270e+01,-1.314113574075308044e+00,7.454080433008556383e-01,-5.941827297951178810e-01,-1.506961787220779669e-01,-9.368207347420550856e-05
-5.511385653306803079e+00,2.588066663132755707e+01,3.897826010575515809e+00,1.647145496744520798e+01,-1.305331392602057994e+00,7.463712478655768479e-01,-5.877913683259741173e-01,-1.580509167774972745e-01,-9.365088072129407084e-05
-5.173503810403930814e+00,2.581276568370990177e+01,4.113740552132483685e+00,1.652552132117358852e+01,-1.296374622808285082e+00,7.475726474869655025e-01,-5.816244442417906058e-01,-1.654194124487351480e-01,-9.361969856417999818e-05
-4.837119564029315200e+00,2.573812442017475988e+01,4.326583974238515040e+00,1.657442088190715523e+01,-1.287248837116915290e+00,7.490110869522563775e-01,-5.756724974241081982e-01,-1.728099706414611969e-01,-9.358852704741346955e-05
-4.502445345645410768e+00,2.565682453743779234e+01,4.536232287162639487e+00,1.661814690462968258e+01,-1.277959720616044237e+00,7.506849031212113887e-01,-5.699256878535513549e-01,-1.802307682349036932e-01,-9.355736613237264213e-05
-4.169691942798546158e+00,2.556895437276006078e+01,4.742564647218830309e+00,1.665669778274272517e+01,-1.268513062241423572e+00,7.525919233733873170e-01,-5.643738250427494663e-01,-1.876898230959251901e-01,-9.352621588387575677e-05
-3.839068130682786517e+00,2.547460877505515242e+01,4.945463575643020526e+00,1.669007706872929475e+01,-1.258914745550293146e+00,7.547294655144541897e-01,-5.590063987994515760e-01,-1.951949632225347120e-01,-9.349507619557347656e-05
-3.510780305224613596e+00,2.537388895467804417e+01,5.144815169995925253e+00,1.671829347945761057e+01,-1.249170739128146135e+00,7.570943390809805607e-01,-5.538126111957082376e-01,-2.027537960792198390e-01,-9.346394714691625869e-05
-3.185032119452042565e+00,2.526690231241124707e+01,5.340509307012597517e+00,1.674136088594681127e+01,-1.239287086670421312e+00,7.596828479795828537e-01,-5.487814096178680323e-01,-2.103736781862864946e-01,-9.343282868887761933e-05
-2.862024124888248533e+00,2.515376224833466523e+01,5.532439835889919166e+00,1.675929828755607787e+01,-1.229269896783818261e+00,7.624907943839898117e-01,-5.439015207642579064e-01,-2.180616850191484657e-01,-9.340172082235313658e-05
-2.541953419684261917e+00,2.503458795144908322e+01,5.720504761074319156e+00,1.677212977069061139e+01,-1.219125332556988184e+00,7.655134838184811663e-01,-5.391614854604647178e-01,-2.258245812764877458e-01,-9.337062359064920622e-05
-2.225013305120934426e+00,2.490950417085966251e+01,5.904606413648405550e+00,1.677988445209049573e+01,-1.208859600942102430e+00,7.687457313376719892e-01,-5.345496941463799834e-01,-2.336687915731422427e-01,-9.333953692526196413e-05
-1.911392952100683829e+00,2.477864096976023944e+01,6.084651610563784452e+00,1.678259640709583778e+01,-1.198478942005293479e+00,7.721818687278485527e-01,-5.300544229010578645e-01,-2.416003716162450354e-01,-9.330846086150318386e-05
-1.601277079112048307e+00,2.464213346320698150e+01,6.260551800974686998e+00,1.678030458312002082e+01,-1.187989618086849219e+00,7.758157526383061553e-01,-5.256638698610474059e-01,-2.496249799186452956e-01,-9.327739536835561666e-05
-1.294845643103385457e+00,2.450012154105506212e+01,6.432223199082044651e+00,1.677305269886952033e+01,-1.177397902927336926e+00,7.796407735651742499e-01,-5.213661918892645852e-01,-2.577478501135118671e-01,-9.324634047840783195e-05
-9.922735445816800448e-01,2.435274957736044144e+01,6.599586902960205670e+00,1.676088912981842327e+01,-1.166710070805885513e+00,7.836498656050530087e-01,-5.171495413548137243e-01,-2.659737639284168731e-01,-9.321529616926765318e-05
-6.937303481488669155e-01,2.420016612760120722e+01,6.762568998927338093e+00,1.674386678052510291e+01,-1.155932385738217771e+00,7.878355169015218706e-01,-5.130021028837119523e-01,-2.743070248808933131e-01,-9.318426242737688824e-05
-3.993800195701371902e-01,2.404252361530140547e+01,6.921100651165636108e+00,1.672204294456591356e+01,-1.145071090786321300e+00,7.921897807174449468e-01,-5.089121299400967136e-01,-2.827514327697168151e-01,-9.315323925309959867e-05
-1.093806803454460408e-01,2.387997800943886162e+01,7.075118176332777509e+00,1.669547915276058703e+01,-1.134132397520408508e+00,7.967042870640445029e-01,-5.048679811045806431e-01,-2.913102590255033375e-01,-9.312222665761857093e-05
1.761156193701452766e-01,2.371268849425525360e+01,7.224563103057447755e+00,1.666424101056769302e+01,-1.123122475681224142e+00,8.013702548365981837e-01,-5.008581559179259290e-01,-2.999862230027879884e-01,-9.309122459622859870e-05
4.569631087917874757e-01,2.354081713297558309e+01,7.369382216277578834e+00,1.662839802548991486e+01,-1.112047443082443188e+00,8.061785044032394598e-01,-4.968713301587450726e-01,-3.087814692910946235e-01,-9.306023314915503198e-05
7.330224848880431132e-01,2.336452852699338223e+01,7.509527586480739814e+00,1.658802342540088048e+01,-1.100913355792902948e+00,8.111194706173703306e-01,-4.928963904345598501e-01,-3.176975461363379383e-01,-9.302925221990578834e-05
1.004161080683911855e+00,2.318398947213837502e+01,7.644956584025786483e+00,1.654319396879652260e+01,-1.089726198639006105e+00,8.161832162204534225e-01,-4.889224679654228800e-01,-3.267353850599443721e-01,-9.299828185714478085e-05
1.270253013160766331e+00,2.299936861338840544e+01,7.775631878729666546e+00,1.649398974781964355e+01,-1.078491876053789378e+00,8.213594456217393480e-01,-4.849389714427061460e-01,-3.358952817798159796e-01,-9.296732205613640414e-05
1.531179310579902753e+00,2.281083609973354243e+01,7.901521425109424790e+00,1.644049398520416361e+01,-1.067216203313940515e+00,8.266375190538595152e-01,-4.809356188581029867e-01,-3.451768785368996006e-01,-9.293637275146035992e-05
1.786828019155811464e+00,2.261856324041361077e+01,8.022598433599167578e+00,1.638279282597027731e+01,-1.055904898182069340e+00,8.320064671024468561e-01,-4.769024681913204833e-01,-3.545791479371354082e-01,-9.290543404366623530e-05
2.037094289150170212e+00,2.242272216415416963e+01,8.138841328277862885e+00,1.632097512502636860e+01,-1.044563572989705147e+00,8.374550056408374132e-01,-4.728299468650359327e-01,-3.641003784312034641e-01,-9.287450584703536665e-05
2.281880440555735579e+00,2.222348548250900180e+01,8.250233691557765425e+00,1.625513223150705500e+01,-1.033197727171509595e+00,8.429715511810481621e-01,-4.687088798600129169e-01,-3.737381615503808652e-01,-9.284358819643089825e-05
2.521096008649248876e+00,2.202102595880132085e+01,8.356764196482378892e+00,1.618535777096832362e+01,-1.021812740280351406e+00,8.485442366986888363e-01,-4.645305164150460575e-01,-3.834893810315082030e-01,-9.281268107076278036e-05
2.754657769799671030e+00,2.181551618369123702e+01,8.458426527207823398e+00,1.611174742628294609e+01,-1.010413865488786644e+00,8.541609279615397510e-01,-4.602865552105653291e-01,-3.933502039619368729e-01,-9.278178446704815597e-05
2.982489747996306839e+00,2.160712825859623720e+01,8.555219288365147889e+00,1.603439871822735086e+01,-9.990062235955534664e-01,8.598092404307063896e-01,-4.559691679671656339e-01,-4.033160740822065993e-01,-9.275089840005480734e-05
3.204523202655494618e+00,2.139603348797417581e+01,8.647145903994919891e+00,1.595341078663459200e+01,-9.875947975434041792e-01,8.654765567892974687e-01,-4.515710213758307168e-01,-4.133817073844628931e-01,-9.272002283641320067e-05
3.420696598324149740e+00,2.118240208139407343e+01,8.734214506768015696e+00,1.586888417295035403e+01,-9.761844274533972854e-01,8.711500451654958788e-01,-4.470852972868997188e-01,-4.235410901465574973e-01,-9.268915780391253538e-05
3.630955556983693988e+00,2.096640286636497308e+01,8.816437818272264693e+00,1.578092060507627892e+01,-9.647798061834085281e-01,8.768166781283935896e-01,-4.425057110952086425e-01,-4.337874795427382191e-01,-9.265830327866992472e-05
3.835252793681742656e+00,2.074820301258862187e+01,8.893833021079162293e+00,1.568962278519130393e+01,-9.533854754059005732e-01,8.824632525159248342e-01,-4.378265282485757082e-01,-4.441134069631966774e-01,-9.262745926272064655e-05
4.033548036300706130e+00,2.052796776845079663e+01,8.966421623394060347e+00,1.559509418135724701e+01,-9.420058222084153332e-01,8.880764101785658671e-01,-4.330425788266780707e-01,-4.545106841787081020e-01,-9.259662573480478376e-05
4.225807930277145630e+00,2.030586021031019683e+01,9.034229317036073681e+00,1.549743882355128832e+01,-9.306450762102645990e-01,8.936426596982305348e-01,-4.281492701295011583e-01,-4.649704124712340514e-01,-9.256580272938612830e-05
4.412005929130871529e+00,2.008204100511071388e+01,9.097285829497559817e+00,1.539676110474403359e+01,-9.193073071889684700e-01,8.991483991508579798e-01,-4.231425972253440859e-01,-4.754829948484465829e-01,-9.253499020024871942e-05
4.592122171687900156e+00,1.985666818683471746e+01,9.155624770864493556e+00,1.529316558765824219e+01,-9.079964232111499278e-01,9.045799399626648363e-01,-4.180191514092085336e-01,-4.860381514415529347e-01,-9.250418819327897463e-05
4.766143346882451226e+00,1.962989694712834421e+01,9.209283476310870853e+00,1.518675681769960129e+01,-8.967161692566542053e-01,9.099235319158678337e-01,-4.127761265317407280e-01,-4.966249381821418174e-01,-9.247339665325630888e-05
4.934062547038489122e+00,1.940187944041174006e+01,9.258302844894892303e+00,1.507763914255534665e+01,-8.854701263247732879e-01,9.151653893234794612e-01,-4.074113231585551054e-01,-5.072317688176440909e-01,-9.244261561316109515e-05
5.095879110524145439e+00,1.917276460369305013e+01,9.302727175343045829e+00,1.496591653887420748e+01,-8.742617110103493294e-01,9.202917184044238086e-01,-4.019231505296012030e-01,-5.178464403270347516e-01,-9.241184504971291071e-05
5.251598454686208228e+00,1.894269799129504861e+01,9.342603999525419312e+00,1.485169244645591746e+01,-8.630941755372752988e-01,9.252887458562025769e-01,-3.963106262953625114e-01,-5.284561617573927395e-01,-9.238108494372471104e-05
5.401231899936820291e+00,1.871182162451609088e+01,9.377983914232054019e+00,1.473506961022083317e+01,-8.519706082326826690e-01,9.301427486086026875e-01,-3.905733740090544526e-01,-5.390475864852273258e-01,-9.235033536967047888e-05
5.544796485893757065e+00,1.848027385637154651e+01,9.408920411929090122e+00,1.461614993033612464e+01,-8.408939344292236662e-01,9.348400847277377190e-01,-3.847116183696875913e-01,-5.496068478777673683e-01,-9.231959619707880203e-05
5.682314780380163910e+00,1.824818925119778967e+01,9.435469710991158721e+00,1.449503432058673624e+01,-8.298669177731616831e-01,9.393672254043311520e-01,-3.787261782108652941e-01,-5.601195982920678107e-01,-9.228886752542003920e-05
5.813814682219993202e+00,1.801569847934380064e+01,9.457690586131661803e+00,1.437182257543227948e+01,-8.188921619319817768e-01,9.437107879610141525e-01,-3.726184572500045311e-01,-5.705710513333792644e-01,-9.225814931935967566e-05
5.939329218531191223e+00,1.778292822641824245e+01,9.475644199363918219e+00,1.424661324558558206e+01,-8.079721126678847121e-01,9.478575697573565773e-01,-3.663904326130042466e-01,-5.809460272353899057e-01,-9.222744157254829823e-05
6.058896337458233639e+00,1.755000111734350199e+01,9.489393932224871264e+00,1.411950352257693275e+01,-7.971090602773507339e-01,9.517945828898844995e-01,-3.600446411719445128e-01,-5.912290012225754898e-01,-9.219674428531611423e-05
6.172558696988784455e+00,1.731703565453958049e+01,9.499005219510426201e+00,1.399058913201798759e+01,-7.863051423589338951e-01,9.555090895114173311e-01,-3.535841637312668873e-01,-6.014041546433357421e-01,-9.216605744386846706e-05
6.280363450751886845e+00,1.708414617036953587e+01,9.504545385188274409e+00,1.385996423593284277e+01,-7.755623469071221132e-01,9.589886376300842397e-01,-3.470126071323377248e-01,-6.114554286644311443e-01,-9.213538103023347244e-05
6.382362031441969563e+00,1.685144279320804017e+01,9.506083480748264591e+00,1.372772134390157284e+01,-7.648825156996256203e-01,9.622210971667173318e-01,-3.403340843342963495e-01,-6.213665802475831779e-01,-9.210471509949654250e-05
6.478609932639368907e+00,1.661903142691466684e+01,9.503690126460899279e+00,1.359395123309309916e+01,-7.542673479639872003e-01,9.651946960821309318e-01,-3.335531925642727380e-01,-6.311212401265059446e-01,-9.207405957197197530e-05
6.569166489732201519e+00,1.638701374328660521e+01,9.497437355912408563e+00,1.345874287710626760e+01,-7.437184043021879409e-01,9.678980563361849754e-01,-3.266749896339179449e-01,-6.407029724494008871e-01,-9.204341453346427616e-05
6.654094660606893363e+00,1.615548718699463393e+01,9.487398464131921116e+00,1.332218338346978292e+01,-7.332371108501062329e-01,9.703202294353775459e-01,-3.197049685333408497e-01,-6.500953357327016180e-01,-9.201277987635929150e-05
6.733460806789596020e+00,1.592454499254919398e+01,9.473647859649748426e+00,1.318435793968903447e+01,-7.228247636525488851e-01,9.724507313244495910e-01,-3.126490304337285475e-01,-6.592819447499427277e-01,-9.198215568985673284e-05
6.807334475706158017e+00,1.569427621280872387e+01,9.456260920811722315e+00,1.304534976770312937e+01,-7.124825332326338856e-01,9.742795763533548259e-01,-3.055134562355090733e-01,-6.682465329507041307e-01,-9.195154190624191324e-05
6.875788184610610365e+00,1.546476575828866551e+01,9.435313856506105878e+00,1.290524008639325437e+01,-7.022114693268292074e-01,9.757973100548972267e-01,-2.983048768173037768e-01,-6.769730149891814985e-01,-9.192093854146324338e-05
6.938897206921024186e+00,1.523609444696141857e+01,9.410883571729710795e+00,1.276410808215264048e+01,-6.920125057746362440e-01,9.769950404733701577e-01,-2.910302421497547032e-01,-6.854455489390245404e-01,-9.189034561730810471e-05
6.996739361450957873e+00,1.500833906368540482e+01,9.383047538074663407e+00,1.262203088706161580e+01,-6.818864655309135880e-01,9.778644677802151852e-01,-2.836967894511652766e-01,-6.936485977534136982e-01,-9.185976307834412685e-05
7.049394805140503983e+00,1.478157242868277699e+01,9.351883669383038722e+00,1.247908356444044031e+01,-6.718340657805661476e-01,9.783979119182246720e-01,-2.763120105655404446e-01,-7.015669895311269499e-01,-9.182919099574137617e-05
7.096945829842665532e+00,1.455586347440764250e+01,9.317470202760397058e+00,1.233533910148984702e+01,-6.618559231339227189e-01,9.785883380432084389e-01,-2.688836187582052673e-01,-7.091859761626988501e-01,-9.179862926781368288e-05
7.139476663713393734e+00,1.433127733013724914e+01,9.279885585132470638e+00,1.219086840871821309e+01,-6.519525588826577955e-01,9.784293795321693521e-01,-2.614195151221275770e-01,-7.164912899321427275e-01,-9.176807799295439989e-05
7.177073277630261039e+00,1.410787541342465268e+01,9.239208365379289134e+00,1.204574032567563968e+01,-6.421244042848318623e-01,9.779153583511128733e-01,-2.539277547959198911e-01,-7.234691976669256341e-01,-9.173753707454008013e-05
7.209823197206362444e+00,1.388571552787015762e+01,9.195517092284294591e+00,1.190002163279219438e+01,-6.323718058681280230e-01,9.770413026080790875e-01,-2.464165131929443309e-01,-7.301065520616714100e-01,-9.170700659687083063e-05
7.237815320757027493e+00,1.366485196630444499e+01,9.148890218272182295e+00,1.175377706878921380e+01,-6.226950307194540901e-01,9.758029611273095760e-01,-2.388940524398411869e-01,-7.363908398140528444e-01,-9.167648647387227460e-05
7.261139743682767822e+00,1.344533561875101135e+01,9.099406009071735468e+00,1.160706935336213874e+01,-6.130942717466243419e-01,9.741968149209574435e-01,-2.313686882191960947e-01,-7.423102262536364071e-01,-9.164597675541992104e-05
7.279887589619055355e+00,1.322721408438042623e+01,9.047142459309270635e+00,1.145995921469007683e+01,-6.035696528875247324e-01,9.722200854679151627e-01,-2.238487572079995991e-01,-7.478535961823484790e-01,-9.161547743228973023e-05
7.294150848665457154e+00,1.301053178668922605e+01,8.992177214025030452e+00,1.131250542132969983e+01,-5.941212342475469255e-01,9.698707397187955603e-01,-2.163425852869963473e-01,-7.530105906700677032e-01,-9.158498848446323720e-05
7.304022223012387016e+00,1.279533009122546616e+01,8.934587496125189432e+00,1.116476481811265309e+01,-5.847490171470473008e-01,9.671474918141118593e-01,-2.088584566978749779e-01,-7.577716396156226608e-01,-9.155450993023615033e-05
7.309594980219008775e+00,1.258164742516243528e+01,8.874450039742491469e+00,1.101679236563889930e+01,-5.754529490625223120e-01,9.640498015040344093e-01,-2.014045843012029768e-01,-7.621279899086839116e-01,-9.152404171315860258e-05
7.310962814295942636e+00,1.236951939795396882e+01,8.811841029378424395e+00,1.086864118287136449e+01,-5.662329284408054164e-01,9.605778693073088181e-01,-1.939890810859353221e-01,-7.660717290790165501e-01,-9.149358388423052904e-05
7.308219714815164636e+00,1.215897892252813683e+01,8.746836044820994971e+00,1.072036259252238288e+01,-5.570888093765850035e-01,9.567326284761605848e-01,-1.866199330532017642e-01,-7.695958043777380020e-01,-9.146313644187165082e-05
7.301459844084306816e+00,1.195005633627961750e+01,8.679510011640806155e+00,1.057200616872308174e+01,-5.480204061346930500e-01,9.525157338595505729e-01,-1.793049735946989909e-01,-7.726940372621318165e-01,-9.143269934054296946e-05
7.290777422494524984e+00,1.174277952135278014e+01,8.609937157190511670e+00,1.042361978665678457e+01,-5.390274975081713604e-01,9.479295477879767784e-01,-1.720518594585170036e-01,-7.753611333146390727e-01,-9.140227260132199861e-05
7.276266622062991019e+00,1.153717402369245981e+01,8.538190971962251297e+00,1.027524967379316223e+01,-5.301098310035121663e-01,9.429771231371513185e-01,-1.648680483838933508e-01,-7.775926876717156322e-01,-9.137185624727747052e-05
7.258021468049872027e+00,1.133326317021963092e+01,8.464344176029296563e+00,1.012694046224032718e+01,-5.212671268373428868e-01,9.376621837272058890e-01,-1.577607784633728027e-01,-7.793851860610303550e-01,-9.134145020501482058e-05
7.236135748666872480e+00,1.113106818384174446e+01,8.388468690492993929e+00,9.978735242015524420e+00,-5.124990817459925685e-01,9.319891022620672150e-01,-1.507370492798079664e-01,-7.807360016036186678e-01,-9.131105452811052255e-05
7.210702932717407698e+00,1.093060829584572247e+01,8.310635613691097490e+00,9.830675614872024681e+00,-5.038053725992861498e-01,9.259628760212510468e-01,-1.438036048439572112e-01,-7.816433875682652355e-01,-9.128066921340987337e-05
7.181816094928530347e+00,1.073190085519571468e+01,8.230915201851482621e+00,9.682801748272918729e+00,-4.951856598111093466e-01,9.195891005012516439e-01,-1.369669183382983546e-01,-7.821064662690379032e-01,-9.125029419532400840e-05
7.149567848904979428e+00,1.053496143466974821e+01,8.149376854127133640e+00,9.535152429447604661e+00,-4.866395905543957623e-01,9.128739412761051053e-01,-1.302331786694364835e-01,-7.821252143733318229e-01,-9.121992957705531352e-05
7.114050287331146194e+00,1.033980393336620018e+01,8.066089101607230916e+00,9.387765119090174082e+00,-4.781668017710487550e-01,9.058241042847913205e-01,-1.236082788003680377e-01,-7.817004448571813757e-01,-9.118957525801308327e-05
7.075354929199535903e+00,1.014644067547611250e+01,7.981119600118219637e+00,9.240676004557524692e+00,-4.697669229826222370e-01,8.984468047975154859e-01,-1.170978058324904647e-01,-7.808337858894253136e-01,-9.115923125718134530e-05
7.033572673799469932e+00,9.954882505228731304e+00,7.894535126601532227e+00,9.093920052426661016e+00,-4.614395789069919429e-01,8.907497353168706278e-01,-1.107070327917031027e-01,-7.795276569467542993e-01,-9.112889759126791261e-05
6.988793761033064378e+00,9.765138877749437896e+00,7.806401578687550469e+00,8.947531060094892297e+00,-4.531843918782695879e-01,8.827410326246779571e-01,-1.044409120562473370e-01,-7.777852424327478253e-01,-9.109857428195331853e-05
6.941107737830600755e+00,9.577217945961686851e+00,7.716783977343402157e+00,8.801541706449043545e+00,-4.450009840829965979e-01,8.744292442472121341e-01,-9.830407036613400540e-02,-7.756104631337243926e-01,-9.106826124715627576e-05
6.890603430195121781e+00,9.391126643354688497e+00,7.625746472214866678e+00,8.655983601334915178e+00,-4.368889796137512826e-01,8.658232945252121171e-01,-9.230080533548223887e-02,-7.730079457762933925e-01,-9.103795855653798008e-05
6.837368920596377464e+00,9.206870762793641916e+00,7.533352349519391922e+00,8.510887333870691407e+00,-4.288480063514251150e-01,8.569324505480435672e-01,-8.643508338761285437e-02,-7.699829910265376665e-01,-9.100766615363886083e-05
6.781491530207675922e+00,9.024455031251672921e+00,7.439664042097412278e+00,8.366282519361947223e+00,-4.208776976793622837e-01,8.477662881194932831e-01,-8.071053902950053871e-02,-7.665415401812711860e-01,-9.097738408784600750e-05
6.723057805749901306e+00,8.843883180779293696e+00,7.344743141555998278e+00,8.222197844973283765e+00,-4.129776940454468748e-01,8.383346579855897041e-01,-7.513047537358744088e-02,-7.626901408741123545e-01,-9.094711232163911311e-05
6.662153510440169235e+00,8.665158015655581636e+00,7.248650412132622733e+00,8.078661113963118368e+00,-4.051476443757990320e-01,8.286476524739569971e-01,-6.969786581938192116e-02,-7.584359120331795046e-01,-9.091685083969167894e-05
6.598863618690896438e+00,8.488281475931849229e+00,7.151445806098130298e+00,7.935699288524622474e+00,-3.973872073511205971e-01,8.187155727354360479e-01,-6.441535680063506519e-02,-7.537865083756046802e-01,-9.088659965941828223e-05
6.533272314211075127e+00,8.313254697550181760e+00,7.053188480507689206e+00,7.793338531253505508e+00,-3.896960525573863743e-01,8.085488967193232845e-01,-5.928527150763590603e-02,-7.487500846603903915e-01,-9.085635876829299977e-05
6.465462991117846059e+00,8.140078069198970923e+00,6.953936815076460221e+00,7.651604245240331004e+00,-3.820738615197679655e-01,7.981582480321874895e-01,-5.430961449500948390e-02,-7.433352599394780214e-01,-9.082612819979473426e-05
6.395518257760815395e+00,7.968751286164442504e+00,6.853748431047580247e+00,7.510521112877717620e+00,-3.745203286324375602e-01,7.875543657988963719e-01,-4.949007708568306518e-02,-7.375510820148770685e-01,-9.079590788887214139e-05
6.323519942778429659e+00,7.799273401209127599e+00,6.752680210728275512e+00,7.370113133259160065e+00,-3.670351619872407878e-01,7.767480756150635379e-01,-4.482804348755384249e-02,-7.314069922742827412e-01,-9.076569787537650859e-05
6.249549103257114879e+00,7.631642872927885790e+00,6.650788317737189814e+00,7.230403658447841053e+00,-3.596180841208445611e-01,7.657502617049869453e-01,-4.032459754057943213e-02,-7.249127911020858406e-01,-9.073549811222933806e-05
6.173686034593210081e+00,7.465857611673789584e+00,6.548128217711040477e+00,7.091415428556102185e+00,-3.522688326852939089e-01,7.545718403495896842e-01,-3.598053001673545692e-02,-7.180786040072166809e-01,-9.070530866301537384e-05
6.096010281676677245e+00,7.301915023154267104e+00,6.444754699236138862e+00,6.953170605594961806e+00,-3.449871610455188531e-01,7.432237346360395236e-01,-3.179634639909689753e-02,-7.109148485938023843e-01,-9.067512946900362818e-05
6.016600651396140975e+00,7.139812050224269235e+00,6.340721895160835508e+00,6.815690806459587137e+00,-3.377728388269967685e-01,7.317168506062005084e-01,-2.777227507372470594e-02,-7.034322025176525939e-01,-9.064496055179154389e-05
5.935535225912371260e+00,6.979545212715769331e+00,6.236083303855191495e+00,6.678997134772897581e+00,-3.306256524052627599e-01,7.200620548102539820e-01,-2.390827586660476678e-02,-6.956415725030198338e-01,-9.061480186301328218e-05
5.852891376698422299e+00,6.821110645762052727e+00,6.130891810553916521e+00,6.543110211906561169e+00,-3.235454053569679078e-01,7.082701533085902224e-01,-2.020404887359314450e-02,-6.875540645143882745e-01,-9.058465349208101754e-05
5.768745779107155691e+00,6.664504136775692089e+00,6.025199708662967168e+00,6.408050207219886829e+00,-3.165319188775747028e-01,6.963518721469570405e-01,-1.665904351803168537e-02,-6.791809551742433726e-01,-9.055451533137166527e-05
5.683174427138573570e+00,6.509721161074238260e+00,5.919058720800027373e+00,6.273836867412833307e+00,-3.095850321652358073e-01,6.843178392759814432e-01,-1.327246780097277035e-02,-6.705336644321449047e-01,-9.052438745287221097e-05
5.596252648477660685e+00,6.356756916612718911e+00,5.812520019754543021e+00,6.140489545335812593e+00,-3.027046027885141877e-01,6.721785679542274794e-01,-1.004329768629155795e-02,-6.616237295828096832e-01,-9.049426980806272362e-05
5.508055119476861883e+00,6.205606357758812308e+00,5.705634249121988688e+00,6.008027228113729912e+00,-2.958905070348492594e-01,6.599444415949178300e-01,-6.970286589011248646e-03,-6.524627806244438499e-01,-9.046416243709856869e-05
5.418655879993679925e+00,6.056264228305137109e+00,5.598451543606699943e+00,5.876468564692016727e+00,-2.891426402458883715e-01,6.476257000447999124e-01,-4.051974925335460886e-03,-6.430625169876325042e-01,-9.043406526210954078e-05
5.328128348076981879e+00,5.908725093960971009e+00,5.491021549063189511e+00,5.745831892974793575e+00,-2.824609171501293869e-01,6.352324272795090154e-01,-1.286699697141707732e-03,-6.334346856461153807e-01,-9.040397836653745183e-05
5.236545334255794160e+00,5.762983374276059223e+00,5.383393442087631264e+00,5.616135266444213237e+00,-2.758452721879799396e-01,6.227745404736002577e-01,1.327395923265917155e-03,-6.235910606021879410e-01,-9.037390169248511978e-05
5.143979055494510177e+00,5.619033374254389201e+00,5.275615949283870343e+00,5.487396480465140947e+00,-2.692956598408508539e-01,6.102617804221286413e-01,3.792353027336547999e-03,-6.135434237423736947e-01,-9.034383525388535571e-05
5.050501148660068829e+00,5.476869315653688730e+00,5.167737366092924667e+00,5.359633098220789371e+00,-2.628120549617734558e-01,5.977037032636587366e-01,6.110387450551646449e-03,-6.033035470407177581e-01,-9.031377904764357556e-05
4.956182683461840099e+00,5.336485368062397150e+00,5.059805575187606763e+00,5.232862476336664237e+00,-2.563944531105816216e-01,5.851096734681467959e-01,8.283880314676556056e-03,-5.928831760889876623e-01,-9.028373304991439241e-05
4.861094174912266475e+00,5.197875679915094693e+00,4.951868064512335188e+00,5.107101790314988676e+00,-2.500428709006352057e-01,5.724888580472050625e-01,1.031536864885118643e-02,-5.822940149279156596e-01,-9.025369728858088404e-05
4.765305595105735925e+00,5.061034409320302352e+00,4.843971944791299222e+00,4.982368059634767476e+00,-2.437573463488771353e-01,5.598502219276892955e-01,1.220753610677413614e-02,-5.715477121381229431e-01,-9.022367171123082008e-05
4.668886384509665533e+00,4.925955754964446598e+00,4.736163966716814500e+00,4.858678172757294078e+00,-2.375379392422558300e-01,5.472025244511939945e-01,1.396320378773471815e-02,-5.606558481604182465e-01,-9.019365642319262556e-05
4.571905462612093629e+00,4.792633986982751892e+00,4.628490537679160965e+00,4.736048911915662352e+00,-2.313847315128347848e-01,5.345543169429599617e-01,1.558532117749633628e-02,-5.496299238059534353e-01,-9.016365126454662911e-05
4.474431237905227121e+00,4.661063477793810250e+00,4.520997738020349210e+00,4.614496977678691714e+00,-2.252978276223778775e-01,5.219139412864927108e-01,1.707695721090385366e-02,-5.384813498929954534e-01,-9.013365635152872262e-05
4.376531617357970028e+00,4.531238733077051606e+00,4.413731336973604868e+00,4.494039013461473608e+00,-2.192773549634832730e-01,5.092895294695378716e-01,1.844129147234349619e-02,-5.272214379937117945e-01,-9.010367165623406295e-05
4.278274015255128404e+00,4.403154422761523357e+00,4.306736808163591945e+00,4.374691629853062480e+00,-2.133234642705293949e-01,4.966890040358220570e-01,1.968160553443462635e-02,-5.158613922245124384e-01,-9.007369712405923357e-05
4.179725361400040917e+00,4.276805412005095341e+00,4.200059344658591876e+00,4.256471428746565699e+00,-2.074363300401569632e-01,4.841200793791945456e-01,2.080127444099286182e-02,-5.044123020230388832e-01,-9.004373280434376816e-05
4.080952108825508517e+00,4.152186792294031648e+00,4.093743873714867476e+00,4.139395027404655814e+00,-2.016161509665715390e-01,4.715902638450307216e-01,2.180375834267228585e-02,-4.928851358853496567e-01,-9.001377867294061406e-05
3.982020240962272251e+00,4.029293912570000025e+00,3.987835071150041877e+00,4.023479082382206862e+00,-1.958631503873951574e-01,4.591068625748570553e-01,2.269259428657272037e-02,-4.812907360000672208e-01,-8.998383473754115571e-05
3.882995278166945674e+00,3.908122410241538169e+00,3.882377375234010497e+00,3.908740313174479120e+00,-1.901775767339158596e-01,4.466769810217527947e-01,2.347138816204141776e-02,-4.696398137096770564e-01,-8.995390098059066915e-05
3.783942283943322771e+00,3.788668242374032769e+00,3.777415000418610447e+00,3.795195525898694022e+00,-1.845597039995653388e-01,4.343075291261856430e-01,2.414380680955227620e-02,-4.579429457950956461e-01,-8.992397742513894021e-05
3.684925870455614927e+00,3.670927716602875535e+00,3.672991950489743473e+00,3.682861636568813601e+00,-1.790098322055429236e-01,4.220052260616645179e-01,2.471357029262805094e-02,-4.462105714934166967e-01,-8.989406400848780408e-05
3.586010203812901587e+00,3.554897522150766154e+00,3.569152031589650775e+00,3.571755694373987211e+00,-1.735282878821583774e-01,4.097766054911254896e-01,2.518444433433945917e-02,-4.344529901906224456e-01,-8.986416079674354733e-05
3.487259008827375606e+00,3.440574760649798502e+00,3.465938864813896458e+00,3.461894904663273209e+00,-1.681154245520932455e-01,3.976280213373342698e-01,2.556023292445462614e-02,-4.226803597992758732e-01,-8.983426774725548610e-05
3.388735573326290940e+00,3.327956976729963490e+00,3.363395898424849317e+00,3.353296651631355374e+00,-1.627716232148668507e-01,3.855656539503152236e-01,2.584477109536800765e-02,-4.109026957018343529e-01,-8.980438485960095770e-05
3.290502752230784367e+00,3.217042188537070579e+00,3.261566419881654966e+00,3.245978520886241725e+00,-1.574972928404215766e-01,3.735955166779579284e-01,2.604191787010985693e-02,-3.991298702692179790e-01,-8.977451214079306969e-05
3.192622971221631634e+00,3.107828917922138778e+00,3.160493567481961641e+00,3.139958321661840301e+00,-1.522928708606866299e-01,3.617234627569595462e-01,2.615554938624296832e-02,-3.873716128756934385e-01,-8.974464959214294775e-05
3.095158230063505211e+00,3.000316220300953685e+00,3.060220341666457955e+00,3.035254108698012487e+00,-1.471588236596665100e-01,3.499551924868545827e-01,2.618955219342315732e-02,-3.756375103704995833e-01,-8.971479717173109396e-05
2.998170105735476820e+00,2.894503714257202986e+00,2.960789616110082623e+00,2.931884203882607398e+00,-1.420956470667302518e-01,3.382962606604553168e-01,2.614781673101423953e-02,-3.639370079858056384e-01,-8.968495491122573918e-05
2.901719755289789315e+00,2.790391610728516270e+00,2.862244148497924190e+00,2.829867217520421363e+00,-1.371038668462876697e-01,3.267520841871464077e-01,2.603423098456367213e-02,-3.522794106165589301e-01,-8.965512282639041049e-05
2.805867918329723487e+00,2.687980741602882695e+00,2.764626590857950372e+00,2.729222069074626056e+00,-1.321840391759342148e-01,3.153279498591198271e-01,2.585267432444821045e-02,-3.406738844253527354e-01,-8.962530086470035090e-05
2.710674919617878320e+00,2.587272588136802387e+00,2.667979499930641207e+00,2.629968007824058596e+00,-1.273367511351113646e-01,3.040290222748879834e-01,2.560701152911659673e-02,-3.291294587891718249e-01,-8.959548905512800389e-05
2.616200671118182441e+00,2.488269308448142425e+00,2.572345346864730598e+00,2.532124632701572509e+00,-1.225626211678597088e-01,2.928603517964086800e-01,2.530108699200485367e-02,-3.176550284634332977e-01,-8.956568735978517914e-05
2.522504674181036854e+00,2.390973764692526871e+00,2.477766526918074863e+00,2.435711911955488862e+00,-1.178622995515152816e-01,2.818268825859694404e-01,2.493871912051479067e-02,-3.062593560178072383e-01,-8.953589582972697051e-05
2.429646021520555976e+00,2.295389549505137960e+00,2.384285368791672965e+00,2.340750202234033850e+00,-1.132364688506982409e-01,2.709334606435766513e-01,2.452369492366543446e-02,-2.949510744613891844e-01,-8.950611441196337629e-05
2.337683399032590259e+00,2.201521011677706863e+00,2.291944143622805186e+00,2.247260267087523022e+00,-1.086858443579374056e-01,2.601848418119715456e-01,2.405976479224236630e-02,-2.837386900276794854e-01,-8.947634312528044884e-05
2.246675087592525433e+00,2.109373281129488298e+00,2.200785073751679644e+00,2.155263294970368282e+00,-1.042111745229978431e-01,2.495856997347045969e-01,2.355063747580808664e-02,-2.726305851098223543e-01,-8.944658196634764106e-05
2.156678964877079441e+00,2.018952293136174081e+00,2.110850341281434783e+00,2.064780916731844052e+00,-9.981324137191860402e-02,2.391406337420913797e-01,2.299997525958889788e-02,-2.616350213233844535e-01,-8.941683092660798217e-05
2.067752507060830247e+00,1.930264811590811425e+00,2.022182096259671269e+00,1.975835222391993495e+00,-9.549286090475549160e-02,2.288541766090076424e-01,2.241138933938814637e-02,-2.507601426390462240e-01,-8.938709001108661371e-05
1.979952790538377361e+00,1.843318451369342359e+00,1.934822464608628723e+00,1.888448777299094550e+00,-9.125088347725145155e-02,2.187308021792600532e-01,2.178843540437713777e-02,-2.400139785898411371e-01,-8.935735918655783486e-05
1.893336493780807261e+00,1.758121699823648632e+00,1.848813555886804405e+00,1.802644637717638387e+00,-8.708819416809016056e-02,2.087749328475055344e-01,2.113460942521863672e-02,-2.294044475410747796e-01,-8.932763847402506758e-05
1.807959899161750261e+00,1.674683937157395164e+00,1.764197470693377401e+00,1.718446365625750705e+00,-8.300571312160141824e-02,1.989909468364973733e-01,2.045334365366101304e-02,-2.189393599672497248e-01,-8.929792787802073775e-05
1.723878894898220437e+00,1.593015455754262844e+00,1.681016307837931212e+00,1.635878042814563615e+00,-7.900439586973419248e-02,1.893831852825676454e-01,1.974800283747930180e-02,-2.086264217525034548e-01,-8.926822741329898023e-05
1.641148977156680289e+00,1.513127478414921345e+00,1.599312171297379459e+00,1.554964284274206188e+00,-7.508523363220594160e-02,1.799559591015165438e-01,1.902188065181832644e-02,-1.984732374878466488e-01,-8.923853699445869424e-05
1.559825252261444417e+00,1.435032175359681084e+00,1.519127176873501739e+00,1.475730250747617989e+00,-7.124925358992185986e-02,1.707135556054166781e-01,1.827819635222519001e-02,-1.884873137408480392e-01,-8.920885669121638340e-05
1.479962439190785295e+00,1.358742680093409705e+00,1.440503458709189166e+00,1.398201660575009608e+00,-6.749751913580366580e-02,1.616602448821232163e-01,1.752009165541056068e-02,-1.786760623161196826e-01,-8.917918649470052276e-05
1.401614872138957413e+00,1.284273103832249685e+00,1.363483175418667370e+00,1.322404800552540838e+00,-6.383113009042117036e-02,1.528002858857582247e-01,1.675062784734467070e-02,-1.690468034537852826e-01,-8.914952635372130636e-05
1.324836503504288387e+00,1.211638548740203047e+00,1.288108516157475680e+00,1.248366536087029743e+00,-6.025122289573808798e-02,1.441379322653977280e-01,1.597278312506487247e-02,-1.596067689999332573e-01,-8.911987634014484480e-05
1.249680907056581525e+00,1.140855119660608707e+00,1.214421706365298004e+00,1.176114320351887788e+00,-5.675897077150166004e-02,1.356774378914384349e-01,1.518945017994795255e-02,-1.503631055164139363e-01,-8.909023636456183672e-05
1.176201281585223413e+00,1.071939934522473159e+00,1.142465013446343214e+00,1.105676202661353358e+00,-5.335558384518412217e-02,1.274230620968416772e-01,1.440343402030062198e-02,-1.413228773444575037e-01,-8.906060649014180383e-05
1.104450454661165981e+00,1.004911132998040468e+00,1.072280752003806015e+00,1.037080835655401767e+00,-5.004230923482714394e-02,1.193790745847826407e-01,1.361745004299503431e-02,-1.324930695841596007e-01,-8.903098668423922897e-05
1.034480887154088702e+00,9.397878838925936007e-01,1.003911289220626779e+00,9.703574818260594093e-01,-4.682043111009766279e-02,1.115497600533564282e-01,1.283412235792427691e-02,-1.238805910435031993e-01,-8.900137696812530496e-05
9.663446779634005113e-01,8.765903906890217812e-01,9.373990498353114154e-01,9.055360188171059921e-01,-4.369127070311380756e-02,1.039394224891286300e-01,1.205598236982751217e-02,-1.154922771138517240e-01,-8.897177727028844174e-05
9.000935693888734157e-01,8.153398955113726476e-01,8.727865210893486214e-01,8.426469438108946663e-01,-4.065618628451189015e-02,9.655238913643662824e-02,1.128546762245193069e-02,-1.073348925832643269e-01,-8.894218767428888680e-05
8.357789529921946237e-01,7.560586812914398269e-01,8.101162574776354930e-01,7.817213768060028434e-01,-3.771657309301610500e-02,8.939301415122999361e-02,1.052492091058740420e-02,-9.941513440251119327e-02,-8.891260812856503412e-05
7.734518761076419890e-01,6.987700721613099297e-01,7.494308854192985869e-01,7.227910628496588830e-01,-3.487386322248248877e-02,8.246568193040135220e-02,9.776589667033843550e-03,-9.173963440131434333e-02,-8.888303862308049197e-05
7.131630490328086935e-01,6.434984319945309394e-01,6.907731078472376662e-01,6.658883731801061856e-01,-3.212952546215713800e-02,7.577481012205782018e-02,9.042625626940539729e-03,-8.431496196290595713e-02,-8.885347922072131738e-05
6.549628529214505113e-01,5.902691610067452022e-01,6.341857087050938313e-01,6.110463052230999947e-01,-2.948506508764526385e-02,6.932485231603255360e-02,8.325084780738473827e-03,-7.714762666764543586e-02,-8.882392979986492259e-05
5.989013484073959503e-01,5.391086903225872362e-01,5.797115573440188019e-01,5.582984813859629414e-01,-2.694202359740809419e-02,6.312030041242699951e-02,7.625927612028439440e-03,-7.024408089918239562e-02,-8.879439045575707255e-05
5.450282851822239039e-01,4.900444745987270201e-01,5.273936130014693635e-01,5.076791467794863344e-01,-2.450197840236080851e-02,5.716568669289094629e-02,6.947019640247589778e-03,-6.361072245862374464e-02,-8.876486116852444984e-05
4.933931123248524453e-01,4.431049823964052781e-01,4.772749291294016150e-01,4.592231655918578292e-01,-2.216654245157740483e-02,5.146558557031184755e-02,6.290132261271346933e-03,-5.725389715482003677e-02,-8.873534187841995247e-05
4.440449897081395481e-01,3.983196844758495336e-01,4.293986578503791174e-01,4.129660163336131840e-01,-1.993736380595362637e-02,4.602461505241565304e-02,5.656943899129305078e-03,-5.117990141944794152e-02,-8.870583266286915451e-05
3.970328003910570391e-01,3.557190398061249037e-01,3.838080544159160334e-01,3.689437857812636334e-01,-1.781612514869329589e-02,4.084743790900764726e-02,5.049041477080674217e-03,-4.539498494566296394e-02,-8.867633345550501877e-05
3.524051640762360105e-01,3.153344792325132873e-01,3.405464817054499882e-01,3.271931616033000312e-01,-1.580454323162683306e-02,3.593876255427276567e-02,4.467922207378181507e-03,-3.990535335987132476e-02,-8.864684428997154485e-05
3.102104517614883150e-01,2.771983867891228970e-01,2.996574148520020353e-01,2.877514236986127849e-01,-1.390436825697580030e-02,3.130334365804775254e-02,3.914995714006669000e-03,-3.471717095595364816e-02,-8.861736512660554085e-05
2.704968016272353282e-01,2.413440785626235208e-01,2.611844459956351727e-01,2.506564341942270624e-01,-1.211738319158175460e-02,2.694598249624571840e-02,3.391586491765959804e-03,-2.983656350460359499e-02,-8.858789600675405951e-05
2.333121361863130516e-01,2.078057789910426612e-01,2.251712891484404788e-01,2.159466260289182871e-01,-1.044540300725148828e-02,2.287152703732361902e-02,2.898936708642043877e-03,-2.526962114230580855e-02,-8.855843689198422089e-05
1.987041808802469112e-01,1.766185946356174374e-01,1.916617853108738279e-01,1.836609902049888554e-01,-8.890273851821424780e-03,1.908487180133533120e-02,2.438209360453850137e-03,-2.102240138492815838e-02,-8.852898779800452884e-05
1.667204840044829162e-01,1.478184851718747084e-01,1.606999076814492611e-01,1.538390614949076418e-01,-7.453872137957087002e-03,1.559095746747180683e-02,2.010491783145855992e-03,-1.710093224765713016e-02,-8.849954869523839532e-05
1.374084383128582609e-01,1.214422317804903367e-01,1.323297672583954032e-01,1.265209028349520703e-01,-6.138103559581368010e-03,1.239477028152687586e-02,1.616799531701124896e-03,-1.351121553125559510e-02,-8.847011961588364330e-05
1.108153040679550616e-01,9.752740258602941859e-02,1.065956185649209326e-01,1.017470880890648799e-01,-4.944902020067388874e-03,9.501341238489020152e-03,1.258080633798233042e-03,-1.025923025842227776e-02,-8.844070053218767871e-05
8.698823386528120594e-02,7.611231528961517889e-02,8.354186577080571774e-02,7.955868338409087526e-02,-3.876228479960994351e-03,6.915745074818327801e-03,9.352202229974979162e-04,-7.350936299171940448e-03,-8.841129145803991744e-05
6.597429918411393257e-02,5.723599681556257313e-02,6.321306912349559937e-02,5.999722687618143369e-02,-2.934069716194055103e-03,4.643099074255148395e-03,6.490455650428571255e-04,-4.792278203052745267e-03,-8.838189235949869219e-05
4.782051873408382781e-02,4.093813988365002654e-02,4.565395171041558564e-02,4.310470690731839360e-02,-2.120436989633744593e-03,2.688561694389976411e-03,4.003314776029428439e-04,-2.589189245303563473e-03,-8.835250326352863954e-05
3.257388874729150868e-02,2.725905649724424604e-02,3.090940665419549677e-02,2.892353859034009142e-02,-1.437364621331116551e-03,1.057331029452424987e-03,1.898061620874218994e-04,-7.475957215828841432e-04,-8.832312415929174931e-05
2.028141517480225656e-02,1.623962816611172755e-02,1.902450465774081778e-02,1.749653868317291305e-02,-8.869084698869783394e-04,-2.453568851375700780e-04,1.815744507493709269e-05,7.265785060810518161e-04,-8.829375503733788498e-05
1.099014805955641702e-02,7.921252954161513843e-03,1.004450211617719316e-02,8.866898897540706481e-03,-4.711443146943009464e-04,-1.214229911160499093e-03,-1.139605524693524654e-04,1.827407178491702831e-03,-8.826439589194596917e-05
4.747217851840799044e-03,2.345789008085153241e-03,4.014849529199179291e-03,3.078157330726819831e-03,-1.921661308583099087e-04,-1.843981796109299322e-03,-2.059203149417462462e-04,2.548956527514523174e-03,-8.823504672439891122e-05
1.599874065010318137e-03,-4.445052343212636597e-04,9.812005511565149562e-04,1.741682795325389245e-04,-5.208426472877580459e-05,-2.129274287838106659e-03,-2.571133887807496759e-04,2.885279847446210136e-03,-8.820570754380526975e-05
1.065787644103281459e-03,-8.838378105063928510e-04,4.766685809446125359e-04,-2.947187473477234400e-04,-2.924956029181170609e-05,-2.124015472480419737e-03,-2.738659272851002484e-04,2.896611377673148722e-03,-8.817637831931960139e-05
1.072968947229988989e-03,-8.680087540846011598e-04,4.864514234383481277e-04,-2.814912302929620334e-04,-2.938800654598186960e-05,-1.997291677022019606e-03,-4.790169692559715676e-04,2.974876483982704604e-03,-8.814705906672871646e-05
1.155817993636204955e-03,-9.377138315044939061e-04,5.234246360522911128e-04,-3.053204739205790880e-04,-2.653597313134558157e-05,-1.554180638325405395e-03,-1.649794697218954879e-03,3.702381085741953716e-03,-8.811774977763522519e-05
1.327131367907073136e-03,-1.107286080532155241e-03,5.922262580682908627e-04,-3.723809706933725876e-04,-2.019017315947361845e-05,-7.410027982247043704e-04,-3.949433125363984408e-03,5.188679638958924693e-03,-8.808845044853380710e-05
1.584270086037391223e-03,-1.373747882295147998e-03,6.919063562330757516e-04,-4.813841524908268887e-04,-1.045480131672130229e-05,4.305873624726773777e-04,-7.342997268504175903e-03,7.410491639235324349e-03,-8.805916107589695620e-05
1.924685728840619565e-03,-1.734223569498605840e-03,8.215476676923659689e-04,-6.310855083503591825e-04,2.569519118504918695e-06,1.948952067932173231e-03,-1.179587766619292349e-02,1.034484540194285061e-02,-8.802988165620528448e-05
2.345946385874992778e-03,-2.185968461059675620e-03,9.802750105105820580e-04,-8.202970856952785609e-04,1.878675619724638800e-05,3.802427188002588040e-03,-1.727377861325922470e-02,1.396910935204508965e-02,-8.800061218590771812e-05
2.845759679221065031e-03,-2.726394627691747577e-03,1.167263635285953815e-03,-1.047898583756649588e-03,3.810637439516888344e-05,5.979284252948776149e-03,-2.374270795183805807e-02,1.826101980139384004e-02,-8.797135266150231121e-05
3.421993144507221637e-03,-3.353093697720290096e-03,1.381746618829992560e-03,-1.312847172043067525e-03,6.044413578635936257e-05,8.467697198997717334e-03,-3.116896840098333163e-02,2.319870553279999512e-02,-8.794210307946978414e-05
4.072692258683456752e-03,-4.063857028175366266e-03,1.623021404601490865e-03,-1.614186174093412088e-03,8.572280867224428384e-05,1.125571349465227453e-02,-3.951915040795891954e-02,2.876070952500673489e-02,-8.791286343627311708e-05
4.796096411792783593e-03,-4.856693572819504104e-03,1.890455598017569579e-03,-1.951052759044291825e-03,1.138727953542355395e-04,1.433122929732562681e-02,-4.876012651128274616e-02,3.492600815910112261e-02,-8.788363372842291374e-05
5.590653121792323738e-03,-5.729845781809033214e-03,2.183492125108313017e-03,-2.322684785124989534e-03,1.448326907920997495e-04,1.768196829029616141e-02,-5.885904720621763092e-02,4.167402824705310899e-02,-8.785441395234268932e-05
6.455030789220902662e-03,-6.681803865426804920e-03,2.501653862086375760e-03,-2.728426938292246792e-03,1.785497838267663113e-04,2.129546385756507509e-02,-6.978333830556596173e-02,4.898466221764474771e-02,-8.782520410459714922e-05
7.388130284547459944e-03,-7.711318749033373512e-03,2.844547842221654185e-03,-3.167736306707614156e-03,2.149805124699137593e-04,2.515904426096045310e-02,-8.150069978511312319e-02,5.683828178481634130e-02,-8.779600418160686775e-05
8.389095654588493711e-03,-8.817414039248128166e-03,3.211869144050417436e-03,-3.640187528710029340e-03,2.540908845080254181e-04,2.925982049542547730e-02,-9.397910610245052698e-02,6.521575041119878624e-02,-8.776681417985931447e-05
9.457324226388681698e-03,-9.999397313369552676e-03,3.603404561763377291e-03,-4.145477648744285565e-03,2.958568743729904013e-04,3.358467650871230226e-02,-1.071868079704794696e-01,7.409843486192575768e-02,-8.773763409587261475e-05
1.059247637995327715e-02,-1.125687103495160227e-02,4.019036156454628902e-03,-4.683430811452940143e-03,3.402648069352206357e-04,3.812026148636032952e-02,-1.210923355654524858e-01,8.346821612769184107e-02,-8.770846392608172212e-05
1.179448525356554048e-02,-1.258974339077514534e-02,4.458744783866886059e-03,-5.254002921076422403e-03,3.873117385886787074e-04,4.285298391380336358e-02,-1.356645031398814594e-01,9.330749997555881636e-02,-8.767930366709716309e-05
1.306356663924095746e-02,-1.399823933647583243e-02,4.922613692346936888e-03,-5.857286389581755487e-03,4.370058457313131823e-04,4.776900714374698875e-02,-1.508724150076747872e-01,1.035992273667124125e-01,-8.765015331526722277e-05
1.440022932040527573e-02,-1.548291213330280081e-02,5.410832282342143557e-03,-6.493515095239583632e-03,4.893668305616803889e-04,5.285424620834061615e-02,-1.666854728593395729e-01,1.143268849594932801e-01,-8.762101286713298452e-05
1.580528610118780986e-02,-1.704465565412217887e-02,5.923700118195198913e-03,-7.163069671129639049e-03,5.444263539798397788e-04,5.809436563127261255e-02,-1.830733843612616374e-01,1.254745158965818175e-01,-8.759188231927217774e-05
1.727986577541974419e-02,-1.868471773556762416e-02,6.461631282450270436e-03,-7.866483242598254488e-03,6.022285053199271862e-04,6.347477800748999033e-02,-2.000061729843140013e-01,1.370267310538864636e-01,-8.756276166804407863e-05
1.882542628468671445e-02,-2.040471485538027790e-02,7.025159163116974359e-03,-8.604447733810555166e-03,6.628303187344911605e-04,6.898064313202133258e-02,-2.174541890025354918e-01,1.489687209104007259e-01,-8.753365091004960497e-05
2.044376931956733146e-02,-2.220664841784473348e-02,7.614941766526392777e-03,-9.377820864803713269e-03,7.263023461759926698e-04,7.459686747303957699e-02,-2.353881215962299600e-01,1.612862681782395169e-01,-8.750455004174748140e-05
2.213705662547158642e-02,-2.409292293890398506e-02,8.231767650889518576e-03,-1.018763396432193283e-02,7.927292972484344634e-04,8.030810379697932155e-02,-2.537790119882420425e-01,1.739657613137947090e-01,-8.747545905964791864e-05
2.390782828482287958e-02,-2.606636643491091337e-02,8.876562579179523085e-03,-1.103510072926748575e-02,8.622107565955331593e-04,8.609875076824255458e-02,-2.725982675393047727e-01,1.869942090133799584e-01,-8.744637796017838921e-05
2.575902326356131061e-02,-2.813025333431388997e-02,9.550396996685757423e-03,-1.192162706743825698e-02,9.348619901037727789e-04,9.195295235838893411e-02,-2.918176767224952561e-01,2.003592557784971140e-01,-8.741730673994693951e-05
2.769400252702582804e-02,-3.028833025344033342e-02,1.025449444396917507e-02,-1.284882217038383137e-02,1.010814851901959202e-03,9.785459691608847099e-02,-3.114094248958066413e-01,2.140491986184519524e-01,-8.738824539536233958e-05
2.971657505519362252e-02,-3.254484500288554183e-02,1.099024102574478606e-02,-1.381851097343679557e-02,1.090218805077901483e-03,1.037873157635947341e-01,-3.313461107891780832e-01,2.280530049409125182e-01,-8.735919392307157222e-05
3.183102711484760844e-02,-3.490457922286417658e-02,1.175919606593273797e-02,-1.483274817394912917e-02,1.173242070135260568e-03,1.097344812031393613e-01,-3.516007636212516996e-01,2.423603316622727766e-01,-8.733015231952830700e-05
3.404215518029474891e-02,-3.737288508307119728e-02,1.256310409175414103e-02,-1.589383399453044715e-02,1.260072916538858365e-03,1.156792038368499587e-01,-3.721468607621025715e-01,2.569615455504624668e-01,-8.730112058102964113e-05
3.635530293486895215e-02,-3.995572652683102022e-02,1.340390830484227552e-02,-1.700433189680439217e-02,1.350921114268714869e-03,1.216043291243344426e-01,-3.929583458575276467e-01,2.718477447916554102e-01,-8.727209870427881397e-05
3.877640283077737893e-02,-4.265972559137108655e-02,1.428376571337210132e-02,-1.816708847396565629e-02,1.446019564094127088e-03,1.274924331300656688e-01,-4.140096473349609285e-01,2.870107817487935198e-01,-8.724308668571033180e-05
4.131202274018656861e-02,-4.549221439500926445e-02,1.520506412018867576e-02,-1.938525577501127445e-02,1.545626127437624286e-03,1.333258174418121556e-01,-4.352756972121368806e-01,3.024432868518279749e-01,-8.721408452211524079e-05
4.396941829169004334e-02,-4.846129345159626289e-02,1.617044118382356815e-02,-2.066231634372975301e-02,1.650025679077729655e-03,1.390865032783726307e-01,-4.567319501343271582e-01,3.181386935272134120e-01,-8.718509220967910086e-05
4.675659155838378378e-02,-5.157589705069734465e-02,1.718280579619024112e-02,-2.200211128850390607e-02,1.759532408766984520e-03,1.447562248494132786e-01,-4.783544025715186221e-01,3.340912640352546870e-01,-8.715610974500467292e-05
4.968235684450802991e-02,-5.484586653250696220e-02,1.824536204999347919e-02,-2.340887173799236637e-02,1.874492400984647134e-03,1.503164220828009934e-01,-5.001196121107563952e-01,3.502961160351118486e-01,-8.712713712453715620e-05
5.275641441097093931e-02,-5.828203238843931988e-02,1.936163610350293343e-02,-2.488725408097096359e-02,1.995286525701640400e-03,1.557482329008464395e-01,-5.220047167869885651e-01,3.667492496394048063e-01,-8.709817434486359069e-05
5.598943308487626391e-02,-6.189630623468894699e-02,2.053550628864886374e-02,-2.644237943846172723e-02,2.122333677104501493e-03,1.610324853052952920e-01,-5.439874544000795620e-01,3.834475746462374102e-01,-8.706922140273300973e-05
5.939314281758929781e-02,-6.570178383682551138e-02,2.177123685256920904e-02,-2.807987787180572098e-02,2.256094401883887435e-03,1.661496896294042958e-01,-5.660461817739934620e-01,4.003889375462987843e-01,-8.704027829436652151e-05
6.298043838961785157e-02,-6.971286051151993901e-02,2.307351577173730184e-02,-2.980593789363934071e-02,2.397074963929326022e-03,1.710800314342056372e-01,-5.881598939185335162e-01,4.175721477883430621e-01,-8.701134501604131457e-05
6.676549561205449845e-02,-7.394536039716567699e-02,2.444749713391260876e-02,-3.162736191902380117e-02,2.545831898123565237e-03,1.758033656737040817e-01,-6.103082430616140197e-01,4.349970026462632311e-01,-8.698242156501965648e-05
7.076390154258474507e-02,-7.841668127049891690e-02,2.589884864506660639e-02,-3.355162837298100026e-02,2.702977112529780269e-03,1.802992129336731808e-01,-6.324715575214531205e-01,4.526643098524866238e-01,-8.695350793716228016e-05
7.499280042280247194e-02,-8.314595679245145865e-02,2.743380488843510240e-02,-3.558696125808413768e-02,2.869183605555109505e-03,1.845467587719865632e-01,-6.546308603927152303e-01,4.705759069437885911e-01,-8.692460412932201776e-05
7.947105725112410535e-02,-8.815423829452220805e-02,2.905922703938965818e-02,-3.774240808278830905e-02,3.045191872781728010e-03,1.885248574622671036e-01,-6.767678880183309875e-01,4.887346759894567461e-01,-8.689571013770016369e-05
8.421944113565163481e-02,-9.346469846630328648e-02,3.078266982573108629e-02,-4.002792715638266163e-02,3.231817087021212828e-03,1.922120417802338777e-01,-6.988651082141232873e-01,5.071445520295820852e-01,-8.686682595925654729e-05
8.926083081989602541e-02,-9.910285957694994763e-02,3.261245661495144887e-02,-4.245448537200503802e-02,3.429957144850248087e-03,1.955865408882268008e-01,-7.209057382025683136e-01,5.258105231242818922e-01,-8.683795159027329024e-05
9.462044504331279526e-02,-1.050968491536170002e-01,3.455776361088644388e-02,-4.503416772119024636e-02,3.640601683208654835e-03,1.986263088864774762e-01,-7.428737621936986057e-01,5.447386193833408941e-01,-8.680908702737509498e-05
1.003261006818726986e-01,-1.114776863463487477e-01,3.662871424809055476e-02,-4.778029991256706188e-02,3.864842180627671084e-03,2.013090672324166497e-01,-7.647539485228862510e-01,5.639358876846821689e-01,-8.678023226731333944e-05
1.064085019077987693e-01,-1.182796025234986448e-01,3.883648498318938852e-02,-5.070758559888913219e-02,4.103883268916938207e-03,2.036123650071191560e-01,-7.865318662120925897e-01,5.834103479691763461e-01,-8.675138730584358896e-05
1.129015639000169602e-01,-1.255403999519522362e-01,4.119342379364930584e-02,-5.383225984558499821e-02,4.359055392324654235e-03,2.055136619698876843e-01,-8.081939007625773552e-01,6.031709259787646493e-01,-8.672255214043260517e-05
1.198427749140760501e-01,-1.333018527066119341e-01,4.371318280101862269e-02,-5.717226059355416667e-02,4.631828961717883442e-03,2.069904405219075150e-01,-8.297272689021021330e-01,6.232273560400043433e-01,-8.669372676683481497e-05
1.272736007573871675e-01,-1.416101541940502362e-01,4.641086652911322052e-02,-6.074741996577615044e-02,4.923830160177987761e-03,2.080203541560384783e-01,-8.511200318965886913e-01,6.435900459259420447e-01,-8.666491118223480284e-05
1.352399358805375651e-01,-1.505164158291475152e-01,4.930319737673784231e-02,-6.457967732534795890e-02,5.236858562330448316e-03,2.085814217558094041e-01,-8.723611068818670766e-01,6.642698938888609295e-01,-8.663610538253775401e-05
1.437926053350035982e-01,-1.600772214131177817e-01,5.240869990923244237e-02,-6.869331598734672306e-02,5.572906730634622982e-03,2.086522793006031495e-01,-8.934402754638045563e-01,6.852780455552294203e-01,-8.660730936488302814e-05
1.529879216967029443e-01,-1.703552415463850944e-01,5.574790553232304713e-02,-7.311522538200594667e-02,5.934181945072149189e-03,2.082125032190803582e-01,-9.143481885626276728e-01,7.066255754165970959e-01,-8.657852312582557284e-05
1.628883006058038652e-01,-1.814199118581981129e-01,5.934357896362457696e-02,-7.787519021601840841e-02,6.323130204116346811e-03,2.072430229132191659e-01,-9.350763661127325932e-01,7.283230740053648899e-01,-8.654974666128339403e-05
1.735629376955771519e-01,-1.933481777873768404e-01,6.322096761840481638e-02,-8.300620771020431055e-02,6.742462599138682525e-03,2.057266439657573498e-01,-9.556171897552910854e-01,7.503801173799485857e-01,-8.652097996805550677e-05
1.850885481734039772e-01,-2.062253068882044515e-01,6.740807450001026768e-02,-8.854483321481018687e-02,7.195184103768507977e-03,2.036487083763394157e-01,-9.759638860339217015e-01,7.728045900843073523e-01,-8.649222304288492708e-05
1.975501679149926360e-01,-2.201457668593744255e-01,7.193595434040341019e-02,-9.453155328478485275e-02,7.684624723628392592e-03,2.009979239895208769e-01,-9.961104967938811949e-01,7.956018261191247776e-01,-8.646347588248431330e-05
2.110420112658277225e-01,-2.352141632925443537e-01,7.683903143552908710e-02,-1.010111834622459404e-01,8.214472805933825325e-03,1.977674022188793401e-01,-1.016051832425485024e+00,8.187735244611218377e-01,-8.643473848239145523e-05
2.256683753149155147e-01,-2.515462249499094138e-01,8.215543568446119493e-02,-1.080332853194541087e-01,8.788810092923479006e-03,1.939559513689935732e-01,-1.035783402229146999e+00,8.423163861061171431e-01,-8.640601084046928195e-05
2.415445725409143263e-01,-2.692698154559083346e-01,8.792735052527486661e-02,-1.156525934402693745e-01,9.412147791647767353e-03,1.895696823881511950e-01,-1.055301314423892078e+00,8.662204083248306041e-01,-8.637729295281454367e-05
2.587978625249532372e-01,-2.885259376227218842e-01,9.420136243349692962e-02,-1.239294375312651464e-01,1.008946248979485788e-02,1.846239947390776459e-01,-1.074602136076848513e+00,8.904667587216477109e-01,-8.634858481564467586e-05
2.775683376882736031e-01,-3.094696788988200442e-01,1.010287959769647914e-01,-1.329301371875108440e-01,1.082623012637401808e-02,1.791460220682301596e-01,-1.093682700394018603e+00,9.150251368560988752e-01,-8.631988642566175234e-05
2.980096961893150542e-01,-3.322710219102908979e-01,1.084660105340133074e-01,-1.427273362549885405e-01,1.162845536639545499e-02,1.731776299979252975e-01,-1.112539845248144754e+00,9.398505149785918444e-01,-8.629119777973749748e-05
3.202898052157459041e-01,-3.571154105676713209e-01,1.165746239474577395e-01,-1.534002292993829897e-01,1.250269255256391057e-02,1.667790706871244977e-01,-1.131170062422818035e+00,9.648791327137378193e-01,-8.626251887394528338e-05
3.445909174538974717e-01,-3.842039170069870280e-01,1.254216136930640935e-01,-1.650346132461537330e-01,1.345605281800074313e-02,1.600334090515054264e-01,-1.149569031716878298e+00,9.900236049446855535e-01,-8.623384970517183705e-05
3.711093495417437382e-01,-4.137527944835180937e-01,1.350792264854817348e-01,-1.777226714272558405e-01,1.449618982681151469e-02,1.530518407503126399e-01,-1.167731007768240348e+00,1.015166990650086642e+00,-8.620519026951904511e-05
4.000543604587052382e-01,-4.459921226016735352e-01,1.456246013765737091e-01,-1.915623635195416452e-01,1.563125383426896067e-02,1.459800174942798012e-01,-1.185648020343971876e+00,1.040155667886258017e+00,-8.617654056413294862e-05
4.316458766705699168e-01,-4.811631503137635546e-01,1.571389780309378204e-01,-2.066562516741313749e-01,1.686980019499502437e-02,1.390054735654063789e-01,-1.203308841314711275e+00,1.064790874241823060e+00,-8.614790058526406477e-05
4.661105967255392835e-01,-5.195138161673439336e-01,1.697063199377223386e-01,-2.231095393795280712e-01,1.822063399380346310e-02,1.323661976868265588e-01,-1.220697664483188394e+00,1.088818814796360224e+00,-8.611927032971840171e-05
5.036758702939229115e-01,-5.612917740055162197e-01,1.834111315173750645e-01,-2.410270352289685669e-01,1.969256711299519416e-02,1.263603007259594957e-01,-1.237792439568546010e+00,1.111919328401577145e+00,-8.609064979364658096e-05
5.445605894428480198e-01,-6.067340807375239953e-01,1.983351897555222509e-01,-2.605086810501970884e-01,2.129405795045621885e-02,1.213565703243431049e-01,-1.254562801913077008e+00,1.133693262758210807e+00,-8.606203897438418921e-05
5.889621662075438246e-01,-6.560525259340508342e-01,2.145528496909885341e-01,-2.816432094174957101e-01,2.303269768453944724e-02,1.178054499929168664e-01,-1.270967549689599796e+00,1.153648972528123373e+00,-8.603343786729897270e-05
6.370385286161667215e-01,-7.094134331510771885e-01,2.321245289183332949e-01,-3.044994334532437619e-01,2.491450156926829085e-02,1.162495985230671547e-01,-1.286951647917570885e+00,1.171188763939368771e+00,-8.600484646995967580e-05
6.888840002135779850e-01,-7.669106997221022404e-01,2.510879483307734694e-01,-3.291146478392982799e-01,2.694296132666259072e-02,1.173326409499364509e-01,-1.302442794011332339e+00,1.185596709371129043e+00,-8.597626477836964472e-05
7.444980248197385908e-01,-8.285309648085433798e-01,2.714467369383718465e-01,-3.554796769271766355e-01,2.911781877941372124e-02,1.218039907563004398e-01,-1.317347676727971262e+00,1.196030084097700508e+00,-8.594769278965491699e-05
8.037460948241050840e-01,-8.941102558779047138e-01,2.931561474574198023e-01,-3.835203085112193766e-01,3.143353676450418716e-02,1.305167142955171444e-01,-1.331548215081932440e+00,1.201517740780151389e+00,-8.591913049952808288e-05
8.663131243986489372e-01,-9.632824671678317241e-01,3.161059451403239184e-01,-4.130752879095064278e-01,3.387747836463942536e-02,1.444144052418262492e-01,-1.344898289545148007e+00,1.200969966216159701e+00,-8.589057790551477619e-05
9.316510974412548496e-01,-1.035421808619144457e+00,3.401011062937966400e-01,-4.438718174716858034e-01,3.642786807408084776e-02,1.645021517629365881e-01,-1.357221776478136910e+00,1.193205548598517796e+00,-8.586203500324617716e-05
9.989253013442430662e-01,-1.109584129395149166e+00,3.648418663389823569e-01,-4.755006943898888450e-01,3.905170585209276346e-02,1.917963196378982271e-01,-1.368313041943276520e+00,1.177002488210534770e+00,-8.583350179067592196e-05
1.066966851246386794e+00,-1.184455773307675930e+00,3.899059016220627338e-01,-5.073948236833518699e-01,4.170293759822010782e-02,2.272486836596134818e-01,-1.377941365246004191e+00,1.151178289564731561e+00,-8.580497826304769697e-05
1.134243142783827762e+00,-1.258322931164669534e+00,4.147368842538993183e-01,-5.388166726347413116e-01,4.432133846499965862e-02,2.716432401575210598e-01,-1.385860893953086093e+00,1.114703103898416092e+00,-8.577646441675937600e-05
1.198861312168185478e+00,-1.329078152430747561e+00,4.386449434408461467e-01,-5.688617837034084523e-01,4.683269784561721466e-02,3.254695704823465929e-01,-1.391827451601751697e+00,1.066843173398078770e+00,-8.574796025024482900e-05
1.258620886004459649e+00,-1.394281712576394883e+00,4.608250275336928103e-01,-5.964858541056288210e-01,4.915093452848204314e-02,3.887850182580746550e-01,-1.395622570002914564e+00,1.007322686250628596e+00,-8.571946575930347730e-05
1.311128177861198507e+00,-1.451291275089436894e+00,4.803979061742308931e-01,-6.205610034024684474e-01,5.118262427531478781e-02,4.610879127687195211e-01,-1.397083351481078317e+00,9.364804154965417071e-01,-8.569098093806557230e-05
1.353974701960748650e+00,-1.497461668615420738e+00,4.964748526926328065e-01,-6.399618193473047834e-01,5.283401571258086737e-02,5.412323454830063607e-01,-1.396134356902901441e+00,8.553868305337324340e-01,-8.566250578616726931e-05
1.384965178443211098e+00,-1.530398016973864017e+00,5.082409601483283135e-01,-6.536737986789811217e-01,5.401995596539200389e-02,6.274166898291664296e-01,-1.392815347404557702e+00,7.658833190701268556e-01,-8.563404029906088232e-05
1.402361637001842132e+00,-1.548224506906344944e+00,5.150450119147911288e-01,-6.609078818192918314e-01,5.467340503399642504e-02,7.172686634079826762e-01,-1.387297524767364454e+00,6.705133652862425020e-01,-8.560558447321391800e-05
1.405096346468974744e+00,-1.549816283529294569e+00,5.164786414258596414e-01,-6.611985784861779125e-01,5.475368782934275647e-02,8.080285620450871065e-01,-1.379882046013243935e+00,5.723378303783559495e-01,-8.557713830614028724e-05
1.392905905225196195e+00,-1.534942186538615694e+00,5.124271740073795822e-01,-6.544634553207997474e-01,5.425162963727665072e-02,8.968049799229791397e-01,-1.370978357837314920e+00,4.746575668590643504e-01,-8.554870179261768633e-05
1.366355167377179214e+00,-1.504284732911577604e+00,5.030803485739772096e-01,-6.410099141083764884e-01,5.319037068068888097e-02,9.808547072819020496e-01,-1.361065260832061474e+00,3.806945850805974474e-01,-8.552027493216932379e-05
1.326747855964247380e+00,-1.459335215558707155e+00,4.889013580626599409e-01,-6.214887176571195493e-01,5.162176184251694028e-02,1.057831042819845635e+00,-1.350642433448695057e+00,2.932952647961561410e-01,-8.549185771830149271e-05
1.275949356748584451e+00,-1.402193303259197998e+00,4.705631987254474402e-01,-5.968071452360602658e-01,4.961935961851916127e-02,1.125955997002854758e+00,-1.340182352383756603e+00,2.147100722362244030e-01,-8.546345014798001263e-05
1.216164944235081480e+00,-1.335319631478364188e+00,4.488679910763357928e-01,-5.680226783196190565e-01,4.726972220943709280e-02,1.184096036700874377e+00,-1.330091384598467874e+00,1.464789074920571643e-01,-8.543505221993623149e-05
1.149718580745608065e+00,-1.261291310243062069e+00,4.246658243299815672e-01,-5.362385538274359043e-01,4.466377035889870090e-02,1.231747022443175243e+00,-1.320685202065315256e+00,8.942158200685690339e-02,-8.540666392934458226e-05
1.078866371590272433e+00,-1.182597536171088759e+00,3.987857746894901689e-01,-5.025169392703063842e-01,4.188953508324871206e-02,1.268952160480287361e+00,-1.312179402255445382e+00,4.371048700122281971e-02,-8.537828527236526808e-05
1.005662138242069181e+00,-1.101493879679546151e+00,3.719857234002194035e-01,-4.678174648376977607e-01,3.902696074717999092e-02,1.296183358534843899e+00,-1.304692907480621944e+00,8.992637064266673086e-03,-8.534991624649077328e-05
9.318773853467661183e-01,-1.019917048369289425e+00,3.449220243986129142e-01,-4.329616874211376643e-01,3.614483911523309889e-02,1.314213285523329944e+00,-1.298260073660805869e+00,-1.547028080054990706e-02,-8.532155684876903217e-05
8.589679501065996536e-01,-9.394510628533900842e-01,3.181363548082641324e-01,-3.986194675550550626e-01,3.329956317927602188e-02,1.323997322630209306e+00,-1.292847309767979791e+00,-3.066723880572297389e-02,-8.529320707323705477e-05
7.880752683107268286e-01,-8.613311905310712113e-01,2.920554172611866117e-01,-3.653113394815325488e-01,3.053522362108025689e-02,1.326575748734869276e+00,-1.288370805115073736e+00,-3.772232651772933210e-02,-8.526486692015087545e-05
7.200499913505893357e-01,-7.864719560342658955e-01,2.669990312644455188e-01,-3.334209959481219121e-01,2.788456656338803019e-02,1.322999444447098050e+00,-1.284713081441706706e+00,-3.780390280675405279e-02,-8.523653638346271959e-05
6.554877242541867766e-01,-7.155079319602715149e-01,2.431928571502636749e-01,-3.032130648563473585e-01,2.537041326990240736e-02,1.314277895517178329e+00,-1.281737128668095416e+00,-3.205846350288021895e-02,-8.520821546047562076e-05
5.947694097410383129e-01,-6.488391335928862524e-01,2.207829843413591231e-01,-2.748527081932071736e-01,2.300725144400027344e-02,1.301346030001043097e+00,-1.279297668173724922e+00,-2.156621528256996712e-02,-8.517990414807119666e-05
5.381014689929101147e-01,-5.866757285871895267e-01,1.998505555009010282e-01,-2.484248150951807732e-01,2.080280930598648464e-02,1.285045742873958563e+00,-1.277249590861764039e+00,-7.314162217940678445e-03,-8.515160244236446630e-05
4.855528547269269968e-01,-5.290790332317045763e-01,1.804253482491245952e-01,-2.239515267539011201e-01,1.875950350145220297e-02,1.266118174075324898e+00,-1.275453889610616454e+00,9.817548629998062992e-03,-8.512331034020338293e-05
4.370876196296930027e-01,-4.759973521768720017e-01,1.624977715789224786e-01,-2.014075041261004784e-01,1.687570815436168631e-02,1.245203418895417524e+00,-1.273781517455938816e+00,2.905977500660905655e-02,-8.509502783865179152e-05
3.925925421769660417e-01,-4.272962360864901443e-01,1.460290846908168794e-01,-1.807327786003397607e-01,1.514682867455474646e-02,1.222845064066830023e+00,-1.272115616601281918e+00,4.975207238283285704e-02,-8.506675493373619954e-05
3.518999121551276144e-01,-3.827833304889379784e-01,1.309598576859174468e-01,-1.618432760197288101e-01,1.356618543222851830e-02,1.199497606685518303e+00,-1.270352524974328157e+00,7.133628159038041261e-02,-8.503849162274574919e-05
3.148058799769528626e-01,-3.422283046662707440e-01,1.172168096831834316e-01,-1.446392343725013130e-01,1.212572386434255037e-02,1.175535366347668864e+00,-1.268401906199622564e+00,9.334774665759115742e-02,-8.501023790089895981e-05
2.810849103894978995e-01,-3.053784857440717815e-01,1.047182143858359504e-01,-1.290117897404097214e-01,1.081657263918703663e-02,1.151261933606978483e+00,-1.266186282853445588e+00,1.154053996070352195e-01,-8.498199376591603885e-05
2.505009179888109117e-01,-2.719708527587441083e-01,9.337807996137553745e-02,-1.148480147313094002e-01,9.629472737747099553e-03,1.126919522538235352e+00,-1.263640190827328924e+00,1.372015622554398906e-01,-8.495375921490818381e-05
2.228156423139856512e-01,-2.417410157485662126e-01,8.310930530495913571e-02,-1.020346787395398080e-01,8.555099394554451647e-03,1.102697831601488376e+00,-1.260709118593183131e+00,1.584920246146470646e-01,-8.492553424328810820e-05
1.977947714354383324e-01,-2.144297453952772603e-01,7.382599848996029834e-02,-9.046097244979944829e-02,7.584296830208239748e-03,1.078742185002238063e+00,-1.257348350396430892e+00,1.790867467245647049e-01,-8.489731884859980950e-05
1.752122614079579810e-01,-1.897875471348785537e-01,6.544512170743813084e-02,-8.002040743435900882e-02,6.708243237603179338e-03,1.055160843311670371e+00,-1.253521796601942295e+00,1.988413783788598455e-01,-8.486911302601831699e-05
1.548532344463693367e-01,-1.675777001973314251e-01,5.788760397498127208e-02,-7.061206972594258335e-02,5.918560924364001802e-03,1.032031450846045084e+00,-1.249200866664907039e+00,2.176496847164461901e-01,-8.484091677387185868e-05
1.365157766468170220e-01,-1.475781123336536993e-01,5.107904047684419524e-02,-6.214137616368126116e-02,5.207384070122736408e-03,1.009406638560958580e+00,-1.244363419238450730e+00,2.354368934348369802e-01,-8.481273008860365514e-05
1.200118993833380054e-01,-1.295822778801225539e-01,4.495007673142237259e-02,-5.452045522820775370e-02,4.567394334808218270e-03,9.873188328291988558e-01,-1.238992808564122861e+00,2.521539324027761708e-01,-8.478455296540398224e-05
1.051678784300708047e-01,-1.133995714582503034e-01,3.943655740824486555e-02,-4.766825043642430870e-02,3.991832598252625236e-03,9.657843382135853361e-01,-1.233077035354260831e+00,2.677724977697653053e-01,-8.475638540223924262e-05
9.182414173102659838e-02,-9.885506220775563957e-02,3.447950371285532500e-02,-4.151042418958461599e-02,3.474493431988568554e-03,9.448067705001519379e-01,-1.226608002877500825e+00,2.822808770183915517e-01,-8.472822739525600558e-05
7.983484034071264279e-02,-8.578899362921532656e-02,3.002496978027868746e-02,-3.597912306878170430e-02,3.009707490141129427e-03,9.243799179624384577e-01,-1.219580874077500487e+00,2.956804448187551060e-01,-8.470007894124728241e-05
6.906720686253914332e-02,-7.405604120695907788e-02,2.602381729785754882e-02,-3.101265164227795523e-02,2.592315835717444450e-03,9.044901063463728352e-01,-1.211993522582621940e+00,3.079827490532716094e-01,-8.467194003639420135e-05
5.940078104007651127e-02,-6.352443318701661568e-02,2.243143838400218915e-02,-2.655509053094254335e-02,2.217639263779370290e-03,8.851181380546446764e-01,-1.203846068889333765e+00,3.192071078157084907e-01,-8.464381067833776887e-05
5.072656227828986619e-02,-5.407499836020723816e-02,1.920744932221479795e-02,-2.255588540413236420e-02,1.881444914939089247e-03,8.662408696122700924e-01,-1.195140492380076136e+00,3.293786439634681651e-01,-8.461569086205219289e-05
4.294613306549643905e-02,-4.560018763354933835e-02,1.631537182921097284e-02,-1.896942639726445501e-02,1.579911862772315212e-03,8.478324845234492813e-01,-1.185880309869794758e+00,3.385266908072852576e-01,-8.458758058580753399e-05
3.597078486184623891e-02,-3.800310281160806936e-02,1.372231387960631821e-02,-1.575463182936834294e-02,1.309596880739335306e-03,8.298655116049502567e-01,-1.176070311806121538e+00,3.466835099780020135e-01,-8.455947984524283287e-05
2.972066840984294300e-02,-3.119655568626883424e-02,1.139865849385224283e-02,-1.287454577027913327e-02,1.067401224423912554e-03,8.123116321621630664e-01,-1.165716347929871111e+00,3.538832699110296964e-01,-8.453138863760944728e-05
2.412398307537422237e-02,-2.510217266265085678e-02,9.317766125403387223e-03,-1.029595571268090981e-02,8.505389825834430706e-04,7.951423131479853357e-01,-1.154825155002136450e+00,3.601612404145453361e-01,-8.450330695922057486e-05
1.911621429720333776e-02,-1.964955423914205301e-02,7.455694192963685518e-03,-7.989034134902761597e-03,6.565073382761646426e-04,7.783292978157424491e-01,-1.143404220026059237e+00,3.655531652383494645e-01,-8.447523480664460729e-05
1.463942412196977960e-02,-1.477549429419022786e-02,5.790935748758344048e-03,-5.927005920978556386e-03,4.830589242769810915e-04,7.618449804035050121e-01,-1.131461673230212073e+00,3.700947803729291996e-01,-8.444717217674031274e-05
1.064159682386522920e-02,-1.042326097274887120e-02,4.304178141630740639e-03,-4.085842290513647113e-03,3.281763431255586838e-04,7.456626870214413394e-01,-1.119006205830376688e+00,3.738214509238793060e-01,-8.441911906579377021e-05
7.076039494817609743e-03,-6.541938734809349398e-03,2.978081726718331823e-03,-2.443980966709113911e-03,1.900488415753458227e-04,7.297568811710144487e-01,-1.106047008310561797e+00,3.767679038737316022e-01,-8.439107547054746717e-05
3.900836038622457203e-03,-3.085829605644296869e-03,1.797078115782238528e-03,-9.820716828042030944e-04,6.705107400729534706e-05,7.141033091088561102e-01,-1.092593725581731068e+00,3.789680378767980029e-01,-8.436304138846637630e-05
1.078352048197284141e-03,-1.391067651435040631e-05,7.471870929515456172e-04,3.172542787309162726e-04,-4.227614669617685283e-05,6.986790975584542540e-01,-1.078656425943173458e+00,3.804547945088664340e-01,-8.433501681483560053e-05
-1.425212537836229032e-03,2.710655690554342190e-03,-1.841489080342678664e-04,1.469592060752783480e-03,-1.392432341917482913e-04,6.834628139841636418e-01,-1.064245581244838590e+00,3.812600781555119944e-01,-8.430700174697504628e-05
-3.640226416335323734e-03,5.120962809179951947e-03,-1.008213995212711711e-03,2.488950388057409313e-03,-2.250274845409291208e-04,6.684344977376498464e-01,-1.049372056073492487e+00,3.814147140518227008e-01,-8.427899618190752150e-05
-5.593989072411820196e-03,7.246755721837250253e-03,-1.735152959955896246e-03,3.387919609381312425e-03,-3.006871418344443658e-04,6.535756688004833448e-01,-1.034047104134257822e+00,3.809484359213317628e-01,-8.425100011564678072e-05
-7.311055619394213334e-03,9.114786275947028837e-03,-2.374091649450099650e-03,4.177822306001610642e-03,-3.671740114498805996e-04,6.388693195325076957e-01,-1.018282370298952522e+00,3.798898962759983400e-01,-8.422301354512530427e-05
-8.813527730797660054e-03,1.074913099852015108e-02,-2.933244815518293303e-03,4.868848083241283931e-03,-4.253447541376839669e-04,6.242998937627926015e-01,-1.002089897051994472e+00,3.782666937711542943e-01,-8.419503646687779229e-05
-1.012131389728182507e-02,1.217147534693890920e-02,-3.420012624711518678e-03,5.470174074367520345e-03,-4.759709872910050654e-04,6.098532566658658727e-01,-9.854821342635521342e-01,3.761054131024226255e-01,-8.416706887769462688e-05
-1.125236203598833917e-02,1.340136767650598748e-02,-3.841066941979165428e-03,5.990072582496647202e-03,-5.197483115301059636e-04,5.955166581547260973e-01,-9.684719514139745744e-01,3.734316738371380451e-01,-8.413911077427780054e-05
-1.222286725428242682e-02,1.445644601154172371e-02,-4.202428419106132851e-03,6.436007176366151383e-03,-5.573043718391512691e-04,5.812786919211908598e-01,-9.510726515189639185e-01,3.702701852991697740e-01,-8.411116215304052855e-05
-1.304745733921533479e-02,1.535264044930312322e-02,-4.509535335075282036e-03,6.814718445162598615e-03,-5.892060534538933261e-04,5.671292517912346343e-01,-9.332979861498104102e-01,3.666448052338145969e-01,-8.408322301071882027e-05
-1.373935831596523327e-02,1.610435377050975503e-02,-4.767305052976150703e-03,7.132300507521671662e-03,-6.159659037073611162e-04,5.530594866673852472e-01,-9.151621710245068098e-01,3.625786004565249576e-01,-8.405529334407532932e-05
-1.431054219890823265e-02,1.672462258758591891e-02,-4.980188877462592145e-03,7.394269266139605334e-03,-6.380478624834458670e-04,5.390617550271969982e-01,-8.966799017420139517e-01,3.580939080886871295e-01,-8.402737314969582175e-05
-1.477185885036400026e-02,1.722526113084926758e-02,-5.152221020259771522e-03,7.605623300745156801e-03,-6.558723757576793642e-04,5.251295796985351316e-01,-8.778663692968526888e-01,3.532123962969427322e-01,-8.399946242423537122e-05
-1.513315366937370565e-02,1.761698955889703933e-02,-5.287062310958531852e-03,7.770898200481962670e-03,-6.698209591737922658e-04,5.112576034345516218e-01,-8.587372750701833812e-01,3.479551237092837201e-01,-8.397156116422638749e-05
-1.540337265250046883e-02,1.790954848297923729e-02,-5.388039223135007716e-03,7.894215053614525579e-03,-6.802402716168049271e-04,4.974415456546394942e-01,-8.393088450391872346e-01,3.423425968834815092e-01,-8.394366936675835692e-05
-1.559065620656180373e-02,1.811180121401073650e-02,-5.458178727097910687e-03,7.979323734545934466e-03,-6.874457523475142190e-04,4.836781606003743850e-01,-8.195978429955891320e-01,3.363948253696679158e-01,-8.391578702753526393e-05
-1.570242294319826315e-02,1.823182507851117684e-02,-5.500239424407721289e-03,8.029641559721217847e-03,-6.917248695188253291e-04,4.699651970515620336e-01,-7.996215825850623293e-01,3.301313740336951907e-01,-8.388791414444067812e-05
-1.574544455174517466e-02,1.827699300150231743e-02,-5.516739370662340769e-03,8.048287820419580685e-03,-6.933400226115686224e-04,4.563013596848686237e-01,-7.793979380252996636e-01,3.235714124165741112e-01,-8.386005071357912884e-05
-1.572591272572075594e-02,1.825404642233111052e-02,-5.509980947945171403e-03,8.038114644554936183e-03,-6.925311366783211409e-04,4.426862720932701611e-01,-7.589453533734153989e-01,3.167337609824261713e-01,-8.383219673143889881e-05
-1.564949900934278770e-02,1.816916049022007651e-02,-5.482073108119413229e-03,8.001734588997180819e-03,-6.895179820254606837e-04,4.291204414458477112e-01,-7.382828502378954161e-01,3.096369341706397549e-01,-8.380435219487348424e-05
-1.552140833482261451e-02,1.802800238067378547e-02,-5.434951272963874092e-03,7.941545318815461385e-03,-6.845022492281780530e-04,4.156052247432542868e-01,-7.174300338626092843e-01,3.022991802244153203e-01,-8.377651710061102049e-05
-1.534642693367287147e-02,1.783578347887267157e-02,-5.370395144535314302e-03,7.859751689735482161e-03,-6.776694060091677935e-04,4.021427965942122595e-01,-6.964070975109282191e-01,2.947385177983848359e-01,-8.374869144525567792e-05
-1.512896522922689557e-02,1.759730609274624824e-02,-5.290044651083083971e-03,7.758385514602082755e-03,-6.691903595317039502e-04,3.887361184322503105e-01,-6.752348251092865627e-01,2.869727693854403072e-01,-8.372087522560132163e-05
-1.487309624865443269e-02,1.731700528332516531e-02,-5.195414228205158524e-03,7.639323262875925835e-03,-6.592229449867972532e-04,3.753889090815408780e-01,-6.539345921188604027e-01,2.790195916225664541e-01,-8.369306843786058949e-05
-1.458259003321081548e-02,1.699898633368331080e-02,-5.087905613262486137e-03,7.504301913734842677e-03,-6.479132590408846239e-04,3.621056165796495696e-01,-6.325283646240797975e-01,2.708965025566117957e-01,-8.366527107916888384e-05
-1.426094447049294778e-02,1.664705832019448828e-02,-4.968819309905857240e-03,7.354933159607536519e-03,-6.353968545965934557e-04,3.488913911620205588e-01,-6.110386966359231398e-01,2.626209059630926768e-01,-8.363748314591238264e-05
-1.391141292639075377e-02,1.626476419616273983e-02,-4.839364863536570888e-03,7.192716133308005300e-03,-6.217998114866180558e-04,3.357520593219225358e-01,-5.894887256293231959e-01,2.542101128236607943e-01,-8.360970463529830308e-05
-1.353702901089548494e-02,1.585540775401068914e-02,-4.700670071226400321e-03,7.019048814342267184e-03,-6.072396960904121767e-04,3.226940988578188563e-01,-5.679021663390581010e-01,2.456813600746127479e-01,-8.358193554322697859e-05
-1.314062877667404594e-02,1.542207778991927514e-02,-4.553789237742786322e-03,6.835238250987710207e-03,-5.918264214246436034e-04,3.097246148383233089e-01,-5.463033028691988147e-01,2.370518267513883059e-01,-8.355417586705216981e-05
-1.272487061414061260e-02,1.496766976039695662e-02,-4.399710575005690016e-03,6.642509721261818934e-03,-5.756630179779439159e-04,2.968513164071748811e-01,-5.247169791591719257e-01,2.283386476496599149e-01,-8.352642560303047902e-05
-1.229225307996535677e-02,1.449490518730614519e-02,-4.239362833566417271e-03,6.442014940907334064e-03,-5.588463244374881553e-04,2.840824943753081921e-01,-5.031685878887199870e-01,2.195589246382203819e-01,-8.349868474789154589e-05
-1.184513086891420680e-02,1.400634904105160783e-02,-4.073621243763859284e-03,6.234839415901249904e-03,-5.414676064627245607e-04,2.714269995455708129e-01,-4.816840579004410539e-01,2.107297357568012341e-01,-8.347095329848657624e-05
-1.138572911668554039e-02,1.350442530619415382e-02,-3.903312836384988105e-03,6.022009025893872158e-03,-5.236131107832489237e-04,2.588942217297511839e-01,-4.602898402375050768e-01,2.018681422367709644e-01,-8.344323125154993960e-05
-1.091615620171608458e-02,1.299143091226005742e-02,-3.729221205315203652e-03,5.804495915859006483e-03,-5.053645611180794181e-04,2.464940694244945052e-01,-4.390128929042844130e-01,1.929911935858371341e-01,-8.341551860359657650e-05
-1.043841519557064251e-02,1.246954819314916724e-02,-3.552090767660692761e-03,5.583223765238901765e-03,-4.867996017340640511e-04,2.342369501228503681e-01,-4.178806644690596928e-01,1.841159308792171267e-01,-8.338781535123298834e-05
-9.954414096728897432e-03,1.194085602174484173e-02,-3.372630571536094218e-03,5.359072496551819942e-03,-4.679921938512679111e-04,2.221337512440614559e-01,-3.969210766372868182e-01,1.752593884031072857e-01,-8.336012149137742532e-05
-9.465974968333193407e-03,1.140733975109494563e-02,-3.191517696305431334e-03,5.132882479067821940e-03,-4.490129695841019609e-04,2.101958216787091493e-01,-3.761625059423296946e-01,1.664385938002727328e-01,-8.333243702060855196e-05
-8.974842088321839662e-03,1.087090008017686099e-02,-3.009400285621183571e-03,4.905458277475689688e-03,-4.299295476030431072e-04,1.984349539397055329e-01,-3.556337646883814818e-01,1.576705668619792777e-01,-8.330476193555990695e-05
-8.482689209845004075e-03,1.033336095140382355e-02,-2.826900249469483511e-03,4.677571991028067061e-03,-4.108068143344135916e-04,1.868633669348215565e-01,-3.353640813201621551e-01,1.489723171251611800e-01,-8.327709623299741010e-05
-7.991126020245341299e-03,9.796476575225511463e-03,-2.644615668317968141e-03,4.449966223297935342e-03,-3.917071740952432490e-04,1.754936893599393644e-01,-3.153830803630836010e-01,1.403608404193291415e-01,-8.324943990952595005e-05
-7.501703878785098700e-03,9.261937669954943553e-03,-2.463122928889454819e-03,4.223356720059530389e-03,-3.726907712943664398e-04,1.643389437382795359e-01,-2.957207621223846283e-01,1.318531145264879023e-01,-8.322179296195869071e-05
-7.015920905511660588e-03,8.731376995090370241e-03,-2.282978618678798907e-03,3.998434708257288250e-03,-3.538156874818641339e-04,1.534125311132119862e-01,-2.764074822961634648e-01,1.234660941013468877e-01,-8.319415538691969756e-05
-6.535226488014942575e-03,8.206374251136246134e-03,-2.104721203915868935e-03,3.775868967037195045e-03,-3.351381158560706296e-04,1.427282164247253016e-01,-2.574739316984611670e-01,1.152167050179449259e-01,-8.316652718114481732e-05
-6.061025266056632721e-03,7.688460411387244842e-03,-1.928872513250154061e-03,3.556307658580592709e-03,-3.167125155409090346e-04,1.323001145784784560e-01,-2.389511162501857522e-01,1.071218382915137407e-01,-8.313890834127077355e-05
-5.594680650594333060e-03,7.179121546806190718e-03,-1.755939048277511960e-03,3.340379944489125022e-03,-2.985917478257548406e-04,1.221426772395003968e-01,-2.208703374384864693e-01,9.919834374415818778e-02,-8.311129886400637568e-05
-5.137517928171311810e-03,6.679802200136843171e-03,-1.586413139688561125e-03,3.128697411654304122e-03,-2.808271963489324336e-04,1.122706803624895777e-01,-2.032631734119600686e-01,9.146302356975824499e-02,-8.308369874611904783e-05
-4.690826998837081124e-03,6.191908360963713220e-03,-1.420773967154635199e-03,2.921855329281342756e-03,-2.634688730783653473e-04,1.026992124749005475e-01,-1.861614608884941680e-01,8.393262595873322851e-02,-8.305610798424944378e-05
-4.255864792363343169e-03,5.716810091627094054e-03,-1.259488459248881559e-03,2.720433758512590811e-03,-2.465655118523750683e-04,9.344366373518586677e-02,-1.695972780686174630e-01,7.662383895314185678e-02,-8.302852657512095548e-05
-3.833857405151713804e-03,5.255843848578047733e-03,-1.103012089646165927e-03,2.524998533072499857e-03,-2.301646510822268022e-04,8.451971575906309930e-02,-1.536029286988596643e-01,6.955328468377983131e-02,-8.300095451542364923e-05
-3.426001997860431136e-03,4.810314544609017168e-03,-9.517895839234796415e-04,2.336102130672148072e-03,-2.143127072166724082e-04,7.594333223540045141e-02,-1.382109274861028914e-01,6.273751416864616071e-02,-8.297339180185268708e-05
-3.033468492457553137e-03,4.381497392520118661e-03,-8.062555518310388428e-04,2.154284451893683297e-03,-1.990550404207047175e-04,6.773075031175092298e-02,-1.234539869971138099e-01,5.619300282693692056e-02,-8.294583843111969737e-05
-2.657401105894552015e-03,3.970639572061999967e-03,-6.668350584618301657e-04,1.980073524629280719e-03,-1.844360139569799478e-04,5.989847275096148865e-02,-1.093650062225439423e-01,4.993614688644254507e-02,-8.291829439994547000e-05
-2.298919757042399217e-03,3.578961759145302471e-03,-5.339441482162068410e-04,1.813986150319188591e-03,-1.704990486501824156e-04,5.246326083351258995e-02,-9.597706094510818908e-02,4.398326084937861924e-02,-8.289075970506503853e-05
-1.959121382826450528e-03,3.207659556891289884e-03,-4.079903347910885172e-04,1.656528508855920935e-03,-1.572866738523448255e-04,4.544212798201682779e-02,-8.332339606379179919e-02,3.835057619210589797e-02,-8.286323434313041375e-05
-1.639081199265281924e-03,2.857904867438651811e-03,-2.893730704564708399e-04,1.508196738629822946e-03,-1.448405762855358683e-04,3.885233406660740935e-02,-7.143742000470804099e-02,3.305424147058270978e-02,-8.283571831087337665e-05
-1.339853943641532326e-03,2.530847244015101659e-03,-1.784842080746027078e-04,1.369477508448131708e-03,-1.332016481694539827e-04,3.271138035594719357e-02,-6.035270136847743772e-02,2.811032401675573472e-02,-8.280821160500944516e-05
-1.062475133790527493e-03,2.227615262394621286e-03,-7.570846925768724700e-05,1.240848597861807061e-03,-1.224100360199024626e-04,2.703700504602804186e-02,-5.010296791865986865e-02,2.353481339817482462e-02,-8.278071422224325454e-05
-8.079623819026238510e-04,1.949317952268367349e-03,1.857606737012615361e-05,1.122779502995570940e-03,-1.125051915814288838e-04,2.184717931548901815e-02,-4.072210805378510129e-02,1.934362683471420319e-02,-8.275322615931230493e-05
-5.773167997597237512e-04,1.697046329361159237e-03,1.039974442713124340e-04,1.015732085330078166e-03,-1.035259263142194845e-04,1.716010382446381266e-02,-3.224417486121886056e-02,1.555261675358896555e-02,-8.272574741290935956e-05
-3.715245346525238891e-04,1.471875070469593795e-03,1.801892546905829468e-04,9.201612811264772013e-04,-9.551047096279953312e-05,1.299420558782088397e-02,-2.470339288582546963e-02,1.217758068478126850e-02,-8.269827797976035829e-05
-1.915584739870302734e-04,1.274864373446149991e-03,2.467900100086167520e-04,8.365158894504928820e-04,-8.849654168358104785e-05,9.368135121743620050e-03,-1.813416769750008165e-02,9.234273681982775248e-03,-8.267081785656622296e-05
-3.838015996043917660e-05,1.107062046298291826e-03,3.034424290999705211e-04,7.652394572378847307e-04,-8.252141432013782767e-05,6.300763788638015159e-03,-1.257109839938075520e-02,6.738423485914642186e-03,-8.264336704007720666e-05
8.705804732315439338e-05,9.695058685197819812e-04,3.497926358299659091e-04,7.067712800129763743e-04,-7.762200833391332206e-05,3.811181224091706420e-03,-8.048993148264680861e-03,4.705748617767303507e-03,-8.261592552698848496e-05
1.838105161412352919e-04,8.632262691830827573e-04,3.854892486027926843e-04,6.615475367215137639e-04,-7.383498201009579699e-05,1.918692767057196026e-03,-4.602887833250643781e-03,3.151979627670929186e-03,-8.258849331402216235e-05
2.509355603201134772e-04,7.892493651219542692e-04,4.101823480515621101e-04,6.300025773905025463e-04,-7.119684044172199520e-05,6.428167845572335714e-04,-2.268068004849164293e-03,2.092883699098690639e-03,-8.256107039790890848e-05
2.874922876312324487e-04,7.486004012702770789e-04,4.235223077938770979e-04,6.125703811076309117e-04,-6.974405781720806774e-05,3.281802753622748575e-06,-1.080094182812540906e-03,1.544292825624609755e-03,-8.253365677536792758e-05
2.978827836618176943e-04,7.364815524442962398e-04,4.271445737697759557e-04,6.072197623363416105e-04,-6.930596480598295070e-05,-9.193787297767273218e-05,-8.732361177578863405e-04,1.432502452471802207e-03,-8.250625244314494617e-05
3.028602989302432540e-04,7.302745493012550299e-04,4.287595127788521683e-04,6.043753354526438387e-04,-6.907796792875079783e-05,-7.729759840276360862e-05,-8.651757423477697724e-04,1.409649868054646408e-03,-8.247885739792086904e-05
3.076954583649416791e-04,7.242348515262187099e-04,4.303252183955701398e-04,6.016050914955917671e-04,-6.885572271669226842e-05,-6.306958929432926496e-05,-8.573293768759465651e-04,1.387423608422829954e-03,-8.245147163648389632e-05
3.123922131707176095e-04,7.183578242570820560e-04,4.318430597831614455e-04,5.989069776446312270e-04,-6.863906988515964852e-05,-4.924233828951905139e-05,-8.496912147639462849e-04,1.365806359621779846e-03,-8.242409515551273730e-05
3.169544048241148106e-04,7.126389611257595222e-04,4.333143680159292190e-04,5.962789979339468485e-04,-6.842785456867525086e-05,-3.580465958241685343e-05,-8.422556066031520192e-04,1.344781286416223175e-03,-8.239672795175341665e-05
3.213857681160090440e-04,7.070738806666366323e-04,4.347404371266777113e-04,5.937192116559648208e-04,-6.822192619928027187e-05,-2.274567987227689127e-05,-8.350170559258661158e-04,1.324332019025036868e-03,-8.236937002196079529e-05
3.256899341858246087e-04,7.016583229364882837e-04,4.361225252121609763e-04,5.912257319101500187e-04,-6.802113838498984641e-05,-1.005482968226073596e-05,-8.279702150674886959e-04,1.304442640290676440e-03,-8.234202136282625412e-05
3.298704333239006986e-04,6.963881460454841247e-04,4.374618553493688530e-04,5.887967240200159703e-04,-6.782534879532267061e-05,2.278165234210788748e-06,-8.211098812052746452e-04,1.285097673125675010e-03,-8.231468197112171668e-05
3.339306978501539345e-04,6.912593229729951938e-04,4.387596166510308480e-04,5.864304041721161119e-04,-6.763441904722162883e-05,1.426329208039030553e-05,-8.144309924059647994e-04,1.266282068380736921e-03,-8.228735184355512506e-05
3.378740647556568348e-04,6.862679382847186463e-04,4.400169651254610460e-04,5.841250379149164410e-04,-6.744821459764321252e-05,2.591025911375863166e-05,-8.079286238596428398e-04,1.247981192969051766e-03,-8.226003097686797739e-05
3.417037784549187491e-04,6.814101851457671222e-04,4.412350247029710052e-04,5.818789388977077103e-04,-6.726660463536447048e-05,3.722850339921681204e-05,-8.015979841494451277e-04,1.230180818393624776e-03,-8.223271936781375224e-05
3.454229932412270724e-04,6.766823621866736209e-04,4.424148880104581587e-04,5.796904674174436188e-04,-6.708946197611843259e-05,4.822719844679087143e-05,-7.954344116719426570e-04,1.212867109527116828e-03,-8.220541701312187243e-05
3.490347758945653591e-04,6.720808706892774341e-04,4.435576173486198382e-04,5.775580292352268039e-04,-6.691666296454850120e-05,5.891526154315794095e-05,-7.894333711392560217e-04,1.196026613776853551e-03,-8.217812390951284324e-05
3.525421080430336807e-04,6.676022116580287730e-04,4.446642454625710015e-04,5.754800742384852180e-04,-6.674808737523885832e-05,6.930136095753273626e-05,-7.835904501623122903e-04,1.179646250468391593e-03,-8.215084005376231517e-05
3.559478885777083877e-04,6.632429830992526976e-04,4.457357764123439769e-04,5.734550952646140726e-04,-6.658361831699348128e-05,7.939392289265203347e-05,-7.779013559202743776e-04,1.163713300563237740e-03,-8.212356544260170327e-05
3.592549358944379431e-04,6.589998772982401951e-04,4.467731863216639621e-04,5.714816268710168866e-04,-6.642314214006830831e-05,8.920113823501154714e-05,-7.723619119500222795e-04,1.148215396697285437e-03,-8.209630007274534640e-05
3.624659902101796602e-04,6.548696782522596752e-04,4.477774242257044840e-04,5.695582442367314903e-04,-6.626654834675982299e-05,9.873096917685000569e-05,-7.669680550091071119e-04,1.133140513416708382e-03,-8.206904394097370623e-05
3.655837156398881148e-04,6.508492590526910844e-04,4.487494127361973473e-04,5.676835619563842372e-04,-6.611372950413332524e-05,1.079911555896895595e-04,-7.617158319974299836e-04,1.118476957736278714e-03,-8.204179704402443196e-05
3.686107024131847010e-04,6.469355795021354723e-04,4.496900488748451830e-04,5.658562330404733097e-04,-6.596458115857503364e-05,1.169892212381601305e-04,-7.566013969830669454e-04,1.104213359942786236e-03,-8.201455937864426656e-05
3.715494688369819221e-04,6.431256836331849256e-04,4.506002046995940288e-04,5.640749477705722225e-04,-6.581900175396748298e-05,1.257324798311416794e-04,-7.516210083196330199e-04,1.090338664664436711e-03,-8.198733094157790655e-05
3.744024633269639512e-04,6.394166973980236262e-04,4.514807280304954616e-04,5.623384326944877790e-04,-6.567689254830463299e-05,1.342280409018798272e-04,-7.467710258284320814e-04,1.076842122172309325e-03,-8.196011172959128527e-05
3.771720663815517852e-04,6.358058264309741393e-04,4.523324431570170017e-04,5.606454496555070798e-04,-6.553815754005751877e-05,1.424828155012216279e-04,-7.420479080488904394e-04,1.063713279940850217e-03,-8.193290173941839276e-05
3.798605924179775063e-04,6.322903537826415074e-04,4.531561514407162730e-04,5.589947947599012770e-04,-6.540270338830424810e-05,1.505035217638067398e-04,-7.374482095623155573e-04,1.050941974400568593e-03,-8.190570096779225683e-05
3.824702916326780649e-04,6.288676378197871879e-04,4.539526319845203599e-04,5.573852974679546508e-04,-6.527043934166061677e-05,1.582966902615065531e-04,-7.329685784069758184e-04,1.038518323001737112e-03,-8.187850941150659348e-05
3.850033517921804286e-04,6.255351101025471766e-04,4.547226422466957817e-04,5.558158196480378951e-04,-6.514127716444592707e-05,1.658686693170730161e-04,-7.286057535405802022e-04,1.026432716362934115e-03,-8.185132706729031057e-05
3.874618999366828687e-04,6.222902733867124178e-04,4.554669186314563509e-04,5.542852546919401283e-04,-6.501513106674613367e-05,1.732256300108455716e-04,-7.243565624150533327e-04,1.014675810840975564e-03,-8.182415393189751006e-05
3.898480040944749068e-04,6.191306995991394330e-04,4.561861770787328883e-04,5.527925266148825357e-04,-6.489191764011059877e-05,1.803735712215118799e-04,-7.202179185026584725e-04,1.003238521011894048e-03,-8.179699000211473870e-05
3.921636749269328702e-04,6.160540279959180777e-04,4.568811136608812900e-04,5.513365892619680316e-04,-6.477155578579273478e-05,1.873183243763727247e-04,-7.161868190736885974e-04,9.921120127044976821e-04,-8.176983527469681675e-05
3.944108672697960042e-04,6.130579632173040628e-04,4.575524050753558124e-04,5.499164254117449050e-04,-6.465396665478481502e-05,1.940655581366177536e-04,-7.122603428445072743e-04,9.812876959582599468e-04,-8.174268974637080890e-05
3.965914817833566565e-04,6.101402735482722595e-04,4.582007092755090638e-04,5.485310460561231049e-04,-6.453907358547273027e-05,2.006207829977939218e-04,-7.084356478153152692e-04,9.707572182614379380e-04,-8.171555341391128146e-05
3.987073662957697469e-04,6.072987890514522542e-04,4.588266658487107639e-04,5.471794894985126468e-04,-6.442680203853246728e-05,2.069893556371324612e-04,-7.047099691185420125e-04,9.605124580524118183e-04,-8.168842627406366279e-05
4.007603174489956979e-04,6.045313999867728185e-04,4.594308966916762441e-04,5.458608207440992111e-04,-6.431707954585826395e-05,2.131764832414447506e-04,-7.010806169133337613e-04,9.505455182882819893e-04,-8.166130832364913987e-05
4.027520820151330025e-04,6.018360550433335138e-04,4.600140063996331196e-04,5.445741306588379503e-04,-6.420983564431663687e-05,2.191872277187315943e-04,-6.975449743825150230e-04,9.408487202274453797e-04,-8.163419955937629177e-05
4.046843583034711927e-04,5.992107597574803214e-04,4.605765827742053882e-04,5.433185352867530649e-04,-6.410500182695049376e-05,2.250265096975528239e-04,-6.941004957186970060e-04,9.314145974184465104e-04,-8.160709997801940017e-05
4.065587974917658819e-04,5.966535749309469748e-04,4.611191972787930882e-04,5.420931751439220453e-04,-6.400251148556805342e-05,2.306991124990087876e-04,-6.907447042585300456e-04,9.222358898610735897e-04,-8.158000957637833394e-05
4.083770049574612774e-04,5.941626150791071885e-04,4.616424055028152005e-04,5.408972145337513681e-04,-6.390229985763038346e-05,2.362096859923134651e-04,-6.874751905272280007e-04,9.133055381945281125e-04,-8.155292835119617686e-05
4.101405415438308562e-04,5.917360469847536943e-04,4.621467476121176427e-04,5.397298409164704314e-04,-6.380430397653844021e-05,2.415627502844201659e-04,-6.842896104955053117e-04,9.046166782685791195e-04,-8.152585629924707510e-05
4.118509248193264350e-04,5.893720882389465393e-04,4.626327487908260408e-04,5.385902642674561492e-04,-6.370846262115781983e-05,2.467626993821959080e-04,-6.811856837832971868e-04,8.961626356770901114e-04,-8.149879341729341124e-05
4.135096301815945714e-04,5.870690057748631854e-04,4.631009195724396601e-04,5.374777163840246562e-04,-6.361471626819782059e-05,2.518138046488931797e-04,-6.781611919017430188e-04,8.879369205552465911e-04,-8.147173970209634812e-05
4.151180921645147544e-04,5.848251145744505931e-04,4.635517563649010843e-04,5.363914503740677868e-04,-6.352300704330989976e-05,2.567202183387156463e-04,-6.752139766265231706e-04,8.799332224074979695e-04,-8.144469515045976618e-05
4.166777055016184514e-04,5.826387763226147142e-04,4.639857417894169842e-04,5.353307400348210603e-04,-6.343327867863946456e-05,2.614859768123011787e-04,-6.723419383276381563e-04,8.721454052281780046e-04,-8.141765975915194332e-05
4.181898262063720524e-04,5.805083980606373824e-04,4.644033450310522913e-04,5.342948792359589324e-04,-6.334547646383202277e-05,2.661150038478801130e-04,-6.695430344092912628e-04,8.645675026252856894e-04,-8.139063352495022412e-05
4.196557726910304150e-04,5.784324309884812665e-04,4.648050222608885460e-04,5.332831814186208587e-04,-6.325954720546062980e-05,2.706111137261617630e-04,-6.668152777296593300e-04,8.571937131638903730e-04,-8.136361644460258483e-05
4.210768267897163262e-04,5.764093692161171558e-04,4.651912169758393666e-04,5.322949790299910796e-04,-6.317543918633659438e-05,2.749780143146424573e-04,-6.641567351285906527e-04,8.500183957976728674e-04,-8.133660851492132196e-05
4.224542347773003613e-04,5.744377485584205604e-04,4.655623603488817956e-04,5.313296229868423246e-04,-6.309310212074351618e-05,2.792193100863561532e-04,-6.615655259732670284e-04,8.430360654054146153e-04,-8.130960973266561972e-05
4.237892084139227751e-04,5.725161454489195289e-04,4.659188716326172187e-04,5.303864822302254648e-04,-6.301248711884833596e-05,2.833385049325182182e-04,-6.590398206814777893e-04,8.362413884992848717e-04,-8.128262009461359515e-05
4.250829257456550676e-04,5.706431756854009243e-04,4.662611583421252598e-04,5.294649430889317079e-04,-6.293354664472399548e-05,2.873390049870377548e-04,-6.565778393850615511e-04,8.296291790601403263e-04,-8.125563959755371945e-05
4.263365322210413595e-04,5.688174934738070634e-04,4.665896167480753005e-04,5.285644089467793566e-04,-6.285623448036999864e-05,2.912241213874409269e-04,-6.541778505673408791e-04,8.231943944167367582e-04,-8.122866823828519742e-05
4.275511414929690068e-04,5.670377902929500582e-04,4.669046320961103445e-04,5.276842996898049257e-04,-6.278050568866674116e-05,2.949970729003155261e-04,-6.518381697593745965e-04,8.169321313205020300e-04,-8.120170601355097730e-05
4.287278363036286740e-04,5.653027938483450813e-04,4.672065789109624201e-04,5.268240512410092211e-04,-6.270631657974361337e-05,2.986609885124063331e-04,-6.495571582465592365e-04,8.108376220518322608e-04,-8.117475292019918852e-05
4.298676694199073198e-04,5.636112671526022268e-04,4.674958213742562711e-04,5.259831151982577750e-04,-6.263362467109673173e-05,3.022189099155222006e-04,-6.473332218358962683e-04,8.049062307132760470e-04,-8.114780895494822215e-05
4.309716643190149906e-04,5.619620074223458843e-04,4.677727134718388802e-04,5.251609582695260063e-04,-6.256238866265933618e-05,3.056737939455731433e-04,-6.451648096671942301e-04,7.991334495899256665e-04,-8.112087411463028339e-05
4.320408161816802553e-04,5.603538452477873234e-04,4.680375994389745099e-04,5.243570619904961046e-04,-6.249256839439112151e-05,3.090285150084661945e-04,-6.430504130044019905e-04,7.935148955252081804e-04,-8.109394839601450397e-05
4.330760925282009337e-04,5.587856435807631288e-04,4.682908139004495905e-04,5.235709222085217903e-04,-6.242412482333145076e-05,3.122858673051388226e-04,-6.409885641035182333e-04,7.880463065584518379e-04,-8.106703179589197072e-05
4.340784340807927544e-04,5.572562969096261226e-04,4.685326822257694407e-04,5.228020487646539358e-04,-6.235701998491784061e-05,3.154485671025389392e-04,-6.389778351194120914e-04,7.827235385607992897e-04,-8.104012431108098395e-05
4.350487554424477461e-04,5.557647303162894722e-04,4.687635207200329811e-04,5.220499650387025025e-04,-6.229121696956410451e-05,3.185192549287011051e-04,-6.370168370133512219e-04,7.775425619511685312e-04,-8.101322593832577940e-05
4.359879458547297019e-04,5.543098986807740115e-04,4.689836369147437297e-04,5.213142076207587369e-04,-6.222667989090514167e-05,3.215004976243903789e-04,-6.351042184773470498e-04,7.724994585649019299e-04,-8.098633667446879442e-05
4.368968699279753443e-04,5.528907858531245450e-04,4.691933298294947356e-04,5.205943259516049911e-04,-6.216337385440951456e-05,3.243947904746695378e-04,-6.332386649513698429e-04,7.675904185393430095e-04,-8.095945651628344336e-05
4.377763682357834092e-04,5.515064037935114329e-04,4.693928901288636920e-04,5.198898819004263254e-04,-6.210126493587429884e-05,3.272045591388013331e-04,-6.314188975765507549e-04,7.628117373427510499e-04,-8.093258546055676083e-05
4.386272580825357299e-04,5.501557918640839415e-04,4.695826004463723828e-04,5.192004495002468549e-04,-6.204032014932219581e-05,3.299321616598133687e-04,-6.296436722851706099e-04,7.581598128496662686e-04,-8.090572350409139398e-05
4.394503340739696891e-04,5.488380160219769911e-04,4.697627355406786909e-04,5.185256145552683688e-04,-6.198050742346308318e-05,3.325798902771007941e-04,-6.279117787954457616e-04,7.536311425196492346e-04,-8.087887064369232097e-05
4.402463688280837829e-04,5.475521681337772780e-04,4.699335625865669742e-04,5.178649743752975019e-04,-6.192179557604832391e-05,3.351499733358682563e-04,-6.262220397439612236e-04,7.492223206304329201e-04,-8.085202687616389655e-05
4.410161135045706721e-04,5.462973652103961632e-04,4.700953413150416775e-04,5.172181373999296030e-04,-6.186415428963120409e-05,3.376445770128361744e-04,-6.245733097765892661e-04,7.449300356346060361e-04,-8.082519219827686522e-05
4.417602983756471324e-04,5.450727486829725667e-04,4.702483241948183850e-04,5.165847228637986035e-04,-6.180755408626749533e-05,3.400658070443788802e-04,-6.229644746485425233e-04,7.407510675345370952e-04,-8.079836660687392182e-05
4.424796335631838665e-04,5.438774838229646670e-04,4.703927567733566864e-04,5.159643606127915219e-04,-6.175196630435119077e-05,3.424157105215657306e-04,-6.213944504288955104e-04,7.366822852954041682e-04,-8.077155009872998503e-05
4.431748094273788648e-04,5.427107589893832374e-04,4.705288777221854112e-04,5.153566906945775041e-04,-6.169736307821984908e-05,3.446962773917607871e-04,-6.198621826382771103e-04,7.327206444727765418e-04,-8.074474267068536444e-05
4.438464972187223774e-04,5.415717850572290999e-04,4.706569191210693620e-04,5.147613631548894880e-04,-6.164371731314617023e-05,3.469094421188874617e-04,-6.183666454825005338e-04,7.288631847918186244e-04,-8.071794431950827023e-05
4.444953495608670608e-04,5.404597947513978002e-04,4.707771065952398191e-04,5.141780377170209219e-04,-6.159100266603960352e-05,3.490570852116509971e-04,-6.169068410391785866e-04,7.251070278060890370e-04,-8.069115504199637575e-05
4.451220009813650525e-04,5.393740420491711278e-04,4.708896595069507300e-04,5.136063835235885403e-04,-6.153919352283205853e-05,3.511410347552753361e-04,-6.154817985280463914e-04,7.214493746371473514e-04,-8.066437483500671444e-05
4.457270683558268954e-04,5.383138015551689262e-04,4.709947910779098542e-04,5.130460788330851001e-04,-6.148826498185655737e-05,3.531630678425913333e-04,-6.140905735732200312e-04,7.178875037967442918e-04,-8.063760369532252620e-05
4.463111515637079984e-04,5.372783680593948936e-04,4.710927087152444719e-04,5.124968109078522401e-04,-6.143819282757094448e-05,3.551249120095142518e-04,-6.127322474536025859e-04,7.144187690160346384e-04,-8.061084161973615825e-05
4.468748337453182728e-04,5.362670558032879824e-04,4.711836139701563097e-04,5.119582755784545533e-04,-6.138895352020622240e-05,3.570282466140931445e-04,-6.114059264440880898e-04,7.110405971926470276e-04,-8.058408860508413905e-05
4.474186819214112567e-04,5.352791980680910583e-04,4.712677028477342631e-04,5.114301771417620887e-04,-6.134052416789107702e-05,3.588747041954159210e-04,-6.101107411287816883e-04,7.077504863573319495e-04,-8.055734464817894131e-05
4.479432473803277200e-04,5.343141465929353079e-04,4.713451659024271798e-04,5.109122280708277165e-04,-6.129288251589165885e-05,3.606658717701968601e-04,-6.088458457241325466e-04,7.045460036950706301e-04,-8.053060974584065428e-05
4.484490661204965718e-04,5.333712710832124500e-04,4.714161883997546737e-04,5.104041488039465961e-04,-6.124600692523064186e-05,3.624032920782148241e-04,-6.076104174413437175e-04,7.014247836618358071e-04,-8.050388389483602444e-05
4.489366592679295675e-04,5.324499586908159124e-04,4.714809504518797760e-04,5.099056675068664628e-04,-6.119987635750720044e-05,3.640884648605683749e-04,-6.064036558817749315e-04,6.983845261002382711e-04,-8.047716709205058618e-05
4.494065335115305943e-04,5.315496135584917492e-04,4.715396271850635273e-04,5.094165198849585994e-04,-6.115447035597849467e-05,3.657228480315399214e-04,-6.052247824046499839e-04,6.954229944416200982e-04,-8.045045933425348480e-05
4.498591814876744342e-04,5.306696563325075458e-04,4.715923888619187468e-04,5.089364489582564027e-04,-6.110976903268167950e-05,3.673078588512354494e-04,-6.040730395446046799e-04,6.925380139417691011e-04,-8.042376061828168242e-05
4.502950821779564674e-04,5.298095237151739930e-04,4.716394010251944856e-04,5.084652048679406912e-04,-6.106575304798284314e-05,3.688448750673568540e-04,-6.029476904479933201e-04,6.897274699849366073e-04,-8.039707094097420118e-05
4.507147012512646386e-04,5.289686679865721920e-04,4.716808245928672243e-04,5.080025446449686847e-04,-6.102240360070338793e-05,3.703352360008043591e-04,-6.018480182854732755e-04,6.869893064079514661e-04,-8.037039029910185331e-05
4.511184914849699365e-04,5.281465566226372591e-04,4.717168160380555506e-04,5.075482320695546808e-04,-6.097970240930239384e-05,3.717802436274339224e-04,-6.007733257422279800e-04,6.843215239022141421e-04,-8.034371868953300215e-05
4.515068930950335386e-04,5.273426718374865565e-04,4.717475274820326163e-04,5.071020374504861235e-04,-6.093763170025456069e-05,3.731811636262855254e-04,-5.997229344536862119e-04,6.817221784090898590e-04,-8.031705610909177560e-05
4.518803341243709019e-04,5.265565102269384630e-04,4.717731068588054254e-04,5.066637374925127757e-04,-6.089617419063648470e-05,3.745392263762010554e-04,-5.986961845204020116e-04,6.791893796336400269e-04,-8.029040255455156090e-05
4.522392306824349643e-04,5.257875822687756205e-04,4.717936979322101543e-04,5.062331150190047674e-04,-6.085531307684266175e-05,3.758556279612255795e-04,-5.976924339855737515e-04,6.767212895214412462e-04,-8.026375802279085865e-05
4.525839873937453255e-04,5.250354120551329381e-04,4.718094405290486869e-04,5.058099589198314198e-04,-6.081503202289153349e-05,3.771315310966129818e-04,-5.967110583534745993e-04,6.743161208430261235e-04,-8.023712251062875523e-05
4.529149976294460749e-04,5.242995368269116885e-04,4.718204705611793968e-04,5.053940638951883411e-04,-6.077531514318611710e-05,3.783680660962154352e-04,-5.957514501226857020e-04,6.719721357697681051e-04,-8.021049601488196529e-05
4.532326438760322712e-04,5.235795066709323514e-04,4.718269201921032390e-04,5.049852303548554204e-04,-6.073614699334223092e-05,3.795663317381053740e-04,-5.948130183096370354e-04,6.696876445243458683e-04,-8.018387853239318367e-05
4.535372980139755353e-04,5.228748841304947225e-04,4.718289179148021473e-04,5.045832642296680564e-04,-6.069751255704042216e-05,3.807273961809273951e-04,-5.938951880155051745e-04,6.674610040324404497e-04,-8.015727005997130524e-05
4.538293215742496452e-04,5.221852438361009301e-04,4.718265886200232796e-04,5.041879767903308194e-04,-6.065939723322565238e-05,3.818522977967796022e-04,-5.929973999775016956e-04,6.652906166448421983e-04,-8.013067059445505395e-05
4.541090661252731838e-04,5.215101722605322131e-04,4.718200537931557673e-04,5.037991845926459433e-04,-6.062178682703938971e-05,3.829420459910883728e-04,-5.921191101437191240e-04,6.631749288867360738e-04,-8.010408013269461921e-05
4.543768734277268875e-04,5.208492672717377142e-04,4.718094314881974487e-04,5.034167092112712188e-04,-6.058466753453234464e-05,3.839976220500010981e-04,-5.912597892702955082e-04,6.611124302162510197e-04,-8.007749867152648882e-05
4.546330757995039034e-04,5.202021379160156212e-04,4.717948365175216366e-04,5.030403771979953401e-04,-6.054802593653901913e-05,3.850199798718857334e-04,-5.904189225041402405e-04,6.591016518632049521e-04,-8.005092620774029947e-05
4.548779963370544336e-04,5.195684040612666334e-04,4.717763804995460733e-04,5.026700198987711990e-04,-6.051184898516181196e-05,3.860100467742883261e-04,-5.895960090152678728e-04,6.571411656625838864e-04,-8.002436273823657466e-05
4.551119491529864725e-04,5.189476961052845970e-04,4.717541719371704575e-04,5.023054733211054909e-04,-6.047612399286211523e-05,3.869687241822181655e-04,-5.887905616006800825e-04,6.552295829734812406e-04,-7.999780825982377556e-05
4.553352396842792770e-04,5.183396546673711344e-04,4.717283163403699492e-04,5.019465780112796491e-04,-6.044083862537772984e-05,3.878968884526522555e-04,-5.880021062779963986e-04,6.533655534434591825e-04,-7.997126276933639775e-05
4.555481649092555860e-04,5.177439303564214390e-04,4.716989163084245318e-04,5.015931789572572637e-04,-6.040598088834896737e-05,3.887953914787956088e-04,-5.872301819944528200e-04,6.515477641072136335e-04,-7.994472626360432893e-05
4.557510135152491489e-04,5.171601834062222996e-04,4.716660715372916952e-04,5.012451253841844695e-04,-6.037153912133415908e-05,3.896650614126608491e-04,-5.864743402406198810e-04,6.497749382878615677e-04,-7.991819873949582403e-05
4.559440662684673411e-04,5.165880835393260725e-04,4.716298790374486190e-04,5.009022707703433309e-04,-6.033750198539606952e-05,3.905067032922254463e-04,-5.857341446878848012e-04,6.480458346033845379e-04,-7.989168019384026932e-05
4.561275960542135466e-04,5.160273095471842831e-04,4.715904330356328268e-04,5.005644725657704781e-04,-6.030385845789008252e-05,3.913210997243117919e-04,-5.850091709083803798e-04,6.463592460048446378e-04,-7.986517062348065781e-05
4.563018682662277358e-04,5.154775491743439917e-04,4.715478252123463760e-04,5.002315922282241046e-04,-6.027059782015152018e-05,3.921090115013138675e-04,-5.842990060053696337e-04,6.447139987875983008e-04,-7.983867002528720954e-05
4.564671409076886802e-04,5.149384987996172194e-04,4.715021446766427360e-04,4.999034950306635973e-04,-6.023770965014540270e-05,3.928711781882642060e-04,-5.836032483289838165e-04,6.431089517199954381e-04,-7.981217839607197709e-05
4.566236648145160148e-04,5.144098631934363938e-04,4.714534780491590562e-04,4.995800499587896119e-04,-6.020518381644749995e-05,3.936083187400974564e-04,-5.829215071500446410e-04,6.415429951040148597e-04,-7.978569573268004056e-05
4.567716839026938840e-04,5.138913553374240255e-04,4.714019095810222993e-04,4.992611296590928997e-04,-6.017301046551844755e-05,3.943211320613049199e-04,-5.822534023736750932e-04,6.400150499235497410e-04,-7.975922203198374774e-05
4.569114353018036666e-04,5.133826961430631693e-04,4.713475211623769788e-04,4.989466102824889355e-04,-6.014118001975876269e-05,3.950102975813086083e-04,-5.815985642614650373e-04,6.385240669960624664e-04,-7.973275729083774681e-05
4.570431495692151621e-04,5.128836142537706796e-04,4.712903924128229076e-04,4.986363714101615247e-04,-6.010968316527976867e-05,3.956764757740387347e-04,-5.809566331147656771e-04,6.370690261322657123e-04,-7.970630150606337384e-05
4.571670508524566540e-04,5.123938458209696721e-04,4.712306007275777076e-04,4.983302959458505701e-04,-6.007851084635728418e-05,3.963203087019537838e-04,-5.803272590429514252e-04,6.356489353651793503e-04,-7.967985467453850604e-05
4.572833571504140125e-04,5.119131343538833954e-04,4.711682214148958030e-04,4.980282700894016592e-04,-6.004765425831320579e-05,3.969424205334071512e-04,-5.797101016666631433e-04,6.342628301301451998e-04,-7.965341679312486602e-05
4.573922803333582395e-04,5.114412304002076588e-04,4.711033276140911890e-04,4.977301831194690714e-04,-6.001710484078076260e-05,3.975434180265607800e-04,-5.791048298728310346e-04,6.329097725414012604e-04,-7.962698785864228551e-05
4.574940264262290107e-04,5.109778914445121988e-04,4.710359904631074919e-04,4.974359274076275376e-04,-5.998685426986884482e-05,3.981238910226535645e-04,-5.785111215661036237e-04,6.315888506451374299e-04,-7.960056786797896876e-05
4.575887957762630651e-04,5.105228817112100271e-04,4.709662791563657379e-04,4.971453983311030717e-04,-5.995689445367227509e-05,3.986844129294957791e-04,-5.779286634083010722e-04,6.302991776823304009e-04,-7.957415681798566081e-05
4.576767831328345821e-04,5.100759719274347180e-04,4.708942609294752596e-04,4.968584941307927936e-04,-5.992721752224290459e-05,3.992255411589826024e-04,-5.773571506028500914e-04,6.290398914272933833e-04,-7.954775470547993015e-05
4.577581778580299570e-04,5.096369391753911545e-04,4.708200011619207608e-04,4.965751158715022481e-04,-5.989781582488465730e-05,3.997478175839264971e-04,-5.767962866296321095e-04,6.278101534723284005e-04,-7.952136152737297964e-05
4.578331640752770658e-04,5.092055667316448906e-04,4.707435634326896938e-04,4.962951673742350273e-04,-5.986868192349007091e-05,4.002517689613155892e-04,-5.762457830535284552e-04,6.266091486102012701e-04,-7.949497728051158345e-05
4.579019207970779957e-04,5.087816438601960953e-04,4.706650095474090812e-04,4.960185551098597514e-04,-5.983980858553036055e-05,4.007379073747992346e-04,-5.757053592777179596e-04,6.254360841446570014e-04,-7.946860196173492633e-05
4.579646220388400822e-04,5.083649656437200150e-04,4.705843995672037792e-04,4.957451881153621728e-04,-5.981118877889711694e-05,4.012067306276615960e-04,-5.751747423675000661e-04,6.242901893212363150e-04,-7.944223556794607964e-05
4.580214370474494168e-04,5.079553328823217893e-04,4.705017919380913988e-04,4.954749779916764463e-04,-5.978281566456875604e-05,4.016587226412569422e-04,-5.746536667907986302e-04,6.231707146690827412e-04,-7.941587809598299485e-05
4.580725303536693077e-04,5.075525518774581021e-04,4.704172434625161986e-04,4.952078387685984176e-04,-5.975468259597239838e-05,4.020943538483823742e-04,-5.741418742538292874e-04,6.220769314501980573e-04,-7.938952954270396577e-05
4.581180619214701016e-04,5.071564342913861996e-04,4.703308093616869693e-04,4.949436868511698740e-04,-5.972678310874355917e-05,4.025140815632724956e-04,-5.736391134913527371e-04,6.210081310684004239e-04,-7.936318990499290050e-05
4.581581872653505381e-04,5.067667969918779498e-04,4.702425433107986419e-04,4.946824409464306051e-04,-5.969911091779993409e-05,4.029183503538879847e-04,-5.731451400845541475e-04,6.199636245206221336e-04,-7.933685917969634279e-05
4.581930576174546126e-04,5.063834619447706367e-04,4.701524975235737112e-04,4.944240220386543570e-04,-5.967165991355928198e-05,4.033075923897210912e-04,-5.726597162593544468e-04,6.189427418491976699e-04,-7.931053736372401831e-05
4.582228199976658969e-04,5.060062560325539159e-04,4.700607227468543443e-04,4.941683532833608065e-04,-5.964442415344692344e-05,4.036822277953438826e-04,-5.721826107244215196e-04,6.179448316233704733e-04,-7.928422445391755126e-05
4.582476173610321472e-04,5.056350109373408154e-04,4.699672683283454997e-04,4.939153599700313660e-04,-5.961739786102953102e-05,4.040426649864458644e-04,-5.717135984767223421e-04,6.169692604066369900e-04,-7.925792044711407996e-05
4.582675886750031615e-04,5.052695629922029094e-04,4.698721822259865552e-04,4.936649694412167510e-04,-5.959057541958277462e-05,4.043893009741433473e-04,-5.712524606334191696e-04,6.160154122912793809e-04,-7.923162534027070969e-05
4.582828691006737669e-04,5.049097530970256048e-04,4.697755111093839496e-04,4.934171110883123863e-04,-5.956395136804330359e-05,4.047225217199474550e-04,-5.707989842808020107e-04,6.150826883856502173e-04,-7.920533913019328599e-05
4.582935899978210232e-04,5.045554265187475766e-04,4.696773003032977956e-04,4.931717162132761168e-04,-5.953752039578862494e-05,4.050427024134880941e-04,-5.703529623011183375e-04,6.141705063664867556e-04,-7.917906181379806682e-05
4.582998791197511281e-04,5.042064328329694343e-04,4.695775939062205289e-04,4.929287180465008467e-04,-5.951127734041031475e-05,4.053502077952090589e-04,-5.699141932064055510e-04,6.132782999913364381e-04,-7.915279338790710655e-05
4.583018606727686656e-04,5.038626257830318336e-04,4.694764347897081185e-04,4.926880516660920011e-04,-5.948521718187272311e-05,4.056453924344983596e-04,-5.694824810065678622e-04,6.124055186849575085e-04,-7.912653384942465559e-05
4.582996553896060408e-04,5.035238631411574758e-04,4.693738646078621734e-04,4.924496539229006927e-04,-5.945933504017889687e-05,4.059286010011040882e-04,-5.690576350342468502e-04,6.115516270947558971e-04,-7.910028319527728541e-05
4.582933807030183430e-04,5.031900066578988808e-04,4.692699239036637209e-04,4.922134634572535028e-04,-5.943362616858872570e-05,4.062001685662504293e-04,-5.686394698209404136e-04,6.107161046666715687e-04,-7.907404142227385019e-05
4.582831507334708199e-04,5.028609218558190500e-04,4.691646520381456947e-04,4.919794205511442836e-04,-5.940808595356714426e-05,4.064604208711741014e-04,-5.682278049413431054e-04,6.098984452172295052e-04,-7.904780852733299314e-05
4.582690765202648690e-04,5.025364780738063872e-04,4.690580873654864348e-04,4.917474672285803219e-04,-5.938270990784906019e-05,4.067096745490330028e-04,-5.678224648983269196e-04,6.090981565999363349e-04,-7.902158450731371281e-05
4.582512659046210899e-04,5.022165481482836983e-04,4.689502670552130005e-04,4.915175469976865294e-04,-5.935749367107225028e-05,4.069482374234853527e-04,-5.674232789437662567e-04,6.083147602289197368e-04,-7.899536935913031562e-05
4.582298238732724401e-04,5.019010085617250233e-04,4.688412273773806017e-04,4.912896050576176206e-04,-5.933243300027474183e-05,4.071764087437858130e-04,-5.670300810093125907e-04,6.075477907719931906e-04,-7.896916307962796296e-05
4.582048523983090881e-04,5.015897391362777753e-04,4.687310034982066160e-04,4.910635880363890295e-04,-5.930752377224562044e-05,4.073944793901135395e-04,-5.666427095313964326e-04,6.067967957697949439e-04,-7.894296566572346846e-05
4.581764506478745117e-04,5.012826230306696197e-04,4.686196296265683105e-04,4.908394440519830851e-04,-5.928276197754066089e-05,4.076027321582882256e-04,-5.662610073479334375e-04,6.060613352481077814e-04,-7.891677711429675578e-05
4.581447150952678952e-04,5.009795466942870918e-04,4.685071390765477555e-04,4.906171227130107010e-04,-5.925814371687514594e-05,4.078014419497722506e-04,-5.658848215797029294e-04,6.053409814107961646e-04,-7.889059742222964591e-05
4.581097394517480437e-04,5.006803996498209244e-04,4.683935641549094196e-04,4.903965749466523928e-04,-5.923366520150570190e-05,4.079908759956554103e-04,-5.655140035095970524e-04,6.046353182943249929e-04,-7.886442658641785119e-05
4.580716149205811961e-04,5.003850745475083581e-04,4.682789363553238756e-04,4.901777531127649197e-04,-5.920932274378840890e-05,4.081712940882065654e-04,-5.651484084547057311e-04,6.039439414099453474e-04,-7.883826460372457144e-05
4.580304300924759606e-04,5.000934669518277472e-04,4.681632862207943087e-04,4.899606108235104833e-04,-5.918511276189647620e-05,4.083429487662386024e-04,-5.647878956979991401e-04,6.032664574825569170e-04,-7.881211147108056585e-05
4.579862711503321295e-04,4.998054753515791468e-04,4.680466434901411747e-04,4.897451030117762815e-04,-5.916103177033518084e-05,4.085060855389428401e-04,-5.644323283322821719e-04,6.026024840861152025e-04,-7.878596718535938836e-05
4.579392218790380182e-04,4.995210010457849358e-04,4.679290370703424132e-04,4.895311858544811913e-04,-5.913707638170715201e-05,4.086609430606825857e-04,-5.640815731872483385e-04,6.019516493767865933e-04,-7.875983174344473024e-05
4.578893637397385852e-04,4.992399480657776396e-04,4.678104950651721609e-04,4.893188167403409198e-04,-5.911324330138384268e-05,4.088077533416452141e-04,-5.637355007269727932e-04,6.013135917925176805e-04,-7.873370514226462659e-05
4.578367759408451449e-04,4.989622231064481765e-04,4.676910448040267048e-04,4.891079542432652614e-04,-5.908952932785759715e-05,4.089467419077629103e-04,-5.633939849172596524e-04,6.006879597595518117e-04,-7.870758737866337146e-05
4.577815354769663027e-04,4.986877354316108374e-04,4.675707128408964968e-04,4.888985580676842753e-04,-5.906593134587722824e-05,4.090781280251938015e-04,-5.630569031990638636e-04,6.000744114359320104e-04,-7.868147844957363495e-05
4.577237172042544766e-04,4.984163968149385535e-04,4.674495249890659354e-04,4.886905890301269321e-04,-5.904244632873548062e-05,4.092021248129515355e-04,-5.627241362944060063e-04,5.994726144121285787e-04,-7.865537835190988607e-05
4.576633939396511624e-04,4.981481215054042776e-04,4.673275063803329220e-04,4.884840090647245238e-04,-5.901907133158488378e-05,4.093189394802938938e-04,-5.623955682279279658e-04,5.988822454841339054e-04,-7.862928708253470126e-05
4.576006364649937283e-04,4.978828261145930214e-04,4.672046814338582689e-04,4.882787811457218671e-04,-5.899580349151113890e-05,4.094287734367344552e-04,-5.620710861441899049e-04,5.983029903759472592e-04,-7.860320463834110944e-05
4.575355135526260053e-04,4.976204295203118374e-04,4.670810738450626018e-04,4.880748692278810957e-04,-5.897264002693089203e-05,4.095318224887355184e-04,-5.617505802776662704e-04,5.977345434961433201e-04,-7.857713101627492665e-05
4.574680921345461860e-04,4.973608529140507691e-04,4.669567067183147077e-04,4.878722383302825727e-04,-5.894957823076035915e-05,4.096282769690687080e-04,-5.614339438504080577e-04,5.971766077215261408e-04,-7.855106621321775705e-05
4.573984372689293178e-04,4.971040196400137393e-04,4.668316024950595563e-04,4.876708544138817119e-04,-5.892661547077563365e-05,4.097183219268071483e-04,-5.611210729860338121e-04,5.966288941117779774e-04,-7.852501022605357648e-05
4.573266121901829653e-04,4.968498551626621997e-04,4.667057829789029435e-04,4.874706843739366920e-04,-5.890374919083195298e-05,4.098021372329030106e-04,-5.608118666522532523e-04,5.960911217454395580e-04,-7.849896305173297147e-05
4.572526783782677367e-04,4.965982869989146557e-04,4.665792693640066378e-04,4.872716960131753209e-04,-5.888097690156610938e-05,4.098798977533813295e-04,-5.605062265448395318e-04,5.955630174402843681e-04,-7.847292468709793215e-05
4.571766956556881666e-04,4.963492447222390969e-04,4.664520823038431152e-04,4.870738580740844193e-04,-5.885829618516939246e-05,4.099517734747741169e-04,-5.602040570582071362e-04,5.950443155874283454e-04,-7.844689512912152868e-05
4.570987221063894067e-04,4.961026597836438448e-04,4.663242418008325604e-04,4.868771400892018836e-04,-5.883570468981716168e-05,4.100179296485877535e-04,-5.599052651822963422e-04,5.945347579103580325e-04,-7.842087437467872447e-05
4.570188142644545900e-04,4.958584655877284813e-04,4.661957673611011798e-04,4.866815124910766873e-04,-5.881320012868620009e-05,4.100785269081635574e-04,-5.596097604325412376e-04,5.940340932740909366e-04,-7.839486242067896058e-05
4.569370270858520407e-04,4.956165973738063928e-04,4.660666779389756884e-04,4.864869465206777578e-04,-5.879078027852610854e-05,4.101337214217133545e-04,-5.593174548053588858e-04,5.935420774913853417e-04,-7.836885926404429546e-05
4.568534140025474252e-04,4.953769921738288354e-04,4.659369919622070562e-04,4.862934142141668191e-04,-5.876844297691783271e-05,4.101836650013665811e-04,-5.590282626839408308e-04,5.930584731221595456e-04,-7.834286490167255564e-05
4.567680269616495757e-04,4.951395887620878202e-04,4.658067273441063088e-04,4.861008883796315749e-04,-5.874618612304693645e-05,4.102285052139768851e-04,-5.587421007731006774e-04,5.925830492860104277e-04,-7.831687933050782244e-05
4.566809164589879610e-04,4.949043275939545711e-04,4.656759014887291276e-04,4.859093425642182834e-04,-5.872400767323979914e-05,4.102683855335309722e-04,-5.584588880599765338e-04,5.921155814811499517e-04,-7.829090254744096994e-05
4.565921315679658541e-04,4.946711507716779329e-04,4.655445313007546123e-04,4.857187510388814768e-04,-5.870190563962443623e-05,4.103034454092289681e-04,-5.581785457497972364e-04,5.916558514478283256e-04,-7.826493454936276381e-05
4.565017200878591854e-04,4.944400020538051131e-04,4.654126332919507900e-04,4.855290888497069491e-04,-5.867987809022269036e-05,4.103338204256793548e-04,-5.579009971631875876e-04,5.912036469089597748e-04,-7.823897533323029578e-05
4.564097283875536825e-04,4.942108266799433852e-04,4.652802234192332997e-04,4.853403316482597565e-04,-5.865792314663878683e-05,4.103596423692640696e-04,-5.576261677254509093e-04,5.907587614856466040e-04,-7.821302489593841083e-05
4.563162016473501438e-04,4.939835714886638227e-04,4.651473172892431210e-04,4.851524558467768629e-04,-5.863603898176753351e-05,4.103810393597787554e-04,-5.573539848958856740e-04,5.903209945048591874e-04,-7.818708323443159685e-05
4.562211836979501159e-04,4.937581847037341440e-04,4.650139299814059178e-04,4.849654384202788842e-04,-5.861422381985195295e-05,4.103981359505354666e-04,-5.570843781107018278e-04,5.898901508322158902e-04,-7.816115034561447019e-05
4.561247172302898881e-04,4.935346160489777895e-04,4.648800762292861020e-04,4.847792570499858040e-04,-5.859247593348179065e-05,4.104110532093776164e-04,-5.568172787091840194e-04,5.894660407237270949e-04,-7.813522622639793556e-05
4.560268437125054603e-04,4.933128166136144938e-04,4.647457703219551187e-04,4.845938900041574086e-04,-5.857079364354379086e-05,4.104199088392072631e-04,-5.565526199348255678e-04,5.890484797055151132e-04,-7.810931087372284878e-05
4.559276034768629509e-04,4.930927388415528136e-04,4.646110261615715806e-04,4.844093161568475991e-04,-5.854917531793572431e-05,4.104248172616427456e-04,-5.562903368151276293e-04,5.886372883686521269e-04,-7.808340428449122412e-05
4.558270357477986132e-04,4.928743365153218179e-04,4.644758572781742308e-04,4.842255149849475013e-04,-5.852761936923752881e-05,4.104258896952734151e-04,-5.560303661638717936e-04,5.882322922928500276e-04,-7.805750645565557254e-05
4.557251786108499920e-04,4.926575646427000781e-04,4.643402767739523789e-04,4.840424664795916739e-04,-5.850612425219980228e-05,4.104232342772411992e-04,-5.557726465127235151e-04,5.878333218588250274e-04,-7.803161738411658018e-05
4.556220691818803131e-04,4.924423795631674081e-04,4.642042974733513066e-04,4.838601512716940835e-04,-5.848468846782213092e-05,4.104169561099441283e-04,-5.555171180745592996e-04,5.874402121580266610e-04,-7.800573706682929233e-05
4.555177434627988753e-04,4.922287387423838253e-04,4.640679317606573187e-04,4.836785504445247855e-04,-5.846331055525727700e-05,4.104071573814617067e-04,-5.552637226796178216e-04,5.870528028204781900e-04,-7.797986550068996344e-05
4.554122365026853653e-04,4.920166008727548321e-04,4.639311917226450845e-04,4.834976456527931071e-04,-5.844198909739046295e-05,4.103939374139140158e-04,-5.550124037484744505e-04,5.866709379282072879e-04,-7.795400268263721314e-05
4.553055823782558957e-04,4.918059257793667939e-04,4.637940891069249213e-04,4.833174190507003162e-04,-5.842072271256020026e-05,4.103773927791248897e-04,-5.547631062363145597e-04,5.862944658514271032e-04,-7.792814860962459596e-05
4.551978142202387162e-04,4.915966744063898514e-04,4.636566353359912354e-04,4.831378532906375491e-04,-5.839951006042285424e-05,4.103576173494618900e-04,-5.545157766125149643e-04,5.859232391695141842e-04,-7.790230327856353162e-05
4.550889641930500312e-04,4.913888087406312593e-04,4.635188414702730753e-04,4.829589314634152625e-04,-5.837834983598436854e-05,4.103347023718660635e-04,-5.542703627960063892e-04,5.855571145385255871e-04,-7.787646668638113366e-05
4.549790636321394293e-04,4.911822918696111089e-04,4.633807183215002076e-04,4.827806371802449096e-04,-5.835724077012793961e-05,4.103087365531722023e-04,-5.540268141086200334e-04,5.851959525614539200e-04,-7.785063883002430233e-05
4.548681429961612269e-04,4.909770878983538232e-04,4.632422763942280826e-04,4.826029545002889732e-04,-5.833618163074503603e-05,4.102798061376693606e-04,-5.537850812776764272e-04,5.848396177059573230e-04,-7.782481970643332421e-05
4.547562318534738735e-04,4.907731618919457164e-04,4.631035258591981738e-04,4.824258678862254276e-04,-5.831517121846915787e-05,4.102479949500122754e-04,-5.535451163662868457e-04,5.844879781934360450e-04,-7.779900931250968504e-05
4.546433589911990899e-04,4.905704799079623965e-04,4.629644766393281119e-04,4.822493622598353802e-04,-5.829420836704691161e-05,4.102133844848344707e-04,-5.533068727290860927e-04,5.841409058674336104e-04,-7.777320764524430364e-05
4.545295524156252450e-04,4.903690089678891962e-04,4.628251384013766100e-04,4.820734229821389697e-04,-5.827329194277138582e-05,4.101760539624273519e-04,-5.530703050087983986e-04,5.837982761401019514e-04,-7.774741470153390881e-05
4.544148392721381047e-04,4.901687169233078564e-04,4.626855204597220381e-04,4.818980357357288561e-04,-5.825242084335179580e-05,4.101360804040491597e-04,-5.528353690747294389e-04,5.834599678404006357e-04,-7.772163047833533477e-05
4.542992460595849475e-04,4.899695726206359505e-04,4.625456319757917096e-04,4.817231867044340131e-04,-5.823159399725649776e-05,4.100935386593521407e-04,-5.526020219960230779e-04,5.831258631726298197e-04,-7.769585497260655417e-05
4.541827984575182793e-04,4.897715456821857003e-04,4.624054817714640195e-04,4.815488623682362196e-04,-5.821081036176691366e-05,4.100485015190489342e-04,-5.523702220104581388e-04,5.827958475713916446e-04,-7.767008818125180391e-05
4.540655215109049058e-04,4.895746066545206710e-04,4.622650785028192691e-04,4.813750496626030008e-04,-5.819006892316110698e-05,4.100010397251017957e-04,-5.521399285150324328e-04,5.824698096745842789e-04,-7.764433010123168580e-05
4.539474394841327975e-04,4.893787268105321718e-04,4.621244304985010058e-04,4.812017357961600062e-04,-5.816936869587735460e-05,4.099512220557930569e-04,-5.519111019794940582e-04,5.821476411592103406e-04,-7.761858072949791125e-05
4.538285760271113510e-04,4.891838782783340884e-04,4.619835459146078016e-04,4.810289083908386677e-04,-5.814870872277489068e-05,4.098991153675340211e-04,-5.516837039723008866e-04,5.818292367217700774e-04,-7.759284006298191704e-05
4.537089541317139993e-04,4.889900339510344944e-04,4.618424326772198590e-04,4.808565554055305863e-04,-5.812808807111946515e-05,4.098447846618227417e-04,-5.514576971078336866e-04,5.815144939597086289e-04,-7.756710809865585178e-05
4.535885961036474493e-04,4.887971674352332291e-04,4.617010984471086633e-04,4.806846650917677866e-04,-5.810750583545698766e-05,4.097882931081900772e-04,-5.512330450019523997e-04,5.812033133047733724e-04,-7.754138483343620382e-05
4.534675237030275454e-04,4.886052531286139101e-04,4.615595507414605781e-04,4.805132260901737217e-04,-5.808696113462189533e-05,4.097297021314934696e-04,-5.510097122794211906e-04,5.808955979417580653e-04,-7.751567026428376474e-05
4.533457580313160658e-04,4.884142660892276406e-04,4.614177968154396835e-04,4.803422273051040771e-04,-5.806645311225012946e-05,4.096690714452492772e-04,-5.507876645276632132e-04,5.805912537295586156e-04,-7.748996438816394754e-05
4.532233196411924688e-04,4.882241821007551495e-04,4.612758437586956476e-04,4.801716579832531633e-04,-5.804598093525299219e-05,4.096064590819947717e-04,-5.505668682573031320e-04,5.802901891310177206e-04,-7.746426720198737231e-05
4.531002284533491289e-04,4.880349775578026470e-04,4.611336984026748491e-04,4.800015076084755716e-04,-5.802554379328372583e-05,4.095419214763905543e-04,-5.503472909031095111e-04,5.799923151320370961e-04,-7.743857870275094814e-05
4.529765038990912437e-04,4.878466295733819300e-04,4.609913674525963501e-04,4.798317660198786125e-04,-5.800514090005489304e-05,4.094755134698386070e-04,-5.501289007891291489e-04,5.796975451988197955e-04,-7.741289888740911045e-05
4.528521648633916088e-04,4.876591158751162388e-04,4.608488574165142833e-04,4.796624233219966000e-04,-5.798477148920407000e-05,4.094072883921591986e-04,-5.499116670918650788e-04,5.794057951615146085e-04,-7.738722775287959444e-05
4.527272296756007942e-04,4.874724147950870289e-04,4.607061745957725897e-04,4.794934698749160466e-04,-5.796443481515529923e-05,4.093372980642009397e-04,-5.496955598318698823e-04,5.791169832105197987e-04,-7.736156529614436075e-05
4.526017161869689545e-04,4.872865052746670192e-04,4.605633251404790901e-04,4.793248963211593772e-04,-5.794413015581215972e-05,4.092655928918402432e-04,-5.494805498540201484e-04,5.788310297632299952e-04,-7.733591151413594391e-05
4.524756417234293668e-04,4.871013668245775330e-04,4.604203150047852361e-04,4.791566935432222058e-04,-5.792385680538766012e-05,4.091922218477008627e-04,-5.492666087813738050e-04,5.785478574589174566e-04,-7.731026640386002148e-05
4.523490231601450277e-04,4.869169795469514709e-04,4.602771500053408154e-04,4.789888527017589358e-04,-5.790361408066621102e-05,4.091172325424953710e-04,-5.490537090153969338e-04,5.782673910725093756e-04,-7.728462996221746931e-05
4.522218768987327641e-04,4.867333240851634806e-04,4.601338357905198490e-04,4.788213651933729263e-04,-5.788340131497071749e-05,4.090406712850028453e-04,-5.488418237349467887e-04,5.779895574566619931e-04,-7.725900218621326021e-05
4.520942188587103415e-04,4.865503815933483185e-04,4.599903778251294918e-04,4.786542226269281924e-04,-5.786321786130330271e-05,4.089625830746968340e-04,-5.486309268127868193e-04,5.777142854722328805e-04,-7.723338307279731664e-05
4.519660645686669710e-04,4.863681338034987604e-04,4.598467814743804069e-04,4.784874168977866797e-04,-5.784306309048999409e-05,4.088830116317204028e-04,-5.484209928342989159e-04,5.774415059693299539e-04,-7.720777261891454660e-05
4.943320315603742104e-04,4.398641326374806313e-04,4.754881861906951166e-04,4.587079780071632489e-04,-5.617527439086712743e-05,-4.800773610954723485e-04,1.052809806819565187e-03,-1.349712916364360351e-04,-7.718217082153474055e-05
7.440017845292647885e-04,1.673826465810454231e-04,5.681350321661324905e-04,3.432493989441782632e-04,-4.646960739222389736e-05,-5.705358451414238238e-03,1.046447584576875797e-02,-4.321498564670199494e-03,-7.715657767763479046e-05
1.229312375260305668e-03,-3.619666876665669428e-04,7.483132294409423901e-04,1.190324581527620745e-04,-2.762732282813671193e-05,-1.586168455140102990e-02,2.875692589407867483e-02,-1.245776479113753360e-02,-7.713099318417550147e-05
1.934806232510570545e-03,-1.131334130525611485e-03,1.010280810460707996e-03,-2.068087084757777756e-04,-2.477598846190270758e-07,-3.063444907469757214e-02,5.535965386281573725e-02,-2.428787046847709699e-02,-7.710541733813884775e-05
2.844827641801828122e-03,-2.123652935673693218e-03,1.348222510253820148e-03,-6.270478041257568011e-04,3.506204072379053450e-05,-4.971613092208982537e-02,8.970993709878490041e-02,-3.955661404272479975e-02,-7.707985013646590194e-05
3.943362349250380955e-03,-3.321464238172672223e-03,1.756190265789694428e-03,-1.134292154712017789e-03,7.768111268153491018e-05,-7.280646023786022103e-02,1.312516292961151687e-01,-5.800811906374194610e-02,-7.705429157616247712e-05
5.213912192667129880e-03,-4.706780228651296499e-03,2.228056695484641192e-03,-1.720924731468604849e-03,1.269697000445948803e-04,-9.961258885758424164e-02,1.794343591915282532e-01,-7.938486243268573495e-02,-7.702874165413740447e-05
6.639394209210721515e-03,-6.260974108343395766e-03,2.757477640896227947e-03,-2.379057540028605561e-03,1.822653441012839562e-04,-1.298492903066402471e-01,2.337131056596342404e-01,-1.034270494988081268e-01,-7.700320036739047975e-05
8.202053925936383938e-03,-7.964685603633142597e-03,3.337859947041115979e-03,-3.100491624737751473e-03,2.428795219931892228e-04,-1.632392121302200516e-01,2.935481198184772822e-01,-1.298722838349746778e-01,-7.697766771292042804e-05
9.883382951246084958e-03,-9.797731263963917192e-03,3.962330811752720616e-03,-3.876679124470216314e-03,3.080944538553130000e-04,-1.995131995945665371e-01,3.584051632529841602e-01,-1.584554817598832765e-01,-7.695214368774703508e-05
1.166403134454661178e-02,-1.173900916108103903e-02,4.623705167222241785e-03,-4.698682983756748838e-03,3.771597092260114276e-04,-2.384107051535390431e-01,4.277560289270500582e-01,-1.889089837835861707e-01,-7.692662828880000294e-05
1.352370541021882117e-02,-1.376638778937500085e-02,5.314447620241441461e-03,-5.557129999397631553e-03,4.492882499724567408e-04,-2.796802931343118082e-01,5.010793082323704573e-01,-2.209628169706183975e-01,-7.690112151286449601e-05
1.544104143603181045e-02,-1.585656883077268819e-02,6.026625430556750707e-03,-6.442152825297670082e-03,5.236515421106692665e-04,-3.230802443383349321e-01,5.778613643425792867e-01,-2.543450636931795517e-01,-7.687562335719604620e-05
1.739344540463542976e-02,-1.798491291258748348e-02,6.751848823968523150e-03,-7.343316331921354023e-03,5.993733498645130615e-04,-3.683792610432510828e-01,6.575974690027674985e-01,-2.887822934187320167e-01,-7.685013381864842081e-05
1.935688779028282847e-02,-2.012521648692419673e-02,7.481194596586304701e-03,-8.249523293227874199e-03,6.755217897452155118e-04,-4.153572694970483203e-01,7.397930574399907977e-01,-3.240000151263578432e-01,-7.682465289432043032e-05
2.130564114727630243e-02,-2.224942643134401876e-02,8.205108443490642667e-03,-9.148893727558192468e-03,7.510991680056049516e-04,-4.638063146005024784e-01,8.239650545220071898e-01,-3.597231087830578544e-01,-7.679918058112091949e-05
2.321194623015526703e-02,-2.432727682624893917e-02,8.913280714787474857e-03,-1.002861131088061269e-02,8.250290485589222012e-04,-5.135315401879515518e-01,9.096432248394119569e-01,-3.956761951451005510e-01,-7.677371687570585645e-05
2.504558975249812636e-02,-2.632582949720585486e-02,9.594489322961537170e-03,-1.087472906766870362e-02,8.961398964081818477e-04,-5.643522481796130474e-01,9.963715001770209190e-01,-4.315839040770997337e-01,-7.674826177560281301e-05
2.677337345368710486e-02,-2.820889616504676511e-02,1.023640224802772197e-02,-1.167192495938826347e-02,9.631445084015612806e-04,-6.161030308679366074e-01,1.083709239925636059e+00,-4.671710026774229529e-01,-7.672281527760054496e-05
2.835844971108841817e-02,-2.993631521577583277e-02,1.082533044058353600e-02,-1.240319594527093672e-02,1.024614271257870413e-03,-6.686349726296343388e-01,1.171232383335530258e+00,-5.021623458196489143e-01,-7.669737737844683882e-05
2.975949325288798630e-02,-3.146304990956716452e-02,1.134591981172424630e-02,-1.304947646840363962e-02,1.078947066551843269e-03,-7.218169202739829204e-01,1.258534457024658382e+00,-5.362826133124662942e-01,-7.667194807553658715e-05
3.092967126269793865e-02,-3.273806692703762344e-02,1.178076830130607433e-02,-1.358916396564553708e-02,1.124327360621669297e-03,-7.755368248275702481e-01,1.345227406671273496e+00,-5.692557998075584713e-01,-7.664652736559009194e-05
3.181536488667544016e-02,-3.370294402964424396e-02,1.210995057013419807e-02,-1.399752971310186389e-02,1.158676657437397034e-03,-8.297031615144392358e-01,1.430942228153537332e+00,-6.008044259590571423e-01,-7.662111524553683842e-05
3.235458330432317009e-02,-3.429014268081276295e-02,1.231042846406418811e-02,-1.424598784055319811e-02,1.179592032776484792e-03,-8.842464386123959352e-01,1.515329380356688294e+00,-6.306484423744104229e-01,-7.659571171241756453e-05
3.247499640121098707e-02,-3.442086496754742653e-02,1.235531978690289356e-02,-1.430118835323804238e-02,1.184269881297017948e-03,-9.391208091933311852e-01,1.598058969290895970e+00,-6.585038019919130514e-01,-7.657031676326983690e-05
3.209149280616174771e-02,-3.400239310966041151e-02,1.221299077098993158e-02,-1.412389107448960845e-02,1.169411259927302313e-03,-9.943058017182303532e-01,1.678820700961353829e+00,-6.840806823557848970e-01,-7.654493039518152917e-05
3.110314553814647054e-02,-3.292478305083079704e-02,1.184592854733979017e-02,-1.366756606002381136e-02,1.131104259159652903e-03,-1.049808184955213886e+00,1.757323608632543666e+00,-7.070813479624042941e-01,-7.651955260506423722e-05
2.938943643095820457e-02,-3.105674963965837643e-02,1.120933840610467691e-02,-1.287665161480427978e-02,1.064677626818994263e-03,-1.105663978127680691e+00,1.833295568926732733e+00,-7.271976562106547970e-01,-7.649418338964766851e-05
2.680555132022371945e-02,-2.824053801703013677e-02,1.024939613675510119e-02,-1.168438283356151852e-02,9.645183462744823244e-04,-1.161940606234201478e+00,1.906482631029152941e+00,-7.441082312872109306e-01,-7.646882274676747087e-05
2.317650895718065263e-02,-2.428552210486950580e-02,8.901067614034530173e-03,-1.001008076172524297e-02,8.238439651038903522e-04,-1.218739179632469583e+00,1.976648194900050726e+00,-7.574753627946437806e-01,-7.644347067224952017e-05
1.828982599272321874e-02,-1.896020455772973179e-02,7.085385413369144070e-03,-7.755763978373492185e-03,6.344181113422109330e-04,-1.276196841073281796e+00,2.043572089027335892e+00,-7.669417364700792383e-01,-7.641812716439857144e-05
1.188634669017873957e-02,-1.198221149901512739e-02,4.706045083872401058e-03,-4.801909892707345584e-03,3.861947641156972255e-04,-1.334489064724638130e+00,2.107049617710880618e+00,-7.721271824454030153e-01,-7.639279221936225107e-05
3.648778780901529295e-03,-3.005779133154695693e-03,1.645151638169195518e-03,-1.002151990423194583e-03,6.687344178830240127e-05,-1.393831698987243017e+00,2.166890674792753657e+00,-7.726257461619951972e-01,-7.636746583356580898e-05
-6.812622177059690642e-03,8.393880421298960393e-03,-2.242089444324496528e-03,3.823347688566625102e-03,-3.386564027321840864e-04,-1.454482401429545213e+00,2.222919058884015087e+00,-7.680035686624846480e-01,-7.634214800521375215e-05
-1.997788215510198917e-02,2.274006349855262066e-02,-7.133980418471658203e-03,9.896161761923594202e-03,-8.490075961150762851e-04,-1.516740895858154747e+00,2.274972179667760219e+00,-7.577983358233695288e-01,-7.631683873051373112e-05
-3.643940920233945668e-02,4.067874702030693790e-02,-1.325051648676761618e-02,1.748985430473476432e-02,-1.487153658116364963e-03,-1.580947154038816027e+00,2.322901422735712540e+00,-7.415214614706413521e-01,-7.629153800742488438e-05
-5.692917838004496467e-02,6.300835336476440229e-02,-2.086344452593325016e-02,2.694261951065085592e-02,-2.281485288430060848e-03,-1.647476120091461604e+00,2.366573550577616203e+00,-7.186647639741310378e-01,-7.626624583190744753e-05
-8.235177358214884613e-02,9.071597879567594447e-02,-3.030847363812183559e-02,3.867267885165009966e-02,-3.267095412520286402e-03,-1.716726889826964531e+00,2.405873670478984927e+00,-6.887142548084910221e-01,-7.624096220064897965e-05
-1.138238201603105626e-01,1.250207116768851101e-01,-4.199982256140533110e-02,5.319671407798148843e-02,-4.487314308495193860e-03,-1.789103248374109834e+00,2.440710507297529919e+00,-6.511748737026650247e-01,-7.621568711192727979e-05
-1.527197322202831220e-01,1.674240246852820579e-01,-5.644705544897149485e-02,7.115134791396965364e-02,-5.995493109791513731e-03,-1.864981062218582508e+00,2.471024988222731089e+00,-6.056116813604577320e-01,-7.619042056278686704e-05
-2.007224315640860901e-01,2.197658774235196066e-01,-7.427367694005160281e-02,9.331712279948689570e-02,-7.856985472551321348e-03,-1.944656125109466949e+00,2.496803473878475010e+00,-5.517152446566941926e-01,-7.616516254863895058e-05
-2.598753219845448825e-01,2.842826246183427497e-01,-9.623606208386109584e-02,1.206433647176586854e-01,-1.015118602706022166e-02,-2.028263627869214325e+00,2.518097323223384976e+00,-4.894017317275536350e-01,-7.613991306779145673e-05
-3.326276506797121169e-01,3.636583577787908528e-01,-1.232397367594603721e-01,1.542704438585411619e-01,-1.297332433520274192e-02,-2.115657558260936266e+00,2.535050766537794154e+00,-4.189613850902738079e-01,-7.611467211772104046e-05
-4.218585210630554361e-01,4.610538867032294430e-01,-1.563474537902017625e-01,1.955428194303763245e-01,-1.643544799831327119e-02,-2.206235459736096249e+00,2.547939076094456912e+00,-3.412719335661651421e-01,-7.608943969429954779e-05
-5.308540684774727403e-01,5.800858928115593116e-01,-1.967695015885904120e-01,2.460013259226769833e-01,-2.066561250884984408e-02,-2.298692152817660705e+00,2.557218366891750527e+00,-2.580946716306495858e-01,-7.606421579462546397e-05
-6.631964941561787619e-01,7.247115154611736276e-01,-2.458208160728275748e-01,3.073358373778222186e-01,-2.580368163624231076e-02,-2.390687491403297393e+00,2.563586322971239451e+00,-1.724674294276393738e-01,-7.603900041576184795e-05
-8.225022317270629379e-01,8.989500489775978931e-01,-3.048215795029821651e-01,3.812693967535171202e-01,-3.199130725058138558e-02,-2.478422214903926779e+00,2.568048604365603449e+00,-8.919512757890979415e-02,-7.601379355597289204e-05
-1.011921077652293111e+00,1.106345022800841349e+00,-3.749087404697537540e-01,4.693326856183015483e-01,-3.935265853874146680e-02,-2.556139796284312204e+00,2.571977084945401337e+00,-1.540616699026742253e-02,-7.598859521076685507e-05
-1.233285486238266948e+00,1.349043784023233883e+00,-4.567179290263392311e-01,5.724762268113066099e-01,-4.796156556828728990e-02,-2.615622571433874111e+00,2.577131706117155918e+00,3.892184682116539562e-02,-7.596340537687967863e-05
-1.485797742624286766e+00,1.626367325019749899e+00,-5.498955171166551859e-01,6.904650995121184298e-01,-5.779063337399518996e-02,-2.645843822019041003e+00,2.585596919185419118e+00,6.067774421725458112e-02,-7.593822405215623985e-05
-1.764203671626774828e+00,1.932805321261972686e+00,-6.524244796151643655e-01,8.210261292503623354e-01,-6.864016763410434041e-02,-2.633090506902451722e+00,2.599559845641247424e+00,3.396136256956472366e-02,-7.591305123445797707e-05
-2.056604855791812625e+00,2.255588465228121287e+00,-7.598245912248772216e-01,9.588082006611871044e-01,-8.005255259866909945e-02,-2.562078401037779951e+00,2.620844817654006675e+00,-5.833585533760810016e-02,-7.588788692052236330e-05
-2.342524166614881942e+00,2.572494613021950371e+00,-8.644594457998238113e-01,1.094429892206896238e+00,-9.123566578452983744e-02,-2.418746866806086526e+00,2.650154677410986093e+00,-2.309773893105073750e-01,-7.586273110527694513e-05
-2.592614386285622796e+00,2.851404937043351406e+00,-9.554661785225065929e-01,1.214256729280231095e+00,-1.010492386629053968e-01,-2.195228344914431418e+00,2.686117524096781395e+00,-4.904588978266868349e-01,-7.583758378787188424e-05
-2.772123744977768034e+00,3.053957593908704027e+00,-1.020080082930320708e+00,1.301913931861254481e+00,-1.081369264159052906e-01,-1.896347652765346226e+00,2.724544032651037284e+00,-8.277662384232725712e-01,-7.581244496425730605e-05
-2.849640273219834707e+00,3.145059949038089719e+00,-1.046888761164488812e+00,1.342308436982744047e+00,-1.112649892362455734e-01,-1.544618540988214495e+00,2.758625048200110896e+00,-1.213576505597253385e+00,-7.578731463259056830e-05
-2.809160712003567983e+00,3.106237511276487506e+00,-1.030257262445498867e+00,1.327334061718418168e+00,-1.097938236942337387e-01,-1.178681588102917122e+00,2.780646724298929229e+00,-1.601535274383689256e+00,-7.576219278851010184e-05
-2.658532942567031654e+00,2.945215950737433808e+00,-9.733501177387057224e-01,1.260033125909108431e+00,-1.040123377612351130e-01,-8.424497065406756358e-01,2.784732153229710239e+00,-1.941852724633590821e+00,-7.573707943120791856e-05
-2.427115731350558470e+00,2.693703212400197167e+00,-8.871618300532284618e-01,1.153749311102868713e+00,-9.505339184371509875e-02,-5.698889351950020554e-01,2.768888659718683698e+00,-2.198570142179693487e+00,-7.571197455346957456e-05
-2.153536088897645140e+00,2.394088550393147052e+00,-7.859558247310667323e-01,1.026508286226569311e+00,-8.441993437943004497e-02,-3.754602616730389197e-01,2.734958121923197538e+00,-2.359068417572212528e+00,-7.568687815753362207e-05
-1.872367417047564597e+00,2.084687360951599899e+00,-6.823860476933739649e-01,8.947059915974088229e-01,-7.346413959709213737e-02,-2.552206002459418421e-01,2.686890658848843927e+00,-2.431240755545603260e+00,-7.566179023675761518e-05
-1.607110103841784987e+00,1.791795639266493101e+00,-5.849778886831529245e-01,7.696634241078603722e-01,-6.310978985926493645e-02,-1.946091038250459260e-01,2.628865910067368361e+00,-2.433827642760290733e+00,-7.563671079019786429e-05
-1.369937223741786170e+00,1.529229181351521527e+00,-4.980889290300147820e-01,6.573808866397479189e-01,-5.383900974226327879e-02,-1.763140271813268267e-01,2.564232647068823034e+00,-2.387489595935365028e+00,-7.561163981412304699e-05
-1.164772830716765517e+00,1.301627511726034303e+00,-4.230679438380965385e-01,5.599226248473651024e-01,-4.581066385139620500e-02,-1.849578815687993316e-01,2.495265095236680164e+00,-2.309878329200296232e+00,-7.558657730512662715e-05
-9.907224158696754657e-01,1.108217961828149356e+00,-3.595217855139254959e-01,4.770173314724006630e-01,-3.899382405429947795e-02,-2.087614714298990926e-01,2.423340131300759204e+00,-2.214149914842490574e+00,-7.556152326016602177e-05
-8.446112535505415631e-01,9.456302065600625806e-01,-3.062439862899137277e-01,4.072629392994349673e-01,-3.326707184523922806e-02,-2.394926919526920717e-01,2.349217984795582748e+00,-2.109296687208408017e+00,-7.553647767773627691e-05
-7.225154144270471424e-01,8.096084826023980385e-01,-2.617704517773628003e-01,3.488635199527146957e-01,-2.847866415950833785e-02,-2.717679172454026126e-01,2.273283557951739198e+00,-2.001087174420434600e+00,-7.551144055349872720e-05
-6.205571283557549389e-01,6.959097653857940768e-01,-2.246655347163180050e-01,3.000181717463571429e-01,-2.447795055948677467e-02,-3.022685394157773597e-01,2.195715238846328354e+00,-1.893018372447937248e+00,-7.548641188561226181e-05
-5.352548300996031738e-01,6.007051459856683762e-01,-1.936461094154281470e-01,2.590964253014937380e-01,-2.112931302125043223e-02,-3.290856327890174793e-01,2.116591152049370983e+00,-1.787077331535750435e+00,-7.546139166964792842e-05
-4.636338103066652838e-01,5.207119820426510115e-01,-1.676192062224594326e-01,2.246973779584457986e-01,-1.831667019968466828e-02,-3.512348684151607170e-01,2.035951791888172657e+00,-1.684288874961156424e+00,-7.543637990360106433e-05
-4.032211179786575617e-01,4.531945454063934786e-01,-1.456782521835748856e-01,1.956516796113130230e-01,-1.594339487775923297e-02,-3.683199205938223475e-01,1.953835157779713061e+00,-1.585087327841533833e+00,-7.541137658414422595e-05
-3.519920627153278470e-01,3.959087203218033535e-01,-1.270822919966032305e-01,1.709989496030775435e-01,-1.393029560461709129e-02,-3.803077620302783846e-01,1.870295518646122535e+00,-1.489559986393750757e+00,-7.538638170887418432e-05
-3.083022930333179645e-01,3.470291748944099863e-01,-1.112303933846838788e-01,1.499572752457765945e-01,-1.221300561102291876e-02,-3.873824756284804938e-01,1.785412792135290916e+00,-1.397602685361762687e+00,-7.536139527387779628e-05
-2.708211794775302605e-01,3.050769917494471350e-01,-9.763682678837343198e-02,1.318926390602905563e-01,-1.073940444886725687e-02,-3.898520189991852014e-01,1.699296701617043492e+00,-1.309017190504649930e+00,-7.533641727718423978e-05
-2.384728221783622981e-01,2.688551336062715569e-01,-8.590922049308703790e-02,1.162915319209944509e-01,-9.467326420272282120e-03,-3.880898445256383278e-01,1.612088110784132500e+00,-1.223570913131936111e+00,-7.531144771558311089e-05
-2.103864238270864440e-01,2.373939127230463852e-01,-7.573025635286356749e-02,1.027377452488236476e-01,-8.362628330130530974e-03,-3.824990888762860308e-01,1.523958884405176795e+00,-1.141032581343808250e+00,-7.528648658599722699e-05
-1.858557110367069498e-01,2.099062632967869657e-01,-6.684274483735927475e-02,9.089329709743901309e-02,-7.397606953516112568e-03,-3.734911886728038422e-01,1.435111014313421363e+00,-1.061192750351851011e+00,-7.526153388486594618e-05
-1.643062907354092550e-01,1.857516758573547477e-01,-5.903764397693488097e-02,8.048302909888130352e-02,-6.549724397759262851e-03,-3.614736027057926515e-01,1.345775403503268519e+00,-9.838748643598782539e-01,-7.523658961004280564e-05
-1.452696322506198678e-01,1.644073992229153625e-01,-5.214452595548264846e-02,7.128229292777858717e-02,-5.800591200934334182e-03,-3.468431983683706310e-01,1.256210508341669696e+00,-9.089405123417391152e-01,-7.521165375881673075e-05
-1.283624333227896541e-01,1.454455679577840166e-01,-4.602402660829761627e-02,6.310716124329100729e-02,-5.135159233809827653e-03,-3.299830904782424801e-01,1.166700934107245846e+00,-8.362911847583648361e-01,-7.518672632759813141e-05
-1.132702937975252344e-01,1.285150828548310420e-01,-4.056187782189867030e-02,5.580666687920381175e-02,-4.541082688666668934e-03,-3.112615207610778256e-01,1.077556024406091773e+00,-7.658679834901944705e-01,-7.516180731370366143e-05
-9.973480661548853043e-02,1.133272695131796737e-01,-3.566419339979053083e-02,4.925665629748174346e-02,-4.008212551235304510e-03,-2.910318842001318185e-01,9.891084585421343611e-01,-6.976501928579146306e-01,-7.513689671403372234e-05
-8.754334862325638400e-02,9.964452659372979859e-02,-3.125374377683699106e-02,4.335492174730949666e-02,-3.528196619637900822e-03,-2.696333429685235372e-01,9.017128601178667768e-01,-6.316532742909154452e-01,-7.511199452583593140e-05
-7.652100181839857629e-02,8.727133639239570417e-02,-2.726701008674145554e-02,3.801734466073836138e-02,-3.094162869242172292e-03,-2.473916844795580605e-01,8.157444177361627968e-01,-5.679266289787784361e-01,-7.508710074566690316e-05
-6.652415701350458677e-02,7.604714306286836090e-02,-2.365185305550426137e-02,3.317483910486811183e-02,-2.700468675516498780e-03,-2.246202193174397510e-01,7.315975205900130396e-01,-5.065513355303056242e-01,-7.506221537152514621e-05
-5.743544877769043988e-02,6.584071012112727161e-02,-2.036566796800108603e-02,2.877092931143807736e-02,-2.342502176121796613e-03,-2.016206046668103102e-01,6.496844154567922303e-01,-4.476379835382446326e-01,-7.503733839963015598e-05
-4.915974651750325275e-02,5.654565248722251414e-02,-1.737392495457568478e-02,2.475983092429445698e-02,-2.016525014719136415e-03,-1.786835370013954427e-01,5.704338958919339397e-01,-3.913246700843155956e-01,-7.501246982729762409e-05
-4.162098539771742767e-02,4.807690318995619383e-02,-1.464901548084831043e-02,2.110493327308655270e-02,-1.719548003915062715e-03,-1.560892955814587590e-01,4.942900382922354452e-01,-3.377751923050700822e-01,-7.498760965177889474e-05
-3.475966579688900132e-02,4.036792454444294853e-02,-1.216934244610700863e-02,1.777760119366094543e-02,-1.449233001195698346e-03,-1.341081431839003801e-01,4.217110026066366313e-01,-2.871774473725609012e-01,-7.496275786996328347e-05
-2.853088388796222452e-02,3.336851108056165111e-02,-9.918603730306979616e-03,1.475623092290629171e-02,-1.203815615541123721e-03,-1.130006072628970126e-01,3.531679175201935528e-01,-2.397420365176808899e-01,-7.493791447882609661e-05
-2.290278091645384095e-02,2.704305913499095021e-02,-7.885228188751536305e-03,1.202550640728866985e-02,-9.820443385526620925e-04,-9.301767658095208557e-02,2.891438708095296350e-01,-1.957010587545677804e-01,-7.491307947558692481e-05
-1.785531652571312189e-02,2.136919768676413811e-02,-6.061929610100186272e-03,9.575810771151101880e-03,-7.831323885380376496e-04,-7.440095736380661351e-02,2.301330252943396548e-01,-1.553070706771878806e-01,-7.488825285718696267e-05
-1.337928337174476220e-02,1.633668816416592243e-02,-4.445348515920311688e-03,7.402753308341405991e-03,-6.067190205415272765e-04,-5.738284059497636425e-02,1.766398794621817370e-01,-1.188321797895985354e-01,-7.486343462093138505e-05
-9.475487322050033662e-03,1.194650872649880360e-02,-3.035754272935227253e-03,5.506775677383881837e-03,-4.528373303870646994e-04,-4.218673906542756008e-02,1.291786895663380452e-01,-8.656722955412915477e-02,-7.483862476361820412e-05
-6.154020622732070400e-03,8.210041898673961155e-03,-1.836781134949637406e-03,3.892802410891406731e-03,-3.218857007137714021e-04,-2.902745977497403485e-02,8.827306706079002252e-02,-5.882102442496439654e-02,-7.481382328244867393e-05
-3.433555357842050723e-03,5.148284308711286936e-03,-8.551718277517842727e-04,2.569900778621040001e-03,-2.146000334911952350e-04,-1.811178445460958492e-02,5.445576187945806723e-02,-3.591953260504272133e-02,-7.478903017449248063e-05
-1.340582192190523797e-03,2.790994623735442402e-03,-1.005014573237197114e-04,1.550913888868641569e-03,-1.320238209816256383e-04,-9.639338311781826818e-03,2.826863872861391791e-02,-1.820499359320464430e-02,-7.476424543677953366e-05
9.148418158611893759e-05,1.175691752940392952e-03,4.151467639738706285e-04,8.520291705526277090e-04,-7.547296618720544955e-05,-3.803834216894517832e-03,1.026285059291861743e-02,-6.034847503721419912e-03,-7.473946906638803016e-05
8.234149437745155297e-04,3.464114786807264866e-04,6.775837320326012509e-04,4.922426904226350191e-04,-4.649212688646834089e-05,-7.947858018428249948e-04,9.992116509696489113e-04,2.196051166899030157e-04,-7.471470106043712298e-05
