0.000000000000000000e+00,0.000000000000000000e+00,1.000000000000000000e+00,0.000000000000000000e+00,0.000000000000000000e+00,1.000000000000000000e+00,0.000000000000000000e+00,0.000000000000000000e+00,-1.000000000000000000e+00,0.000000000000000000e+00,0.000000000000000000e+00,5.000000000000000000e-01,0.000000000000000000e+00,0.000000000000000000e+00,0.000000000000000000e+00,1.000000000000000000e+00
0.000000000000000000e+00,0.000000000000000000e+00,1.000000000000000000e+00,8.893636308935964958e-08,0.000000000000000000e+00,1.000000000000000000e+00,0.000000000000000000e+00,-1.568365185179056582e-07,-1.000000000000000000e+00,0.000000000000000000e+00,0.000000000000000000e+00,4.999999745587812017e-01,0.000000000000000000e+00,0.000000000000000000e+00,0.000000000000000000e+00,1.000000000000000000e+00
0.000000000000000000e+00,0.000000000000000000e+00,1.000000000000000000e+00,7.088141183037455530e-07,0.000000000000000000e+00,1.000000000000000000e+00,0.000000000000000000e+00,-1.249971718310555525e-06,-1.000000000000000000e+00,0.000000000000000000e+00,0.000000000000000000e+00,4.999997972359738196e-01,0.000000000000000000e+00,0.000000000000000000e+00,0.000000000000000000e+00,1.000000000000000000e+00
-2.200557444252748648e-06,0.000000000000000000e+00,9.999999999975788256e-01,2.383230913270934622e-06,0.000000000000000000e+00,1.000000000000000000e+00,0.000000000000000000e+00,-4.202755137729307242e-06,-9.999999999975788256e-01,0.000000000000000000e+00,-2.200557444252748648e-06,4.999993182479108844e-01,0.000000000000000000e+00,0.000000000000000000e+00,0.000000000000000000e+00,1.000000000000000000e+00
-5.196442802860254247e-06,0.000000000000000000e+00,9.999999999864984668e-01,5.627809377276174414e-06,0.000000000000000000e+00,1.000000000000000000e+00,0.000000000000000000e+00,-9.924474702878822456e-06,-9.999999999864984668e-01,0.000000000000000000e+00,-5.196442802860254247e-06,4.999983900877945642e-01,0.000000000000000000e+00,0.000000000000000000e+00,0.000000000000000000e+00,1.000000000000000000e+00
-1.011091641797921984e-05,0.000000000000000000e+00,9.999999999488846658e-01,1.095023507252199332e-05,0.000000000000000000e+00,1.000000000000000000e+00,0.000000000000000000e+00,-1.931042792565374361e-05,-9.999999999488846658e-01,0.000000000000000000e+00,-1.011091641797921984e-05,4.999968675056785106e-01,0.000000000000000000e+00,0.000000000000000000e+00,0.000000000000000000e+00,1.000000000000000000e+00
-1.740546688565786814e-05,0.000000000000000000e+00,9.999999998485248343e-01,1.885029479137112751e-05,0.000000000000000000e+00,1.000000000000000000e+00,0.000000000000000000e+00,-3.324199310177541189e-05,-9.999999998485248343e-01,0.000000000000000000e+00,-1.740546688565786814e-05,4.999946074896599035e-01,0.000000000000000000e+00,0.000000000000000000e+00,0.000000000000000000e+00,1.000000000000000000e+00
-2.753433199569791542e-05,0.000000000000000000e+00,9.999999996209303355e-01,2.981991385078718138e-05,0.000000000000000000e+00,1.000000000000000000e+00,0.000000000000000000e+00,-5.258670050882855042e-05,-9.999999996209303355e-01,0.000000000000000000e+00,-2.753433199569791542e-05,4.999914692435675767e-01,0.000000000000000000e+00,0.000000000000000000e+00,0.000000000000000000e+00,1.000000000000000000e+00
-4.094453600963414517e-05,0.000000000000000000e+00,9.999999991617725126e-01,4.434319288225331990e-05,0.000000000000000000e+00,1.000000000000000000e+00,0.000000000000000000e+00,-7.819830360429792402e-05,-9.999999991617725126e-01,0.000000000000000000e+00,-4.094453600963414517e-05,4.999873141628893292e-01,0.000000000000000000e+00,0.000000000000000000e+00,0.000000000000000000e+00,1.000000000000000000e+00
-5.807592693765295196e-05,0.000000000000000000e+00,9.999999983135933190e-01,6.289644408600058678e-05,0.000000000000000000e+00,1.000000000000000000e+00,0.000000000000000000e+00,-1.109168502236050548e-04,-9.999999983135933190e-01,0.000000000000000000e+00,-5.807592693765295196e-05,4.999820058088303432e-01,0.000000000000000000e+00,0.000000000000000000e+00,0.000000000000000000e+00,1.000000000000000000e+00
-7.936121381389122189e-05,0.000000000000000000e+00,9.999999968508989090e-01,8.594822698251077409e-05,0.000000000000000000e+00,1.000000000000000000e+00,0.000000000000000000e+00,-1.515687537781449734e-04,-9.999999968508989090e-01,0.000000000000000000e+00,-7.936121381389122189e-05,4.999754098806214464e-01,0.000000000000000000e+00,0.000000000000000000e+00,0.000000000000000000e+00,1.000000000000000000e+00
-1.052260039694030382e-04,0.000000000000000000e+00,9.999999944637439908e-01,1.139593836939204380e-04,0.000000000000000000e+00,1.000000000000000000e+00,0.000000000000000000e+00,-2.009668644533227941e-04,-9.999999944637439908e-01,0.000000000000000000e+00,-1.052260039694030382e-04,4.999673941861930704e-01,0.000000000000000000e+00,0.000000000000000000e+00,0.000000000000000000e+00,1.000000000000000000e+00
-1.360888403019180838e-04,0.000000000000000000e+00,9.999999907399137467e-01,1.473830737874654582e-04,0.000000000000000000e+00,1.000000000000000000e+00,0.000000000000000000e+00,-2.599105404065904317e-04,-9.999999907399137467e-01,0.000000000000000000e+00,-1.360888403019180838e-04,4.999578286113319781e-01,0.000000000000000000e+00,0.000000000000000000e+00,0.000000000000000000e+00,1.000000000000000000e+00
-1.723612385413434962e-04,0.000000000000000000e+00,9.999999851458015732e-01,1.866648087102713437e-04,0.000000000000000000e+00,1.000000000000000000e+00,0.000000000000000000e+00,-3.291857189654835703e-04,-9.999999851458015732e-01,0.000000000000000000e+00,-1.723612385413434962e-04,4.999465850874260098e-01,0.000000000000000000e+00,0.000000000000000000e+00,0.000000000000000000e+00,1.000000000000000000e+00
-2.144477245097823703e-04,0.000000000000000000e+00,9.999999770060864490e-01,2.322424858463200065e-04,0.000000000000000000e+00,1.000000000000000000e+00,0.000000000000000000e+00,-4.095649878256577632e-04,-9.999999770060864490e-01,0.000000000000000000e+00,-2.144477245097823703e-04,4.999335375579113117e-01,0.000000000000000000e+00,0.000000000000000000e+00,0.000000000000000000e+00,1.000000000000000000e+00
-2.627458713746619800e-04,0.000000000000000000e+00,9.999999654823029660e-01,2.845464222228931460e-04,0.000000000000000000e+00,1.000000000000000000e+00,0.000000000000000000e+00,-5.018076562489256999e-04,-9.999999654823029660e-01,0.000000000000000000e+00,-2.627458713746619800e-04,4.999185619435219663e-01,0.000000000000000000e+00,0.000000000000000000e+00,0.000000000000000000e+00,1.000000000000000000e+00
-3.176463368933797713e-04,0.000000000000000000e+00,9.999999495504010572e-01,3.439993878948297522e-04,0.000000000000000000e+00,1.000000000000000000e+00,0.000000000000000000e+00,-6.066598262612936041e-04,-9.999999495504010572e-01,0.000000000000000000e+00,-3.176463368933797713e-04,4.999015361064482743e-01,0.000000000000000000e+00,0.000000000000000000e+00,0.000000000000000000e+00,1.000000000000000000e+00
-3.795329006476931685e-04,0.000000000000000000e+00,9.999999279773860161e-01,4.110166390327433302e-04,0.000000000000000000e+00,1.000000000000000000e+00,0.000000000000000000e+00,-7.248544638509982294e-04,-9.999999279773860161e-01,0.000000000000000000e+00,-3.795329006476931685e-04,4.998823398135019969e-01,0.000000000000000000e+00,0.000000000000000000e+00,0.000000000000000000e+00,1.000000000000000000e+00
-4.487825012658965755e-04,0.000000000000000000e+00,9.999998992971281808e-01,4.860059507407674378e-04,0.000000000000000000e+00,1.000000000000000000e+00,0.000000000000000000e+00,-8.571114701665425535e-04,-9.999998992971281808e-01,0.000000000000000000e+00,-4.487825012658965755e-04,4.998608546983863699e-01,0.000000000000000000e+00,0.000000000000000000e+00,0.000000000000000000e+00,1.000000000000000000e+00
-5.257652736306535953e-04,0.000000000000000000e+00,9.999998617854289895e-01,5.693676496283854669e-04,0.000000000000000000e+00,1.000000000000000000e+00,0.000000000000000000e+00,-1.004137752714734291e-03,-9.999998617854289895e-01,0.000000000000000000e+00,-5.257652736306535953e-04,4.998369642231649257e-01,0.000000000000000000e+00,0.000000000000000000e+00,0.000000000000000000e+00,1.000000000000000000e+00
-6.108445860701736552e-04,0.000000000000000000e+00,9.999998134344284528e-01,6.614946461601866560e-04,0.000000000000000000e+00,1.000000000000000000e+00,0.000000000000000000e+00,-1.166627296558721098e-03,-9.999998134344284528e-01,0.000000000000000000e+00,-6.108445860701736552e-04,4.998105536390224923e-01,0.000000000000000000e+00,0.000000000000000000e+00,0.000000000000000000e+00,1.000000000000000000e+00
-7.043770775302631969e-04,0.000000000000000000e+00,9.999997519264355317e-01,7.627724668061214210e-04,0.000000000000000000e+00,1.000000000000000000e+00,0.000000000000000000e+00,-1.345261235516027193e-03,-9.999997519264355317e-01,0.000000000000000000e+00,-7.043770775302631969e-04,4.997815099464067434e-01,0.000000000000000000e+00,0.000000000000000000e+00,0.000000000000000000e+00,1.000000000000000000e+00
-8.067126947246129175e-04,0.000000000000000000e+00,9.999996746072611353e-01,8.735792860140942232e-04,0.000000000000000000e+00,1.000000000000000000e+00,0.000000000000000000e+00,-1.540707923356591375e-03,-9.999996746072611353e-01,0.000000000000000000e+00,-8.067126947246129175e-04,4.997497218546383957e-01,0.000000000000000000e+00,0.000000000000000000e+00,0.000000000000000000e+00,1.000000000000000000e+00
-9.181947292605395407e-04,0.000000000000000000e+00,9.999995784591306780e-01,9.942859580257161836e-04,0.000000000000000000e+00,1.000000000000000000e+00,0.000000000000000000e+00,-1.753623005000802450e-03,-9.999995784591306780e-01,0.000000000000000000e+00,-9.181947292605395407e-04,4.997150797410729317e-01,0.000000000000000000e+00,0.000000000000000000e+00,0.000000000000000000e+00,1.000000000000000000e+00
-1.039159854737251682e-03,0.000000000000000000e+00,9.999994600732523553e-01,1.125256048555642622e-03,0.000000000000000000e+00,1.000000000000000000e+00,0.000000000000000000e+00,-1.984649487717535417e-03,-9.999994600732523553e-01,0.000000000000000000e+00,-1.039159854737251682e-03,4.996774756098987247e-01,0.000000000000000000e+00,0.000000000000000000e+00,0.000000000000000000e+00,1.000000000000000000e+00
-1.169938163813585884e-03,0.000000000000000000e+00,9.999993156221121948e-01,1.266845866353195731e-03,0.000000000000000000e+00,1.000000000000000000e+00,0.000000000000000000e+00,-2.234417812322191978e-03,-9.999993156221121948e-01,0.000000000000000000e+00,-1.169938163813585884e-03,4.996368030506481150e-01,0.000000000000000000e+00,0.000000000000000000e+00,0.000000000000000000e+00,1.000000000000000000e+00
-1.310853205242027428e-03,0.000000000000000000e+00,9.999991408315680452e-01,1.419404494665185961e-03,0.000000000000000000e+00,1.000000000000000000e+00,0.000000000000000000e+00,-2.503545924374731956e-03,-9.999991408315680452e-01,0.000000000000000000e+00,-1.310853205242027428e-03,4.995929571965014859e-01,0.000000000000000000e+00,0.000000000000000000e+00,0.000000000000000000e+00,1.000000000000000000e+00
-1.462222020865733404e-03,0.000000000000000000e+00,9.999989309528094505e-01,1.583273822617114242e-03,0.000000000000000000e+00,1.000000000000000000e+00,0.000000000000000000e+00,-2.792639345377711212e-03,-9.999989309528094505e-01,0.000000000000000000e+00,-1.462222020865733404e-03,4.995458346824576124e-01,0.000000000000000000e+00,0.000000000000000000e+00,0.000000000000000000e+00,1.000000000000000000e+00
-1.624355182575182690e-03,0.000000000000000000e+00,9.999986807342502448e-01,1.758788576529801825e-03,0.000000000000000000e+00,1.000000000000000000e+00,0.000000000000000000e+00,-3.102291243974323893e-03,-9.999986807342502448e-01,0.000000000000000000e+00,-1.624355182575182690e-03,4.994953336034433922e-01,0.000000000000000000e+00,0.000000000000000000e+00,0.000000000000000000e+00,1.000000000000000000e+00
-1.797556829220967349e-03,0.000000000000000000e+00,9.999983843934178163e-01,1.946276351187494272e-03,0.000000000000000000e+00,1.000000000000000000e+00,0.000000000000000000e+00,-3.433082507146429513e-03,-9.999983843934178163e-01,0.000000000000000000e+00,-1.797556829220967349e-03,4.994413534724337356e-01,0.000000000000000000e+00,0.000000000000000000e+00,0.000000000000000000e+00,1.000000000000000000e+00
-1.982124703479217626e-03,0.000000000000000000e+00,9.999980355889004358e-01,2.146057641072654856e-03,0.000000000000000000e+00,1.000000000000000000e+00,0.000000000000000000e+00,-3.785581811412599973e-03,-9.999980355889004358e-01,0.000000000000000000e+00,-1.982124703479217626e-03,4.993837951786489482e-01,0.000000000000000000e+00,0.000000000000000000e+00,0.000000000000000000e+00,1.000000000000000000e+00
-2.178350188666047967e-03,0.000000000000000000e+00,9.999976273924131576e-01,2.358445871582276216e-03,0.000000000000000000e+00,1.000000000000000000e+00,0.000000000000000000e+00,-4.160345694026146637e-03,-9.999976273924131576e-01,0.000000000000000000e+00,-2.178350188666047967e-03,4.993225609458964986e-01,0.000000000000000000e+00,0.000000000000000000e+00,0.000000000000000000e+00,1.000000000000000000e+00
-2.386518345497413030e-03,0.000000000000000000e+00,9.999971522610384689e-01,2.583747430239217036e-03,0.000000000000000000e+00,1.000000000000000000e+00,0.000000000000000000e+00,-4.557918624173165623e-03,-9.999971522610384689e-01,0.000000000000000000e+00,-2.386518345497413030e-03,4.992575542911186215e-01,0.000000000000000000e+00,0.000000000000000000e+00,0.000000000000000000e+00,1.000000000000000000e+00
-2.606907948790700407e-03,0.000000000000000000e+00,9.999966020097000863e-01,2.822261697912663812e-03,0.000000000000000000e+00,1.000000000000000000e+00,0.000000000000000000e+00,-4.978833074170564872e-03,-9.999966020097000863e-01,0.000000000000000000e+00,-2.606907948790700407e-03,4.991886799832106481e-01,0.000000000000000000e+00,0.000000000000000000e+00,0.000000000000000000e+00,1.000000000000000000e+00
-2.839791524104415179e-03,0.000000000000000000e+00,9.999959677839204142e-01,3.074281080059427292e-03,0.000000000000000000e+00,1.000000000000000000e+00,0.000000000000000000e+00,-5.423609590664115084e-03,-9.999959677839204142e-01,0.000000000000000000e+00,-2.839791524104415179e-03,4.991158440021659648e-01,0.000000000000000000e+00,0.000000000000000000e+00,0.000000000000000000e+00,1.000000000000000000e+00
-3.085435384312261355e-03,0.000000000000000000e+00,9.999952400329159552e-01,3.340091037998891253e-03,0.000000000000000000e+00,1.000000000000000000e+00,0.000000000000000000e+00,-5.892756865826465941e-03,-9.999952400329159552e-01,0.000000000000000000e+00,-3.085435384312261355e-03,4.990389534986068298e-01,0.000000000000000000e+00,0.000000000000000000e+00,0.000000000000000000e+00,1.000000000000000000e+00
-3.344099666108008278e-03,0.000000000000000000e+00,9.999944084830790780e-01,3.619970120232695460e-03,0.000000000000000000e+00,1.000000000000000000e+00,0.000000000000000000e+00,-6.386771808555207451e-03,-9.999944084830790780e-01,0.000000000000000000e+00,-3.344099666108008278e-03,4.989579167537553928e-01,0.000000000000000000e+00,0.000000000000000000e+00,0.000000000000000000e+00,1.000000000000000000e+00
-3.616038366437496036e-03,0.000000000000000000e+00,9.999934621118942157e-01,3.914189993820099342e-03,0.000000000000000000e+00,1.000000000000000000e+00,0.000000000000000000e+00,-6.906139615670883573e-03,-9.999934621118942157e-01,0.000000000000000000e+00,-3.616038366437496036e-03,4.988726431398978201e-01,0.000000000000000000e+00,0.000000000000000000e+00,0.000000000000000000e+00,1.000000000000000000e+00
-3.901499378854242361e-03,0.000000000000000000e+00,9.999923891223356787e-01,4.223015475819815942e-03,0.000000000000000000e+00,1.000000000000000000e+00,0.000000000000000000e+00,-7.451333843115043147e-03,-9.999923891223356787e-01,0.000000000000000000e+00,-3.901499378854242361e-03,4.987830430813932070e-01,0.000000000000000000e+00,0.000000000000000000e+00,0.000000000000000000e+00,1.000000000000000000e+00
-4.200724529795133409e-03,0.000000000000000000e+00,9.999911769177890486e-01,4.546704564807496282e-03,0.000000000000000000e+00,1.000000000000000000e+00,0.000000000000000000e+00,-8.022816477148274339e-03,-9.999911769177890486e-01,0.000000000000000000e+00,-4.200724529795133409e-03,4.986890280162750155e-01,0.000000000000000000e+00,0.000000000000000000e+00,0.000000000000000000e+00,1.000000000000000000e+00
-4.513949614772767155e-03,0.000000000000000000e+00,9.999898120775407850e-01,4.885508472478998845e-03,0.000000000000000000e+00,1.000000000000000000e+00,0.000000000000000000e+00,-8.621038005548238223e-03,-9.999898120775407850e-01,0.000000000000000000e+00,-4.513949614772767155e-03,4.985905103584932774e-01,0.000000000000000000e+00,0.000000000000000000e+00,0.000000000000000000e+00,1.000000000000000000e+00
-4.841404434481130434e-03,0.000000000000000000e+00,9.999882803328755676e-01,5.239671655348065310e-03,0.000000000000000000e+00,1.000000000000000000e+00,0.000000000000000000e+00,-9.246437488807705829e-03,-9.999882803328755676e-01,0.000000000000000000e+00,-4.841404434481130434e-03,4.984874034608416382e-01,0.000000000000000000e+00,0.000000000000000000e+00,0.000000000000000000e+00,1.000000000000000000e+00
-5.183312830811369169e-03,0.000000000000000000e+00,9.999865665438201212e-01,5.609431846546916560e-03,0.000000000000000000e+00,1.000000000000000000e+00,0.000000000000000000e+00,-9.899442631332591724e-03,-9.999865665438201212e-01,0.000000000000000000e+00,-5.183312830811369169e-03,4.983796215786129857e-01,0.000000000000000000e+00,0.000000000000000000e+00,0.000000000000000000e+00,1.000000000000000000e+00
-5.539892722774547064e-03,0.000000000000000000e+00,9.999846546765706057e-01,5.995020087737895284e-03,0.000000000000000000e+00,1.000000000000000000e+00,0.000000000000000000e+00,-1.058046985264000234e-02,-9.999846546765706057e-01,0.000000000000000000e+00,-5.539892722774547064e-03,4.982670798340236296e-01,0.000000000000000000e+00,0.000000000000000000e+00,0.000000000000000000e+00,1.000000000000000000e+00
-5.911356142328409898e-03,0.000000000000000000e+00,9.999825277816400959e-01,6.396660761144222496e-03,0.000000000000000000e+00,1.000000000000000000e+00,0.000000000000000000e+00,-1.128992435855626260e-02,-9.999825277816400959e-01,0.000000000000000000e+00,-5.911356142328409898e-03,4.981496941814474999e-01,0.000000000000000000e+00,0.000000000000000000e+00,0.000000000000000000e+00,1.000000000000000000e+00
-6.297909270105322629e-03,0.000000000000000000e+00,9.999801679727581272e-01,6.814571621706727936e-03,0.000000000000000000e+00,1.000000000000000000e+00,0.000000000000000000e+00,-1.202820021241495299e-02,-9.999801679727581272e-01,0.000000000000000000e+00,-6.297909270105322629e-03,4.980273813734952815e-01,0.000000000000000000e+00,0.000000000000000000e+00,0.000000000000000000e+00,1.000000000000000000e+00
-6.699752471038716503e-03,0.000000000000000000e+00,9.999775564065559452e-01,7.248963829374085663e-03,0.000000000000000000e+00,1.000000000000000000e+00,0.000000000000000000e+00,-1.279568040625495180e-02,-9.999775564065559452e-01,0.000000000000000000e+00,-6.699752471038716503e-03,4.979000589279758970e-01,0.000000000000000000e+00,0.000000000000000000e+00,0.000000000000000000e+00,1.000000000000000000e+00
-7.117080329885527336e-03,0.000000000000000000e+00,9.999746732630672152e-01,7.700041981533030551e-03,0.000000000000000000e+00,1.000000000000000000e+00,0.000000000000000000e+00,-1.359273693201846350e-02,-9.999746732630672152e-01,0.000000000000000000e+00,-7.117080329885527336e-03,4.977676450957734255e-01,0.000000000000000000e+00,0.000000000000000000e+00,0.000000000000000000e+00,1.000000000000000000e+00
-7.550081686642321280e-03,0.000000000000000000e+00,9.999714977270727223e-01,8.168004145584918663e-03,0.000000000000000000e+00,1.000000000000000000e+00,0.000000000000000000e+00,-1.441973085274906100e-02,-9.999714977270727223e-01,0.000000000000000000e+00,-7.550081686642321280e-03,4.976300588296708738e-01,0.000000000000000000e+00,0.000000000000000000e+00,0.000000000000000000e+00,1.000000000000000000e+00
-7.998939671852967406e-03,0.000000000000000000e+00,9.999680079703180402e-01,8.653041891675291100e-03,0.000000000000000000e+00,1.000000000000000000e+00,0.000000000000000000e+00,-1.527701237378973308e-02,-9.999680079703180402e-01,0.000000000000000000e+00,-7.998939671852967406e-03,4.974872197541533314e-01,0.000000000000000000e+00,0.000000000000000000e+00,0.000000000000000000e+00,1.000000000000000000e+00
-8.463831741805939377e-03,0.000000000000000000e+00,9.999641811346275944e-01,9.155340325581590860e-03,0.000000000000000000e+00,1.000000000000000000e+00,0.000000000000000000e+00,-1.616492091398089720e-02,-9.999641811346275944e-01,0.000000000000000000e+00,-8.463831741805939377e-03,4.973390481362157112e-01,0.000000000000000000e+00,0.000000000000000000e+00,0.000000000000000000e+00,1.000000000000000000e+00
-8.944929713619532291e-03,0.000000000000000000e+00,9.999599933159417642e-01,9.675078121765495406e-03,0.000000000000000000e+00,1.000000000000000000e+00,0.000000000000000000e+00,-1.708378517685844519e-02,-9.999599933159417642e-01,0.000000000000000000e+00,-8.944929713619532291e-03,4.971854648572051061e-01,0.000000000000000000e+00,0.000000000000000000e+00,0.000000000000000000e+00,1.000000000000000000e+00
-9.442399800213547092e-03,0.000000000000000000e+00,9.999554195492981190e-01,1.021242755659473866e-02,0.000000000000000000e+00,1.000000000000000000e+00,0.000000000000000000e+00,-1.803392322185179419e-02,-9.999554195492981190e-01,0.000000000000000000e+00,-9.442399800213547092e-03,4.970263913857209115e-01,0.000000000000000000e+00,0.000000000000000000e+00,0.000000000000000000e+00,1.000000000000000000e+00
-9.956402645166131937e-03,0.000000000000000000e+00,9.999504337947793253e-01,1.076755454174009412e-02,0.000000000000000000e+00,1.000000000000000000e+00,0.000000000000000000e+00,-1.901564253548190808e-02,-9.999504337947793253e-01,0.000000000000000000e+00,-9.956402645166131937e-03,4.968617497515969705e-01,0.000000000000000000e+00,0.000000000000000000e+00,0.000000000000000000e+00,1.000000000000000000e+00
-1.048709335745484118e-02,0.000000000000000000e+00,9.999450089244468209e-01,1.134061865775231465e-02,0.000000000000000000e+00,1.000000000000000000e+00,0.000000000000000000e+00,-2.002924010255933973e-02,-9.999450089244468209e-01,0.000000000000000000e+00,-1.048709335745484118e-02,4.966914625209879475e-01,0.000000000000000000e+00,0.000000000000000000e+00,0.000000000000000000e+00,1.000000000000000000e+00
-1.103462154608109667e-02,0.000000000000000000e+00,9.999391167102799072e-01,1.193177318782431828e-02,0.000000000000000000e+00,1.000000000000000000e+00,0.000000000000000000e+00,-2.107500247738226806e-02,-9.999391167102799072e-01,0.000000000000000000e+00,-1.103462154608109667e-02,4.965154527725800793e-01,0.000000000000000000e+00,0.000000000000000000e+00,0.000000000000000000e+00,1.000000000000000000e+00
-1.159913135457760897e-02,0.000000000000000000e+00,9.999327278131360242e-01,1.254116515174295843e-02,0.000000000000000000e+00,1.000000000000000000e+00,0.000000000000000000e+00,-2.215320585493452468e-02,-9.999327278131360242e-01,0.000000000000000000e+00,-1.159913135457760897e-02,4.963336440749442913e-01,0.000000000000000000e+00,0.000000000000000000e+00,0.000000000000000000e+00,1.000000000000000000e+00
-1.218076149539848441e-02,0.000000000000000000e+00,9.999258117727495287e-01,1.316893534003551330e-02,0.000000000000000000e+00,1.000000000000000000e+00,0.000000000000000000e+00,-2.326411614208365175e-02,-9.999258117727495287e-01,0.000000000000000000e+00,-1.218076149539848441e-02,4.961459604650506061e-01,0.000000000000000000e+00,0.000000000000000000e+00,0.000000000000000000e+00,1.000000000000000000e+00
-1.277964528419208400e-02,0.000000000000000000e+00,9.999183369987821868e-01,1.381521834831496952e-02,0.000000000000000000e+00,1.000000000000000000e+00,0.000000000000000000e+00,-2.440798902877891474e-02,-9.999183369987821868e-01,0.000000000000000000e+00,-1.277964528419208400e-02,4.959523264279575572e-01,0.000000000000000000e+00,0.000000000000000000e+00,0.000000000000000000e+00,1.000000000000000000e+00
-1.339591067395694279e-02,0.000000000000000000e+00,9.999102707629397013e-01,1.448014261182899512e-02,0.000000000000000000e+00,1.000000000000000000e+00,0.000000000000000000e+00,-2.558507005924936725e-02,-9.999102707629397013e-01,0.000000000000000000e+00,-1.339591067395694279e-02,4.957526668776925938e-01,0.000000000000000000e+00,0.000000000000000000e+00,0.000000000000000000e+00,1.000000000000000000e+00
-1.402968028908131715e-02,0.000000000000000000e+00,9.999015791921653795e-01,1.516383044021651569e-02,0.000000000000000000e+00,1.000000000000000000e+00,0.000000000000000000e+00,-2.679559470320184295e-02,-9.999015791921653795e-01,0.000000000000000000e+00,-1.402968028908131715e-02,4.955469071393350800e-01,0.000000000000000000e+00,0.000000000000000000e+00,0.000000000000000000e+00,1.000000000000000000e+00
-1.468107145926732249e-02,0.000000000000000000e+00,9.998922272629224839e-01,1.586639805247662752e-02,0.000000000000000000e+00,1.000000000000000000e+00,0.000000000000000000e+00,-2.803978842701904464e-02,-9.998922272629224839e-01,0.000000000000000000e+00,-1.468107145926732249e-02,4.953349729323139328e-01,0.000000000000000000e+00,0.000000000000000000e+00,0.000000000000000000e+00,1.000000000000000000e+00
-1.535019625334074073e-02,0.000000000000000000e+00,9.998821787965739283e-01,1.658795561215365214e-02,0.000000000000000000e+00,1.000000000000000000e+00,0.000000000000000000e+00,-2.931786676495755015e-02,-9.998821787965739283e-01,0.000000000000000000e+00,-1.535019625334074073e-02,4.951167903549293370e-01,0.000000000000000000e+00,0.000000000000000000e+00,0.000000000000000000e+00,1.000000000000000000e+00
-1.603716151294803591e-02,0.000000000000000000e+00,9.998713964558679779e-01,1.732860726274266031e-02,0.000000000000000000e+00,1.000000000000000000e+00,0.000000000000000000e+00,-3.063003539034586664e-02,-9.998713964558679779e-01,0.000000000000000000e+00,-1.603716151294803591e-02,4.948922858701071403e-01,0.000000000000000000e+00,0.000000000000000000e+00,0.000000000000000000e+00,1.000000000000000000e+00
-1.674206888614226951e-02,0.000000000000000000e+00,9.998598417425372809e-01,1.808845116331960975e-02,0.000000000000000000e+00,1.000000000000000000e+00,0.000000000000000000e+00,-3.197649018678241223e-02,-9.998598417425372809e-01,0.000000000000000000e+00,-1.674206888614226951e-02,4.946613862923932015e-01,0.000000000000000000e+00,0.000000000000000000e+00,0.000000000000000000e+00,1.000000000000000000e+00
-1.746501486086010288e-02,0.000000000000000000e+00,9.998474749960165608e-01,1.886757952440010905e-02,0.000000000000000000e+00,1.000000000000000000e+00,0.000000000000000000e+00,-3.335741731933365012e-02,-9.998474749960165608e-01,0.000000000000000000e+00,-1.746501486086010288e-02,4.944240187761934635e-01,0.000000000000000000e+00,0.000000000000000000e+00,0.000000000000000000e+00,1.000000000000000000e+00
-1.820609079829206556e-02,0.000000000000000000e+00,9.998342553932848542e-01,1.966607864403093972e-02,0.000000000000000000e+00,1.000000000000000000e+00,0.000000000000000000e+00,-3.477299330573203895e-02,-9.998342553932848542e-01,0.000000000000000000e+00,-1.820609079829206556e-02,4.941801108052646385e-01,0.000000000000000000e+00,0.000000000000000000e+00,0.000000000000000000e+00,1.000000000000000000e+00
-1.896538296614887903e-02,0.000000000000000000e+00,9.998201409498347347e-01,2.048402894411821551e-02,0.000000000000000000e+00,1.000000000000000000e+00,0.000000000000000000e+00,-3.622338508757411840e-02,-9.998201409498347347e-01,0.000000000000000000e+00,-1.896538296614887903e-02,4.939295901834576119e-01,0.000000000000000000e+00,0.000000000000000000e+00,0.000000000000000000e+00,1.000000000000000000e+00
-1.974297257182676402e-02,0.000000000000000000e+00,9.998050885217718564e-01,2.132150500699625875e-02,0.000000000000000000e+00,1.000000000000000000e+00,0.000000000000000000e+00,-3.770875010151853585e-02,-9.998050885217718564e-01,0.000000000000000000e+00,-1.974297257182676402e-02,4.936723850267165647e-01,0.000000000000000000e+00,0.000000000000000000e+00,0.000000000000000000e+00,1.000000000000000000e+00
-2.053893579547491285e-02,0.000000000000000000e+00,9.997890538090469237e-01,2.217857561224138505e-02,0.000000000000000000e+00,1.000000000000000000e+00,0.000000000000000000e+00,-3.922923635048403135e-02,-9.997890538090469237e-01,0.000000000000000000e+00,-2.053893579547491285e-02,4.934084237563346464e-01,0.000000000000000000e+00,0.000000000000000000e+00,0.000000000000000000e+00,1.000000000000000000e+00
-2.135334382296881842e-02,0.000000000000000000e+00,9.997719913598190900e-01,2.305530377373425296e-02,0.000000000000000000e+00,1.000000000000000000e+00,0.000000000000000000e+00,-4.078498247484758227e-02,-9.997719913598190900e-01,0.000000000000000000e+00,-2.135334382296881842e-02,4.931376350934640884e-01,0.000000000000000000e+00,0.000000000000000000e+00,0.000000000000000000e+00,1.000000000000000000e+00
-2.218626287879311987e-02,0.000000000000000000e+00,9.997538545759516726e-01,2.395174677697503932e-02,0.000000000000000000e+00,1.000000000000000000e+00,0.000000000000000000e+00,-4.237611782364235358e-02,-9.997538545759516726e-01,0.000000000000000000e+00,-2.218626287879311987e-02,4.928599480548809808e-01,0.000000000000000000e+00,0.000000000000000000e+00,0.000000000000000000e+00,1.000000000000000000e+00
-2.303775425883821185e-02,0.000000000000000000e+00,9.997345957196386301e-01,2.486795621665547490e-02,0.000000000000000000e+00,1.000000000000000000e+00,0.000000000000000000e+00,-4.400276252575574532e-02,-9.997345957196386301e-01,0.000000000000000000e+00,-2.303775425883821185e-02,4.925752919500010485e-01,0.000000000000000000e+00,0.000000000000000000e+00,0.000000000000000000e+00,1.000000000000000000e+00
-2.390787436311507877e-02,0.000000000000000000e+00,9.997141659211584708e-01,2.580397803449169247e-02,0.000000000000000000e+00,1.000000000000000000e+00,0.000000000000000000e+00,-4.566502756112741923e-02,-9.997141659211584708e-01,0.000000000000000000e+00,-2.390787436311507877e-02,4.922835963791418745e-01,0.000000000000000000e+00,0.000000000000000000e+00,0.000000000000000000e+00,1.000000000000000000e+00
-2.479667472839294090e-02,0.000000000000000000e+00,9.996925151877522620e-01,2.675985255732165127e-02,0.000000000000000000e+00,1.000000000000000000e+00,0.000000000000000000e+00,-4.736301483194745032e-02,-9.996925151877522620e-01,0.000000000000000000e+00,-2.479667472839294090e-02,4.919847912330267414e-01,0.000000000000000000e+00,0.000000000000000000e+00,0.000000000000000000e+00,1.000000000000000000e+00
-2.570420206076475325e-02,0.000000000000000000e+00,9.996695924136230760e-01,2.773561453547190164e-02,0.000000000000000000e+00,1.000000000000000000e+00,0.000000000000000000e+00,-4.909681723385415919e-02,-9.996695924136230760e-01,0.000000000000000000e+00,-2.570420206076475325e-02,4.916788066935248169e-01,0.000000000000000000e+00,0.000000000000000000e+00,0.000000000000000000e+00,1.000000000000000000e+00
-2.663049826814589335e-02,0.000000000000000000e+00,9.996453453910493225e-01,2.873129318139707594e-02,0.000000000000000000e+00,1.000000000000000000e+00,0.000000000000000000e+00,-5.086651872713234684e-02,-9.996453453910493225e-01,0.000000000000000000e+00,-2.663049826814589335e-02,4.913655732356189687e-01,0.000000000000000000e+00,0.000000000000000000e+00,0.000000000000000000e+00,1.000000000000000000e+00
-2.757560049271140165e-02,0.000000000000000000e+00,9.996197208226068609e-01,2.974691220859633153e-02,0.000000000000000000e+00,1.000000000000000000e+00,0.000000000000000000e+00,-5.267219440791121032e-02,-9.996197208226068609e-01,0.000000000000000000e+00,-2.757560049271140165e-02,4.910450216305928817e-01,0.000000000000000000e+00,0.000000000000000000e+00,0.000000000000000000e+00,1.000000000000000000e+00
-2.853954114327776279e-02,0.000000000000000000e+00,9.995926643344933415e-01,3.078248987081122490e-02,0.000000000000000000e+00,1.000000000000000000e+00,0.000000000000000000e+00,-5.451391057936240403e-02,-9.995926643344933415e-01,0.000000000000000000e+00,-2.853954114327776279e-02,4.907170829504297616e-01,0.000000000000000000e+00,0.000000000000000000e+00,0.000000000000000000e+00,1.000000000000000000e+00
-2.952234792763514318e-02,0.000000000000000000e+00,9.995641204909466726e-01,3.183803900150886101e-02,0.000000000000000000e+00,1.000000000000000000e+00,0.000000000000000000e+00,-5.639172482289813576e-02,-9.995641204909466726e-01,0.000000000000000000e+00,-2.952234792763514318e-02,4.903816885734104680e-01,0.000000000000000000e+00,0.000000000000000000e+00,0.000000000000000000e+00,1.000000000000000000e+00
-3.052404388483641318e-02,0.000000000000000000e+00,9.995340328097470639e-01,3.291356705365399565e-02,0.000000000000000000e+00,1.000000000000000000e+00,0.000000000000000000e+00,-5.830568606936908232e-02,-9.995340328097470639e-01,0.000000000000000000e+00,-3.052404388483641318e-02,4.900387701908994198e-01,0.000000000000000000e+00,0.000000000000000000e+00,0.000000000000000000e+00,1.000000000000000000e+00
-3.154464741744959777e-02,0.000000000000000000e+00,9.995023437787970977e-01,3.400907613977544736e-02,0.000000000000000000e+00,1.000000000000000000e+00,0.000000000000000000e+00,-6.025583467026255496e-02,-9.995023437787970977e-01,0.000000000000000000e+00,-3.154464741744959777e-02,4.896882598153087240e-01,0.000000000000000000e+00,0.000000000000000000e+00,0.000000000000000000e+00,1.000000000000000000e+00
-3.258417232378040679e-02,0.000000000000000000e+00,9.994689948737650598e-01,3.512456307232959124e-02,0.000000000000000000e+00,1.000000000000000000e+00,0.000000000000000000e+00,-6.224220246890048436e-02,-9.994689948737650598e-01,0.000000000000000000e+00,-3.258417232378040679e-02,4.893300897892235435e-01,0.000000000000000000e+00,0.000000000000000000e+00,0.000000000000000000e+00,1.000000000000000000e+00
-3.364262783007184593e-02,0.000000000000000000e+00,9.994339265767834268e-01,3.626001940436584386e-02,0.000000000000000000e+00,1.000000000000000000e+00,0.000000000000000000e+00,-6.426481287163737788e-02,-9.994339265767834268e-01,0.000000000000000000e+00,-3.364262783007184593e-02,4.889641927956769885e-01,0.000000000000000000e+00,0.000000000000000000e+00,0.000000000000000000e+00,1.000000000000000000e+00
-3.472001862268840611e-02,0.000000000000000000e+00,9.993970783961899640e-01,3.741543147049847945e-02,0.000000000000000000e+00,1.000000000000000000e+00,0.000000000000000000e+00,-6.632368091905856133e-02,-9.993970783961899640e-01,0.000000000000000000e+00,-3.472001862268840611e-02,4.885905018695589908e-01,0.000000000000000000e+00,0.000000000000000000e+00,0.000000000000000000e+00,1.000000000000000000e+00
-3.581634488029176305e-02,0.000000000000000000e+00,9.993583888872979992e-01,3.859078042818814974e-02,0.000000000000000000e+00,1.000000000000000000e+00,0.000000000000000000e+00,-6.841881335717794888e-02,-9.993583888872979992e-01,0.000000000000000000e+00,-3.581634488029176305e-02,4.882089504101427280e-01,0.000000000000000000e+00,0.000000000000000000e+00,0.000000000000000000e+00,1.000000000000000000e+00
-3.693160230601612998e-02,0.000000000000000000e+00,9.993177956741841061e-01,3.978604229933821457e-02,0.000000000000000000e+00,1.000000000000000000e+00,0.000000000000000000e+00,-7.055020870863630555e-02,-9.993177956741841061e-01,0.000000000000000000e+00,-3.693160230601612998e-02,4.878194721947125556e-01,0.000000000000000000e+00,0.000000000000000000e+00,0.000000000000000000e+00,1.000000000000000000e+00
-3.806578215965082668e-02,0.000000000000000000e+00,9.992752354724768749e-01,4.100118801220889453e-02,0.000000000000000000e+00,1.000000000000000000e+00,0.000000000000000000e+00,-7.271785734389918376e-02,-9.992752354724768749e-01,0.000000000000000000e+00,-3.806578215965082668e-02,4.874220013932743512e-01,0.000000000000000000e+00,0.000000000000000000e+00,0.000000000000000000e+00,1.000000000000000000e+00
-3.921887128983798931e-02,0.000000000000000000e+00,9.992306441131352246e-01,4.223618344365461658e-02,0.000000000000000000e+00,1.000000000000000000e+00,0.000000000000000000e+00,-7.492174155245492906e-02,-9.992306441131352246e-01,0.000000000000000000e+00,-3.921887128983798931e-02,4.870164725843324494e-01,0.000000000000000000e+00,0.000000000000000000e+00,0.000000000000000000e+00,1.000000000000000000e+00
-4.039085216629382386e-02,0.000000000000000000e+00,9.991839565671981616e-01,4.349098946168764718e-02,0.000000000000000000e+00,1.000000000000000000e+00,0.000000000000000000e+00,-7.716183561401279700e-02,-9.991839565671981616e-01,0.000000000000000000e+00,-4.039085216629382386e-02,4.866028207717115195e-01,0.000000000000000000e+00,0.000000000000000000e+00,0.000000000000000000e+00,1.000000000000000000e+00
-4.158170291206150782e-02,0.000000000000000000e+00,9.991351069714911048e-01,4.476556196837244705e-02,0.000000000000000000e+00,1.000000000000000000e+00,0.000000000000000000e+00,-7.943810586970093124e-02,-9.991351069714911048e-01,0.000000000000000000e+00,-4.158170291206150782e-02,4.861809814024049547e-01,0.000000000000000000e+00,0.000000000000000000e+00,0.000000000000000000e+00,1.000000000000000000e+00
-4.279139733580439309e-02,0.000000000000000000e+00,9.990840286552724603e-01,4.605985194305487612e-02,0.000000000000000000e+00,1.000000000000000000e+00,0.000000000000000000e+00,-8.175051079326446646e-02,-9.990840286552724603e-01,0.000000000000000000e+00,-4.279139733580439309e-02,4.857508903854284577e-01,0.000000000000000000e+00,0.000000000000000000e+00,0.000000000000000000e+00,1.000000000000000000e+00
-4.401990496414782267e-02,0.000000000000000000e+00,9.990306541678024566e-01,4.737380548592990542e-02,0.000000000000000000e+00,1.000000000000000000e+00,0.000000000000000000e+00,-8.409900106226343708e-02,-9.990306541678024566e-01,0.000000000000000000e+00,-4.401990496414782267e-02,4.853124841116577270e-01,0.000000000000000000e+00,0.000000000000000000e+00,0.000000000000000000e+00,1.000000000000000000e+00
-4.526719107407872061e-02,0.000000000000000000e+00,9.989749153068173682e-01,4.870736386195222145e-02,0.000000000000000000e+00,1.000000000000000000e+00,0.000000000000000000e+00,-8.648351962927097736e-02,-9.989749153068173682e-01,0.000000000000000000e+00,-4.526719107407872061e-02,4.848656994746290416e-01,0.000000000000000000e+00,0.000000000000000000e+00,0.000000000000000000e+00,1.000000000000000000e+00
-4.653321672541127496e-02,0.000000000000000000e+00,9.989167431478891412e-01,5.006046354509288698e-02,0.000000000000000000e+00,1.000000000000000000e+00,0.000000000000000000e+00,-8.890400179307120232e-02,-9.989167431478891412e-01,0.000000000000000000e+00,-4.653321672541127496e-02,4.844104738922776487e-01,0.000000000000000000e+00,0.000000000000000000e+00,0.000000000000000000e+00,1.000000000000000000e+00
-4.781793879332805336e-02,0.000000000000000000e+00,9.988560680746538800e-01,5.143303626294676301e-02,0.000000000000000000e+00,1.000000000000000000e+00,0.000000000000000000e+00,-9.136037526985742174e-02,-9.988560680746538800e-01,0.000000000000000000e+00,-4.781793879332805336e-02,4.839467453295942523e-01,0.000000000000000000e+00,0.000000000000000000e+00,0.000000000000000000e+00,1.000000000000000000e+00
-4.912131000100528055e-02,0.000000000000000000e+00,9.987928198098868782e-01,5.282500904169340483e-02,0.000000000000000000e+00,1.000000000000000000e+00,0.000000000000000000e+00,-9.385256026442995170e-02,-9.987928198098868782e-01,0.000000000000000000e+00,-4.912131000100528055e-02,4.834744523221721768e-01,0.000000000000000000e+00,0.000000000000000000e+00,0.000000000000000000e+00,1.000000000000000000e+00
-5.044327895233155501e-02,0.000000000000000000e+00,9.987269274474065428e-01,5.423630425141587330e-02,0.000000000000000000e+00,1.000000000000000000e+00,0.000000000000000000e+00,-9.638046954139441180e-02,-9.987269274474065428e-01,0.000000000000000000e+00,-5.044327895233155501e-02,4.829935340006231148e-01,0.000000000000000000e+00,0.000000000000000000e+00,0.000000000000000000e+00,1.000000000000000000e+00
-5.178379016472885177e-02,0.000000000000000000e+00,9.986583194847852285e-01,5.566683965178043786e-02,0.000000000000000000e+00,1.000000000000000000e+00,0.000000000000000000e+00,-9.894400849635945350e-02,-9.986583194847852285e-01,0.000000000000000000e+00,-5.178379016472885177e-02,4.825039301158352556e-01,0.000000000000000000e+00,0.000000000000000000e+00,0.000000000000000000e+00,1.000000000000000000e+00
-5.314278410208542192e-02,0.000000000000000000e+00,9.985869238568464423e-01,5.711652843808093932e-02,0.000000000000000000e+00,1.000000000000000000e+00,0.000000000000000000e+00,-1.015430752271350850e-01,-9.985869238568464423e-01,0.000000000000000000e+00,-5.314278410208542192e-02,4.820055810650482053e-01,0.000000000000000000e+00,0.000000000000000000e+00,0.000000000000000000e+00,1.000000000000000000e+00
-5.452019720780934553e-02,0.000000000000000000e+00,9.985126679699269925e-01,5.858527928765095566e-02,0.000000000000000000e+00,1.000000000000000000e+00,0.000000000000000000e+00,-1.041775606049306496e-01,-9.985126679699269925e-01,0.000000000000000000e+00,-5.452019720780934553e-02,4.814984279187192184e-01,0.000000000000000000e+00,0.000000000000000000e+00,0.000000000000000000e+00,1.000000000000000000e+00
-5.591596193801208481e-02,0.000000000000000000e+00,9.984354787368819872e-01,6.007299640664675450e-02,0.000000000000000000e+00,1.000000000000000000e+00,0.000000000000000000e+00,-1.068473483455526091e-01,-9.984354787368819872e-01,0.000000000000000000e+00,-5.591596193801208481e-02,4.809824124481534291e-01,0.000000000000000000e+00,0.000000000000000000e+00,0.000000000000000000e+00,1.000000000000000000e+00
-5.733000679483158529e-02,0.000000000000000000e+00,9.983552826128103685e-01,6.157957957720474468e-02,0.000000000000000000e+00,1.000000000000000000e+00,0.000000000000000000e+00,-1.095523150806029661e-01,-9.983552826128103685e-01,0.000000000000000000e+00,-5.733000679483158529e-02,4.804574771538714373e-01,0.000000000000000000e+00,0.000000000000000000e+00,0.000000000000000000e+00,1.000000000000000000e+00
-5.876225635990363350e-02,0.000000000000000000e+00,9.982720056314776658e-01,6.310492420497536281e-02,0.000000000000000000e+00,1.000000000000000000e+00,0.000000000000000000e+00,-1.122923304286769924e-01,-9.982720056314776658e-01,0.000000000000000000e+00,-5.876225635990363350e-02,4.799235652946858277e-01,0.000000000000000000e+00,0.000000000000000000e+00,0.000000000000000000e+00,1.000000000000000000e+00
-6.021263132799088702e-02,0.000000000000000000e+00,9.981855734424133209e-01,6.464892136703681569e-02,0.000000000000000000e+00,1.000000000000000000e+00,0.000000000000000000e+00,-1.150672570665614569e-01,-9.981855734424133209e-01,0.000000000000000000e+00,-6.021263132799088702e-02,4.793806209174594213e-01,0.000000000000000000e+00,0.000000000000000000e+00,0.000000000000000000e+00,1.000000000000000000e+00
-6.168104854077881977e-02,0.000000000000000000e+00,9.980959113486589374e-01,6.621145786019126678e-02,0.000000000000000000e+00,1.000000000000000000e+00,0.000000000000000000e+00,-1.178769508004324645e-01,-9.980959113486589374e-01,0.000000000000000000e+00,-6.168104854077881977e-02,4.788285888875171703e-01,0.000000000000000000e+00,0.000000000000000000e+00,0.000000000000000000e+00,1.000000000000000000e+00
-6.316742102084758892e-02,0.000000000000000000e+00,9.980029443451431392e-01,6.779241624964549295e-02,0.000000000000000000e+00,1.000000000000000000e+00,0.000000000000000000e+00,-1.207212606370537539e-01,-9.980029443451431392e-01,0.000000000000000000e+00,-6.316742102084758892e-02,4.782674149196816105e-01,0.000000000000000000e+00,0.000000000000000000e+00,0.000000000000000000e+00,1.000000000000000000e+00
-6.467165800582862223e-02,0.000000000000000000e+00,9.979065971576583927e-01,6.939167491807828048e-02,0.000000000000000000e+00,1.000000000000000000e+00,0.000000000000000000e+00,-1.236000288549745224e-01,-9.979065971576583927e-01,0.000000000000000000e+00,-6.467165800582862223e-02,4.776970456099032813e-01,0.000000000000000000e+00,0.000000000000000000e+00,0.000000000000000000e+00,1.000000000000000000e+00
-6.619366498275539024e-02,0.000000000000000000e+00,9.978067942824155878e-01,7.100910811509711373e-02,0.000000000000000000e+00,1.000000000000000000e+00,0.000000000000000000e+00,-1.265130910757275851e-01,-9.978067942824155878e-01,0.000000000000000000e+00,-6.619366498275539024e-02,4.771174284674568611e-01,0.000000000000000000e+00,0.000000000000000000e+00,0.000000000000000000e+00,1.000000000000000000e+00
-6.773334372261649583e-02,0.000000000000000000e+00,9.977034600261511788e-01,7.264458600708502412e-02,0.000000000000000000e+00,1.000000000000000000e+00,0.000000000000000000e+00,-1.294602763350273245e-01,-9.977034600261511788e-01,0.000000000000000000e+00,-6.773334372261649583e-02,4.765285119476729281e-01,0.000000000000000000e+00,0.000000000000000000e+00,0.000000000000000000e+00,1.000000000000000000e+00
-6.929059231512060824e-02,0.000000000000000000e+00,9.975965185467617902e-01,7.429797472744043008e-02,0.000000000000000000e+00,1.000000000000000000e+00,0.000000000000000000e+00,-1.324414071539677940e-01,-9.975965185467617902e-01,0.000000000000000000e+00,-6.929059231512060824e-02,4.759302454851750408e-01,0.000000000000000000e+00,0.000000000000000000e+00,0.000000000000000000e+00,1.000000000000000000e+00
-7.086530520368107544e-02,0.000000000000000000e+00,9.974858938944395348e-01,7.596913642720994064e-02,0.000000000000000000e+00,1.000000000000000000e+00,0.000000000000000000e+00,-1.354562996102206818e-01,-9.974858938944395348e-01,0.000000000000000000e+00,-7.086530520368107544e-02,4.753225795275915488e-01,0.000000000000000000e+00,0.000000000000000000e+00,0.000000000000000000e+00,1.000000000000000000e+00
-7.245737322062952013e-02,0.000000000000000000e+00,9.973715100532831723e-01,7.765792932611646771e-02,0.000000000000000000e+00,1.000000000000000000e+00,0.000000000000000000e+00,-1.385047634092334279e-01,-9.973715100532831723e-01,0.000000000000000000e+00,-7.245737322062952013e-02,4.747054655697115488e-01,0.000000000000000000e+00,0.000000000000000000e+00,0.000000000000000000e+00,1.000000000000000000e+00
-7.406668362266581596e-02,0.000000000000000000e+00,9.972532909833589088e-01,7.936420776398298016e-02,0.000000000000000000e+00,1.000000000000000000e+00,0.000000000000000000e+00,-1.415866019554272159e-01,-9.972532909833589088e-01,0.000000000000000000e+00,-7.406668362266581596e-02,4.740788561880544538e-01,0.000000000000000000e+00,0.000000000000000000e+00,0.000000000000000000e+00,1.000000000000000000e+00
-7.569312012655350641e-02,0.000000000000000000e+00,9.971311606631833024e-01,8.108782225255242726e-02,0.000000000000000000e+00,1.000000000000000000e+00,0.000000000000000000e+00,-1.447016124233950207e-01,-9.971311606631833024e-01,0.000000000000000000e+00,-7.569312012655350641e-02,4.734427050758210354e-01,0.000000000000000000e+00,0.000000000000000000e+00,0.000000000000000000e+00,1.000000000000000000e+00
-7.733656294506800755e-02,0.000000000000000000e+00,9.970050431326029639e-01,8.282861952770462222e-02,0.000000000000000000e+00,1.000000000000000000e+00,0.000000000000000000e+00,-1.478495858290996279e-01,-9.970050431326029639e-01,0.000000000000000000e+00,-7.733656294506800755e-02,4.727969670781952960e-01,0.000000000000000000e+00,0.000000000000000000e+00,0.000000000000000000e+00,1.000000000000000000e+00
-7.899688882320565764e-02,0.000000000000000000e+00,9.968748625360427384e-01,8.458644260206976684e-02,0.000000000000000000e+00,1.000000000000000000e+00,0.000000000000000000e+00,-1.510303071010716536e-01,-9.968748625360427384e-01,0.000000000000000000e+00,-7.899688882320565764e-02,4.721415982279654200e-01,0.000000000000000000e+00,0.000000000000000000e+00,0.000000000000000000e+00,1.000000000000000000e+00
-8.067397107466144079e-02,0.000000000000000000e+00,9.967405431660962822e-01,8.636113081803886704e-02,0.000000000000000000e+00,1.000000000000000000e+00,0.000000000000000000e+00,-1.542435551516077863e-01,-9.967405431660962822e-01,0.000000000000000000e+00,-8.067397107466144079e-02,4.714765557814314390e-01,0.000000000000000000e+00,0.000000000000000000e+00,0.000000000000000000e+00,1.000000000000000000e+00
-8.236767961858203202e-02,0.000000000000000000e+00,9.966020095074314966e-01,8.815251990117012326e-02,0.000000000000000000e+00,1.000000000000000000e+00,0.000000000000000000e+00,-1.574891029479684734e-01,-9.966020095074314966e-01,0.000000000000000000e+00,-8.236767961858203202e-02,4.708017982545692481e-01,0.000000000000000000e+00,0.000000000000000000e+00,0.000000000000000000e+00,1.000000000000000000e+00
-8.407788101660214342e-02,0.000000000000000000e+00,9.964591862809826228e-01,8.996044201399075457e-02,0.000000000000000000e+00,1.000000000000000000e+00,0.000000000000000000e+00,-1.607667175835761353e-01,-9.964591862809826228e-01,0.000000000000000000e+00,-8.407788101660214342e-02,4.701172854594169448e-01,0.000000000000000000e+00,0.000000000000000000e+00,0.000000000000000000e+00,1.000000000000000000e+00
-8.580443851017079127e-02,0.000000000000000000e+00,9.963119984884023506e-01,9.178472581019332666e-02,0.000000000000000000e+00,1.000000000000000000e+00,0.000000000000000000e+00,-1.640761603492132958e-01,-9.963119984884023506e-01,0.000000000000000000e+00,-8.580443851017079127e-02,4.694229785406531796e-01,0.000000000000000000e+00,0.000000000000000000e+00,0.000000000000000000e+00,1.000000000000000000e+00
-8.754721205817385388e-02,0.000000000000000000e+00,9.961603714567455192e-01,9.362519648922500159e-02,0.000000000000000000e+00,1.000000000000000000e+00,0.000000000000000000e+00,-1.674171868042204636e-01,-9.961603714567455192e-01,0.000000000000000000e+00,-8.754721205817385388e-02,4.687188400123342147e-01,0.000000000000000000e+00,0.000000000000000000e+00,0.000000000000000000e+00,1.000000000000000000e+00
-8.930605837485958154e-02,0.000000000000000000e+00,9.960042308833563229e-01,9.548167585126757229e-02,0.000000000000000000e+00,1.000000000000000000e+00,0.000000000000000000e+00,-1.707895468476942069e-01,-9.960042308833563229e-01,0.000000000000000000e+00,-8.930605837485958154e-02,4.680048337947579351e-01,0.000000000000000000e+00,0.000000000000000000e+00,0.000000000000000000e+00,1.000000000000000000e+00
-9.108083096807345624e-02,0.000000000000000000e+00,9.958435028809321521e-01,9.735398235260753208e-02,0.000000000000000000e+00,1.000000000000000000e+00,0.000000000000000000e+00,-1.741929847896853401e-01,-9.958435028809321521e-01,0.000000000000000000e+00,-9.108083096807345624e-02,4.672809252514230072e-01,0.000000000000000000e+00,0.000000000000000000e+00,0.000000000000000000e+00,1.000000000000000000e+00
-9.287138017780748045e-02,0.000000000000000000e+00,9.956781140227343174e-01,9.924193116139198856e-02,0.000000000000000000e+00,1.000000000000000000e+00,0.000000000000000000e+00,-1.776272394223966933e-01,-9.956781140227343174e-01,0.000000000000000000e+00,-9.287138017780748045e-02,4.665470812260498201e-01,0.000000000000000000e+00,0.000000000000000000e+00,0.000000000000000000e+00,1.000000000000000000e+00
-9.467755321507026478e-02,0.000000000000000000e+00,9.955079913879182341e-01,1.011453342137692002e-01,0.000000000000000000e+00,1.000000000000000000e+00,0.000000000000000000e+00,-1.810920440913814100e-01,-9.955079913879182341e-01,0.000000000000000000e+00,-9.467755321507026478e-02,4.658032700796315151e-01,0.000000000000000000e+00,0.000000000000000000e+00,0.000000000000000000e+00,1.000000000000000000e+00
-9.649919420108260537e-02,0.000000000000000000e+00,9.953330626069555320e-01,1.030640002704098640e-01,0.000000000000000000e+00,1.000000000000000000e+00,0.000000000000000000e+00,-1.845871267667407722e-01,-9.953330626069555320e-01,0.000000000000000000e+00,-9.649919420108260537e-02,4.650494617274832931e-01,0.000000000000000000e+00,0.000000000000000000e+00,0.000000000000000000e+00,1.000000000000000000e+00
-9.833614420680347745e-02,0.000000000000000000e+00,9.951532559071184503e-01,1.049977349734058235e-01,0.000000000000000000e+00,1.000000000000000000e+00,0.000000000000000000e+00,-1.881122101143221648e-01,-9.951532559071184503e-01,0.000000000000000000e+00,-9.833614420680347745e-02,4.642856276762574730e-01,0.000000000000000000e+00,0.000000000000000000e+00,0.000000000000000000e+00,1.000000000000000000e+00
-1.001882412927918159e-01,0.000000000000000000e+00,9.949685001579986476e-01,1.069463409035428941e-01,0.000000000000000000e+00,1.000000000000000000e+00,0.000000000000000000e+00,-1.916670115669178165e-01,-9.949685001579986476e-01,0.000000000000000000e+00,-1.001882412927918159e-01,4.635117410608913802e-01,0.000000000000000000e+00,0.000000000000000000e+00,0.000000000000000000e+00,1.000000000000000000e+00
-1.020553205494066779e-01,0.000000000000000000e+00,9.947787249170328971e-01,1.089096176379422964e-01,0.000000000000000000e+00,1.000000000000000000e+00,0.000000000000000000e+00,-1.952512433954617099e-01,-9.947787249170328971e-01,0.000000000000000000e+00,-1.020553205494066779e-01,4.627277766814578142e-01,0.000000000000000000e+00,0.000000000000000000e+00,0.000000000000000000e+00,1.000000000000000000e+00
-1.039372141373517272e-01,0.000000000000000000e+00,9.945838604750060208e-01,1.108873618080681023e-01,0.000000000000000000e+00,1.000000000000000000e+00,0.000000000000000000e+00,-1.988646127802284891e-01,-9.945838604750060208e-01,0.000000000000000000e+00,-1.039372141373517272e-01,4.619337110398845092e-01,0.000000000000000000e+00,0.000000000000000000e+00,0.000000000000000000e+00,1.000000000000000000e+00
-1.058337513285657755e-01,0.000000000000000000e+00,9.943838379015033091e-01,1.128793671580936575e-01,0.000000000000000000e+00,1.000000000000000000e+00,0.000000000000000000e+00,-2.025068218820311738e-01,-9.943838379015033091e-01,0.000000000000000000e+00,-1.058337513285657755e-01,4.611295223765111695e-01,0.000000000000000000e+00,0.000000000000000000e+00,0.000000000000000000e+00,1.000000000000000000e+00
-1.077447585474640146e-01,0.000000000000000000e+00,9.941785890902844480e-01,1.148854246036236093e-01,0.000000000000000000e+00,1.000000000000000000e+00,0.000000000000000000e+00,-2.061775679134192629e-01,-9.941785890902844480e-01,0.000000000000000000e+00,-1.077447585474640146e-01,4.603151907064535475e-01,0.000000000000000000e+00,0.000000000000000000e+00,0.000000000000000000e+00,1.000000000000000000e+00
-1.096700594125315092e-01,0.000000000000000000e+00,9.939680468045498651e-01,1.169053222907639605e-01,0.000000000000000000e+00,1.000000000000000000e+00,0.000000000000000000e+00,-2.098765432098765038e-01,-9.939680468045498651e-01,0.000000000000000000e+00,-1.096700594125315092e-01,4.594906978557412591e-01,0.000000000000000000e+00,0.000000000000000000e+00,0.000000000000000000e+00,1.000000000000000000e+00
-1.116094747782725299e-01,0.000000000000000000e+00,9.937521447220720727e-01,1.189388456555358214e-01,0.000000000000000000e+00,1.000000000000000000e+00,0.000000000000000000e+00,-2.136034353010196341e-01,-9.937521447220720727e-01,0.000000000000000000e+00,-1.116094747782725299e-01,4.586560274971992479e-01,0.000000000000000000e+00,0.000000000000000000e+00,0.000000000000000000e+00,1.000000000000000000e+00
-1.135628227775166005e-01,0.000000000000000000e+00,9.935308174801636971e-01,1.209857774836248095e-01,0.000000000000000000e+00,1.000000000000000000e+00,0.000000000000000000e+00,-2.173579269817954851e-01,-9.935308174801636971e-01,0.000000000000000000e+00,-1.135628227775166005e-01,4.578111651860424791e-01,0.000000000000000000e+00,0.000000000000000000e+00,0.000000000000000000e+00,1.000000000000000000e+00
-1.155299188640842023e-01,0.000000000000000000e+00,9.933040007204532174e-01,1.230458979704604772e-01,0.000000000000000000e+00,1.000000000000000000e+00,0.000000000000000000e+00,-2.211396963836798624e-01,-9.933040007204532174e-01,0.000000000000000000e+00,-1.155299188640842023e-01,4.569560983951498345e-01,0.000000000000000000e+00,0.000000000000000000e+00,0.000000000000000000e+00,1.000000000000000000e+00
-1.175105758558120106e-01,0.000000000000000000e+00,9.930716311334422119e-01,1.251189847816172596e-01,0.000000000000000000e+00,1.000000000000000000e+00,0.000000000000000000e+00,-2.249484170458747323e-01,-9.930716311334422119e-01,0.000000000000000000e+00,-1.175105758558120106e-01,4.560908165499912292e-01,0.000000000000000000e+00,0.000000000000000000e+00,0.000000000000000000e+00,1.000000000000000000e+00
-1.195046039779400771e-01,0.000000000000000000e+00,9.928336465028145819e-01,1.272048131135307125e-01,0.000000000000000000e+00,1.000000000000000000e+00,0.000000000000000000e+00,-2.287837579865073523e-01,-9.928336465028145819e-01,0.000000000000000000e+00,-1.195046039779400771e-01,4.552153110631729227e-01,0.000000000000000000e+00,0.000000000000000000e+00,0.000000000000000000e+00,1.000000000000000000e+00
-1.215118109068595992e-01,0.000000000000000000e+00,9.925899857494713263e-01,1.293031557545193388e-01,0.000000000000000000e+00,1.000000000000000000e+00,0.000000000000000000e+00,-2.326453837738272079e-01,-9.925899857494713263e-01,0.000000000000000000e+00,-1.215118109068595992e-01,4.543295753685746563e-01,0.000000000000000000e+00,0.000000000000000000e+00,0.000000000000000000e+00,1.000000000000000000e+00
-1.235320018142229415e-01,0.000000000000000000e+00,9.923405889752624498e-01,1.314137831461045236e-01,0.000000000000000000e+00,1.000000000000000000e+00,0.000000000000000000e+00,-2.365329545974045877e-01,-9.923405889752624498e-01,0.000000000000000000e+00,-1.235320018142229415e-01,4.534336049550460324e-01,0.000000000000000000e+00,0.000000000000000000e+00,0.000000000000000000e+00,1.000000000000000000e+00
-1.255649794114147844e-01,0.000000000000000000e+00,9.920853975063895769e-01,1.335364634446200571e-01,0.000000000000000000e+00,1.000000000000000000e+00,0.000000000000000000e+00,-2.404461263393288251e-01,-9.920853975063895769e-01,0.000000000000000000e+00,-1.255649794114147844e-01,4.525273973996347121e-01,0.000000000000000000e+00,0.000000000000000000e+00,0.000000000000000000e+00,1.000000000000000000e+00
-1.276105439943830966e-01,0.000000000000000000e+00,9.918243539364506312e-01,1.356709625831001298e-01,0.000000000000000000e+00,1.000000000000000000e+00,0.000000000000000000e+00,-2.443845506454057903e-01,-9.918243539364506312e-01,0.000000000000000000e+00,-1.276105439943830966e-01,4.516109524003154574e-01,0.000000000000000000e+00,0.000000000000000000e+00,0.000000000000000000e+00,1.000000000000000000e+00
-1.296684934888300555e-01,0.000000000000000000e+00,9.915574021691014872e-01,1.378170443334386097e-01,0.000000000000000000e+00,1.000000000000000000e+00,0.000000000000000000e+00,-2.483478749963562993e-01,-9.915574021691014872e-01,0.000000000000000000e+00,-1.296684934888300555e-01,4.506842718081924826e-01,0.000000000000000000e+00,0.000000000000000000e+00,0.000000000000000000e+00,1.000000000000000000e+00
-1.317386234957597380e-01,0.000000000000000000e+00,9.912844874603065071e-01,1.399744703688070580e-01,0.000000000000000000e+00,1.000000000000000000e+00,0.000000000000000000e+00,-2.523357427790141050e-01,-9.912844874603065071e-01,0.000000000000000000e+00,-1.317386234957597380e-01,4.497473596591465839e-01,0.000000000000000000e+00,0.000000000000000000e+00,0.000000000000000000e+00,1.000000000000000000e+00
-1.338207273373815398e-01,0.000000000000000000e+00,9.910055564601513156e-01,1.421430003263230435e-01,0.000000000000000000e+00,1.000000000000000000e+00,0.000000000000000000e+00,-2.563477933575237788e-01,-9.910055564601513156e-01,0.000000000000000000e+00,-1.338207273373815398e-01,4.488002222048974033e-01,0.000000000000000000e+00,0.000000000000000000e+00,0.000000000000000000e+00,1.000000000000000000e+00
-1.359145961033664529e-01,0.000000000000000000e+00,9.907205572541930572e-01,1.443223918699566843e-01,0.000000000000000000e+00,1.000000000000000000e+00,0.000000000000000000e+00,-2.603836621445391186e-01,-9.907205572541930572e-01,0.000000000000000000e+00,-1.359145961033664529e-01,4.478428679434560689e-01,0.000000000000000000e+00,0.000000000000000000e+00,0.000000000000000000e+00,1.000000000000000000e+00
-1.380200186974529786e-01,0.000000000000000000e+00,9.904294394043196004e-01,1.465124007536639794e-01,0.000000000000000000e+00,1.000000000000000000e+00,0.000000000000000000e+00,-2.644429806724206689e-01,-9.904294394043196004e-01,0.000000000000000000e+00,-1.380200186974529786e-01,4.468753076489370146e-01,0.000000000000000000e+00,0.000000000000000000e+00,0.000000000000000000e+00,1.000000000000000000e+00
-1.401367818843997914e-01,0.000000000000000000e+00,9.901321539890945989e-01,1.487127808847361066e-01,0.000000000000000000e+00,1.000000000000000000e+00,0.000000000000000000e+00,-2.685253766644338236e-01,-9.901321539890945989e-01,0.000000000000000000e+00,-1.401367818843997914e-01,4.458975544007062197e-01,0.000000000000000000e+00,0.000000000000000000e+00,0.000000000000000000e+00,1.000000000000000000e+00
-1.422646703372811572e-01,0.000000000000000000e+00,9.898286536435609850e-01,1.509232843873528906e-01,0.000000000000000000e+00,1.000000000000000000e+00,0.000000000000000000e+00,-2.726304741059475956e-01,-9.898286536435609850e-01,0.000000000000000000e+00,-1.422646703372811572e-01,4.449096236118361136e-01,0.000000000000000000e+00,0.000000000000000000e+00,0.000000000000000000e+00,1.000000000000000000e+00
-1.444034666851201909e-01,0.000000000000000000e+00,9.895188925984785833e-01,1.531436616663258976e-01,0.000000000000000000e+00,1.000000000000000000e+00,0.000000000000000000e+00,-2.767578933156316645e-01,-9.895188925984785833e-01,0.000000000000000000e+00,-1.444034666851201909e-01,4.439115330568434992e-01,0.000000000000000000e+00,0.000000000000000000e+00,0.000000000000000000e+00,1.000000000000000000e+00
-1.465529515608567368e-01,0.000000000000000000e+00,9.892028267189703072e-01,1.553736614710212738e-01,0.000000000000000000e+00,1.000000000000000000e+00,0.000000000000000000e+00,-2.809072510166551462e-01,-9.892028267189703072e-01,0.000000000000000000e+00,-1.465529515608567368e-01,4.429033028986830156e-01,0.000000000000000000e+00,0.000000000000000000e+00,0.000000000000000000e+00,1.000000000000000000e+00
-1.487129036496427359e-01,0.000000000000000000e+00,9.888804135425537378e-01,1.576130309594468426e-01,0.000000000000000000e+00,1.000000000000000000e+00,0.000000000000000000e+00,-2.850781604078840292e-01,-9.888804135425537378e-01,0.000000000000000000e+00,-1.487129036496427359e-01,4.418849557149733820e-01,0.000000000000000000e+00,0.000000000000000000e+00,0.000000000000000000e+00,1.000000000000000000e+00
-1.508830997374618066e-01,0.000000000000000000e+00,9.885516123165321023e-01,1.598615157624915795e-01,0.000000000000000000e+00,1.000000000000000000e+00,0.000000000000000000e+00,-2.892702312350799998e-01,-9.885516123165321023e-01,0.000000000000000000e+00,-1.508830997374618066e-01,4.408565165234297756e-01,0.000000000000000000e+00,0.000000000000000000e+00,0.000000000000000000e+00,1.000000000000000000e+00
-1.530633147600645450e-01,0.000000000000000000e+00,9.882163840347221173e-01,1.621188600483017273e-01,0.000000000000000000e+00,1.000000000000000000e+00,0.000000000000000000e+00,-2.934830698620972123e-01,-9.882163840347221173e-01,0.000000000000000000e+00,-1.530633147600645450e-01,4.398180128064799743e-01,0.000000000000000000e+00,0.000000000000000000e+00,0.000000000000000000e+00,1.000000000000000000e+00
-1.552533218522159641e-01,0.000000000000000000e+00,9.878746914734946039e-01,1.643848065867822283e-01,0.000000000000000000e+00,1.000000000000000000e+00,0.000000000000000000e+00,-2.977162793420820575e-01,-9.878746914734946039e-01,0.000000000000000000e+00,-1.552533218522159641e-01,4.387694745350395609e-01,0.000000000000000000e+00,0.000000000000000000e+00,0.000000000000000000e+00,1.000000000000000000e+00
-1.574528923972452199e-01,0.000000000000000000e+00,9.875264992271050035e-01,1.666590968142051821e-01,0.000000000000000000e+00,1.000000000000000000e+00,0.000000000000000000e+00,-3.019694594886693784e-01,-9.875264992271050035e-01,0.000000000000000000e+00,-1.574528923972452199e-01,4.377109341914243723e-01,0.000000000000000000e+00,0.000000000000000000e+00,0.000000000000000000e+00,1.000000000000000000e+00
-1.596617960768932365e-01,0.000000000000000000e+00,9.871717737422908145e-01,1.689414708979140867e-01,0.000000000000000000e+00,1.000000000000000000e+00,0.000000000000000000e+00,-3.062422069471822383e-01,-9.871717737422908145e-01,0.000000000000000000e+00,-1.596617960768932365e-01,4.366424267913768809e-01,0.000000000000000000e+00,0.000000000000000000e+00,0.000000000000000000e+00,1.000000000000000000e+00
-1.618798009214480471e-01,0.000000000000000000e+00,9.868104833521137431e-01,1.712316678011056026e-01,0.000000000000000000e+00,1.000000000000000000e+00,0.000000000000000000e+00,-3.105341152658284143e-01,-9.868104833521137431e-01,0.000000000000000000e+00,-1.618798009214480471e-01,4.355639899051853559e-01,0.000000000000000000e+00,0.000000000000000000e+00,0.000000000000000000e+00,1.000000000000000000e+00
-1.641066733601617977e-01,0.000000000000000000e+00,9.864425983090253647e-01,1.735294253476758475e-01,0.000000000000000000e+00,1.000000000000000000e+00,0.000000000000000000e+00,-3.148447749668993878e-01,-9.864425983090253647e-01,0.000000000000000000e+00,-1.641066733601617977e-01,4.344756636778747128e-01,0.000000000000000000e+00,0.000000000000000000e+00,0.000000000000000000e+00,1.000000000000000000e+00
-1.663421782719398112e-01,0.000000000000000000e+00,9.860680908171333137e-01,1.758344802871134038e-01,0.000000000000000000e+00,1.000000000000000000e+00,0.000000000000000000e+00,-3.191737736179681151e-01,-9.860680908171333137e-01,0.000000000000000000e+00,-1.663421782719398112e-01,4.333774908484475663e-01,0.000000000000000000e+00,0.000000000000000000e+00,0.000000000000000000e+00,1.000000000000000000e+00
-1.685860790362930517e-01,0.000000000000000000e+00,9.856869350636482396e-01,1.781465683594244120e-01,0.000000000000000000e+00,1.000000000000000000e+00,0.000000000000000000e+00,-3.235206959030871299e-01,-9.856869350636482396e-01,0.000000000000000000e+00,-1.685860790362930517e-01,4.322695167681558925e-01,0.000000000000000000e+00,0.000000000000000000e+00,0.000000000000000000e+00,1.000000000000000000e+00
-1.708381375845449135e-01,0.000000000000000000e+00,9.852991072494911018e-01,1.804654243600719576e-01,0.000000000000000000e+00,1.000000000000000000e+00,0.000000000000000000e+00,-3.278851236939863689e-01,-9.852991072494911018e-01,0.000000000000000000e+00,-1.708381375845449135e-01,4.311517894177852028e-01,0.000000000000000000e+00,0.000000000000000000e+00,0.000000000000000000e+00,1.000000000000000000e+00
-1.730981144512827030e-01,0.000000000000000000e+00,9.849045856190388193e-01,1.827907822049147368e-01,0.000000000000000000e+00,1.000000000000000000e+00,0.000000000000000000e+00,-3.322666361212717190e-01,-9.849045856190388193e-01,0.000000000000000000e+00,-1.730981144512827030e-01,4.300243594239292477e-01,0.000000000000000000e+00,0.000000000000000000e+00,0.000000000000000000e+00,1.000000000000000000e+00
-1.753657688260430725e-01,0.000000000000000000e+00,9.845033504889918463e-01,1.851223749951258768e-01,0.000000000000000000e+00,1.000000000000000000e+00,0.000000000000000000e+00,-3.366648096456220651e-01,-9.845033504889918463e-01,0.000000000000000000e+00,-1.753657688260430725e-01,4.288872800742413727e-01,0.000000000000000000e+00,0.000000000000000000e+00,0.000000000000000000e+00,1.000000000000000000e+00
-1.776408586052227179e-01,0.000000000000000000e+00,9.840953842763410231e-01,1.874599350820777000e-01,0.000000000000000000e+00,1.000000000000000000e+00,0.000000000000000000e+00,-3.410792181289881708e-01,-9.840953842763410231e-01,0.000000000000000000e+00,-1.776408586052227179e-01,4.277406073316407098e-01,0.000000000000000000e+00,0.000000000000000000e+00,0.000000000000000000e+00,1.000000000000000000e+00
-1.799231404442017401e-01,0.000000000000000000e+00,9.836806715254173827e-01,1.898031941321717542e-01,0.000000000000000000e+00,1.000000000000000000e+00,0.000000000000000000e+00,-3.455094329057910030e-01,-9.836806715254173827e-01,0.000000000000000000e+00,-1.799231404442017401e-01,4.265843998474592724e-01,0.000000000000000000e+00,0.000000000000000000e+00,0.000000000000000000e+00,1.000000000000000000e+00
-1.822123698096693167e-01,0.000000000000000000e+00,9.832591989340065952e-01,1.921518831915990377e-01,0.000000000000000000e+00,1.000000000000000000e+00,0.000000000000000000e+00,-3.499550228541188357e-01,-9.832591989340065952e-01,0.000000000000000000e+00,-1.822123698096693167e-01,4.254187189735132990e-01,0.000000000000000000e+00,0.000000000000000000e+00,0.000000000000000000e+00,1.000000000000000000e+00
-1.845083010321402484e-01,0.000000000000000000e+00,9.828309553785091746e-01,1.945057327510108514e-01,0.000000000000000000e+00,1.000000000000000000e+00,0.000000000000000000e+00,-3.544155544669254643e-01,-9.828309553785091746e-01,0.000000000000000000e+00,-1.845083010321402484e-01,4.242436287730820821e-01,0.000000000000000000e+00,0.000000000000000000e+00,0.000000000000000000e+00,1.000000000000000000e+00
-1.868106873586516670e-01,0.000000000000000000e+00,9.823959319381305733e-01,1.968644728100838737e-01,0.000000000000000000e+00,1.000000000000000000e+00,0.000000000000000000e+00,-3.588905919232291963e-01,-9.823959319381305733e-01,0.000000000000000000e+00,-1.868106873586516670e-01,4.230591960307801269e-01,0.000000000000000000e+00,0.000000000000000000e+00,0.000000000000000000e+00,1.000000000000000000e+00
-1.891192810056249729e-01,0.000000000000000000e+00,9.819541219180840663e-01,1.992278329419593097e-01,0.000000000000000000e+00,1.000000000000000000e+00,0.000000000000000000e+00,-3.633796971593094005e-01,-9.819541219180840663e-01,0.000000000000000000e+00,-1.891192810056249729e-01,4.218654902613095947e-01,0.000000000000000000e+00,0.000000000000000000e+00,0.000000000000000000e+00,1.000000000000000000e+00
-1.914338332118841746e-01,0.000000000000000000e+00,9.815055208717903268e-01,2.015955423575395145e-01,0.000000000000000000e+00,1.000000000000000000e+00,0.000000000000000000e+00,-3.678824299399060527e-01,-9.815055208717903268e-01,0.000000000000000000e+00,-1.914338332118841746e-01,4.206625837170766546e-01,0.000000000000000000e+00,0.000000000000000000e+00,0.000000000000000000e+00,1.000000000000000000e+00
-1.937540942918144771e-01,0.000000000000000000e+00,9.810501266220593708e-01,2.039673299696223852e-01,0.000000000000000000e+00,1.000000000000000000e+00,0.000000000000000000e+00,-3.723983479294162846e-01,-9.810501266220593708e-01,0.000000000000000000e+00,-1.937540942918144771e-01,4.194505513946632513e-01,0.000000000000000000e+00,0.000000000000000000e+00,0.000000000000000000e+00,1.000000000000000000e+00
-1.960798136886516829e-01,0.000000000000000000e+00,9.805879392812373307e-01,2.063429244568552590e-01,0.000000000000000000e+00,1.000000000000000000e+00,0.000000000000000000e+00,-3.769270067630937637e-01,-9.805879392812373307e-01,0.000000000000000000e+00,-1.960798136886516829e-01,4.182294710401367466e-01,0.000000000000000000e+00,0.000000000000000000e+00,0.000000000000000000e+00,1.000000000000000000e+00
-1.984107400278855571e-01,0.000000000000000000e+00,9.801189612703076204e-01,2.087220543274897755e-01,0.000000000000000000e+00,1.000000000000000000e+00,0.000000000000000000e+00,-3.814679601182462410e-01,-9.801189612703076204e-01,0.000000000000000000e+00,-1.984107400278855571e-01,4.169994231531919948e-01,0.000000000000000000e+00,0.000000000000000000e+00,0.000000000000000000e+00,1.000000000000000000e+00
-2.007466211707659709e-01,0.000000000000000000e+00,9.796431973369288393e-01,2.111044479829176646e-01,0.000000000000000000e+00,1.000000000000000000e+00,0.000000000000000000e+00,-3.860207597854328765e-01,-9.796431973369288393e-01,0.000000000000000000e+00,-2.007466211707659709e-01,4.157604909901099211e-01,0.000000000000000000e+00,0.000000000000000000e+00,0.000000000000000000e+00,1.000000000000000000e+00
-2.030872042678976697e-01,0.000000000000000000e+00,9.791606545723992028e-01,2.134898337809705282e-01,0.000000000000000000e+00,1.000000000000000000e+00,0.000000000000000000e+00,-3.905849557396633420e-01,-9.791606545723992028e-01,0.000000000000000000e+00,-2.030872042678976697e-01,4.145127605655262171e-01,0.000000000000000000e+00,0.000000000000000000e+00,0.000000000000000000e+00,1.000000000000000000e+00
-2.054322358129088977e-01,0.000000000000000000e+00,9.786713424275329531e-01,2.158779400989620234e-01,0.000000000000000000e+00,1.000000000000000000e+00,0.000000000000000000e+00,-3.951600962115954241e-01,-9.786713424275329531e-01,0.000000000000000000e+00,-2.054322358129088977e-01,4.132563206529986655e-01,0.000000000000000000e+00,0.000000000000000000e+00,0.000000000000000000e+00,1.000000000000000000e+00
-2.077814616961801697e-01,0.000000000000000000e+00,9.781752727274385384e-01,2.182684953964552088e-01,0.000000000000000000e+00,1.000000000000000000e+00,0.000000000000000000e+00,-3.997457277587329050e-01,-9.781752727274385384e-01,0.000000000000000000e+00,-2.077814616961801697e-01,4.119912627843667075e-01,0.000000000000000000e+00,0.000000000000000000e+00,0.000000000000000000e+00,1.000000000000000000e+00
-2.101346272586185893e-01,0.000000000000000000e+00,9.776724596851859017e-01,2.206612282777352385e-01,0.000000000000000000e+00,1.000000000000000000e+00,0.000000000000000000e+00,-4.043413953366236102e-01,-9.776724596851859017e-01,0.000000000000000000e+00,-2.101346272586185893e-01,4.107176812478934291e-01,0.000000000000000000e+00,0.000000000000000000e+00,0.000000000000000000e+00,1.000000000000000000e+00
-2.124914773454631423e-01,0.000000000000000000e+00,9.771629199143521127e-01,2.230558675539678348e-01,0.000000000000000000e+00,1.000000000000000000e+00,0.000000000000000000e+00,-4.089466423700579556e-01,-9.771629199143521127e-01,0.000000000000000000e+00,-2.124914773454631423e-01,4.094356730851832493e-01,0.000000000000000000e+00,0.000000000000000000e+00,0.000000000000000000e+00,1.000000000000000000e+00
-2.148517563601058111e-01,0.000000000000000000e+00,9.766466724404367916e-01,2.254521423050246665e-01,0.000000000000000000e+00,1.000000000000000000e+00,0.000000000000000000e+00,-4.135610108242661620e-01,-9.766466724404367916e-01,0.000000000000000000e+00,-2.148517563601058111e-01,4.081453380868710901e-01,0.000000000000000000e+00,0.000000000000000000e+00,0.000000000000000000e+00,1.000000000000000000e+00
-2.172152083179141324e-01,0.000000000000000000e+00,9.761237387111355579e-01,2.278497819409568415e-01,0.000000000000000000e+00,1.000000000000000000e+00,0.000000000000000000e+00,-4.181840412761174131e-01,-9.761237387111355579e-01,0.000000000000000000e+00,-2.172152083179141324e-01,4.068467787870737595e-01,0.000000000000000000e+00,0.000000000000000000e+00,0.000000000000000000e+00,1.000000000000000000e+00
-2.195815769000384332e-01,0.000000000000000000e+00,9.755941426054650645e-01,2.302485162630958093e-01,0.000000000000000000e+00,1.000000000000000000e+00,0.000000000000000000e+00,-4.228152729853162928e-01,-9.755941426054650645e-01,0.000000000000000000e+00,-2.195815769000384332e-01,4.055401004566026590e-01,0.000000000000000000e+00,0.000000000000000000e+00,0.000000000000000000e+00,1.000000000000000000e+00
-2.219506055071913120e-01,0.000000000000000000e+00,9.750579104417291809e-01,2.326480755247651577e-01,0.000000000000000000e+00,1.000000000000000000e+00,0.000000000000000000e+00,-4.274542439656024984e-01,-9.750579104417291809e-01,0.000000000000000000e+00,-2.219506055071913120e-01,4.042254110949299317e-01,0.000000000000000000e+00,0.000000000000000000e+00,0.000000000000000000e+00,1.000000000000000000e+00
-2.243220373133799628e-01,0.000000000000000000e+00,9.745150709843202197e-01,2.350481904915804610e-01,0.000000000000000000e+00,1.000000000000000000e+00,0.000000000000000000e+00,-4.321004910559474999e-01,-9.745150709843202197e-01,0.000000000000000000e+00,-2.243220373133799628e-01,4.029028214209078307e-01,0.000000000000000000e+00,0.000000000000000000e+00,0.000000000000000000e+00,1.000000000000000000e+00
-2.266956153195801849e-01,0.000000000000000000e+00,9.739656554493474339e-01,2.374485925013225807e-01,0.000000000000000000e+00,1.000000000000000000e+00,0.000000000000000000e+00,-4.367535499917539199e-01,-9.739656554493474339e-01,0.000000000000000000e+00,-2.266956153195801849e-01,4.015724448622353115e-01,0.000000000000000000e+00,0.000000000000000000e+00,0.000000000000000000e+00,1.000000000000000000e+00
-2.290710824073318719e-01,0.000000000000000000e+00,9.734096975090875681e-01,2.398490135233613540e-01,0.000000000000000000e+00,1.000000000000000000e+00,0.000000000000000000e+00,-4.414129554760519714e-01,-9.734096975090875681e-01,0.000000000000000000e+00,-2.290710824073318719e-01,4.002343975436744028e-01,0.000000000000000000e+00,0.000000000000000000e+00,0.000000000000000000e+00,1.000000000000000000e+00
-2.314481813922447395e-01,0.000000000000000000e+00,9.728472332952500246e-01,2.422491862176143207e-01,0.000000000000000000e+00,1.000000000000000000e+00,0.000000000000000000e+00,-4.460782412506996142e-01,-9.728472332952500246e-01,0.000000000000000000e+00,-2.314481813922447395e-01,3.988887982740094706e-01,0.000000000000000000e+00,0.000000000000000000e+00,0.000000000000000000e+00,1.000000000000000000e+00
-2.338266550773936692e-01,0.000000000000000000e+00,9.722783014010533131e-01,2.446488439930178949e-01,0.000000000000000000e+00,1.000000000000000000e+00,0.000000000000000000e+00,-4.507489401675780494e-01,-9.722783014010533131e-01,0.000000000000000000e+00,-2.338266550773936692e-01,3.975357685317538747e-01,0.000000000000000000e+00,0.000000000000000000e+00,0.000000000000000000e+00,1.000000000000000000e+00
-2.362062463065929541e-01,0.000000000000000000e+00,9.717029428821079007e-01,2.470477210654976330e-01,0.000000000000000000e+00,1.000000000000000000e+00,0.000000000000000000e+00,-4.554245842597917093e-01,-9.717029428821079007e-01,0.000000000000000000e+00,-2.362062463065929541e-01,3.961754324496014057e-01,0.000000000000000000e+00,0.000000000000000000e+00,0.000000000000000000e+00,1.000000000000000000e+00
-2.385866980175289642e-01,0.000000000000000000e+00,9.711212012561009077e-01,2.494455525154138098e-01,0.000000000000000000e+00,1.000000000000000000e+00,0.000000000000000000e+00,-4.601047048128655836e-01,-9.711212012561009077e-01,0.000000000000000000e+00,-2.385866980175289642e-01,3.948079167976237258e-01,0.000000000000000000e+00,0.000000000000000000e+00,0.000000000000000000e+00,1.000000000000000000e+00
-2.409677532947383238e-01,0.000000000000000000e+00,9.705331225012807650e-01,2.518420743444679810e-01,0.000000000000000000e+00,1.000000000000000000e+00,0.000000000000000000e+00,-4.647888324359432666e-01,-9.705331225012807650e-01,0.000000000000000000e+00,-2.409677532947383238e-01,3.934333509652165883e-01,0.000000000000000000e+00,0.000000000000000000e+00,0.000000000000000000e+00,1.000000000000000000e+00
-2.433491554224142261e-01,0.000000000000000000e+00,9.699387550537392766e-01,2.542370235320510208e-01,0.000000000000000000e+00,1.000000000000000000e+00,0.000000000000000000e+00,-4.694764971329852821e-01,-9.699387550537392766e-01,0.000000000000000000e+00,-2.433491554224142261e-01,3.920518669417960567e-01,0.000000000000000000e+00,0.000000000000000000e+00,0.000000000000000000e+00,1.000000000000000000e+00
-2.457306479370249541e-01,0.000000000000000000e+00,9.693381498034883137e-01,2.566301380910139818e-01,0.000000000000000000e+00,1.000000000000000000e+00,0.000000000000000000e+00,-4.741672283739661875e-01,-9.693381498034883137e-01,0.000000000000000000e+00,-2.457306479370249541e-01,3.906635992962479431e-01,0.000000000000000000e+00,0.000000000000000000e+00,0.000000000000000000e+00,1.000000000000000000e+00
-2.481119746797302295e-01,0.000000000000000000e+00,9.687313600893309173e-01,2.590211571228469567e-01,0.000000000000000000e+00,1.000000000000000000e+00,0.000000000000000000e+00,-4.788605551660738424e-01,-9.687313600893309173e-01,0.000000000000000000e+00,-2.481119746797302295e-01,3.892686851551344640e-01,0.000000000000000000e+00,0.000000000000000000e+00,0.000000000000000000e+00,1.000000000000000000e+00
-2.504928798485775432e-01,0.000000000000000000e+00,9.681184416925265879e-01,2.614098208722454575e-01,0.000000000000000000e+00,1.000000000000000000e+00,0.000000000000000000e+00,-4.835560061249072339e-01,-9.681184416925265879e-01,0.000000000000000000e+00,-2.504928798485775432e-01,3.878672641796625520e-01,0.000000000000000000e+00,0.000000000000000000e+00,0.000000000000000000e+00,1.000000000000000000e+00
-2.528731080504635353e-01,0.000000000000000000e+00,9.674994528292502061e-01,2.637958707810491021e-01,0.000000000000000000e+00,1.000000000000000000e+00,0.000000000000000000e+00,-4.882531095456732473e-01,-9.674994528292502061e-01,0.000000000000000000e+00,-2.528731080504635353e-01,3.864594785414188771e-01,0.000000000000000000e+00,0.000000000000000000e+00,0.000000000000000000e+00,1.000000000000000000e+00
-2.552524043528452413e-01,0.000000000000000000e+00,9.668744541418454741e-01,2.661790495415361502e-01,0.000000000000000000e+00,1.000000000000000000e+00,0.000000000000000000e+00,-4.929513934743862680e-01,-9.668744541418454741e-01,0.000000000000000000e+00,-2.552524043528452413e-01,3.850454728968766283e-01,0.000000000000000000e+00,0.000000000000000000e+00,0.000000000000000000e+00,1.000000000000000000e+00
-2.576305143351855786e-01,0.000000000000000000e+00,9.662435086888748748e-01,2.685591011490564006e-01,0.000000000000000000e+00,1.000000000000000000e+00,0.000000000000000000e+00,-4.976503857790660068e-01,-9.662435086888748748e-01,0.000000000000000000e+00,-2.576305143351855786e-01,3.836253943606812711e-01,0.000000000000000000e+00,0.000000000000000000e+00,0.000000000000000000e+00,1.000000000000000000e+00
-2.600071841401155326e-01,0.000000000000000000e+00,9.656066819339683693e-01,2.709357709539863546e-01,0.000000000000000000e+00,1.000000000000000000e+00,0.000000000000000000e+00,-5.023496142209340487e-01,-9.656066819339683693e-01,0.000000000000000000e+00,-2.600071841401155326e-01,3.821993924777231655e-01,0.000000000000000000e+00,0.000000000000000000e+00,0.000000000000000000e+00,1.000000000000000000e+00
-2.623821605243008004e-01,0.000000000000000000e+00,9.649640417334731657e-01,2.733088057129917092e-01,0.000000000000000000e+00,1.000000000000000000e+00,0.000000000000000000e+00,-5.070486065256134545e-01,-9.649640417334731657e-01,0.000000000000000000e+00,-2.623821605243008004e-01,3.807676191940032595e-01,0.000000000000000000e+00,0.000000000000000000e+00,0.000000000000000000e+00,1.000000000000000000e+00
-2.647551909089961852e-01,0.000000000000000000e+00,9.643156583229067769e-01,2.756779536395818075e-01,0.000000000000000000e+00,1.000000000000000000e+00,0.000000000000000000e+00,-5.117468904543265307e-01,-9.643156583229067769e-01,0.000000000000000000e+00,-2.647551909089961852e-01,3.793302288262993538e-01,0.000000000000000000e+00,0.000000000000000000e+00,0.000000000000000000e+00,1.000000000000000000e+00
-2.671260234302719749e-01,0.000000000000000000e+00,9.636616043022206979e-01,2.780429644539398892e-01,0.000000000000000000e+00,1.000000000000000000e+00,0.000000000000000000e+00,-5.164439938750928771e-01,-9.636616043022206979e-01,0.000000000000000000e+00,-2.671260234302719749e-01,3.778873780306459262e-01,0.000000000000000000e+00,0.000000000000000000e+00,0.000000000000000000e+00,1.000000000000000000e+00
-2.694944069888973170e-01,0.000000000000000000e+00,9.630019546198764768e-01,2.804035894320140998e-01,0.000000000000000000e+00,1.000000000000000000e+00,0.000000000000000000e+00,-5.211394448339258245e-01,-9.630019546198764768e-01,0.000000000000000000e+00,-2.694944069888973170e-01,3.764392257696342337e-01,0.000000000000000000e+00,0.000000000000000000e+00,0.000000000000000000e+00,1.000000000000000000e+00
-2.718600912998699881e-01,0.000000000000000000e+00,9.623367865557391765e-01,2.827595814538590435e-01,0.000000000000000000e+00,1.000000000000000000e+00,0.000000000000000000e+00,-5.258327716260333684e-01,-9.623367865557391765e-01,0.000000000000000000e+00,-2.718600912998699881e-01,3.749859332785408506e-01,0.000000000000000000e+00,0.000000000000000000e+00,0.000000000000000000e+00,1.000000000000000000e+00
-2.742228269415710740e-01,0.000000000000000000e+00,9.616661797027974412e-01,2.851106950512078408e-01,0.000000000000000000e+00,1.000000000000000000e+00,0.000000000000000000e+00,-5.305235028670146624e-01,-9.616661797027974412e-01,0.000000000000000000e+00,-2.742228269415710740e-01,3.735276640303019091e-01,0.000000000000000000e+00,0.000000000000000000e+00,0.000000000000000000e+00,1.000000000000000000e+00
-2.765823654045354019e-01,0.000000000000000000e+00,9.609902159477129446e-01,2.874566864542650313e-01,0.000000000000000000e+00,1.000000000000000000e+00,0.000000000000000000e+00,-5.352111675640566224e-01,-9.609902159477129446e-01,0.000000000000000000e+00,-2.765823654045354019e-01,3.720645836993383693e-01,0.000000000000000000e+00,0.000000000000000000e+00,0.000000000000000000e+00,1.000000000000000000e+00
-2.789384591398239022e-01,0.000000000000000000e+00,9.603089794502084331e-01,2.897973136377087200e-01,0.000000000000000000e+00,1.000000000000000000e+00,0.000000000000000000e+00,-5.398952951871345274e-01,-9.603089794502084331e-01,0.000000000000000000e+00,-2.789384591398239022e-01,3.705968601242467519e-01,0.000000000000000000e+00,0.000000000000000000e+00,0.000000000000000000e+00,1.000000000000000000e+00
-2.812908616069800805e-01,0.000000000000000000e+00,9.596225566213013591e-01,2.921323363658848149e-01,0.000000000000000000e+00,1.000000000000000000e+00,0.000000000000000000e+00,-5.445754157402082907e-01,-9.596225566213013591e-01,0.000000000000000000e+00,-2.812908616069800805e-01,3.691246632693691021e-01,0.000000000000000000e+00,0.000000000000000000e+00,0.000000000000000000e+00,1.000000000000000000e+00
-2.836393273215619959e-01,0.000000000000000000e+00,9.589310361003922090e-01,2.944615162371863049e-01,0.000000000000000000e+00,1.000000000000000000e+00,0.000000000000000000e+00,-5.492510598324220616e-01,-9.589310361003922090e-01,0.000000000000000000e+00,-2.836393273215619959e-01,3.676481651852528953e-01,0.000000000000000000e+00,0.000000000000000000e+00,0.000000000000000000e+00,1.000000000000000000e+00
-2.859836119022319822e-01,0.000000000000000000e+00,9.582345087312152954e-01,2.967846167276015912e-01,0.000000000000000000e+00,1.000000000000000000e+00,0.000000000000000000e+00,-5.539217587493001638e-01,-9.582345087312152954e-01,0.000000000000000000e+00,-2.859836119022319822e-01,3.661675399680170973e-01,0.000000000000000000e+00,0.000000000000000000e+00,0.000000000000000000e+00,1.000000000000000000e+00
-2.883234721173954518e-01,0.000000000000000000e+00,9.575330675366618971e-01,2.991014032334250450e-01,0.000000000000000000e+00,1.000000000000000000e+00,0.000000000000000000e+00,-5.585870445239478066e-01,-9.575330675366618971e-01,0.000000000000000000e+00,-2.883234721173954518e-01,3.646829637176363104e-01,0.000000000000000000e+00,0.000000000000000000e+00,0.000000000000000000e+00,1.000000000000000000e+00
-2.906586659313722953e-01,0.000000000000000000e+00,9.568268076924867360e-01,3.014116431131147467e-01,0.000000000000000000e+00,1.000000000000000000e+00,0.000000000000000000e+00,-5.632464500082460246e-01,-9.568268076924867360e-01,0.000000000000000000e+00,-2.906586659313722953e-01,3.631946144951601063e-01,0.000000000000000000e+00,0.000000000000000000e+00,0.000000000000000000e+00,1.000000000000000000e+00
-2.929889525500920522e-01,0.000000000000000000e+00,9.561158264999067846e-01,3.037151057282925226e-01,0.000000000000000000e+00,1.000000000000000000e+00,0.000000000000000000e+00,-5.678995089440523891e-01,-9.561158264999067846e-01,0.000000000000000000e+00,-2.929889525500920522e-01,3.617026722788804216e-01,0.000000000000000000e+00,0.000000000000000000e+00,0.000000000000000000e+00,1.000000000000000000e+00
-2.953140924662985833e-01,0.000000000000000000e+00,9.554002233571051717e-01,3.060115624838725124e-01,0.000000000000000000e+00,1.000000000000000000e+00,0.000000000000000000e+00,-5.725457560343978347e-01,-9.554002233571051717e-01,0.000000000000000000e+00,-2.953140924662985833e-01,3.602073189194655578e-01,0.000000000000000000e+00,0.000000000000000000e+00,0.000000000000000000e+00,1.000000000000000000e+00
-2.976338475042527576e-01,0.000000000000000000e+00,9.546800997296503999e-01,3.083007868673101615e-01,0.000000000000000000e+00,1.000000000000000000e+00,0.000000000000000000e+00,-5.771847270146835962e-01,-9.546800997296503999e-01,0.000000000000000000e+00,-2.976338475042527576e-01,3.587087380940740533e-01,0.000000000000000000e+00,0.000000000000000000e+00,0.000000000000000000e+00,1.000000000000000000e+00
-2.999479808639250455e-01,0.000000000000000000e+00,9.539555591198440876e-01,3.105825544869677546e-01,0.000000000000000000e+00,1.000000000000000000e+00,0.000000000000000000e+00,-5.818159587238825869e-01,-9.539555591198440876e-01,0.000000000000000000e+00,-2.999479808639250455e-01,3.572071152594671339e-01,0.000000000000000000e+00,0.000000000000000000e+00,0.000000000000000000e+00,1.000000000000000000e+00
-3.022562571646615903e-01,0.000000000000000000e+00,9.532267070350105564e-01,3.128566431095805012e-01,0.000000000000000000e+00,1.000000000000000000e+00,0.000000000000000000e+00,-5.864389891757335604e-01,-9.532267070350105564e-01,0.000000000000000000e+00,-3.022562571646615903e-01,3.557026376041375060e-01,0.000000000000000000e+00,0.000000000000000000e+00,0.000000000000000000e+00,1.000000000000000000e+00
-3.045584424883193142e-01,0.000000000000000000e+00,9.524936509547394792e-01,3.151228326968240068e-01,0.000000000000000000e+00,1.000000000000000000e+00,0.000000000000000000e+00,-5.910533576299420444e-01,-9.524936509547394792e-01,0.000000000000000000e+00,-3.045584424883193142e-01,3.541954939994695351e-01,0.000000000000000000e+00,0.000000000000000000e+00,0.000000000000000000e+00,1.000000000000000000e+00
-3.068543044218550730e-01,0.000000000000000000e+00,9.517565002970977961e-01,3.173809054409717501e-01,0.000000000000000000e+00,1.000000000000000000e+00,0.000000000000000000e+00,-5.956586046633762788e-01,-9.517565002970977961e-01,0.000000000000000000e+00,-3.068543044218550730e-01,3.526858749499515167e-01,0.000000000000000000e+00,0.000000000000000000e+00,0.000000000000000000e+00,1.000000000000000000e+00
-3.091436120993637515e-01,0.000000000000000000e+00,9.510153663838235572e-01,3.196306457996388461e-01,0.000000000000000000e+00,1.000000000000000000e+00,0.000000000000000000e+00,-6.002542722412670395e-01,-9.510153663838235572e-01,0.000000000000000000e+00,-3.091436120993637515e-01,3.511739725424565806e-01,0.000000000000000000e+00,0.000000000000000000e+00,0.000000000000000000e+00,1.000000000000000000e+00
-3.114261362435519209e-01,0.000000000000000000e+00,9.502703624045173436e-01,3.218718405296051022e-01,0.000000000000000000e+00,1.000000000000000000e+00,0.000000000000000000e+00,-6.048399037884046869e-01,-9.502703624045173436e-01,0.000000000000000000e+00,-3.114261362435519209e-01,3.496599803946128238e-01,0.000000000000000000e+00,0.000000000000000000e+00,0.000000000000000000e+00,1.000000000000000000e+00
-3.137016492066406204e-01,0.000000000000000000e+00,9.495216033798461464e-01,3.241042787197135899e-01,0.000000000000000000e+00,1.000000000000000000e+00,0.000000000000000000e+00,-6.094150442603367690e-01,-9.495216033798461464e-01,0.000000000000000000e+00,-3.137016492066406204e-01,3.481440936022803800e-01,0.000000000000000000e+00,0.000000000000000000e+00,0.000000000000000000e+00,1.000000000000000000e+00
-3.159699250106899338e-01,0.000000000000000000e+00,9.487692061237753549e-01,3.263277518228416829e-01,0.000000000000000000e+00,1.000000000000000000e+00,0.000000000000000000e+00,-6.139792402145671790e-01,-9.487692061237753549e-01,0.000000000000000000e+00,-3.159699250106899338e-01,3.466265086861555211e-01,0.000000000000000000e+00,0.000000000000000000e+00,0.000000000000000000e+00,1.000000000000000000e+00
-3.182307393873346490e-01,0.000000000000000000e+00,9.480132892048456217e-01,3.285420536869388397e-01,0.000000000000000000e+00,1.000000000000000000e+00,0.000000000000000000e+00,-6.185320398817535370e-01,-9.480132892048456217e-01,0.000000000000000000e+00,-3.182307393873346490e-01,3.451074235375225507e-01,0.000000000000000000e+00,0.000000000000000000e+00,0.000000000000000000e+00,1.000000000000000000e+00
-3.204838698169263922e-01,0.000000000000000000e+00,9.472539729065101444e-01,3.307469805851300237e-01,0.000000000000000000e+00,1.000000000000000000e+00,0.000000000000000000e+00,-6.230729932369061252e-01,-9.472539729065101444e-01,0.000000000000000000e+00,-3.204838698169263922e-01,3.435870373631719765e-01,0.000000000000000000e+00,0.000000000000000000e+00,0.000000000000000000e+00,1.000000000000000000e+00
-3.227290955670724659e-01,0.000000000000000000e+00,9.464913791865509074e-01,3.329423312448803740e-01,0.000000000000000000e+00,1.000000000000000000e+00,0.000000000000000000e+00,-6.276016520705833823e-01,-9.464913791865509074e-01,0.000000000000000000e+00,-3.227290955670724659e-01,3.420655506295083859e-01,0.000000000000000000e+00,0.000000000000000000e+00,0.000000000000000000e+00,1.000000000000000000e+00
-3.249661977305702276e-01,0.000000000000000000e+00,9.457256316355902026e-01,3.351279068762257896e-01,0.000000000000000000e+00,1.000000000000000000e+00,0.000000000000000000e+00,-6.321175700600940583e-01,-9.457256316355902026e-01,0.000000000000000000e+00,-3.249661977305702276e-01,3.405431650058650117e-01,0.000000000000000000e+00,0.000000000000000000e+00,0.000000000000000000e+00,1.000000000000000000e+00
-3.271949592627226844e-01,0.000000000000000000e+00,9.449568554347151927e-01,3.373035111990570489e-01,0.000000000000000000e+00,1.000000000000000000e+00,0.000000000000000000e+00,-6.366203028406904885e-01,-9.449568554347151927e-01,0.000000000000000000e+00,-3.271949592627226844e-01,3.390200833070509123e-01,0.000000000000000000e+00,0.000000000000000000e+00,0.000000000000000000e+00,1.000000000000000000e+00
-3.294151650180403013e-01,0.000000000000000000e+00,9.441851773122353908e-01,3.394689504694725635e-01,0.000000000000000000e+00,1.000000000000000000e+00,0.000000000000000000e+00,-6.411094080767708592e-01,-9.441851773122353908e-01,0.000000000000000000e+00,-3.294151650180403013e-01,3.374965094351469741e-01,0.000000000000000000e+00,0.000000000000000000e+00,0.000000000000000000e+00,1.000000000000000000e+00
-3.316266017863144788e-01,0.000000000000000000e+00,9.434107254995891534e-01,3.416240335051851096e-01,0.000000000000000000e+00,1.000000000000000000e+00,0.000000000000000000e+00,-6.455844455330745912e-01,-9.434107254995891534e-01,0.000000000000000000e+00,-3.316266017863144788e-01,3.359726483205774938e-01,0.000000000000000000e+00,0.000000000000000000e+00,0.000000000000000000e+00,1.000000000000000000e+00
-3.338290583280646429e-01,0.000000000000000000e+00,9.426336296864215036e-01,3.437685717099945304e-01,0.000000000000000000e+00,1.000000000000000000e+00,0.000000000000000000e+00,-6.500449771458808312e-01,-9.426336296864215036e-01,0.000000000000000000e+00,-3.338290583280646429e-01,3.344487058624760478e-01,0.000000000000000000e+00,0.000000000000000000e+00,0.000000000000000000e+00,1.000000000000000000e+00
-3.360223254093542833e-01,0.000000000000000000e+00,9.418540209748482717e-01,3.459023790973243528e-01,0.000000000000000000e+00,1.000000000000000000e+00,0.000000000000000000e+00,-6.544905670942087195e-01,-9.418540209748482717e-01,0.000000000000000000e+00,-3.360223254093542833e-01,3.329248888683676300e-01,0.000000000000000000e+00,0.000000000000000000e+00,0.000000000000000000e+00,1.000000000000000000e+00
-3.382061958359678933e-01,0.000000000000000000e+00,9.410720318329319767e-01,3.480252723128229309e-01,0.000000000000000000e+00,1.000000000000000000e+00,0.000000000000000000e+00,-6.589207818710116626e-01,-9.410720318329319767e-01,0.000000000000000000e+00,-3.382061958359678933e-01,3.314014049931935380e-01,0.000000000000000000e+00,0.000000000000000000e+00,0.000000000000000000e+00,1.000000000000000000e+00
-3.403804644869534157e-01,0.000000000000000000e+00,9.402877960473834396e-01,3.501370706560363311e-01,0.000000000000000000e+00,1.000000000000000000e+00,0.000000000000000000e+00,-6.633351903543781569e-01,-9.402877960473834396e-01,0.000000000000000000e+00,-3.403804644869534157e-01,3.298784626776951057e-01,0.000000000000000000e+00,0.000000000000000000e+00,0.000000000000000000e+00,1.000000000000000000e+00
-3.425449283475222595e-01,0.000000000000000000e+00,9.395014486755147720e-01,3.522375961011543488e-01,0.000000000000000000e+00,1.000000000000000000e+00,0.000000000000000000e+00,-6.677333638787283920e-01,-9.395014486755147720e-01,0.000000000000000000e+00,-3.425449283475222595e-01,3.283562710861855360e-01,0.000000000000000000e+00,0.000000000000000000e+00,0.000000000000000000e+00,1.000000000000000000e+00
-3.446993865413082725e-01,0.000000000000000000e+00,9.387131259964599517e-01,3.543266733168353722e-01,0.000000000000000000e+00,1.000000000000000000e+00,0.000000000000000000e+00,-6.721148763060134090e-01,-9.387131259964599517e-01,0.000000000000000000e+00,-3.446993865413082725e-01,3.268350400437270986e-01,0.000000000000000000e+00,0.000000000000000000e+00,0.000000000000000000e+00,1.000000000000000000e+00
-3.468436403619831188e-01,0.000000000000000000e+00,9.379229654616882961e-01,3.564041296851145346e-01,0.000000000000000000e+00,1.000000000000000000e+00,0.000000000000000000e+00,-6.764793040969130367e-01,-9.379229654616882961e-01,0.000000000000000000e+00,-3.468436403619831188e-01,3.253149799727418356e-01,0.000000000000000000e+00,0.000000000000000000e+00,0.000000000000000000e+00,1.000000000000000000e+00
-3.489774933042266714e-01,0.000000000000000000e+00,9.371311056448283772e-01,3.584697953194003750e-01,0.000000000000000000e+00,1.000000000000000000e+00,0.000000000000000000e+00,-6.808262263820317184e-01,-9.371311056448283772e-01,0.000000000000000000e+00,-3.489774933042266714e-01,3.237963018290753725e-01,0.000000000000000000e+00,0.000000000000000000e+00,0.000000000000000000e+00,1.000000000000000000e+00
-3.511007510940575282e-01,0.000000000000000000e+00,9.363376861908254689e-01,3.605235030815716613e-01,0.000000000000000000e+00,1.000000000000000000e+00,0.000000000000000000e+00,-6.851552250331007787e-01,-9.363376861908254689e-01,0.000000000000000000e+00,-3.511007510940575282e-01,3.222792170375372578e-01,0.000000000000000000e+00,0.000000000000000000e+00,0.000000000000000000e+00,1.000000000000000000e+00
-3.532132217185149914e-01,0.000000000000000000e+00,9.355428477644555096e-01,3.625650885981726024e-01,0.000000000000000000e+00,1.000000000000000000e+00,0.000000000000000000e+00,-6.894658847341713637e-01,-9.355428477644555096e-01,0.000000000000000000e+00,-3.532132217185149914e-01,3.207639374269451449e-01,0.000000000000000000e+00,0.000000000000000000e+00,0.000000000000000000e+00,1.000000000000000000e+00
-3.553147154547051656e-01,0.000000000000000000e+00,9.347467319982145639e-01,3.645943902757260990e-01,0.000000000000000000e+00,1.000000000000000000e+00,0.000000000000000000e+00,-6.937577930528179282e-01,-9.347467319982145639e-01,0.000000000000000000e+00,-3.553147154547051656e-01,3.192506751646896901e-01,0.000000000000000000e+00,0.000000000000000000e+00,0.000000000000000000e+00,1.000000000000000000e+00
-3.574050448982001305e-01,0.000000000000000000e+00,9.339494814396095412e-01,3.666112493151602036e-01,0.000000000000000000e+00,1.000000000000000000e+00,0.000000000000000000e+00,-6.980305405113301775e-01,-9.339494814396095412e-01,0.000000000000000000e+00,-3.574050448982001305e-01,3.177396426908514759e-01,0.000000000000000000e+00,0.000000000000000000e+00,0.000000000000000000e+00,1.000000000000000000e+00
-3.594840249908063945e-01,0.000000000000000000e+00,9.331512394978690450e-01,3.686155097253728252e-01,0.000000000000000000e+00,1.000000000000000000e+00,0.000000000000000000e+00,-7.022837206579178870e-01,-9.331512394978690450e-01,0.000000000000000000e+00,-3.594840249908063945e-01,3.162310526518852805e-01,0.000000000000000000e+00,0.000000000000000000e+00,0.000000000000000000e+00,1.000000000000000000e+00
-3.615514730476913630e-01,0.000000000000000000e+00,9.323521503901004426e-01,3.706070183359286285e-01,0.000000000000000000e+00,1.000000000000000000e+00,0.000000000000000000e+00,-7.065169301379026212e-01,-9.323521503901004426e-01,0.000000000000000000e+00,-3.615514730476913630e-01,3.147251178339038336e-01,0.000000000000000000e+00,0.000000000000000000e+00,0.000000000000000000e+00,1.000000000000000000e+00
-3.636072087838828071e-01,0.000000000000000000e+00,9.315523590869134729e-01,3.725856248089126632e-01,0.000000000000000000e+00,1.000000000000000000e+00,0.000000000000000000e+00,-7.107297687649201112e-01,-9.315523590869134729e-01,0.000000000000000000e+00,-3.636072087838828071e-01,3.132220510955770476e-01,0.000000000000000000e+00,0.000000000000000000e+00,0.000000000000000000e+00,1.000000000000000000e+00
-3.656510543401385593e-01,0.000000000000000000e+00,9.307520112575341509e-01,3.745511816499427771e-01,0.000000000000000000e+00,1.000000000000000000e+00,0.000000000000000000e+00,-7.149218395921159708e-01,-9.307520112575341509e-01,0.000000000000000000e+00,-3.656510543401385593e-01,3.117220653006757547e-01,0.000000000000000000e+00,0.000000000000000000e+00,0.000000000000000000e+00,1.000000000000000000e+00
-3.676828343081925965e-01,0.000000000000000000e+00,9.299512532144328381e-01,3.765035442183572445e-01,0.000000000000000000e+00,1.000000000000000000e+00,0.000000000000000000e+00,-7.190927489833445208e-01,-9.299512532144328381e-01,0.000000000000000000e+00,-3.676828343081925965e-01,3.102253732502814332e-01,0.000000000000000000e+00,0.000000000000000000e+00,0.000000000000000000e+00,1.000000000000000000e+00
-3.697023757553851153e-01,0.000000000000000000e+00,9.291502318574881292e-01,3.784425707365909330e-01,0.000000000000000000e+00,1.000000000000000000e+00,0.000000000000000000e+00,-7.232421066843681690e-01,-9.291502318574881292e-01,0.000000000000000000e+00,-3.697023757553851153e-01,3.087321876146844613e-01,0.000000000000000000e+00,0.000000000000000000e+00,0.000000000000000000e+00,1.000000000000000000e+00
-3.717095082486762680e-01,0.000000000000000000e+00,9.283490946177128667e-01,3.803681222987480570e-01,0.000000000000000000e+00,1.000000000000000000e+00,0.000000000000000000e+00,-7.273695258940521269e-01,-9.283490946177128667e-01,0.000000000000000000e+00,-3.717095082486762680e-01,3.072427208649990416e-01,0.000000000000000000e+00,0.000000000000000000e+00,0.000000000000000000e+00,1.000000000000000000e+00
-3.737040638780580459e-01,0.000000000000000000e+00,9.275479894005616011e-01,3.822800628783944998e-01,0.000000000000000000e+00,1.000000000000000000e+00,0.000000000000000000e+00,-7.314746233355662319e-01,-9.275479894005616011e-01,0.000000000000000000e+00,-3.737040638780580459e-01,3.057571852045112282e-01,0.000000000000000000e+00,0.000000000000000000e+00,0.000000000000000000e+00,1.000000000000000000e+00
-3.756858772793623125e-01,0.000000000000000000e+00,9.267470645288475861e-01,3.841782593355733688e-01,0.000000000000000000e+00,1.000000000000000000e+00,0.000000000000000000e+00,-7.355570193275796642e-01,-9.267470645288475861e-01,0.000000000000000000e+00,-3.756858772793623125e-01,3.042757924997913088e-01,0.000000000000000000e+00,0.000000000000000000e+00,0.000000000000000000e+00,1.000000000000000000e+00
-3.776547856564794747e-01,0.000000000000000000e+00,9.259464686852899584e-01,3.860625814230698172e-01,0.000000000000000000e+00,1.000000000000000000e+00,0.000000000000000000e+00,-7.396163378554605483e-01,-9.259464686852899584e-01,0.000000000000000000e+00,-3.776547856564794747e-01,3.027987542115881947e-01,0.000000000000000000e+00,0.000000000000000000e+00,0.000000000000000000e+00,1.000000000000000000e+00
-3.796106288029921227e-01,0.000000000000000000e+00,9.251463508547158598e-01,3.879329017919337930e-01,0.000000000000000000e+00,1.000000000000000000e+00,0.000000000000000000e+00,-7.436522066424757771e-01,-9.251463508547158598e-01,0.000000000000000000e+00,-3.796106288029921227e-01,3.013262813255310757e-01,0.000000000000000000e+00,0.000000000000000000e+00,0.000000000000000000e+00,1.000000000000000000e+00
-3.815532491232315193e-01,0.000000000000000000e+00,9.243468602659421496e-01,3.897890959962788671e-01,0.000000000000000000e+00,1.000000000000000000e+00,0.000000000000000000e+00,-7.476642572209857285e-01,-9.243468602659421496e-01,0.000000000000000000e+00,-3.815532491232315193e-01,2.998585842826633208e-01,0.000000000000000000e+00,0.000000000000000000e+00,0.000000000000000000e+00,1.000000000000000000e+00
-3.834824916527666550e-01,0.000000000000000000e+00,9.235481463333602425e-01,3.916310424973753479e-01,0.000000000000000000e+00,1.000000000000000000e+00,0.000000000000000000e+00,-7.516521250036437563e-01,-9.235481463333602425e-01,0.000000000000000000e+00,-3.834824916527666550e-01,2.983958729098304397e-01,0.000000000000000000e+00,0.000000000000000000e+00,0.000000000000000000e+00,1.000000000000000000e+00
-3.853982040783376362e-01,0.000000000000000000e+00,9.227503585982462786e-01,3.934586226670548359e-01,0.000000000000000000e+00,1.000000000000000000e+00,0.000000000000000000e+00,-7.556154493545941264e-01,-9.227503585982462786e-01,0.000000000000000000e+00,-3.853982040783376362e-01,2.969383563499427003e-01,0.000000000000000000e+00,0.000000000000000000e+00,0.000000000000000000e+00,1.000000000000000000e+00
-3.873002367572394022e-01,0.000000000000000000e+00,9.219536466698238231e-01,3.952717207904448138e-01,0.000000000000000000e+00,1.000000000000000000e+00,0.000000000000000000e+00,-7.595538736606710639e-01,-9.219536466698238231e-01,0.000000000000000000e+00,-3.873002367572394022e-01,2.954862429921398803e-01,0.000000000000000000e+00,0.000000000000000000e+00,0.000000000000000000e+00,1.000000000000000000e+00
-3.891884427361686494e-01,0.000000000000000000e+00,9.211581601661008589e-01,3.970702240680503703e-01,0.000000000000000000e+00,1.000000000000000000e+00,0.000000000000000000e+00,-7.634670454025954678e-01,-9.211581601661008589e-01,0.000000000000000000e+00,-3.891884427361686494e-01,2.940397404018785243e-01,0.000000000000000000e+00,0.000000000000000000e+00,0.000000000000000000e+00,1.000000000000000000e+00
-3.910626777695442313e-01,0.000000000000000000e+00,9.203640486545058286e-01,3.988540226172040959e-01,0.000000000000000000e+00,1.000000000000000000e+00,0.000000000000000000e+00,-7.673546162261731807e-01,-9.203640486545058286e-01,0.000000000000000000e+00,-3.910626777695442313e-01,2.925990552509636355e-01,0.000000000000000000e+00,0.000000000000000000e+00,0.000000000000000000e+00,1.000000000000000000e+00
-3.929228003373119171e-01,0.000000000000000000e+00,9.195714615923468171e-01,4.006230094729026914e-01,0.000000000000000000e+00,1.000000000000000000e+00,0.000000000000000000e+00,-7.712162420134922591e-01,-9.195714615923468171e-01,0.000000000000000000e+00,-3.929228003373119171e-01,2.911643932475497243e-01,0.000000000000000000e+00,0.000000000000000000e+00,0.000000000000000000e+00,1.000000000000000000e+00
-3.947686716622496594e-01,0.000000000000000000e+00,9.187805482671164148e-01,4.023770805880550472e-01,0.000000000000000000e+00,1.000000000000000000e+00,0.000000000000000000e+00,-7.750515829541256840e-01,-9.187805482671164148e-01,0.000000000000000000e+00,-3.947686716622496594e-01,2.897359590661285345e-01,0.000000000000000000e+00,0.000000000000000000e+00,0.000000000000000000e+00,1.000000000000000000e+00
-3.966001557267743727e-01,0.000000000000000000e+00,9.179914577366710127e-01,4.041161348331507863e-01,0.000000000000000000e+00,1.000000000000000000e+00,0.000000000000000000e+00,-7.788603036163199711e-01,-9.179914577366710127e-01,0.000000000000000000e+00,-3.966001557267743727e-01,2.883139562775356435e-01,0.000000000000000000e+00,0.000000000000000000e+00,0.000000000000000000e+00,1.000000000000000000e+00
-3.984171192892824176e-01,0.000000000000000000e+00,9.172043387693005201e-01,4.058400739953907932e-01,0.000000000000000000e+00,1.000000000000000000e+00,0.000000000000000000e+00,-7.826420730182048757e-01,-9.172043387693005201e-01,0.000000000000000000e+00,-3.984171192892824176e-01,2.868985872789828750e-01,0.000000000000000000e+00,0.000000000000000000e+00,0.000000000000000000e+00,1.000000000000000000e+00
-4.002194319000129674e-01,0.000000000000000000e+00,9.164193397837209210e-01,4.075488027772764532e-01,0.000000000000000000e+00,1.000000000000000000e+00,0.000000000000000000e+00,-7.863965646989796721e-01,-9.164193397837209210e-01,0.000000000000000000e+00,-4.002194319000129674e-01,2.854900532241550493e-01,0.000000000000000000e+00,0.000000000000000000e+00,0.000000000000000000e+00,1.000000000000000000e+00
-4.020069659164736686e-01,0.000000000000000000e+00,9.156366087890059902e-01,4.092422287947062864e-01,0.000000000000000000e+00,1.000000000000000000e+00,0.000000000000000000e+00,-7.901234567901231909e-01,-9.156366087890059902e-01,0.000000000000000000e+00,-4.020069659164736686e-01,2.840885539533758442e-01,0.000000000000000000e+00,0.000000000000000000e+00,0.000000000000000000e+00,1.000000000000000000e+00
-4.037795965184177160e-01,0.000000000000000000e+00,9.148562933244891449e-01,4.109202625745774218e-01,0.000000000000000000e+00,1.000000000000000000e+00,0.000000000000000000e+00,-7.938224320865807648e-01,-9.148562933244891449e-01,0.000000000000000000e+00,-4.037795965184177160e-01,2.826942879238812378e-01,0.000000000000000000e+00,0.000000000000000000e+00,0.000000000000000000e+00,1.000000000000000000e+00
-4.055372017224084802e-01,0.000000000000000000e+00,9.140785403996521952e-01,4.125828175519364871e-01,0.000000000000000000e+00,1.000000000000000000e+00,0.000000000000000000e+00,-7.974931781179688262e-01,-9.140785403996521952e-01,0.000000000000000000e+00,-4.055372017224084802e-01,2.813074521402055272e-01,0.000000000000000000e+00,0.000000000000000000e+00,0.000000000000000000e+00,1.000000000000000000e+00
-4.072796623959732409e-01,0.000000000000000000e+00,9.133034964340288608e-01,4.142298100666897964e-01,0.000000000000000000e+00,1.000000000000000000e+00,0.000000000000000000e+00,-8.011353872197715109e-01,-9.133034964340288608e-01,0.000000000000000000e+00,-4.072796623959732409e-01,2.799282420847115649e-01,0.000000000000000000e+00,0.000000000000000000e+00,0.000000000000000000e+00,1.000000000000000000e+00
-4.090068622713660118e-01,0.000000000000000000e+00,9.125313071971459244e-01,4.158611593599017553e-01,0.000000000000000000e+00,1.000000000000000000e+00,0.000000000000000000e+00,-8.047487566045381513e-01,-9.125313071971459244e-01,0.000000000000000000e+00,-4.090068622713660118e-01,2.785568516482821999e-01,0.000000000000000000e+00,0.000000000000000000e+00,0.000000000000000000e+00,1.000000000000000000e+00
-4.107186879589564410e-01,0.000000000000000000e+00,9.117621177485240036e-01,4.174767875697076858e-01,0.000000000000000000e+00,1.000000000000000000e+00,0.000000000000000000e+00,-8.083329884330822113e-01,-9.117621177485240036e-01,0.000000000000000000e+00,-4.107186879589564410e-01,2.771934730611924635e-01,0.000000000000000000e+00,0.000000000000000000e+00,0.000000000000000000e+00,1.000000000000000000e+00
-4.124150289602576125e-01,0.000000000000000000e+00,9.109960723777627001e-01,4.190766197268600002e-01,0.000000000000000000e+00,1.000000000000000000e+00,0.000000000000000000e+00,-8.118877898856784459e-01,-9.109960723777627001e-01,0.000000000000000000e+00,-4.124150289602576125e-01,2.758382968241848143e-01,0.000000000000000000e+00,0.000000000000000000e+00,0.000000000000000000e+00,1.000000000000000000e+00
-4.140957776806118984e-01,0.000000000000000000e+00,9.102333145447321083e-01,4.206605837499393097e-01,0.000000000000000000e+00,1.000000000000000000e+00,0.000000000000000000e+00,-8.154128732332587282e-01,-9.102333145447321083e-01,0.000000000000000000e+00,-4.140957776806118984e-01,2.744915116397656507e-01,0.000000000000000000e+00,0.000000000000000000e+00,0.000000000000000000e+00,1.000000000000000000e+00
-4.157608294415548467e-01,0.000000000000000000e+00,9.094739868198926658e-01,4.222286104402539486e-01,0.000000000000000000e+00,1.000000000000000000e+00,0.000000000000000000e+00,-8.189079559086182014e-01,-9.094739868198926658e-01,0.000000000000000000e+00,-4.157608294415548467e-01,2.731533043437406882e-01,0.000000000000000000e+00,0.000000000000000000e+00,0.000000000000000000e+00,1.000000000000000000e+00
-4.174100824928633213e-01,0.000000000000000000e+00,9.087182308247705453e-01,4.237806334764479543e-01,0.000000000000000000e+00,1.000000000000000000e+00,0.000000000000000000e+00,-8.223727605776036675e-01,-9.087182308247705453e-01,0.000000000000000000e+00,-4.174100824928633213e-01,2.718238598370161796e-01,0.000000000000000000e+00,0.000000000000000000e+00,0.000000000000000000e+00,1.000000000000000000e+00
-4.190434380243179269e-01,0.000000000000000000e+00,9.079661871726059097e-01,4.253165894088521415e-01,0.000000000000000000e+00,1.000000000000000000e+00,0.000000000000000000e+00,-8.258070152103145212e-01,-9.079661871726059097e-01,0.000000000000000000e+00,-4.190434380243179269e-01,2.705033610176762471e-01,0.000000000000000000e+00,0.000000000000000000e+00,0.000000000000000000e+00,1.000000000000000000e+00
-4.206608001771934280e-01,0.000000000000000000e+00,9.072179954091977860e-01,4.268364176536015298e-01,0.000000000000000000e+00,1.000000000000000000e+00,0.000000000000000000e+00,-8.292104531523054600e-01,-9.072179954091977860e-01,0.000000000000000000e+00,-4.206608001771934280e-01,2.691919887133574774e-01,0.000000000000000000e+00,0.000000000000000000e+00,0.000000000000000000e+00,1.000000000000000000e+00
-4.222620760554908759e-01,0.000000000000000000e+00,9.064737939539713185e-01,4.283400604865421624e-01,0.000000000000000000e+00,1.000000000000000000e+00,0.000000000000000000e+00,-8.325828131957798695e-01,-9.064737939539713185e-01,0.000000000000000000e+00,-4.222620760554908759e-01,2.678899216139437600e-01,0.000000000000000000e+00,0.000000000000000000e+00,0.000000000000000000e+00,1.000000000000000000e+00
-4.238471757369333126e-01,0.000000000000000000e+00,9.057337200412851619e-01,4.298274630369560700e-01,0.000000000000000000e+00,1.000000000000000000e+00,0.000000000000000000e+00,-8.359238396507866486e-01,-9.057337200412851619e-01,0.000000000000000000e+00,-4.238471757369333126e-01,2.665973362045955808e-01,0.000000000000000000e+00,0.000000000000000000e+00,0.000000000000000000e+00,1.000000000000000000e+00
-4.254160122837482017e-01,0.000000000000000000e+00,9.049979096620023311e-01,4.312985732811369100e-01,0.000000000000000000e+00,1.000000000000000000e+00,0.000000000000000000e+00,-8.392332824164236982e-01,-9.049979096620023311e-01,0.000000000000000000e+00,-4.254160122837482017e-01,2.653144066991292016e-01,0.000000000000000000e+00,0.000000000000000000e+00,0.000000000000000000e+00,1.000000000000000000e+00
-4.269685017532456883e-01,0.000000000000000000e+00,9.042664975053474885e-01,4.327533420358339877e-01,0.000000000000000000e+00,1.000000000000000000e+00,0.000000000000000000e+00,-8.425108970520311935e-01,-9.042664975053474885e-01,0.000000000000000000e+00,-4.269685017532456883e-01,2.640413049737709850e-01,0.000000000000000000e+00,0.000000000000000000e+00,0.000000000000000000e+00,1.000000000000000000e+00
-4.285045632082201128e-01,0.000000000000000000e+00,9.035396169010700973e-01,4.341917229515976917e-01,0.000000000000000000e+00,1.000000000000000000e+00,0.000000000000000000e+00,-8.457564448483920749e-01,-9.035396169010700973e-01,0.000000000000000000e+00,-4.285045632082201128e-01,2.627782005012961886e-01,0.000000000000000000e+00,0.000000000000000000e+00,0.000000000000000000e+00,1.000000000000000000e+00
-4.300241187271903187e-01,0.000000000000000000e+00,9.028173997619359792e-01,4.356136725060545389e-01,0.000000000000000000e+00,1.000000000000000000e+00,0.000000000000000000e+00,-8.489696928989287628e-01,-9.028173997619359792e-01,0.000000000000000000e+00,-4.300241187271903187e-01,2.615252602855744346e-01,0.000000000000000000e+00,0.000000000000000000e+00,0.000000000000000000e+00,1.000000000000000000e+00
-4.315270934144984083e-01,0.000000000000000000e+00,9.020999765265681480e-01,4.370191499971352034e-01,0.000000000000000000e+00,1.000000000000000000e+00,0.000000000000000000e+00,-8.521504141709008717e-01,-9.020999765265681480e-01,0.000000000000000000e+00,-4.315270934144984083e-01,2.602826487965369529e-01,0.000000000000000000e+00,0.000000000000000000e+00,0.000000000000000000e+00,1.000000000000000000e+00
-4.330134154102890931e-01,0.000000000000000000e+00,9.013874761026561266e-01,4.384081175362881666e-01,0.000000000000000000e+00,1.000000000000000000e+00,0.000000000000000000e+00,-8.552983875766050348e-01,-9.013874761026561266e-01,0.000000000000000000e+00,-4.330134154102890931e-01,2.590505279055795862e-01,0.000000000000000000e+00,0.000000000000000000e+00,0.000000000000000000e+00,1.000000000000000000e+00
-4.344830159003861825e-01,0.000000000000000000e+00,9.006800258105565060e-01,4.397805400417034716e-01,0.000000000000000000e+00,1.000000000000000000e+00,0.000000000000000000e+00,-8.584133980445733947e-01,-9.006800258105565060e-01,0.000000000000000000e+00,-4.344830159003861825e-01,2.578290568214220979e-01,0.000000000000000000e+00,0.000000000000000000e+00,0.000000000000000000e+00,1.000000000000000000e+00
-4.359358291260862495e-01,0.000000000000000000e+00,8.999777513273046203e-01,4.411363852315733358e-01,0.000000000000000000e+00,1.000000000000000000e+00,0.000000000000000000e+00,-8.614952365907672105e-01,-8.999777513273046203e-01,0.000000000000000000e+00,-4.359358291260862495e-01,2.566183920264373253e-01,0.000000000000000000e+00,0.000000000000000000e+00,0.000000000000000000e+00,1.000000000000000000e+00
-4.373717923938944541e-01,0.000000000000000000e+00,8.992807766310542128e-01,4.424756236174234303e-01,0.000000000000000000e+00,1.000000000000000000e+00,0.000000000000000000e+00,-8.645437003897797901e-01,-8.992807766310542128e-01,0.000000000000000000e+00,-4.373717923938944541e-01,2.554186872134632802e-01,0.000000000000000000e+00,0.000000000000000000e+00,0.000000000000000000e+00,1.000000000000000000e+00
-4.387908460852154580e-01,0.000000000000000000e+00,8.985892239459700725e-01,4.437982284975354741e-01,0.000000000000000000e+00,1.000000000000000000e+00,0.000000000000000000e+00,-8.675585928460320950e-01,-8.985892239459700725e-01,0.000000000000000000e+00,-4.387908460852154580e-01,2.542300932231180699e-01,0.000000000000000000e+00,0.000000000000000000e+00,0.000000000000000000e+00,1.000000000000000000e+00
-4.401929336660260761e-01,0.000000000000000000e+00,8.979032136875876313e-01,4.451041759504947848e-01,0.000000000000000000e+00,1.000000000000000000e+00,0.000000000000000000e+00,-8.705397236649721204e-01,-8.979032136875876313e-01,0.000000000000000000e+00,-4.401929336660260761e-01,2.530527579816271855e-01,0.000000000000000000e+00,0.000000000000000000e+00,0.000000000000000000e+00,1.000000000000000000e+00
-4.415780016965451527e-01,0.000000000000000000e+00,8.972228644086629457e-01,4.463934448288869872e-01,0.000000000000000000e+00,1.000000000000000000e+00,0.000000000000000000e+00,-8.734869089242727203e-01,-8.972228644086629457e-01,0.000000000000000000e+00,-4.415780016965451527e-01,2.518868264391828093e-01,0.000000000000000000e+00,0.000000000000000000e+00,0.000000000000000000e+00,1.000000000000000000e+00
-4.429459998409221444e-01,0.000000000000000000e+00,8.965482927455307172e-01,4.476660167531719692e-01,0.000000000000000000e+00,1.000000000000000000e+00,0.000000000000000000e+00,-8.763999711450254360e-01,-8.965482927455307172e-01,0.000000000000000000e+00,-4.429459998409221444e-01,2.507324405088470209e-01,0.000000000000000000e+00,0.000000000000000000e+00,0.000000000000000000e+00,1.000000000000000000e+00
-4.442968808769702793e-01,0.000000000000000000e+00,8.958796133649851168e-01,4.489218761057683360e-01,0.000000000000000000e+00,1.000000000000000000e+00,0.000000000000000000e+00,-8.792787393629462045e-01,-8.958796133649851168e-01,0.000000000000000000e+00,-4.442968808769702793e-01,2.495897390060078935e-01,0.000000000000000000e+00,0.000000000000000000e+00,0.000000000000000000e+00,1.000000000000000000e+00
-4.456306007059540608e-01,0.000000000000000000e+00,8.952169389117089482e-01,4.501610100253666258e-01,0.000000000000000000e+00,1.000000000000000000e+00,0.000000000000000000e+00,-8.821230491995680767e-01,-8.952169389117089482e-01,0.000000000000000000e+00,-4.456306007059540608e-01,2.484588575884118522e-01,0.000000000000000000e+00,0.000000000000000000e+00,0.000000000000000000e+00,1.000000000000000000e+00
-4.469471183624595945e-01,0.000000000000000000e+00,8.945603799562629188e-01,4.513834084015055925e-01,0.000000000000000000e+00,1.000000000000000000e+00,0.000000000000000000e+00,-8.849327429334383766e-01,-8.945603799562629188e-01,0.000000000000000000e+00,-4.469471183624595945e-01,2.473399286967780664e-01,0.000000000000000000e+00,0.000000000000000000e+00,0.000000000000000000e+00,1.000000000000000000e+00
-4.482463960243685541e-01,0.000000000000000000e+00,8.939100449436536699e-01,4.525890638694404777e-01,0.000000000000000000e+00,1.000000000000000000e+00,0.000000000000000000e+00,-8.877076695713232990e-01,-8.939100449436536699e-01,0.000000000000000000e+00,-4.482463960243685541e-01,2.462330814960066450e-01,0.000000000000000000e+00,0.000000000000000000e+00,0.000000000000000000e+00,1.000000000000000000e+00
-4.495283990229465565e-01,0.000000000000000000e+00,8.932660401425023267e-01,4.537779718053198685e-01,0.000000000000000000e+00,1.000000000000000000e+00,0.000000000000000000e+00,-8.904476849193974086e-01,-8.932660401425023267e-01,0.000000000000000000e+00,-4.495283990229465565e-01,2.451384418170023394e-01,0.000000000000000000e+00,0.000000000000000000e+00,0.000000000000000000e+00,1.000000000000000000e+00
-4.507930958530785848e-01,0.000000000000000000e+00,8.926284695948236703e-01,4.549501303217134418e-01,0.000000000000000000e+00,1.000000000000000000e+00,0.000000000000000000e+00,-8.931526516544472383e-01,-8.926284695948236703e-01,0.000000000000000000e+00,-4.507930958530785848e-01,2.440561320991134209e-01,0.000000000000000000e+00,0.000000000000000000e+00,0.000000000000000000e+00,1.000000000000000000e+00
-4.520404581836630631e-01,0.000000000000000000e+00,8.919974350664378049e-01,4.561055402635048051e-01,0.000000000000000000e+00,1.000000000000000000e+00,0.000000000000000000e+00,-8.958224393950695585e-01,-8.919974350664378049e-01,0.000000000000000000e+00,-4.520404581836630631e-01,2.429862713332067714e-01,0.000000000000000000e+00,0.000000000000000000e+00,0.000000000000000000e+00,1.000000000000000000e+00
-4.532704608681851766e-01,0.000000000000000000e+00,8.913730359980287510e-01,4.572442052041807981e-01,0.000000000000000000e+00,1.000000000000000000e+00,0.000000000000000000e+00,-8.984569247728646513e-01,-8.913730359980287510e-01,0.000000000000000000e+00,-4.532704608681851766e-01,2.419289750053882360e-01,0.000000000000000000e+00,0.000000000000000000e+00,0.000000000000000000e+00,1.000000000000000000e+00
-4.544830819554944723e-01,0.000000000000000000e+00,8.907553694568646208e-01,4.583661314425461764e-01,0.000000000000000000e+00,1.000000000000000000e+00,0.000000000000000000e+00,-9.010559915036404632e-01,-8.907553694568646208e-01,0.000000000000000000e+00,-4.544830819554944723e-01,2.408843550413757861e-01,0.000000000000000000e+00,0.000000000000000000e+00,0.000000000000000000e+00,1.000000000000000000e+00
-4.556783027007990650e-01,0.000000000000000000e+00,8.901445300891979162e-01,4.594713279998835498e-01,0.000000000000000000e+00,1.000000000000000000e+00,0.000000000000000000e+00,-9.036195304586054355e-01,-8.901445300891979162e-01,0.000000000000000000e+00,-4.556783027007990650e-01,2.398525197515425922e-01,0.000000000000000000e+00,0.000000000000000000e+00,0.000000000000000000e+00,1.000000000000000000e+00
-4.568561075769021484e-01,0.000000000000000000e+00,8.895406100733580512e-01,4.605598066175904948e-01,0.000000000000000000e+00,1.000000000000000000e+00,0.000000000000000000e+00,-9.061474397355702148e-01,-8.895406100733580512e-01,0.000000000000000000e+00,-4.568561075769021484e-01,2.388335737766339451e-01,0.000000000000000000e+00,0.000000000000000000e+00,0.000000000000000000e+00,1.000000000000000000e+00
-4.580164842856950247e-01,0.000000000000000000e+00,8.889436990735530841e-01,4.616315817553139356e-01,0.000000000000000000e+00,1.000000000000000000e+00,0.000000000000000000e+00,-9.086396247301420370e-01,-8.889436990735530841e-01,0.000000000000000000e+00,-4.580164842856950247e-01,2.378276180341740154e-01,0.000000000000000000e+00,0.000000000000000000e+00,0.000000000000000000e+00,1.000000000000000000e+00
-4.591594237699313519e-01,0.000000000000000000e+00,8.883538841943927622e-01,4.626866705896132137e-01,0.000000000000000000e+00,1.000000000000000000e+00,0.000000000000000000e+00,-9.110959982069288809e-01,-8.883538841943927622e-01,0.000000000000000000e+00,-4.591594237699313519e-01,2.368347496655654472e-01,0.000000000000000000e+00,0.000000000000000000e+00,0.000000000000000000e+00,1.000000000000000000e+00
-4.602849202252925487e-01,0.000000000000000000e+00,8.877712499361510856e-01,4.637250930131661120e-01,0.000000000000000000e+00,1.000000000000000000e+00,0.000000000000000000e+00,-9.135164803707298553e-01,-8.877712499361510856e-01,0.000000000000000000e+00,-4.602849202252925487e-01,2.358550619839004936e-01,0.000000000000000000e+00,0.000000000000000000e+00,0.000000000000000000e+00,1.000000000000000000e+00
-4.613929711127726097e-01,0.000000000000000000e+00,8.871958781507769398e-01,4.647468716345548589e-01,0.000000000000000000e+00,1.000000000000000000e+00,0.000000000000000000e+00,-9.159009989377371319e-01,-8.871958781507769398e-01,0.000000000000000000e+00,-4.613929711127726097e-01,2.348886444224827508e-01,0.000000000000000000e+00,0.000000000000000000e+00,0.000000000000000000e+00,1.000000000000000000e+00
-4.624835771713957100e-01,0.000000000000000000e+00,8.866278479986683392e-01,4.657520317786463804e-01,0.000000000000000000e+00,1.000000000000000000e+00,0.000000000000000000e+00,-9.182494892067353254e-01,-8.866278479986683392e-01,0.000000000000000000e+00,-4.624835771713957100e-01,2.339355824840735898e-01,0.000000000000000000e+00,0.000000000000000000e+00,0.000000000000000000e+00,1.000000000000000000e+00
-4.635567424312826978e-01,0.000000000000000000e+00,8.860672359062248260e-01,4.667406014875938314e-01,0.000000000000000000e+00,1.000000000000000000e+00,0.000000000000000000e+00,-9.205618941302988745e-01,-8.860672359062248260e-01,0.000000000000000000e+00,-4.635567424312826978e-01,2.329959576908722241e-01,0.000000000000000000e+00,0.000000000000000000e+00,0.000000000000000000e+00,1.000000000000000000e+00
-4.646124742270871244e-01,0.000000000000000000e+00,8.855141155241876838e-01,4.677126115224812253e-01,0.000000000000000000e+00,1.000000000000000000e+00,0.000000000000000000e+00,-9.228381643859879802e-01,-8.855141155241876838e-01,0.000000000000000000e+00,-4.646124742270871244e-01,2.320698475352353518e-01,0.000000000000000000e+00,0.000000000000000000e+00,0.000000000000000000e+00,1.000000000000000000e+00
-4.656507832118153556e-01,0.000000000000000000e+00,8.849685576867818426e-01,4.686680953656321980e-01,0.000000000000000000e+00,1.000000000000000000e+00,0.000000000000000000e+00,-9.250782584475445436e-01,-8.849685576867818426e-01,0.000000000000000000e+00,-4.656507832118153556e-01,2.311573254311459213e-01,0.000000000000000000e+00,0.000000000000000000e+00,0.000000000000000000e+00,1.000000000000000000e+00
-4.666716833710559120e-01,0.000000000000000000e+00,8.844306303716673590e-01,4.696070892236141603e-01,0.000000000000000000e+00,1.000000000000000000e+00,0.000000000000000000e+00,-9.272821426561002056e-01,-8.844306303716673590e-01,0.000000000000000000e+00,-4.666716833710559120e-01,2.302584606664311861e-01,0.000000000000000000e+00,0.000000000000000000e+00,0.000000000000000000e+00,1.000000000000000000e+00
-4.676751920376181482e-01,0.000000000000000000e+00,8.839003986607184560e-01,4.705296320309403368e-01,0.000000000000000000e+00,1.000000000000000000e+00,0.000000000000000000e+00,-9.294497912913641802e-01,-8.839003986607184560e-01,0.000000000000000000e+00,-4.676751920376181482e-01,2.293733183557511435e-01,0.000000000000000000e+00,0.000000000000000000e+00,0.000000000000000000e+00,1.000000000000000000e+00
-4.686613299066114680e-01,0.000000000000000000e+00,8.833779247016343428e-01,4.714357654545081044e-01,0.000000000000000000e+00,1.000000000000000000e+00,0.000000000000000000e+00,-9.315811866428220789e-01,-8.833779247016343428e-01,0.000000000000000000e+00,-4.686613299066114680e-01,2.285019593943508065e-01,0.000000000000000000e+00,0.000000000000000000e+00,0.000000000000000000e+00,1.000000000000000000e+00
-4.696301210509783441e-01,0.000000000000000000e+00,8.828632676703926929e-01,4.723255338987885632e-01,0.000000000000000000e+00,1.000000000000000000e+00,0.000000000000000000e+00,-9.336763190809425073e-01,-8.828632676703926929e-01,0.000000000000000000e+00,-4.696301210509783441e-01,2.276444404125846921e-01,0.000000000000000000e+00,0.000000000000000000e+00,0.000000000000000000e+00,1.000000000000000000e+00
-4.705815929374840834e-01,0.000000000000000000e+00,8.823564837345617695e-01,4.731989845117782756e-01,0.000000000000000000e+00,1.000000000000000000e+00,0.000000000000000000e+00,-9.357351871283627887e-01,-8.823564837345617695e-01,0.000000000000000000e+00,-4.705815929374840834e-01,2.268008137312293448e-01,0.000000000000000000e+00,0.000000000000000000e+00,0.000000000000000000e+00,1.000000000000000000e+00
-4.715157764431984200e-01,0.000000000000000000e+00,8.818576260174698644e-01,4.740561671917477571e-01,0.000000000000000000e+00,1.000000000000000000e+00,0.000000000000000000e+00,-9.377577975310988911e-01,-8.818576260174698644e-01,0.000000000000000000e+00,-4.715157764431984200e-01,2.259711273175726842e-01,0.000000000000000000e+00,0.000000000000000000e+00,0.000000000000000000e+00,1.000000000000000000e+00
-4.724327058724639983e-01,0.000000000000000000e+00,8.813667445632504815e-01,4.748971345947899936e-01,0.000000000000000000e+00,1.000000000000000000e+00,0.000000000000000000e+00,-9.397441653297375908e-01,-8.813667445632504815e-01,0.000000000000000000e+00,-4.724327058724639983e-01,2.251554247423000477e-01,0.000000000000000000e+00,0.000000000000000000e+00,0.000000000000000000e+00,1.000000000000000000e+00
-4.733324189743736699e-01,0.000000000000000000e+00,8.808838863027680377e-01,4.757219421431914674e-01,0.000000000000000000e+00,1.000000000000000000e+00,0.000000000000000000e+00,-9.416943139306301891e-01,-8.808838863027680377e-01,0.000000000000000000e+00,-4.733324189743736699e-01,2.243537451371769853e-01,0.000000000000000000e+00,0.000000000000000000e+00,0.000000000000000000e+00,1.000000000000000000e+00
-4.742149569607784221e-01,0.000000000000000000e+00,8.804090950204268573e-01,4.765306480346523377e-01,0.000000000000000000e+00,1.000000000000000000e+00,0.000000000000000000e+00,-9.436082751771022181e-01,-8.804090950204268573e-01,0.000000000000000000e+00,-4.742149569607784221e-01,2.235661231535241988e-01,0.000000000000000000e+00,0.000000000000000000e+00,0.000000000000000000e+00,1.000000000000000000e+00
-4.750803645248173335e-01,0.000000000000000000e+00,8.799424113218811128e-01,4.773233132523510003e-01,0.000000000000000000e+00,1.000000000000000000e+00,0.000000000000000000e+00,-9.454860894206387201e-01,-8.799424113218811128e-01,0.000000000000000000e+00,-4.750803645248173335e-01,2.227925889215057187e-01,0.000000000000000000e+00,0.000000000000000000e+00,0.000000000000000000e+00,1.000000000000000000e+00
-4.759286898600045834e-01,0.000000000000000000e+00,8.794838726026416031e-01,4.781000015758896660e-01,0.000000000000000000e+00,1.000000000000000000e+00,0.000000000000000000e+00,-9.473278055920890672e-01,-8.794838726026416031e-01,0.000000000000000000e+00,-4.759286898600045834e-01,2.220331680102167193e-01,0.000000000000000000e+00,0.000000000000000000e+00,0.000000000000000000e+00,1.000000000000000000e+00
-4.767599846798726282e-01,0.000000000000000000e+00,8.790335130175911393e-01,4.788607795931239530e-01,0.000000000000000000e+00,1.000000000000000000e+00,0.000000000000000000e+00,-9.491334812728675630e-01,-8.790335130175911393e-01,0.000000000000000000e+00,-4.767599846798726282e-01,2.212878813885827967e-01,0.000000000000000000e+00,0.000000000000000000e+00,0.000000000000000000e+00,1.000000000000000000e+00
-4.775743042381805359e-01,0.000000000000000000e+00,8.785913634514157522e-01,4.796057167128878751e-01,0.000000000000000000e+00,1.000000000000000000e+00,0.000000000000000000e+00,-9.509031827661451608e-01,-8.785913634514157522e-01,0.000000000000000000e+00,-4.775743042381805359e-01,2.205567453870753147e-01,0.000000000000000000e+00,0.000000000000000000e+00,0.000000000000000000e+00,1.000000000000000000e+00
-4.783717073497080752e-01,0.000000000000000000e+00,8.781574514899507244e-01,4.803348851786369833e-01,0.000000000000000000e+00,1.000000000000000000e+00,0.000000000000000000e+00,-9.526369851680525080e-01,-8.781574514899507244e-01,0.000000000000000000e+00,-4.783717073497080752e-01,2.198397716602374374e-01,0.000000000000000000e+00,0.000000000000000000e+00,0.000000000000000000e+00,1.000000000000000000e+00
-4.791522564116350025e-01,0.000000000000000000e+00,8.777318013924519935e-01,4.810483600830118278e-01,0.000000000000000000e+00,1.000000000000000000e+00,0.000000000000000000e+00,-9.543349724388732191e-01,-8.777318013924519935e-01,0.000000000000000000e+00,-4.791522564116350025e-01,2.191369671500296157e-01,0.000000000000000000e+00,0.000000000000000000e+00,0.000000000000000000e+00,1.000000000000000000e+00
-4.799160174255223676e-01,0.000000000000000000e+00,8.773144340647917039e-01,4.817462193833398909e-01,0.000000000000000000e+00,1.000000000000000000e+00,0.000000000000000000e+00,-9.559972374742446988e-01,-8.773144340647917039e-01,0.000000000000000000e+00,-4.799160174255223676e-01,2.184483340499903670e-01,0.000000000000000000e+00,0.000000000000000000e+00,0.000000000000000000e+00,1.000000000000000000e+00
-4.806630600199015557e-01,0.000000000000000000e+00,8.769053670335839046e-01,4.824285439180836521e-01,0.000000000000000000e+00,1.000000000000000000e+00,0.000000000000000000e+00,-9.576238821763585207e-01,-8.769053670335839046e-01,0.000000000000000000e+00,-4.806630600199015557e-01,2.177738697702156223e-01,0.000000000000000000e+00,0.000000000000000000e+00,0.000000000000000000e+00,1.000000000000000000e+00
-4.813934574734746175e-01,0.000000000000000000e+00,8.765046144212441659e-01,4.830954174242402810e-01,0.000000000000000000e+00,1.000000000000000000e+00,0.000000000000000000e+00,-9.592150175251519251e-01,-8.765046144212441659e-01,0.000000000000000000e+00,-4.813934574734746175e-01,2.171135669031604154e-01,0.000000000000000000e+00,0.000000000000000000e+00,0.000000000000000000e+00,1.000000000000000000e+00
-4.821072867389443739e-01,0.000000000000000000e+00,8.761121869219793412e-01,4.837469265557110543e-01,0.000000000000000000e+00,1.000000000000000000e+00,0.000000000000000000e+00,-9.607707636495157466e-01,-8.761121869219793412e-01,0.000000000000000000e+00,-4.821072867389443739e-01,2.164674131902528109e-01,0.000000000000000000e+00,0.000000000000000000e+00,0.000000000000000000e+00,1.000000000000000000e+00
-4.828046284674645805e-01,0.000000000000000000e+00,8.757280917787172436e-01,4.843831609026343354e-01,0.000000000000000000e+00,1.000000000000000000e+00,0.000000000000000000e+00,-9.622912498984819152e-01,-8.757280917787172436e-01,0.000000000000000000e+00,-4.828046284674645805e-01,2.158353914893336167e-01,0.000000000000000000e+00,0.000000000000000000e+00,0.000000000000000000e+00,1.000000000000000000e+00
-4.834855670337312450e-01,0.000000000000000000e+00,8.753523327609696869e-01,4.850042130117008798e-01,0.000000000000000000e+00,1.000000000000000000e+00,0.000000000000000000e+00,-9.637766149124251669e-01,-8.753523327609696869e-01,0.000000000000000000e+00,-4.834855670337312450e-01,2.152174797429081132e-01,0.000000000000000000e+00,0.000000000000000000e+00,0.000000000000000000e+00,1.000000000000000000e+00
-4.841501905617152102e-01,0.000000000000000000e+00,8.749849101436292242e-01,4.856101784074543515e-01,0.000000000000000000e+00,1.000000000000000000e+00,0.000000000000000000e+00,-9.652270066942678639e-01,-8.749849101436292242e-01,0.000000000000000000e+00,-4.841501905617152102e-01,2.146136509472106324e-01,0.000000000000000000e+00,0.000000000000000000e+00,0.000000000000000000e+00,1.000000000000000000e+00
-4.847985909510308944e-01,0.000000000000000000e+00,8.746258206867065788e-01,4.862011556145710567e-01,0.000000000000000000e+00,1.000000000000000000e+00,0.000000000000000000e+00,-9.666425826806670507e-01,-8.746258206867065788e-01,0.000000000000000000e+00,-4.847985909510308944e-01,2.140238731220907020e-01,0.000000000000000000e+00,0.000000000000000000e+00,0.000000000000000000e+00,1.000000000000000000e+00
-4.854308639039599527e-01,0.000000000000000000e+00,8.742750576159971088e-01,4.867772461811376572e-01,0.000000000000000000e+00,1.000000000000000000e+00,0.000000000000000000e+00,-9.680235098132170535e-01,-8.742750576159971088e-01,0.000000000000000000e+00,-4.854308639039599527e-01,2.134481092817024361e-01,0.000000000000000000e+00,0.000000000000000000e+00,0.000000000000000000e+00,1.000000000000000000e+00
-4.860471089531266387e-01,0.000000000000000000e+00,8.739326106046778619e-01,4.873385547029215892e-01,0.000000000000000000e+00,1.000000000000000000e+00,0.000000000000000000e+00,-9.693699646096538558e-01,-8.739326106046778619e-01,0.000000000000000000e+00,-4.860471089531266387e-01,2.128863174059999475e-01,0.000000000000000000e+00,0.000000000000000000e+00,0.000000000000000000e+00,1.000000000000000000e+00
-4.866474294898175401e-01,0.000000000000000000e+00,8.735984657558374389e-01,4.878851888486306354e-01,0.000000000000000000e+00,1.000000000000000000e+00,0.000000000000000000e+00,-9.706821332350434872e-01,-8.735984657558374389e-01,0.000000000000000000e+00,-4.866474294898175401e-01,2.123384504130430561e-01,0.000000000000000000e+00,0.000000000000000000e+00,0.000000000000000000e+00,1.000000000000000000e+00
-4.872319327929609534e-01,0.000000000000000000e+00,8.732726055859278969e-01,4.884172593861704215e-01,0.000000000000000000e+00,1.000000000000000000e+00,0.000000000000000000e+00,-9.719602115729810698e-01,-8.732726055859278969e-01,0.000000000000000000e+00,-4.872319327929609534e-01,2.118044561320976404e-01,0.000000000000000000e+00,0.000000000000000000e+00,0.000000000000000000e+00,1.000000000000000000e+00
-4.878007300587647865e-01,0.000000000000000000e+00,8.729550090091333647e-01,4.889348802099001134e-01,0.000000000000000000e+00,1.000000000000000000e+00,0.000000000000000000e+00,-9.732044052967991909e-01,-8.729550090091333647e-01,0.000000000000000000e+00,-4.878007300587647865e-01,2.112842772775246902e-01,0.000000000000000000e+00,0.000000000000000000e+00,0.000000000000000000e+00,1.000000000000000000e+00
-4.883539364309955610e-01,0.000000000000000000e+00,8.726456513226609202e-01,4.894381683688678319e-01,0.000000000000000000e+00,1.000000000000000000e+00,0.000000000000000000e+00,-9.744149299407500742e-01,-8.726456513226609202e-01,0.000000000000000000e+00,-4.883539364309955610e-01,2.107778514234693312e-01,0.000000000000000000e+00,0.000000000000000000e+00,0.000000000000000000e+00,1.000000000000000000e+00
-4.888916710319266556e-01,0.000000000000000000e+00,8.723445041929308585e-01,4.899272440960497632e-01,0.000000000000000000e+00,1.000000000000000000e+00,0.000000000000000000e+00,-9.755920109712210575e-01,-8.723445041929308585e-01,0.000000000000000000e+00,-4.888916710319266556e-01,2.102851109793166806e-01,0.000000000000000000e+00,0.000000000000000000e+00,0.000000000000000000e+00,1.000000000000000000e+00
-4.894140569939205987e-01,0.000000000000000000e+00,8.720515356426771225e-01,4.904022308385578288e-01,0.000000000000000000e+00,1.000000000000000000e+00,0.000000000000000000e+00,-9.767358838579172087e-01,-8.720515356426771225e-01,0.000000000000000000e+00,-4.894140569939205987e-01,2.098059831659370711e-01,0.000000000000000000e+00,0.000000000000000000e+00,0.000000000000000000e+00,1.000000000000000000e+00
-4.899212214916707775e-01,0.000000000000000000e+00,8.717667100389353552e-01,4.908632552888363421e-01,0.000000000000000000e+00,1.000000000000000000e+00,0.000000000000000000e+00,-9.778467941450647016e-01,-8.717667100389353552e-01,0.000000000000000000e+00,-4.899212214916707775e-01,2.093403899926883360e-01,0.000000000000000000e+00,0.000000000000000000e+00,0.000000000000000000e+00,1.000000000000000000e+00
-4.904132957750863553e-01,0.000000000000000000e+00,8.714899880819158007e-01,4.913104474168298319e-01,0.000000000000000000e+00,1.000000000000000000e+00,0.000000000000000000e+00,-9.789249975226174127e-01,-8.714899880819158007e-01,0.000000000000000000e+00,-4.904132957750863553e-01,2.088882482351768211e-01,0.000000000000000000e+00,0.000000000000000000e+00,0.000000000000000000e+00,1.000000000000000000e+00
-4.908904152028083501e-01,0.000000000000000000e+00,8.712213267947556128e-01,4.917439405031061028e-01,0.000000000000000000e+00,1.000000000000000000e+00,0.000000000000000000e+00,-9.799707598974408684e-01,-8.712213267947556128e-01,0.000000000000000000e+00,-4.908904152028083501e-01,2.084494694137756232e-01,0.000000000000000000e+00,0.000000000000000000e+00,0.000000000000000000e+00,1.000000000000000000e+00
-4.913527192763684770e-01,0.000000000000000000e+00,8.709606795141318081e-01,4.921638711729426907e-01,0.000000000000000000e+00,1.000000000000000000e+00,0.000000000000000000e+00,-9.809843574645169539e-01,-8.709606795141318081e-01,0.000000000000000000e+00,-4.913527192763684770e-01,2.080239597728755774e-01,0.000000000000000000e+00,0.000000000000000000e+00,0.000000000000000000e+00,1.000000000000000000e+00
-4.918003516749747117e-01,0.000000000000000000e+00,8.707079958817256493e-01,4.925703794313562311e-01,0.000000000000000000e+00,1.000000000000000000e+00,0.000000000000000000e+00,-9.819660767781477340e-01,-8.707079958817256493e-01,0.000000000000000000e+00,-4.918003516749747117e-01,2.076116202608641048e-01,0.000000000000000000e+00,0.000000000000000000e+00,0.000000000000000000e+00,1.000000000000000000e+00
-4.922334602909100854e-01,0.000000000000000000e+00,8.704632218365329077e-01,4.929636086990561994e-01,0.000000000000000000e+00,1.000000000000000000e+00,0.000000000000000000e+00,-9.829162148231418428e-01,-8.704632218365329077e-01,0.000000000000000000e+00,-4.922334602909100854e-01,2.072123465108307028e-01,0.000000000000000000e+00,0.000000000000000000e+00,0.000000000000000000e+00,1.000000000000000000e+00
-4.926521972655518167e-01,0.000000000000000000e+00,8.702262996079949131e-01,4.933437058493278515e-01,0.000000000000000000e+00,1.000000000000000000e+00,0.000000000000000000e+00,-9.838350790860173056e-01,-8.702262996079949131e-01,0.000000000000000000e+00,-4.926521972655518167e-01,2.068260288219682663e-01,0.000000000000000000e+00,0.000000000000000000e+00,0.000000000000000000e+00,1.000000000000000000e+00
-4.930567190259954047e-01,0.000000000000000000e+00,8.699971677099418432e-01,4.937108212458179435e-01,0.000000000000000000e+00,1.000000000000000000e+00,0.000000000000000000e+00,-9.847229876262110215e-01,-8.699971677099418432e-01,0.000000000000000000e+00,-4.930567190259954047e-01,2.064525521416675780e-01,0.000000000000000000e+00,0.000000000000000000e+00,0.000000000000000000e+00,1.000000000000000000e+00
-4.934471863222558707e-01,0.000000000000000000e+00,8.697757609353394814e-01,4.940651087811986919e-01,0.000000000000000000e+00,1.000000000000000000e+00,0.000000000000000000e+00,-9.855802691472499433e-01,-8.697757609353394814e-01,0.000000000000000000e+00,-4.934471863222558707e-01,2.060917960483026889e-01,0.000000000000000000e+00,0.000000000000000000e+00,0.000000000000000000e+00,1.000000000000000000e+00
-4.938237642650777359e-01,0.000000000000000000e+00,8.695620103518028055e-01,4.944067259167254647e-01,0.000000000000000000e+00,1.000000000000000000e+00,0.000000000000000000e+00,-9.864072630679809883e-01,-8.695620103518028055e-01,0.000000000000000000e+00,-4.938237642650777359e-01,2.057436347346578431e-01,0.000000000000000000e+00,0.000000000000000000e+00,0.000000000000000000e+00,1.000000000000000000e+00
-4.941866223642913392e-01,0.000000000000000000e+00,8.693558432978829575e-01,4.947358337226268055e-01,0.000000000000000000e+00,1.000000000000000000e+00,0.000000000000000000e+00,-9.872043195937463267e-01,-8.693558432978829575e-01,0.000000000000000000e+00,-4.941866223642913392e-01,2.054079369920239762e-01,0.000000000000000000e+00,0.000000000000000000e+00,0.000000000000000000e+00,1.000000000000000000e+00
-4.945359345677384222e-01,0.000000000000000000e+00,8.691571833800912916e-01,4.950525969193400044e-01,0.000000000000000000e+00,1.000000000000000000e+00,0.000000000000000000e+00,-9.879717997875854252e-01,-8.691571833800912916e-01,0.000000000000000000e+00,-4.945359345677384222e-01,2.050845661949152743e-01,0.000000000000000000e+00,0.000000000000000000e+00,0.000000000000000000e+00,1.000000000000000000e+00
-4.948718793007459427e-01,0.000000000000000000e+00,8.689659504706429560e-01,4.953571839195620718e-01,0.000000000000000000e+00,1.000000000000000000e+00,0.000000000000000000e+00,-9.887100756414429759e-01,-8.689659504706429560e-01,0.000000000000000000e+00,-4.948718793007459427e-01,2.047733802863968555e-01,0.000000000000000000e+00,0.000000000000000000e+00,0.000000000000000000e+00,1.000000000000000000e+00
-4.951946395061223027e-01,0.000000000000000000e+00,8.687820607059065781e-01,4.956497668710858062e-01,0.000000000000000000e+00,1.000000000000000000e+00,0.000000000000000000e+00,-9.894195301473608373e-01,-8.687820607059065781e-01,0.000000000000000000e+00,-4.951946395061223027e-01,2.044742317640146356e-01,0.000000000000000000e+00,0.000000000000000000e+00,0.000000000000000000e+00,1.000000000000000000e+00
-4.955044026846657790e-01,0.000000000000000000e+00,8.686054264855318507e-01,4.959305217004015276e-01,0.000000000000000000e+00,1.000000000000000000e+00,0.000000000000000000e+00,-9.901005573686681993e-01,-8.686054264855318507e-01,0.000000000000000000e+00,-4.955044026846657790e-01,2.041869676663000677e-01,0.000000000000000000e+00,0.000000000000000000e+00,0.000000000000000000e+00,1.000000000000000000e+00
-4.958013609361818785e-01,0.000000000000000000e+00,8.684359564722259339e-01,4.961996281570490441e-01,0.000000000000000000e+00,1.000000000000000000e+00,0.000000000000000000e+00,-9.907535625111911770e-01,-8.684359564722259339e-01,0.000000000000000000e+00,-4.958013609361818785e-01,2.039114295598211668e-01,0.000000000000000000e+00,0.000000000000000000e+00,0.000000000000000000e+00,1.000000000000000000e+00
-4.960857110009738169e-01,0.000000000000000000e+00,8.682735555921637927e-01,4.964572698586803279e-01,0.000000000000000000e+00,1.000000000000000000e+00,0.000000000000000000e+00,-9.913789619944513021e-01,-8.682735555921637927e-01,0.000000000000000000e+00,-4.960857110009738169e-01,2.036474535267725483e-01,0.000000000000000000e+00,0.000000000000000000e+00,0.000000000000000000e+00,1.000000000000000000e+00
-4.963576543017912401e-01,0.000000000000000000e+00,8.681181250360019419e-01,4.967036343368038676e-01,0.000000000000000000e+00,1.000000000000000000e+00,0.000000000000000000e+00,-9.919771835228515799e-01,-8.681181250360019419e-01,0.000000000000000000e+00,-4.963576543017912401e-01,2.033948701530772230e-01,0.000000000000000000e+00,0.000000000000000000e+00,0.000000000000000000e+00,1.000000000000000000e+00
-4.966173969862303084e-01,0.000000000000000000e+00,8.679695622604636229e-01,4.969389130831960433e-01,0.000000000000000000e+00,1.000000000000000000e+00,0.000000000000000000e+00,-9.925486661568841962e-01,-8.679695622604636229e-01,0.000000000000000000e+00,-4.966173969862303084e-01,2.031535045169674536e-01,0.000000000000000000e+00,0.000000000000000000e+00,0.000000000000000000e+00,1.000000000000000000e+00
-4.968651499695525553e-01,0.000000000000000000e+00,8.678277609904709866e-01,4.971633015969353919e-01,0.000000000000000000e+00,1.000000000000000000e+00,0.000000000000000000e+00,-9.930938603843282309e-01,-8.678277609904709866e-01,0.000000000000000000e+00,-4.968651499695525553e-01,2.029231761780287413e-01,0.000000000000000000e+00,0.000000000000000000e+00,0.000000000000000000e+00,1.000000000000000000e+00
-4.971011289779025399e-01,0.000000000000000000e+00,8.676926112217936415e-01,4.973769994320274557e-01,0.000000000000000000e+00,1.000000000000000000e+00,0.000000000000000000e+00,-9.936132281914442643e-01,-8.676926112217936415e-01,0.000000000000000000e+00,-4.971011289779025399e-01,2.027036991666785748e-01,0.000000000000000000e+00,0.000000000000000000e+00,0.000000000000000000e+00,1.000000000000000000e+00
-4.973255545919085807e-01,0.000000000000000000e+00,8.675639992241785947e-01,4.975802102455953446e-01,0.000000000000000000e+00,1.000000000000000000e+00,0.000000000000000000e+00,-9.941072431341747562e-01,-8.675639992241785947e-01,0.000000000000000000e+00,-4.973255545919085807e-01,2.024948819740487460e-01,0.000000000000000000e+00,0.000000000000000000e+00,0.000000000000000000e+00,1.000000000000000000e+00
-4.975386522906336539e-01,0.000000000000000000e+00,8.674418075449326082e-01,4.977731418465889401e-01,0.000000000000000000e+00,1.000000000000000000e+00,0.000000000000000000e+00,-9.945763904093355423e-01,-8.674418075449326082e-01,0.000000000000000000e+00,-4.975386522906336539e-01,2.022965275422483611e-01,0.000000000000000000e+00,0.000000000000000000e+00,0.000000000000000000e+00,1.000000000000000000e+00
-4.977406524958694067e-01,0.000000000000000000e+00,8.673259150129126738e-01,4.979560062449916447e-01,0.000000000000000000e+00,1.000000000000000000e+00,0.000000000000000000e+00,-9.950211669258292035e-01,-8.673259150129126738e-01,0.000000000000000000e+00,-4.977406524958694067e-01,2.021084332549633045e-01,0.000000000000000000e+00,0.000000000000000000e+00,0.000000000000000000e+00,1.000000000000000000e+00
-4.979317906167208263e-01,0.000000000000000000e+00,8.672161967429034002e-01,4.981290197014628385e-01,0.000000000000000000e+00,1.000000000000000000e+00,0.000000000000000000e+00,-9.954420813758270148e-01,-8.672161967429034002e-01,0.000000000000000000e+00,-4.979317906167208263e-01,2.019303909283844400e-01,0.000000000000000000e+00,0.000000000000000000e+00,0.000000000000000000e+00,1.000000000000000000e+00
-4.981123070944838416e-01,0.000000000000000000e+00,8.671125241403278006e-01,4.982924027774002784e-01,0.000000000000000000e+00,1.000000000000000000e+00,0.000000000000000000e+00,-9.958396543059758743e-01,-8.671125241403278006e-01,0.000000000000000000e+00,-4.981123070944838416e-01,2.017621868024053189e-01,0.000000000000000000e+00,0.000000000000000000e+00,0.000000000000000000e+00,1.000000000000000000e+00
-4.982824474477678400e-01,0.000000000000000000e+00,8.670147649062629469e-01,4.984463803853615427e-01,0.000000000000000000e+00,1.000000000000000000e+00,0.000000000000000000e+00,-9.962144181885861371e-01,-8.670147649062629469e-01,0.000000000000000000e+00,-4.982824474477678400e-01,2.016036015320757935e-01,0.000000000000000000e+00,0.000000000000000000e+00,0.000000000000000000e+00,1.000000000000000000e+00
-4.984424623178572156e-01,0.000000000000000000e+00,8.669227830427064241e-01,4.985911818398239270e-01,0.000000000000000000e+00,1.000000000000000000e+00,0.000000000000000000e+00,-9.965669174928537544e-01,-8.669227830427064241e-01,0.000000000000000000e+00,-4.984424623178572156e-01,2.014544101792516972e-01,0.000000000000000000e+00,0.000000000000000000e+00,0.000000000000000000e+00,1.000000000000000000e+00
-4.985926075142464442e-01,0.000000000000000000e+00,8.668364388580723778e-01,4.987270409082012468e-01,0.000000000000000000e+00,1.000000000000000000e+00,0.000000000000000000e+00,-9.968977087560269013e-01,-8.668364388580723778e-01,0.000000000000000000e+00,-4.985926075142464442e-01,2.013143822044402564e-01,0.000000000000000000e+00,0.000000000000000000e+00,0.000000000000000000e+00,1.000000000000000000e+00
-4.987331440603625654e-01,0.000000000000000000e+00,8.667555889728462137e-01,4.988541958621139361e-01,0.000000000000000000e+00,1.000000000000000000e+00,0.000000000000000000e+00,-9.972073606546237867e-01,-8.667555889728462137e-01,0.000000000000000000e+00,-4.987331440603625654e-01,2.011832814587590224e-01,0.000000000000000000e+00,0.000000000000000000e+00,0.000000000000000000e+00,1.000000000000000000e+00
-4.988643382394118975e-01,0.000000000000000000e+00,8.666800863253716347e-01,4.989728895288353394e-01,0.000000000000000000e+00,1.000000000000000000e+00,0.000000000000000000e+00,-9.974964540756251496e-01,-8.666800863253716347e-01,0.000000000000000000e+00,-4.988643382394118975e-01,2.010608661759993865e-01,0.000000000000000000e+00,0.000000000000000000e+00,0.000000000000000000e+00,1.000000000000000000e+00
-4.989864616403357211e-01,0.000000000000000000e+00,8.666097801777093990e-01,4.990833693428756157e-01,0.000000000000000000e+00,1.000000000000000000e+00,0.000000000000000000e+00,-9.977655821876761921e-01,-8.666097801777093990e-01,0.000000000000000000e+00,-4.989864616403357211e-01,2.009468889647350598e-01,0.000000000000000000e+00,0.000000000000000000e+00,0.000000000000000000e+00,1.000000000000000000e+00
-4.990997912038300233e-01,0.000000000000000000e+00,8.665445161215281633e-01,4.991858873976487421e-01,0.000000000000000000e+00,1.000000000000000000e+00,0.000000000000000000e+00,-9.980153505122811852e-01,-8.665445161215281633e-01,0.000000000000000000e+00,-4.990997912038300233e-01,2.008410968004432084e-01,0.000000000000000000e+00,0.000000000000000000e+00,0.000000000000000000e+00,1.000000000000000000e+00
-4.992046092684043757e-01,0.000000000000000000e+00,8.664841360839675710e-01,4.992807004971698270e-01,0.000000000000000000e+00,1.000000000000000000e+00,0.000000000000000000e+00,-9.982463769949987409e-01,-8.664841360839675710e-01,0.000000000000000000e+00,-4.992046092684043757e-01,2.007432310175865098e-01,0.000000000000000000e+00,0.000000000000000000e+00,0.000000000000000000e+00,1.000000000000000000e+00
-4.993012036164430345e-01,0.000000000000000000e+00,8.664284783334232909e-01,4.993680702077328282e-01,0.000000000000000000e+00,1.000000000000000000e+00,0.000000000000000000e+00,-9.984592920766424129e-01,-8.664284783334232909e-01,0.000000000000000000e+00,-4.993012036164430345e-01,2.006530273016073895e-01,0.000000000000000000e+00,0.000000000000000000e+00,0.000000000000000000e+00,1.000000000000000000e+00
-4.993898675202331217e-01,0.000000000000000000e+00,8.663773774851949439e-01,4.994482629095093329e-01,0.000000000000000000e+00,1.000000000000000000e+00,0.000000000000000000e+00,-9.986547387644844065e-01,-8.663773774851949439e-01,0.000000000000000000e+00,-4.993898675202331217e-01,2.005702156807848691e-01,0.000000000000000000e+00,0.000000000000000000e+00,0.000000000000000000e+00,1.000000000000000000e+00
-4.994708997879129253e-01,0.000000000000000000e+00,8.663306645069495104e-01,4.995215498480032323e-01,0.000000000000000000e+00,1.000000000000000000e+00,0.000000000000000000e+00,-9.988333727034408582e-01,-8.663306645069495104e-01,0.000000000000000000e+00,-4.994708997879129253e-01,2.004945205179167744e-01,0.000000000000000000e+00,0.000000000000000000e+00,0.000000000000000000e+00,1.000000000000000000e+00
-4.995446048093223346e-01,0.000000000000000000e+00,8.662881667239245020e-01,4.995882071853203210e-01,0.000000000000000000e+00,1.000000000000000000e+00,0.000000000000000000e+00,-9.989958622472848715e-01,-8.662881667239245020e-01,0.000000000000000000e+00,-4.995446048093223346e-01,2.004256605017498138e-01,0.000000000000000000e+00,0.000000000000000000e+00,0.000000000000000000e+00,1.000000000000000000e+00
-4.996112926016939015e-01,0.000000000000000000e+00,8.662497078238263759e-01,4.996485160511689450e-01,0.000000000000000000e+00,1.000000000000000000e+00,0.000000000000000000e+00,-9.991428885298336837e-01,-8.662497078238263759e-01,0.000000000000000000e+00,-4.996112926016939015e-01,2.003633486381293793e-01,0.000000000000000000e+00,0.000000000000000000e+00,0.000000000000000000e+00,1.000000000000000000e+00
-4.996712788551597173e-01,0.000000000000000000e+00,8.662151078613494759e-01,4.997027625935450135e-01,0.000000000000000000e+00,1.000000000000000000e+00,0.000000000000000000e+00,-9.992751455361482682e-01,-8.662151078613494759e-01,0.000000000000000000e+00,-4.996712788551597173e-01,2.003072922407948542e-01,0.000000000000000000e+00,0.000000000000000000e+00,0.000000000000000000e+00,1.000000000000000000e+00
-4.997248849780311919e-01,0.000000000000000000e+00,8.661841832622514392e-01,4.997512380290329292e-01,0.000000000000000000e+00,1.000000000000000000e+00,0.000000000000000000e+00,-9.993933401737375988e-01,-8.661841832622514392e-01,0.000000000000000000e+00,-4.997248849780311919e-01,2.002571929217656366e-01,0.000000000000000000e+00,0.000000000000000000e+00,0.000000000000000000e+00,1.000000000000000000e+00
-4.997724381418012229e-01,0.000000000000000000e+00,8.661567468269236736e-01,4.997942386926497171e-01,0.000000000000000000e+00,1.000000000000000000e+00,0.000000000000000000e+00,-9.994981923437508131e-01,-8.661567468269236736e-01,0.000000000000000000e+00,-4.997724381418012229e-01,2.002127465812659768e-01,0.000000000000000000e+00,0.000000000000000000e+00,0.000000000000000000e+00,1.000000000000000000e+00
-4.998142713258337810e-01,0.000000000000000000e+00,8.661326077333804108e-01,4.998320660871705678e-01,0.000000000000000000e+00,1.000000000000000000e+00,0.000000000000000000e+00,-9.995904350121742610e-01,-8.661326077333804108e-01,0.000000000000000000e+00,-4.998142713258337810e-01,2.001736433971167406e-01,0.000000000000000000e+00,0.000000000000000000e+00,0.000000000000000000e+00,1.000000000000000000e+00
-4.998507233616965584e-01,0.000000000000000000e+00,8.661115715395959480e-01,4.998650269318655748e-01,0.000000000000000000e+00,1.000000000000000000e+00,0.000000000000000000e+00,-9.996708142810355469e-01,-8.661115715395959480e-01,0.000000000000000000e+00,-4.998507233616965584e-01,2.001395678135325373e-01,0.000000000000000000e+00,0.000000000000000000e+00,0.000000000000000000e+00,1.000000000000000000e+00
-4.998821389770837231e-01,0.000000000000000000e+00,8.660934401851196895e-01,4.998934332105695044e-01,0.000000000000000000e+00,1.000000000000000000e+00,0.000000000000000000e+00,-9.997400894595936949e-01,-8.660934401851196895e-01,0.000000000000000000e+00,-4.998821389770837231e-01,2.001101985292627061e-01,0.000000000000000000e+00,0.000000000000000000e+00,0.000000000000000000e+00,1.000000000000000000e+00
-4.999088688392958058e-01,0.000000000000000000e+00,8.660780119918850550e-01,4.999176022190204849e-01,0.000000000000000000e+00,1.000000000000000000e+00,0.000000000000000000e+00,-9.997990331355469662e-01,-8.660780119918850550e-01,0.000000000000000000e+00,-4.999088688392958058e-01,2.000852084849971124e-01,0.000000000000000000e+00,0.000000000000000000e+00,0.000000000000000000e+00,1.000000000000000000e+00
-4.999312695982109367e-01,0.000000000000000000e+00,8.660650816641443095e-01,4.999378566113797939e-01,0.000000000000000000e+00,1.000000000000000000e+00,0.000000000000000000e+00,-9.998484312462210255e-01,-8.660650816641443095e-01,0.000000000000000000e+00,-4.999312695982109367e-01,2.000642648499830756e-01,0.000000000000000000e+00,0.000000000000000000e+00,0.000000000000000000e+00,1.000000000000000000e+00
-4.999497039287198463e-01,0.000000000000000000e+00,8.660544402874367220e-01,4.999545244458684645e-01,0.000000000000000000e+00,1.000000000000000000e+00,0.000000000000000000e+00,-9.998890831497754261e-01,-8.660544402874367220e-01,0.000000000000000000e+00,-4.999497039287198463e-01,2.000470290077610014e-01,0.000000000000000000e+00,0.000000000000000000e+00,0.000000000000000000e+00,1.000000000000000000e+00
-4.999645405725557379e-01,0.000000000000000000e+00,8.660458753265171117e-01,4.999679392294284486e-01,0.000000000000000000e+00,1.000000000000000000e+00,0.000000000000000000e+00,-9.999218016963958844e-01,-8.660458753265171117e-01,0.000000000000000000e+00,-4.999645405725557379e-01,2.000331565409614321e-01,0.000000000000000000e+00,0.000000000000000000e+00,0.000000000000000000e+00,1.000000000000000000e+00
-4.999761543794809526e-01,0.000000000000000000e+00,8.660391706221522989e-01,4.999784399613361185e-01,0.000000000000000000e+00,1.000000000000000000e+00,0.000000000000000000e+00,-9.999474132994921050e-01,-8.660391706221522989e-01,0.000000000000000000e+00,-4.999761543794809526e-01,2.000222972150760836e-01,0.000000000000000000e+00,0.000000000000000000e+00,0.000000000000000000e+00,1.000000000000000000e+00
-4.999849263477752492e-01,0.000000000000000000e+00,8.660341063866998645e-01,4.999863711756811768e-01,0.000000000000000000e+00,1.000000000000000000e+00,0.000000000000000000e+00,-9.999667580068996031e-01,-8.660341063866998645e-01,0.000000000000000000e+00,-4.999849263477752492e-01,2.000140949611257657e-01,0.000000000000000000e+00,0.000000000000000000e+00,0.000000000000000000e+00,1.000000000000000000e+00
-4.999912436639689095e-01,0.000000000000000000e+00,8.660304591983803979e-01,4.999920829826235980e-01,0.000000000000000000e+00,1.000000000000000000e+00,0.000000000000000000e+00,-9.999806895720748656e-01,-8.660304591983803979e-01,0.000000000000000000e+00,-4.999912436639689095e-01,2.000081878571476901e-01,0.000000000000000000e+00,0.000000000000000000e+00,0.000000000000000000e+00,1.000000000000000000e+00
-4.999954997417726532e-01,0.000000000000000000e+00,8.660280019941474228e-01,4.999959311083473912e-01,0.000000000000000000e+00,1.000000000000000000e+00,0.000000000000000000e+00,-9.999900755252973950e-01,-8.660280019941474228e-01,0.000000000000000000e+00,-4.999954997417726532e-01,2.000042081084124623e-01,0.000000000000000000e+00,0.000000000000000000e+00,0.000000000000000000e+00,1.000000000000000000e+00
-4.999980942601392475e-01,0.000000000000000000e+00,8.660265040610644061e-01,4.999982769336084876e-01,0.000000000000000000e+00,1.000000000000000000e+00,0.000000000000000000e+00,-9.999957972448605403e-01,-8.660265040610644061e-01,0.000000000000000000e+00,-4.999980942601392475e-01,2.000017820262938728e-01,0.000000000000000000e+00,0.000000000000000000e+00,0.000000000000000000e+00,1.000000000000000000e+00
-4.999994332004150666e-01,0.000000000000000000e+00,8.660257310260842667e-01,4.999994875308060860e-01,0.000000000000000000e+00,1.000000000000000000e+00,0.000000000000000000e+00,-9.999987500282799813e-01,-8.660257310260842667e-01,0.000000000000000000e+00,-4.999994332004150666e-01,2.000005300056896806e-01,0.000000000000000000e+00,0.000000000000000000e+00,0.000000000000000000e+00,1.000000000000000000e+00
-4.999999288825039967e-01,0.000000000000000000e+00,8.660254448441402353e-01,4.999999356994572208e-01,0.000000000000000000e+00,1.000000000000000000e+00,0.000000000000000000e+00,-9.999998431634818941e-01,-8.660254448441402353e-01,0.000000000000000000e+00,-4.999999288825039967e-01,2.000000665009203371e-01,0.000000000000000000e+00,0.000000000000000000e+00,0.000000000000000000e+00,1.000000000000000000e+00
-4.999999999999998335e-01,0.000000000000000000e+00,8.660254037844387076e-01,5.000000000000000000e-01,0.000000000000000000e+00,1.000000000000000000e+00,0.000000000000000000e+00,-1.000000000000000000e+00,-8.660254037844387076e-01,0.000000000000000000e+00,-4.999999999999998335e-01,1.999999999999999001e-01,0.000000000000000000e+00,0.000000000000000000e+00,0.000000000000000000e+00,1.000000000000000000e+00
-4.999999999999999445e-01,0.000000000000000000e+00,8.660254037844387076e-01,5.000000000000000000e-01,0.000000000000000000e+00,1.000000000000000000e+00,0.000000000000000000e+00,-1.000000000000000000e+00,-8.660254037844387076e-01,0.000000000000000000e+00,-4.999999999999999445e-01,2.000000000000000111e-01,0.000000000000000000e+00,0.000000000000000000e+00,0.000000000000000000e+00,1.000000000000000000e+00
-4.999999999999999445e-01,0.000000000000000000e+00,8.660254037844387076e-01,5.000000000000000000e-01,0.000000000000000000e+00,1.000000000000000000e+00,0.000000000000000000e+00,-1.000000000000000000e+00,-8.660254037844387076e-01,0.000000000000000000e+00,-4.999999999999999445e-01,1.999980713899160434e-01,0.000000000000000000e+00,0.000000000000000000e+00,0.000000000000000000e+00,1.000000000000000000e+00
-4.999999999999999445e-01,0.000000000000000000e+00,8.660254037844387076e-01,5.000000000000000000e-01,0.000000000000000000e+00,1.000000000000000000e+00,0.000000000000000000e+00,-1.000000000000000000e+00,-8.660254037844387076e-01,0.000000000000000000e+00,-4.999999999999999445e-01,1.999848055949675629e-01,0.000000000000000000e+00,0.000000000000000000e+00,0.000000000000000000e+00,1.000000000000000000e+00
-4.999999999999999445e-01,0.000000000000000000e+00,8.660254037844387076e-01,5.000000000000000000e-01,0.000000000000000000e+00,1.000000000000000000e+00,0.000000000000000000e+00,-1.000000000000000000e+00,-8.660254037844387076e-01,0.000000000000000000e+00,-4.999999999999999445e-01,1.999495037650446116e-01,0.000000000000000000e+00,0.000000000000000000e+00,0.000000000000000000e+00,1.000000000000000000e+00
-4.999999999999999445e-01,0.000000000000000000e+00,8.660254037844387076e-01,5.000000000000000000e-01,0.000000000000000000e+00,1.000000000000000000e+00,0.000000000000000000e+00,-1.000000000000000000e+00,-8.660254037844387076e-01,0.000000000000000000e+00,-4.999999999999999445e-01,1.998821503379433207e-01,0.000000000000000000e+00,0.000000000000000000e+00,0.000000000000000000e+00,1.000000000000000000e+00
-4.999999999999999445e-01,0.000000000000000000e+00,8.660254037844387076e-01,5.000000000000000000e-01,0.000000000000000000e+00,1.000000000000000000e+00,0.000000000000000000e+00,-1.000000000000000000e+00,-8.660254037844387076e-01,0.000000000000000000e+00,-4.999999999999999445e-01,1.997733986543574758e-01,0.000000000000000000e+00,0.000000000000000000e+00,0.000000000000000000e+00,1.000000000000000000e+00
-4.999999999999999445e-01,0.000000000000000000e+00,8.660254037844387076e-01,5.000000000000000000e-01,0.000000000000000000e+00,1.000000000000000000e+00,0.000000000000000000e+00,-1.000000000000000000e+00,-8.660254037844387076e-01,0.000000000000000000e+00,-4.999999999999999445e-01,1.996145565728700000e-01,0.000000000000000000e+00,0.000000000000000000e+00,0.000000000000000000e+00,1.000000000000000000e+00
-4.999999999999999445e-01,0.000000000000000000e+00,8.660254037844387076e-01,5.000000000000000000e-01,0.000000000000000000e+00,1.000000000000000000e+00,0.000000000000000000e+00,-1.000000000000000000e+00,-8.660254037844387076e-01,0.000000000000000000e+00,-4.999999999999999445e-01,1.993975720849442690e-01,0.000000000000000000e+00,0.000000000000000000e+00,0.000000000000000000e+00,1.000000000000000000e+00
-4.999999999999999445e-01,0.000000000000000000e+00,8.660254037844387076e-01,5.000000000000000000e-01,0.000000000000000000e+00,1.000000000000000000e+00,0.000000000000000000e+00,-1.000000000000000000e+00,-8.660254037844387076e-01,0.000000000000000000e+00,-4.999999999999999445e-01,1.991150189299157325e-01,0.000000000000000000e+00,0.000000000000000000e+00,0.000000000000000000e+00,1.000000000000000000e+00
-4.999999999999999445e-01,0.000000000000000000e+00,8.660254037844387076e-01,5.000000000000000000e-01,0.000000000000000000e+00,1.000000000000000000e+00,0.000000000000000000e+00,-1.000000000000000000e+00,-8.660254037844387076e-01,0.000000000000000000e+00,-4.999999999999999445e-01,1.987600822099831743e-01,0.000000000000000000e+00,0.000000000000000000e+00,0.000000000000000000e+00,1.000000000000000000e+00
-4.999999999999999445e-01,0.000000000000000000e+00,8.660254037844387076e-01,5.000000000000000000e-01,0.000000000000000000e+00,1.000000000000000000e+00,0.000000000000000000e+00,-1.000000000000000000e+00,-8.660254037844387076e-01,0.000000000000000000e+00,-4.999999999999999445e-01,1.983265440052003337e-01,0.000000000000000000e+00,0.000000000000000000e+00,0.000000000000000000e+00,1.000000000000000000e+00
-4.999999999999999445e-01,0.000000000000000000e+00,8.660254037844387076e-01,5.000000000000000000e-01,0.000000000000000000e+00,1.000000000000000000e+00,0.000000000000000000e+00,-1.000000000000000000e+00,-8.660254037844387076e-01,0.000000000000000000e+00,-4.999999999999999445e-01,1.978087689884672207e-01,0.000000000000000000e+00,0.000000000000000000e+00,0.000000000000000000e+00,1.000000000000000000e+00
-4.999999999999999445e-01,0.000000000000000000e+00,8.660254037844387076e-01,5.000000000000000000e-01,0.000000000000000000e+00,1.000000000000000000e+00,0.000000000000000000e+00,-1.000000000000000000e+00,-8.660254037844387076e-01,0.000000000000000000e+00,-4.999999999999999445e-01,1.972016900405216544e-01,0.000000000000000000e+00,0.000000000000000000e+00,0.000000000000000000e+00,1.000000000000000000e+00
-4.999999999999999445e-01,0.000000000000000000e+00,8.660254037844387076e-01,5.000000000000000000e-01,0.000000000000000000e+00,1.000000000000000000e+00,0.000000000000000000e+00,-1.000000000000000000e+00,-8.660254037844387076e-01,0.000000000000000000e+00,-4.999999999999999445e-01,1.965007938649306340e-01,0.000000000000000000e+00,0.000000000000000000e+00,0.000000000000000000e+00,1.000000000000000000e+00
-4.999999999999999445e-01,0.000000000000000000e+00,8.660254037844387076e-01,5.000000000000000000e-01,0.000000000000000000e+00,1.000000000000000000e+00,0.000000000000000000e+00,-1.000000000000000000e+00,-8.660254037844387076e-01,0.000000000000000000e+00,-4.999999999999999445e-01,1.957021066030819323e-01,0.000000000000000000e+00,0.000000000000000000e+00,0.000000000000000000e+00,1.000000000000000000e+00
-4.999999999999999445e-01,0.000000000000000000e+00,8.660254037844387076e-01,5.000000000000000000e-01,0.000000000000000000e+00,1.000000000000000000e+00,0.000000000000000000e+00,-1.000000000000000000e+00,-8.660254037844387076e-01,0.000000000000000000e+00,-4.999999999999999445e-01,1.948021794491753278e-01,0.000000000000000000e+00,0.000000000000000000e+00,0.000000000000000000e+00,1.000000000000000000e+00
-4.999999999999999445e-01,0.000000000000000000e+00,8.660254037844387076e-01,5.000000000000000000e-01,0.000000000000000000e+00,1.000000000000000000e+00,0.000000000000000000e+00,-1.000000000000000000e+00,-8.660254037844387076e-01,0.000000000000000000e+00,-4.999999999999999445e-01,1.937980742652142541e-01,0.000000000000000000e+00,0.000000000000000000e+00,0.000000000000000000e+00,1.000000000000000000e+00
-4.999999999999999445e-01,0.000000000000000000e+00,8.660254037844387076e-01,5.000000000000000000e-01,0.000000000000000000e+00,1.000000000000000000e+00,0.000000000000000000e+00,-1.000000000000000000e+00,-8.660254037844387076e-01,0.000000000000000000e+00,-4.999999999999999445e-01,1.926873491959970874e-01,0.000000000000000000e+00,0.000000000000000000e+00,0.000000000000000000e+00,1.000000000000000000e+00
-4.999999999999999445e-01,0.000000000000000000e+00,8.660254037844387076e-01,5.000000000000000000e-01,0.000000000000000000e+00,1.000000000000000000e+00,0.000000000000000000e+00,-1.000000000000000000e+00,-8.660254037844387076e-01,0.000000000000000000e+00,-4.999999999999999445e-01,1.914680442841087682e-01,0.000000000000000000e+00,0.000000000000000000e+00,0.000000000000000000e+00,1.000000000000000000e+00
-4.999999999999999445e-01,0.000000000000000000e+00,8.660254037844387076e-01,5.000000000000000000e-01,0.000000000000000000e+00,1.000000000000000000e+00,0.000000000000000000e+00,-1.000000000000000000e+00,-8.660254037844387076e-01,0.000000000000000000e+00,-4.999999999999999445e-01,1.901386670849120608e-01,0.000000000000000000e+00,0.000000000000000000e+00,0.000000000000000000e+00,1.000000000000000000e+00
-4.999999999999999445e-01,0.000000000000000000e+00,8.660254037844387076e-01,5.000000000000000000e-01,0.000000000000000000e+00,1.000000000000000000e+00,0.000000000000000000e+00,-1.000000000000000000e+00,-8.660254037844387076e-01,0.000000000000000000e+00,-4.999999999999999445e-01,1.886981782815391473e-01,0.000000000000000000e+00,0.000000000000000000e+00,0.000000000000000000e+00,1.000000000000000000e+00
-4.999999999999999445e-01,0.000000000000000000e+00,8.660254037844387076e-01,5.000000000000000000e-01,0.000000000000000000e+00,1.000000000000000000e+00,0.000000000000000000e+00,-1.000000000000000000e+00,-8.660254037844387076e-01,0.000000000000000000e+00,-4.999999999999999445e-01,1.871459772998829985e-01,0.000000000000000000e+00,0.000000000000000000e+00,0.000000000000000000e+00,1.000000000000000000e+00
-4.999999999999999445e-01,0.000000000000000000e+00,8.660254037844387076e-01,5.000000000000000000e-01,0.000000000000000000e+00,1.000000000000000000e+00,0.000000000000000000e+00,-1.000000000000000000e+00,-8.660254037844387076e-01,0.000000000000000000e+00,-4.999999999999999445e-01,1.854818879235888840e-01,0.000000000000000000e+00,0.000000000000000000e+00,0.000000000000000000e+00,1.000000000000000000e+00
-4.999999999999999445e-01,0.000000000000000000e+00,8.660254037844387076e-01,5.000000000000000000e-01,0.000000000000000000e+00,1.000000000000000000e+00,0.000000000000000000e+00,-1.000000000000000000e+00,-8.660254037844387076e-01,0.000000000000000000e+00,-4.999999999999999445e-01,1.837061439090457438e-01,0.000000000000000000e+00,0.000000000000000000e+00,0.000000000000000000e+00,1.000000000000000000e+00
-4.999999999999999445e-01,0.000000000000000000e+00,8.660254037844387076e-01,5.000000000000000000e-01,0.000000000000000000e+00,1.000000000000000000e+00,0.000000000000000000e+00,-1.000000000000000000e+00,-8.660254037844387076e-01,0.000000000000000000e+00,-4.999999999999999445e-01,1.818193746003777256e-01,0.000000000000000000e+00,0.000000000000000000e+00,0.000000000000000000e+00,1.000000000000000000e+00
-4.999999999999999445e-01,0.000000000000000000e+00,8.660254037844387076e-01,5.000000000000000000e-01,0.000000000000000000e+00,1.000000000000000000e+00,0.000000000000000000e+00,-1.000000000000000000e+00,-8.660254037844387076e-01,0.000000000000000000e+00,-4.999999999999999445e-01,1.798225905444355288e-01,0.000000000000000000e+00,0.000000000000000000e+00,0.000000000000000000e+00,1.000000000000000000e+00
-4.999999999999999445e-01,0.000000000000000000e+00,8.660254037844387076e-01,5.000000000000000000e-01,0.000000000000000000e+00,1.000000000000000000e+00,0.000000000000000000e+00,-1.000000000000000000e+00,-8.660254037844387076e-01,0.000000000000000000e+00,-4.999999999999999445e-01,1.777171691057879421e-01,0.000000000000000000e+00,0.000000000000000000e+00,0.000000000000000000e+00,1.000000000000000000e+00
-4.999999999999999445e-01,0.000000000000000000e+00,8.660254037844387076e-01,5.000000000000000000e-01,0.000000000000000000e+00,1.000000000000000000e+00,0.000000000000000000e+00,-1.000000000000000000e+00,-8.660254037844387076e-01,0.000000000000000000e+00,-4.999999999999999445e-01,1.755048400817132426e-01,0.000000000000000000e+00,0.000000000000000000e+00,0.000000000000000000e+00,1.000000000000000000e+00
-4.999999999999999445e-01,0.000000000000000000e+00,8.660254037844387076e-01,5.000000000000000000e-01,0.000000000000000000e+00,1.000000000000000000e+00,0.000000000000000000e+00,-1.000000000000000000e+00,-8.660254037844387076e-01,0.000000000000000000e+00,-4.999999999999999445e-01,1.731876713171907056e-01,0.000000000000000000e+00,0.000000000000000000e+00,0.000000000000000000e+00,1.000000000000000000e+00
-4.999999999999999445e-01,0.000000000000000000e+00,8.660254037844387076e-01,5.000000000000000000e-01,0.000000000000000000e+00,1.000000000000000000e+00,0.000000000000000000e+00,-1.000000000000000000e+00,-8.660254037844387076e-01,0.000000000000000000e+00,-4.999999999999999445e-01,1.707680543198920042e-01,0.000000000000000000e+00,0.000000000000000000e+00,0.000000000000000000e+00,1.000000000000000000e+00
-4.999999999999999445e-01,0.000000000000000000e+00,8.660254037844387076e-01,5.000000000000000000e-01,0.000000000000000000e+00,1.000000000000000000e+00,0.000000000000000000e+00,-1.000000000000000000e+00,-8.660254037844387076e-01,0.000000000000000000e+00,-4.999999999999999445e-01,1.682486898751725801e-01,0.000000000000000000e+00,0.000000000000000000e+00,0.000000000000000000e+00,1.000000000000000000e+00
-4.999999999999999445e-01,0.000000000000000000e+00,8.660254037844387076e-01,5.000000000000000000e-01,0.000000000000000000e+00,1.000000000000000000e+00,0.000000000000000000e+00,-1.000000000000000000e+00,-8.660254037844387076e-01,0.000000000000000000e+00,-4.999999999999999445e-01,1.656325736610632926e-01,0.000000000000000000e+00,0.000000000000000000e+00,0.000000000000000000e+00,1.000000000000000000e+00
-4.999999999999999445e-01,0.000000000000000000e+00,8.660254037844387076e-01,5.000000000000000000e-01,0.000000000000000000e+00,1.000000000000000000e+00,0.000000000000000000e+00,-1.000000000000000000e+00,-8.660254037844387076e-01,0.000000000000000000e+00,-4.999999999999999445e-01,1.629229818632616511e-01,0.000000000000000000e+00,0.000000000000000000e+00,0.000000000000000000e+00,1.000000000000000000e+00
-4.999999999999999445e-01,0.000000000000000000e+00,8.660254037844387076e-01,5.000000000000000000e-01,0.000000000000000000e+00,1.000000000000000000e+00,0.000000000000000000e+00,-1.000000000000000000e+00,-8.660254037844387076e-01,0.000000000000000000e+00,-4.999999999999999445e-01,1.601234567901234640e-01,0.000000000000000000e+00,0.000000000000000000e+00,0.000000000000000000e+00,1.000000000000000000e+00
-4.999999999999999445e-01,0.000000000000000000e+00,8.660254037844387076e-01,5.000000000000000000e-01,0.000000000000000000e+00,1.000000000000000000e+00,0.000000000000000000e+00,-1.000000000000000000e+00,-8.660254037844387076e-01,0.000000000000000000e+00,-4.999999999999999445e-01,1.572377924876540711e-01,0.000000000000000000e+00,0.000000000000000000e+00,0.000000000000000000e+00,1.000000000000000000e+00
-4.999999999999999445e-01,0.000000000000000000e+00,8.660254037844387076e-01,5.000000000000000000e-01,0.000000000000000000e+00,1.000000000000000000e+00,0.000000000000000000e+00,-1.000000000000000000e+00,-8.660254037844387076e-01,0.000000000000000000e+00,-4.999999999999999445e-01,1.542700203545000481e-01,0.000000000000000000e+00,0.000000000000000000e+00,0.000000000000000000e+00,1.000000000000000000e+00
-4.999999999999999445e-01,0.000000000000000000e+00,8.660254037844387076e-01,5.000000000000000000e-01,0.000000000000000000e+00,1.000000000000000000e+00,0.000000000000000000e+00,-1.000000000000000000e+00,-8.660254037844387076e-01,0.000000000000000000e+00,-4.999999999999999445e-01,1.512243947569403557e-01,0.000000000000000000e+00,0.000000000000000000e+00,0.000000000000000000e+00,1.000000000000000000e+00
-4.999999999999999445e-01,0.000000000000000000e+00,8.660254037844387076e-01,5.000000000000000000e-01,0.000000000000000000e+00,1.000000000000000000e+00,0.000000000000000000e+00,-1.000000000000000000e+00,-8.660254037844387076e-01,0.000000000000000000e+00,-4.999999999999999445e-01,1.481053786438780717e-01,0.000000000000000000e+00,0.000000000000000000e+00,0.000000000000000000e+00,1.000000000000000000e+00
-4.999999999999999445e-01,0.000000000000000000e+00,8.660254037844387076e-01,5.000000000000000000e-01,0.000000000000000000e+00,1.000000000000000000e+00,0.000000000000000000e+00,-1.000000000000000000e+00,-8.660254037844387076e-01,0.000000000000000000e+00,-4.999999999999999445e-01,1.449176291618316792e-01,0.000000000000000000e+00,0.000000000000000000e+00,0.000000000000000000e+00,1.000000000000000000e+00
-4.999999999999999445e-01,0.000000000000000000e+00,8.660254037844387076e-01,5.000000000000000000e-01,0.000000000000000000e+00,1.000000000000000000e+00,0.000000000000000000e+00,-1.000000000000000000e+00,-8.660254037844387076e-01,0.000000000000000000e+00,-4.999999999999999445e-01,1.416659832699265209e-01,0.000000000000000000e+00,0.000000000000000000e+00,0.000000000000000000e+00,1.000000000000000000e+00
-4.999999999999999445e-01,0.000000000000000000e+00,8.660254037844387076e-01,5.000000000000000000e-01,0.000000000000000000e+00,1.000000000000000000e+00,0.000000000000000000e+00,-1.000000000000000000e+00,-8.660254037844387076e-01,0.000000000000000000e+00,-4.999999999999999445e-01,1.383554433548863372e-01,0.000000000000000000e+00,0.000000000000000000e+00,0.000000000000000000e+00,1.000000000000000000e+00
-4.999999999999999445e-01,0.000000000000000000e+00,8.660254037844387076e-01,5.000000000000000000e-01,0.000000000000000000e+00,1.000000000000000000e+00,0.000000000000000000e+00,-1.000000000000000000e+00,-8.660254037844387076e-01,0.000000000000000000e+00,-4.999999999999999445e-01,1.349911628460246371e-01,0.000000000000000000e+00,0.000000000000000000e+00,0.000000000000000000e+00,1.000000000000000000e+00
-4.999999999999999445e-01,0.000000000000000000e+00,8.660254037844387076e-01,5.000000000000000000e-01,0.000000000000000000e+00,1.000000000000000000e+00,0.000000000000000000e+00,-1.000000000000000000e+00,-8.660254037844387076e-01,0.000000000000000000e+00,-4.999999999999999445e-01,1.315784318302361533e-01,0.000000000000000000e+00,0.000000000000000000e+00,0.000000000000000000e+00,1.000000000000000000e+00
-4.999999999999999445e-01,0.000000000000000000e+00,8.660254037844387076e-01,5.000000000000000000e-01,0.000000000000000000e+00,1.000000000000000000e+00,0.000000000000000000e+00,-1.000000000000000000e+00,-8.660254037844387076e-01,0.000000000000000000e+00,-4.999999999999999445e-01,1.281226626669882407e-01,0.000000000000000000e+00,0.000000000000000000e+00,0.000000000000000000e+00,1.000000000000000000e+00
-4.999999999999999445e-01,0.000000000000000000e+00,8.660254037844387076e-01,5.000000000000000000e-01,0.000000000000000000e+00,1.000000000000000000e+00,0.000000000000000000e+00,-1.000000000000000000e+00,-8.660254037844387076e-01,0.000000000000000000e+00,-4.999999999999999445e-01,1.246293756033125116e-01,0.000000000000000000e+00,0.000000000000000000e+00,0.000000000000000000e+00,1.000000000000000000e+00
-4.999999999999999445e-01,0.000000000000000000e+00,8.660254037844387076e-01,5.000000000000000000e-01,0.000000000000000000e+00,1.000000000000000000e+00,0.000000000000000000e+00,-1.000000000000000000e+00,-8.660254037844387076e-01,0.000000000000000000e+00,-4.999999999999999445e-01,1.211041843887961100e-01,0.000000000000000000e+00,0.000000000000000000e+00,0.000000000000000000e+00,1.000000000000000000e+00
-4.999999999999999445e-01,0.000000000000000000e+00,8.660254037844387076e-01,5.000000000000000000e-01,0.000000000000000000e+00,1.000000000000000000e+00,0.000000000000000000e+00,-1.000000000000000000e+00,-8.660254037844387076e-01,0.000000000000000000e+00,-4.999999999999999445e-01,1.175527818905731658e-01,0.000000000000000000e+00,0.000000000000000000e+00,0.000000000000000000e+00,1.000000000000000000e+00
-4.999999999999999445e-01,0.000000000000000000e+00,8.660254037844387076e-01,5.000000000000000000e-01,0.000000000000000000e+00,1.000000000000000000e+00,0.000000000000000000e+00,-1.000000000000000000e+00,-8.660254037844387076e-01,0.000000000000000000e+00,-4.999999999999999445e-01,1.139809257083164024e-01,0.000000000000000000e+00,0.000000000000000000e+00,0.000000000000000000e+00,1.000000000000000000e+00
-4.999999999999999445e-01,0.000000000000000000e+00,8.660254037844387076e-01,5.000000000000000000e-01,0.000000000000000000e+00,1.000000000000000000e+00,0.000000000000000000e+00,-1.000000000000000000e+00,-8.660254037844387076e-01,0.000000000000000000e+00,-4.999999999999999445e-01,1.103944237892283270e-01,0.000000000000000000e+00,0.000000000000000000e+00,0.000000000000000000e+00,1.000000000000000000e+00
-4.999999999999999445e-01,0.000000000000000000e+00,8.660254037844387076e-01,5.000000000000000000e-01,0.000000000000000000e+00,1.000000000000000000e+00,0.000000000000000000e+00,-1.000000000000000000e+00,-8.660254037844387076e-01,0.000000000000000000e+00,-4.999999999999999445e-01,1.067991200430329218e-01,0.000000000000000000e+00,0.000000000000000000e+00,0.000000000000000000e+00,1.000000000000000000e+00
-4.999999999999999445e-01,0.000000000000000000e+00,8.660254037844387076e-01,5.000000000000000000e-01,0.000000000000000000e+00,1.000000000000000000e+00,0.000000000000000000e+00,-1.000000000000000000e+00,-8.660254037844387076e-01,0.000000000000000000e+00,-4.999999999999999445e-01,1.032008799569670565e-01,0.000000000000000000e+00,0.000000000000000000e+00,0.000000000000000000e+00,1.000000000000000000e+00
-4.999999999999999445e-01,0.000000000000000000e+00,8.660254037844387076e-01,5.000000000000000000e-01,0.000000000000000000e+00,1.000000000000000000e+00,0.000000000000000000e+00,-1.000000000000000000e+00,-8.660254037844387076e-01,0.000000000000000000e+00,-4.999999999999999445e-01,9.960557621077162360e-02,0.000000000000000000e+00,0.000000000000000000e+00,0.000000000000000000e+00,1.000000000000000000e+00
-4.999999999999999445e-01,0.000000000000000000e+00,8.660254037844387076e-01,5.000000000000000000e-01,0.000000000000000000e+00,1.000000000000000000e+00,0.000000000000000000e+00,-1.000000000000000000e+00,-8.660254037844387076e-01,0.000000000000000000e+00,-4.999999999999999445e-01,9.601907429168363151e-02,0.000000000000000000e+00,0.000000000000000000e+00,0.000000000000000000e+00,1.000000000000000000e+00
-4.999999999999999445e-01,0.000000000000000000e+00,8.660254037844387076e-01,5.000000000000000000e-01,0.000000000000000000e+00,1.000000000000000000e+00,0.000000000000000000e+00,-1.000000000000000000e+00,-8.660254037844387076e-01,0.000000000000000000e+00,-4.999999999999999445e-01,9.244721810942681250e-02,0.000000000000000000e+00,0.000000000000000000e+00,0.000000000000000000e+00,1.000000000000000000e+00
-4.999999999999999445e-01,0.000000000000000000e+00,8.660254037844387076e-01,5.000000000000000000e-01,0.000000000000000000e+00,1.000000000000000000e+00,0.000000000000000000e+00,-1.000000000000000000e+00,-8.660254037844387076e-01,0.000000000000000000e+00,-4.999999999999999445e-01,8.889581561120386832e-02,0.000000000000000000e+00,0.000000000000000000e+00,0.000000000000000000e+00,1.000000000000000000e+00
-4.999999999999999445e-01,0.000000000000000000e+00,8.660254037844387076e-01,5.000000000000000000e-01,0.000000000000000000e+00,1.000000000000000000e+00,0.000000000000000000e+00,-1.000000000000000000e+00,-8.660254037844387076e-01,0.000000000000000000e+00,-4.999999999999999445e-01,8.537062439668743896e-02,0.000000000000000000e+00,0.000000000000000000e+00,0.000000000000000000e+00,1.000000000000000000e+00
-4.999999999999999445e-01,0.000000000000000000e+00,8.660254037844387076e-01,5.000000000000000000e-01,0.000000000000000000e+00,1.000000000000000000e+00,0.000000000000000000e+00,-1.000000000000000000e+00,-8.660254037844387076e-01,0.000000000000000000e+00,-4.999999999999999445e-01,8.187733733301177930e-02,0.000000000000000000e+00,0.000000000000000000e+00,0.000000000000000000e+00,1.000000000000000000e+00
-4.999999999999999445e-01,0.000000000000000000e+00,8.660254037844387076e-01,5.000000000000000000e-01,0.000000000000000000e+00,1.000000000000000000e+00,0.000000000000000000e+00,-1.000000000000000000e+00,-8.660254037844387076e-01,0.000000000000000000e+00,-4.999999999999999445e-01,7.842156816976382505e-02,0.000000000000000000e+00,0.000000000000000000e+00,0.000000000000000000e+00,1.000000000000000000e+00
-4.999999999999999445e-01,0.000000000000000000e+00,8.660254037844387076e-01,5.000000000000000000e-01,0.000000000000000000e+00,1.000000000000000000e+00,0.000000000000000000e+00,-1.000000000000000000e+00,-8.660254037844387076e-01,0.000000000000000000e+00,-4.999999999999999445e-01,7.500883715397539675e-02,0.000000000000000000e+00,0.000000000000000000e+00,0.000000000000000000e+00,1.000000000000000000e+00
-4.999999999999999445e-01,0.000000000000000000e+00,8.660254037844387076e-01,5.000000000000000000e-01,0.000000000000000000e+00,1.000000000000000000e+00,0.000000000000000000e+00,-1.000000000000000000e+00,-8.660254037844387076e-01,0.000000000000000000e+00,-4.999999999999999445e-01,7.164455664511362731e-02,0.000000000000000000e+00,0.000000000000000000e+00,0.000000000000000000e+00,1.000000000000000000e+00
-4.999999999999999445e-01,0.000000000000000000e+00,8.660254037844387076e-01,5.000000000000000000e-01,0.000000000000000000e+00,1.000000000000000000e+00,0.000000000000000000e+00,-1.000000000000000000e+00,-8.660254037844387076e-01,0.000000000000000000e+00,-4.999999999999999445e-01,6.833401673007347132e-02,0.000000000000000000e+00,0.000000000000000000e+00,0.000000000000000000e+00,1.000000000000000000e+00
-4.999999999999999445e-01,0.000000000000000000e+00,8.660254037844387076e-01,5.000000000000000000e-01,0.000000000000000000e+00,1.000000000000000000e+00,0.000000000000000000e+00,-1.000000000000000000e+00,-8.660254037844387076e-01,0.000000000000000000e+00,-4.999999999999999445e-01,6.508237083816834079e-02,0.000000000000000000e+00,0.000000000000000000e+00,0.000000000000000000e+00,1.000000000000000000e+00
-4.999999999999999445e-01,0.000000000000000000e+00,8.660254037844387076e-01,5.000000000000000000e-01,0.000000000000000000e+00,1.000000000000000000e+00,0.000000000000000000e+00,-1.000000000000000000e+00,-8.660254037844387076e-01,0.000000000000000000e+00,-4.999999999999999445e-01,6.189462135612192051e-02,0.000000000000000000e+00,0.000000000000000000e+00,0.000000000000000000e+00,1.000000000000000000e+00
-4.999999999999999445e-01,0.000000000000000000e+00,8.660254037844387076e-01,5.000000000000000000e-01,0.000000000000000000e+00,1.000000000000000000e+00,0.000000000000000000e+00,-1.000000000000000000e+00,-8.660254037844387076e-01,0.000000000000000000e+00,-4.999999999999999445e-01,5.877560524305960876e-02,0.000000000000000000e+00,0.000000000000000000e+00,0.000000000000000000e+00,1.000000000000000000e+00
-4.999999999999999445e-01,0.000000000000000000e+00,8.660254037844387076e-01,5.000000000000000000e-01,0.000000000000000000e+00,1.000000000000000000e+00,0.000000000000000000e+00,-1.000000000000000000e+00,-8.660254037844387076e-01,0.000000000000000000e+00,-4.999999999999999445e-01,5.572997964549999961e-02,0.000000000000000000e+00,0.000000000000000000e+00,0.000000000000000000e+00,1.000000000000000000e+00
-4.999999999999999445e-01,0.000000000000000000e+00,8.660254037844387076e-01,5.000000000000000000e-01,0.000000000000000000e+00,1.000000000000000000e+00,0.000000000000000000e+00,-1.000000000000000000e+00,-8.660254037844387076e-01,0.000000000000000000e+00,-4.999999999999999445e-01,5.276220751234597661e-02,0.000000000000000000e+00,0.000000000000000000e+00,0.000000000000000000e+00,1.000000000000000000e+00
-4.999999999999999445e-01,0.000000000000000000e+00,8.660254037844387076e-01,5.000000000000000000e-01,0.000000000000000000e+00,1.000000000000000000e+00,0.000000000000000000e+00,-1.000000000000000000e+00,-8.660254037844387076e-01,0.000000000000000000e+00,-4.999999999999999445e-01,4.987654320987663925e-02,0.000000000000000000e+00,0.000000000000000000e+00,0.000000000000000000e+00,1.000000000000000000e+00
-4.999999999999999445e-01,0.000000000000000000e+00,8.660254037844387076e-01,5.000000000000000000e-01,0.000000000000000000e+00,1.000000000000000000e+00,0.000000000000000000e+00,-1.000000000000000000e+00,-8.660254037844387076e-01,0.000000000000000000e+00,-4.999999999999999445e-01,4.707701813673842439e-02,0.000000000000000000e+00,0.000000000000000000e+00,0.000000000000000000e+00,1.000000000000000000e+00
-4.999999999999999445e-01,0.000000000000000000e+00,8.660254037844387076e-01,5.000000000000000000e-01,0.000000000000000000e+00,1.000000000000000000e+00,0.000000000000000000e+00,-1.000000000000000000e+00,-8.660254037844387076e-01,0.000000000000000000e+00,-4.999999999999999445e-01,4.436742633893675514e-02,0.000000000000000000e+00,0.000000000000000000e+00,0.000000000000000000e+00,1.000000000000000000e+00
-4.999999999999999445e-01,0.000000000000000000e+00,8.660254037844387076e-01,5.000000000000000000e-01,0.000000000000000000e+00,1.000000000000000000e+00,0.000000000000000000e+00,-1.000000000000000000e+00,-8.660254037844387076e-01,0.000000000000000000e+00,-4.999999999999999445e-01,4.175131012482738435e-02,0.000000000000000000e+00,0.000000000000000000e+00,0.000000000000000000e+00,1.000000000000000000e+00
-4.999999999999999445e-01,0.000000000000000000e+00,8.660254037844387076e-01,5.000000000000000000e-01,0.000000000000000000e+00,1.000000000000000000e+00,0.000000000000000000e+00,-1.000000000000000000e+00,-8.660254037844387076e-01,0.000000000000000000e+00,-4.999999999999999445e-01,3.923194568010804351e-02,0.000000000000000000e+00,0.000000000000000000e+00,0.000000000000000000e+00,1.000000000000000000e+00
-4.999999999999999445e-01,0.000000000000000000e+00,8.660254037844387076e-01,5.000000000000000000e-01,0.000000000000000000e+00,1.000000000000000000e+00,0.000000000000000000e+00,-1.000000000000000000e+00,-8.660254037844387076e-01,0.000000000000000000e+00,-4.999999999999999445e-01,3.681232868280923110e-02,0.000000000000000000e+00,0.000000000000000000e+00,0.000000000000000000e+00,1.000000000000000000e+00
-4.999999999999999445e-01,0.000000000000000000e+00,8.660254037844387076e-01,5.000000000000000000e-01,0.000000000000000000e+00,1.000000000000000000e+00,0.000000000000000000e+00,-1.000000000000000000e+00,-8.660254037844387076e-01,0.000000000000000000e+00,-4.999999999999999445e-01,3.449515991828663863e-02,0.000000000000000000e+00,0.000000000000000000e+00,0.000000000000000000e+00,1.000000000000000000e+00
-4.999999999999999445e-01,0.000000000000000000e+00,8.660254037844387076e-01,5.000000000000000000e-01,0.000000000000000000e+00,1.000000000000000000e+00,0.000000000000000000e+00,-1.000000000000000000e+00,-8.660254037844387076e-01,0.000000000000000000e+00,-4.999999999999999445e-01,3.228283089421205010e-02,0.000000000000000000e+00,0.000000000000000000e+00,0.000000000000000000e+00,1.000000000000000000e+00
-4.999999999999999445e-01,0.000000000000000000e+00,8.660254037844387076e-01,5.000000000000000000e-01,0.000000000000000000e+00,1.000000000000000000e+00,0.000000000000000000e+00,-1.000000000000000000e+00,-8.660254037844387076e-01,0.000000000000000000e+00,-4.999999999999999445e-01,3.017740945556446341e-02,0.000000000000000000e+00,0.000000000000000000e+00,0.000000000000000000e+00,1.000000000000000000e+00
-4.999999999999999445e-01,0.000000000000000000e+00,8.660254037844387076e-01,5.000000000000000000e-01,0.000000000000000000e+00,1.000000000000000000e+00,0.000000000000000000e+00,-1.000000000000000000e+00,-8.660254037844387076e-01,0.000000000000000000e+00,-4.999999999999999445e-01,2.818062539962218338e-02,0.000000000000000000e+00,0.000000000000000000e+00,0.000000000000000000e+00,1.000000000000000000e+00
-4.999999999999999445e-01,0.000000000000000000e+00,8.660254037844387076e-01,5.000000000000000000e-01,0.000000000000000000e+00,1.000000000000000000e+00,0.000000000000000000e+00,-1.000000000000000000e+00,-8.660254037844387076e-01,0.000000000000000000e+00,-4.999999999999999445e-01,2.629385609095419296e-02,0.000000000000000000e+00,0.000000000000000000e+00,0.000000000000000000e+00,1.000000000000000000e+00
-4.999999999999999445e-01,0.000000000000000000e+00,8.660254037844387076e-01,5.000000000000000000e-01,0.000000000000000000e+00,1.000000000000000000e+00,0.000000000000000000e+00,-1.000000000000000000e+00,-8.660254037844387076e-01,0.000000000000000000e+00,-4.999999999999999445e-01,2.451811207641110824e-02,0.000000000000000000e+00,0.000000000000000000e+00,0.000000000000000000e+00,1.000000000000000000e+00
-4.999999999999999445e-01,0.000000000000000000e+00,8.660254037844387076e-01,5.000000000000000000e-01,0.000000000000000000e+00,1.000000000000000000e+00,0.000000000000000000e+00,-1.000000000000000000e+00,-8.660254037844387076e-01,0.000000000000000000e+00,-4.999999999999999445e-01,2.285402270011704928e-02,0.000000000000000000e+00,0.000000000000000000e+00,0.000000000000000000e+00,1.000000000000000000e+00
-4.999999999999999445e-01,0.000000000000000000e+00,8.660254037844387076e-01,5.000000000000000000e-01,0.000000000000000000e+00,1.000000000000000000e+00,0.000000000000000000e+00,-1.000000000000000000e+00,-8.660254037844387076e-01,0.000000000000000000e+00,-4.999999999999999445e-01,2.130182171846081718e-02,0.000000000000000000e+00,0.000000000000000000e+00,0.000000000000000000e+00,1.000000000000000000e+00
-4.999999999999999445e-01,0.000000000000000000e+00,8.660254037844387076e-01,5.000000000000000000e-01,0.000000000000000000e+00,1.000000000000000000e+00,0.000000000000000000e+00,-1.000000000000000000e+00,-8.660254037844387076e-01,0.000000000000000000e+00,-4.999999999999999445e-01,1.986133291508793142e-02,0.000000000000000000e+00,0.000000000000000000e+00,0.000000000000000000e+00,1.000000000000000000e+00
-4.999999999999999445e-01,0.000000000000000000e+00,8.660254037844387076e-01,5.000000000000000000e-01,0.000000000000000000e+00,1.000000000000000000e+00,0.000000000000000000e+00,-1.000000000000000000e+00,-8.660254037844387076e-01,0.000000000000000000e+00,-4.999999999999999445e-01,1.853195571589116852e-02,0.000000000000000000e+00,0.000000000000000000e+00,0.000000000000000000e+00,1.000000000000000000e+00
-4.999999999999999445e-01,0.000000000000000000e+00,8.660254037844387076e-01,5.000000000000000000e-01,0.000000000000000000e+00,1.000000000000000000e+00,0.000000000000000000e+00,-1.000000000000000000e+00,-8.660254037844387076e-01,0.000000000000000000e+00,-4.999999999999999445e-01,1.731265080400312684e-02,0.000000000000000000e+00,0.000000000000000000e+00,0.000000000000000000e+00,1.000000000000000000e+00
-4.999999999999999445e-01,0.000000000000000000e+00,8.660254037844387076e-01,5.000000000000000000e-01,0.000000000000000000e+00,1.000000000000000000e+00,0.000000000000000000e+00,-1.000000000000000000e+00,-8.660254037844387076e-01,0.000000000000000000e+00,-4.999999999999999445e-01,1.620192573478573816e-02,0.000000000000000000e+00,0.000000000000000000e+00,0.000000000000000000e+00,1.000000000000000000e+00
-4.999999999999999445e-01,0.000000000000000000e+00,8.660254037844387076e-01,5.000000000000000000e-01,0.000000000000000000e+00,1.000000000000000000e+00,0.000000000000000000e+00,-1.000000000000000000e+00,-8.660254037844387076e-01,0.000000000000000000e+00,-4.999999999999999445e-01,1.519782055082483097e-02,0.000000000000000000e+00,0.000000000000000000e+00,0.000000000000000000e+00,1.000000000000000000e+00
-4.999999999999999445e-01,0.000000000000000000e+00,8.660254037844387076e-01,5.000000000000000000e-01,0.000000000000000000e+00,1.000000000000000000e+00,0.000000000000000000e+00,-1.000000000000000000e+00,-8.660254037844387076e-01,0.000000000000000000e+00,-4.999999999999999445e-01,1.429789339691819872e-02,0.000000000000000000e+00,0.000000000000000000e+00,0.000000000000000000e+00,1.000000000000000000e+00
-4.999999999999999445e-01,0.000000000000000000e+00,8.660254037844387076e-01,5.000000000000000000e-01,0.000000000000000000e+00,1.000000000000000000e+00,0.000000000000000000e+00,-1.000000000000000000e+00,-8.660254037844387076e-01,0.000000000000000000e+00,-4.999999999999999445e-01,1.349920613506927491e-02,0.000000000000000000e+00,0.000000000000000000e+00,0.000000000000000000e+00,1.000000000000000000e+00
-4.999999999999999445e-01,0.000000000000000000e+00,8.660254037844387076e-01,5.000000000000000000e-01,0.000000000000000000e+00,1.000000000000000000e+00,0.000000000000000000e+00,-1.000000000000000000e+00,-8.660254037844387076e-01,0.000000000000000000e+00,-4.999999999999999445e-01,1.279830995947836558e-02,0.000000000000000000e+00,0.000000000000000000e+00,0.000000000000000000e+00,1.000000000000000000e+00
-4.999999999999999445e-01,0.000000000000000000e+00,8.660254037844387076e-01,5.000000000000000000e-01,0.000000000000000000e+00,1.000000000000000000e+00,0.000000000000000000e+00,-1.000000000000000000e+00,-8.660254037844387076e-01,0.000000000000000000e+00,-4.999999999999999445e-01,1.219123101153282707e-02,0.000000000000000000e+00,0.000000000000000000e+00,0.000000000000000000e+00,1.000000000000000000e+00
-4.999999999999999445e-01,0.000000000000000000e+00,8.660254037844387076e-01,5.000000000000000000e-01,0.000000000000000000e+00,1.000000000000000000e+00,0.000000000000000000e+00,-1.000000000000000000e+00,-8.660254037844387076e-01,0.000000000000000000e+00,-4.999999999999999445e-01,1.167345599479971407e-02,0.000000000000000000e+00,0.000000000000000000e+00,0.000000000000000000e+00,1.000000000000000000e+00
-4.999999999999999445e-01,0.000000000000000000e+00,8.660254037844387076e-01,5.000000000000000000e-01,0.000000000000000000e+00,1.000000000000000000e+00,0.000000000000000000e+00,-1.000000000000000000e+00,-8.660254037844387076e-01,0.000000000000000000e+00,-4.999999999999999445e-01,1.123991779001695668e-02,0.000000000000000000e+00,0.000000000000000000e+00,0.000000000000000000e+00,1.000000000000000000e+00
-4.999999999999999445e-01,0.000000000000000000e+00,8.660254037844387076e-01,5.000000000000000000e-01,0.000000000000000000e+00,1.000000000000000000e+00,0.000000000000000000e+00,-1.000000000000000000e+00,-8.660254037844387076e-01,0.000000000000000000e+00,-4.999999999999999445e-01,1.088498107008425975e-02,0.000000000000000000e+00,0.000000000000000000e+00,0.000000000000000000e+00,1.000000000000000000e+00
-4.999999999999999445e-01,0.000000000000000000e+00,8.660254037844387076e-01,5.000000000000000000e-01,0.000000000000000000e+00,1.000000000000000000e+00,0.000000000000000000e+00,-1.000000000000000000e+00,-8.660254037844387076e-01,0.000000000000000000e+00,-4.999999999999999445e-01,1.060242791505569548e-02,0.000000000000000000e+00,0.000000000000000000e+00,0.000000000000000000e+00,1.000000000000000000e+00
-4.999999999999999445e-01,0.000000000000000000e+00,8.660254037844387076e-01,5.000000000000000000e-01,0.000000000000000000e+00,1.000000000000000000e+00,0.000000000000000000e+00,-1.000000000000000000e+00,-8.660254037844387076e-01,0.000000000000000000e+00,-4.999999999999999445e-01,1.038544342712999224e-02,0.000000000000000000e+00,0.000000000000000000e+00,0.000000000000000000e+00,1.000000000000000000e+00
-4.999999999999999445e-01,0.000000000000000000e+00,8.660254037844387076e-01,5.000000000000000000e-01,0.000000000000000000e+00,1.000000000000000000e+00,0.000000000000000000e+00,-1.000000000000000000e+00,-8.660254037844387076e-01,0.000000000000000000e+00,-4.999999999999999445e-01,1.022660134564287726e-02,0.000000000000000000e+00,0.000000000000000000e+00,0.000000000000000000e+00,1.000000000000000000e+00
-4.999999999999999445e-01,0.000000000000000000e+00,8.660254037844387076e-01,5.000000000000000000e-01,0.000000000000000000e+00,1.000000000000000000e+00,0.000000000000000000e+00,-1.000000000000000000e+00,-8.660254037844387076e-01,0.000000000000000000e+00,-4.999999999999999445e-01,1.011784966205672709e-02,0.000000000000000000e+00,0.000000000000000000e+00,0.000000000000000000e+00,1.000000000000000000e+00
-4.999999999999999445e-01,0.000000000000000000e+00,8.660254037844387076e-01,5.000000000000000000e-01,0.000000000000000000e+00,1.000000000000000000e+00,0.000000000000000000e+00,-1.000000000000000000e+00,-8.660254037844387076e-01,0.000000000000000000e+00,-4.999999999999999445e-01,1.005049623495507527e-02,0.000000000000000000e+00,0.000000000000000000e+00,0.000000000000000000e+00,1.000000000000000000e+00
-4.999999999999999445e-01,0.000000000000000000e+00,8.660254037844387076e-01,5.000000000000000000e-01,0.000000000000000000e+00,1.000000000000000000e+00,0.000000000000000000e+00,-1.000000000000000000e+00,-8.660254037844387076e-01,0.000000000000000000e+00,-4.999999999999999445e-01,1.001519440503256808e-02,0.000000000000000000e+00,0.000000000000000000e+00,0.000000000000000000e+00,1.000000000000000000e+00
-4.999999999999999445e-01,0.000000000000000000e+00,8.660254037844387076e-01,5.000000000000000000e-01,0.000000000000000000e+00,1.000000000000000000e+00,0.000000000000000000e+00,-1.000000000000000000e+00,-8.660254037844387076e-01,0.000000000000000000e+00,-4.999999999999999445e-01,1.000192861008364353e-02,0.000000000000000000e+00,0.000000000000000000e+00,0.000000000000000000e+00,1.000000000000000000e+00
-4.999999999999999445e-01,0.000000000000000000e+00,8.660254037844387076e-01,5.000000000000000000e-01,0.000000000000000000e+00,1.000000000000000000e+00,0.000000000000000000e+00,-1.000000000000000000e+00,-8.660254037844387076e-01,0.000000000000000000e+00,-4.999999999999999445e-01,1.000000000000000888e-02,0.000000000000000000e+00,0.000000000000000000e+00,0.000000000000000000e+00,1.000000000000000000e+00
-4.999999999999999445e-01,0.000000000000000000e+00,8.660254037844387076e-01,5.000000000000000000e-01,0.000000000000000000e+00,1.000000000000000000e+00,0.000000000000000000e+00,-1.000000000000000000e+00,-8.660254037844387076e-01,0.000000000000000000e+00,-4.999999999999999445e-01,1.000000000000000021e-02,0.000000000000000000e+00,0.000000000000000000e+00,0.000000000000000000e+00,1.000000000000000000e+00
-4.999999999999999445e-01,0.000000000000000000e+00,8.660254037844387076e-01,5.000000000000000000e-01,0.000000000000000000e+00,1.000000000000000000e+00,0.000000000000000000e+00,-1.000000000000000000e+00,-8.660254037844387076e-01,0.000000000000000000e+00,-4.999999999999999445e-01,1.000000000000000021e-02,0.000000000000000000e+00,0.000000000000000000e+00,0.000000000000000000e+00,1.000000000000000000e+00
-4.999999999999999445e-01,0.000000000000000000e+00,8.660254037844387076e-01,5.000000000000000000e-01,0.000000000000000000e+00,1.000000000000000000e+00,0.000000000000000000e+00,-1.000000000000000000e+00,-8.660254037844387076e-01,0.000000000000000000e+00,-4.999999999999999445e-01,1.000000000000000021e-02,0.000000000000000000e+00,0.000000000000000000e+00,0.000000000000000000e+00,1.000000000000000000e+00
-4.999999999999999445e-01,0.000000000000000000e+00,8.660254037844387076e-01,5.000000000000000000e-01,0.000000000000000000e+00,1.000000000000000000e+00,0.000000000000000000e+00,-1.000000000000000000e+00,-8.660254037844387076e-01,0.000000000000000000e+00,-4.999999999999999445e-01,1.000000000000000021e-02,0.000000000000000000e+00,0.000000000000000000e+00,0.000000000000000000e+00,1.000000000000000000e+00
-4.999999999999999445e-01,0.000000000000000000e+00,8.660254037844387076e-01,5.000000000000000000e-01,0.000000000000000000e+00,1.000000000000000000e+00,0.000000000000000000e+00,-1.000000000000000000e+00,-8.660254037844387076e-01,0.000000000000000000e+00,-4.999999999999999445e-01,1.000000000000000021e-02,0.000000000000000000e+00,0.000000000000000000e+00,0.000000000000000000e+00,1.000000000000000000e+00
-4.999999999999999445e-01,0.000000000000000000e+00,8.660254037844387076e-01,5.000000000000000000e-01,0.000000000000000000e+00,1.000000000000000000e+00,0.000000000000000000e+00,-1.000000000000000000e+00,-8.660254037844387076e-01,0.000000000000000000e+00,-4.999999999999999445e-01,1.000000000000000021e-02,0.000000000000000000e+00,0.000000000000000000e+00,0.000000000000000000e+00,1.000000000000000000e+00
-4.999999999999999445e-01,0.000000000000000000e+00,8.660254037844387076e-01,5.000000000000000000e-01,0.000000000000000000e+00,1.000000000000000000e+00,0.000000000000000000e+00,-1.000000000000000000e+00,-8.660254037844387076e-01,0.000000000000000000e+00,-4.999999999999999445e-01,1.000000000000000021e-02,0.000000000000000000e+00,0.000000000000000000e+00,0.000000000000000000e+00,1.000000000000000000e+00
-4.999999999999999445e-01,0.000000000000000000e+00,8.660254037844387076e-01,5.000000000000000000e-01,0.000000000000000000e+00,1.000000000000000000e+00,0.000000000000000000e+00,-1.000000000000000000e+00,-8.660254037844387076e-01,0.000000000000000000e+00,-4.999999999999999445e-01,1.000000000000000021e-02,0.000000000000000000e+00,0.000000000000000000e+00,0.000000000000000000e+00,1.000000000000000000e+00
-4.999999999999999445e-01,0.000000000000000000e+00,8.660254037844387076e-01,5.000000000000000000e-01,0.000000000000000000e+00,1.000000000000000000e+00,0.000000000000000000e+00,-1.000000000000000000e+00,-8.660254037844387076e-01,0.000000000000000000e+00,-4.999999999999999445e-01,1.000000000000000021e-02,0.000000000000000000e+00,0.000000000000000000e+00,0.000000000000000000e+00,1.000000000000000000e+00
-4.999999999999999445e-01,0.000000000000000000e+00,8.660254037844387076e-01,5.000000000000000000e-01,0.000000000000000000e+00,1.000000000000000000e+00,0.000000000000000000e+00,-1.000000000000000000e+00,-8.660254037844387076e-01,0.000000000000000000e+00,-4.999999999999999445e-01,1.000000000000000021e-02,0.000000000000000000e+00,0.000000000000000000e+00,0.000000000000000000e+00,1.000000000000000000e+00
-4.999999999999999445e-01,0.000000000000000000e+00,8.660254037844387076e-01,5.000000000000000000e-01,0.000000000000000000e+00,1.000000000000000000e+00,0.000000000000000000e+00,-1.000000000000000000e+00,-8.660254037844387076e-01,0.000000000000000000e+00,-4.999999999999999445e-01,1.000000000000000021e-02,0.000000000000000000e+00,0.000000000000000000e+00,0.000000000000000000e+00,1.000000000000000000e+00
-4.999999999999999445e-01,0.000000000000000000e+00,8.660254037844387076e-01,5.000000000000000000e-01,0.000000000000000000e+00,1.000000000000000000e+00,0.000000000000000000e+00,-1.000000000000000000e+00,-8.660254037844387076e-01,0.000000000000000000e+00,-4.999999999999999445e-01,1.000000000000000021e-02,0.000000000000000000e+00,0.000000000000000000e+00,0.000000000000000000e+00,1.000000000000000000e+00
-4.999999999999999445e-01,0.000000000000000000e+00,8.660254037844387076e-01,5.000000000000000000e-01,0.000000000000000000e+00,1.000000000000000000e+00,0.000000000000000000e+00,-1.000000000000000000e+00,-8.660254037844387076e-01,0.000000000000000000e+00,-4.999999999999999445e-01,1.000000000000000021e-02,0.000000000000000000e+00,0.000000000000000000e+00,0.000000000000000000e+00,1.000000000000000000e+00
-4.999999999999999445e-01,0.000000000000000000e+00,8.660254037844387076e-01,5.000000000000000000e-01,0.000000000000000000e+00,1.000000000000000000e+00,0.000000000000000000e+00,-1.000000000000000000e+00,-8.660254037844387076e-01,0.000000000000000000e+00,-4.999999999999999445e-01,1.000000000000000021e-02,0.000000000000000000e+00,0.000000000000000000e+00,0.000000000000000000e+00,1.000000000000000000e+00
-4.999999999999999445e-01,0.000000000000000000e+00,8.660254037844387076e-01,5.000000000000000000e-01,0.000000000000000000e+00,1.000000000000000000e+00,0.000000000000000000e+00,-1.000000000000000000e+00,-8.660254037844387076e-01,0.000000000000000000e+00,-4.999999999999999445e-01,1.000000000000000021e-02,0.000000000000000000e+00,0.000000000000000000e+00,0.000000000000000000e+00,1.000000000000000000e+00
-4.999999999999999445e-01,0.000000000000000000e+00,8.660254037844387076e-01,5.000000000000000000e-01,0.000000000000000000e+00,1.000000000000000000e+00,0.000000000000000000e+00,-1.000000000000000000e+00,-8.660254037844387076e-01,0.000000000000000000e+00,-4.999999999999999445e-01,1.000000000000000021e-02,0.000000000000000000e+00,0.000000000000000000e+00,0.000000000000000000e+00,1.000000000000000000e+00
-4.999999999999999445e-01,0.000000000000000000e+00,8.660254037844387076e-01,5.000000000000000000e-01,0.000000000000000000e+00,1.000000000000000000e+00,0.000000000000000000e+00,-1.000000000000000000e+00,-8.660254037844387076e-01,0.000000000000000000e+00,-4.999999999999999445e-01,1.000000000000000021e-02,0.000000000000000000e+00,0.000000000000000000e+00,0.000000000000000000e+00,1.000000000000000000e+00
-4.999999999999999445e-01,0.000000000000000000e+00,8.660254037844387076e-01,5.000000000000000000e-01,0.000000000000000000e+00,1.000000000000000000e+00,0.000000000000000000e+00,-1.000000000000000000e+00,-8.660254037844387076e-01,0.000000000000000000e+00,-4.999999999999999445e-01,1.000000000000000021e-02,0.000000000000000000e+00,0.000000000000000000e+00,0.000000000000000000e+00,1.000000000000000000e+00
-4.999999999999999445e-01,0.000000000000000000e+00,8.660254037844387076e-01,5.000000000000000000e-01,0.000000000000000000e+00,1.000000000000000000e+00,0.000000000000000000e+00,-1.000000000000000000e+00,-8.660254037844387076e-01,0.000000000000000000e+00,-4.999999999999999445e-01,1.000000000000000021e-02,0.000000000000000000e+00,0.000000000000000000e+00,0.000000000000000000e+00,1.000000000000000000e+00
-4.999999999999999445e-01,0.000000000000000000e+00,8.660254037844387076e-01,5.000000000000000000e-01,0.000000000000000000e+00,1.000000000000000000e+00,0.000000000000000000e+00,-1.000000000000000000e+00,-8.660254037844387076e-01,0.000000000000000000e+00,-4.999999999999999445e-01,1.000000000000000021e-02,0.000000000000000000e+00,0.000000000000000000e+00,0.000000000000000000e+00,1.000000000000000000e+00
-4.999999999999999445e-01,0.000000000000000000e+00,8.660254037844387076e-01,5.000000000000000000e-01,0.000000000000000000e+00,1.000000000000000000e+00,0.000000000000000000e+00,-1.000000000000000000e+00,-8.660254037844387076e-01,0.000000000000000000e+00,-4.999999999999999445e-01,1.000000000000000021e-02,0.000000000000000000e+00,0.000000000000000000e+00,0.000000000000000000e+00,1.000000000000000000e+00
-4.999999999999999445e-01,0.000000000000000000e+00,8.660254037844387076e-01,5.000000000000000000e-01,0.000000000000000000e+00,1.000000000000000000e+00,0.000000000000000000e+00,-1.000000000000000000e+00,-8.660254037844387076e-01,0.000000000000000000e+00,-4.999999999999999445e-01,1.000000000000000021e-02,0.000000000000000000e+00,0.000000000000000000e+00,0.000000000000000000e+00,1.000000000000000000e+00
-4.999999999999999445e-01,0.000000000000000000e+00,8.660254037844387076e-01,5.000000000000000000e-01,0.000000000000000000e+00,1.000000000000000000e+00,0.000000000000000000e+00,-1.000000000000000000e+00,-8.660254037844387076e-01,0.000000000000000000e+00,-4.999999999999999445e-01,1.000000000000000021e-02,0.000000000000000000e+00,0.000000000000000000e+00,0.000000000000000000e+00,1.000000000000000000e+00
-4.999999999999999445e-01,0.000000000000000000e+00,8.660254037844387076e-01,5.000000000000000000e-01,0.000000000000000000e+00,1.000000000000000000e+00,0.000000000000000000e+00,-1.000000000000000000e+00,-8.660254037844387076e-01,0.000000000000000000e+00,-4.999999999999999445e-01,1.000000000000000021e-02,0.000000000000000000e+00,0.000000000000000000e+00,0.000000000000000000e+00,1.000000000000000000e+00
-4.999999999999999445e-01,0.000000000000000000e+00,8.660254037844387076e-01,5.000000000000000000e-01,0.000000000000000000e+00,1.000000000000000000e+00,0.000000000000000000e+00,-1.000000000000000000e+00,-8.660254037844387076e-01,0.000000000000000000e+00,-4.999999999999999445e-01,1.000000000000000021e-02,0.000000000000000000e+00,0.000000000000000000e+00,0.000000000000000000e+00,1.000000000000000000e+00
-4.999999999999999445e-01,0.000000000000000000e+00,8.660254037844387076e-01,5.000000000000000000e-01,0.000000000000000000e+00,1.000000000000000000e+00,0.000000000000000000e+00,-1.000000000000000000e+00,-8.660254037844387076e-01,0.000000000000000000e+00,-4.999999999999999445e-01,1.000000000000000021e-02,0.000000000000000000e+00,0.000000000000000000e+00,0.000000000000000000e+00,1.000000000000000000e+00
-4.999999999999999445e-01,0.000000000000000000e+00,8.660254037844387076e-01,5.000000000000000000e-01,0.000000000000000000e+00,1.000000000000000000e+00,0.000000000000000000e+00,-1.000000000000000000e+00,-8.660254037844387076e-01,0.000000000000000000e+00,-4.999999999999999445e-01,1.000000000000000021e-02,0.000000000000000000e+00,0.000000000000000000e+00,0.000000000000000000e+00,1.000000000000000000e+00
-4.999999999999999445e-01,0.000000000000000000e+00,8.660254037844387076e-01,5.000000000000000000e-01,0.000000000000000000e+00,1.000000000000000000e+00,0.000000000000000000e+00,-1.000000000000000000e+00,-8.660254037844387076e-01,0.000000000000000000e+00,-4.999999999999999445e-01,1.000000000000000021e-02,0.000000000000000000e+00,0.000000000000000000e+00,0.000000000000000000e+00,1.000000000000000000e+00
-4.999999999999999445e-01,0.000000000000000000e+00,8.660254037844387076e-01,5.000000000000000000e-01,0.000000000000000000e+00,1.000000000000000000e+00,0.000000000000000000e+00,-1.000000000000000000e+00,-8.660254037844387076e-01,0.000000000000000000e+00,-4.999999999999999445e-01,1.000000000000000021e-02,0.000000000000000000e+00,0.000000000000000000e+00,0.000000000000000000e+00,1.000000000000000000e+00
-4.999999999999999445e-01,0.000000000000000000e+00,8.660254037844387076e-01,5.000000000000000000e-01,0.000000000000000000e+00,1.000000000000000000e+00,0.000000000000000000e+00,-1.000000000000000000e+00,-8.660254037844387076e-01,0.000000000000000000e+00,-4.999999999999999445e-01,1.000000000000000021e-02,0.000000000000000000e+00,0.000000000000000000e+00,0.000000000000000000e+00,1.000000000000000000e+00
-4.999999999999999445e-01,0.000000000000000000e+00,8.660254037844387076e-01,5.000000000000000000e-01,0.000000000000000000e+00,1.000000000000000000e+00,0.000000000000000000e+00,-1.000000000000000000e+00,-8.660254037844387076e-01,0.000000000000000000e+00,-4.999999999999999445e-01,1.000000000000000021e-02,0.000000000000000000e+00,0.000000000000000000e+00,0.000000000000000000e+00,1.000000000000000000e+00
-4.999999999999999445e-01,0.000000000000000000e+00,8.660254037844387076e-01,5.000000000000000000e-01,0.000000000000000000e+00,1.000000000000000000e+00,0.000000000000000000e+00,-1.000000000000000000e+00,-8.660254037844387076e-01,0.000000000000000000e+00,-4.999999999999999445e-01,1.000000000000000021e-02,0.000000000000000000e+00,0.000000000000000000e+00,0.000000000000000000e+00,1.000000000000000000e+00
-4.999999999999999445e-01,0.000000000000000000e+00,8.660254037844387076e-01,5.000000000000000000e-01,0.000000000000000000e+00,1.000000000000000000e+00,0.000000000000000000e+00,-1.000000000000000000e+00,-8.660254037844387076e-01,0.000000000000000000e+00,-4.999999999999999445e-01,1.000000000000000021e-02,0.000000000000000000e+00,0.000000000000000000e+00,0.000000000000000000e+00,1.000000000000000000e+00
-4.999999999999999445e-01,0.000000000000000000e+00,8.660254037844387076e-01,5.000000000000000000e-01,0.000000000000000000e+00,1.000000000000000000e+00,0.000000000000000000e+00,-1.000000000000000000e+00,-8.660254037844387076e-01,0.000000000000000000e+00,-4.999999999999999445e-01,1.000000000000000021e-02,0.000000000000000000e+00,0.000000000000000000e+00,0.000000000000000000e+00,1.000000000000000000e+00
-4.999999999999999445e-01,0.000000000000000000e+00,8.660254037844387076e-01,5.000000000000000000e-01,0.000000000000000000e+00,1.000000000000000000e+00,0.000000000000000000e+00,-1.000000000000000000e+00,-8.660254037844387076e-01,0.000000000000000000e+00,-4.999999999999999445e-01,1.000000000000000021e-02,0.000000000000000000e+00,0.000000000000000000e+00,0.000000000000000000e+00,1.000000000000000000e+00
-4.999999999999999445e-01,0.000000000000000000e+00,8.660254037844387076e-01,5.000000000000000000e-01,0.000000000000000000e+00,1.000000000000000000e+00,0.000000000000000000e+00,-1.000000000000000000e+00,-8.660254037844387076e-01,0.000000000000000000e+00,-4.999999999999999445e-01,1.000000000000000021e-02,0.000000000000000000e+00,0.000000000000000000e+00,0.000000000000000000e+00,1.000000000000000000e+00
-4.999999999999999445e-01,0.000000000000000000e+00,8.660254037844387076e-01,5.000000000000000000e-01,0.000000000000000000e+00,1.000000000000000000e+00,0.000000000000000000e+00,-1.000000000000000000e+00,-8.660254037844387076e-01,0.000000000000000000e+00,-4.999999999999999445e-01,1.000000000000000021e-02,0.000000000000000000e+00,0.000000000000000000e+00,0.000000000000000000e+00,1.000000000000000000e+00
-4.999999999999999445e-01,0.000000000000000000e+00,8.660254037844387076e-01,5.000000000000000000e-01,0.000000000000000000e+00,1.000000000000000000e+00,0.000000000000000000e+00,-1.000000000000000000e+00,-8.660254037844387076e-01,0.000000000000000000e+00,-4.999999999999999445e-01,1.000000000000000021e-02,0.000000000000000000e+00,0.000000000000000000e+00,0.000000000000000000e+00,1.000000000000000000e+00
-4.999999999999999445e-01,0.000000000000000000e+00,8.660254037844387076e-01,5.000000000000000000e-01,0.000000000000000000e+00,1.000000000000000000e+00,0.000000000000000000e+00,-1.000000000000000000e+00,-8.660254037844387076e-01,0.000000000000000000e+00,-4.999999999999999445e-01,1.000000000000000021e-02,0.000000000000000000e+00,0.000000000000000000e+00,0.000000000000000000e+00,1.000000000000000000e+00
-4.999999999999999445e-01,0.000000000000000000e+00,8.660254037844387076e-01,5.000000000000000000e-01,0.000000000000000000e+00,1.000000000000000000e+00,0.000000000000000000e+00,-1.000000000000000000e+00,-8.660254037844387076e-01,0.000000000000000000e+00,-4.999999999999999445e-01,1.000000000000000021e-02,0.000000000000000000e+00,0.000000000000000000e+00,0.000000000000000000e+00,1.000000000000000000e+00
-4.999999999999999445e-01,0.000000000000000000e+00,8.660254037844387076e-01,5.000000000000000000e-01,0.000000000000000000e+00,1.000000000000000000e+00,0.000000000000000000e+00,-1.000000000000000000e+00,-8.660254037844387076e-01,0.000000000000000000e+00,-4.999999999999999445e-01,1.000000000000000021e-02,0.000000000000000000e+00,0.000000000000000000e+00,0.000000000000000000e+00,1.000000000000000000e+00
-4.999999999999999445e-01,0.000000000000000000e+00,8.660254037844387076e-01,5.000000000000000000e-01,0.000000000000000000e+00,1.000000000000000000e+00,0.000000000000000000e+00,-1.000000000000000000e+00,-8.660254037844387076e-01,0.000000000000000000e+00,-4.999999999999999445e-01,1.000000000000000021e-02,0.000000000000000000e+00,0.000000000000000000e+00,0.000000000000000000e+00,1.000000000000000000e+00
-4.999999999999999445e-01,0.000000000000000000e+00,8.660254037844387076e-01,5.000000000000000000e-01,0.000000000000000000e+00,1.000000000000000000e+00,0.000000000000000000e+00,-1.000000000000000000e+00,-8.660254037844387076e-01,0.000000000000000000e+00,-4.999999999999999445e-01,1.000000000000000021e-02,0.000000000000000000e+00,0.000000000000000000e+00,0.000000000000000000e+00,1.000000000000000000e+00
-4.999999999999999445e-01,0.000000000000000000e+00,8.660254037844387076e-01,5.000000000000000000e-01,0.000000000000000000e+00,1.000000000000000000e+00,0.000000000000000000e+00,-1.000000000000000000e+00,-8.660254037844387076e-01,0.000000000000000000e+00,-4.999999999999999445e-01,1.000000000000000021e-02,0.000000000000000000e+00,0.000000000000000000e+00,0.000000000000000000e+00,1.000000000000000000e+00
-4.999999999999999445e-01,0.000000000000000000e+00,8.660254037844387076e-01,5.000000000000000000e-01,0.000000000000000000e+00,1.000000000000000000e+00,0.000000000000000000e+00,-1.000000000000000000e+00,-8.660254037844387076e-01,0.000000000000000000e+00,-4.999999999999999445e-01,1.000000000000000021e-02,0.000000000000000000e+00,0.000000000000000000e+00,0.000000000000000000e+00,1.000000000000000000e+00
-4.999999999999999445e-01,0.000000000000000000e+00,8.660254037844387076e-01,5.000000000000000000e-01,0.000000000000000000e+00,1.000000000000000000e+00,0.000000000000000000e+00,-1.000000000000000000e+00,-8.660254037844387076e-01,0.000000000000000000e+00,-4.999999999999999445e-01,1.000000000000000021e-02,0.000000000000000000e+00,0.000000000000000000e+00,0.000000000000000000e+00,1.000000000000000000e+00
-4.999999999999999445e-01,0.000000000000000000e+00,8.660254037844387076e-01,5.000000000000000000e-01,0.000000000000000000e+00,1.000000000000000000e+00,0.000000000000000000e+00,-1.000000000000000000e+00,-8.660254037844387076e-01,0.000000000000000000e+00,-4.999999999999999445e-01,1.000000000000000021e-02,0.000000000000000000e+00,0.000000000000000000e+00,0.000000000000000000e+00,1.000000000000000000e+00
-4.999999999999999445e-01,0.000000000000000000e+00,8.660254037844387076e-01,5.000000000000000000e-01,0.000000000000000000e+00,1.000000000000000000e+00,0.000000000000000000e+00,-1.000000000000000000e+00,-8.660254037844387076e-01,0.000000000000000000e+00,-4.999999999999999445e-01,1.000000000000000021e-02,0.000000000000000000e+00,0.000000000000000000e+00,0.000000000000000000e+00,1.000000000000000000e+00
-4.999999999999999445e-01,0.000000000000000000e+00,8.660254037844387076e-01,5.000000000000000000e-01,0.000000000000000000e+00,1.000000000000000000e+00,0.000000000000000000e+00,-1.000000000000000000e+00,-8.660254037844387076e-01,0.000000000000000000e+00,-4.999999999999999445e-01,1.000000000000000021e-02,0.000000000000000000e+00,0.000000000000000000e+00,0.000000000000000000e+00,1.000000000000000000e+00
-4.999999999999999445e-01,0.000000000000000000e+00,8.660254037844387076e-01,5.000000000000000000e-01,0.000000000000000000e+00,1.000000000000000000e+00,0.000000000000000000e+00,-1.000000000000000000e+00,-8.660254037844387076e-01,0.000000000000000000e+00,-4.999999999999999445e-01,1.000000000000000021e-02,0.000000000000000000e+00,0.000000000000000000e+00,0.000000000000000000e+00,1.000000000000000000e+00
-4.999999999999999445e-01,0.000000000000000000e+00,8.660254037844387076e-01,5.000000000000000000e-01,0.000000000000000000e+00,1.000000000000000000e+00,0.000000000000000000e+00,-1.000000000000000000e+00,-8.660254037844387076e-01,0.000000000000000000e+00,-4.999999999999999445e-01,1.000000000000000021e-02,0.000000000000000000e+00,0.000000000000000000e+00,0.000000000000000000e+00,1.000000000000000000e+00
-4.999999999999999445e-01,0.000000000000000000e+00,8.660254037844387076e-01,5.000000000000000000e-01,0.000000000000000000e+00,1.000000000000000000e+00,0.000000000000000000e+00,-1.000000000000000000e+00,-8.660254037844387076e-01,0.000000000000000000e+00,-4.999999999999999445e-01,1.000000000000000021e-02,0.000000000000000000e+00,0.000000000000000000e+00,0.000000000000000000e+00,1.000000000000000000e+00
-4.999999999999999445e-01,0.000000000000000000e+00,8.660254037844387076e-01,5.000000000000000000e-01,0.000000000000000000e+00,1.000000000000000000e+00,0.000000000000000000e+00,-1.000000000000000000e+00,-8.660254037844387076e-01,0.000000000000000000e+00,-4.999999999999999445e-01,1.000000000000000021e-02,0.000000000000000000e+00,0.000000000000000000e+00,0.000000000000000000e+00,1.000000000000000000e+00
-4.999999999999999445e-01,0.000000000000000000e+00,8.660254037844387076e-01,5.000000000000000000e-01,0.000000000000000000e+00,1.000000000000000000e+00,0.000000000000000000e+00,-1.000000000000000000e+00,-8.660254037844387076e-01,0.000000000000000000e+00,-4.999999999999999445e-01,1.000000000000000021e-02,0.000000000000000000e+00,0.000000000000000000e+00,0.000000000000000000e+00,1.000000000000000000e+00
-4.999999999999999445e-01,0.000000000000000000e+00,8.660254037844387076e-01,5.000000000000000000e-01,0.000000000000000000e+00,1.000000000000000000e+00,0.000000000000000000e+00,-1.000000000000000000e+00,-8.660254037844387076e-01,0.000000000000000000e+00,-4.999999999999999445e-01,1.000000000000000021e-02,0.000000000000000000e+00,0.000000000000000000e+00,0.000000000000000000e+00,1.000000000000000000e+00
-4.999999999999999445e-01,0.000000000000000000e+00,8.660254037844387076e-01,5.000000000000000000e-01,0.000000000000000000e+00,1.000000000000000000e+00,0.000000000000000000e+00,-1.000000000000000000e+00,-8.660254037844387076e-01,0.000000000000000000e+00,-4.999999999999999445e-01,1.000000000000000021e-02,0.000000000000000000e+00,0.000000000000000000e+00,0.000000000000000000e+00,1.000000000000000000e+00
-4.999999999999999445e-01,0.000000000000000000e+00,8.660254037844387076e-01,5.000000000000000000e-01,0.000000000000000000e+00,1.000000000000000000e+00,0.000000000000000000e+00,-1.000000000000000000e+00,-8.660254037844387076e-01,0.000000000000000000e+00,-4.999999999999999445e-01,1.000000000000000021e-02,0.000000000000000000e+00,0.000000000000000000e+00,0.000000000000000000e+00,1.000000000000000000e+00
-4.999999999999999445e-01,0.000000000000000000e+00,8.660254037844387076e-01,5.000000000000000000e-01,0.000000000000000000e+00,1.000000000000000000e+00,0.000000000000000000e+00,-1.000000000000000000e+00,-8.660254037844387076e-01,0.000000000000000000e+00,-4.999999999999999445e-01,1.000000000000000021e-02,0.000000000000000000e+00,0.000000000000000000e+00,0.000000000000000000e+00,1.000000000000000000e+00
-4.999999999999999445e-01,0.000000000000000000e+00,8.660254037844387076e-01,5.000000000000000000e-01,0.000000000000000000e+00,1.000000000000000000e+00,0.000000000000000000e+00,-1.000000000000000000e+00,-8.660254037844387076e-01,0.000000000000000000e+00,-4.999999999999999445e-01,1.000000000000000021e-02,0.000000000000000000e+00,0.000000000000000000e+00,0.000000000000000000e+00,1.000000000000000000e+00
-4.999999999999999445e-01,0.000000000000000000e+00,8.660254037844387076e-01,5.000000000000000000e-01,0.000000000000000000e+00,1.000000000000000000e+00,0.000000000000000000e+00,-1.000000000000000000e+00,-8.660254037844387076e-01,0.000000000000000000e+00,-4.999999999999999445e-01,1.000000000000000021e-02,0.000000000000000000e+00,0.000000000000000000e+00,0.000000000000000000e+00,1.000000000000000000e+00
-4.999999999999999445e-01,0.000000000000000000e+00,8.660254037844387076e-01,5.000000000000000000e-01,0.000000000000000000e+00,1.000000000000000000e+00,0.000000000000000000e+00,-1.000000000000000000e+00,-8.660254037844387076e-01,0.000000000000000000e+00,-4.999999999999999445e-01,1.000000000000000021e-02,0.000000000000000000e+00,0.000000000000000000e+00,0.000000000000000000e+00,1.000000000000000000e+00
-4.999999999999999445e-01,0.000000000000000000e+00,8.660254037844387076e-01,5.000000000000000000e-01,0.000000000000000000e+00,1.000000000000000000e+00,0.000000000000000000e+00,-1.000000000000000000e+00,-8.660254037844387076e-01,0.000000000000000000e+00,-4.999999999999999445e-01,1.000000000000000021e-02,0.000000000000000000e+00,0.000000000000000000e+00,0.000000000000000000e+00,1.000000000000000000e+00
-4.999999999999999445e-01,0.000000000000000000e+00,8.660254037844387076e-01,5.000000000000000000e-01,0.000000000000000000e+00,1.000000000000000000e+00,0.000000000000000000e+00,-1.000000000000000000e+00,-8.660254037844387076e-01,0.000000000000000000e+00,-4.999999999999999445e-01,1.000000000000000021e-02,0.000000000000000000e+00,0.000000000000000000e+00,0.000000000000000000e+00,1.000000000000000000e+00
-4.999999999999999445e-01,0.000000000000000000e+00,8.660254037844387076e-01,5.000000000000000000e-01,0.000000000000000000e+00,1.000000000000000000e+00,0.000000000000000000e+00,-1.000000000000000000e+00,-8.660254037844387076e-01,0.000000000000000000e+00,-4.999999999999999445e-01,1.000000000000000021e-02,0.000000000000000000e+00,0.000000000000000000e+00,0.000000000000000000e+00,1.000000000000000000e+00
-4.999999999999999445e-01,0.000000000000000000e+00,8.660254037844387076e-01,5.000000000000000000e-01,0.000000000000000000e+00,1.000000000000000000e+00,0.000000000000000000e+00,-1.000000000000000000e+00,-8.660254037844387076e-01,0.000000000000000000e+00,-4.999999999999999445e-01,1.000000000000000021e-02,0.000000000000000000e+00,0.000000000000000000e+00,0.000000000000000000e+00,1.000000000000000000e+00
-4.999999999999999445e-01,0.000000000000000000e+00,8.660254037844387076e-01,5.000000000000000000e-01,0.000000000000000000e+00,1.000000000000000000e+00,0.000000000000000000e+00,-1.000000000000000000e+00,-8.660254037844387076e-01,0.000000000000000000e+00,-4.999999999999999445e-01,1.000000000000000021e-02,0.000000000000000000e+00,0.000000000000000000e+00,0.000000000000000000e+00,1.000000000000000000e+00
-4.999999999999999445e-01,0.000000000000000000e+00,8.660254037844387076e-01,5.000000000000000000e-01,0.000000000000000000e+00,1.000000000000000000e+00,0.000000000000000000e+00,-1.000000000000000000e+00,-8.660254037844387076e-01,0.000000000000000000e+00,-4.999999999999999445e-01,1.000000000000000021e-02,0.000000000000000000e+00,0.000000000000000000e+00,0.000000000000000000e+00,1.000000000000000000e+00
-4.999999999999999445e-01,0.000000000000000000e+00,8.660254037844387076e-01,5.000000000000000000e-01,0.000000000000000000e+00,1.000000000000000000e+00,0.000000000000000000e+00,-1.000000000000000000e+00,-8.660254037844387076e-01,0.000000000000000000e+00,-4.999999999999999445e-01,1.000000000000000021e-02,0.000000000000000000e+00,0.000000000000000000e+00,0.000000000000000000e+00,1.000000000000000000e+00
-4.999999999999999445e-01,0.000000000000000000e+00,8.660254037844387076e-01,5.000000000000000000e-01,0.000000000000000000e+00,1.000000000000000000e+00,0.000000000000000000e+00,-1.000000000000000000e+00,-8.660254037844387076e-01,0.000000000000000000e+00,-4.999999999999999445e-01,1.000000000000000021e-02,0.000000000000000000e+00,0.000000000000000000e+00,0.000000000000000000e+00,1.000000000000000000e+00
-4.999999999999999445e-01,0.000000000000000000e+00,8.660254037844387076e-01,5.000000000000000000e-01,0.000000000000000000e+00,1.000000000000000000e+00,0.000000000000000000e+00,-1.000000000000000000e+00,-8.660254037844387076e-01,0.000000000000000000e+00,-4.999999999999999445e-01,1.000000000000000021e-02,0.000000000000000000e+00,0.000000000000000000e+00,0.000000000000000000e+00,1.000000000000000000e+00
-4.999999999999999445e-01,0.000000000000000000e+00,8.660254037844387076e-01,5.000000000000000000e-01,0.000000000000000000e+00,1.000000000000000000e+00,0.000000000000000000e+00,-1.000000000000000000e+00,-8.660254037844387076e-01,0.000000000000000000e+00,-4.999999999999999445e-01,1.000000000000000021e-02,0.000000000000000000e+00,0.000000000000000000e+00,0.000000000000000000e+00,1.000000000000000000e+00
-4.999999999999999445e-01,0.000000000000000000e+00,8.660254037844387076e-01,5.000000000000000000e-01,0.000000000000000000e+00,1.000000000000000000e+00,0.000000000000000000e+00,-1.000000000000000000e+00,-8.660254037844387076e-01,0.000000000000000000e+00,-4.999999999999999445e-01,1.000000000000000021e-02,0.000000000000000000e+00,0.000000000000000000e+00,0.000000000000000000e+00,1.000000000000000000e+00
-4.999999999999999445e-01,0.000000000000000000e+00,8.660254037844387076e-01,5.000000000000000000e-01,0.000000000000000000e+00,1.000000000000000000e+00,0.000000000000000000e+00,-1.000000000000000000e+00,-8.660254037844387076e-01,0.000000000000000000e+00,-4.999999999999999445e-01,1.000000000000000021e-02,0.000000000000000000e+00,0.000000000000000000e+00,0.000000000000000000e+00,1.000000000000000000e+00
-4.999999999999999445e-01,0.000000000000000000e+00,8.660254037844387076e-01,5.000000000000000000e-01,0.000000000000000000e+00,1.000000000000000000e+00,0.000000000000000000e+00,-1.000000000000000000e+00,-8.660254037844387076e-01,0.000000000000000000e+00,-4.999999999999999445e-01,1.000000000000000021e-02,0.000000000000000000e+00,0.000000000000000000e+00,0.000000000000000000e+00,1.000000000000000000e+00
-4.999999999999999445e-01,0.000000000000000000e+00,8.660254037844387076e-01,5.000000000000000000e-01,0.000000000000000000e+00,1.000000000000000000e+00,0.000000000000000000e+00,-1.000000000000000000e+00,-8.660254037844387076e-01,0.000000000000000000e+00,-4.999999999999999445e-01,1.000000000000000021e-02,0.000000000000000000e+00,0.000000000000000000e+00,0.000000000000000000e+00,1.000000000000000000e+00
-4.999999999999999445e-01,0.000000000000000000e+00,8.660254037844387076e-01,5.000000000000000000e-01,0.000000000000000000e+00,1.000000000000000000e+00,0.000000000000000000e+00,-1.000000000000000000e+00,-8.660254037844387076e-01,0.000000000000000000e+00,-4.999999999999999445e-01,1.000000000000000021e-02,0.000000000000000000e+00,0.000000000000000000e+00,0.000000000000000000e+00,1.000000000000000000e+00
-4.999999999999999445e-01,0.000000000000000000e+00,8.660254037844387076e-01,5.000000000000000000e-01,0.000000000000000000e+00,1.000000000000000000e+00,0.000000000000000000e+00,-1.000000000000000000e+00,-8.660254037844387076e-01,0.000000000000000000e+00,-4.999999999999999445e-01,1.000000000000000021e-02,0.000000000000000000e+00,0.000000000000000000e+00,0.000000000000000000e+00,1.000000000000000000e+00
-4.999999999999999445e-01,0.000000000000000000e+00,8.660254037844387076e-01,5.000000000000000000e-01,0.000000000000000000e+00,1.000000000000000000e+00,0.000000000000000000e+00,-1.000000000000000000e+00,-8.660254037844387076e-01,0.000000000000000000e+00,-4.999999999999999445e-01,1.000000000000000021e-02,0.000000000000000000e+00,0.000000000000000000e+00,0.000000000000000000e+00,1.000000000000000000e+00
-4.999999999999999445e-01,0.000000000000000000e+00,8.660254037844387076e-01,5.000000000000000000e-01,0.000000000000000000e+00,1.000000000000000000e+00,0.000000000000000000e+00,-1.000000000000000000e+00,-8.660254037844387076e-01,0.000000000000000000e+00,-4.999999999999999445e-01,1.000000000000000021e-02,0.000000000000000000e+00,0.000000000000000000e+00,0.000000000000000000e+00,1.000000000000000000e+00
-4.999999999999999445e-01,0.000000000000000000e+00,8.660254037844387076e-01,5.000000000000000000e-01,0.000000000000000000e+00,1.000000000000000000e+00,0.000000000000000000e+00,-1.000000000000000000e+00,-8.660254037844387076e-01,0.000000000000000000e+00,-4.999999999999999445e-01,1.000000000000000021e-02,0.000000000000000000e+00,0.000000000000000000e+00,0.000000000000000000e+00,1.000000000000000000e+00
-4.999999999999999445e-01,0.000000000000000000e+00,8.660254037844387076e-01,5.000000000000000000e-01,0.000000000000000000e+00,1.000000000000000000e+00,0.000000000000000000e+00,-1.000000000000000000e+00,-8.660254037844387076e-01,0.000000000000000000e+00,-4.999999999999999445e-01,1.000000000000000021e-02,0.000000000000000000e+00,0.000000000000000000e+00,0.000000000000000000e+00,1.000000000000000000e+00
-4.999999999999999445e-01,0.000000000000000000e+00,8.660254037844387076e-01,5.000000000000000000e-01,0.000000000000000000e+00,1.000000000000000000e+00,0.000000000000000000e+00,-1.000000000000000000e+00,-8.660254037844387076e-01,0.000000000000000000e+00,-4.999999999999999445e-01,1.000000000000000021e-02,0.000000000000000000e+00,0.000000000000000000e+00,0.000000000000000000e+00,1.000000000000000000e+00
-4.999999999999999445e-01,0.000000000000000000e+00,8.660254037844387076e-01,5.000000000000000000e-01,0.000000000000000000e+00,1.000000000000000000e+00,0.000000000000000000e+00,-1.000000000000000000e+00,-8.660254037844387076e-01,0.000000000000000000e+00,-4.999999999999999445e-01,1.000000000000000021e-02,0.000000000000000000e+00,0.000000000000000000e+00,0.000000000000000000e+00,1.000000000000000000e+00
-4.999999999999999445e-01,0.000000000000000000e+00,8.660254037844387076e-01,5.000000000000000000e-01,0.000000000000000000e+00,1.000000000000000000e+00,0.000000000000000000e+00,-1.000000000000000000e+00,-8.660254037844387076e-01,0.000000000000000000e+00,-4.999999999999999445e-01,1.000000000000000021e-02,0.000000000000000000e+00,0.000000000000000000e+00,0.000000000000000000e+00,1.000000000000000000e+00
-4.999999999999999445e-01,0.000000000000000000e+00,8.660254037844387076e-01,5.000000000000000000e-01,0.000000000000000000e+00,1.000000000000000000e+00,0.000000000000000000e+00,-1.000000000000000000e+00,-8.660254037844387076e-01,0.000000000000000000e+00,-4.999999999999999445e-01,1.000000000000000021e-02,0.000000000000000000e+00,0.000000000000000000e+00,0.000000000000000000e+00,1.000000000000000000e+00
-4.999999999999999445e-01,0.000000000000000000e+00,8.660254037844387076e-01,5.000000000000000000e-01,0.000000000000000000e+00,1.000000000000000000e+00,0.000000000000000000e+00,-1.000000000000000000e+00,-8.660254037844387076e-01,0.000000000000000000e+00,-4.999999999999999445e-01,1.000000000000000021e-02,0.000000000000000000e+00,0.000000000000000000e+00,0.000000000000000000e+00,1.000000000000000000e+00
-4.999999999999999445e-01,0.000000000000000000e+00,8.660254037844387076e-01,5.000000000000000000e-01,0.000000000000000000e+00,1.000000000000000000e+00,0.000000000000000000e+00,-1.000000000000000000e+00,-8.660254037844387076e-01,0.000000000000000000e+00,-4.999999999999999445e-01,1.000000000000000021e-02,0.000000000000000000e+00,0.000000000000000000e+00,0.000000000000000000e+00,1.000000000000000000e+00
-4.999999999999999445e-01,0.000000000000000000e+00,8.660254037844387076e-01,5.000000000000000000e-01,0.000000000000000000e+00,1.000000000000000000e+00,0.000000000000000000e+00,-1.000000000000000000e+00,-8.660254037844387076e-01,0.000000000000000000e+00,-4.999999999999999445e-01,1.000000000000000021e-02,0.000000000000000000e+00,0.000000000000000000e+00,0.000000000000000000e+00,1.000000000000000000e+00
-4.999999999999999445e-01,0.000000000000000000e+00,8.660254037844387076e-01,5.000000000000000000e-01,0.000000000000000000e+00,1.000000000000000000e+00,0.000000000000000000e+00,-1.000000000000000000e+00,-8.660254037844387076e-01,0.000000000000000000e+00,-4.999999999999999445e-01,1.000000000000000021e-02,0.000000000000000000e+00,0.000000000000000000e+00,0.000000000000000000e+00,1.000000000000000000e+00
-4.999999999999999445e-01,0.000000000000000000e+00,8.660254037844387076e-01,5.000000000000000000e-01,0.000000000000000000e+00,1.000000000000000000e+00,0.000000000000000000e+00,-1.000000000000000000e+00,-8.660254037844387076e-01,0.000000000000000000e+00,-4.999999999999999445e-01,1.000000000000000021e-02,0.000000000000000000e+00,0.000000000000000000e+00,0.000000000000000000e+00,1.000000000000000000e+00
-4.999999999999999445e-01,0.000000000000000000e+00,8.660254037844387076e-01,5.000000000000000000e-01,0.000000000000000000e+00,1.000000000000000000e+00,0.000000000000000000e+00,-1.000000000000000000e+00,-8.660254037844387076e-01,0.000000000000000000e+00,-4.999999999999999445e-01,1.000000000000000021e-02,0.000000000000000000e+00,0.000000000000000000e+00,0.000000000000000000e+00,1.000000000000000000e+00
-4.999999999999999445e-01,0.000000000000000000e+00,8.660254037844387076e-01,5.000000000000000000e-01,0.000000000000000000e+00,1.000000000000000000e+00,0.000000000000000000e+00,-1.000000000000000000e+00,-8.660254037844387076e-01,0.000000000000000000e+00,-4.999999999999999445e-01,1.000000000000000021e-02,0.000000000000000000e+00,0.000000000000000000e+00,0.000000000000000000e+00,1.000000000000000000e+00
-4.999999999999999445e-01,0.000000000000000000e+00,8.660254037844387076e-01,5.000000000000000000e-01,0.000000000000000000e+00,1.000000000000000000e+00,0.000000000000000000e+00,-1.000000000000000000e+00,-8.660254037844387076e-01,0.000000000000000000e+00,-4.999999999999999445e-01,1.000000000000000021e-02,0.000000000000000000e+00,0.000000000000000000e+00,0.000000000000000000e+00,1.000000000000000000e+00
-4.999999999999999445e-01,0.000000000000000000e+00,8.660254037844387076e-01,5.000000000000000000e-01,0.000000000000000000e+00,1.000000000000000000e+00,0.000000000000000000e+00,-1.000000000000000000e+00,-8.660254037844387076e-01,0.000000000000000000e+00,-4.999999999999999445e-01,1.000000000000000021e-02,0.000000000000000000e+00,0.000000000000000000e+00,0.000000000000000000e+00,1.000000000000000000e+00
-4.999999999999999445e-01,0.000000000000000000e+00,8.660254037844387076e-01,5.000000000000000000e-01,0.000000000000000000e+00,1.000000000000000000e+00,0.000000000000000000e+00,-1.000000000000000000e+00,-8.660254037844387076e-01,0.000000000000000000e+00,-4.999999999999999445e-01,1.000000000000000021e-02,0.000000000000000000e+00,0.000000000000000000e+00,0.000000000000000000e+00,1.000000000000000000e+00
-4.999999999999999445e-01,0.000000000000000000e+00,8.660254037844387076e-01,5.000000000000000000e-01,0.000000000000000000e+00,1.000000000000000000e+00,0.000000000000000000e+00,-1.000000000000000000e+00,-8.660254037844387076e-01,0.000000000000000000e+00,-4.999999999999999445e-01,1.000000000000000021e-02,0.000000000000000000e+00,0.000000000000000000e+00,0.000000000000000000e+00,1.000000000000000000e+00
-4.999999999999999445e-01,0.000000000000000000e+00,8.660254037844387076e-01,5.000000000000000000e-01,0.000000000000000000e+00,1.000000000000000000e+00,0.000000000000000000e+00,-1.000000000000000000e+00,-8.660254037844387076e-01,0.000000000000000000e+00,-4.999999999999999445e-01,1.000000000000000021e-02,0.000000000000000000e+00,0.000000000000000000e+00,0.000000000000000000e+00,1.000000000000000000e+00
-4.999999999999999445e-01,0.000000000000000000e+00,8.660254037844387076e-01,5.000000000000000000e-01,0.000000000000000000e+00,1.000000000000000000e+00,0.000000000000000000e+00,-1.000000000000000000e+00,-8.660254037844387076e-01,0.000000000000000000e+00,-4.999999999999999445e-01,1.000000000000000021e-02,0.000000000000000000e+00,0.000000000000000000e+00,0.000000000000000000e+00,1.000000000000000000e+00
-4.999999999999999445e-01,0.000000000000000000e+00,8.660254037844387076e-01,5.000000000000000000e-01,0.000000000000000000e+00,1.000000000000000000e+00,0.000000000000000000e+00,-1.000000000000000000e+00,-8.660254037844387076e-01,0.000000000000000000e+00,-4.999999999999999445e-01,1.000000000000000021e-02,0.000000000000000000e+00,0.000000000000000000e+00,0.000000000000000000e+00,1.000000000000000000e+00
-4.999999999999999445e-01,0.000000000000000000e+00,8.660254037844387076e-01,5.000000000000000000e-01,0.000000000000000000e+00,1.000000000000000000e+00,0.000000000000000000e+00,-1.000000000000000000e+00,-8.660254037844387076e-01,0.000000000000000000e+00,-4.999999999999999445e-01,1.000000000000000021e-02,0.000000000000000000e+00,0.000000000000000000e+00,0.000000000000000000e+00,1.000000000000000000e+00
-4.999999999999999445e-01,0.000000000000000000e+00,8.660254037844387076e-01,5.000000000000000000e-01,0.000000000000000000e+00,1.000000000000000000e+00,0.000000000000000000e+00,-1.000000000000000000e+00,-8.660254037844387076e-01,0.000000000000000000e+00,-4.999999999999999445e-01,1.000000000000000021e-02,0.000000000000000000e+00,0.000000000000000000e+00,0.000000000000000000e+00,1.000000000000000000e+00
-4.999999999999999445e-01,0.000000000000000000e+00,8.660254037844387076e-01,5.000000000000000000e-01,0.000000000000000000e+00,1.000000000000000000e+00,0.000000000000000000e+00,-1.000000000000000000e+00,-8.660254037844387076e-01,0.000000000000000000e+00,-4.999999999999999445e-01,1.000000000000000021e-02,0.000000000000000000e+00,0.000000000000000000e+00,0.000000000000000000e+00,1.000000000000000000e+00
-4.999999999999999445e-01,0.000000000000000000e+00,8.660254037844387076e-01,5.000000000000000000e-01,0.000000000000000000e+00,1.000000000000000000e+00,0.000000000000000000e+00,-1.000000000000000000e+00,-8.660254037844387076e-01,0.000000000000000000e+00,-4.999999999999999445e-01,1.000000000000000021e-02,0.000000000000000000e+00,0.000000000000000000e+00,0.000000000000000000e+00,1.000000000000000000e+00
-4.999999999999999445e-01,0.000000000000000000e+00,8.660254037844387076e-01,5.000000000000000000e-01,0.000000000000000000e+00,1.000000000000000000e+00,0.000000000000000000e+00,-1.000000000000000000e+00,-8.660254037844387076e-01,0.000000000000000000e+00,-4.999999999999999445e-01,1.000000000000000021e-02,0.000000000000000000e+00,0.000000000000000000e+00,0.000000000000000000e+00,1.000000000000000000e+00
-4.999999999999999445e-01,0.000000000000000000e+00,8.660254037844387076e-01,5.000000000000000000e-01,0.000000000000000000e+00,1.000000000000000000e+00,0.000000000000000000e+00,-1.000000000000000000e+00,-8.660254037844387076e-01,0.000000000000000000e+00,-4.999999999999999445e-01,1.000000000000000021e-02,0.000000000000000000e+00,0.000000000000000000e+00,0.000000000000000000e+00,1.000000000000000000e+00
-4.999999999999999445e-01,0.000000000000000000e+00,8.660254037844387076e-01,5.000000000000000000e-01,0.000000000000000000e+00,1.000000000000000000e+00,0.000000000000000000e+00,-1.000000000000000000e+00,-8.660254037844387076e-01,0.000000000000000000e+00,-4.999999999999999445e-01,1.000000000000000021e-02,0.000000000000000000e+00,0.000000000000000000e+00,0.000000000000000000e+00,1.000000000000000000e+00
-4.999999999999999445e-01,0.000000000000000000e+00,8.660254037844387076e-01,5.000000000000000000e-01,0.000000000000000000e+00,1.000000000000000000e+00,0.000000000000000000e+00,-1.000000000000000000e+00,-8.660254037844387076e-01,0.000000000000000000e+00,-4.999999999999999445e-01,1.000000000000000021e-02,0.000000000000000000e+00,0.000000000000000000e+00,0.000000000000000000e+00,1.000000000000000000e+00
-4.999999999999999445e-01,0.000000000000000000e+00,8.660254037844387076e-01,5.000000000000000000e-01,0.000000000000000000e+00,1.000000000000000000e+00,0.000000000000000000e+00,-1.000000000000000000e+00,-8.660254037844387076e-01,0.000000000000000000e+00,-4.999999999999999445e-01,1.000000000000000021e-02,0.000000000000000000e+00,0.000000000000000000e+00,0.000000000000000000e+00,1.000000000000000000e+00
-4.999999999999999445e-01,0.000000000000000000e+00,8.660254037844387076e-01,5.000000000000000000e-01,0.000000000000000000e+00,1.000000000000000000e+00,0.000000000000000000e+00,-1.000000000000000000e+00,-8.660254037844387076e-01,0.000000000000000000e+00,-4.999999999999999445e-01,1.000000000000000021e-02,0.000000000000000000e+00,0.000000000000000000e+00,0.000000000000000000e+00,1.000000000000000000e+00
-4.999999999999999445e-01,0.000000000000000000e+00,8.660254037844387076e-01,5.000000000000000000e-01,0.000000000000000000e+00,1.000000000000000000e+00,0.000000000000000000e+00,-1.000000000000000000e+00,-8.660254037844387076e-01,0.000000000000000000e+00,-4.999999999999999445e-01,1.000000000000000021e-02,0.000000000000000000e+00,0.000000000000000000e+00,0.000000000000000000e+00,1.000000000000000000e+00
-4.999999999999999445e-01,0.000000000000000000e+00,8.660254037844387076e-01,5.000000000000000000e-01,0.000000000000000000e+00,1.000000000000000000e+00,0.000000000000000000e+00,-1.000000000000000000e+00,-8.660254037844387076e-01,0.000000000000000000e+00,-4.999999999999999445e-01,1.000000000000000021e-02,0.000000000000000000e+00,0.000000000000000000e+00,0.000000000000000000e+00,1.000000000000000000e+00
-4.999999999999999445e-01,0.000000000000000000e+00,8.660254037844387076e-01,5.000000000000000000e-01,0.000000000000000000e+00,1.000000000000000000e+00,0.000000000000000000e+00,-1.000000000000000000e+00,-8.660254037844387076e-01,0.000000000000000000e+00,-4.999999999999999445e-01,1.000000000000000021e-02,0.000000000000000000e+00,0.000000000000000000e+00,0.000000000000000000e+00,1.000000000000000000e+00
-4.999999999999999445e-01,0.000000000000000000e+00,8.660254037844387076e-01,5.000000000000000000e-01,0.000000000000000000e+00,1.000000000000000000e+00,0.000000000000000000e+00,-1.000000000000000000e+00,-8.660254037844387076e-01,0.000000000000000000e+00,-4.999999999999999445e-01,1.000000000000000021e-02,0.000000000000000000e+00,0.000000000000000000e+00,0.000000000000000000e+00,1.000000000000000000e+00
-4.999999999999999445e-01,0.000000000000000000e+00,8.660254037844387076e-01,5.000000000000000000e-01,0.000000000000000000e+00,1.000000000000000000e+00,0.000000000000000000e+00,-1.000000000000000000e+00,-8.660254037844387076e-01,0.000000000000000000e+00,-4.999999999999999445e-01,1.000000000000000021e-02,0.000000000000000000e+00,0.000000000000000000e+00,0.000000000000000000e+00,1.000000000000000000e+00
-4.999999999999999445e-01,0.000000000000000000e+00,8.660254037844387076e-01,5.000000000000000000e-01,0.000000000000000000e+00,1.000000000000000000e+00,0.000000000000000000e+00,-1.000000000000000000e+00,-8.660254037844387076e-01,0.000000000000000000e+00,-4.999999999999999445e-01,1.000000000000000021e-02,0.000000000000000000e+00,0.000000000000000000e+00,0.000000000000000000e+00,1.000000000000000000e+00
-4.999999999999999445e-01,0.000000000000000000e+00,8.660254037844387076e-01,5.000000000000000000e-01,0.000000000000000000e+00,1.000000000000000000e+00,0.000000000000000000e+00,-1.000000000000000000e+00,-8.660254037844387076e-01,0.000000000000000000e+00,-4.999999999999999445e-01,1.000000000000000021e-02,0.000000000000000000e+00,0.000000000000000000e+00,0.000000000000000000e+00,1.000000000000000000e+00
-4.999999999999999445e-01,0.000000000000000000e+00,8.660254037844387076e-01,5.000000000000000000e-01,0.000000000000000000e+00,1.000000000000000000e+00,0.000000000000000000e+00,-1.000000000000000000e+00,-8.660254037844387076e-01,0.000000000000000000e+00,-4.999999999999999445e-01,1.000000000000000021e-02,0.000000000000000000e+00,0.000000000000000000e+00,0.000000000000000000e+00,1.000000000000000000e+00
-4.999999999999999445e-01,0.000000000000000000e+00,8.660254037844387076e-01,5.000000000000000000e-01,0.000000000000000000e+00,1.000000000000000000e+00,0.000000000000000000e+00,-1.000000000000000000e+00,-8.660254037844387076e-01,0.000000000000000000e+00,-4.999999999999999445e-01,1.000000000000000021e-02,0.000000000000000000e+00,0.000000000000000000e+00,0.000000000000000000e+00,1.000000000000000000e+00
-4.999999999999999445e-01,0.000000000000000000e+00,8.660254037844387076e-01,5.000000000000000000e-01,0.000000000000000000e+00,1.000000000000000000e+00,0.000000000000000000e+00,-1.000000000000000000e+00,-8.660254037844387076e-01,0.000000000000000000e+00,-4.999999999999999445e-01,1.000000000000000021e-02,0.000000000000000000e+00,0.000000000000000000e+00,0.000000000000000000e+00,1.000000000000000000e+00
-4.999999999999999445e-01,0.000000000000000000e+00,8.660254037844387076e-01,5.000000000000000000e-01,0.000000000000000000e+00,1.000000000000000000e+00,0.000000000000000000e+00,-1.000000000000000000e+00,-8.660254037844387076e-01,0.000000000000000000e+00,-4.999999999999999445e-01,1.000000000000000021e-02,0.000000000000000000e+00,0.000000000000000000e+00,0.000000000000000000e+00,1.000000000000000000e+00
-4.999999999999999445e-01,0.000000000000000000e+00,8.660254037844387076e-01,5.000000000000000000e-01,0.000000000000000000e+00,1.000000000000000000e+00,0.000000000000000000e+00,-1.000000000000000000e+00,-8.660254037844387076e-01,0.000000000000000000e+00,-4.999999999999999445e-01,1.000000000000000021e-02,0.000000000000000000e+00,0.000000000000000000e+00,0.000000000000000000e+00,1.000000000000000000e+00
-4.999999999999999445e-01,0.000000000000000000e+00,8.660254037844387076e-01,5.000000000000000000e-01,0.000000000000000000e+00,1.000000000000000000e+00,0.000000000000000000e+00,-1.000000000000000000e+00,-8.660254037844387076e-01,0.000000000000000000e+00,-4.999999999999999445e-01,1.000000000000000021e-02,0.000000000000000000e+00,0.000000000000000000e+00,0.000000000000000000e+00,1.000000000000000000e+00
-4.999999999999999445e-01,0.000000000000000000e+00,8.660254037844387076e-01,5.000000000000000000e-01,0.000000000000000000e+00,1.000000000000000000e+00,0.000000000000000000e+00,-1.000000000000000000e+00,-8.660254037844387076e-01,0.000000000000000000e+00,-4.999999999999999445e-01,1.000000000000000021e-02,0.000000000000000000e+00,0.000000000000000000e+00,0.000000000000000000e+00,1.000000000000000000e+00
-4.999999999999999445e-01,0.000000000000000000e+00,8.660254037844387076e-01,5.000000000000000000e-01,0.000000000000000000e+00,1.000000000000000000e+00,0.000000000000000000e+00,-1.000000000000000000e+00,-8.660254037844387076e-01,0.000000000000000000e+00,-4.999999999999999445e-01,1.000000000000000021e-02,0.000000000000000000e+00,0.000000000000000000e+00,0.000000000000000000e+00,1.000000000000000000e+00
-4.999999999999999445e-01,0.000000000000000000e+00,8.660254037844387076e-01,5.000000000000000000e-01,0.000000000000000000e+00,1.000000000000000000e+00,0.000000000000000000e+00,-1.000000000000000000e+00,-8.660254037844387076e-01,0.000000000000000000e+00,-4.999999999999999445e-01,1.000000000000000021e-02,0.000000000000000000e+00,0.000000000000000000e+00,0.000000000000000000e+00,1.000000000000000000e+00
-4.999999999999999445e-01,0.000000000000000000e+00,8.660254037844387076e-01,5.000000000000000000e-01,0.000000000000000000e+00,1.000000000000000000e+00,0.000000000000000000e+00,-1.000000000000000000e+00,-8.660254037844387076e-01,0.000000000000000000e+00,-4.999999999999999445e-01,1.000000000000000021e-02,0.000000000000000000e+00,0.000000000000000000e+00,0.000000000000000000e+00,1.000000000000000000e+00
-4.999999999999999445e-01,0.000000000000000000e+00,8.660254037844387076e-01,5.000000000000000000e-01,0.000000000000000000e+00,1.000000000000000000e+00,0.000000000000000000e+00,-1.000000000000000000e+00,-8.660254037844387076e-01,0.000000000000000000e+00,-4.999999999999999445e-01,1.000000000000000021e-02,0.000000000000000000e+00,0.000000000000000000e+00,0.000000000000000000e+00,1.000000000000000000e+00
-4.999999999999999445e-01,0.000000000000000000e+00,8.660254037844387076e-01,5.000000000000000000e-01,0.000000000000000000e+00,1.000000000000000000e+00,0.000000000000000000e+00,-1.000000000000000000e+00,-8.660254037844387076e-01,0.000000000000000000e+00,-4.999999999999999445e-01,1.000000000000000021e-02,0.000000000000000000e+00,0.000000000000000000e+00,0.000000000000000000e+00,1.000000000000000000e+00
-4.999999999999999445e-01,0.000000000000000000e+00,8.660254037844387076e-01,5.000000000000000000e-01,0.000000000000000000e+00,1.000000000000000000e+00,0.000000000000000000e+00,-1.000000000000000000e+00,-8.660254037844387076e-01,0.000000000000000000e+00,-4.999999999999999445e-01,1.000000000000000021e-02,0.000000000000000000e+00,0.000000000000000000e+00,0.000000000000000000e+00,1.000000000000000000e+00
-4.999999999999999445e-01,0.000000000000000000e+00,8.660254037844387076e-01,5.000000000000000000e-01,0.000000000000000000e+00,1.000000000000000000e+00,0.000000000000000000e+00,-1.000000000000000000e+00,-8.660254037844387076e-01,0.000000000000000000e+00,-4.999999999999999445e-01,1.000000000000000021e-02,0.000000000000000000e+00,0.000000000000000000e+00,0.000000000000000000e+00,1.000000000000000000e+00
-4.999999999999999445e-01,0.000000000000000000e+00,8.660254037844387076e-01,5.000000000000000000e-01,0.000000000000000000e+00,1.000000000000000000e+00,0.000000000000000000e+00,-1.000000000000000000e+00,-8.660254037844387076e-01,0.000000000000000000e+00,-4.999999999999999445e-01,1.000000000000000021e-02,0.000000000000000000e+00,0.000000000000000000e+00,0.000000000000000000e+00,1.000000000000000000e+00
-4.999999999999999445e-01,0.000000000000000000e+00,8.660254037844387076e-01,5.000000000000000000e-01,0.000000000000000000e+00,1.000000000000000000e+00,0.000000000000000000e+00,-1.000000000000000000e+00,-8.660254037844387076e-01,0.000000000000000000e+00,-4.999999999999999445e-01,1.000000000000000021e-02,0.000000000000000000e+00,0.000000000000000000e+00,0.000000000000000000e+00,1.000000000000000000e+00
-4.999999999999999445e-01,0.000000000000000000e+00,8.660254037844387076e-01,5.000000000000000000e-01,0.000000000000000000e+00,1.000000000000000000e+00,0.000000000000000000e+00,-1.000000000000000000e+00,-8.660254037844387076e-01,0.000000000000000000e+00,-4.999999999999999445e-01,1.000000000000000021e-02,0.000000000000000000e+00,0.000000000000000000e+00,0.000000000000000000e+00,1.000000000000000000e+00
-4.999999999999999445e-01,0.000000000000000000e+00,8.660254037844387076e-01,5.000000000000000000e-01,0.000000000000000000e+00,1.000000000000000000e+00,0.000000000000000000e+00,-1.000000000000000000e+00,-8.660254037844387076e-01,0.000000000000000000e+00,-4.999999999999999445e-01,1.000000000000000021e-02,0.000000000000000000e+00,0.000000000000000000e+00,0.000000000000000000e+00,1.000000000000000000e+00
-4.999999999999999445e-01,0.000000000000000000e+00,8.660254037844387076e-01,5.000000000000000000e-01,0.000000000000000000e+00,1.000000000000000000e+00,0.000000000000000000e+00,-1.000000000000000000e+00,-8.660254037844387076e-01,0.000000000000000000e+00,-4.999999999999999445e-01,1.000000000000000021e-02,0.000000000000000000e+00,0.000000000000000000e+00,0.000000000000000000e+00,1.000000000000000000e+00
-4.999999999999999445e-01,0.000000000000000000e+00,8.660254037844387076e-01,5.000000000000000000e-01,0.000000000000000000e+00,1.000000000000000000e+00,0.000000000000000000e+00,-1.000000000000000000e+00,-8.660254037844387076e-01,0.000000000000000000e+00,-4.999999999999999445e-01,1.000000000000000021e-02,0.000000000000000000e+00,0.000000000000000000e+00,0.000000000000000000e+00,1.000000000000000000e+00
-4.999999999999999445e-01,0.000000000000000000e+00,8.660254037844387076e-01,5.000000000000000000e-01,0.000000000000000000e+00,1.000000000000000000e+00,0.000000000000000000e+00,-1.000000000000000000e+00,-8.660254037844387076e-01,0.000000000000000000e+00,-4.999999999999999445e-01,1.000000000000000021e-02,0.000000000000000000e+00,0.000000000000000000e+00,0.000000000000000000e+00,1.000000000000000000e+00
-4.999999999999999445e-01,0.000000000000000000e+00,8.660254037844387076e-01,5.000000000000000000e-01,0.000000000000000000e+00,1.000000000000000000e+00,0.000000000000000000e+00,-1.000000000000000000e+00,-8.660254037844387076e-01,0.000000000000000000e+00,-4.999999999999999445e-01,1.000000000000000021e-02,0.000000000000000000e+00,0.000000000000000000e+00,0.000000000000000000e+00,1.000000000000000000e+00
-4.999999999999999445e-01,0.000000000000000000e+00,8.660254037844387076e-01,5.000000000000000000e-01,0.000000000000000000e+00,1.000000000000000000e+00,0.000000000000000000e+00,-1.000000000000000000e+00,-8.660254037844387076e-01,0.000000000000000000e+00,-4.999999999999999445e-01,1.000000000000000021e-02,0.000000000000000000e+00,0.000000000000000000e+00,0.000000000000000000e+00,1.000000000000000000e+00
-4.999999999999999445e-01,0.000000000000000000e+00,8.660254037844387076e-01,5.000000000000000000e-01,0.000000000000000000e+00,1.000000000000000000e+00,0.000000000000000000e+00,-1.000000000000000000e+00,-8.660254037844387076e-01,0.000000000000000000e+00,-4.999999999999999445e-01,1.000000000000000021e-02,0.000000000000000000e+00,0.000000000000000000e+00,0.000000000000000000e+00,1.000000000000000000e+00
-4.999999999999999445e-01,0.000000000000000000e+00,8.660254037844387076e-01,5.000000000000000000e-01,0.000000000000000000e+00,1.000000000000000000e+00,0.000000000000000000e+00,-1.000000000000000000e+00,-8.660254037844387076e-01,0.000000000000000000e+00,-4.999999999999999445e-01,1.000000000000000021e-02,0.000000000000000000e+00,0.000000000000000000e+00,0.000000000000000000e+00,1.000000000000000000e+00
-4.999999999999999445e-01,0.000000000000000000e+00,8.660254037844387076e-01,5.000000000000000000e-01,0.000000000000000000e+00,1.000000000000000000e+00,0.000000000000000000e+00,-1.000000000000000000e+00,-8.660254037844387076e-01,0.000000000000000000e+00,-4.999999999999999445e-01,1.000000000000000021e-02,0.000000000000000000e+00,0.000000000000000000e+00,0.000000000000000000e+00,1.000000000000000000e+00
-4.999999999999999445e-01,0.000000000000000000e+00,8.660254037844387076e-01,5.000000000000000000e-01,0.000000000000000000e+00,1.000000000000000000e+00,0.000000000000000000e+00,-1.000000000000000000e+00,-8.660254037844387076e-01,0.000000000000000000e+00,-4.999999999999999445e-01,1.000000000000000021e-02,0.000000000000000000e+00,0.000000000000000000e+00,0.000000000000000000e+00,1.000000000000000000e+00
-4.999999999999999445e-01,0.000000000000000000e+00,8.660254037844387076e-01,5.000000000000000000e-01,0.000000000000000000e+00,1.000000000000000000e+00,0.000000000000000000e+00,-1.000000000000000000e+00,-8.660254037844387076e-01,0.000000000000000000e+00,-4.999999999999999445e-01,1.000000000000000021e-02,0.000000000000000000e+00,0.000000000000000000e+00,0.000000000000000000e+00,1.000000000000000000e+00
-4.999999999999999445e-01,0.000000000000000000e+00,8.660254037844387076e-01,5.000000000000000000e-01,0.000000000000000000e+00,1.000000000000000000e+00,0.000000000000000000e+00,-1.000000000000000000e+00,-8.660254037844387076e-01,0.000000000000000000e+00,-4.999999999999999445e-01,1.000000000000000021e-02,0.000000000000000000e+00,0.000000000000000000e+00,0.000000000000000000e+00,1.000000000000000000e+00
-4.999999999999999445e-01,0.000000000000000000e+00,8.660254037844387076e-01,5.000000000000000000e-01,0.000000000000000000e+00,1.000000000000000000e+00,0.000000000000000000e+00,-1.000000000000000000e+00,-8.660254037844387076e-01,0.000000000000000000e+00,-4.999999999999999445e-01,1.000000000000000021e-02,0.000000000000000000e+00,0.000000000000000000e+00,0.000000000000000000e+00,1.000000000000000000e+00
-4.999999999999999445e-01,0.000000000000000000e+00,8.660254037844387076e-01,5.000000000000000000e-01,0.000000000000000000e+00,1.000000000000000000e+00,0.000000000000000000e+00,-1.000000000000000000e+00,-8.660254037844387076e-01,0.000000000000000000e+00,-4.999999999999999445e-01,1.000000000000000021e-02,0.000000000000000000e+00,0.000000000000000000e+00,0.000000000000000000e+00,1.000000000000000000e+00
-4.999999999999999445e-01,0.000000000000000000e+00,8.660254037844387076e-01,5.000000000000000000e-01,0.000000000000000000e+00,1.000000000000000000e+00,0.000000000000000000e+00,-1.000000000000000000e+00,-8.660254037844387076e-01,0.000000000000000000e+00,-4.999999999999999445e-01,1.000000000000000021e-02,0.000000000000000000e+00,0.000000000000000000e+00,0.000000000000000000e+00,1.000000000000000000e+00
-4.999999999999999445e-01,0.000000000000000000e+00,8.660254037844387076e-01,5.000000000000000000e-01,0.000000000000000000e+00,1.000000000000000000e+00,0.000000000000000000e+00,-1.000000000000000000e+00,-8.660254037844387076e-01,0.000000000000000000e+00,-4.999999999999999445e-01,1.000000000000000021e-02,0.000000000000000000e+00,0.000000000000000000e+00,0.000000000000000000e+00,1.000000000000000000e+00
-4.999999999999999445e-01,0.000000000000000000e+00,8.660254037844387076e-01,5.000000000000000000e-01,0.000000000000000000e+00,1.000000000000000000e+00,0.000000000000000000e+00,-1.000000000000000000e+00,-8.660254037844387076e-01,0.000000000000000000e+00,-4.999999999999999445e-01,1.000000000000000021e-02,0.000000000000000000e+00,0.000000000000000000e+00,0.000000000000000000e+00,1.000000000000000000e+00
-4.999999999999999445e-01,0.000000000000000000e+00,8.660254037844387076e-01,5.000000000000000000e-01,0.000000000000000000e+00,1.000000000000000000e+00,0.000000000000000000e+00,-1.000000000000000000e+00,-8.660254037844387076e-01,0.000000000000000000e+00,-4.999999999999999445e-01,1.000000000000000021e-02,0.000000000000000000e+00,0.000000000000000000e+00,0.000000000000000000e+00,1.000000000000000000e+00
-4.999999999999999445e-01,0.000000000000000000e+00,8.660254037844387076e-01,5.000000000000000000e-01,0.000000000000000000e+00,1.000000000000000000e+00,0.000000000000000000e+00,-1.000000000000000000e+00,-8.660254037844387076e-01,0.000000000000000000e+00,-4.999999999999999445e-01,1.000000000000000021e-02,0.000000000000000000e+00,0.000000000000000000e+00,0.000000000000000000e+00,1.000000000000000000e+00
-4.999999999999999445e-01,0.000000000000000000e+00,8.660254037844387076e-01,5.000000000000000000e-01,0.000000000000000000e+00,1.000000000000000000e+00,0.000000000000000000e+00,-1.000000000000000000e+00,-8.660254037844387076e-01,0.000000000000000000e+00,-4.999999999999999445e-01,1.000000000000000021e-02,0.000000000000000000e+00,0.000000000000000000e+00,0.000000000000000000e+00,1.000000000000000000e+00
-4.999999999999999445e-01,0.000000000000000000e+00,8.660254037844387076e-01,5.000000000000000000e-01,0.000000000000000000e+00,1.000000000000000000e+00,0.000000000000000000e+00,-1.000000000000000000e+00,-8.660254037844387076e-01,0.000000000000000000e+00,-4.999999999999999445e-01,1.000000000000000021e-02,0.000000000000000000e+00,0.000000000000000000e+00,0.000000000000000000e+00,1.000000000000000000e+00
-4.999999999999999445e-01,0.000000000000000000e+00,8.660254037844387076e-01,5.000000000000000000e-01,0.000000000000000000e+00,1.000000000000000000e+00,0.000000000000000000e+00,-1.000000000000000000e+00,-8.660254037844387076e-01,0.000000000000000000e+00,-4.999999999999999445e-01,1.000000000000000021e-02,0.000000000000000000e+00,0.000000000000000000e+00,0.000000000000000000e+00,1.000000000000000000e+00
-4.999999999999999445e-01,0.000000000000000000e+00,8.660254037844387076e-01,5.000000000000000000e-01,0.000000000000000000e+00,1.000000000000000000e+00,0.000000000000000000e+00,-1.000000000000000000e+00,-8.660254037844387076e-01,0.000000000000000000e+00,-4.999999999999999445e-01,1.000000000000000021e-02,0.000000000000000000e+00,0.000000000000000000e+00,0.000000000000000000e+00,1.000000000000000000e+00
-4.999999999999999445e-01,0.000000000000000000e+00,8.660254037844387076e-01,5.000000000000000000e-01,0.000000000000000000e+00,1.000000000000000000e+00,0.000000000000000000e+00,-1.000000000000000000e+00,-8.660254037844387076e-01,0.000000000000000000e+00,-4.999999999999999445e-01,1.000000000000000021e-02,0.000000000000000000e+00,0.000000000000000000e+00,0.000000000000000000e+00,1.000000000000000000e+00
-4.999999999999999445e-01,0.000000000000000000e+00,8.660254037844387076e-01,5.000000000000000000e-01,0.000000000000000000e+00,1.000000000000000000e+00,0.000000000000000000e+00,-1.000000000000000000e+00,-8.660254037844387076e-01,0.000000000000000000e+00,-4.999999999999999445e-01,1.000000000000000021e-02,0.000000000000000000e+00,0.000000000000000000e+00,0.000000000000000000e+00,1.000000000000000000e+00
-4.999999999999999445e-01,0.000000000000000000e+00,8.660254037844387076e-01,5.000000000000000000e-01,0.000000000000000000e+00,1.000000000000000000e+00,0.000000000000000000e+00,-1.000000000000000000e+00,-8.660254037844387076e-01,0.000000000000000000e+00,-4.999999999999999445e-01,1.000000000000000021e-02,0.000000000000000000e+00,0.000000000000000000e+00,0.000000000000000000e+00,1.000000000000000000e+00
-4.999999999999999445e-01,0.000000000000000000e+00,8.660254037844387076e-01,5.000000000000000000e-01,0.000000000000000000e+00,1.000000000000000000e+00,0.000000000000000000e+00,-1.000000000000000000e+00,-8.660254037844387076e-01,0.000000000000000000e+00,-4.999999999999999445e-01,1.000000000000000021e-02,0.000000000000000000e+00,0.000000000000000000e+00,0.000000000000000000e+00,1.000000000000000000e+00
-4.999999999999999445e-01,0.000000000000000000e+00,8.660254037844387076e-01,5.000000000000000000e-01,0.000000000000000000e+00,1.000000000000000000e+00,0.000000000000000000e+00,-1.000000000000000000e+00,-8.660254037844387076e-01,0.000000000000000000e+00,-4.999999999999999445e-01,1.000000000000000021e-02,0.000000000000000000e+00,0.000000000000000000e+00,0.000000000000000000e+00,1.000000000000000000e+00
-4.999999999999999445e-01,0.000000000000000000e+00,8.660254037844387076e-01,5.000000000000000000e-01,0.000000000000000000e+00,1.000000000000000000e+00,0.000000000000000000e+00,-1.000000000000000000e+00,-8.660254037844387076e-01,0.000000000000000000e+00,-4.999999999999999445e-01,1.000000000000000021e-02,0.000000000000000000e+00,0.000000000000000000e+00,0.000000000000000000e+00,1.000000000000000000e+00
-4.999999999999999445e-01,0.000000000000000000e+00,8.660254037844387076e-01,5.000000000000000000e-01,0.000000000000000000e+00,1.000000000000000000e+00,0.000000000000000000e+00,-1.000000000000000000e+00,-8.660254037844387076e-01,0.000000000000000000e+00,-4.999999999999999445e-01,1.000000000000000021e-02,0.000000000000000000e+00,0.000000000000000000e+00,0.000000000000000000e+00,1.000000000000000000e+00
-4.999999999999999445e-01,0.000000000000000000e+00,8.660254037844387076e-01,5.000000000000000000e-01,0.000000000000000000e+00,1.000000000000000000e+00,0.000000000000000000e+00,-1.000000000000000000e+00,-8.660254037844387076e-01,0.000000000000000000e+00,-4.999999999999999445e-01,1.000000000000000021e-02,0.000000000000000000e+00,0.000000000000000000e+00,0.000000000000000000e+00,1.000000000000000000e+00
-4.999999999999999445e-01,0.000000000000000000e+00,8.660254037844387076e-01,5.000000000000000000e-01,0.000000000000000000e+00,1.000000000000000000e+00,0.000000000000000000e+00,-1.000000000000000000e+00,-8.660254037844387076e-01,0.000000000000000000e+00,-4.999999999999999445e-01,1.000000000000000021e-02,0.000000000000000000e+00,0.000000000000000000e+00,0.000000000000000000e+00,1.000000000000000000e+00
-4.999999999999999445e-01,0.000000000000000000e+00,8.660254037844387076e-01,5.000000000000000000e-01,0.000000000000000000e+00,1.000000000000000000e+00,0.000000000000000000e+00,-1.000000000000000000e+00,-8.660254037844387076e-01,0.000000000000000000e+00,-4.999999999999999445e-01,1.000000000000000021e-02,0.000000000000000000e+00,0.000000000000000000e+00,0.000000000000000000e+00,1.000000000000000000e+00
-4.999999999999999445e-01,0.000000000000000000e+00,8.660254037844387076e-01,5.000000000000000000e-01,0.000000000000000000e+00,1.000000000000000000e+00,0.000000000000000000e+00,-1.000000000000000000e+00,-8.660254037844387076e-01,0.000000000000000000e+00,-4.999999999999999445e-01,1.000000000000000021e-02,0.000000000000000000e+00,0.000000000000000000e+00,0.000000000000000000e+00,1.000000000000000000e+00
-4.999999999999999445e-01,0.000000000000000000e+00,8.660254037844387076e-01,5.000000000000000000e-01,0.000000000000000000e+00,1.000000000000000000e+00,0.000000000000000000e+00,-1.000000000000000000e+00,-8.660254037844387076e-01,0.000000000000000000e+00,-4.999999999999999445e-01,1.000000000000000021e-02,0.000000000000000000e+00,0.000000000000000000e+00,0.000000000000000000e+00,1.000000000000000000e+00
-4.999999999999999445e-01,0.000000000000000000e+00,8.660254037844387076e-01,5.000000000000000000e-01,0.000000000000000000e+00,1.000000000000000000e+00,0.000000000000000000e+00,-1.000000000000000000e+00,-8.660254037844387076e-01,0.000000000000000000e+00,-4.999999999999999445e-01,1.000000000000000021e-02,0.000000000000000000e+00,0.000000000000000000e+00,0.000000000000000000e+00,1.000000000000000000e+00
-4.999999999999999445e-01,0.000000000000000000e+00,8.660254037844387076e-01,5.000000000000000000e-01,0.000000000000000000e+00,1.000000000000000000e+00,0.000000000000000000e+00,-1.000000000000000000e+00,-8.660254037844387076e-01,0.000000000000000000e+00,-4.999999999999999445e-01,1.000000000000000021e-02,0.000000000000000000e+00,0.000000000000000000e+00,0.000000000000000000e+00,1.000000000000000000e+00
-4.999999999999999445e-01,0.000000000000000000e+00,8.660254037844387076e-01,5.000000000000000000e-01,0.000000000000000000e+00,1.000000000000000000e+00,0.000000000000000000e+00,-1.000000000000000000e+00,-8.660254037844387076e-01,0.000000000000000000e+00,-4.999999999999999445e-01,1.000000000000000021e-02,0.000000000000000000e+00,0.000000000000000000e+00,0.000000000000000000e+00,1.000000000000000000e+00
-4.999999999999999445e-01,0.000000000000000000e+00,8.660254037844387076e-01,5.000000000000000000e-01,0.000000000000000000e+00,1.000000000000000000e+00,0.000000000000000000e+00,-1.000000000000000000e+00,-8.660254037844387076e-01,0.000000000000000000e+00,-4.999999999999999445e-01,1.000000000000000021e-02,0.000000000000000000e+00,0.000000000000000000e+00,0.000000000000000000e+00,1.000000000000000000e+00
-4.999999999999999445e-01,0.000000000000000000e+00,8.660254037844387076e-01,5.000000000000000000e-01,0.000000000000000000e+00,1.000000000000000000e+00,0.000000000000000000e+00,-1.000000000000000000e+00,-8.660254037844387076e-01,0.000000000000000000e+00,-4.999999999999999445e-01,1.000000000000000021e-02,0.000000000000000000e+00,0.000000000000000000e+00,0.000000000000000000e+00,1.000000000000000000e+00
-4.999999999999999445e-01,0.000000000000000000e+00,8.660254037844387076e-01,5.000000000000000000e-01,0.000000000000000000e+00,1.000000000000000000e+00,0.000000000000000000e+00,-1.000000000000000000e+00,-8.660254037844387076e-01,0.000000000000000000e+00,-4.999999999999999445e-01,1.000000000000000021e-02,0.000000000000000000e+00,0.000000000000000000e+00,0.000000000000000000e+00,1.000000000000000000e+00
-4.999999999999999445e-01,0.000000000000000000e+00,8.660254037844387076e-01,5.000000000000000000e-01,0.000000000000000000e+00,1.000000000000000000e+00,0.000000000000000000e+00,-1.000000000000000000e+00,-8.660254037844387076e-01,0.000000000000000000e+00,-4.999999999999999445e-01,1.000000000000000021e-02,0.000000000000000000e+00,0.000000000000000000e+00,0.000000000000000000e+00,1.000000000000000000e+00
-4.999999999999999445e-01,0.000000000000000000e+00,8.660254037844387076e-01,5.000000000000000000e-01,0.000000000000000000e+00,1.000000000000000000e+00,0.000000000000000000e+00,-1.000000000000000000e+00,-8.660254037844387076e-01,0.000000000000000000e+00,-4.999999999999999445e-01,1.000000000000000021e-02,0.000000000000000000e+00,0.000000000000000000e+00,0.000000000000000000e+00,1.000000000000000000e+00
-4.999999999999999445e-01,0.000000000000000000e+00,8.660254037844387076e-01,5.000000000000000000e-01,0.000000000000000000e+00,1.000000000000000000e+00,0.000000000000000000e+00,-1.000000000000000000e+00,-8.660254037844387076e-01,0.000000000000000000e+00,-4.999999999999999445e-01,1.000000000000000021e-02,0.000000000000000000e+00,0.000000000000000000e+00,0.000000000000000000e+00,1.000000000000000000e+00
-4.999999999999999445e-01,0.000000000000000000e+00,8.660254037844387076e-01,5.000000000000000000e-01,0.000000000000000000e+00,1.000000000000000000e+00,0.000000000000000000e+00,-1.000000000000000000e+00,-8.660254037844387076e-01,0.000000000000000000e+00,-4.999999999999999445e-01,1.000000000000000021e-02,0.000000000000000000e+00,0.000000000000000000e+00,0.000000000000000000e+00,1.000000000000000000e+00
-4.999999999999999445e-01,0.000000000000000000e+00,8.660254037844387076e-01,5.000000000000000000e-01,0.000000000000000000e+00,1.000000000000000000e+00,0.000000000000000000e+00,-1.000000000000000000e+00,-8.660254037844387076e-01,0.000000000000000000e+00,-4.999999999999999445e-01,1.000000000000000021e-02,0.000000000000000000e+00,0.000000000000000000e+00,0.000000000000000000e+00,1.000000000000000000e+00
-4.999999999999999445e-01,0.000000000000000000e+00,8.660254037844387076e-01,5.000000000000000000e-01,0.000000000000000000e+00,1.000000000000000000e+00,0.000000000000000000e+00,-1.000000000000000000e+00,-8.660254037844387076e-01,0.000000000000000000e+00,-4.999999999999999445e-01,1.000000000000000021e-02,0.000000000000000000e+00,0.000000000000000000e+00,0.000000000000000000e+00,1.000000000000000000e+00
-4.999999999999999445e-01,0.000000000000000000e+00,8.660254037844387076e-01,5.000000000000000000e-01,0.000000000000000000e+00,1.000000000000000000e+00,0.000000000000000000e+00,-1.000000000000000000e+00,-8.660254037844387076e-01,0.000000000000000000e+00,-4.999999999999999445e-01,1.000000000000000021e-02,0.000000000000000000e+00,0.000000000000000000e+00,0.000000000000000000e+00,1.000000000000000000e+00
-4.999999999999999445e-01,0.000000000000000000e+00,8.660254037844387076e-01,5.000000000000000000e-01,0.000000000000000000e+00,1.000000000000000000e+00,0.000000000000000000e+00,-1.000000000000000000e+00,-8.660254037844387076e-01,0.000000000000000000e+00,-4.999999999999999445e-01,1.000000000000000021e-02,0.000000000000000000e+00,0.000000000000000000e+00,0.000000000000000000e+00,1.000000000000000000e+00
-4.999999999999999445e-01,0.000000000000000000e+00,8.660254037844387076e-01,5.000000000000000000e-01,0.000000000000000000e+00,1.000000000000000000e+00,0.000000000000000000e+00,-1.000000000000000000e+00,-8.660254037844387076e-01,0.000000000000000000e+00,-4.999999999999999445e-01,1.000000000000000021e-02,0.000000000000000000e+00,0.000000000000000000e+00,0.000000000000000000e+00,1.000000000000000000e+00
-4.999999999999999445e-01,0.000000000000000000e+00,8.660254037844387076e-01,5.000000000000000000e-01,0.000000000000000000e+00,1.000000000000000000e+00,0.000000000000000000e+00,-1.000000000000000000e+00,-8.660254037844387076e-01,0.000000000000000000e+00,-4.999999999999999445e-01,1.000000000000000021e-02,0.000000000000000000e+00,0.000000000000000000e+00,0.000000000000000000e+00,1.000000000000000000e+00
-4.999999999999999445e-01,0.000000000000000000e+00,8.660254037844387076e-01,5.000000000000000000e-01,0.000000000000000000e+00,1.000000000000000000e+00,0.000000000000000000e+00,-1.000000000000000000e+00,-8.660254037844387076e-01,0.000000000000000000e+00,-4.999999999999999445e-01,1.000000000000000021e-02,0.000000000000000000e+00,0.000000000000000000e+00,0.000000000000000000e+00,1.000000000000000000e+00
-4.999999999999999445e-01,0.000000000000000000e+00,8.660254037844387076e-01,5.000000000000000000e-01,0.000000000000000000e+00,1.000000000000000000e+00,0.000000000000000000e+00,-1.000000000000000000e+00,-8.660254037844387076e-01,0.000000000000000000e+00,-4.999999999999999445e-01,1.000000000000000021e-02,0.000000000000000000e+00,0.000000000000000000e+00,0.000000000000000000e+00,1.000000000000000000e+00
-4.999999999999999445e-01,0.000000000000000000e+00,8.660254037844387076e-01,5.000000000000000000e-01,0.000000000000000000e+00,1.000000000000000000e+00,0.000000000000000000e+00,-1.000000000000000000e+00,-8.660254037844387076e-01,0.000000000000000000e+00,-4.999999999999999445e-01,1.000000000000000021e-02,0.000000000000000000e+00,0.000000000000000000e+00,0.000000000000000000e+00,1.000000000000000000e+00
-4.999999999999999445e-01,0.000000000000000000e+00,8.660254037844387076e-01,5.000000000000000000e-01,0.000000000000000000e+00,1.000000000000000000e+00,0.000000000000000000e+00,-1.000000000000000000e+00,-8.660254037844387076e-01,0.000000000000000000e+00,-4.999999999999999445e-01,1.000000000000000021e-02,0.000000000000000000e+00,0.000000000000000000e+00,0.000000000000000000e+00,1.000000000000000000e+00
-4.999999999999999445e-01,0.000000000000000000e+00,8.660254037844387076e-01,5.000000000000000000e-01,0.000000000000000000e+00,1.000000000000000000e+00,0.000000000000000000e+00,-1.000000000000000000e+00,-8.660254037844387076e-01,0.000000000000000000e+00,-4.999999999999999445e-01,1.000000000000000021e-02,0.000000000000000000e+00,0.000000000000000000e+00,0.000000000000000000e+00,1.000000000000000000e+00
-4.999999999999999445e-01,0.000000000000000000e+00,8.660254037844387076e-01,5.000000000000000000e-01,0.000000000000000000e+00,1.000000000000000000e+00,0.000000000000000000e+00,-1.000000000000000000e+00,-8.660254037844387076e-01,0.000000000000000000e+00,-4.999999999999999445e-01,1.000000000000000021e-02,0.000000000000000000e+00,0.000000000000000000e+00,0.000000000000000000e+00,1.000000000000000000e+00
-4.999999999999999445e-01,0.000000000000000000e+00,8.660254037844387076e-01,5.000000000000000000e-01,0.000000000000000000e+00,1.000000000000000000e+00,0.000000000000000000e+00,-1.000000000000000000e+00,-8.660254037844387076e-01,0.000000000000000000e+00,-4.999999999999999445e-01,1.000000000000000021e-02,0.000000000000000000e+00,0.000000000000000000e+00,0.000000000000000000e+00,1.000000000000000000e+00
-4.999999999999999445e-01,0.000000000000000000e+00,8.660254037844387076e-01,5.000000000000000000e-01,0.000000000000000000e+00,1.000000000000000000e+00,0.000000000000000000e+00,-1.000000000000000000e+00,-8.660254037844387076e-01,0.000000000000000000e+00,-4.999999999999999445e-01,1.000000000000000021e-02,0.000000000000000000e+00,0.000000000000000000e+00,0.000000000000000000e+00,1.000000000000000000e+00
-4.999999999999999445e-01,0.000000000000000000e+00,8.660254037844387076e-01,5.000000000000000000e-01,0.000000000000000000e+00,1.000000000000000000e+00,0.000000000000000000e+00,-1.000000000000000000e+00,-8.660254037844387076e-01,0.000000000000000000e+00,-4.999999999999999445e-01,1.000000000000000021e-02,0.000000000000000000e+00,0.000000000000000000e+00,0.000000000000000000e+00,1.000000000000000000e+00
-4.999999999999999445e-01,0.000000000000000000e+00,8.660254037844387076e-01,5.000000000000000000e-01,0.000000000000000000e+00,1.000000000000000000e+00,0.000000000000000000e+00,-1.000000000000000000e+00,-8.660254037844387076e-01,0.000000000000000000e+00,-4.999999999999999445e-01,1.000000000000000021e-02,0.000000000000000000e+00,0.000000000000000000e+00,0.000000000000000000e+00,1.000000000000000000e+00
-4.999999999999999445e-01,0.000000000000000000e+00,8.660254037844387076e-01,5.000000000000000000e-01,0.000000000000000000e+00,1.000000000000000000e+00,0.000000000000000000e+00,-1.000000000000000000e+00,-8.660254037844387076e-01,0.000000000000000000e+00,-4.999999999999999445e-01,1.000000000000000021e-02,0.000000000000000000e+00,0.000000000000000000e+00,0.000000000000000000e+00,1.000000000000000000e+00
-4.999999999999999445e-01,0.000000000000000000e+00,8.660254037844387076e-01,5.000000000000000000e-01,0.000000000000000000e+00,1.000000000000000000e+00,0.000000000000000000e+00,-1.000000000000000000e+00,-8.660254037844387076e-01,0.000000000000000000e+00,-4.999999999999999445e-01,1.000000000000000021e-02,0.000000000000000000e+00,0.000000000000000000e+00,0.000000000000000000e+00,1.000000000000000000e+00
-4.999999999999999445e-01,0.000000000000000000e+00,8.660254037844387076e-01,5.000000000000000000e-01,0.000000000000000000e+00,1.000000000000000000e+00,0.000000000000000000e+00,-1.000000000000000000e+00,-8.660254037844387076e-01,0.000000000000000000e+00,-4.999999999999999445e-01,1.000000000000000021e-02,0.000000000000000000e+00,0.000000000000000000e+00,0.000000000000000000e+00,1.000000000000000000e+00
-4.999999999999999445e-01,0.000000000000000000e+00,8.660254037844387076e-01,5.000000000000000000e-01,0.000000000000000000e+00,1.000000000000000000e+00,0.000000000000000000e+00,-1.000000000000000000e+00,-8.660254037844387076e-01,0.000000000000000000e+00,-4.999999999999999445e-01,1.000000000000000021e-02,0.000000000000000000e+00,0.000000000000000000e+00,0.000000000000000000e+00,1.000000000000000000e+00
-4.999999999999999445e-01,0.000000000000000000e+00,8.660254037844387076e-01,5.000000000000000000e-01,0.000000000000000000e+00,1.000000000000000000e+00,0.000000000000000000e+00,-1.000000000000000000e+00,-8.660254037844387076e-01,0.000000000000000000e+00,-4.999999999999999445e-01,1.000000000000000021e-02,0.000000000000000000e+00,0.000000000000000000e+00,0.000000000000000000e+00,1.000000000000000000e+00
-4.999999999999999445e-01,0.000000000000000000e+00,8.660254037844387076e-01,5.000000000000000000e-01,0.000000000000000000e+00,1.000000000000000000e+00,0.000000000000000000e+00,-1.000000000000000000e+00,-8.660254037844387076e-01,0.000000000000000000e+00,-4.999999999999999445e-01,1.000000000000000021e-02,0.000000000000000000e+00,0.000000000000000000e+00,0.000000000000000000e+00,1.000000000000000000e+00
-4.999999999999999445e-01,0.000000000000000000e+00,8.660254037844387076e-01,5.000000000000000000e-01,0.000000000000000000e+00,1.000000000000000000e+00,0.000000000000000000e+00,-1.000000000000000000e+00,-8.660254037844387076e-01,0.000000000000000000e+00,-4.999999999999999445e-01,1.000000000000000021e-02,0.000000000000000000e+00,0.000000000000000000e+00,0.000000000000000000e+00,1.000000000000000000e+00
-4.999999999999999445e-01,0.000000000000000000e+00,8.660254037844387076e-01,5.000000000000000000e-01,0.000000000000000000e+00,1.000000000000000000e+00,0.000000000000000000e+00,-1.000000000000000000e+00,-8.660254037844387076e-01,0.000000000000000000e+00,-4.999999999999999445e-01,1.000192861008397834e-02,0.000000000000000000e+00,0.000000000000000000e+00,0.000000000000000000e+00,1.000000000000000000e+00
-4.999999999999999445e-01,0.000000000000000000e+00,8.660254037844387076e-01,5.000000000000000000e-01,0.000000000000000000e+00,1.000000000000000000e+00,0.000000000000000000e+00,-1.000000000000000000e+00,-8.660254037844387076e-01,0.000000000000000000e+00,-4.999999999999999445e-01,1.001519440503243971e-02,0.000000000000000000e+00,0.000000000000000000e+00,0.000000000000000000e+00,1.000000000000000000e+00
-4.999999999999999445e-01,0.000000000000000000e+00,8.660254037844387076e-01,5.000000000000000000e-01,0.000000000000000000e+00,1.000000000000000000e+00,0.000000000000000000e+00,-1.000000000000000000e+00,-8.660254037844387076e-01,0.000000000000000000e+00,-4.999999999999999445e-01,1.005049623495540313e-02,0.000000000000000000e+00,0.000000000000000000e+00,0.000000000000000000e+00,1.000000000000000000e+00
-4.999999999999999445e-01,0.000000000000000000e+00,8.660254037844387076e-01,5.000000000000000000e-01,0.000000000000000000e+00,1.000000000000000000e+00,0.000000000000000000e+00,-1.000000000000000000e+00,-8.660254037844387076e-01,0.000000000000000000e+00,-4.999999999999999445e-01,1.011784966205670107e-02,0.000000000000000000e+00,0.000000000000000000e+00,0.000000000000000000e+00,1.000000000000000000e+00
-4.999999999999999445e-01,0.000000000000000000e+00,8.660254037844387076e-01,5.000000000000000000e-01,0.000000000000000000e+00,1.000000000000000000e+00,0.000000000000000000e+00,-1.000000000000000000e+00,-8.660254037844387076e-01,0.000000000000000000e+00,-4.999999999999999445e-01,1.022660134564253379e-02,0.000000000000000000e+00,0.000000000000000000e+00,0.000000000000000000e+00,1.000000000000000000e+00
-4.999999999999999445e-01,0.000000000000000000e+00,8.660254037844387076e-01,5.000000000000000000e-01,0.000000000000000000e+00,1.000000000000000000e+00,0.000000000000000000e+00,-1.000000000000000000e+00,-8.660254037844387076e-01,0.000000000000000000e+00,-4.999999999999999445e-01,1.038544342713001480e-02,0.000000000000000000e+00,0.000000000000000000e+00,0.000000000000000000e+00,1.000000000000000000e+00
-4.999999999999999445e-01,0.000000000000000000e+00,8.660254037844387076e-01,5.000000000000000000e-01,0.000000000000000000e+00,1.000000000000000000e+00,0.000000000000000000e+00,-1.000000000000000000e+00,-8.660254037844387076e-01,0.000000000000000000e+00,-4.999999999999999445e-01,1.060242791505572844e-02,0.000000000000000000e+00,0.000000000000000000e+00,0.000000000000000000e+00,1.000000000000000000e+00
-4.999999999999999445e-01,0.000000000000000000e+00,8.660254037844387076e-01,5.000000000000000000e-01,0.000000000000000000e+00,1.000000000000000000e+00,0.000000000000000000e+00,-1.000000000000000000e+00,-8.660254037844387076e-01,0.000000000000000000e+00,-4.999999999999999445e-01,1.088498107008427536e-02,0.000000000000000000e+00,0.000000000000000000e+00,0.000000000000000000e+00,1.000000000000000000e+00
-4.999999999999999445e-01,0.000000000000000000e+00,8.660254037844387076e-01,5.000000000000000000e-01,0.000000000000000000e+00,1.000000000000000000e+00,0.000000000000000000e+00,-1.000000000000000000e+00,-8.660254037844387076e-01,0.000000000000000000e+00,-4.999999999999999445e-01,1.123991779001682831e-02,0.000000000000000000e+00,0.000000000000000000e+00,0.000000000000000000e+00,1.000000000000000000e+00
-4.999999999999999445e-01,0.000000000000000000e+00,8.660254037844387076e-01,5.000000000000000000e-01,0.000000000000000000e+00,1.000000000000000000e+00,0.000000000000000000e+00,-1.000000000000000000e+00,-8.660254037844387076e-01,0.000000000000000000e+00,-4.999999999999999445e-01,1.167345599479967938e-02,0.000000000000000000e+00,0.000000000000000000e+00,0.000000000000000000e+00,1.000000000000000000e+00
-4.999999999999999445e-01,0.000000000000000000e+00,8.660254037844387076e-01,5.000000000000000000e-01,0.000000000000000000e+00,1.000000000000000000e+00,0.000000000000000000e+00,-1.000000000000000000e+00,-8.660254037844387076e-01,0.000000000000000000e+00,-4.999999999999999445e-01,1.219123101153279584e-02,0.000000000000000000e+00,0.000000000000000000e+00,0.000000000000000000e+00,1.000000000000000000e+00
-4.999999999999999445e-01,0.000000000000000000e+00,8.660254037844387076e-01,5.000000000000000000e-01,0.000000000000000000e+00,1.000000000000000000e+00,0.000000000000000000e+00,-1.000000000000000000e+00,-8.660254037844387076e-01,0.000000000000000000e+00,-4.999999999999999445e-01,1.279830995947836905e-02,0.000000000000000000e+00,0.000000000000000000e+00,0.000000000000000000e+00,1.000000000000000000e+00
-4.999999999999999445e-01,0.000000000000000000e+00,8.660254037844387076e-01,5.000000000000000000e-01,0.000000000000000000e+00,1.000000000000000000e+00,0.000000000000000000e+00,-1.000000000000000000e+00,-8.660254037844387076e-01,0.000000000000000000e+00,-4.999999999999999445e-01,1.349920613506936512e-02,0.000000000000000000e+00,0.000000000000000000e+00,0.000000000000000000e+00,1.000000000000000000e+00
-4.999999999999999445e-01,0.000000000000000000e+00,8.660254037844387076e-01,5.000000000000000000e-01,0.000000000000000000e+00,1.000000000000000000e+00,0.000000000000000000e+00,-1.000000000000000000e+00,-8.660254037844387076e-01,0.000000000000000000e+00,-4.999999999999999445e-01,1.429789339691807729e-02,0.000000000000000000e+00,0.000000000000000000e+00,0.000000000000000000e+00,1.000000000000000000e+00
-4.999999999999999445e-01,0.000000000000000000e+00,8.660254037844387076e-01,5.000000000000000000e-01,0.000000000000000000e+00,1.000000000000000000e+00,0.000000000000000000e+00,-1.000000000000000000e+00,-8.660254037844387076e-01,0.000000000000000000e+00,-4.999999999999999445e-01,1.519782055082467137e-02,0.000000000000000000e+00,0.000000000000000000e+00,0.000000000000000000e+00,1.000000000000000000e+00
-4.999999999999999445e-01,0.000000000000000000e+00,8.660254037844387076e-01,5.000000000000000000e-01,0.000000000000000000e+00,1.000000000000000000e+00,0.000000000000000000e+00,-1.000000000000000000e+00,-8.660254037844387076e-01,0.000000000000000000e+00,-4.999999999999999445e-01,1.620192573478575898e-02,0.000000000000000000e+00,0.000000000000000000e+00,0.000000000000000000e+00,1.000000000000000000e+00
-4.999999999999999445e-01,0.000000000000000000e+00,8.660254037844387076e-01,5.000000000000000000e-01,0.000000000000000000e+00,1.000000000000000000e+00,0.000000000000000000e+00,-1.000000000000000000e+00,-8.660254037844387076e-01,0.000000000000000000e+00,-4.999999999999999445e-01,1.731265080400291173e-02,0.000000000000000000e+00,0.000000000000000000e+00,0.000000000000000000e+00,1.000000000000000000e+00
-4.999999999999999445e-01,0.000000000000000000e+00,8.660254037844387076e-01,5.000000000000000000e-01,0.000000000000000000e+00,1.000000000000000000e+00,0.000000000000000000e+00,-1.000000000000000000e+00,-8.660254037844387076e-01,0.000000000000000000e+00,-4.999999999999999445e-01,1.853195571589124138e-02,0.000000000000000000e+00,0.000000000000000000e+00,0.000000000000000000e+00,1.000000000000000000e+00
-4.999999999999999445e-01,0.000000000000000000e+00,8.660254037844387076e-01,5.000000000000000000e-01,0.000000000000000000e+00,1.000000000000000000e+00,0.000000000000000000e+00,-1.000000000000000000e+00,-8.660254037844387076e-01,0.000000000000000000e+00,-4.999999999999999445e-01,1.986133291508795223e-02,0.000000000000000000e+00,0.000000000000000000e+00,0.000000000000000000e+00,1.000000000000000000e+00
-4.999999999999999445e-01,0.000000000000000000e+00,8.660254037844387076e-01,5.000000000000000000e-01,0.000000000000000000e+00,1.000000000000000000e+00,0.000000000000000000e+00,-1.000000000000000000e+00,-8.660254037844387076e-01,0.000000000000000000e+00,-4.999999999999999445e-01,2.130182171846086575e-02,0.000000000000000000e+00,0.000000000000000000e+00,0.000000000000000000e+00,1.000000000000000000e+00
-4.999999999999999445e-01,0.000000000000000000e+00,8.660254037844387076e-01,5.000000000000000000e-01,0.000000000000000000e+00,1.000000000000000000e+00,0.000000000000000000e+00,-1.000000000000000000e+00,-8.660254037844387076e-01,0.000000000000000000e+00,-4.999999999999999445e-01,2.285402270011700071e-02,0.000000000000000000e+00,0.000000000000000000e+00,0.000000000000000000e+00,1.000000000000000000e+00
-4.999999999999999445e-01,0.000000000000000000e+00,8.660254037844387076e-01,5.000000000000000000e-01,0.000000000000000000e+00,1.000000000000000000e+00,0.000000000000000000e+00,-1.000000000000000000e+00,-8.660254037844387076e-01,0.000000000000000000e+00,-4.999999999999999445e-01,2.451811207641111864e-02,0.000000000000000000e+00,0.000000000000000000e+00,0.000000000000000000e+00,1.000000000000000000e+00
-4.999999999999999445e-01,0.000000000000000000e+00,8.660254037844387076e-01,5.000000000000000000e-01,0.000000000000000000e+00,1.000000000000000000e+00,0.000000000000000000e+00,-1.000000000000000000e+00,-8.660254037844387076e-01,0.000000000000000000e+00,-4.999999999999999445e-01,2.629385609095425541e-02,0.000000000000000000e+00,0.000000000000000000e+00,0.000000000000000000e+00,1.000000000000000000e+00
-4.999999999999999445e-01,0.000000000000000000e+00,8.660254037844387076e-01,5.000000000000000000e-01,0.000000000000000000e+00,1.000000000000000000e+00,0.000000000000000000e+00,-1.000000000000000000e+00,-8.660254037844387076e-01,0.000000000000000000e+00,-4.999999999999999445e-01,2.818062539962228052e-02,0.000000000000000000e+00,0.000000000000000000e+00,0.000000000000000000e+00,1.000000000000000000e+00
-4.999999999999999445e-01,0.000000000000000000e+00,8.660254037844387076e-01,5.000000000000000000e-01,0.000000000000000000e+00,1.000000000000000000e+00,0.000000000000000000e+00,-1.000000000000000000e+00,-8.660254037844387076e-01,0.000000000000000000e+00,-4.999999999999999445e-01,3.017740945556448423e-02,0.000000000000000000e+00,0.000000000000000000e+00,0.000000000000000000e+00,1.000000000000000000e+00
-4.999999999999999445e-01,0.000000000000000000e+00,8.660254037844387076e-01,5.000000000000000000e-01,0.000000000000000000e+00,1.000000000000000000e+00,0.000000000000000000e+00,-1.000000000000000000e+00,-8.660254037844387076e-01,0.000000000000000000e+00,-4.999999999999999445e-01,3.228283089421207785e-02,0.000000000000000000e+00,0.000000000000000000e+00,0.000000000000000000e+00,1.000000000000000000e+00
-4.999999999999999445e-01,0.000000000000000000e+00,8.660254037844387076e-01,5.000000000000000000e-01,0.000000000000000000e+00,1.000000000000000000e+00,0.000000000000000000e+00,-1.000000000000000000e+00,-8.660254037844387076e-01,0.000000000000000000e+00,-4.999999999999999445e-01,3.449515991828676353e-02,0.000000000000000000e+00,0.000000000000000000e+00,0.000000000000000000e+00,1.000000000000000000e+00
-4.999999999999999445e-01,0.000000000000000000e+00,8.660254037844387076e-01,5.000000000000000000e-01,0.000000000000000000e+00,1.000000000000000000e+00,0.000000000000000000e+00,-1.000000000000000000e+00,-8.660254037844387076e-01,0.000000000000000000e+00,-4.999999999999999445e-01,3.681232868280929355e-02,0.000000000000000000e+00,0.000000000000000000e+00,0.000000000000000000e+00,1.000000000000000000e+00
-4.999999999999999445e-01,0.000000000000000000e+00,8.660254037844387076e-01,5.000000000000000000e-01,0.000000000000000000e+00,1.000000000000000000e+00,0.000000000000000000e+00,-1.000000000000000000e+00,-8.660254037844387076e-01,0.000000000000000000e+00,-4.999999999999999445e-01,3.923194568010800187e-02,0.000000000000000000e+00,0.000000000000000000e+00,0.000000000000000000e+00,1.000000000000000000e+00
-4.999999999999999445e-01,0.000000000000000000e+00,8.660254037844387076e-01,5.000000000000000000e-01,0.000000000000000000e+00,1.000000000000000000e+00,0.000000000000000000e+00,-1.000000000000000000e+00,-8.660254037844387076e-01,0.000000000000000000e+00,-4.999999999999999445e-01,4.175131012482742598e-02,0.000000000000000000e+00,0.000000000000000000e+00,0.000000000000000000e+00,1.000000000000000000e+00
-4.999999999999999445e-01,0.000000000000000000e+00,8.660254037844387076e-01,5.000000000000000000e-01,0.000000000000000000e+00,1.000000000000000000e+00,0.000000000000000000e+00,-1.000000000000000000e+00,-8.660254037844387076e-01,0.000000000000000000e+00,-4.999999999999999445e-01,4.436742633893672738e-02,0.000000000000000000e+00,0.000000000000000000e+00,0.000000000000000000e+00,1.000000000000000000e+00
-4.999999999999999445e-01,0.000000000000000000e+00,8.660254037844387076e-01,5.000000000000000000e-01,0.000000000000000000e+00,1.000000000000000000e+00,0.000000000000000000e+00,-1.000000000000000000e+00,-8.660254037844387076e-01,0.000000000000000000e+00,-4.999999999999999445e-01,4.707701813673834806e-02,0.000000000000000000e+00,0.000000000000000000e+00,0.000000000000000000e+00,1.000000000000000000e+00
-4.999999999999999445e-01,0.000000000000000000e+00,8.660254037844387076e-01,5.000000000000000000e-01,0.000000000000000000e+00,1.000000000000000000e+00,0.000000000000000000e+00,-1.000000000000000000e+00,-8.660254037844387076e-01,0.000000000000000000e+00,-4.999999999999999445e-01,4.987654320987654905e-02,0.000000000000000000e+00,0.000000000000000000e+00,0.000000000000000000e+00,1.000000000000000000e+00
-4.999999999999999445e-01,0.000000000000000000e+00,8.660254037844387076e-01,5.000000000000000000e-01,0.000000000000000000e+00,1.000000000000000000e+00,0.000000000000000000e+00,-1.000000000000000000e+00,-8.660254037844387076e-01,0.000000000000000000e+00,-4.999999999999999445e-01,5.276220751234592804e-02,0.000000000000000000e+00,0.000000000000000000e+00,0.000000000000000000e+00,1.000000000000000000e+00
-4.999999999999999445e-01,0.000000000000000000e+00,8.660254037844387076e-01,5.000000000000000000e-01,0.000000000000000000e+00,1.000000000000000000e+00,0.000000000000000000e+00,-1.000000000000000000e+00,-8.660254037844387076e-01,0.000000000000000000e+00,-4.999999999999999445e-01,5.572997964549997879e-02,0.000000000000000000e+00,0.000000000000000000e+00,0.000000000000000000e+00,1.000000000000000000e+00
-4.999999999999999445e-01,0.000000000000000000e+00,8.660254037844387076e-01,5.000000000000000000e-01,0.000000000000000000e+00,1.000000000000000000e+00,0.000000000000000000e+00,-1.000000000000000000e+00,-8.660254037844387076e-01,0.000000000000000000e+00,-4.999999999999999445e-01,5.877560524305966427e-02,0.000000000000000000e+00,0.000000000000000000e+00,0.000000000000000000e+00,1.000000000000000000e+00
-4.999999999999999445e-01,0.000000000000000000e+00,8.660254037844387076e-01,5.000000000000000000e-01,0.000000000000000000e+00,1.000000000000000000e+00,0.000000000000000000e+00,-1.000000000000000000e+00,-8.660254037844387076e-01,0.000000000000000000e+00,-4.999999999999999445e-01,6.189462135612193439e-02,0.000000000000000000e+00,0.000000000000000000e+00,0.000000000000000000e+00,1.000000000000000000e+00
-4.999999999999999445e-01,0.000000000000000000e+00,8.660254037844387076e-01,5.000000000000000000e-01,0.000000000000000000e+00,1.000000000000000000e+00,0.000000000000000000e+00,-1.000000000000000000e+00,-8.660254037844387076e-01,0.000000000000000000e+00,-4.999999999999999445e-01,6.508237083816832691e-02,0.000000000000000000e+00,0.000000000000000000e+00,0.000000000000000000e+00,1.000000000000000000e+00
-4.999999999999999445e-01,0.000000000000000000e+00,8.660254037844387076e-01,5.000000000000000000e-01,0.000000000000000000e+00,1.000000000000000000e+00,0.000000000000000000e+00,-1.000000000000000000e+00,-8.660254037844387076e-01,0.000000000000000000e+00,-4.999999999999999445e-01,6.833401673007348520e-02,0.000000000000000000e+00,0.000000000000000000e+00,0.000000000000000000e+00,1.000000000000000000e+00
-4.999999999999999445e-01,0.000000000000000000e+00,8.660254037844387076e-01,5.000000000000000000e-01,0.000000000000000000e+00,1.000000000000000000e+00,0.000000000000000000e+00,-1.000000000000000000e+00,-8.660254037844387076e-01,0.000000000000000000e+00,-4.999999999999999445e-01,7.164455664511366895e-02,0.000000000000000000e+00,0.000000000000000000e+00,0.000000000000000000e+00,1.000000000000000000e+00
-4.999999999999999445e-01,0.000000000000000000e+00,8.660254037844387076e-01,5.000000000000000000e-01,0.000000000000000000e+00,1.000000000000000000e+00,0.000000000000000000e+00,-1.000000000000000000e+00,-8.660254037844387076e-01,0.000000000000000000e+00,-4.999999999999999445e-01,7.500883715397536899e-02,0.000000000000000000e+00,0.000000000000000000e+00,0.000000000000000000e+00,1.000000000000000000e+00
-4.999999999999999445e-01,0.000000000000000000e+00,8.660254037844387076e-01,5.000000000000000000e-01,0.000000000000000000e+00,1.000000000000000000e+00,0.000000000000000000e+00,-1.000000000000000000e+00,-8.660254037844387076e-01,0.000000000000000000e+00,-4.999999999999999445e-01,7.842156816976386668e-02,0.000000000000000000e+00,0.000000000000000000e+00,0.000000000000000000e+00,1.000000000000000000e+00
-4.999999999999999445e-01,0.000000000000000000e+00,8.660254037844387076e-01,5.000000000000000000e-01,0.000000000000000000e+00,1.000000000000000000e+00,0.000000000000000000e+00,-1.000000000000000000e+00,-8.660254037844387076e-01,0.000000000000000000e+00,-4.999999999999999445e-01,8.187733733301177930e-02,0.000000000000000000e+00,0.000000000000000000e+00,0.000000000000000000e+00,1.000000000000000000e+00
-4.999999999999999445e-01,0.000000000000000000e+00,8.660254037844387076e-01,5.000000000000000000e-01,0.000000000000000000e+00,1.000000000000000000e+00,0.000000000000000000e+00,-1.000000000000000000e+00,-8.660254037844387076e-01,0.000000000000000000e+00,-4.999999999999999445e-01,8.537062439668749447e-02,0.000000000000000000e+00,0.000000000000000000e+00,0.000000000000000000e+00,1.000000000000000000e+00
-4.999999999999999445e-01,0.000000000000000000e+00,8.660254037844387076e-01,5.000000000000000000e-01,0.000000000000000000e+00,1.000000000000000000e+00,0.000000000000000000e+00,-1.000000000000000000e+00,-8.660254037844387076e-01,0.000000000000000000e+00,-4.999999999999999445e-01,8.889581561120389608e-02,0.000000000000000000e+00,0.000000000000000000e+00,0.000000000000000000e+00,1.000000000000000000e+00
-4.999999999999999445e-01,0.000000000000000000e+00,8.660254037844387076e-01,5.000000000000000000e-01,0.000000000000000000e+00,1.000000000000000000e+00,0.000000000000000000e+00,-1.000000000000000000e+00,-8.660254037844387076e-01,0.000000000000000000e+00,-4.999999999999999445e-01,9.244721810942684026e-02,0.000000000000000000e+00,0.000000000000000000e+00,0.000000000000000000e+00,1.000000000000000000e+00
-4.999999999999999445e-01,0.000000000000000000e+00,8.660254037844387076e-01,5.000000000000000000e-01,0.000000000000000000e+00,1.000000000000000000e+00,0.000000000000000000e+00,-1.000000000000000000e+00,-8.660254037844387076e-01,0.000000000000000000e+00,-4.999999999999999445e-01,9.601907429168360375e-02,0.000000000000000000e+00,0.000000000000000000e+00,0.000000000000000000e+00,1.000000000000000000e+00
-4.999999999999999445e-01,0.000000000000000000e+00,8.660254037844387076e-01,5.000000000000000000e-01,0.000000000000000000e+00,1.000000000000000000e+00,0.000000000000000000e+00,-1.000000000000000000e+00,-8.660254037844387076e-01,0.000000000000000000e+00,-4.999999999999999445e-01,9.960557621077167911e-02,0.000000000000000000e+00,0.000000000000000000e+00,0.000000000000000000e+00,1.000000000000000000e+00
-4.999999999999999445e-01,0.000000000000000000e+00,8.660254037844387076e-01,5.000000000000000000e-01,0.000000000000000000e+00,1.000000000000000000e+00,0.000000000000000000e+00,-1.000000000000000000e+00,-8.660254037844387076e-01,0.000000000000000000e+00,-4.999999999999999445e-01,1.032008799569670843e-01,0.000000000000000000e+00,0.000000000000000000e+00,0.000000000000000000e+00,1.000000000000000000e+00
-4.999999999999999445e-01,0.000000000000000000e+00,8.660254037844387076e-01,5.000000000000000000e-01,0.000000000000000000e+00,1.000000000000000000e+00,0.000000000000000000e+00,-1.000000000000000000e+00,-8.660254037844387076e-01,0.000000000000000000e+00,-4.999999999999999445e-01,1.067991200430329496e-01,0.000000000000000000e+00,0.000000000000000000e+00,0.000000000000000000e+00,1.000000000000000000e+00
-4.999999999999999445e-01,0.000000000000000000e+00,8.660254037844387076e-01,5.000000000000000000e-01,0.000000000000000000e+00,1.000000000000000000e+00,0.000000000000000000e+00,-1.000000000000000000e+00,-8.660254037844387076e-01,0.000000000000000000e+00,-4.999999999999999445e-01,1.103944237892283825e-01,0.000000000000000000e+00,0.000000000000000000e+00,0.000000000000000000e+00,1.000000000000000000e+00
-4.999999999999999445e-01,0.000000000000000000e+00,8.660254037844387076e-01,5.000000000000000000e-01,0.000000000000000000e+00,1.000000000000000000e+00,0.000000000000000000e+00,-1.000000000000000000e+00,-8.660254037844387076e-01,0.000000000000000000e+00,-4.999999999999999445e-01,1.139809257083163746e-01,0.000000000000000000e+00,0.000000000000000000e+00,0.000000000000000000e+00,1.000000000000000000e+00
-4.999999999999999445e-01,0.000000000000000000e+00,8.660254037844387076e-01,5.000000000000000000e-01,0.000000000000000000e+00,1.000000000000000000e+00,0.000000000000000000e+00,-1.000000000000000000e+00,-8.660254037844387076e-01,0.000000000000000000e+00,-4.999999999999999445e-01,1.175527818905731936e-01,0.000000000000000000e+00,0.000000000000000000e+00,0.000000000000000000e+00,1.000000000000000000e+00
-4.999999999999999445e-01,0.000000000000000000e+00,8.660254037844387076e-01,5.000000000000000000e-01,0.000000000000000000e+00,1.000000000000000000e+00,0.000000000000000000e+00,-1.000000000000000000e+00,-8.660254037844387076e-01,0.000000000000000000e+00,-4.999999999999999445e-01,1.211041843887961378e-01,0.000000000000000000e+00,0.000000000000000000e+00,0.000000000000000000e+00,1.000000000000000000e+00
-4.999999999999999445e-01,0.000000000000000000e+00,8.660254037844387076e-01,5.000000000000000000e-01,0.000000000000000000e+00,1.000000000000000000e+00,0.000000000000000000e+00,-1.000000000000000000e+00,-8.660254037844387076e-01,0.000000000000000000e+00,-4.999999999999999445e-01,1.246293756033125671e-01,0.000000000000000000e+00,0.000000000000000000e+00,0.000000000000000000e+00,1.000000000000000000e+00
-4.999999999999999445e-01,0.000000000000000000e+00,8.660254037844387076e-01,5.000000000000000000e-01,0.000000000000000000e+00,1.000000000000000000e+00,0.000000000000000000e+00,-1.000000000000000000e+00,-8.660254037844387076e-01,0.000000000000000000e+00,-4.999999999999999445e-01,1.281226626669882407e-01,0.000000000000000000e+00,0.000000000000000000e+00,0.000000000000000000e+00,1.000000000000000000e+00
-4.999999999999999445e-01,0.000000000000000000e+00,8.660254037844387076e-01,5.000000000000000000e-01,0.000000000000000000e+00,1.000000000000000000e+00,0.000000000000000000e+00,-1.000000000000000000e+00,-8.660254037844387076e-01,0.000000000000000000e+00,-4.999999999999999445e-01,1.315784318302361811e-01,0.000000000000000000e+00,0.000000000000000000e+00,0.000000000000000000e+00,1.000000000000000000e+00
-4.999999999999999445e-01,0.000000000000000000e+00,8.660254037844387076e-01,5.000000000000000000e-01,0.000000000000000000e+00,1.000000000000000000e+00,0.000000000000000000e+00,-1.000000000000000000e+00,-8.660254037844387076e-01,0.000000000000000000e+00,-4.999999999999999445e-01,1.349911628460246094e-01,0.000000000000000000e+00,0.000000000000000000e+00,0.000000000000000000e+00,1.000000000000000000e+00
-4.999999999999999445e-01,0.000000000000000000e+00,8.660254037844387076e-01,5.000000000000000000e-01,0.000000000000000000e+00,1.000000000000000000e+00,0.000000000000000000e+00,-1.000000000000000000e+00,-8.660254037844387076e-01,0.000000000000000000e+00,-4.999999999999999445e-01,1.383554433548863927e-01,0.000000000000000000e+00,0.000000000000000000e+00,0.000000000000000000e+00,1.000000000000000000e+00
-4.999999999999999445e-01,0.000000000000000000e+00,8.660254037844387076e-01,5.000000000000000000e-01,0.000000000000000000e+00,1.000000000000000000e+00,0.000000000000000000e+00,-1.000000000000000000e+00,-8.660254037844387076e-01,0.000000000000000000e+00,-4.999999999999999445e-01,1.416659832699265487e-01,0.000000000000000000e+00,0.000000000000000000e+00,0.000000000000000000e+00,1.000000000000000000e+00
-4.999999999999999445e-01,0.000000000000000000e+00,8.660254037844387076e-01,5.000000000000000000e-01,0.000000000000000000e+00,1.000000000000000000e+00,0.000000000000000000e+00,-1.000000000000000000e+00,-8.660254037844387076e-01,0.000000000000000000e+00,-4.999999999999999445e-01,1.449176291618316792e-01,0.000000000000000000e+00,0.000000000000000000e+00,0.000000000000000000e+00,1.000000000000000000e+00
-4.999999999999999445e-01,0.000000000000000000e+00,8.660254037844387076e-01,5.000000000000000000e-01,0.000000000000000000e+00,1.000000000000000000e+00,0.000000000000000000e+00,-1.000000000000000000e+00,-8.660254037844387076e-01,0.000000000000000000e+00,-4.999999999999999445e-01,1.481053786438780995e-01,0.000000000000000000e+00,0.000000000000000000e+00,0.000000000000000000e+00,1.000000000000000000e+00
-4.999999999999999445e-01,0.000000000000000000e+00,8.660254037844387076e-01,5.000000000000000000e-01,0.000000000000000000e+00,1.000000000000000000e+00,0.000000000000000000e+00,-1.000000000000000000e+00,-8.660254037844387076e-01,0.000000000000000000e+00,-4.999999999999999445e-01,1.512243947569404112e-01,0.000000000000000000e+00,0.000000000000000000e+00,0.000000000000000000e+00,1.000000000000000000e+00
-4.999999999999999445e-01,0.000000000000000000e+00,8.660254037844387076e-01,5.000000000000000000e-01,0.000000000000000000e+00,1.000000000000000000e+00,0.000000000000000000e+00,-1.000000000000000000e+00,-8.660254037844387076e-01,0.000000000000000000e+00,-4.999999999999999445e-01,1.542700203545000204e-01,0.000000000000000000e+00,0.000000000000000000e+00,0.000000000000000000e+00,1.000000000000000000e+00
-4.999999999999999445e-01,0.000000000000000000e+00,8.660254037844387076e-01,5.000000000000000000e-01,0.000000000000000000e+00,1.000000000000000000e+00,0.000000000000000000e+00,-1.000000000000000000e+00,-8.660254037844387076e-01,0.000000000000000000e+00,-4.999999999999999445e-01,1.572377924876540434e-01,0.000000000000000000e+00,0.000000000000000000e+00,0.000000000000000000e+00,1.000000000000000000e+00
-4.999999999999999445e-01,0.000000000000000000e+00,8.660254037844387076e-01,5.000000000000000000e-01,0.000000000000000000e+00,1.000000000000000000e+00,0.000000000000000000e+00,-1.000000000000000000e+00,-8.660254037844387076e-01,0.000000000000000000e+00,-4.999999999999999445e-01,1.601234567901233807e-01,0.000000000000000000e+00,0.000000000000000000e+00,0.000000000000000000e+00,1.000000000000000000e+00
-4.999999999999999445e-01,0.000000000000000000e+00,8.660254037844387076e-01,5.000000000000000000e-01,0.000000000000000000e+00,1.000000000000000000e+00,0.000000000000000000e+00,-1.000000000000000000e+00,-8.660254037844387076e-01,0.000000000000000000e+00,-4.999999999999999445e-01,1.629229818632615956e-01,0.000000000000000000e+00,0.000000000000000000e+00,0.000000000000000000e+00,1.000000000000000000e+00
-4.999999999999999445e-01,0.000000000000000000e+00,8.660254037844387076e-01,5.000000000000000000e-01,0.000000000000000000e+00,1.000000000000000000e+00,0.000000000000000000e+00,-1.000000000000000000e+00,-8.660254037844387076e-01,0.000000000000000000e+00,-4.999999999999999445e-01,1.656325736610632648e-01,0.000000000000000000e+00,0.000000000000000000e+00,0.000000000000000000e+00,1.000000000000000000e+00
-4.999999999999999445e-01,0.000000000000000000e+00,8.660254037844387076e-01,5.000000000000000000e-01,0.000000000000000000e+00,1.000000000000000000e+00,0.000000000000000000e+00,-1.000000000000000000e+00,-8.660254037844387076e-01,0.000000000000000000e+00,-4.999999999999999445e-01,1.682486898751726356e-01,0.000000000000000000e+00,0.000000000000000000e+00,0.000000000000000000e+00,1.000000000000000000e+00
-4.999999999999999445e-01,0.000000000000000000e+00,8.660254037844387076e-01,5.000000000000000000e-01,0.000000000000000000e+00,1.000000000000000000e+00,0.000000000000000000e+00,-1.000000000000000000e+00,-8.660254037844387076e-01,0.000000000000000000e+00,-4.999999999999999445e-01,1.707680543198919765e-01,0.000000000000000000e+00,0.000000000000000000e+00,0.000000000000000000e+00,1.000000000000000000e+00
-4.999999999999999445e-01,0.000000000000000000e+00,8.660254037844387076e-01,5.000000000000000000e-01,0.000000000000000000e+00,1.000000000000000000e+00,0.000000000000000000e+00,-1.000000000000000000e+00,-8.660254037844387076e-01,0.000000000000000000e+00,-4.999999999999999445e-01,1.731876713171907889e-01,0.000000000000000000e+00,0.000000000000000000e+00,0.000000000000000000e+00,1.000000000000000000e+00
-4.999999999999999445e-01,0.000000000000000000e+00,8.660254037844387076e-01,5.000000000000000000e-01,0.000000000000000000e+00,1.000000000000000000e+00,0.000000000000000000e+00,-1.000000000000000000e+00,-8.660254037844387076e-01,0.000000000000000000e+00,-4.999999999999999445e-01,1.755048400817133814e-01,0.000000000000000000e+00,0.000000000000000000e+00,0.000000000000000000e+00,1.000000000000000000e+00
-4.999999999999999445e-01,0.000000000000000000e+00,8.660254037844387076e-01,5.000000000000000000e-01,0.000000000000000000e+00,1.000000000000000000e+00,0.000000000000000000e+00,-1.000000000000000000e+00,-8.660254037844387076e-01,0.000000000000000000e+00,-4.999999999999999445e-01,1.777171691057879699e-01,0.000000000000000000e+00,0.000000000000000000e+00,0.000000000000000000e+00,1.000000000000000000e+00
-4.999999999999999445e-01,0.000000000000000000e+00,8.660254037844387076e-01,5.000000000000000000e-01,0.000000000000000000e+00,1.000000000000000000e+00,0.000000000000000000e+00,-1.000000000000000000e+00,-8.660254037844387076e-01,0.000000000000000000e+00,-4.999999999999999445e-01,1.798225905444355566e-01,0.000000000000000000e+00,0.000000000000000000e+00,0.000000000000000000e+00,1.000000000000000000e+00
-4.999999999999999445e-01,0.000000000000000000e+00,8.660254037844387076e-01,5.000000000000000000e-01,0.000000000000000000e+00,1.000000000000000000e+00,0.000000000000000000e+00,-1.000000000000000000e+00,-8.660254037844387076e-01,0.000000000000000000e+00,-4.999999999999999445e-01,1.818193746003778366e-01,0.000000000000000000e+00,0.000000000000000000e+00,0.000000000000000000e+00,1.000000000000000000e+00
-4.999999999999999445e-01,0.000000000000000000e+00,8.660254037844387076e-01,5.000000000000000000e-01,0.000000000000000000e+00,1.000000000000000000e+00,0.000000000000000000e+00,-1.000000000000000000e+00,-8.660254037844387076e-01,0.000000000000000000e+00,-4.999999999999999445e-01,1.837061439090458270e-01,0.000000000000000000e+00,0.000000000000000000e+00,0.000000000000000000e+00,1.000000000000000000e+00
-4.999999999999999445e-01,0.000000000000000000e+00,8.660254037844387076e-01,5.000000000000000000e-01,0.000000000000000000e+00,1.000000000000000000e+00,0.000000000000000000e+00,-1.000000000000000000e+00,-8.660254037844387076e-01,0.000000000000000000e+00,-4.999999999999999445e-01,1.854818879235889117e-01,0.000000000000000000e+00,0.000000000000000000e+00,0.000000000000000000e+00,1.000000000000000000e+00
-4.999999999999999445e-01,0.000000000000000000e+00,8.660254037844387076e-01,5.000000000000000000e-01,0.000000000000000000e+00,1.000000000000000000e+00,0.000000000000000000e+00,-1.000000000000000000e+00,-8.660254037844387076e-01,0.000000000000000000e+00,-4.999999999999999445e-01,1.871459772998829707e-01,0.000000000000000000e+00,0.000000000000000000e+00,0.000000000000000000e+00,1.000000000000000000e+00
-4.999999999999999445e-01,0.000000000000000000e+00,8.660254037844387076e-01,5.000000000000000000e-01,0.000000000000000000e+00,1.000000000000000000e+00,0.000000000000000000e+00,-1.000000000000000000e+00,-8.660254037844387076e-01,0.000000000000000000e+00,-4.999999999999999445e-01,1.886981782815392028e-01,0.000000000000000000e+00,0.000000000000000000e+00,0.000000000000000000e+00,1.000000000000000000e+00
-4.999999999999999445e-01,0.000000000000000000e+00,8.660254037844387076e-01,5.000000000000000000e-01,0.000000000000000000e+00,1.000000000000000000e+00,0.000000000000000000e+00,-1.000000000000000000e+00,-8.660254037844387076e-01,0.000000000000000000e+00,-4.999999999999999445e-01,1.901386670849120886e-01,0.000000000000000000e+00,0.000000000000000000e+00,0.000000000000000000e+00,1.000000000000000000e+00
-4.999999999999999445e-01,0.000000000000000000e+00,8.660254037844387076e-01,5.000000000000000000e-01,0.000000000000000000e+00,1.000000000000000000e+00,0.000000000000000000e+00,-1.000000000000000000e+00,-8.660254037844387076e-01,0.000000000000000000e+00,-4.999999999999999445e-01,1.914680442841088515e-01,0.000000000000000000e+00,0.000000000000000000e+00,0.000000000000000000e+00,1.000000000000000000e+00
-4.999999999999999445e-01,0.000000000000000000e+00,8.660254037844387076e-01,5.000000000000000000e-01,0.000000000000000000e+00,1.000000000000000000e+00,0.000000000000000000e+00,-1.000000000000000000e+00,-8.660254037844387076e-01,0.000000000000000000e+00,-4.999999999999999445e-01,1.926873491959968931e-01,0.000000000000000000e+00,0.000000000000000000e+00,0.000000000000000000e+00,1.000000000000000000e+00
-4.999999999999999445e-01,0.000000000000000000e+00,8.660254037844387076e-01,5.000000000000000000e-01,0.000000000000000000e+00,1.000000000000000000e+00,0.000000000000000000e+00,-1.000000000000000000e+00,-8.660254037844387076e-01,0.000000000000000000e+00,-4.999999999999999445e-01,1.937980742652142818e-01,0.000000000000000000e+00,0.000000000000000000e+00,0.000000000000000000e+00,1.000000000000000000e+00
-4.999999999999999445e-01,0.000000000000000000e+00,8.660254037844387076e-01,5.000000000000000000e-01,0.000000000000000000e+00,1.000000000000000000e+00,0.000000000000000000e+00,-1.000000000000000000e+00,-8.660254037844387076e-01,0.000000000000000000e+00,-4.999999999999999445e-01,1.948021794491751890e-01,0.000000000000000000e+00,0.000000000000000000e+00,0.000000000000000000e+00,1.000000000000000000e+00
-4.999999999999999445e-01,0.000000000000000000e+00,8.660254037844387076e-01,5.000000000000000000e-01,0.000000000000000000e+00,1.000000000000000000e+00,0.000000000000000000e+00,-1.000000000000000000e+00,-8.660254037844387076e-01,0.000000000000000000e+00,-4.999999999999999445e-01,1.957021066030818213e-01,0.000000000000000000e+00,0.000000000000000000e+00,0.000000000000000000e+00,1.000000000000000000e+00
-4.999999999999999445e-01,0.000000000000000000e+00,8.660254037844387076e-01,5.000000000000000000e-01,0.000000000000000000e+00,1.000000000000000000e+00,0.000000000000000000e+00,-1.000000000000000000e+00,-8.660254037844387076e-01,0.000000000000000000e+00,-4.999999999999999445e-01,1.965007938649307451e-01,0.000000000000000000e+00,0.000000000000000000e+00,0.000000000000000000e+00,1.000000000000000000e+00
-4.999999999999999445e-01,0.000000000000000000e+00,8.660254037844387076e-01,5.000000000000000000e-01,0.000000000000000000e+00,1.000000000000000000e+00,0.000000000000000000e+00,-1.000000000000000000e+00,-8.660254037844387076e-01,0.000000000000000000e+00,-4.999999999999999445e-01,1.972016900405216544e-01,0.000000000000000000e+00,0.000000000000000000e+00,0.000000000000000000e+00,1.000000000000000000e+00
-4.999999999999999445e-01,0.000000000000000000e+00,8.660254037844387076e-01,5.000000000000000000e-01,0.000000000000000000e+00,1.000000000000000000e+00,0.000000000000000000e+00,-1.000000000000000000e+00,-8.660254037844387076e-01,0.000000000000000000e+00,-4.999999999999999445e-01,1.978087689884671929e-01,0.000000000000000000e+00,0.000000000000000000e+00,0.000000000000000000e+00,1.000000000000000000e+00
-4.999999999999999445e-01,0.000000000000000000e+00,8.660254037844387076e-01,5.000000000000000000e-01,0.000000000000000000e+00,1.000000000000000000e+00,0.000000000000000000e+00,-1.000000000000000000e+00,-8.660254037844387076e-01,0.000000000000000000e+00,-4.999999999999999445e-01,1.983265440052003059e-01,0.000000000000000000e+00,0.000000000000000000e+00,0.000000000000000000e+00,1.000000000000000000e+00
-4.999999999999999445e-01,0.000000000000000000e+00,8.660254037844387076e-01,5.000000000000000000e-01,0.000000000000000000e+00,1.000000000000000000e+00,0.000000000000000000e+00,-1.000000000000000000e+00,-8.660254037844387076e-01,0.000000000000000000e+00,-4.999999999999999445e-01,1.987600822099830633e-01,0.000000000000000000e+00,0.000000000000000000e+00,0.000000000000000000e+00,1.000000000000000000e+00
-4.999999999999999445e-01,0.000000000000000000e+00,8.660254037844387076e-01,5.000000000000000000e-01,0.000000000000000000e+00,1.000000000000000000e+00,0.000000000000000000e+00,-1.000000000000000000e+00,-8.660254037844387076e-01,0.000000000000000000e+00,-4.999999999999999445e-01,1.991150189299157602e-01,0.000000000000000000e+00,0.000000000000000000e+00,0.000000000000000000e+00,1.000000000000000000e+00
-4.999999999999999445e-01,0.000000000000000000e+00,8.660254037844387076e-01,5.000000000000000000e-01,0.000000000000000000e+00,1.000000000000000000e+00,0.000000000000000000e+00,-1.000000000000000000e+00,-8.660254037844387076e-01,0.000000000000000000e+00,-4.999999999999999445e-01,1.993975720849443245e-01,0.000000000000000000e+00,0.000000000000000000e+00,0.000000000000000000e+00,1.000000000000000000e+00
-4.999999999999999445e-01,0.000000000000000000e+00,8.660254037844387076e-01,5.000000000000000000e-01,0.000000000000000000e+00,1.000000000000000000e+00,0.000000000000000000e+00,-1.000000000000000000e+00,-8.660254037844387076e-01,0.000000000000000000e+00,-4.999999999999999445e-01,1.996145565728700277e-01,0.000000000000000000e+00,0.000000000000000000e+00,0.000000000000000000e+00,1.000000000000000000e+00
-4.999999999999999445e-01,0.000000000000000000e+00,8.660254037844387076e-01,5.000000000000000000e-01,0.000000000000000000e+00,1.000000000000000000e+00,0.000000000000000000e+00,-1.000000000000000000e+00,-8.660254037844387076e-01,0.000000000000000000e+00,-4.999999999999999445e-01,1.997733986543571427e-01,0.000000000000000000e+00,0.000000000000000000e+00,0.000000000000000000e+00,1.000000000000000000e+00
-4.999999999999999445e-01,0.000000000000000000e+00,8.660254037844387076e-01,5.000000000000000000e-01,0.000000000000000000e+00,1.000000000000000000e+00,0.000000000000000000e+00,-1.000000000000000000e+00,-8.660254037844387076e-01,0.000000000000000000e+00,-4.999999999999999445e-01,1.998821503379432929e-01,0.000000000000000000e+00,0.000000000000000000e+00,0.000000000000000000e+00,1.000000000000000000e+00
-4.999999999999999445e-01,0.000000000000000000e+00,8.660254037844387076e-01,5.000000000000000000e-01,0.000000000000000000e+00,1.000000000000000000e+00,0.000000000000000000e+00,-1.000000000000000000e+00,-8.660254037844387076e-01,0.000000000000000000e+00,-4.999999999999999445e-01,1.999495037650449447e-01,0.000000000000000000e+00,0.000000000000000000e+00,0.000000000000000000e+00,1.000000000000000000e+00
-4.999999999999999445e-01,0.000000000000000000e+00,8.660254037844387076e-01,5.000000000000000000e-01,0.000000000000000000e+00,1.000000000000000000e+00,0.000000000000000000e+00,-1.000000000000000000e+00,-8.660254037844387076e-01,0.000000000000000000e+00,-4.999999999999999445e-01,1.999848055949674519e-01,0.000000000000000000e+00,0.000000000000000000e+00,0.000000000000000000e+00,1.000000000000000000e+00
-4.999999999999999445e-01,0.000000000000000000e+00,8.660254037844387076e-01,5.000000000000000000e-01,0.000000000000000000e+00,1.000000000000000000e+00,0.000000000000000000e+00,-1.000000000000000000e+00,-8.660254037844387076e-01,0.000000000000000000e+00,-4.999999999999999445e-01,1.999980713899163765e-01,0.000000000000000000e+00,0.000000000000000000e+00,0.000000000000000000e+00,1.000000000000000000e+00
-4.999999999999999445e-01,0.000000000000000000e+00,8.660254037844387076e-01,5.000000000000000000e-01,0.000000000000000000e+00,1.000000000000000000e+00,0.000000000000000000e+00,-1.000000000000000000e+00,-8.660254037844387076e-01,0.000000000000000000e+00,-4.999999999999999445e-01,2.000000000000000111e-01,0.000000000000000000e+00,0.000000000000000000e+00,0.000000000000000000e+00,1.000000000000000000e+00
-4.999999999999999445e-01,0.000000000000000000e+00,8.660254037844387076e-01,5.000000000000000000e-01,0.000000000000000000e+00,1.000000000000000000e+00,0.000000000000000000e+00,-1.000000000000000000e+00,-8.660254037844387076e-01,0.000000000000000000e+00,-4.999999999999999445e-01,2.000000000000000111e-01,0.000000000000000000e+00,0.000000000000000000e+00,0.000000000000000000e+00,1.000000000000000000e+00
-4.999999999999999445e-01,0.000000000000000000e+00,8.660254037844387076e-01,4.999999384104432121e-01,0.000000000000000000e+00,1.000000000000000000e+00,0.000000000000000000e+00,-9.999998152313296362e-01,-8.660254037844387076e-01,0.000000000000000000e+00,-4.999999999999999445e-01,2.000000039209129665e-01,0.000000000000000000e+00,0.000000000000000000e+00,0.000000000000000000e+00,1.000000000000000000e+00
-4.999999999990362154e-01,1.963450983718464451e-06,8.660254037827693763e-01,4.999995091386997270e-01,9.817254918592320139e-07,9.999999999980724308e-01,-1.700398430985736368e-06,-9.999985274112803690e-01,-8.660254037844387076e-01,-1.148804395094480581e-23,-4.999999999999999445e-01,2.000000312492929699e-01,0.000000000000000000e+00,0.000000000000000000e+00,0.000000000000000000e+00,1.000000000000000000e+00
-4.999999999891044378e-01,6.601672332715624093e-06,8.660254037655671366e-01,4.999983495982600612e-01,3.300836166357811199e-06,9.999999999782089866e-01,-5.717215947592605862e-06,-9.999950487403027610e-01,-8.660254037844387076e-01,-5.296637081657282189e-22,-4.999999999999999445e-01,2.000001050688784421e-01,0.000000000000000000e+00,0.000000000000000000e+00,0.000000000000000000e+00,1.000000000000000000e+00
-4.999999999392431560e-01,1.558932840801948737e-05,8.660254036792048860e-01,4.999961027590331675e-01,7.794664204009741992e-06,9.999999998784864230e-01,-1.350075442928329795e-05,-9.999883079733156155e-01,-8.660254037844388186e-01,-9.446234736485816653e-22,-4.999999999999999445e-01,2.000002481118675901e-01,0.000000000000000000e+00,0.000000000000000000e+00,0.000000000000000000e+00,1.000000000000000000e+00
-4.999999997699810517e-01,3.033274924980309688e-05,8.660254033860342870e-01,4.999924171577158627e-01,1.516637462490154336e-05,9.999999995399622144e-01,-2.626893141695285595e-05,-9.999772503230531795e-01,-8.660254037844387076e-01,-1.929913164447191412e-21,-4.999999999999999445e-01,2.000004827606981506e-01,0.000000000000000000e+00,0.000000000000000000e+00,0.000000000000000000e+00,1.000000000000000000e+00
-4.999999993183618097e-01,5.221640063588165056e-05,8.660254026038067821e-01,4.999869469222982254e-01,2.610820031794081850e-05,9.999999986367237303e-01,-4.522072944485942527e-05,-9.999608373587040022e-01,-8.660254037844388186e-01,-8.778770380158159988e-22,-4.999999999999999445e-01,2.000008310498275488e-01,0.000000000000000000e+00,0.000000000000000000e+00,0.000000000000000000e+00,1.000000000000000000e+00
-4.999999982941862320e-01,8.260299590359432590e-05,8.660254008298826633e-01,4.999793518097446765e-01,4.130149795179714940e-05,9.999999965883725750e-01,-7.153629288121461584e-05,-9.999380469001654115e-01,-8.660254037844387076e-01,-9.581465183416148177e-21,-4.999999999999999445e-01,2.000013146675127251e-01,0.000000000000000000e+00,0.000000000000000000e+00,0.000000000000000000e+00,1.000000000000000000e+00
-4.999999962279761401e-01,1.228336077543357705e-04,8.660253972511018361e-01,4.999692972560971227e-01,6.141680387716788527e-05,9.999999924559523912e-01,-1.063770247537480031e-04,-9.999078729081722905e-01,-8.660254037844387076e-01,5.905111108636562804e-21,-4.999999999999999445e-01,2.000019549575901279e-01,0.000000000000000000e+00,0.000000000000000000e+00,0.000000000000000000e+00,1.000000000000000000e+00
-4.999999924111701022e-01,1.742277800294418600e-04,8.660253906401997881e-01,4.999564544382374964e-01,8.711389001472091647e-05,9.999999848223402044e-01,-1.508856835504637523e-04,-9.998693253705629447e-01,-8.660254037844388186e-01,-5.176689157867300644e-21,-4.999999999999999445e-01,2.000027729212555949e-01,0.000000000000000000e+00,0.000000000000000000e+00,0.000000000000000000e+00,1.000000000000000000e+00
-4.999999858290449239e-01,2.380836394423418675e-04,8.660253792396246375e-01,4.999405003465719477e-01,1.190418197211708931e-04,9.999999716580899589e-01,-2.061864799825228241e-04,-9.998214301849407404e-01,-8.660254037844387076e-01,-1.565940543998707168e-20,-4.999999999999999445e-01,2.000037892188444577e-01,0.000000000000000000e+00,0.000000000000000000e+00,0.000000000000000000e+00,1.000000000000000000e+00
-4.999999750868482362e-01,3.156780072477445142e-04,8.660253606335941434e-01,4.999211178679155987e-01,1.578390036238722300e-04,9.999999501736965835e-01,-2.733851736925949332e-04,-9.997632290379883102e-01,-8.660254037844387076e-01,-1.192912859090428472e-20,-4.999999999999999445e-01,2.000050241716113397e-01,0.000000000000000000e+00,0.000000000000000000e+00,0.000000000000000000e+00,1.000000000000000000e+00
-4.999999583296122485e-01,4.082665108241992488e-04,8.660253316092100251e-01,4.998979958778754784e-01,2.041332554120995702e-04,9.999999166592246080e-01,-3.535691698881910554e-04,-9.996937792816880108e-01,-8.660254037844387076e-01,-7.478022651763946126e-21,-4.999999999999999445e-01,2.000064977635101771e-01,0.000000000000000000e+00,0.000000000000000000e+00,0.000000000000000000e+00,1.000000000000000000e+00
-4.999999331561085780e-01,5.170836951417266203e-04,8.660252880074226223e-01,4.998708293420516813e-01,2.585418475708632560e-04,9.999998663122171561e-01,-4.478076158754633568e-04,-9.996121538066979895e-01,-8.660254037844387076e-01,-2.246738024765751087e-21,-4.999999999999999445e-01,2.000082296429741557e-01,0.000000000000000000e+00,0.000000000000000000e+00,0.000000000000000000e+00,1.000000000000000000e+00
-4.999998965273921847e-01,6.433431340814082990e-04,8.660252245646249403e-01,4.998393194253912819e-01,3.216715670407040411e-04,9.999997930547844804e-01,-5.571514974647979578e-04,-9.995174409131351023e-01,-8.660254037844385966e-01,-7.749209621406028215e-20,-4.999999999999999445e-01,2.000102391246956490e-01,0.000000000000000000e+00,0.000000000000000000e+00,0.000000000000000000e+00,1.000000000000000000e+00
-4.999998446703703414e-01,7.882375415689282750e-04,8.660251347456283666e-01,4.998031736090521870e-01,3.941187707844640291e-04,9.999996893407407939e-01,-6.826337352152843591e-04,-9.994087441790084902e-01,-8.660254037844387076e-01,-1.631632411318115988e-20,-4.999999999999999445e-01,2.000125451914062380e-01,0.000000000000000000e+00,0.000000000000000000e+00,0.000000000000000000e+00,1.000000000000000000e+00
-4.999997729768199672e-01,9.529388824791002821e-04,8.660250105687564703e-01,4.997621058141502037e-01,4.764694412395500869e-04,9.999995459536400455e-01,-8.252692804808545819e-04,-9.992851823265507250e-01,-8.660254037844387076e-01,-8.398460788991169885e-21,-4.999999999999999445e-01,2.000151664956565378e-01,0.000000000000000000e+00,0.000000000000000000e+00,0.000000000000000000e+00,1.000000000000000000e+00
-4.999996758982684364e-01,1.138598483263475241e-03,8.660248424237727560e-01,4.997158365317814765e-01,5.692992416317375123e-04,9.999993517965368728e-01,-9.860552112166006376e-04,-9.991458890866866671e-01,-8.660254037844388186e-01,-5.368315729633584623e-20,-4.999999999999999445e-01,2.000181213615962739e-01,0.000000000000000000e+00,0.000000000000000000e+00,0.000000000000000000e+00,1.000000000000000000e+00
-4.999995468371377649e-01,1.346347142248214635e-03,8.660246188833372605e-01,4.996640929587313207e-01,6.731735711241073174e-04,9.999990936742755299e-01,-1.165970827499535154e-03,-9.989900130618827312e-01,-8.660254037844387076e-01,6.472438293656152831e-20,-5.000000000000000000e-01,2.000214277867541635e-01,0.000000000000000000e+00,0.000000000000000000e+00,0.000000000000000000e+00,1.000000000000000000e+00
-4.999993780345449168e-01,1.577295239544627015e-03,8.660243265086700060e-01,4.996066091382964092e-01,7.886476197723133992e-04,9.999987560690899446e-01,-1.365977746713908578e-03,-9.988167175876140336e-01,-8.660254037844387076e-01,-3.259321997218186508e-20,-4.999999999999999445e-01,2.000251034438178810e-01,0.000000000000000000e+00,0.000000000000000000e+00,0.000000000000000000e+00,1.000000000000000000e+00
-4.999991604551367042e-01,1.832532846510052157e-03,8.660239496500803380e-01,4.995431261056673677e-01,9.162664232550258615e-04,9.999983209102735193e-01,-1.587019998347114673e-03,-9.986251805926857905e-01,-8.660254037844387076e-01,-2.032291011327321410e-20,-4.999999999999999445e-01,2.000291656824139674e-01,0.000000000000000000e+00,0.000000000000000000e+00,0.000000000000000000e+00,1.000000000000000000e+00
-4.999988836693292082e-01,2.113129834692304906e-03,8.660234702429989717e-01,4.994733920373330416e-01,1.056564917346152236e-03,9.999977673386585275e-01,-1.830024118338347558e-03,-9.984145944586454435e-01,-8.660254037844387076e-01,-1.152536889071716174e-19,-4.999999999999999445e-01,2.000336315308879065e-01,0.000000000000000000e+00,0.000000000000000000e+00,0.000000000000000000e+00,1.000000000000000000e+00
-4.999985357333104341e-01,2.420135984186555511e-03,8.660228676001364700e-01,4.993971624039876822e-01,1.210067992093277539e-03,9.999970714666208682e-01,-2.095899242918411540e-03,-9.981841658785153282e-01,-8.660254037844387076e-01,1.163457798391227283e-19,-4.999999999999998890e-01,2.000385176980839230e-01,0.000000000000000000e+00,0.000000000000000000e+00,0.000000000000000000e+00,1.000000000000000000e+00
-4.999981030671544202e-01,2.754581091329437372e-03,8.660221182003716711e-01,4.993142001264359031e-01,1.377290545664718469e-03,9.999962061343089514e-01,-2.385537201875555843e-03,-9.979331157150801435e-01,-8.660254037844387076e-01,-8.441651811599527363e-20,-4.999999999999999445e-01,2.000438405751250315e-01,0.000000000000000000e+00,0.000000000000000000e+00,0.000000000000000000e+00,1.000000000000000000e+00
-4.999975703313848108e-01,3.117475075651362972e-03,8.660211954749517105e-01,4.992242757340098480e-01,1.558737537825681269e-03,9.999951406627697326e-01,-2.699812611178895039e-03,-9.976606788589539310e-01,-8.660254037844387076e-01,1.498697061552087283e-19,-4.999999999999999445e-01,2.000496162371929454e-01,0.000000000000000000e+00,0.000000000000000000e+00,0.000000000000000000e+00,1.000000000000000000e+00
-4.999969203023152398e-01,3.509808086004476222e-03,8.660200695915768465e-01,4.991271675250259499e-01,1.754904043002237677e-03,9.999938406046305905e-01,-3.039582964887914667e-03,-9.973661040866542704e-01,-8.660254037844387076e-01,-2.649501193503536689e-19,-4.999999999999999445e-01,2.000558604453080702e-01,0.000000000000000000e+00,0.000000000000000000e+00,0.000000000000000000e+00,1.000000000000000000e+00
-4.999961337464852718e-01,3.932550605780411011e-03,8.660187072369163186e-01,4.990226617288269217e-01,1.966275302890205072e-03,9.999922674929706545e-01,-3.405688726273719581e-03,-9.970486539189074016e-01,-8.660254037844387076e-01,-2.446271670634314842e-19,-4.999999999999999445e-01,2.000625886481093851e-01,0.000000000000000000e+00,0.000000000000000000e+00,0.000000000000000000e+00,1.000000000000000000e+00
-4.999951892944994869e-01,4.386653557129138736e-03,8.660170713980915869e-01,4.989105526689683878e-01,2.193326778564568934e-03,9.999903785889990848e-01,-3.798953418075206277e-03,-9.967076044794028755e-01,-8.660254037844387076e-01,-5.956156785824269370e-21,-4.999999999999999445e-01,2.000698159836344636e-01,0.000000000000000000e+00,0.000000000000000000e+00,0.000000000000000000e+00,1.000000000000000000e+00
-4.999940633145685820e-01,4.873048404087595466e-03,8.660151211436429852e-01,4.987906429271251607e-01,2.436524202043796865e-03,9.999881266291372750e-01,-4.220183711811074240e-03,-9.963422453542186696e-01,-8.660254037844388186e-01,-1.994136127441662332e-19,-4.999999999999999445e-01,2.000775572810993830e-01,0.000000000000000000e+00,0.000000000000000000e+00,0.000000000000000000e+00,1.000000000000000000e+00
-4.999927297860409792e-01,5.392647254524510388e-03,8.660128114044798320e-01,4.986627435073073267e-01,2.696323627262254326e-03,9.999854595720820694e-01,-4.670169516066633927e-03,-9.959518794521271534e-01,-8.660254037844387076e-01,-6.081152517064184511e-19,-4.999999999999999445e-01,2.000858270626786617e-01,0.000000000000000000e+00,0.000000000000000000e+00,0.000000000000000000e+00,1.000000000000000000e+00
-4.999911601732055511e-01,5.946342960806105110e-03,8.660100927553007200e-01,4.985266739999900665e-01,2.973171480403052555e-03,9.999823203464112131e-01,-5.149684063672861981e-03,-9.955358228659981767e-01,-8.660254037844387076e-01,2.858648908517426024e-19,-4.999999999999999445e-01,2.000946395452853355e-01,0.000000000000000000e+00,0.000000000000000000e+00,0.000000000000000000e+00,1.000000000000000000e+00
-4.999893232996346359e-01,6.535009219085721396e-03,8.660069111969488365e-01,4.983822627457765164e-01,3.267504609542859831e-03,9.999786465992693829e-01,-5.659483997693740866e-03,-9.950934047355030065e-01,-8.660254037844385966e-01,-1.195163969073409013e-19,-4.999999999999999445e-01,2.001040086423506725e-01,0.000000000000000000e+00,0.000000000000000000e+00,0.000000000000000000e+00,1.000000000000000000e+00
-4.999871852233307989e-01,7.159500667119458699e-03,8.660032079401600580e-01,4.982293469982238543e-01,3.579750333559728482e-03,9.999743704466617089e-01,-6.200309456137087505e-03,-9.946239671113258352e-01,-8.660254037844387076e-01,-5.231754220881797143e-19,-4.999999999999999445e-01,2.001139479656043330e-01,0.000000000000000000e+00,0.000000000000000000e+00,0.000000000000000000e+00,1.000000000000000000e+00
-4.999847091129283050e-01,7.820652980509122665e-03,8.659989191911378059e-01,4.980677730854801699e-01,3.910326490254560465e-03,9.999694182258567210e-01,-6.772884155303387187e-03,-9.941268648210823677e-01,-8.660254037844387076e-01,-4.913911413715672497e-19,-4.999999999999999445e-01,2.001244708268542782e-01,0.000000000000000000e+00,0.000000000000000000e+00,0.000000000000000000e+00,1.000000000000000000e+00
-4.999818551251943299e-01,8.519282967273566348e-03,8.659939759393784353e-01,4.978973965703900051e-01,4.259641483636782307e-03,9.999637102503887709e-01,-7.377915471686981655e-03,-9.936014653371419980e-01,-8.660254037844387076e-01,-4.578051564681505839e-19,-4.999999999999999445e-01,2.001355902397666253e-01,0.000000000000000000e+00,0.000000000000000000e+00,0.000000000000000000e+00,1.000000000000000000e+00
-4.999785802840653881e-01,9.256188660649464217e-03,8.659883037481562740e-01,4.977180824087395483e-01,4.628094330324731241e-03,9.999571605681307762e-01,-8.016094522343895218e-03,-9.930471486465456410e-01,-8.660254037844388186e-01,-4.223791026745141054e-19,-4.999999999999998890e-01,2.001473189216456672e-01,0.000000000000000000e+00,0.000000000000000000e+00,0.000000000000000000e+00,1.000000000000000000e+00
-4.999748383614456282e-01,1.003214941002329372e-02,8.659818225480608866e-01,4.975297051053256259e-01,5.016074705011645991e-03,9.999496767228913674e-01,-8.688096243641241917e-03,-9.924633071232054071e-01,-8.660254037844388186e-01,-3.850755134959115191e-19,-4.999999999999999445e-01,2.001596692952138934e-01,0.000000000000000000e+00,0.000000000000000000e+00,0.000000000000000000e+00,1.000000000000000000e+00
-4.999705797599873214e-01,1.084792596989694012e-02,8.659744464339659276e-01,4.973321488675446767e-01,5.423962984948469193e-03,9.999411595199747538e-01,-9.394579468303696293e-03,-9.918493454025709699e-01,-8.660254037844387076e-01,-3.458578163693273148e-19,-4.999999999999999445e-01,2.001726534903917887e-01,0.000000000000000000e+00,0.000000000000000000e+00,0.000000000000000000e+00,1.000000000000000000e+00
-4.999657513980623191e-01,1.170426058679087736e-02,8.659660834657945117e-01,4.971253077562087230e-01,5.852130293395437811e-03,9.999315027961247493e-01,-1.013618700067386164e-02,-9.912046802589380423e-01,-8.660254037844388186e-01,-3.046903284856871321e-19,-4.999999999999999445e-01,2.001862833460778812e-01,0.000000000000000000e+00,0.000000000000000000e+00,0.000000000000000000e+00,1.000000000000000000e+00
-4.999602965971298163e-01,1.260187708399047868e-02,8.659566354734341553e-01,4.969090858333076732e-01,6.300938541995237605e-03,9.999205931942596326e-01,-1.091354569010472009e-02,-9.905287404855720457e-01,-8.660254037844387076e-01,-1.128899990704161910e-18,-4.999999999999999445e-01,2.002005704119287077e-01,0.000000000000000000e+00,0.000000000000000000e+00,0.000000000000000000e+00,1.000000000000000000e+00
-4.999541549716938760e-01,1.354148094404310394e-02,8.659459978661381285e-01,4.966833973064483376e-01,6.770740472021550237e-03,9.999083099433878630e-01,-1.172726650240421206e-02,-9.898209667778146148e-01,-8.660254037844387076e-01,-1.083729411632582847e-18,-4.999999999999999445e-01,2.002155259501387230e-01,0.000000000000000000e+00,0.000000000000000000e+00,0.000000000000000000e+00,1.000000000000000000e+00
-4.999472623220405643e-01,1.452375938891618291e-02,8.659340594467397345e-01,4.964481666697100892e-01,7.261879694458089722e-03,9.998945246440811285e-01,-1.257794458925417039e-02,-9.890808116193331445e-01,-8.660254037844388186e-01,-1.036507291704337731e-18,-4.999999999999998890e-01,2.002311609372202095e-01,0.000000000000000000e+00,0.000000000000000000e+00,0.000000000000000000e+00,1.000000000000000000e+00
-4.999395505299319975e-01,1.554938145772935196e-02,8.659207022309903801e-01,4.962033288406695886e-01,7.774690728864674244e-03,9.998791010598641060e-01,-1.346615935552832564e-02,-9.883077391716690308e-01,-8.660254037844385966e-01,-1.198397294994532267e-19,-4.999999999999999445e-01,2.002474860657833255e-01,0.000000000000000000e+00,0.000000000000000000e+00,0.000000000000000000e+00,1.000000000000000000e+00
-4.999309474574341050e-01,1.661899808197700099e-02,8.659058012723228615e-01,4.959488292933544873e-01,8.309499040988497023e-03,9.998618949148683210e-01,-1.439247452443694411e-02,-9.875012251672343755e-01,-8.660254037844388186e-01,-1.803142384047166056e-18,-4.999999999999999445e-01,2.002645117463160152e-01,0.000000000000000000e+00,0.000000000000000000e+00,0.000000000000000000e+00,1.000000000000000000e+00
-4.999213768490401444e-01,1.773324215816109856e-02,8.658892244923250825e-01,4.956846241868995140e-01,8.866621079080547543e-03,9.998427536980802888e-01,-1.535743820042869724e-02,-9.866607568058992639e-01,-8.660254037844387076e-01,-8.822144015081137265e-19,-4.999999999999998890e-01,2.002822481089639173e-01,0.000000000000000000e+00,0.000000000000000000e+00,0.000000000000000000e+00,1.000000000000000000e+00
-4.999107582372516734e-01,1.889272861775838364e-02,8.658708325172016496e-01,4.954106804896827865e-01,9.446364308879190083e-03,9.998215164745034578e-01,-1.636158292978402359e-02,-9.857858326553070594e-01,-8.660254037844387076e-01,-8.264731715787996484e-19,-4.999999999999999445e-01,2.003007050053103866e-01,0.000000000000000000e+00,0.000000000000000000e+00,0.000000000000000000e+00,1.000000000000000000e+00
-4.998990068517684682e-01,2.009805449445012729e-02,8.658504785204854670e-01,4.951269760987346835e-01,1.004902724722506364e-02,9.997980137035370474e-01,-1.740542575883782458e-02,-9.848759625550466135e-01,-8.660254037844387076e-01,9.661952215432770044e-19,-4.999999999999999445e-01,2.003198920101563751e-01,0.000000000000000000e+00,0.000000000000000000e+00,0.000000000000000000e+00,1.000000000000000000e+00
-4.998860335324314397e-01,2.134979898854745539e-02,8.658280080722507988e-01,4.948334999542159940e-01,1.067489949427372423e-02,9.997720670648628793e-01,-1.848946828977341209e-02,-9.839306675248051803e-01,-8.660254037844387076e-01,-2.443075281534456488e-18,-4.999999999999998890e-01,2.003398184233004808e-01,0.000000000000000000e+00,0.000000000000000000e+00,0.000000000000000000e+00,1.000000000000000000e+00
-4.998717446460583247e-01,2.264852352855025591e-02,8.658032589950691582e-01,4.945302521487748848e-01,1.132426176427512449e-02,9.997434892921167604e-01,-1.961419673393409446e-02,-9.829494796766164999e-01,-8.660254037844387076e-01,-6.459168347997482372e-19,-4.999999999999999445e-01,2.003604932713187459e-01,0.000000000000000000e+00,0.000000000000000000e+00,0.000000000000000000e+00,1.000000000000000000e+00
-4.998560420073054344e-01,2.399477182978300427e-02,8.657760612269361777e-01,4.942172440315960036e-01,1.199738591489150040e-02,9.997120840146109799e-01,-2.078008196260330148e-02,-9.819319421313155161e-01,-8.660254037844387076e-01,-5.811972035528022728e-19,-4.999999999999999445e-01,2.003819253093447605e-01,0.000000000000000000e+00,0.000000000000000000e+00,0.000000000000000000e+00,1.000000000000000000e+00
-4.998388228036791392e-01,2.538906995005635672e-02,8.657462366913896146e-01,4.938944983069671335e-01,1.269453497502817663e-02,9.996776456073583894e-01,-2.198757955520891372e-02,-9.808776089392973185e-01,-8.660254037844387076e-01,1.220555853898514715e-18,-4.999999999999999445e-01,2.004041230228495452e-01,0.000000000000000000e+00,0.000000000000000000e+00,0.000000000000000000e+00,1.000000000000000000e+00
-4.998199795248186583e-01,2.683192634230948878e-02,8.657135991750219972e-01,4.935620491271945354e-01,1.341596317115474266e-02,9.996399590496374277e-01,-2.323712984491289185e-02,-9.797860450056772308e-01,-8.660254037844388186e-01,-4.448036469754728188e-19,-4.999999999999999445e-01,2.004270946294214595e-01,0.000000000000000000e+00,0.000000000000000000e+00,0.000000000000000000e+00,1.000000000000000000e+00
-4.997993998961640094e-01,2.832383190419417510e-02,8.656779542125913052e-01,4.932199421797053840e-01,1.416191595209708408e-02,9.995987997923281299e-01,-2.452915796155232669e-02,-9.786568260199364211e-01,-8.660254037844387076e-01,-3.730816787976639240e-19,-4.999999999999999445e-01,2.004508480805463067e-01,0.000000000000000000e+00,0.000000000000000000e+00,0.000000000000000000e+00,1.000000000000000000e+00
-4.997769668171155866e-01,2.986526002456815418e-02,8.656390989799092051e-01,4.928682347681845877e-01,1.493263001228407535e-02,9.995539336342311731e-01,-2.586407387190389068e-02,-9.774895383901316404e-01,-8.660254037844387076e-01,-2.989789598171260400e-19,-4.999999999999999445e-01,2.004753910633870484e-01,0.000000000000000000e+00,0.000000000000000000e+00,0.000000000000000000e+00,1.000000000000000000e+00
-4.997525583037883967e-01,3.145666662687196524e-02,8.655968221946892527e-01,4.925069958875993303e-01,1.572833331343597915e-02,9.995051166075769045e-01,-2.724227241724926779e-02,-9.762837791817402522e-01,-8.660254037844388186e-01,-2.224735719397592631e-19,-4.999999999999999445e-01,2.005007310025639922e-01,0.000000000000000000e+00,0.000000000000000000e+00,0.000000000000000000e+00,1.000000000000000000e+00
-4.997260474364579319e-01,3.309849020937039726e-02,8.655509040255201514e-01,4.921363062929703935e-01,1.654924510468519863e-02,9.994520948729159748e-01,-2.866413334822529024e-02,-9.750391560612011732e-01,-8.660254037844387076e-01,1.591179041206274860e-18,-4.999999999999999445e-01,2.005268750619345619e-01,0.000000000000000000e+00,0.000000000000000000e+00,0.000000000000000000e+00,1.000000000000000000e+00
-4.996973023117861068e-01,3.479115188224694150e-02,8.655011160091187206e-01,4.917562585617590298e-01,1.739557594112346728e-02,9.993946046235723246e-01,-3.013002135694864067e-02,-9.737552872442079011e-01,-8.660254037844387076e-01,-6.217130383020293579e-20,-4.999999999999999445e-01,2.005538301463733741e-01,0.000000000000000000e+00,0.000000000000000000e+00,0.000000000000000000e+00,1.000000000000000000e+00
-4.996661859999147470e-01,3.653505540154666775e-02,8.654472209760133428e-01,4.913669571497411015e-01,1.826752770077333041e-02,9.993323719998296051e-01,-3.164028610641129308e-02,-9.724318014487973727e-01,-8.660254037844387076e-01,-1.713058244900351019e-18,-4.999999999999999445e-01,2.005816029035520920e-01,0.000000000000000000e+00,0.000000000000000000e+00,0.000000000000000000e+00,1.000000000000000000e+00
-4.996325565065053986e-01,3.833058719997094188e-02,8.653889729847955570e-01,4.909685184402490798e-01,1.916529359998547094e-02,9.992651130130109083e-01,-3.319526225714947154e-02,-9.710683378532745103e-01,-8.660254037844387076e-01,1.842707223317889361e-18,-4.999999999999999445e-01,2.006101997257194736e-01,0.000000000000000000e+00,0.000000000000000000e+00,0.000000000000000000e+00,1.000000000000000000e+00
-4.995962667397996215e-01,4.017811641453473970e-02,8.653261172650661415e-01,4.905610707866668863e-01,2.008905820726736638e-02,9.991925334795992431e-01,-3.479526949119562951e-02,-9.696645460589987664e-01,-8.660254037844388186e-01,1.931525466858132173e-18,-4.999999999999998890e-01,2.006396267514812537e-01,0.000000000000000000e+00,0.000000000000000000e+00,0.000000000000000000e+00,1.000000000000000000e+00
-4.995571644827698776e-01,4.207799491110498363e-02,8.652583901692002533e-01,4.901447545480688284e-01,2.103899745555248488e-02,9.991143289655398663e-01,-3.644061253332925299e-02,-9.682200860580562063e-01,-8.660254037844387076e-01,-4.916033550609918813e-18,-4.999999999999999445e-01,2.006698898675800535e-01,0.000000000000000000e+00,0.000000000000000000e+00,0.000000000000000000e+00,1.000000000000000000e+00
-4.995150923704248513e-01,4.403055730584722050e-02,8.651855191330367623e-01,4.897197221179008242e-01,2.201527865292360678e-02,9.990301847408498137e-01,-3.813158116965020827e-02,-9.667346282058270068e-01,-8.660254037844388186e-01,-1.352718982958178258e-18,-4.999999999999999445e-01,2.007009947106754844e-01,0.000000000000000000e+00,0.000000000000000000e+00,0.000000000000000000e+00,1.000000000000000000e+00
-4.994698878723275448e-01,4.603612098361471727e-02,8.651072226456016923e-01,4.892861379456049375e-01,2.301806049180735170e-02,9.989397757446552006e-01,-3.986845026350420429e-02,-9.652078531984527032e-01,-8.660254037844387076e-01,-1.256303380020351341e-18,-4.999999999999999445e-01,2.007329466691239461e-01,0.000000000000000000e+00,0.000000000000000000e+00,0.000000000000000000e+00,1.000000000000000000e+00
-4.994213832803815478e-01,4.809498611332328061e-02,8.650232102279508117e-01,4.888441785510967974e-01,2.404749305666163683e-02,9.988427665607632067e-01,-4.165147976879776670e-02,-9.636394520551982978e-01,-8.660254037844387076e-01,-1.157325359502205569e-18,-4.999999999999999445e-01,2.007657508847586481e-01,0.000000000000000000e+00,0.000000000000000000e+00,0.000000000000000000e+00,1.000000000000000000e+00
-4.993694057019338883e-01,5.020743566036298816e-02,8.649331824212249664e-01,4.883940325320084153e-01,2.510371783018149061e-02,9.987388114038677767e-01,-4.348091474074708418e-02,-9.620291261056946874e-01,-8.660254037844388186e-01,-1.055771318106575086e-18,-4.999999999999999445e-01,2.007994122546695737e-01,0.000000000000000000e+00,0.000000000000000000e+00,0.000000000000000000e+00,1.000000000000000000e+00
-4.993137770582388724e-01,5.237373539610636064e-02,8.648368307839890967e-01,4.879359005636150770e-01,2.618686769805317685e-02,9.986275541164777447e-01,-4.535698534411235910e-02,-9.603765869820396484e-01,-8.660254037844388186e-01,-9.516284791226481907e-19,-4.999999999999999445e-01,2.008339354329833626e-01,0.000000000000000000e+00,0.000000000000000000e+00,0.000000000000000000e+00,1.000000000000000000e+00
-4.992543140883233255e-01,5.459413390458083687e-02,8.647338378989263274e-01,4.874699953913698147e-01,2.729706695229041150e-02,9.985086281766466509e-01,-4.727990685897633799e-02,-9.586815566157260715e-01,-8.660254037844388186e-01,-4.314331844058808267e-18,-4.999999999999998890e-01,2.008693248326433034e-01,0.000000000000000000e+00,0.000000000000000000e+00,0.000000000000000000e+00,1.000000000000000000e+00
-4.991908283582869865e-01,5.686886258638192831e-02,8.646238773889479701e-01,4.869965418159739601e-01,2.843443129319095722e-02,9.983816567165740841e-01,-4.924987968413317013e-02,-9.569437672393570349e-01,-8.660254037844387076e-01,-4.204976384640059895e-18,-4.999999999999999445e-01,2.009055846271893542e-01,0.000000000000000000e+00,0.000000000000000000e+00,0.000000000000000000e+00,1.000000000000000000e+00
-4.991231262760699172e-01,5.919813565991192961e-02,8.645066139427697305e-01,4.865157766709170550e-01,2.959906782995596133e-02,9.982462525521399455e-01,-5.126708933816120917e-02,-9.551629613931010843e-01,-8.660254037844387076e-01,-6.235518025165415664e-19,-4.999999999999999445e-01,2.009427187525379688e-01,0.000000000000000000e+00,0.000000000000000000e+00,0.000000000000000000e+00,1.000000000000000000e+00
-4.990510091117105751e-01,6.158215016003702053e-02,8.643817033500016400e-01,4.860279487924247799e-01,3.079107508001850332e-02,9.981020182234212612e-01,-5.333170645825999895e-02,-9.533388919358275482e-01,-8.660254037844387076e-01,-3.978389481281708217e-18,-4.999999999999999445e-01,2.009807309087621174e-01,0.000000000000000000e+00,0.000000000000000000e+00,0.000000000000000000e+00,1.000000000000000000e+00
-4.989742730231182533e-01,6.402108593426478200e-02,8.642487925457855713e-01,4.855333189817564454e-01,3.201054296713238406e-02,9.979485460462365065e-01,-5.544388679693990074e-02,-9.514713220608606026e-01,-8.660254037844387076e-01,-3.916929671199442386e-19,-4.999999999999999445e-01,2.010196245618711963e-01,0.000000000000000000e+00,0.000000000000000000e+00,0.000000000000000000e+00,1.000000000000000000e+00
-4.988927090873743753e-01,6.651510563655159414e-02,8.641075196650118695e-01,4.850321599598004796e-01,3.325755281827579013e-02,9.977854181747488616e-01,-5.760377121665918865e-02,-9.495600253162734816e-01,-8.660254037844387076e-01,-3.741242248408483481e-18,-4.999999999999999445e-01,2.010594029455910758e-01,0.000000000000000000e+00,0.000000000000000000e+00,0.000000000000000000e+00,1.000000000000000000e+00
-4.988061033375763009e-01,6.906435471885830069e-02,8.639575141061340835e-01,4.845247563139208902e-01,3.453217735942914340e-02,9.976122066751527129e-01,-5.981148568251096198e-02,-9.476047856296444527e-01,-8.660254037844387076e-01,-1.492425248655359093e-19,-4.999999999999999445e-01,2.011000690631438992e-01,0.000000000000000000e+00,0.000000000000000000e+00,0.000000000000000000e+00,1.000000000000000000e+00
-4.987142368052307484e-01,7.166896142058062913e-02,8.637983966045963413e-01,4.840114044370086299e-01,3.583448071029030763e-02,9.974284736104616078e-01,-6.206714125306969643e-02,-9.456053973371799648e-01,-8.660254037844388186e-01,-2.402848736262084133e-20,-4.999999999999999445e-01,2.011416256890281862e-01,0.000000000000000000e+00,0.000000000000000000e+00,0.000000000000000000e+00,1.000000000000000000e+00
-4.986168855682002188e-01,7.432903675598889759e-02,8.636297793158798086e-01,4.834924124587023364e-01,3.716451837799444186e-02,9.972337711364005486e-01,-6.437083406951367437e-02,-9.435616652171084917e-01,-8.660254037844387076e-01,-3.365594798992251093e-18,-4.999999999999999445e-01,2.011840753707986873e-01,0.000000000000000000e+00,0.000000000000000000e+00,0.000000000000000000e+00,1.000000000000000000e+00
-4.985138208042021457e-01,7.704467449981909632e-02,8.634512659081651220e-01,4.829681001687419206e-01,3.852233724990954122e-02,9.970276416084044024e-01,-6.672264534314648055e-02,-9.414734045272368235e-01,-8.660254037844387076e-01,-3.235043047714243306e-18,-4.999999999999999445e-01,2.012274204308463765e-01,0.000000000000000000e+00,0.000000000000000000e+00,0.000000000000000000e+00,1.000000000000000000e+00
-4.984048088498549411e-01,7.981595117116684068e-02,8.632624516646033586e-01,4.824387989324258053e-01,3.990797558558341340e-02,9.968096176997099933e-01,-6.912264134144881222e-02,-9.393404410465523435e-01,-8.660254037844387076e-01,-3.101816506898068969e-18,-4.999999999999999445e-01,2.012716629681783331e-01,0.000000000000000000e+00,0.000000000000000000e+00,0.000000000000000000e+00,1.000000000000000000e+00
-4.982896112652610565e-01,8.264292601584113940e-02,8.630629235951775557e-01,4.819048515981480540e-01,4.132146300792056276e-02,9.965792225305222241e-01,-7.157087337279631478e-02,-9.371626111207497223e-01,-8.660254037844387076e-01,-2.965912328356728201e-18,-4.999999999999999445e-01,2.013168048601977900e-01,0.000000000000000000e+00,0.000000000000000000e+00,0.000000000000000000e+00,1.000000000000000000e+00
-4.981679849041144026e-01,8.552564098734483089e-02,8.628522605581316895e-01,4.813666123969921884e-01,4.276282049367240157e-02,9.963359698082288052e-01,-7.406737776998824352e-02,-9.349397617115485781e-01,-8.660254037844388186e-01,-2.827328495214706887e-18,-4.999999999999999445e-01,2.013628477644840709e-01,0.000000000000000000e+00,0.000000000000000000e+00,0.000000000000000000e+00,1.000000000000000000e+00
-4.980396819893119220e-01,8.846412072665435500e-02,8.626300333909346918e-01,4.808244468343684241e-01,4.423206036332716362e-02,9.960793639786239551e-01,-7.661217587273616569e-02,-9.326717504496652156e-01,-8.660254037844387076e-01,-2.686063822880048985e-18,-4.999999999999999445e-01,2.014097931205724723e-01,0.000000000000000000e+00,0.000000000000000000e+00,0.000000000000000000e+00,1.000000000000000000e+00
-4.979044501940495526e-01,9.145837254097957669e-02,8.623958050507414264e-01,4.802787315736806728e-01,4.572918627048977447e-02,9.958089003880992163e-01,-7.920527400926945238e-02,-9.303584456912901146e-01,-8.660254037844388186e-01,-2.542117960065456851e-18,-4.999999999999999445e-01,2.014576421517342286e-01,0.000000000000000000e+00,0.000000000000000000e+00,0.000000000000000000e+00,1.000000000000000000e+00
-4.977620327283733270e-01,9.450838638169112293e-02,8.621491307643051050e-01,4.797298543120171455e-01,4.725419319084555453e-02,9.955240654567467651e-01,-8.184666347721980539e-02,-9.279997265779182936e-01,-8.660254037844387076e-01,-2.395491389849413156e-18,-4.999999999999999445e-01,2.015063958667565880e-01,0.000000000000000000e+00,0.000000000000000000e+00,0.000000000000000000e+00,1.000000000000000000e+00
-4.976121684311559656e-01,9.761413482160967436e-02,8.618895581872838552e-01,4.791782136478636156e-01,4.880706741080482330e-02,9.952243368623119313e-01,-8.453632052395315677e-02,-9.255954830993706750e-01,-8.660254037844387076e-01,-9.185079334675208164e-18,-4.999999999999998890e-01,2.015560550617225277e-01,0.000000000000000000e+00,0.000000000000000000e+00,0.000000000000000000e+00,1.000000000000000000e+00
-4.974545918674639355e-01,1.007755730318577042e-01,8.616166275728873725e-01,4.786242189408395631e-01,5.038778651592884517e-02,9.949091837349279821e-01,-8.727420632652276022e-02,-9.231456161598387000e-01,-8.660254037844387076e-01,-2.094202237927624820e-18,-4.999999999999999445e-01,2.016066203217909414e-01,0.000000000000000000e+00,0.000000000000000000e+00,0.000000000000000000e+00,1.000000000000000000e+00
-4.972890334312751737e-01,1.039926387584821504e-01,8.613298719497867184e-01,4.780682901634666360e-01,5.199631937924106134e-02,9.945780668625504584e-01,-9.006026697142377468e-02,-9.206500376467759983e-01,-8.660254037844385966e-01,-8.878438708036297273e-18,-4.999999999999999445e-01,2.016580920229764928e-01,0.000000000000000000e+00,0.000000000000000000e+00,0.000000000000000000e+00,1.000000000000000000e+00
-4.971152194535032875e-01,1.072652522990594909e-01,8.610288173092202069e-01,4.775108577449800884e-01,5.363262614952973156e-02,9.942304389070066861e-01,-9.289443343433267941e-02,-9.181086705024570360e-01,-8.660254037844387076e-01,-1.782216960991973608e-18,-4.999999999999999445e-01,2.017104703339294702e-01,0.000000000000000000e+00,0.000000000000000000e+00,0.000000000000000000e+00,1.000000000000000000e+00
-4.969328723152816041e-01,1.105933164795045442e-01,8.607129828012054507e-01,4.769523624072014023e-01,5.529665823975225825e-02,9.938657446305633192e-01,-9.577662156002314520e-02,-9.155214487980124494e-01,-8.660254037844387076e-01,-8.561117283977062997e-18,-4.999999999999999445e-01,2.017637552177159177e-01,0.000000000000000000e+00,0.000000000000000000e+00,0.000000000000000000e+00,1.000000000000000000e+00
-4.967417105664539423e-01,1.139767166313060687e-01,8.603818809397721923e-01,4.763932549924924653e-01,5.698835831565302046e-02,9.934834211329079956e-01,-9.870673204265138778e-02,-9.128883178097474405e-01,-8.660254037844387076e-01,-8.398463477851591993e-18,-4.999999999999999445e-01,2.018179464335974893e-01,0.000000000000000000e+00,0.000000000000000000e+00,0.000000000000000000e+00,1.000000000000000000e+00
-4.965414490492158772e-01,1.174153205694198482e-01,8.600350178171151105e-01,4.758339962838211146e-01,5.870766028470991715e-02,9.930828980984318655e-01,-1.016846504066111351e-01,-9.102092340975430629e-01,-8.660254037844387076e-01,-1.294261897288254966e-18,-4.999999999999999445e-01,2.018730435388113864e-01,0.000000000000000000e+00,0.000000000000000000e+00,0.000000000000000000e+00,1.000000000000000000e+00
-4.963317990268466540e-01,1.209089785710542597e-01,8.596718933265634632e-01,4.752750568169664680e-01,6.045448928552711598e-02,9.926635980536933079e-01,-1.047102469881613096e-01,-9.074841655851326738e-01,-8.660254037844388186e-01,-8.065201451792274900e-18,-4.999999999999998890e-01,2.019290458903503227e-01,0.000000000000000000e+00,0.000000000000000000e+00,0.000000000000000000e+00,1.000000000000000000e+00
-4.961124683174655825e-01,1.244575233555872268e-01,8.592920013942555446e-01,4.747169166849047328e-01,6.222876167779359952e-02,9.922249366349312760e-01,-1.077833769180336354e-01,-9.047130916420423885e-01,-8.660254037844385966e-01,-9.557145675945990845e-19,-4.999999999999999445e-01,2.019859526467425448e-01,0.000000000000000000e+00,0.000000000000000000e+00,0.000000000000000000e+00,1.000000000000000000e+00
-4.958831614327459114e-01,1.280607700658589476e-01,8.588948302193957218e-01,4.741600653344162919e-01,6.403038503292945993e-02,9.917663228654919338e-01,-1.109038801052316531e-01,-9.018960031669787103e-01,-8.660254037844387076e-01,-7.824918432524278725e-19,-4.999999999999999445e-01,2.020437627698316307e-01,0.000000000000000000e+00,0.000000000000000000e+00,0.000000000000000000e+00,1.000000000000000000e+00
-4.956435797215101302e-01,1.317185162510872698e-01,8.584798625229710378e-01,4.736050013549629178e-01,6.585925812554362102e-02,9.912871594430203714e-01,-1.140715812222349995e-01,-8.990329026724396266e-01,-8.660254037844387076e-01,-6.066491074910307635e-19,-4.999999999999999445e-01,2.021024750265565939e-01,0.000000000000000000e+00,0.000000000000000000e+00,0.000000000000000000e+00,1.000000000000000000e+00
-4.953934215181319267e-01,1.354305418516580373e-01,8.580465758047898239e-01,4.730522322598875173e-01,6.771527092582900476e-02,9.907868430362639645e-01,-1.172862896918274722e-01,-8.961238043703224632e-01,-8.660254037844387076e-01,-4.281969394710776081e-19,-4.999999999999999445e-01,2.021620879907317925e-01,0.000000000000000000e+00,0.000000000000000000e+00,0.000000000000000000e+00,1.000000000000000000e+00
-4.951323822956613663e-01,1.391966091860432353e-01,8.575944426087024341e-01,4.725022742599970793e-01,6.959830459302160377e-02,9.902647645913228436e-01,-1.205477996757678000e-01,-8.931687342582982359e-01,-8.660254037844387076e-01,-7.186040669417537935e-18,-4.999999999999999445e-01,2.022226000448267835e-01,0.000000000000000000e+00,0.000000000000000000e+00,0.000000000000000000e+00,1.000000000000000000e+00
-4.948601548235878056e-01,1.430164629401058929e-01,8.571229307958551091e-01,4.719556520295917212e-01,7.150823147005293257e-02,9.897203096471757222e-01,-1.238558900655274270e-01,-8.901677302067144693e-01,-8.660254037844387076e-01,-7.002404763504919091e-18,-4.999999999999999445e-01,2.022840093817464546e-01,0.000000000000000000e+00,0.000000000000000000e+00,0.000000000000000000e+00,1.000000000000000000e+00
-4.945764293301505576e-01,1.468898301590496613e-01,8.566315038258190961e-01,4.714128984650117205e-01,7.344491507952481679e-02,9.891528586603011153e-01,-1.272103244753186035e-01,-8.871208420457880051e-01,-8.660254037844387076e-01,-6.816196247687666768e-18,-4.999999999999998890e-01,2.023463140066107668e-01,0.000000000000000000e+00,0.000000000000000000e+00,0.000000000000000000e+00,1.000000000000000000e+00
-4.942808936691021060e-01,1.508164202422764832e-01,8.561196210454348199e-01,4.708745544357776369e-01,7.540821012113822774e-02,9.885617873382043230e-01,-1.306108512376410735e-01,-8.840281316528437738e-01,-8.660254037844385966e-01,7.250358715496012159e-18,-4.999999999999999445e-01,2.024095117385348863e-01,0.000000000000000000e+00,0.000000000000000000e+00,0.000000000000000000e+00,1.000000000000000000e+00
-4.939732334908270017e-01,1.547959249414135319e-01,8.555867379851965770e-01,4.703411685284061283e-01,7.739796247070675206e-02,9.879464669816540034e-01,-1.340572034015733160e-01,-8.808896730393533936e-01,-8.660254037844387076e-01,-6.436118116150229215e-18,-4.999999999999999445e-01,2.024736002124090106e-01,0.000000000000000000e+00,0.000000000000000000e+00,0.000000000000000000e+00,1.000000000000000000e+00
-4.936531324177106383e-01,1.588280183617766239e-01,8.550323066630017843e-01,4.698132967829897755e-01,7.941400918088829808e-02,9.873062648354213877e-01,-1.375490987340398374e-01,-8.777055524375227957e-01,-8.660254037844387076e-01,-6.242278986265956817e-18,-4.999999999999999445e-01,2.025385768806783893e-01,0.000000000000000000e+00,0.000000000000000000e+00,0.000000000000000000e+00,1.000000000000000000e+00
-4.933202722236546545e-01,1.629123569675327843e-01,8.544557758950795945e-01,4.692915024226347320e-01,8.145617848376637826e-02,9.866405444473094200e-01,-1.410862397242821920e-01,-8.744758683861777460e-01,-8.660254037844387076e-01,-6.045928217830332410e-18,-4.999999999999999445e-01,2.026044390151232888e-01,0.000000000000000000e+00,0.000000000000000000e+00,0.000000000000000000e+00,1.000000000000000000e+00
-4.929743330176243332e-01,1.670485795908290549e-01,8.538565916139050360e-01,4.687763555758561185e-01,8.352428979541451359e-02,9.859486660352487775e-01,-1.446683135917646856e-01,-8.712007318156903546e-01,-8.660254037844387076e-01,-5.847083173650975095e-18,-4.999999999999999445e-01,2.026711837086388468e-01,0.000000000000000000e+00,0.000000000000000000e+00,0.000000000000000000e+00,1.000000000000000000e+00
-4.926149934311147005e-01,1.712363074451535572e-01,8.532341971928995017e-01,4.682684329920394628e-01,8.561815372257676471e-02,9.852299868622295120e-01,-1.482949922977453983e-01,-8.678802661316922240e-01,-8.660254037844387076e-01,-5.645762063536097316e-18,-4.999999999999999445e-01,2.027388078770150925e-01,0.000000000000000000e+00,0.000000000000000000e+00,0.000000000000000000e+00,1.000000000000000000e+00
-4.922419308094154733e-01,1.754751441431928738e-01,8.525880337777116402e-01,4.677683177500784883e-01,8.773757207159642302e-02,9.844838616188310576e-01,-1.519659325607412015e-01,-8.645146072973131091e-01,-8.660254037844387076e-01,-5.441983943436023903e-18,-4.999999999999999445e-01,2.028073082607169397e-01,0.000000000000000000e+00,0.000000000000000000e+00,0.000000000000000000e+00,1.000000000000000000e+00
-4.918548214065509572e-01,1.797646757194507061e-01,8.519175406238627124e-01,4.672765989603108183e-01,8.988233785972533918e-02,9.837096428131020254e-01,-1.556807758761159788e-01,-8.611039039136874074e-01,-8.660254037844387076e-01,-5.235768714355827425e-18,-4.999999999999999445e-01,2.028766814266640406e-01,0.000000000000000000e+00,0.000000000000000000e+00,0.000000000000000000e+00,1.000000000000000000e+00
-4.914533405837674396e-01,1.841044706578904566e-01,8.512221554405369206e-01,4.667938714598762195e-01,9.205223532894520055e-02,9.829066811675348792e-01,-1.594391485400199204e-01,-8.576483172984659120e-01,-8.660254037844387076e-01,-5.027137121026430376e-18,-4.999999999999999445e-01,2.029469237700108342e-01,0.000000000000000000e+00,0.000000000000000000e+00,0.000000000000000000e+00,1.000000000000000000e+00
-4.910371630114361841e-01,1.884940799248633336e-01,8.505013147402886720e-01,4.663207355016297795e-01,9.424703996243163906e-02,9.820743260228724791e-01,-1.632406616779060182e-01,-8.541480215620705918e-01,-8.660254037844387076e-01,-4.816110750321621713e-18,-4.999999999999999445e-01,2.030180315159263726e-01,0.000000000000000000e+00,0.000000000000000000e+00,0.000000000000000000e+00,1.000000000000000000e+00
-4.906059628742377443e-01,1.929330370075798273e-01,8.497544541944300756e-01,4.658577964367484059e-01,9.646651850378988591e-02,9.812119257484754886e-01,-1.670849112778473866e-01,-8.506032036814339392e-01,-8.660254037844387076e-01,-1.848049983722302923e-17,-4.999999999999998890e-01,2.030900007213743697e-01,0.000000000000000000e+00,0.000000000000000000e+00,0.000000000000000000e+00,1.000000000000000000e+00
-4.901594140794850452e-01,1.974208579583817402e-01,8.489810089938599758e-01,4.654056643911769209e-01,9.871042897919084236e-02,9.803188281589702013e-01,-1.709714782288778712e-01,-8.470140635709562105e-01,-8.660254037844387076e-01,-1.826475203143396891e-17,-4.999999999999999445e-01,2.031628272768932209e-01,0.000000000000000000e+00,0.000000000000000000e+00,0.000000000000000000e+00,1.000000000000000000e+00
-4.896971904684453980e-01,2.019570414450666818e-01,8.481804142150811687e-01,4.649649539360652395e-01,1.009785207225333270e-01,9.793943809368907960e-01,-1.748999283645744918e-01,-8.433808141504226530e-01,-8.660254037844387076e-01,-4.168891434032401712e-18,-4.999999999999999445e-01,2.032365069083756914e-01,0.000000000000000000e+00,0.000000000000000000e+00,0.000000000000000000e+00,1.000000000000000000e+00
-4.892189660305109600e-01,2.065410688075154932e-01,8.473521051911577784e-01,4.645362837523546173e-01,1.032705344037577327e-01,9.784379320610220310e-01,-1.788698125120981308e-01,-8.397036814096188184e-01,-8.660254037844387076e-01,9.929269213065812828e-18,-4.999999999999999445e-01,2.033110351788492143e-01,0.000000000000000000e+00,0.000000000000000000e+00,0.000000000000000000e+00,1.000000000000000000e+00
-4.887244151200688114e-01,2.111724041208668246e-01,8.464955178873425634e-01,4.641202762896800560e-01,1.055862020604333845e-01,9.774488302401376227e-01,-1.828806665469043524e-01,-8.359829044693842803e-01,-8.660254037844387076e-01,-3.725871469856015116e-18,-4.999999999999999445e-01,2.033864074902555219e-01,0.000000000000000000e+00,0.000000000000000000e+00,0.000000000000000000e+00,1.000000000000000000e+00
-4.882132126759136659e-01,2.158504942654804193e-01,8.456100892811124758e-01,4.637175574197593408e-01,1.079252471327401819e-01,9.764264253518274428e-01,-1.869320114533333521e-01,-8.322187356388465185e-01,-8.660254037844387076e-01,-1.737876445787970404e-17,-4.999999999999999445e-01,2.034626190852308614e-01,0.000000000000000000e+00,0.000000000000000000e+00,0.000000000000000000e+00,1.000000000000000000e+00
-4.876850344430473938e-01,2.205747690039242814e-01,8.446952577463361367e-01,4.633287560844477349e-01,1.102873845019621268e-01,9.753700688860948986e-01,-1.910233533912828185e-01,-8.284114404685805066e-01,-8.660254037844387076e-01,-3.273861549008948516e-18,-4.999999999999999445e-01,2.035396650488857095e-01,0.000000000000000000e+00,0.000000000000000000e+00,0.000000000000000000e+00,1.000000000000000000e+00
-4.871395571967001570e-01,2.253446410652167609e-01,8.437504634412898996e-01,4.629545039386455119e-01,1.126723205326083527e-01,9.742791143934004250e-01,-1.951541837691637415e-01,-8.245612977994375425e-01,-8.660254037844387076e-01,-3.044554399191726682e-18,-4.999999999999999445e-01,2.036175403105849047e-01,0.000000000000000000e+00,0.000000000000000000e+00,0.000000000000000000e+00,1.000000000000000000e+00
-4.865764589684103969e-01,2.301595062365470734e-01,8.427751487002400621e-01,4.625954349882475669e-01,1.150797531182735089e-01,9.731529179368209048e-01,-1.993239793233327062e-01,-8.206685998067948518e-01,-8.660254037844387076e-01,-2.813084247580826748e-18,-4.999999999999999445e-01,2.036962396457275004e-01,0.000000000000000000e+00,0.000000000000000000e+00,0.000000000000000000e+00,1.000000000000000000e+00
-4.859954192739929235e-01,2.350187434626935801e-01,8.417687584282946833e-01,4.622521852233372197e-01,1.175093717313467623e-01,9.719908385479858470e-01,-2.035322022041906043e-01,-8.167336520399762767e-01,-8.660254037844387076e-01,-2.579480950826684478e-18,-4.999999999999999445e-01,2.037757576775268142e-01,0.000000000000000000e+00,0.000000000000000000e+00,0.000000000000000000e+00,1.000000000000000000e+00
-4.853961193432233534e-01,2.399217149533509064e-01,8.407307404992292454e-01,4.619253922468271600e-01,1.199608574766754254e-01,9.707922386864468178e-01,-2.077783000691307280e-01,-8.127567734565985802e-01,-8.660254037844388186e-01,-1.622156297791772905e-17,-4.999999999999999445e-01,2.038560888787901981e-01,0.000000000000000000e+00,0.000000000000000000e+00,0.000000000000000000e+00,1.000000000000000000e+00
-4.847782423510643701e-01,2.448677662985689896e-01,8.396605461559820682e-01,4.616156948987610864e-01,1.224338831492844670e-01,9.695564847021288513e-01,-2.120617061825117722e-01,-8.087382964516054429e-01,-8.660254037844388186e-01,-2.105998365558482844e-18,-4.999999999999999445e-01,2.039372275736992257e-01,0.000000000000000000e+00,0.000000000000000000e+00,0.000000000000000000e+00,1.000000000000000000e+00
-4.841414736502532845e-01,2.498562265925028669e-01,8.385576304135076153e-01,4.613237328764942524e-01,1.249281132962514057e-01,9.682829473005066800e-01,-2.163818395228284952e-01,-8.046785668807494574e-01,-8.660254037844387076e-01,-1.866182790364962196e-18,-4.999999999999999445e-01,2.040191679395894353e-01,0.000000000000000000e+00,0.000000000000000000e+00,0.000000000000000000e+00,1.000000000000000000e+00
-4.834855010050712609e-01,2.548864085656604161e-01,8.374214524636770518e-01,4.610501463509779074e-01,1.274432042828301803e-01,9.669710020101426329e-01,-2.207381048972414939e-01,-8.005779440782903045e-01,-8.660254037844387076e-01,-1.550214929217688698e-17,-4.999999999999999445e-01,2.041019040087303504e-01,0.000000000000000000e+00,0.000000000000000000e+00,0.000000000000000000e+00,1.000000000000000000e+00
-4.828100148261086355e-01,2.599576087258286261e-01,8.362514760819030890e-01,4.607955755793798902e-01,1.299788043629142853e-01,9.656200296522172710e-01,-2.251298930636228546e-01,-7.964368008686828482e-01,-8.660254037844388186e-01,-1.380568267282786000e-18,-4.999999999999998890e-01,2.041854296701055282e-01,0.000000000000000000e+00,0.000000000000000000e+00,0.000000000000000000e+00,1.000000000000000000e+00
-4.821147084058398646e-01,2.650691075078492331e-01,8.350471700351689286e-01,4.605606605142777976e-01,1.325345537539245888e-01,9.642294168116798403e-01,-2.295565808602659241e-01,-7.922555235720329936e-01,-8.660254037844387076e-01,-1.501262553936422583e-17,-4.999999999999999445e-01,2.042697386711923579e-01,0.000000000000000000e+00,0.000000000000000000e+00,0.000000000000000000e+00,1.000000000000000000e+00
-4.813992781548183109e-01,2.702201694324078418e-01,8.338080084911277945e-01,4.603460404096704761e-01,1.351100847162038932e-01,9.627985563096367327e-01,-2.340175313434004478e-01,-7.880345120031032602e-01,-8.660254037844387076e-01,-1.476499304245979416e-17,-4.999999999999999445e-01,2.043548246197421647e-01,0.000000000000000000e+00,0.000000000000000000e+00,0.000000000000000000e+00,1.000000000000000000e+00
-4.806634238382979651e-01,2.754100432739858828e-01,8.325334714279456483e-01,4.601523534240564706e-01,1.377050216369929136e-01,9.613268476765960413e-01,-2.385120939326433320e-01,-7.837741794636595705e-01,-8.660254037844387076e-01,-6.377068910355203608e-19,-4.999999999999999445e-01,2.044406809855599527e-01,0.000000000000000000e+00,0.000000000000000000e+00,0.000000000000000000e+00,1.000000000000000000e+00
-4.799068488130885934e-01,2.806379622381212635e-01,8.312230450445453611e-01,4.599802362208367246e-01,1.403189811190606040e-01,9.598136976261772979e-01,-2.430396045645110414e-01,-7.794749527279534185e-01,-8.660254037844387076e-01,-1.426416737146324256e-17,-4.999999999999999445e-01,2.045273011022845644e-01,0.000000000000000000e+00,0.000000000000000000e+00,0.000000000000000000e+00,1.000000000000000000e+00
-4.791292602644473542e-01,2.859031441481076907e-01,8.298762221709149456e-01,4.598303235663019906e-01,1.429515720740537899e-01,9.582585205288948194e-01,-2.475993858541055415e-01,-7.751372720211429090e-01,-8.660254037844387076e-01,-2.788883647052955610e-17,-4.999999999999999445e-01,2.046146781691685346e-01,0.000000000000000000e+00,0.000000000000000000e+00,0.000000000000000000e+00,1.000000000000000000e+00
-4.783303694428082120e-01,2.912047916412541237e-01,8.284925026781355673e-01,4.597032479254740678e-01,1.456023958206270341e-01,9.566607388856165350e-01,-2.521907472650804505e-01,-7.707615909904634854e-01,-8.660254037844387076e-01,-1.375617690507311139e-17,-4.999999999999999445e-01,2.047028052528580833e-01,0.000000000000000000e+00,0.000000000000000000e+00,0.000000000000000000e+00,1.000000000000000000e+00
-4.775098919001480868e-01,2.965420923748182669e-01,8.270713938877789495e-01,4.595996390560732059e-01,1.482710461874090779e-01,9.550197838002962847e-01,-2.568129852879842967e-01,-7.663483766689603849e-01,-8.660254037844387076e-01,-1.349959115115682580e-17,-4.999999999999999445e-01,2.047916752891729697e-01,0.000000000000000000e+00,0.000000000000000000e+00,0.000000000000000000e+00,1.000000000000000000e+00
-4.766675477257894533e-01,3.019142192417061388e-01,8.256124109803300026e-01,4.595201236008892853e-01,1.509571096208530416e-01,9.533350954515789066e-01,-2.614653836270621201e-01,-7.618981094316150671e-01,-8.660254037844387076e-01,-1.324133116336822402e-17,-4.999999999999998890e-01,2.048812810848865684e-01,0.000000000000000000e+00,0.000000000000000000e+00,0.000000000000000000e+00,1.000000000000000000e+00
-4.758030617814329455e-01,3.073203305960336418e-01,8.241150774022755199e-01,4.594653246788421019e-01,1.536601652980167654e-01,9.516061235628660020e-01,-2.661472133955972152e-01,-7.574112829436911998e-01,-8.660254037844387076e-01,-4.073701301867698103e-17,-4.999999999999999445e-01,2.049716153195057233e-01,0.000000000000000000e+00,0.000000000000000000e+00,0.000000000000000000e+00,1.000000000000000000e+00
-4.749161639352189601e-01,3.127595704886182437e-01,8.225789252715093314e-01,4.594358614750169711e-01,1.563797852443090941e-01,9.498323278704379202e-01,-2.708577333198532444e-01,-7.528884041011457695e-01,-8.660254037844387076e-01,-1.271995101915483792e-17,-4.999999999999998890e-01,2.050626705470507960e-01,0.000000000000000000e+00,0.000000000000000000e+00,0.000000000000000000e+00,1.000000000000000000e+00
-4.740065892946076498e-01,3.182310689124687730e-01,8.210034957806945366e-01,4.594323488299712488e-01,1.591155344562343588e-01,9.480131785892154106e-01,-2.755961899516742863e-01,-7.483299929629522174e-01,-8.660254037844387076e-01,1.529866177916585004e-17,-4.999999999999999445e-01,2.051544391978354920e-01,0.000000000000000000e+00,0.000000000000000000e+00,0.000000000000000000e+00,1.000000000000000000e+00
-4.730740784378751895e-01,3.237339420583209559e-01,8.193883395982242135e-01,4.594553968286068657e-01,1.618669710291604502e-01,9.461481568757504901e-01,-2.803618178897854807e-01,-7.437365826751969333e-01,-8.660254037844388186e-01,-1.219236834327866555e-17,-4.999999999999999445e-01,2.052469135802469369e-01,0.000000000000000000e+00,0.000000000000000000e+00,0.000000000000000000e+00,1.000000000000000000e+00
-4.721183776440147639e-01,3.292672925802586081e-01,8.177330172664241115e-01,4.595056103889131327e-01,1.646336462901292763e-01,9.442367552880296389e-01,-2.851538400098273529e-01,-7.391087193868133287e-01,-8.660254037844387076e-01,1.582921793695942508e-17,-4.999999999999999445e-01,2.053400858825255304e-01,0.000000000000000000e+00,0.000000000000000000e+00,0.000000000000000000e+00,1.000000000000000000e+00
-4.711392391208371055e-01,3.348302098714429076e-01,8.160370995966325092e-01,4.595835888508835176e-01,1.674151049357214260e-01,9.422784782416743221e-01,-2.899714677031446919e-01,-7.344469621568363582e-01,-8.660254037844387076e-01,-1.165892561920985383e-17,-4.999999999999999445e-01,2.054339481745449114e-01,0.000000000000000000e+00,0.000000000000000000e+00,0.000000000000000000e+00,1.000000000000000000e+00
-4.701364212310602531e-01,3.404217703499645142e-01,8.143001680607999671e-01,4.596899255659183670e-01,1.702108851749822294e-01,9.402728424621206171e-01,-2.948139011243414709e-01,-7.297518828530566992e-01,-8.660254037844387076e-01,-1.139011656523850220e-17,-4.999999999999999445e-01,2.055284924095920063e-01,0.000000000000000000e+00,0.000000000000000000e+00,0.000000000000000000e+00,1.000000000000000000e+00
-4.691096887161817497e-01,3.460410377548130412e-01,8.125218151792473753e-01,4.598252074870240458e-01,1.730205188774064928e-01,9.382193774323636104e-01,-2.996803294475981483e-01,-7.250240660419811078e-01,-8.660254037844387076e-01,-1.111997552663012432e-17,-4.999999999999999445e-01,2.056237104261468829e-01,0.000000000000000000e+00,0.000000000000000000e+00,0.000000000000000000e+00,1.000000000000000000e+00
-4.680588129179233392e-01,3.516870634519523309e-01,8.107016449042192541e-01,4.599900147601268530e-01,1.758435317259761099e-01,9.361176258358467894e-01,-3.045699311317405233e-01,-7.202641088699974770e-01,-8.660254037844388186e-01,-3.860412372371000057e-17,-4.999999999999999445e-01,2.057195939496627157e-01,0.000000000000000000e+00,0.000000000000000000e+00,0.000000000000000000e+00,1.000000000000000000e+00
-4.669835719970421017e-01,3.573588867504675082e-01,8.088392729988759244e-01,4.601849203168199010e-01,1.786794433752336986e-01,9.339671439940843145e-01,-3.094818741940311146e-01,-7.154726209356704336e-01,-8.660254037844387076e-01,-3.833145610953985987e-17,-4.999999999999999445e-01,2.058161345943456955e-01,0.000000000000000000e+00,0.000000000000000000e+00,0.000000000000000000e+00,1.000000000000000000e+00
-4.658837511492991967e-01,3.630555352287459514e-01,8.069343274113617293e-01,4.604104894688646477e-01,1.815277676143729479e-01,9.317675022985985045e-01,-3.144153164926501987e-01,-7.106502241530900932e-01,-8.660254037844387076e-01,1.745355618324729844e-17,-4.999999999999999445e-01,2.059133238649351327e-01,0.000000000000000000e+00,0.000000000000000000e+00,0.000000000000000000e+00,1.000000000000000000e+00
-4.647591428183809326e-01,3.687760250706315635e-01,8.049864486435960309e-01,4.606672795047706548e-01,1.843880125353157262e-01,9.295182856367619761e-01,-3.193694060178139948e-01,-7.057975526062167937e-01,-8.660254037844387076e-01,-3.778258783516596773e-17,-4.999999999999999445e-01,2.060111531584832290e-01,0.000000000000000000e+00,0.000000000000000000e+00,0.000000000000000000e+00,1.000000000000000000e+00
-4.636095469055659946e-01,3.745193614114804559e-01,8.029952901144270516e-01,4.609558392887808109e-01,1.872596807057402279e-01,9.272190938111321001e-01,-3.243432811914674918e-01,-7.009152523941726276e-01,-8.660254037844387076e-01,1.800466893306193427e-17,-4.999999999999999445e-01,2.061096137661351801e-01,0.000000000000000000e+00,0.000000000000000000e+00,0.000000000000000000e+00,1.000000000000000000e+00
-4.624347709759354386e-01,3.802845386940368888e-01,8.009605185167979480e-01,4.612767088625875367e-01,1.901422693470183889e-01,9.248695419518709882e-01,-3.293360711754823034e-01,-6.960039814674400249e-01,-8.660254037844387076e-01,-3.722932677832734028e-17,-4.999999999999999445e-01,2.062086968749089200e-01,0.000000000000000000e+00,0.000000000000000000e+00,0.000000000000000000e+00,1.000000000000000000e+00
-4.612346304609226677e-01,3.860705410340241617e-01,7.988818141685739560e-01,4.616304190501098748e-01,1.930352705170120531e-01,9.224692609218454464e-01,-3.343468961882674617e-01,-6.910644094549431848e-01,-8.660254037844387076e-01,1.855998111800857618e-17,-4.999999999999999445e-01,2.063083935694753901e-01,0.000000000000000000e+00,0.000000000000000000e+00,0.000000000000000000e+00,1.000000000000000000e+00
-4.600089488570028307e-01,3.918763425953411539e-01,7.967588713566822189e-01,4.620174910656603684e-01,1.959381712976705492e-01,9.200178977140057723e-01,-3.393748678296993337e-01,-6.860972174819954805e-01,-8.660254037844387076e-01,1.883908961218257648e-17,-4.999999999999999445e-01,2.064086948339381167e-01,0.000000000000000000e+00,0.000000000000000000e+00,0.000000000000000000e+00,1.000000000000000000e+00
-4.587575579203225784e-01,3.977009079747334530e-01,7.945913986742209056e-01,4.624384361258326859e-01,1.988504539873666710e-01,9.175151158406452678e-01,-3.444190894142564185e-01,-6.811030979791111717e-01,-8.660254037844388186e-01,-8.636475456222013705e-18,-4.999999999999999445e-01,2.065095915536135085e-01,0.000000000000000000e+00,0.000000000000000000e+00,0.000000000000000000e+00,1.000000000000000000e+00
-4.574802978570748913e-01,4.035431925957964072e-01,7.923791193501972252e-01,4.628937550654384503e-01,2.017715962978981759e-01,9.149605957141498935e-01,-3.494786563122360690e-01,-6.760827544816900847e-01,-8.660254037844387076e-01,1.939996254264531422e-17,-4.999999999999999445e-01,2.066110745168105445e-01,0.000000000000000000e+00,0.000000000000000000e+00,0.000000000000000000e+00,1.000000000000000000e+00
-4.561770175094241875e-01,4.094021431121553922e-01,7.901217715715602719e-01,4.633839379578247875e-01,2.047010715560776406e-01,9.123540350188484860e-01,-3.545526562989189112e-01,-6.710369014205955773e-01,-8.660254037844385966e-01,-8.073949492375447833e-18,-4.999999999999999445e-01,2.067131344166108775e-01,0.000000000000000000e+00,0.000000000000000000e+00,0.000000000000000000e+00,1.000000000000000000e+00
-4.548475745367909218e-01,4.152766978196510972e-01,7.878191087971938567e-01,4.639094637399008292e-01,2.076383489098254931e-01,9.096951490735818435e-01,-3.596401699115316930e-01,-6.659662639036570964e-01,-8.660254037844387076e-01,-3.554711137046353037e-17,-4.999999999999999445e-01,2.068157618526487163e-01,0.000000000000000000e+00,0.000000000000000000e+00,0.000000000000000000e+00,1.000000000000000000e+00
-4.534918355923076572e-01,4.211657870773425905e-01,7.854709000635491378e-01,4.644707998422027972e-01,2.105828935386712397e-01,9.069836711846154254e-01,-3.647402708138465233e-01,-6.608715774881468441e-01,-8.660254037844387076e-01,-7.508423282351543811e-18,-4.999999999999999445e-01,2.069189473328908180e-01,0.000000000000000000e+00,0.000000000000000000e+00,0.000000000000000000e+00,1.000000000000000000e+00
-4.521096764942630353e-01,4.270683337371328769e-01,7.830769302815923094e-01,4.650684018243221307e-01,2.135341668685664107e-01,9.042193529885261816e-01,-3.698520261682479160e-01,-6.557535879442818461e-01,-8.660254037844387076e-01,-7.224663857816176149e-18,-4.999999999999999445e-01,2.070226812754163981e-01,0.000000000000000000e+00,0.000000000000000000e+00,0.000000000000000000e+00,1.000000000000000000e+00
-4.507009823923501801e-01,4.329832535818004535e-01,7.806370005247565969e-01,4.657027130160245054e-01,2.164916267909001990e-01,9.014019647847004713e-01,-3.749744970150787338e-01,-6.506130510098246944e-01,-8.660254037844387076e-01,2.081526601166887223e-17,-4.999999999999999445e-01,2.071269540101971229e-01,0.000000000000000000e+00,0.000000000000000000e+00,0.000000000000000000e+00,1.000000000000000000e+00
-4.492656479285439541e-01,4.389094557712126532e-01,7.781509283075896954e-01,4.663741641643808222e-01,2.194547278856062988e-01,8.985312958570880193e-01,-3.801067386590726849e-01,-6.454507321358624594e-01,-8.660254037844387076e-01,-6.655412961904933762e-18,-4.999999999999999445e-01,2.072317557808770194e-01,0.000000000000000000e+00,0.000000000000000000e+00,0.000000000000000000e+00,1.000000000000000000e+00
-4.478035773924339269e-01,4.448458432964770282e-01,7.756185478547975576e-01,4.670831730872298526e-01,2.224229216482384863e-01,8.956071547848678538e-01,-3.852478010626606553e-01,-6.402674062238591368e-01,-8.660254037844387076e-01,-6.370026669330028076e-18,-4.999999999999999445e-01,2.073370767465524400e-01,0.000000000000000000e+00,0.000000000000000000e+00,0.000000000000000000e+00,1.000000000000000000e+00
-4.463146848708410275e-01,4.507913134417823597e-01,7.730397103603893205e-01,4.678301443332927856e-01,2.253956567208911521e-01,8.926293697416821660e-01,-3.903967292459370464e-01,-6.350638573540836607e-01,-8.660254037844387076e-01,-6.084203738269286710e-18,-4.999999999999999445e-01,2.074429069835520834e-01,0.000000000000000000e+00,0.000000000000000000e+00,0.000000000000000000e+00,1.000000000000000000e+00
-4.447988943915580640e-01,4.567447582536553474e-01,7.704142842366420441e-01,4.686154688492489839e-01,2.283723791268276460e-01,8.895977887831162390e-01,-3.955525636930476985e-01,-6.298408785055373826e-01,-8.660254037844387076e-01,-5.797997432552398718e-18,-4.999999999999999445e-01,2.075492364872167650e-01,0.000000000000000000e+00,0.000000000000000000e+00,0.000000000000000000e+00,1.000000000000000000e+00
-4.432561400610487423e-01,4.627050650173601398e-01,7.677421553526030396e-01,4.694395236540867544e-01,2.313525325086800422e-01,8.865122801220975957e-01,-4.007143407647642541e-01,-6.245992712675041414e-01,-8.660254037844387076e-01,2.224411437072661169e-17,-4.999999999999999445e-01,2.076560551736795768e-01,0.000000000000000000e+00,0.000000000000000000e+00,0.000000000000000000e+00,1.000000000000000000e+00
-4.416863661959547493e-01,4.686711167401418354e-01,7.650232272618664453e-01,4.703026715210323339e-01,2.343355583700708622e-01,8.833727323919096097e-01,-4.058810931169851144e-01,-6.193398455428709148e-01,-8.660254037844388186e-01,-5.224648873703712538e-18,-4.999999999999999445e-01,2.077633528816457409e-01,0.000000000000000000e+00,0.000000000000000000e+00,0.000000000000000000e+00,1.000000000000000000e+00
-4.400895274482580222e-01,4.746417926410141930e-01,7.622574214193610365e-01,4.712052606673593491e-01,2.373208963205070687e-01,8.801790548965161554e-01,-4.110518501249041390e-01,-6.140634192433682692e-01,-8.660254037844387076e-01,-4.937614199457033338e-18,-4.999999999999999445e-01,2.078711193741725194e-01,0.000000000000000000e+00,0.000000000000000000e+00,0.000000000000000000e+00,1.000000000000000000e+00
-4.384655889239556514e-01,4.806159686467717518e-01,7.594446773869009126e-01,4.721476244523734600e-01,2.403079843233858204e-01,8.769311778479114139e-01,-4.162256383125696457e-01,-6.087708179768989147e-01,-8.660254037844387076e-01,-3.240598687656195155e-17,-4.999999999999999445e-01,2.079793443404492348e-01,0.000000000000000000e+00,0.000000000000000000e+00,0.000000000000000000e+00,1.000000000000000000e+00
-4.368145262951074748e-01,4.865925178938976803e-01,7.565849530272577006e-01,4.731300810838642290e-01,2.432962589469487846e-01,8.736290525902151716e-01,-4.214014817875494368e-01,-6.034628747271305604e-01,-8.660254037844387076e-01,-4.363094231044115825e-18,-4.999999999999999445e-01,2.080880173975772074e-01,0.000000000000000000e+00,0.000000000000000000e+00,0.000000000000000000e+00,1.000000000000000000e+00
-4.351363259051244659e-01,4.925703112360275693e-01,7.536782246865251222e-01,4.741529333333063256e-01,2.462851556180137569e-01,8.702726518102490427e-01,-4.265784026804074203e-01,-5.981404295255414727e-01,-8.660254037844388186e-01,-4.075717392448418005e-18,-4.999999999999999445e-01,2.081971280923496925e-01,0.000000000000000000e+00,0.000000000000000000e+00,0.000000000000000000e+00,1.000000000000000000e+00
-4.334309848671693555e-01,4.985482177566200046e-01,7.507244873645546601e-01,4.752164682600908963e-01,2.492741088783099468e-01,8.668619697343388220e-01,-4.317554215886891256e-01,-5.928043291161195771e-01,-8.660254037844387076e-01,-3.154391072853262140e-17,-4.999999999999999445e-01,2.083066659030318180e-01,0.000000000000000000e+00,0.000000000000000000e+00,0.000000000000000000e+00,1.000000000000000000e+00
-4.316985111555515231e-01,5.045251052864667685e-01,7.477237548732551531e-01,4.763209569450558845e-01,2.522625526432333842e-01,8.633970223111032682e-01,-4.369315580250988651e-01,-5.874554266129256019e-01,-8.660254037844387076e-01,-3.501001820388545955e-18,-4.999999999999999445e-01,2.084166202411405766e-01,0.000000000000000000e+00,0.000000000000000000e+00,0.000000000000000000e+00,1.000000000000000000e+00
-4.299389236899987532e-01,5.104998409256772396e-01,7.446760599825562599e-01,4.774666542335825326e-01,2.552499204628385643e-01,8.598778473799975064e-01,-4.421058308695513528e-01,-5.820945811507414192e-01,-8.660254037844388186e-01,-3.096934759363726681e-17,-4.999999999999998890e-01,2.085269804532247362e-01,0.000000000000000000e+00,0.000000000000000000e+00,0.000000000000000000e+00,1.000000000000000000e+00
-4.281522524126999962e-01,5.164712915697505791e-01,7.415814545538509384e-01,4.786537984885123054e-01,2.582356457848752340e-01,8.563045048254001035e-01,-4.472772588247638792e-01,-5.767226575290369528e-01,-8.660254037844388186e-01,-5.843785128996281718e-17,-4.999999999999999445e-01,2.086377358226448042e-01,0.000000000000000000e+00,0.000000000000000000e+00,0.000000000000000000e+00,1.000000000000000000e+00
-4.263385383580192700e-01,5.224383244393455694e-01,7.384400096607420805e-01,4.798826113531347026e-01,2.612191622196727292e-01,8.526770767160385400e-01,-4.524448608750498146e-01,-5.713405258495003469e-01,-8.660254037844387076e-01,-2.639840519788615745e-18,-4.999999999999998890e-01,2.087488755713529931e-01,0.000000000000000000e+00,0.000000000000000000e+00,0.000000000000000000e+00,1.000000000000000000e+00
-4.244978337147841674e-01,5.283998076133464838e-01,7.352518156969310992e-01,4.811532975244870447e-01,2.641999038066731864e-01,8.489956674295684458e-01,-4.576076567479681056e-01,-5.659490611473821930e-01,-8.660254037844387076e-01,-2.353247777310934727e-18,-4.999999999999999445e-01,2.088603888616731852e-01,0.000000000000000000e+00,0.000000000000000000e+00,0.000000000000000000e+00,1.000000000000000000e+00
-4.226302018810643157e-01,5.343546105648224742e-01,7.320169824710952566e-01,4.824660445371978246e-01,2.671773052824112371e-01,8.452604037621287425e-01,-4.627646673784768794e-01,-5.605491430169151634e-01,-8.660254037844387076e-01,2.568859943532935560e-17,-4.999999999999999445e-01,2.089722647980807868e-01,0.000000000000000000e+00,0.000000000000000000e+00,0.000000000000000000e+00,1.000000000000000000e+00
-4.207357175113596859e-01,5.403016046994540966e-01,7.287356392886217282e-01,4.838210225580968360e-01,2.701508023497269928e-01,8.414714350227194828e-01,-4.679149153752248935e-01,-5.551416552310892705e-01,-8.660254037844387076e-01,-1.781079984873596227e-18,-4.999999999999999445e-01,2.090844924289827766e-01,0.000000000000000000e+00,0.000000000000000000e+00,0.000000000000000000e+00,1.000000000000000000e+00
-4.188144665561265301e-01,5.462396638960124173e-01,7.254079350200676179e-01,4.852183841918070728e-01,2.731198319480060976e-01,8.376289331122531712e-01,-4.730574254886202312e-01,-5.497274853560538688e-01,-8.660254037844387076e-01,-5.700676455951846490e-17,-4.999999999999999445e-01,2.091970607484976707e-01,0.000000000000000000e+00,0.000000000000000000e+00,0.000000000000000000e+00,1.000000000000000000e+00
-4.168665462935767785e-01,5.521676650484530491e-01,7.220340381562385668e-01,4.866582642975214590e-01,2.760838325242264690e-01,8.337330925871536680e-01,-4.781912250802972109e-01,-5.443075243604484914e-01,-8.660254037844385966e-01,-1.210630202736084301e-18,-4.999999999999999445e-01,2.093099586982354321e-01,0.000000000000000000e+00,0.000000000000000000e+00,0.000000000000000000e+00,1.000000000000000000e+00
-4.148920653536937175e-01,5.580844886091935741e-01,7.186141368497848125e-01,4.881407798171609747e-01,2.790422443045967316e-01,8.297841307073875461e-01,-4.833153445936088644e-01,-5.388826662199515116e-01,-8.660254037844387076e-01,-2.868176004513451228e-17,-4.999999999999999445e-01,2.094231751690773524e-01,0.000000000000000000e+00,0.000000000000000000e+00,0.000000000000000000e+00,1.000000000000000000e+00
-4.128911437344151558e-01,5.639890191331263791e-01,7.151484389432313238e-01,4.896660296150955882e-01,2.819945095665631341e-01,8.257822874688304227e-01,-4.884288180247552402e-01,-5.334538075173627103e-01,-8.660254037844385966e-01,-6.423296325522165216e-19,-4.999999999999999445e-01,2.095366990029562115e-01,0.000000000000000000e+00,0.000000000000000000e+00,0.000000000000000000e+00,1.000000000000000000e+00
-4.108639128099431659e-01,5.698801458219204807e-01,7.116371719833710641e-01,4.912340943296050200e-01,2.849400729109601849e-01,8.217278256198864428e-01,-4.935306833941635052e-01,-5.280218470385311669e-01,-8.660254037844387076e-01,-2.811469482809839076e-17,-4.999999999999999445e-01,2.096505189946358538e-01,0.000000000000000000e+00,0.000000000000000000e+00,0.000000000000000000e+00,1.000000000000000000e+00
-4.088105153311465401e-01,5.757567630681634796e-01,7.080805832219614349e-01,4.928450362362391535e-01,2.878783815340817398e-01,8.176210306622933022e-01,-4.986199832177276581e-01,-5.225876853644505493e-01,-8.660254037844385966e-01,2.767896929532651973e-17,-4.999999999999999445e-01,2.097646238934916252e-01,0.000000000000000000e+00,0.000000000000000000e+00,0.000000000000000000e+00,1.000000000000000000e+00
-4.067311054180313690e-01,5.816177709988792355e-01,7.044789396026834849e-01,4.944988991232330822e-01,2.908088854994395622e-01,8.134622108360628490e-01,-5.036957649775095636e-01,-5.171522244598562024e-01,-8.660254037844387076e-01,-2.755041944704719395e-17,-4.999999999999998890e-01,2.098790024052899217e-01,0.000000000000000000e+00,0.000000000000000000e+00,0.000000000000000000e+00,1.000000000000000000e+00
-4.046258485442632002e-01,5.874620760179672940e-01,7.008325277343333548e-01,4.961957081791133484e-01,2.937310380089835915e-01,8.092516970885264005e-01,-5.087570815915047895e-01,-5.117163672586561018e-01,-8.660254037844387076e-01,-2.726945993505842716e-17,-4.999999999999998890e-01,2.099936431939683490e-01,0.000000000000000000e+00,0.000000000000000000e+00,0.000000000000000000e+00,1.000000000000000000e+00
-4.024949215137305081e-01,5.932885913470977712e-01,6.971416538502289706e-01,4.979354698926297118e-01,2.966442956735488301e-01,8.049898430274611272e-01,-5.138029918820712361e-01,-5.062810172465419534e-01,-8.660254037844387076e-01,-2.698935564581943302e-17,-4.999999999999999445e-01,2.101085348834156319e-01,0.000000000000000000e+00,0.000000000000000000e+00,0.000000000000000000e+00,1.000000000000000000e+00
-4.003385124291510833e-01,5.990962375645983995e-01,6.934066437538343175e-01,4.997181719651237475e-01,2.995481187822991442e-01,8.006770248583021665e-01,-5.188325610426193224e-01,-5.008470780411267143e-01,-8.660254037844388186e-01,-2.671015847152017773e-17,-4.999999999999999445e-01,2.102236660592514683e-01,0.000000000000000000e+00,0.000000000000000000e+00,0.000000000000000000e+00,1.000000000000000000e+00
-3.981568206527273945e-01,6.048839431418622237e-01,6.896278427506131736e-01,5.015437832354433523e-01,3.024419715709310563e-01,7.963136413054547891e-01,-5.238448611021546686e-01,-4.954154529699669185e-01,-8.660254037844387076e-01,-2.643191992489886851e-17,-4.999999999999998890e-01,2.103390252706066887e-01,0.000000000000000000e+00,0.000000000000000000e+00,0.000000000000000000e+00,1.000000000000000000e+00
-3.959500567588666864e-01,6.106506449768155376e-01,6.858056155661380604e-01,5.034122536174959750e-01,3.053253224884077133e-01,7.919001135177334838e-01,-5.288389713872746478e-01,-4.899870446468216345e-01,-8.660254037844387076e-01,-2.615469111359599320e-17,-4.999999999999999445e-01,2.104546010319029437e-01,0.000000000000000000e+00,0.000000000000000000e+00,0.000000000000000000e+00,1.000000000000000000e+00
-3.937184424789931803e-01,6.163952889239685540e-01,6.819403462505008173e-01,5.053235140505180079e-01,3.081976444619842215e-01,7.874368849579864715e-01,-5.338139789812056391e-01,-4.845627545465202024e-01,-8.660254037844387076e-01,-2.587852271467263382e-17,-4.999999999999999445e-01,2.105703818246329184e-01,0.000000000000000000e+00,0.000000000000000000e+00,0.000000000000000000e+00,1.000000000000000000e+00
-3.914622106384799682e-01,6.221168303205895089e-01,6.780324380690773145e-01,5.072774764621326149e-01,3.110584151602946990e-01,7.829244212769600475e-01,-5.387689791794836314e-01,-4.791434825787979079e-01,-8.660254037844387076e-01,-2.560346494931511167e-17,-4.999999999999999445e-01,2.106863560991401041e-01,0.000000000000000000e+00,0.000000000000000000e+00,0.000000000000000000e+00,1.000000000000000000e+00
-3.891816050857466736e-01,6.278142345085270248e-01,6.740823133797194666e-01,5.092740337442481779e-01,3.139071172542634014e-01,7.783632101714934581e-01,-5.437030759418653991e-01,-4.737301266614781792e-01,-8.660254037844387076e-01,-8.084071878900669860e-17,-4.999999999999999445e-01,2.108025122763987069e-01,0.000000000000000000e+00,0.000000000000000000e+00,0.000000000000000000e+00,1.000000000000000000e+00
-3.868768806135678417e-01,6.334864773512222103e-01,6.700904134964583703e-01,5.113130597418426015e-01,3.167432386756110496e-01,7.737537612271357945e-01,-5.486153823400738982e-01,-4.683235822933671244e-01,-8.660254037844387076e-01,-2.505687977438365031e-17,-4.999999999999998890e-01,2.109188387497938910e-01,0.000000000000000000e+00,0.000000000000000000e+00,0.000000000000000000e+00,1.000000000000000000e+00
-3.845483028726532360e-01,6.391325457454412051e-01,6.660571985398203720e-01,5.133944092546597338e-01,3.195662728727205470e-01,7.690966057453065829e-01,-5.535050210009719862e-01,-4.629247421272456586e-01,-8.660254037844387076e-01,-2.478545030321233155e-17,-4.999999999999999445e-01,2.110353238869013548e-01,0.000000000000000000e+00,0.000000000000000000e+00,0.000000000000000000e+00,1.000000000000000000e+00
-3.821961482775614316e-01,6.447514381272715367e-01,6.619831472738647582e-01,5.155179180518398852e-01,3.223757190636357128e-01,7.643922965551228632e-01,-5.583711245447678939e-01,-4.575344955433270355e-01,-8.660254037844387076e-01,-2.451532729348571727e-17,-4.999999999999999445e-01,2.111519560312675181e-01,0.000000000000000000e+00,0.000000000000000000e+00,0.000000000000000000e+00,1.000000000000000000e+00
-3.798207039050249256e-01,6.503421649719212105e-01,6.578687569300778470e-01,5.176834028994823367e-01,3.251710824859604942e-01,7.596414078100499623e-01,-5.632128360178541016e-01,-4.521537282235714716e-01,-8.660254037844387076e-01,-7.975770954694293971e-17,-4.999999999999998890e-01,2.112687235041894873e-01,0.000000000000000000e+00,0.000000000000000000e+00,0.000000000000000000e+00,1.000000000000000000e+00
-3.774222673847636988e-01,6.559037492868717845e-01,6.537145430182568218e-01,5.198906616011365056e-01,3.279518746434358367e-01,7.548445347695275087e-01,-5.680293093198903742e-01,-4.467833217272279001e-01,-8.660254037844387076e-01,-2.397919033781446140e-17,-4.999999999999999445e-01,2.113856146064947983e-01,0.000000000000000000e+00,0.000000000000000000e+00,0.000000000000000000e+00,1.000000000000000000e+00
-3.750011467828813227e-01,6.614352270979338977e-01,6.495210391245448411e-01,5.221394730511944582e-01,3.307176135489668933e-01,7.500022935657627565e-01,-5.728197096247401587e-01,-4.414241530679900993e-01,-8.660254037844387076e-01,-2.371326970203368141e-17,-4.999999999999999445e-01,2.115026176203216868e-01,0.000000000000000000e+00,0.000000000000000000e+00,0.000000000000000000e+00,1.000000000000000000e+00
-3.725576604779369805e-01,6.669356479277627203e-01,6.452887966967825184e-01,5.244295973011536827e-01,3.334678239638813046e-01,7.451153209558740720e-01,-5.775832137948769818e-01,-4.360770942931464500e-01,-8.660254037844387076e-01,-2.344884210165448891e-17,-4.999999999999999445e-01,2.116197208108986094e-01,0.000000000000000000e+00,0.000000000000000000e+00,0.000000000000000000e+00,1.000000000000000000e+00
-3.700921370298021484e-01,6.724040752663954512e-01,6.410183848173603982e-01,5.267607756386978313e-01,3.362020376331976701e-01,7.401842740596042969e-01,-5.823190107888822631e-01,-4.307430120651044581e-01,-8.660254037844388186e-01,-2.318595255851972553e-17,-4.999999999999998890e-01,2.117369124283246529e-01,0.000000000000000000e+00,0.000000000000000000e+00,0.000000000000000000e+00,1.000000000000000000e+00
-3.676049150414118505e-01,6.778395870333817630e-01,6.367103899637660547e-01,5.291327306795368113e-01,3.389197935166907705e-01,7.352098300828238120e-01,-5.870263020616616201e-01,-4.254227672456696308e-01,-8.660254037844388186e-01,-7.843579663204471136e-17,-4.999999999999999445e-01,2.118541807093491658e-01,0.000000000000000000e+00,0.000000000000000000e+00,0.000000000000000000e+00,1.000000000000000000e+00
-3.650963430135318322e-01,6.832412760310825339e-01,6.323654157570317569e-01,5.315451664719315072e-01,3.416206380155412115e-01,7.301926860270637754e-01,-5.917043019570134010e-01,-4.201172144834540711e-01,-8.660254037844387076e-01,-2.266496424113620950e-17,-4.999999999999999445e-01,2.119715138791518905e-01,0.000000000000000000e+00,0.000000000000000000e+00,0.000000000000000000e+00,1.000000000000000000e+00
-3.625667791926691641e-01,6.886082503887220874e-01,6.279840826983096314e-01,5.339977686138156487e-01,3.443041251943609882e-01,7.251335583853384392e-01,-5.963522380921889576e-01,-4.148272018047930443e-01,-8.660254037844387076e-01,-2.240695195542325115e-17,-4.999999999999999445e-01,2.120889001531227058e-01,0.000000000000000000e+00,0.000000000000000000e+00,0.000000000000000000e+00,1.000000000000000000e+00
-3.600165914122617772e-01,6.939396339967809357e-01,6.235670278938025834e-01,5.364902043824121280e-01,3.469698169983903568e-01,7.200331828245236654e-01,-6.009693517340878310e-01,-4.095535702085451035e-01,-8.660254037844387076e-01,-7.766180189305373238e-17,-4.999999999999998890e-01,2.122063277386418423e-01,0.000000000000000000e+00,0.000000000000000000e+00,0.000000000000000000e+00,1.000000000000000000e+00
-3.574461569272847639e-01,6.992345669313406731e-01,6.191149047682953377e-01,5.390221228762376304e-01,3.496172834656702810e-01,7.148923138545696387e-01,-6.055548981667514541e-01,-4.042971532651368216e-01,-8.660254037844387076e-01,-2.189610170029435398e-17,-4.999999999999999445e-01,2.123237848368596803e-01,0.000000000000000000e+00,0.000000000000000000e+00,0.000000000000000000e+00,1.000000000000000000e+00
-3.548558622424272113e-01,7.044922058679812249e-01,6.146283827675463884e-01,5.415931551693639046e-01,3.522461029339905014e-01,7.097117244848545337e-01,-6.101081470498083137e-01,-3.990587767202277147e-01,-8.660254037844387076e-01,-2.164334561295342886e-17,-4.999999999999999445e-01,2.124412596444766321e-01,0.000000000000000000e+00,0.000000000000000000e+00,0.000000000000000000e+00,1.000000000000000000e+00
-3.522461029339905569e-01,7.097117244848545337e-01,6.101081470498083137e-01,5.442029144778004479e-01,3.548558622424272113e-01,7.044922058679812249e-01,-6.146283827675464995e-01,-3.938392581033542950e-01,-8.660254037844387076e-01,-2.139242212442513117e-17,-4.999999999999999445e-01,2.125587403555234123e-01,0.000000000000000000e+00,0.000000000000000000e+00,0.000000000000000000e+00,1.000000000000000000e+00
-3.496172834656704476e-01,7.148923138545693057e-01,6.055548981667516761e-01,5.468509963378520577e-01,3.574461569272845418e-01,6.992345669313408951e-01,-6.191149047682951156e-01,-3.886394063419081890e-01,-8.660254037844387076e-01,-7.665452135439703631e-17,-4.999999999999998890e-01,2.126762151631403364e-01,0.000000000000000000e+00,0.000000000000000000e+00,0.000000000000000000e+00,1.000000000000000000e+00
-3.469698169983905234e-01,7.200331828245233323e-01,6.009693517340879421e-01,5.495369787962833819e-01,3.600165914122615551e-01,6.939396339967811578e-01,-6.235670278938023614e-01,-3.834600213808027069e-01,-8.660254037844387076e-01,-2.089622764301899630e-17,-4.999999999999998890e-01,2.127936722613581744e-01,0.000000000000000000e+00,0.000000000000000000e+00,0.000000000000000000e+00,1.000000000000000000e+00
-3.443041251943609327e-01,7.251335583853386613e-01,5.963522380921887356e-01,5.522604226121239357e-01,3.625667791926692751e-01,6.886082503887218653e-01,-6.279840826983097424e-01,-3.783018938081763594e-01,-8.660254037844387076e-01,-2.065103184576923310e-17,-4.999999999999998890e-01,2.129110998468773663e-01,0.000000000000000000e+00,0.000000000000000000e+00,0.000000000000000000e+00,1.000000000000000000e+00
-3.416206380155414335e-01,7.301926860270633313e-01,5.917043019570136231e-01,5.550208714699220724e-01,3.650963430135316101e-01,6.832412760310828670e-01,-6.323654157570314238e-01,-3.731658044874731628e-01,-8.660254037844387076e-01,-2.040781900375202441e-17,-4.999999999999999445e-01,2.130284861208481817e-01,0.000000000000000000e+00,0.000000000000000000e+00,0.000000000000000000e+00,1.000000000000000000e+00
-3.389197935166911035e-01,7.352098300828232569e-01,5.870263020616619531e-01,5.578178522042576137e-01,3.676049150414115729e-01,6.778395870333822071e-01,-6.367103899637656106e-01,-3.680525241962279148e-01,-8.660254037844387076e-01,-2.016662448346608846e-17,-4.999999999999999445e-01,2.131458192906508786e-01,0.000000000000000000e+00,0.000000000000000000e+00,0.000000000000000000e+00,1.000000000000000000e+00
-3.362020376331977256e-01,7.401842740596042969e-01,5.823190107888823741e-01,5.606508750353023096e-01,3.700921370298020929e-01,6.724040752663955622e-01,-6.410183848173603982e-01,-3.629628132718955014e-01,-8.660254037844385966e-01,3.558366850161311924e-17,-4.999999999999999445e-01,2.132630875716753638e-01,0.000000000000000000e+00,0.000000000000000000e+00,0.000000000000000000e+00,1.000000000000000000e+00
-3.334678239638814157e-01,7.451153209558740720e-01,5.775832137948770928e-01,5.635194338152094140e-01,3.725576604779369805e-01,6.669356479277628313e-01,-6.452887966967825184e-01,-3.578974212650350983e-01,-8.660254037844388186e-01,-1.969042724998634650e-17,-4.999999999999998890e-01,2.133802791891014350e-01,0.000000000000000000e+00,0.000000000000000000e+00,0.000000000000000000e+00,1.000000000000000000e+00
-3.307176135489668933e-01,7.500022935657627565e-01,5.728197096247401587e-01,5.664230062851088876e-01,3.750011467828813227e-01,6.614352270979337867e-01,-6.495210391245448411e-01,-3.528570866001613515e-01,-8.660254037844387076e-01,-1.945549060053148643e-17,-5.000000000000000000e-01,2.134973823796784131e-01,0.000000000000000000e+00,0.000000000000000000e+00,0.000000000000000000e+00,1.000000000000000000e+00
-3.279518746434358922e-01,7.548445347695276197e-01,5.680293093198903742e-01,5.693610543424642012e-01,3.774222673847636988e-01,6.559037492868717845e-01,-6.537145430182569328e-01,-3.478425362445721758e-01,-8.660254037844387076e-01,-7.473385560295659298e-17,-4.999999999999998890e-01,2.136143853935052461e-01,0.000000000000000000e+00,0.000000000000000000e+00,0.000000000000000000e+00,1.000000000000000000e+00
-3.251710824859604942e-01,7.596414078100499623e-01,5.632128360178539905e-01,5.723330243185467125e-01,3.798207039050249256e-01,6.503421649719210995e-01,-6.578687569300779581e-01,-3.428544853854426089e-01,-8.660254037844387076e-01,-1.899209917499267386e-17,-4.999999999999999445e-01,2.137312764958106126e-01,0.000000000000000000e+00,0.000000000000000000e+00,0.000000000000000000e+00,1.000000000000000000e+00
-3.223757190636359349e-01,7.643922965551228632e-01,5.583711245447681160e-01,5.753383472657654929e-01,3.821961482775613206e-01,6.447514381272718698e-01,-6.619831472738646472e-01,-3.378936371154757090e-01,-8.660254037844387076e-01,-1.876370463039430408e-17,-4.999999999999999445e-01,2.138480439687325263e-01,0.000000000000000000e+00,0.000000000000000000e+00,0.000000000000000000e+00,1.000000000000000000e+00
-3.195662728727207691e-01,7.690966057453063609e-01,5.535050210009722083e-01,5.783764392545922561e-01,3.845483028726530694e-01,6.391325457454415382e-01,-6.660571985398201500e-01,-3.329606821273806139e-01,-8.660254037844387076e-01,-1.853754935444595076e-17,-4.999999999999999445e-01,2.139646761130987451e-01,0.000000000000000000e+00,0.000000000000000000e+00,0.000000000000000000e+00,1.000000000000000000e+00
-3.167432386756111606e-01,7.737537612271356835e-01,5.486153823400740093e-01,5.814467016797993937e-01,3.868768806135677862e-01,6.334864773512223213e-01,-6.700904134964583703e-01,-3.280562984174537622e-01,-8.660254037844387076e-01,-1.831366094903983553e-17,-4.999999999999999445e-01,2.140811612502062089e-01,0.000000000000000000e+00,0.000000000000000000e+00,0.000000000000000000e+00,1.000000000000000000e+00
-3.139071172542635124e-01,7.783632101714933471e-01,5.437030759418653991e-01,5.845485215757314501e-01,3.891816050857465625e-01,6.278142345085271359e-01,-6.740823133797194666e-01,-3.231811509985116349e-01,-8.660254037844387076e-01,-7.360321722217792153e-17,-4.999999999999999445e-01,2.141974877236013097e-01,0.000000000000000000e+00,0.000000000000000000e+00,0.000000000000000000e+00,1.000000000000000000e+00
-3.110584151602945324e-01,7.829244212769603806e-01,5.387689791794832983e-01,5.876812719403181617e-01,3.914622106384800793e-01,6.221168303205890648e-01,-6.780324380690776476e-01,-3.183358916224270363e-01,-8.660254037844387076e-01,-7.338394125316462804e-17,-4.999999999999999445e-01,2.143136439008599681e-01,0.000000000000000000e+00,0.000000000000000000e+00,0.000000000000000000e+00,1.000000000000000000e+00
-3.081976444619843325e-01,7.874368849579863605e-01,5.338139789812057501e-01,5.908443120675268556e-01,3.937184424789931247e-01,6.163952889239687760e-01,-6.819403462505007063e-01,-3.135211585125021738e-01,-8.660254037844387076e-01,3.785529369140787117e-17,-4.999999999999999445e-01,2.144296181753671260e-01,0.000000000000000000e+00,0.000000000000000000e+00,0.000000000000000000e+00,1.000000000000000000e+00
-3.053253224884077688e-01,7.919001135177334838e-01,5.288389713872746478e-01,5.940369878879550036e-01,3.959500567588666309e-01,6.106506449768155376e-01,-6.858056155661379494e-01,-3.087375761059036883e-01,-8.660254037844387076e-01,-1.744129199032007641e-17,-4.999999999999999445e-01,2.145453989680970730e-01,0.000000000000000000e+00,0.000000000000000000e+00,0.000000000000000000e+00,1.000000000000000000e+00
-3.024419715709312229e-01,7.963136413054544560e-01,5.238448611021548906e-01,5.972586323172395240e-01,3.981568206527271725e-01,6.048839431418625567e-01,-6.896278427506128406e-01,-3.039857548063745751e-01,-8.660254037844385966e-01,3.828203547221536110e-17,-4.999999999999999445e-01,2.146609747293933834e-01,0.000000000000000000e+00,0.000000000000000000e+00,0.000000000000000000e+00,1.000000000000000000e+00
-2.995481187822991442e-01,8.006770248583022775e-01,5.188325610426192114e-01,6.005085656119757420e-01,4.003385124291510277e-01,5.990962375645982885e-01,-6.934066437538343175e-01,-2.992662907474228362e-01,-8.660254037844387076e-01,-7.253050139633764290e-17,-4.999999999999999445e-01,2.147763339407486038e-01,0.000000000000000000e+00,0.000000000000000000e+00,0.000000000000000000e+00,1.000000000000000000e+00
-2.966442956735489966e-01,8.049898430274609051e-01,5.138029918820713471e-01,6.037860957328112788e-01,4.024949215137303415e-01,5.932885913470979933e-01,-6.971416538502287485e-01,-2.945797655661787084e-01,-8.660254037844387076e-01,-7.232316668602640444e-17,-4.999999999999999445e-01,2.148914651165844403e-01,0.000000000000000000e+00,0.000000000000000000e+00,0.000000000000000000e+00,1.000000000000000000e+00
-2.937310380089836470e-01,8.092516970885264005e-01,5.087570815915047895e-01,6.070905187143929016e-01,4.046258485442630892e-01,5.874620760179672940e-01,-7.008325277343333548e-01,-2.899267461880969954e-01,-8.660254037844387076e-01,-7.211828202767038599e-17,-4.999999999999999445e-01,2.150063568060317232e-01,0.000000000000000000e+00,0.000000000000000000e+00,0.000000000000000000e+00,1.000000000000000000e+00
-2.908088854994395067e-01,8.134622108360629600e-01,5.036957649775095636e-01,6.104211190418248334e-01,4.067311054180314245e-01,5.816177709988791245e-01,-7.044789396026835959e-01,-2.853077846226724779e-01,-8.660254037844385966e-01,3.910643695552071785e-17,-4.999999999999999445e-01,2.151209975947101782e-01,0.000000000000000000e+00,0.000000000000000000e+00,0.000000000000000000e+00,1.000000000000000000e+00
-2.878783815340816288e-01,8.176210306622933022e-01,4.986199832177276026e-01,6.137771700333041203e-01,4.088105153311465401e-01,5.757567630681633686e-01,-7.080805832219615459e-01,-2.807234177703207267e-01,-8.660254037844387076e-01,-7.171593412336409696e-17,-4.999999999999999445e-01,2.152353761065084470e-01,0.000000000000000000e+00,0.000000000000000000e+00,0.000000000000000000e+00,1.000000000000000000e+00
-2.849400729109602404e-01,8.217278256198865538e-01,4.935306833941635052e-01,6.171579342285880010e-01,4.108639128099431659e-01,5.698801458219204807e-01,-7.116371719833710641e-01,-2.761741672405650938e-01,-8.660254037844387076e-01,-1.600735255550428037e-17,-4.999999999999998890e-01,2.153494810053642183e-01,0.000000000000000000e+00,0.000000000000000000e+00,0.000000000000000000e+00,1.000000000000000000e+00
-2.819945095665633006e-01,8.257822874688302006e-01,4.884288180247554623e-01,6.205626637829475545e-01,4.128911437344149893e-01,5.639890191331266012e-01,-7.151484389432311017e-01,-2.716605391816588888e-01,-8.660254037844387076e-01,-7.132358931553999178e-17,-4.999999999999998890e-01,2.154633009970438884e-01,0.000000000000000000e+00,0.000000000000000000e+00,0.000000000000000000e+00,1.000000000000000000e+00
-2.790422443045968426e-01,8.297841307073875461e-01,4.833153445936090309e-01,6.239906008662579051e-01,4.148920653536936620e-01,5.580844886091936852e-01,-7.186141368497848125e-01,-2.671830241217576507e-01,-8.660254037844387076e-01,-7.113120443492743508e-17,-4.999999999999999445e-01,2.155768248309226365e-01,0.000000000000000000e+00,0.000000000000000000e+00,0.000000000000000000e+00,1.000000000000000000e+00
-2.760838325242266911e-01,8.337330925871534459e-01,4.781912250802975439e-01,6.274409780668716019e-01,4.168665462935766119e-01,5.521676650484533821e-01,-7.220340381562383447e-01,-2.627420968217482056e-01,-8.660254037844387076e-01,-1.543021054505109598e-17,-4.999999999999999445e-01,2.156900413017646123e-01,0.000000000000000000e+00,0.000000000000000000e+00,0.000000000000000000e+00,1.000000000000000000e+00
-2.731198319480060976e-01,8.376289331122532822e-01,4.730574254886200647e-01,6.309130187999274497e-01,4.188144665561265301e-01,5.462396638960121953e-01,-7.254079350200677290e-01,-2.583382161398131149e-01,-8.660254037844387076e-01,-7.075407287726222355e-17,-4.999999999999998890e-01,2.158029392515024014e-01,0.000000000000000000e+00,0.000000000000000000e+00,0.000000000000000000e+00,1.000000000000000000e+00
-2.701508023497270483e-01,8.414714350227194828e-01,4.679149153752250045e-01,6.344059377197295291e-01,4.207357175113596304e-01,5.403016046994542076e-01,-7.287356392886217282e-01,-2.539718249078237733e-01,-8.660254037844387076e-01,-7.056934818235762029e-17,-4.999999999999999445e-01,2.159155075710172678e-01,0.000000000000000000e+00,0.000000000000000000e+00,0.000000000000000000e+00,1.000000000000000000e+00
-2.671773052824110706e-01,8.452604037621288535e-01,4.627646673784767128e-01,6.379189411358510142e-01,4.226302018810643157e-01,5.343546105648222522e-01,-7.320169824710953677e-01,-2.496433498196088951e-01,-8.660254037844387076e-01,-7.038719704471366924e-17,-4.999999999999999445e-01,2.160277352019193131e-01,0.000000000000000000e+00,0.000000000000000000e+00,0.000000000000000000e+00,1.000000000000000000e+00
-2.641999038066731309e-01,8.489956674295685568e-01,4.576076567479679946e-01,6.414512274325981922e-01,4.244978337147841674e-01,5.283998076133462618e-01,-7.352518156969310992e-01,-2.453532013311601201e-01,-8.660254037844385966e-01,-1.469647649704857733e-17,-4.999999999999999445e-01,2.161396111383269147e-01,0.000000000000000000e+00,0.000000000000000000e+00,0.000000000000000000e+00,1.000000000000000000e+00
-2.612191622196729512e-01,8.526770767160383180e-01,4.524448608750500922e-01,6.450019874914809659e-01,4.263385383580190480e-01,5.224383244393459025e-01,-7.384400096607418584e-01,-2.411017735728075984e-01,-8.660254037844388186e-01,-1.451949617976889493e-17,-4.999999999999998890e-01,2.162511244286470513e-01,0.000000000000000000e+00,0.000000000000000000e+00,0.000000000000000000e+00,1.000000000000000000e+00
-2.582356457848755116e-01,8.563045048253998814e-01,4.472772588247642123e-01,6.485704051163367900e-01,4.281522524126998297e-01,5.164712915697510232e-01,-7.415814545538508273e-01,-2.368894442733877614e-01,-8.660254037844387076e-01,-6.985626218848068740e-17,-4.999999999999999445e-01,2.163622641773552679e-01,0.000000000000000000e+00,0.000000000000000000e+00,0.000000000000000000e+00,1.000000000000000000e+00
-2.552499204628386753e-01,8.598778473799973954e-01,4.421058308695514083e-01,6.521556574607426660e-01,4.299389236899985867e-01,5.104998409256773506e-01,-7.446760599825562599e-01,-2.327165746964211523e-01,-8.660254037844388186e-01,-6.968447707852674251e-17,-4.999999999999998890e-01,2.164730195467753360e-01,0.000000000000000000e+00,0.000000000000000000e+00,0.000000000000000000e+00,1.000000000000000000e+00
-2.522625526432332177e-01,8.633970223111033793e-01,4.369315580250985875e-01,6.557569154573743564e-01,4.316985111555515786e-01,5.045251052864664354e-01,-7.477237548732553751e-01,-2.285835095882888801e-01,-8.660254037844387076e-01,-6.951529602654241829e-17,-4.999999999999999445e-01,2.165833797588594956e-01,0.000000000000000000e+00,0.000000000000000000e+00,0.000000000000000000e+00,1.000000000000000000e+00
-2.492741088783099468e-01,8.668619697343389330e-01,4.317554215886889035e-01,6.593733442489504437e-01,4.334309848671693555e-01,4.985482177566198381e-01,-7.507244873645547711e-01,-2.244905771384007043e-01,-8.660254037844388186e-01,-6.934872191141334229e-17,-4.999999999999998890e-01,2.166933340969681987e-01,0.000000000000000000e+00,0.000000000000000000e+00,0.000000000000000000e+00,1.000000000000000000e+00
-2.462851556180138679e-01,8.702726518102489317e-01,4.265784026804076423e-01,6.630041036204168403e-01,4.351363259051244103e-01,4.925703112360279023e-01,-7.536782246865250112e-01,-2.204380889513202213e-01,-8.660254037844387076e-01,4.183754591027960608e-17,-4.999999999999999445e-01,2.168028719076504074e-01,0.000000000000000000e+00,0.000000000000000000e+00,0.000000000000000000e+00,1.000000000000000000e+00
-2.432962589469485903e-01,8.736290525902152826e-01,4.214014817875490482e-01,6.666483484320232522e-01,4.368145262951075303e-01,4.865925178938972362e-01,-7.565849530272578116e-01,-2.164263400308127361e-01,-8.660254037844387076e-01,-6.902340071572545251e-17,-4.999999999999999445e-01,2.169119826024228648e-01,0.000000000000000000e+00,0.000000000000000000e+00,0.000000000000000000e+00,1.000000000000000000e+00
-2.403079843233860147e-01,8.769311778479113029e-01,4.162256383125698678e-01,6.703052290529432078e-01,4.384655889239555404e-01,4.806159686467720293e-01,-7.594446773869008016e-01,-2.124556087757593081e-01,-8.660254037844387076e-01,-6.886465412431759239e-17,-4.999999999999998890e-01,2.170206556595508096e-01,0.000000000000000000e+00,0.000000000000000000e+00,0.000000000000000000e+00,1.000000000000000000e+00
-2.373208963205070132e-01,8.801790548965162664e-01,4.110518501249040280e-01,6.739738917951104691e-01,4.400895274482580222e-01,4.746417926410140264e-01,-7.622574214193611475e-01,-2.085261569878661403e-01,-8.660254037844387076e-01,-6.870851546495686815e-17,-4.999999999999998890e-01,2.171288806258275528e-01,0.000000000000000000e+00,0.000000000000000000e+00,0.000000000000000000e+00,1.000000000000000000e+00
-2.343355583700710842e-01,8.833727323919094987e-01,4.058810931169852809e-01,6.776534793469161100e-01,4.416863661959545828e-01,4.686711167401420575e-01,-7.650232272618663343e-01,-2.046382298911033626e-01,-8.660254037844387076e-01,-1.240661336298150871e-16,-4.999999999999998335e-01,2.172366471183543035e-01,0.000000000000000000e+00,0.000000000000000000e+00,0.000000000000000000e+00,1.000000000000000000e+00
-2.313525325086799311e-01,8.865122801220978177e-01,4.007143407647640321e-01,6.813431312064556211e-01,4.432561400610488533e-01,4.627050650173599733e-01,-7.677421553526031506e-01,-2.007920561627665190e-01,-8.660254037844387076e-01,4.261825089239019429e-17,-4.999999999999998890e-01,2.173439448263204954e-01,0.000000000000000000e+00,0.000000000000000000e+00,0.000000000000000000e+00,1.000000000000000000e+00
-2.283723791268279235e-01,8.895977887831160169e-01,3.955525636930482536e-01,6.850419841139790966e-01,4.447988943915578974e-01,4.567447582536559025e-01,-7.704142842366418220e-01,-1.969878479760769352e-01,-8.660254037844385966e-01,-1.274456738827634983e-17,-4.999999999999999445e-01,2.174507635127833072e-01,0.000000000000000000e+00,0.000000000000000000e+00,0.000000000000000000e+00,1.000000000000000000e+00
-2.253956567208912076e-01,8.926293697416820550e-01,3.903967292459371574e-01,6.887491724832426332e-01,4.463146848708409165e-01,4.507913134417824708e-01,-7.730397103603892095e-01,-1.932258010541839655e-01,-8.660254037844387076e-01,-1.259882696167451357e-17,-4.999999999999999445e-01,2.175570930164479888e-01,0.000000000000000000e+00,0.000000000000000000e+00,0.000000000000000000e+00,1.000000000000000000e+00
-2.224229216482386529e-01,8.956071547848677428e-01,3.852478010626609883e-01,6.924638288314250989e-01,4.478035773924337604e-01,4.448458432964773612e-01,-7.756185478547973355e-01,-1.895060947354684222e-01,-8.660254037844387076e-01,-1.245567272352158608e-17,-4.999999999999999445e-01,2.176629232534476599e-01,0.000000000000000000e+00,0.000000000000000000e+00,0.000000000000000000e+00,1.000000000000000000e+00
-2.194547278856062711e-01,8.985312958570880193e-01,3.801067386590726294e-01,6.961850842073185053e-01,4.492656479285439541e-01,4.389094557712126532e-01,-7.781509283075895844e-01,-1.858288920499868713e-01,-8.660254037844385966e-01,-1.231509736923155438e-17,-4.999999999999998890e-01,2.177682442191230805e-01,0.000000000000000000e+00,0.000000000000000000e+00,0.000000000000000000e+00,1.000000000000000000e+00
-2.164916267909001990e-01,9.014019647847003602e-01,3.749744970150787893e-01,6.999120686174745698e-01,4.507009823923501246e-01,4.329832535818004535e-01,-7.806370005247564858e-01,-1.821943398069245657e-01,-8.660254037844387076e-01,4.333405859284525296e-17,-4.999999999999999445e-01,2.178730459898029492e-01,0.000000000000000000e+00,0.000000000000000000e+00,0.000000000000000000e+00,1.000000000000000000e+00
-2.135341668685666328e-01,9.042193529885258485e-01,3.698520261682483046e-01,7.036439114500185887e-01,4.521096764942628687e-01,4.270683337371333765e-01,-7.830769302815919763e-01,-1.786025686928887080e-01,-8.660254037844385966e-01,-1.204164932868723301e-17,-4.999999999999998890e-01,2.179773187245836741e-01,0.000000000000000000e+00,0.000000000000000000e+00,0.000000000000000000e+00,1.000000000000000000e+00
-2.105828935386714618e-01,9.069836711846153143e-01,3.647402708138468008e-01,7.073797418958390759e-01,4.534918355923075461e-01,4.211657870773428680e-01,-7.854709000635490268e-01,-1.750536933808739537e-01,-8.660254037844387076e-01,-1.190875731007795386e-17,-4.999999999999998890e-01,2.180810526671091987e-01,0.000000000000000000e+00,0.000000000000000000e+00,0.000000000000000000e+00,1.000000000000000000e+00
-2.076383489098256596e-01,9.096951490735816215e-01,3.596401699115319706e-01,7.111186893668660636e-01,4.548475745367906997e-01,4.152766978196513747e-01,-7.878191087971936346e-01,-1.715478126497264055e-01,-8.660254037844387076e-01,-1.177840553994204761e-17,-4.999999999999999445e-01,2.181842381473513282e-01,0.000000000000000000e+00,0.000000000000000000e+00,0.000000000000000000e+00,1.000000000000000000e+00
-2.047010715560776406e-01,9.123540350188484860e-01,3.545526562989188557e-01,7.148598839111715009e-01,4.561770175094241320e-01,4.094021431121552812e-01,-7.901217715715601608e-01,-1.680850095139022615e-01,-8.660254037844387076e-01,-1.165058207843959965e-17,-4.999999999999998890e-01,2.182868655833892224e-01,0.000000000000000000e+00,0.000000000000000000e+00,0.000000000000000000e+00,1.000000000000000000e+00
-2.017715962978979816e-01,9.149605957141500046e-01,3.494786563122357359e-01,7.186024566246156375e-01,4.574802978570748913e-01,4.035431925957959631e-01,-7.923791193501973362e-01,-1.646653513633362653e-01,-8.660254037844387076e-01,-6.703642533577596068e-17,-4.999999999999998890e-01,2.183889254831895277e-01,0.000000000000000000e+00,0.000000000000000000e+00,0.000000000000000000e+00,1.000000000000000000e+00
-1.988504539873668653e-01,9.175151158406450458e-01,3.444190894142567516e-01,7.223455400587883712e-01,4.587575579203224119e-01,3.977009079747337861e-01,-7.945913986742206836e-01,-1.612888901131994679e-01,-8.660254037844387076e-01,-6.691361916365430348e-17,-4.999999999999999445e-01,2.184904084463865359e-01,0.000000000000000000e+00,0.000000000000000000e+00,0.000000000000000000e+00,1.000000000000000000e+00
-1.959381712976709655e-01,9.200178977140054393e-01,3.393748678297000554e-01,7.260882686249922058e-01,4.600089488570026086e-01,3.918763425953419866e-01,-7.967588713566819969e-01,-1.579556623633312507e-01,-8.660254037844387076e-01,-6.679330025978857960e-17,-4.999999999999999445e-01,2.185913051660619000e-01,0.000000000000000000e+00,0.000000000000000000e+00,0.000000000000000000e+00,1.000000000000000000e+00
-1.930352705170122196e-01,9.224692609218453354e-01,3.343468961882678503e-01,7.298297789940203506e-01,4.612346304609226122e-01,3.860705410340244947e-01,-7.988818141685738450e-01,-1.546656895671217891e-01,-8.660254037844387076e-01,-1.116430202904451247e-17,-5.000000000000000000e-01,2.186916064305247376e-01,0.000000000000000000e+00,0.000000000000000000e+00,0.000000000000000000e+00,1.000000000000000000e+00
-1.901422693470183889e-01,9.248695419518708771e-01,3.293360711754823034e-01,7.335692104915046974e-01,4.624347709759353831e-01,3.802845386940368888e-01,-8.009605185167978370e-01,-1.514189782096058146e-01,-8.660254037844387076e-01,-1.104891075760517722e-17,-4.999999999999999445e-01,2.187913031250911799e-01,0.000000000000000000e+00,0.000000000000000000e+00,0.000000000000000000e+00,1.000000000000000000e+00
-1.872596807057403112e-01,9.272190938111319891e-01,3.243432811914676583e-01,7.373057054886066330e-01,4.636095469055658835e-01,3.745193614114805669e-01,-8.029952901144269406e-01,-1.482155199945209834e-01,-8.660254037844388186e-01,-6.644710947498595313e-17,-4.999999999999999445e-01,2.188903862338649198e-01,0.000000000000000000e+00,0.000000000000000000e+00,0.000000000000000000e+00,1.000000000000000000e+00
-1.843880125353157817e-01,9.295182856367618651e-01,3.193694060178139948e-01,7.410384097878359722e-01,4.647591428183808215e-01,3.687760250706315635e-01,-8.049864486435959199e-01,-1.450552920400861590e-01,-8.660254037844387076e-01,-6.633657797274783269e-17,-4.999999999999998890e-01,2.189888468415167599e-01,0.000000000000000000e+00,0.000000000000000000e+00,0.000000000000000000e+00,1.000000000000000000e+00
-1.815277676143730312e-01,9.317675022985986155e-01,3.144153164926502542e-01,7.447664730037908409e-01,4.658837511492991412e-01,3.630555352287460069e-01,-8.069343274113618403e-01,-1.419382570832374846e-01,-8.660254037844387076e-01,-1.217396002111480434e-16,-4.999999999999998890e-01,2.190866761350648839e-01,0.000000000000000000e+00,0.000000000000000000e+00,0.000000000000000000e+00,1.000000000000000000e+00
-1.786794433752335043e-01,9.339671439940844255e-01,3.094818741940307816e-01,7.484890489386287760e-01,4.669835719970421573e-01,3.573588867504670086e-01,-8.088392729988759244e-01,-1.388643636920532387e-01,-8.660254037844388186e-01,4.489959920522123695e-17,-4.999999999999999445e-01,2.191838654056543489e-01,0.000000000000000000e+00,0.000000000000000000e+00,0.000000000000000000e+00,1.000000000000000000e+00
-1.758435317259764430e-01,9.361176258358466784e-01,3.045699311317408564e-01,7.522052959520737492e-01,4.680588129179231727e-01,3.516870634519527750e-01,-8.107016449042192541e-01,-1.358335464861031294e-01,-8.660254037844387076e-01,-1.215304720800658848e-16,-4.999999999999997780e-01,2.192804060503373287e-01,0.000000000000000000e+00,0.000000000000000000e+00,0.000000000000000000e+00,1.000000000000000000e+00
-1.730205188774061875e-01,9.382193774323639435e-01,2.996803294475975377e-01,7.559143773257998022e-01,4.691096887161818052e-01,3.460410377548123195e-01,-8.125218151792477084e-01,-1.328457263644301500e-01,-8.660254037844387076e-01,-1.214294323326621277e-16,-4.999999999999998890e-01,2.193762895738531615e-01,0.000000000000000000e+00,0.000000000000000000e+00,0.000000000000000000e+00,1.000000000000000000e+00
-1.702108851749824514e-01,9.402728424621206171e-01,2.948139011243416929e-01,7.596154616219963351e-01,4.701364212310601975e-01,3.404217703499647918e-01,-8.143001680607999671e-01,-1.299008107409006518e-01,-8.660254037844387076e-01,-6.581956268565392248e-17,-4.999999999999998335e-01,2.194715075904080381e-01,0.000000000000000000e+00,0.000000000000000000e+00,0.000000000000000000e+00,1.000000000000000000e+00
-1.674151049357212595e-01,9.422784782416744331e-01,2.899714677031444143e-01,7.633077230359994747e-01,4.711392391208371611e-01,3.348302098714425190e-01,-8.160370995966325092e-01,-1.269986937866044441e-01,-8.660254037844387076e-01,-1.021199238523215429e-17,-4.999999999999998890e-01,2.195660518254551608e-01,0.000000000000000000e+00,0.000000000000000000e+00,0.000000000000000000e+00,1.000000000000000000e+00
-1.646336462901297759e-01,9.442367552880293058e-01,2.851538400098282411e-01,7.669903417427978987e-01,4.721183776440145419e-01,3.292672925802595518e-01,-8.177330172664237784e-01,-1.241392566790429086e-01,-8.660254037844387076e-01,-1.011785004298860877e-17,-4.999999999999999445e-01,2.196599141174745973e-01,0.000000000000000000e+00,0.000000000000000000e+00,0.000000000000000000e+00,1.000000000000000000e+00
-1.618669710291607000e-01,9.461481568757503791e-01,2.803618178897858138e-01,7.706625042373214107e-01,4.730740784378750785e-01,3.237339420583214000e-01,-8.193883395982242135e-01,-1.213223678577675102e-01,-8.660254037844387076e-01,-6.553711242594938349e-17,-4.999999999999999445e-01,2.197530864197531630e-01,0.000000000000000000e+00,0.000000000000000000e+00,0.000000000000000000e+00,1.000000000000000000e+00
-1.591155344562343310e-01,9.480131785892154106e-01,2.755961899516741198e-01,7.743234036683448451e-01,4.740065892946075388e-01,3.182310689124686620e-01,-8.210034957806945366e-01,-1.185478832862056908e-01,-8.660254037844387076e-01,-1.209586044781000055e-16,-4.999999999999998890e-01,2.198455608021645247e-01,0.000000000000000000e+00,0.000000000000000000e+00,0.000000000000000000e+00,1.000000000000000000e+00
-1.563797852443090663e-01,9.498323278704379202e-01,2.708577333198530779e-01,7.779722401659270314e-01,4.749161639352187936e-01,3.127595704886181327e-01,-8.225789252715093314e-01,-1.158156467193260930e-01,-8.660254037844387076e-01,-6.535999934212337490e-17,-4.999999999999998890e-01,2.199373294529491929e-01,0.000000000000000000e+00,0.000000000000000000e+00,0.000000000000000000e+00,1.000000000000000000e+00
-1.536601652980167931e-01,9.516061235628661130e-01,2.661472133955970487e-01,7.816082211622583653e-01,4.758030617814328900e-01,3.073203305960335863e-01,-8.241150774022756309e-01,-1.131254899768586730e-01,-8.660254037844388186e-01,-1.207858770001360088e-16,-4.999999999999998890e-01,2.200283846804942933e-01,0.000000000000000000e+00,0.000000000000000000e+00,0.000000000000000000e+00,1.000000000000000000e+00
-1.509571096208531527e-01,9.533350954515787956e-01,2.614653836270622866e-01,7.852305617058256137e-01,4.766675477257892868e-01,3.019142192417062498e-01,-8.256124109803298916e-01,-1.104772332217422992e-01,-8.660254037844387076e-01,-9.680455826925344253e-18,-4.999999999999999445e-01,2.201187189151134760e-01,0.000000000000000000e+00,0.000000000000000000e+00,0.000000000000000000e+00,1.000000000000000000e+00
-1.482710461874090502e-01,9.550197838002965067e-01,2.568129852879840191e-01,7.888384847688123536e-01,4.775098919001480868e-01,2.965420923748179893e-01,-8.270713938877791715e-01,-1.078706852434819785e-01,-8.660254037844387076e-01,-1.206217684686217487e-16,-4.999999999999998890e-01,2.202083247108271580e-01,0.000000000000000000e+00,0.000000000000000000e+00,0.000000000000000000e+00,1.000000000000000000e+00
-1.456023958206265345e-01,9.566607388856168681e-01,2.521907472650794513e-01,7.924312215476559951e-01,4.783303694428083785e-01,2.912047916412531245e-01,-8.284925026781357893e-01,-1.053056437461005190e-01,-8.660254037844388186e-01,4.599057261012927607e-17,-4.999999999999999445e-01,2.202971947471420444e-01,0.000000000000000000e+00,0.000000000000000000e+00,0.000000000000000000e+00,1.000000000000000000e+00
-1.429515720740541784e-01,9.582585205288945973e-01,2.475993858541060966e-01,7.960080117566949998e-01,4.791292602644471876e-01,2.859031441481083569e-01,-8.298762221709148346e-01,-1.027818956403558914e-01,-8.660254037844387076e-01,-6.495491799036108102e-17,-4.999999999999999445e-01,2.203853218308315376e-01,0.000000000000000000e+00,0.000000000000000000e+00,0.000000000000000000e+00,1.000000000000000000e+00
-1.403189811190609371e-01,9.598136976261771869e-01,2.430396045645113745e-01,7.995681039148644365e-01,4.799068488130884269e-01,2.806379622381217631e-01,-8.312230450445452501e-01,-1.002992173398974396e-01,-8.660254037844387076e-01,-1.203913055333990805e-16,-4.999999999999998335e-01,2.204726988977155078e-01,0.000000000000000000e+00,0.000000000000000000e+00,0.000000000000000000e+00,1.000000000000000000e+00
-1.377050216369926361e-01,9.613268476765961523e-01,2.385120939326427492e-01,8.031107556253620494e-01,4.806634238382979651e-01,2.754100432739852167e-01,-8.325334714279457593e-01,-9.785737506104907890e-02,-8.660254037844388186e-01,-9.296259793737062832e-18,-4.999999999999998890e-01,2.205593190144400917e-01,0.000000000000000000e+00,0.000000000000000000e+00,0.000000000000000000e+00,1.000000000000000000e+00
-1.351100847162039209e-01,9.627985563096368438e-01,2.340175313434003646e-01,8.066352338482850604e-01,4.813992781548182553e-01,2.702201694324077863e-01,-8.338080084911279055e-01,-9.545612512587431375e-02,-8.660254037844388186e-01,-1.202478112365885572e-16,-4.999999999999999445e-01,2.206451753802579074e-01,0.000000000000000000e+00,0.000000000000000000e+00,0.000000000000000000e+00,1.000000000000000000e+00
-1.325345537539249496e-01,9.642294168116797293e-01,2.295565808602665625e-01,8.101408151661928514e-01,4.821147084058397536e-01,2.650691075078498438e-01,-8.350471700351687065e-01,-9.309521426820244194e-02,-8.660254037844387076e-01,-9.156721490201707639e-18,-4.999999999999999445e-01,2.207302613288076865e-01,0.000000000000000000e+00,0.000000000000000000e+00,0.000000000000000000e+00,1.000000000000000000e+00
-1.299788043629140077e-01,9.656200296522174931e-01,2.251298930636222440e-01,8.136267860425745457e-01,4.828100148261086355e-01,2.599576087258279600e-01,-8.362514760819033111e-01,-9.077437994229387019e-02,-8.660254037844388186e-01,-6.460102030637053177e-17,-4.999999999999999445e-01,2.208145703298946549e-01,0.000000000000000000e+00,0.000000000000000000e+00,0.000000000000000000e+00,1.000000000000000000e+00
-1.274432042828302913e-01,9.669710020101425219e-01,2.207381048972416326e-01,8.170924430732189325e-01,4.834855010050711499e-01,2.548864085656605827e-01,-8.374214524636769408e-01,-8.849335063380803224e-02,-8.660254037844387076e-01,-9.024922339247068949e-18,-4.999999999999999445e-01,2.208980959912696940e-01,0.000000000000000000e+00,0.000000000000000000e+00,0.000000000000000000e+00,1.000000000000000000e+00
-1.249281132962515445e-01,9.682829473005067911e-01,2.163818395228286062e-01,8.205370932304961729e-01,4.841414736502532290e-01,2.498562265925029502e-01,-8.385576304135078374e-01,-8.625184617274550547e-02,-8.660254037844387076e-01,-1.199841542557640396e-16,-4.999999999999998890e-01,2.209808320604105814e-01,0.000000000000000000e+00,0.000000000000000000e+00,0.000000000000000000e+00,1.000000000000000000e+00
-1.224338831492847585e-01,9.695564847021287402e-01,2.120617061825122995e-01,8.239600541005407397e-01,4.847782423510642591e-01,2.448677662985696557e-01,-8.396605461559819572e-01,-8.404957804804569221e-02,-8.660254037844385966e-01,-8.900627670672569702e-18,-4.999999999999999445e-01,2.210627724263007909e-01,0.000000000000000000e+00,0.000000000000000000e+00,0.000000000000000000e+00,1.000000000000000000e+00
-1.199608574766755503e-01,9.707922386864467068e-01,2.077783000691308113e-01,8.273606541133750047e-01,4.853961193432232424e-01,2.399217149533510174e-01,-8.407307404992292454e-01,-8.188624972350277975e-02,-8.660254037844387076e-01,-6.435237118189555986e-17,-4.999999999999998890e-01,2.211439111212098463e-01,0.000000000000000000e+00,0.000000000000000000e+00,0.000000000000000000e+00,1.000000000000000000e+00
-1.175093717313464431e-01,9.719908385479859581e-01,2.035322022041899936e-01,8.307382327659840193e-01,4.859954192739929235e-01,2.350187434626929139e-01,-8.417687584282946833e-01,-7.976155695468356566e-02,-8.660254037844387076e-01,-8.783598380396624254e-18,-4.999999999999999445e-01,2.212242423224732857e-01,0.000000000000000000e+00,0.000000000000000000e+00,0.000000000000000000e+00,1.000000000000000000e+00
-1.150797531182731481e-01,9.731529179368210158e-01,1.993239793233322343e-01,8.340921408383850100e-01,4.865764589684104524e-01,2.301595062365464628e-01,-8.427751487002400621e-01,-7.767518810652074279e-02,-8.660254037844387076e-01,4.678341873344482938e-17,-5.000000000000000000e-01,2.213037603542726273e-01,0.000000000000000000e+00,0.000000000000000000e+00,0.000000000000000000e+00,1.000000000000000000e+00
-1.126723205326082555e-01,9.742791143934004250e-01,1.951541837691636305e-01,8.374217406027374411e-01,4.871395571967002125e-01,2.253446410652165666e-01,-8.437504634412898996e-01,-7.562682447125357310e-02,-8.660254037844387076e-01,4.683755957753332198e-17,-4.999999999999999445e-01,2.213824596894152230e-01,0.000000000000000000e+00,0.000000000000000000e+00,0.000000000000000000e+00,1.000000000000000000e+00
-1.102873845019616411e-01,9.753700688860951207e-01,1.910233533912820969e-01,8.407264060255337235e-01,4.876850344430475048e-01,2.205747690039233655e-01,-8.446952577463362477e-01,-7.361614058640941760e-02,-8.660254037844387076e-01,4.689000619708318094e-17,-5.000000000000000000e-01,2.214603349511145014e-01,0.000000000000000000e+00,0.000000000000000000e+00,0.000000000000000000e+00,1.000000000000000000e+00
-1.079252471327398627e-01,9.764264253518276648e-01,1.869320114533326305e-01,8.440055229629335187e-01,4.882132126759136659e-01,2.158504942654796421e-01,-8.456100892811126979e-01,-7.164280455249905089e-02,-8.660254037844388186e-01,-1.195926641450121886e-16,-4.999999999999998890e-01,2.215373809147691830e-01,0.000000000000000000e+00,0.000000000000000000e+00,0.000000000000000000e+00,1.000000000000000000e+00
-1.055862020604329959e-01,9.774488302401378448e-01,1.828806665469035198e-01,8.472584893493162461e-01,4.887244151200688114e-01,2.111724041208659086e-01,-8.464955178873426744e-01,-6.970647835011312132e-02,-8.660254037844388186e-01,-6.403236175248945364e-17,-4.999999999999998890e-01,2.216135925097445503e-01,0.000000000000000000e+00,0.000000000000000000e+00,0.000000000000000000e+00,1.000000000000000000e+00
-1.032705344037577605e-01,9.784379320610220310e-01,1.788698125120982141e-01,8.504847153791077474e-01,4.892189660305109600e-01,2.065410688075156598e-01,-8.473521051911577784e-01,-6.780681815611233620e-02,-8.660254037844387076e-01,-8.473660373866777152e-18,-4.999999999999999445e-01,2.216889648211509134e-01,0.000000000000000000e+00,0.000000000000000000e+00,0.000000000000000000e+00,1.000000000000000000e+00
-1.009785207225337711e-01,9.793943809368907960e-01,1.748999283645752134e-01,8.536836236819766999e-01,4.896971904684452870e-01,2.019570414450675422e-01,-8.481804142150811687e-01,-6.594347465859884405e-02,-8.660254037844388186e-01,-8.427679986373550273e-18,-4.999999999999999445e-01,2.217634930916244085e-01,0.000000000000000000e+00,0.000000000000000000e+00,0.000000000000000000e+00,1.000000000000000000e+00
-9.871042897919060644e-02,9.803188281589703124e-01,1.709714782288773993e-01,8.568546494914714984e-01,4.901594140794850452e-01,1.974208579583812684e-01,-8.489810089938599758e-01,-6.411609337036749956e-02,-8.660254037844387076e-01,-8.383238048533804512e-18,-4.999999999999998890e-01,2.218371727231068791e-01,0.000000000000000000e+00,0.000000000000000000e+00,0.000000000000000000e+00,1.000000000000000000e+00
-9.646651850378991366e-02,9.812119257484754886e-01,1.670849112778475531e-01,8.599972408071963059e-01,4.906059628742376888e-01,1.929330370075799106e-01,-8.497544541944300756e-01,-6.232431494053813914e-02,-8.660254037844387076e-01,4.717084801622195986e-17,-5.000000000000000000e-01,2.219099992786257025e-01,0.000000000000000000e+00,0.000000000000000000e+00,0.000000000000000000e+00,1.000000000000000000e+00
-9.424703996243166682e-02,9.820743260228724791e-01,1.632406616779059627e-01,8.631108585506344077e-01,4.910371630114360730e-01,1.884940799248633336e-01,-8.505013147402886720e-01,-6.056777546406133528e-02,-8.660254037844387076e-01,-1.193211465888417172e-16,-4.999999999999998890e-01,2.219819684840736995e-01,0.000000000000000000e+00,0.000000000000000000e+00,0.000000000000000000e+00,1.000000000000000000e+00
-9.205223532894479810e-02,9.829066811675349902e-01,1.594391485400191433e-01,8.661949767146992496e-01,4.914533405837674396e-01,1.841044706578895962e-01,-8.512221554405370316e-01,-5.884610678882074009e-02,-8.660254037844388186e-01,-8.258829429200918358e-18,-4.999999999999999445e-01,2.220530762299892380e-01,0.000000000000000000e+00,0.000000000000000000e+00,0.000000000000000000e+00,1.000000000000000000e+00
-8.988233785972538081e-02,9.837096428131020254e-01,1.556807758761161176e-01,8.692490825071363947e-01,4.918548214065509017e-01,1.797646757194508726e-01,-8.519175406238626014e-01,-5.715893682003625464e-02,-8.660254037844387076e-01,-8.220227797125356707e-18,-5.000000000000000000e-01,2.221233185733360593e-01,0.000000000000000000e+00,0.000000000000000000e+00,0.000000000000000000e+00,1.000000000000000000e+00
-8.773757207159625648e-02,9.844838616188311686e-01,1.519659325607407574e-01,8.722726764878978578e-01,4.922419308094154178e-01,1.754751441431924297e-01,-8.525880337777117512e-01,-5.550588982167470320e-02,-8.660254037844387076e-01,-1.192053104127781737e-16,-4.999999999999998890e-01,2.221926917392831879e-01,0.000000000000000000e+00,0.000000000000000000e+00,0.000000000000000000e+00,1.000000000000000000e+00
-8.561815372257647327e-02,9.852299868622295120e-01,1.482949922977450652e-01,8.752652727005778566e-01,4.926149934311147560e-01,1.712363074451530576e-01,-8.532341971928995017e-01,-5.388658671461588057e-02,-8.660254037844387076e-01,4.736401255605590675e-17,-5.000000000000000000e-01,2.222611921229850629e-01,0.000000000000000000e+00,0.000000000000000000e+00,0.000000000000000000e+00,1.000000000000000000e+00
-8.352428979541472176e-02,9.859486660352486664e-01,1.446683135917649632e-01,8.782263987980658548e-01,4.929743330176242222e-01,1.670485795908294158e-01,-8.538565916139049250e-01,-5.230064537127065982e-02,-8.660254037844388186e-01,-6.362374007562982409e-17,-4.999999999999999445e-01,2.223288162913612531e-01,0.000000000000000000e+00,0.000000000000000000e+00,0.000000000000000000e+00,1.000000000000000000e+00
-8.145617848376626724e-02,9.866405444473095310e-01,1.410862397242818311e-01,8.811555961625233691e-01,4.933202722236545990e-01,1.629123569675324790e-01,-8.544557758950797055e-01,-5.074768090640069396e-02,-8.660254037844387076e-01,-1.191016298976399777e-16,-4.999999999999998335e-01,2.223955609848767279e-01,0.000000000000000000e+00,0.000000000000000000e+00,0.000000000000000000e+00,1.000000000000000000e+00
-7.941400918088858951e-02,9.873062648354212767e-01,1.375490987340401983e-01,8.840524200198118798e-01,4.936531324177104718e-01,1.588280183617770680e-01,-8.550323066630016733e-01,-4.922730596387825397e-02,-8.660254037844388186e-01,-6.355847477973454877e-17,-4.999999999999998890e-01,2.224614231193216274e-01,0.000000000000000000e+00,0.000000000000000000e+00,0.000000000000000000e+00,1.000000000000000000e+00
-7.739796247070689084e-02,9.879464669816540034e-01,1.340572034015736491e-01,8.869164395485262808e-01,4.939732334908269462e-01,1.547959249414139205e-01,-8.555867379851964660e-01,-4.773913099911264446e-02,-8.660254037844388186e-01,4.749460480375480664e-17,-5.000000000000000000e-01,2.225263997875910893e-01,0.000000000000000000e+00,0.000000000000000000e+00,0.000000000000000000e+00,1.000000000000000000e+00
-7.540821012113836652e-02,9.885617873382043230e-01,1.306108512376411290e-01,8.897472379837415568e-01,4.942808936691020505e-01,1.508164202422765943e-01,-8.561196210454348199e-01,-4.628276455691593405e-02,-8.660254037844388186e-01,-6.349811670661538682e-17,-4.999999999999998890e-01,2.225904882614651026e-01,0.000000000000000000e+00,0.000000000000000000e+00,0.000000000000000000e+00,1.000000000000000000e+00
-7.344491507952467801e-02,9.891528586603011153e-01,1.272103244753182705e-01,8.925444127156378915e-01,4.945764293301505021e-01,1.468898301590493283e-01,-8.566315038258190961e-01,-4.485781354453632908e-02,-8.660254037844388186e-01,-7.958550272922965344e-18,-4.999999999999999445e-01,2.226536859933893053e-01,0.000000000000000000e+00,0.000000000000000000e+00,0.000000000000000000e+00,1.000000000000000000e+00
-7.150823147005337665e-02,9.897203096471756112e-01,1.238558900655280653e-01,8.953075753831261085e-01,4.948601548235876391e-01,1.430164629401067256e-01,-8.571229307958549981e-01,-4.346388349964480646e-02,-8.660254037844387076e-01,-1.189535730585858376e-16,-4.999999999999998890e-01,2.227159906182535343e-01,0.000000000000000000e+00,0.000000000000000000e+00,0.000000000000000000e+00,1.000000000000000000e+00
-6.959830459302158989e-02,9.902647645913229546e-01,1.205477996757678277e-01,8.980363519626369806e-01,4.951323822956613663e-01,1.391966091860432631e-01,-8.575944426087025452e-01,-4.210057885301832226e-02,-8.660254037844387076e-01,-7.905096432519878859e-18,-5.000000000000000000e-01,2.227773999551732886e-01,0.000000000000000000e+00,0.000000000000000000e+00,0.000000000000000000e+00,1.000000000000000000e+00
-6.771527092582831087e-02,9.907868430362641865e-01,1.172862896918262510e-01,9.007303828521915356e-01,4.953934215181319822e-01,1.354305418516567050e-01,-8.580465758047899349e-01,-4.076750318571609188e-02,-8.660254037844387076e-01,-7.879997998295199815e-18,-4.999999999999999445e-01,2.228379120092682797e-01,0.000000000000000000e+00,0.000000000000000000e+00,0.000000000000000000e+00,1.000000000000000000e+00
-6.585925812554327408e-02,9.912871594430204825e-01,1.140715812222342362e-01,9.033893229509301070e-01,4.956435797215100747e-01,1.317185162510864371e-01,-8.584798625229710378e-01,-3.946425948050613641e-02,-8.660254037844387076e-01,-6.336709698501358024e-17,-4.999999999999998890e-01,2.228975249734434783e-01,0.000000000000000000e+00,0.000000000000000000e+00,0.000000000000000000e+00,1.000000000000000000e+00
-6.403038503292959871e-02,9.917663228654919338e-01,1.109038801052317086e-01,9.060128417342326879e-01,4.958831614327458004e-01,1.280607700658591419e-01,-8.588948302193956108e-01,-3.819045036734580734e-02,-8.660254037844387076e-01,-6.334406165046126292e-17,-4.999999999999998335e-01,2.229562372301684137e-01,0.000000000000000000e+00,0.000000000000000000e+00,0.000000000000000000e+00,1.000000000000000000e+00
-6.222876167779377299e-02,9.922249366349313870e-01,1.077833769180338575e-01,9.086006233245765840e-01,4.961124683174655825e-01,1.244575233555874627e-01,-8.592920013942555446e-01,-3.694567836269835315e-02,-8.660254037844387076e-01,-6.332201422130892295e-17,-4.999999999999998890e-01,2.230140473532575274e-01,0.000000000000000000e+00,0.000000000000000000e+00,0.000000000000000000e+00,1.000000000000000000e+00
-6.045448928552650536e-02,9.926635980536934190e-01,1.047102469881603659e-01,9.111523665582867970e-01,4.963317990268467095e-01,1.209089785710532050e-01,-8.596718933265635743e-01,-3.572954610249301499e-02,-8.660254037844387076e-01,4.772137647971261688e-17,-5.000000000000000000e-01,2.230709541096498327e-01,0.000000000000000000e+00,0.000000000000000000e+00,0.000000000000000000e+00,1.000000000000000000e+00
-5.870766028471035430e-02,9.930828980984318655e-01,1.016846504066118845e-01,9.136677850483264640e-01,4.965414490492158217e-01,1.174153205694207225e-01,-8.600350178171149995e-01,-3.454165656853114275e-02,-8.660254037844387076e-01,-7.769617293034436516e-18,-4.999999999999999445e-01,2.231269564611887413e-01,0.000000000000000000e+00,0.000000000000000000e+00,0.000000000000000000e+00,1.000000000000000000e+00
-5.698835831565345067e-02,9.934834211329078846e-01,9.870673204265210943e-02,9.161466072432928875e-01,4.967417105664538868e-01,1.139767166313069291e-01,-8.603818809397720813e-01,-3.338161330814570782e-02,-8.660254037844388186e-01,-7.750362521776072918e-18,-4.999999999999999445e-01,2.231820535664025551e-01,0.000000000000000000e+00,0.000000000000000000e+00,0.000000000000000000e+00,1.000000000000000000e+00
-5.529665823975184885e-02,9.938657446305634302e-01,9.577662156002224314e-02,9.185885764827315114e-01,4.969328723152815486e-01,1.105933164795036561e-01,-8.607129828012055617e-01,-3.224902064695323034e-02,-8.660254037844387076e-01,-1.187542851387887359e-16,-4.999999999999998890e-01,2.232362447822840990e-01,0.000000000000000000e+00,0.000000000000000000e+00,0.000000000000000000e+00,1.000000000000000000e+00
-5.363262614952977320e-02,9.942304389070067971e-01,9.289443343433279043e-02,9.209934510489536930e-01,4.971152194535032875e-01,1.072652522990595880e-01,-8.610288173092202069e-01,-3.114348389450971588e-02,-8.660254037844387076e-01,-7.714450339134637132e-18,-4.999999999999999445e-01,2.232895296660706019e-01,0.000000000000000000e+00,0.000000000000000000e+00,0.000000000000000000e+00,1.000000000000000000e+00
-5.199631937924020786e-02,9.945780668625505694e-01,9.006026697142228976e-02,9.233610042155020459e-01,4.972890334312752292e-01,1.039926387584805267e-01,-8.613298719497868294e-01,-3.006460954270695485e-02,-8.660254037844387076e-01,-7.697738449453271379e-18,-4.999999999999999445e-01,2.233419079770236626e-01,0.000000000000000000e+00,0.000000000000000000e+00,0.000000000000000000e+00,1.000000000000000000e+00
-5.038778651592866475e-02,9.949091837349280931e-01,8.727420632652248267e-02,9.256910242923750420e-01,4.974545918674639355e-01,1.007755730318574683e-01,-8.616166275728873725e-01,-2.901200545676807518e-02,-8.660254037844387076e-01,-7.681820314692923564e-18,-4.999999999999999445e-01,2.233933796782091863e-01,0.000000000000000000e+00,0.000000000000000000e+00,0.000000000000000000e+00,1.000000000000000000e+00
-4.880706741080533678e-02,9.952243368623119313e-01,8.453632052395392005e-02,9.279833146682141543e-01,4.976121684311557991e-01,9.761413482161063193e-02,-8.618895581872839662e-01,-2.798528105866870952e-02,-8.660254037844387076e-01,-1.186889720845971620e-16,-4.999999999999998890e-01,2.234439449382773779e-01,0.000000000000000000e+00,0.000000000000000000e+00,0.000000000000000000e+00,1.000000000000000000e+00
-4.725419319084548514e-02,9.955240654567468761e-01,8.184666347721977764e-02,9.302376938495451331e-01,4.977620327283733825e-01,9.450838638169112293e-02,-8.621491307643051050e-01,-2.698404750286242937e-02,-8.660254037844387076e-01,4.785889078175482064e-17,-5.000000000000000000e-01,2.234936041332435952e-01,0.000000000000000000e+00,0.000000000000000000e+00,0.000000000000000000e+00,1.000000000000000000e+00
-4.572918627049034346e-02,9.958089003880992163e-01,7.920527400927039607e-02,9.324539954972397293e-01,4.979044501940494971e-01,9.145837254098065916e-02,-8.623958050507415374e-01,-2.600791784417066932e-02,-8.660254037844387076e-01,-6.314971850714160415e-17,-4.999999999999999445e-01,2.235423578482658158e-01,0.000000000000000000e+00,0.000000000000000000e+00,0.000000000000000000e+00,1.000000000000000000e+00
-4.423206036332689300e-02,9.960793639786239551e-01,7.661217587273576324e-02,9.346320684603537376e-01,4.980396819893119220e-01,8.846412072665388315e-02,-8.626300333909346918e-01,-2.505650719769536572e-02,-8.660254037844388186e-01,-7.625564991068662269e-18,-5.000000000000000000e-01,2.235902068794275721e-01,0.000000000000000000e+00,0.000000000000000000e+00,0.000000000000000000e+00,1.000000000000000000e+00
-4.276282049367150645e-02,9.963359698082290272e-01,7.406737776998671696e-02,9.367717768074356188e-01,4.981679849041144026e-01,8.552564098734305453e-02,-8.628522605581318006e-01,-2.412943289066382668e-02,-8.660254037844387076e-01,-7.613228905182689545e-18,-4.999999999999999445e-01,2.236371522355160013e-01,0.000000000000000000e+00,0.000000000000000000e+00,0.000000000000000000e+00,1.000000000000000000e+00
-4.132146300792032684e-02,9.965792225305223351e-01,7.157087337279596784e-02,9.388729998554889988e-01,4.982896112652611120e-01,8.264292601584077858e-02,-8.630629235951775557e-01,-2.322631460606816578e-02,-8.660254037844387076e-01,4.790961647378342046e-17,-4.999999999999999445e-01,2.236831951398023377e-01,0.000000000000000000e+00,0.000000000000000000e+00,0.000000000000000000e+00,1.000000000000000000e+00
-3.990797558558342034e-02,9.968096176997099933e-01,6.912264134144867345e-02,9.409356321966975134e-01,4.984048088498548856e-01,7.981595117116679905e-02,-8.632624516646033586e-01,-2.234677451800914927e-02,-8.660254037844387076e-01,-6.310160995589546309e-17,-4.999999999999998890e-01,2.237283370318217113e-01,0.000000000000000000e+00,0.000000000000000000e+00,0.000000000000000000e+00,1.000000000000000000e+00
-3.852233724991000613e-02,9.970276416084044024e-01,6.672264534314735485e-02,9.429595837230340116e-01,4.985138208042020902e-01,7.704467449982010940e-02,-8.634512659081650110e-01,-2.149043741865164225e-02,-8.660254037844387076e-01,-7.579977428608663470e-18,-5.000000000000000000e-01,2.237725795691536956e-01,0.000000000000000000e+00,0.000000000000000000e+00,0.000000000000000000e+00,1.000000000000000000e+00
-3.716451837799442798e-02,9.972337711364005486e-01,6.437083406951371600e-02,9.449447796489083284e-01,4.986168855682002188e-01,7.432903675598900861e-02,-8.636297793158798086e-01,-2.065693083669661867e-02,-8.660254037844385966e-01,-7.570067943836200152e-18,-4.999999999999999445e-01,2.238159246292013294e-01,0.000000000000000000e+00,0.000000000000000000e+00,0.000000000000000000e+00,1.000000000000000000e+00
-3.583448071028981496e-02,9.974284736104617188e-01,6.206714125306887070e-02,9.468911605319498825e-01,4.987142368052308039e-01,7.166896142057965768e-02,-8.637983966045964523e-01,-1.984588514729845876e-02,-8.660254037844387076e-01,-7.560707804022045878e-18,-4.999999999999999445e-01,2.238583743109719137e-01,0.000000000000000000e+00,0.000000000000000000e+00,0.000000000000000000e+00,1.000000000000000000e+00
-3.453217735942873401e-02,9.976122066751529349e-01,5.981148568251026809e-02,9.487986822920687624e-01,4.988061033375763564e-01,6.906435471885752353e-02,-8.639575141061341945e-01,-1.905693367334948540e-02,-8.660254037844387076e-01,-7.551875008330644372e-18,-4.999999999999999445e-01,2.238999309368562007e-01,0.000000000000000000e+00,0.000000000000000000e+00,0.000000000000000000e+00,1.000000000000000000e+00
-3.325755281827516563e-02,9.977854181747489726e-01,5.760377121665786332e-02,9.506673162289002166e-01,4.988927090873743198e-01,6.651510563655016472e-02,-8.641075196650119805e-01,-1.828971277807567297e-02,-8.660254037844388186e-01,-6.305469925832407110e-17,-4.999999999999998335e-01,2.239405970544089131e-01,0.000000000000000000e+00,0.000000000000000000e+00,0.000000000000000000e+00,1.000000000000000000e+00
-3.201054296713284897e-02,9.979485460462365065e-01,5.544388679694053218e-02,9.524970490377419052e-01,4.989742730231180867e-01,6.402108593426558691e-02,-8.642487925457854603e-01,-1.754386194888868378e-02,-8.660254037844387076e-01,-6.304685703807459134e-17,-4.999999999999998890e-01,2.239803754381287926e-01,0.000000000000000000e+00,0.000000000000000000e+00,0.000000000000000000e+00,1.000000000000000000e+00
-3.079107508001870108e-02,9.981020182234211502e-01,5.333170645826014467e-02,9.542878828241168065e-01,4.990510091117104086e-01,6.158215016003731890e-02,-8.643817033500015290e-01,-1.681902387244327279e-02,-8.660254037844387076e-01,-1.185506302375792997e-16,-4.999999999999998335e-01,2.240192690912379270e-01,0.000000000000000000e+00,0.000000000000000000e+00,0.000000000000000000e+00,1.000000000000000000e+00
-2.959906782995554847e-02,9.982462525521398344e-01,5.126708933816070957e-02,9.560398351170316111e-01,4.991231262760699172e-01,5.919813565991127735e-02,-8.645066139427696195e-01,-1.611484450087263820e-02,-8.660254037844385966e-01,1.035009086182575315e-16,-5.000000000000000000e-01,2.240572812474621589e-01,0.000000000000000000e+00,0.000000000000000000e+00,0.000000000000000000e+00,1.000000000000000000e+00
-2.843443129319152621e-02,9.983816567165740841e-01,4.924987968413401668e-02,9.577529388810693822e-01,4.991908283582868755e-01,5.686886258638301772e-02,-8.646238773889479701e-01,-1.543097310916496934e-02,-8.660254037844387076e-01,-1.185371868778790593e-16,-4.999999999999998890e-01,2.240944153728106347e-01,0.000000000000000000e+00,0.000000000000000000e+00,0.000000000000000000e+00,1.000000000000000000e+00
-2.729706695229042190e-02,9.985086281766467620e-01,4.727990685897633105e-02,9.594272425274026350e-01,4.992543140883232700e-01,5.459413390458089932e-02,-8.647338378989264385e-01,-1.476706234366020887e-02,-8.660254037844385966e-01,-7.508780380864530453e-18,-4.999999999999998890e-01,2.241306751673567965e-01,0.000000000000000000e+00,0.000000000000000000e+00,0.000000000000000000e+00,1.000000000000000000e+00
-2.618686769805264256e-02,9.986275541164778558e-01,4.535698534411149174e-02,9.610628099238016642e-01,4.993137770582388724e-01,5.237373539610545858e-02,-8.648368307839890967e-01,-1.412276826166780630e-02,-8.660254037844387076e-01,4.800808810401175335e-17,-5.000000000000000000e-01,2.241660645670168484e-01,0.000000000000000000e+00,0.000000000000000000e+00,0.000000000000000000e+00,1.000000000000000000e+00
-2.510371783018192776e-02,9.987388114038676656e-01,4.348091474074768786e-02,9.626597204037603550e-01,4.993694057019336663e-01,5.020743566036378613e-02,-8.649331824212248554e-01,-1.349775036218991975e-02,-8.660254037844387076e-01,-6.300886576819792104e-17,-4.999999999999998335e-01,2.242005877453304707e-01,0.000000000000000000e+00,0.000000000000000000e+00,0.000000000000000000e+00,1.000000000000000000e+00
-2.404749305666185194e-02,9.988427665607632067e-01,4.165147976879802344e-02,9.642180687748165280e-01,4.994213832803814923e-01,4.809498611332363449e-02,-8.650232102279508117e-01,-1.289167160775828158e-02,-8.660254037844388186e-01,-6.300386822100373803e-17,-4.999999999999998890e-01,2.242342491152413408e-01,0.000000000000000000e+00,0.000000000000000000e+00,0.000000000000000000e+00,1.000000000000000000e+00
-2.301806049180657801e-02,9.989397757446552006e-01,3.986845026350284427e-02,9.657379653261264352e-01,4.994698878723274893e-01,4.603612098361309357e-02,-8.651072226456016923e-01,-1.230419843741159536e-02,-8.660254037844387076e-01,-6.299920459498222873e-17,-4.999999999999998890e-01,2.242670533308761260e-01,0.000000000000000000e+00,0.000000000000000000e+00,0.000000000000000000e+00,1.000000000000000000e+00
-2.201527865292348188e-02,9.990301847408499247e-01,3.813158116965002092e-02,9.672195358354023220e-01,4.995150923704248513e-01,4.403055730584704008e-02,-8.651855191330368733e-01,-1.173500077082434423e-02,-8.660254037844385966e-01,-7.483707035569504935e-18,-4.999999999999999445e-01,2.242990052893245323e-01,0.000000000000000000e+00,0.000000000000000000e+00,0.000000000000000000e+00,1.000000000000000000e+00
-2.103899745555161752e-02,9.991143289655399773e-01,3.644061253332777500e-02,9.686629215752875499e-01,4.995571644827699331e-01,4.207799491110331136e-02,-8.652583901692002533e-01,-1.118375200362053956e-02,-8.660254037844388186e-01,-7.479661880460661091e-18,-5.000000000000000000e-01,2.243301101324200464e-01,0.000000000000000000e+00,0.000000000000000000e+00,0.000000000000000000e+00,1.000000000000000000e+00
-2.008905820726782088e-02,9.991925334795992431e-01,3.479526949119651769e-02,9.700682793191983677e-01,4.995962667397995660e-01,4.017811641453572502e-02,-8.653261172650661415e-01,-1.065012899393436019e-02,-8.660254037844387076e-01,4.803524895985823115e-17,-5.000000000000000000e-01,2.243603732485189017e-01,0.000000000000000000e+00,0.000000000000000000e+00,0.000000000000000000e+00,1.000000000000000000e+00
-1.916529359998546053e-02,9.992651130130110193e-01,3.319526225714930501e-02,9.714357813467691116e-01,4.996325565065053986e-01,3.833058719997084474e-02,-8.653889729847956680e-01,-1.013381204023433568e-02,-8.660254037844387076e-01,-6.298356430929376759e-17,-4.999999999999998890e-01,2.243898002742805708e-01,0.000000000000000000e+00,0.000000000000000000e+00,0.000000000000000000e+00,1.000000000000000000e+00
-1.826752770077260182e-02,9.993323719998298271e-01,3.164028610641009265e-02,9.727656154488837359e-01,4.996661859999148025e-01,3.653505540154533549e-02,-8.654472209760134538e-01,-9.634484850513769238e-03,-8.660254037844387076e-01,-7.469179664986533086e-18,-4.999999999999999445e-01,2.244183970964479802e-01,0.000000000000000000e+00,0.000000000000000000e+00,0.000000000000000000e+00,1.000000000000000000e+00
-1.739557594112397382e-02,9.993946046235724356e-01,3.013002135694954620e-02,9.740579849324210171e-01,4.996973023117861068e-01,3.479115188224801702e-02,-8.655011160091187206e-01,-9.151834502882594258e-03,-8.660254037844387076e-01,-7.466187889653212974e-18,-5.000000000000000000e-01,2.244461698536267258e-01,0.000000000000000000e+00,0.000000000000000000e+00,0.000000000000000000e+00,1.000000000000000000e+00
-1.654924510468546578e-02,9.994520948729158638e-01,2.866413334822568923e-02,9.753131086247429637e-01,4.997260474364578209e-01,3.309849020937083441e-02,-8.655509040255200404e-01,-8.685551397655477679e-03,-8.660254037844387076e-01,-7.463424099545254966e-18,-4.999999999999998890e-01,2.244731249380654547e-01,0.000000000000000000e+00,0.000000000000000000e+00,0.000000000000000000e+00,1.000000000000000000e+00
-1.572833331343602772e-02,9.995051166075767934e-01,2.724227241724928861e-02,9.765312208779518555e-01,4.997525583037882857e-01,3.145666662687196524e-02,-8.655968221946891417e-01,-8.235329201035090918e-03,-8.660254037844387076e-01,-7.460875129112246503e-18,-4.999999999999998890e-01,2.244992689974360522e-01,0.000000000000000000e+00,0.000000000000000000e+00,0.000000000000000000e+00,1.000000000000000000e+00
-1.493263001228502945e-02,9.995539336342309511e-01,2.586407387190551091e-02,9.777125715730148325e-01,4.997769668171153645e-01,2.986526002457001727e-02,-8.656390989799088720e-01,-7.800864780469041193e-03,-8.660254037844387076e-01,-7.458528296094342647e-18,-4.999999999999999445e-01,2.245246089366128850e-01,0.000000000000000000e+00,0.000000000000000000e+00,0.000000000000000000e+00,1.000000000000000000e+00
-1.416191595209753684e-02,9.995987997923281299e-01,2.452915796155294079e-02,9.788574261237719121e-01,4.997993998961638984e-01,2.832383190419496266e-02,-8.656779542125913052e-01,-7.381858131802365719e-03,-8.660254037844388186e-01,-1.184786738599124303e-16,-4.999999999999998890e-01,2.245491519194536545e-01,0.000000000000000000e+00,0.000000000000000000e+00,0.000000000000000000e+00,1.000000000000000000e+00
-1.341596317115454837e-02,9.996399590496375387e-01,2.323712984491243735e-02,9.799660654808588500e-01,4.998199795248186028e-01,2.683192634230902041e-02,-8.657135991750221082e-01,-6.978012298348934550e-03,-8.660254037844387076e-01,-6.296554393575448676e-17,-4.999999999999998890e-01,2.245729053705785572e-01,0.000000000000000000e+00,0.000000000000000000e+00,0.000000000000000000e+00,1.000000000000000000e+00
-1.269453497502963379e-02,9.996776456073582784e-01,2.198757955521154009e-02,9.810387861356160144e-01,4.998388228036790837e-01,2.538906995005929534e-02,-8.657462366913893925e-01,-6.589033281995892999e-03,-8.660254037844388186e-01,4.805857027286805042e-17,-5.000000000000000000e-01,2.245958769771506103e-01,0.000000000000000000e+00,0.000000000000000000e+00,0.000000000000000000e+00,1.000000000000000000e+00
-1.199738591489082039e-02,9.997120840146109799e-01,2.078008196260218779e-02,9.820759001240111363e-01,4.998560420073054344e-01,2.399477182978171363e-02,-8.657760612269361777e-01,-6.214629946486915912e-03,-8.660254037844387076e-01,-7.450925364086636985e-18,-5.000000000000000000e-01,2.246180746906553671e-01,0.000000000000000000e+00,0.000000000000000000e+00,0.000000000000000000e+00,1.000000000000000000e+00
-1.132426176427597797e-02,9.997434892921167604e-01,1.961419673393556204e-02,9.830777350305570650e-01,4.998717446460582692e-01,2.264852352855195594e-02,-8.658032589950690472e-01,-5.854513913050363172e-03,-8.660254037844387076e-01,-7.449415584666660584e-18,-4.999999999999999445e-01,2.246395067286812153e-01,0.000000000000000000e+00,0.000000000000000000e+00,0.000000000000000000e+00,1.000000000000000000e+00
-1.067489949427412148e-02,9.997720670648629904e-01,1.848946828977394638e-02,9.840446339923731855e-01,4.998860335324313842e-01,2.134979898854816316e-02,-8.658280080722509098e-01,-5.508399448489798012e-03,-8.660254037844387076e-01,-6.295919296615821116e-17,-4.999999999999998335e-01,2.246601815766995913e-01,0.000000000000000000e+00,0.000000000000000000e+00,0.000000000000000000e+00,1.000000000000000000e+00
-1.004902724722404016e-02,9.997980137035372694e-01,1.740542575883607251e-02,9.849769557032796996e-01,4.998990068517685237e-01,2.009805449444812542e-02,-8.658504785204855780e-01,-5.176003345958912760e-03,-8.660254037844387076e-01,-7.446794374450195318e-18,-4.999999999999999445e-01,2.246801079898437803e-01,0.000000000000000000e+00,0.000000000000000000e+00,0.000000000000000000e+00,1.000000000000000000e+00
-9.446364308878895180e-03,9.998215164745035688e-01,1.636158292978339215e-02,9.858750744180557746e-01,4.999107582372516734e-01,1.889272861775770362e-02,-8.658708325172017606e-01,-4.857044798561749310e-03,-8.660254037844387076e-01,-7.445664500660322783e-18,-4.999999999999998890e-01,2.246992949946897133e-01,0.000000000000000000e+00,0.000000000000000000e+00,0.000000000000000000e+00,1.000000000000000000e+00
-8.866621079081104390e-03,9.998427536980802888e-01,1.535743820042960797e-02,9.867393799568584534e-01,4.999213768490400889e-01,1.773324215816218796e-02,-8.658892244923250825e-01,-4.551245265980274901e-03,-8.660254037844387076e-01,-7.444643540947810529e-18,-4.999999999999999445e-01,2.247177518910360994e-01,0.000000000000000000e+00,0.000000000000000000e+00,0.000000000000000000e+00,1.000000000000000000e+00
-8.309499040987721602e-03,9.998618949148683210e-01,1.439247452443564133e-02,9.875702777098014362e-01,4.999309474574341050e-01,1.661899808197553341e-02,-8.659058012723228615e-01,-4.258328334342253996e-03,-8.660254037844385966e-01,-7.443723344806426531e-18,-4.999999999999999445e-01,2.247354882536841125e-01,0.000000000000000000e+00,0.000000000000000000e+00,0.000000000000000000e+00,1.000000000000000000e+00
-7.774690728864123469e-03,9.998791010598642170e-01,1.346615935552744267e-02,9.883681886417379214e-01,4.999395505299320530e-01,1.554938145772832847e-02,-8.659207022309904911e-01,-3.978019569533697286e-03,-8.660254037844387076e-01,-7.442896175436337020e-18,-5.000000000000000000e-01,2.247525139342167189e-01,0.000000000000000000e+00,0.000000000000000000e+00,0.000000000000000000e+00,1.000000000000000000e+00
-7.261879694458905042e-03,9.998945246440810175e-01,1.257794458925560674e-02,9.891335492972913590e-01,4.999472623220404532e-01,1.452375938891792284e-02,-8.659340594467396235e-01,-3.710046364168606559e-03,-8.660254037844387076e-01,-7.442154701012858393e-18,-4.999999999999999445e-01,2.247688390627798904e-01,0.000000000000000000e+00,0.000000000000000000e+00,0.000000000000000000e+00,1.000000000000000000e+00
-6.770740472022007336e-03,9.999083099433878630e-01,1.172726650240476370e-02,9.898668118061203502e-01,4.999541549716937650e-01,1.354148094404383773e-02,-8.659459978661381285e-01,-3.454137778469701381e-03,-8.660254037844388186e-01,-6.295264321686599282e-17,-4.999999999999998335e-01,2.247844740498613214e-01,0.000000000000000000e+00,0.000000000000000000e+00,0.000000000000000000e+00,1.000000000000000000e+00
-6.300938541995475262e-03,9.999205931942596326e-01,1.091354569010493693e-02,9.905684438884421184e-01,4.999602965971296498e-01,1.260187708399085338e-02,-8.659566354734341553e-01,-3.210024375302822364e-03,-8.660254037844387076e-01,-6.295205271103865051e-17,-4.999999999999998335e-01,2.247994295880712812e-01,0.000000000000000000e+00,0.000000000000000000e+00,0.000000000000000000e+00,1.000000000000000000e+00
-5.852130293396116956e-03,9.999315027961247493e-01,1.013618700067510196e-02,9.912389288608747240e-01,4.999657513980623191e-01,1.170426058679230330e-02,-8.659660834657945117e-01,-2.977438049604264059e-03,-8.660254037844387076e-01,-7.440377010848069813e-18,-5.000000000000000000e-01,2.248137166539222187e-01,0.000000000000000000e+00,0.000000000000000000e+00,0.000000000000000000e+00,1.000000000000000000e+00
-5.423962984949141398e-03,9.999411595199746428e-01,9.394579468305028561e-03,9.918787656425828159e-01,4.999705797599873214e-01,1.084792596989836433e-02,-8.659744464339658165e-01,-2.756111852493137171e-03,-8.660254037844387076e-01,1.035823896896584837e-16,-5.000000000000000000e-01,2.248273465096082835e-01,0.000000000000000000e+00,0.000000000000000000e+00,0.000000000000000000e+00,1.000000000000000000e+00
-5.016074705012021559e-03,9.999496767228915894e-01,8.688096243641734578e-03,9.924884687617593348e-01,4.999748383614456282e-01,1.003214941002394944e-02,-8.659818225480611087e-01,-2.545779810337434057e-03,-8.660254037844388186e-01,-6.295065454752995456e-17,-4.999999999999998890e-01,2.248403307047861233e-01,0.000000000000000000e+00,0.000000000000000000e+00,0.000000000000000000e+00,1.000000000000000000e+00
-4.628094330323869084e-03,9.999571605681308872e-01,8.016094522342340906e-03,9.930685683624815852e-01,4.999785802840653326e-01,9.256188660647701738e-03,-8.659883037481563850e-01,-2.346176739063787764e-03,-8.660254037844387076e-01,-6.295029476865130563e-17,-4.999999999999999445e-01,2.248526810783544327e-01,0.000000000000000000e+00,0.000000000000000000e+00,0.000000000000000000e+00,1.000000000000000000e+00
-4.259641483637148333e-03,9.999637102503888819e-01,7.377915471687628707e-03,9.936196102119472240e-01,4.999818551251943299e-01,8.519282967274333096e-03,-8.659939759393784353e-01,-2.157038054026783058e-03,-8.660254037844388186e-01,-7.438828667528738763e-18,-4.999999999999999445e-01,2.248644097602334746e-01,0.000000000000000000e+00,0.000000000000000000e+00,0.000000000000000000e+00,1.000000000000000000e+00
-3.910326490254897869e-03,9.999694182258567210e-01,6.772884155303851225e-03,9.941421557081535632e-01,4.999847091129281940e-01,7.820652980509712471e-03,-8.659989191911378059e-01,-1.978099575734693083e-03,-8.660254037844387076e-01,-6.294970549319058334e-17,-4.999999999999998890e-01,2.248755291731456829e-01,0.000000000000000000e+00,0.000000000000000000e+00,0.000000000000000000e+00,1.000000000000000000e+00
-3.579750333559445288e-03,9.999743704466617089e-01,6.200309456136659896e-03,9.946367818879953138e-01,4.999871852233307989e-01,7.159500667119012007e-03,-8.660032079401600580e-01,-1.809097331783249274e-03,-8.660254037844387076e-01,4.807283504272064400e-17,-4.999999999999999445e-01,2.248860520343957670e-01,0.000000000000000000e+00,0.000000000000000000e+00,0.000000000000000000e+00,1.000000000000000000e+00
-3.267504609541449501e-03,9.999786465992692719e-01,5.659483997691195159e-03,9.951040814358705910e-01,4.999893232996345249e-01,6.535009219082787979e-03,-8.660069111969487254e-01,-1.649767355318521034e-03,-8.660254037844387076e-01,-6.294926184774737230e-17,-4.999999999999998890e-01,2.248959913576494274e-01,0.000000000000000000e+00,0.000000000000000000e+00,0.000000000000000000e+00,1.000000000000000000e+00
-2.973171480404015327e-03,9.999823203464111021e-01,5.149684063674559407e-03,9.955446626927912934e-01,4.999911601732054955e-01,5.946342960808093103e-03,-8.660100927553006089e-01,-1.499845480393502406e-03,-8.660254037844387076e-01,-7.437934004522716639e-18,-5.000000000000000000e-01,2.249053604547147645e-01,0.000000000000000000e+00,0.000000000000000000e+00,0.000000000000000000e+00,1.000000000000000000e+00
-2.696323627262044859e-03,9.999854595720820694e-01,4.670169516066267901e-03,9.959591496660864518e-01,4.999927297860409792e-01,5.392647254524152167e-03,-8.660128114044798320e-01,-1.359067134569569291e-03,-8.660254037844387076e-01,4.807336814208084297e-17,-4.999999999999999445e-01,2.249141729373214382e-01,0.000000000000000000e+00,0.000000000000000000e+00,0.000000000000000000e+00,1.000000000000000000e+00
-2.436524202042824987e-03,9.999881266291372750e-01,4.220183711809476559e-03,9.963481820396515865e-01,4.999940633145685820e-01,4.873048404085755791e-03,-8.660151211436429852e-01,-1.227167129168038606e-03,-8.660254037844387076e-01,4.807349635836083353e-17,-5.000000000000000000e-01,2.249224427189007725e-01,0.000000000000000000e+00,0.000000000000000000e+00,0.000000000000000000e+00,1.000000000000000000e+00
-2.193326778563379348e-03,9.999903785889990848e-01,3.798953418072975423e-03,9.967124151849052760e-01,4.999951892944993759e-01,4.386653557126640735e-03,-8.660170713980916979e-01,-1.103879447532207791e-03,-8.660254037844387076e-01,-1.184598490745430056e-16,-4.999999999999998890e-01,2.249301840163656641e-01,0.000000000000000000e+00,0.000000000000000000e+00,0.000000000000000000e+00,1.000000000000000000e+00
-1.966275302890371605e-03,9.999922674929706545e-01,3.405688726273998438e-03,9.970525201724218523e-01,4.999961337464852718e-01,3.932550605780793518e-03,-8.660187072369163186e-01,-9.889370317170964597e-04,-8.660254037844388186e-01,-7.437455804730968090e-18,-4.999999999999999445e-01,2.249374113518906315e-01,0.000000000000000000e+00,0.000000000000000000e+00,0.000000000000000000e+00,1.000000000000000000e+00
-1.754904043003640201e-03,9.999938406046305905e-01,3.039582964890357158e-03,9.973691837843370323e-01,4.999969203023152398e-01,3.509808086007315531e-03,-8.660200695915768465e-01,-8.820715680286639326e-04,-8.660254037844387076e-01,-7.437380178855376916e-18,-4.999999999999999445e-01,2.249441395546919742e-01,0.000000000000000000e+00,0.000000000000000000e+00,0.000000000000000000e+00,1.000000000000000000e+00
-1.558737537826817947e-03,9.999951406627697326e-01,2.699812611180854409e-03,9.976631085275674549e-01,4.999975703313848108e-01,3.117475075653630689e-03,-8.660211954749517105e-01,-7.830132718359417154e-04,-8.660254037844387076e-01,-7.437317679773086083e-18,-4.999999999999999445e-01,2.249503837628070990e-01,0.000000000000000000e+00,0.000000000000000000e+00,0.000000000000000000e+00,1.000000000000000000e+00
-1.377290545665008385e-03,9.999962061343088404e-01,2.385537201876285294e-03,9.979350126479250571e-01,4.999981030671544202e-01,2.754581091330199349e-03,-8.660221182003715601e-01,-6.914906721007252344e-04,-8.660254037844385966e-01,1.035850360042928942e-16,-5.000000000000000000e-01,2.249561594248751517e-01,0.000000000000000000e+00,0.000000000000000000e+00,0.000000000000000000e+00,1.000000000000000000e+00
-1.210067992094109989e-03,9.999970714666208682e-01,2.095899242919719522e-03,9.981856301452038949e-01,4.999985357333102676e-01,2.420135984188109823e-03,-8.660228676001365811e-01,-6.072303960812375223e-04,-8.660254037844387076e-01,-1.184595273206947190e-16,-4.999999999999998890e-01,2.249614823019160381e-01,0.000000000000000000e+00,0.000000000000000000e+00,0.000000000000000000e+00,1.000000000000000000e+00
-1.056564917345890076e-03,9.999977673386584165e-01,1.830024118337870509e-03,9.984157107893165684e-01,4.999988836693290972e-01,2.113129834691696018e-03,-8.660234702429988607e-01,-5.299569546789451024e-04,-8.660254037844385966e-01,-6.294834263603782555e-17,-4.999999999999998890e-01,2.249663684691121657e-01,0.000000000000000000e+00,0.000000000000000000e+00,0.000000000000000000e+00,1.000000000000000000e+00
-9.162664232553882019e-04,9.999983209102735193e-01,1.587019998347783843e-03,9.986260201375486423e-01,4.999991604551367042e-01,1.832532846510859237e-03,-8.660239496500803380e-01,-4.593925289222422492e-04,-8.660254037844387076e-01,-7.437164792341003472e-18,-5.000000000000000000e-01,2.249708343175860770e-01,0.000000000000000000e+00,0.000000000000000000e+00,0.000000000000000000e+00,1.000000000000000000e+00
-7.886476197726338894e-04,9.999987560690899446e-01,1.365977746714223647e-03,9.988173395530688392e-01,4.999993780345448058e-01,1.577295239545084549e-03,-8.660243265086700060e-01,-3.952567580685073523e-04,-8.660254037844388186e-01,-6.294829510374466664e-17,-4.999999999999998335e-01,2.249748965561821079e-01,0.000000000000000000e+00,0.000000000000000000e+00,0.000000000000000000e+00,1.000000000000000000e+00
-6.731735711239137873e-04,9.999990936742756409e-01,1.165970827499271043e-03,9.989904662247452993e-01,4.999995468371377094e-01,1.346347142247905637e-03,-8.660246188833372605e-01,-3.372665298551069668e-04,-8.660254037844387076e-01,-7.437127642432469461e-18,-5.000000000000000000e-01,2.249785722132459642e-01,0.000000000000000000e+00,0.000000000000000000e+00,0.000000000000000000e+00,1.000000000000000000e+00
-5.692992416321980814e-04,9.999993517965369838e-01,9.860552112173413646e-04,9.991462131884176756e-01,4.999996758982683809e-01,1.138598483264363637e-03,-8.660248424237728671e-01,-2.851357734133808108e-04,-8.660254037844388186e-01,-7.437115233445542203e-18,-4.999999999999999445e-01,2.249818786384037983e-01,0.000000000000000000e+00,0.000000000000000000e+00,0.000000000000000000e+00,1.000000000000000000e+00
-4.764694412403546733e-04,9.999995459536400455e-01,8.252692804822768383e-04,9.992854093497295365e-01,4.999997729768199672e-01,9.529388824808249225e-04,-8.660250105687564703e-01,-2.385752553900610806e-04,-8.660254037844387076e-01,-7.437105899523928624e-18,-4.999999999999999445e-01,2.249848335043434788e-01,0.000000000000000000e+00,0.000000000000000000e+00,0.000000000000000000e+00,1.000000000000000000e+00
-3.941187707848639371e-04,9.999996893407406828e-01,6.826337352159244721e-04,9.994088995086375382e-01,4.999998446703702304e-01,7.882375415696474263e-04,-8.660251347456282556e-01,-1.972923798365666670e-04,-8.660254037844387076e-01,-6.294825023758064655e-17,-4.999999999999998890e-01,2.249874548085938064e-01,0.000000000000000000e+00,0.000000000000000000e+00,0.000000000000000000e+00,1.000000000000000000e+00
-3.216715670407964151e-04,9.999997930547844804e-01,5.571514974649545166e-04,9.995175443857429176e-01,4.999998965273921847e-01,6.433431340816531119e-04,-8.660252245646248292e-01,-1.609909924318309038e-04,-8.660254037844387076e-01,4.807405721089090973e-17,-4.999999999999999445e-01,2.249897608753044231e-01,0.000000000000000000e+00,0.000000000000000000e+00,0.000000000000000000e+00,1.000000000000000000e+00
-2.585418475700306429e-04,9.999998663122172671e-01,4.478076158740614834e-04,9.996122206505908547e-01,4.999999331561085225e-01,5.170836951401414083e-04,-8.660252880074226223e-01,-1.293711896218630031e-04,-8.660254037844387076e-01,-7.437090498584174465e-18,-5.000000000000000000e-01,2.249917703570259442e-01,0.000000000000000000e+00,0.000000000000000000e+00,0.000000000000000000e+00,1.000000000000000000e+00
-2.041332554119365333e-04,9.999999166592246080e-01,3.535691698879350753e-04,9.996938209520758178e-01,4.999999583296122485e-01,4.082665108239291740e-04,-8.660253316092100251e-01,-1.021291332874429969e-04,-8.660254037844387076e-01,-7.437088078198759995e-18,-5.000000000000000000e-01,2.249935022364899229e-01,0.000000000000000000e+00,0.000000000000000000e+00,0.000000000000000000e+00,1.000000000000000000e+00
-1.578390036235557243e-04,9.999999501736966945e-01,2.733851736919571513e-04,9.997632539511405181e-01,4.999999750868482362e-01,3.156780072470777299e-04,-8.660253606335942544e-01,-7.895687153924857427e-05,-8.660254037844387076e-01,-6.294823769827961083e-17,-4.999999999999998890e-01,2.249949758283887324e-01,0.000000000000000000e+00,0.000000000000000000e+00,0.000000000000000000e+00,1.000000000000000000e+00
-1.190418197218069403e-04,9.999999716580900699e-01,2.061864799836158084e-04,9.998214443558949283e-01,4.999999858290449239e-01,2.380836394436647296e-04,-8.660253792396246375e-01,-5.954216629322495180e-05,-8.660254037844387076e-01,-7.437085434179611237e-18,-4.999999999999998890e-01,2.249962107811556700e-01,0.000000000000000000e+00,0.000000000000000000e+00,0.000000000000000000e+00,1.000000000000000000e+00
-8.711389001541513112e-05,9.999999848223403154e-01,1.508856835516684365e-04,9.998693329593919543e-01,4.999999924111700467e-01,1.742277800308444924e-04,-8.660253906401997881e-01,-4.356832825236356399e-05,-8.660254037844387076e-01,-7.437084801320559929e-18,-4.999999999999999445e-01,2.249972270787444772e-01,0.000000000000000000e+00,0.000000000000000000e+00,0.000000000000000000e+00,1.000000000000000000e+00
-6.141680387691063120e-05,9.999999924559523912e-01,1.063770247533691693e-04,9.999078766801965390e-01,4.999999962279761401e-01,1.228336077538916271e-04,-8.660253972511018361e-01,-3.071405997401299715e-05,-8.660254037844387076e-01,-7.437084434341776567e-18,-5.000000000000000000e-01,2.249980450424099998e-01,0.000000000000000000e+00,0.000000000000000000e+00,0.000000000000000000e+00,1.000000000000000000e+00
-4.130149795103697460e-05,9.999999965883726860e-01,7.153629287982573930e-05,9.999380486059803452e-01,4.999999982941862320e-01,8.260299590201469755e-05,-8.660254008298827744e-01,-2.065330769596140925e-05,-8.660254037844388186e-01,-6.294823546693735986e-17,-4.999999999999998890e-01,2.249986853324872638e-01,0.000000000000000000e+00,0.000000000000000000e+00,0.000000000000000000e+00,1.000000000000000000e+00
-2.610820031689887650e-05,9.999999986367236193e-01,4.522072944298469063e-05,9.999608380403437469e-01,4.999999993183616986e-01,5.221640063368671036e-05,-8.660254026038066710e-01,-1.305512261551289299e-05,-8.660254037844387076e-01,-7.437084137206968979e-18,-4.999999999999998890e-01,2.249991689501726344e-01,0.000000000000000000e+00,0.000000000000000000e+00,0.000000000000000000e+00,1.000000000000000000e+00
-1.516637462450085612e-05,9.999999995399622144e-01,2.626893141629434882e-05,9.999772505530726274e-01,4.999999997699810517e-01,3.033274924912898740e-05,-8.660254033860342870e-01,-7.583532340427190377e-06,-8.660254037844387076e-01,-7.437084093784613490e-18,-4.999999999999999445e-01,2.249995172393019771e-01,0.000000000000000000e+00,0.000000000000000000e+00,0.000000000000000000e+00,1.000000000000000000e+00
-7.794664203678492817e-06,9.999999998784865340e-01,1.350075442872552845e-05,9.999883080340730146e-01,4.999999999392431560e-01,1.558932840739490899e-05,-8.660254036792048860e-01,-3.897423237031460985e-06,-8.660254037844387076e-01,-7.437084077510376037e-18,-4.999999999999999445e-01,2.249997518881325098e-01,0.000000000000000000e+00,0.000000000000000000e+00,0.000000000000000000e+00,1.000000000000000000e+00
-3.300836167737075605e-06,9.999999999782089866e-01,5.717215949935450714e-06,9.999950487511961583e-01,4.999999999891044378e-01,6.601672335460051499e-06,-8.660254037655671366e-01,-1.650434427014069172e-06,-8.660254037844387076e-01,-7.437084072716308079e-18,-4.999999999999999445e-01,2.249998949311216023e-01,0.000000000000000000e+00,0.000000000000000000e+00,0.000000000000000000e+00,1.000000000000000000e+00
-9.817254931633929727e-07,9.999999999980724308e-01,1.700398433253875031e-06,9.999985274122422663e-01,4.999999999990361599e-01,1.963450986353088012e-06,-8.660254037827693763e-01,-4.908641920708944895e-07,-8.660254037844387076e-01,-7.437084071761391953e-18,-4.999999999999999445e-01,2.249999687507071300e-01,0.000000000000000000e+00,0.000000000000000000e+00,0.000000000000000000e+00,1.000000000000000000e+00
-1.231791132112871611e-07,9.999999999999698019e-01,2.133524825757194187e-07,9.999998152313378519e-01,4.999999999999848455e-01,2.463582265965769125e-07,-8.660254037844125063e-01,-6.158957910340490116e-08,-8.660254037844387076e-01,4.807406715958764711e-17,-5.000000000000000000e-01,2.249999960790872444e-01,0.000000000000000000e+00,0.000000000000000000e+00,0.000000000000000000e+00,1.000000000000000000e+00
-4.345318932600586563e-17,1.000000000000000000e+00,8.326672684688674053e-17,1.000000000000000000e+00,4.999999999999999445e-01,1.110223024625156540e-16,-8.660254037844387076e-01,2.220446049250313081e-16,-8.660254037844387076e-01,-7.437084071668725448e-18,-4.999999999999999445e-01,2.250000000000000333e-01,0.000000000000000000e+00,0.000000000000000000e+00,0.000000000000000000e+00,1.000000000000000000e+00
-3.061616997868382402e-17,1.000000000000000000e+00,5.302876193624534574e-17,1.000000000000000000e+00,4.999999999999999445e-01,6.123233995736766036e-17,-8.660254037844387076e-01,0.000000000000000000e+00,-8.660254037844387076e-01,0.000000000000000000e+00,-4.999999999999999445e-01,2.250000000000000056e-01,0.000000000000000000e+00,0.000000000000000000e+00,0.000000000000000000e+00,1.000000000000000000e+00
-3.061616997868382402e-17,1.000000000000000000e+00,5.302876193624534574e-17,1.000000000000000000e+00,4.999999999999999445e-01,6.123233995736766036e-17,-8.660254037844387076e-01,1.072232998582086648e-23,-8.660254037844387076e-01,0.000000000000000000e+00,-4.999999999999999445e-01,2.249997355273791189e-01,0.000000000000000000e+00,0.000000000000000000e+00,0.000000000000000000e+00,1.000000000000000000e+00
-3.061616997868382402e-17,1.000000000000000000e+00,5.302876193624534574e-17,1.000000000000000000e+00,4.999999999999999445e-01,6.123233995736766036e-17,-8.660254037844387076e-01,8.532085438866245410e-24,-8.660254037844387076e-01,0.000000000000000000e+00,-4.999999999999999445e-01,2.249979001911118215e-01,0.000000000000000000e+00,0.000000000000000000e+00,0.000000000000000000e+00,1.000000000000000000e+00
-3.061616997868382402e-17,1.000000000000000000e+00,5.302876193624534574e-17,1.000000000000000000e+00,4.999999999999999445e-01,6.123233995736766036e-17,-8.660254037844387076e-01,6.679562778074613830e-23,-8.660254037844387076e-01,0.000000000000000000e+00,-4.999999999999999445e-01,2.249929668327472487e-01,0.000000000000000000e+00,0.000000000000000000e+00,0.000000000000000000e+00,1.000000000000000000e+00
-3.061616997868382402e-17,1.000000000000000000e+00,5.302876193624534574e-17,1.000000000000000000e+00,4.999999999999999445e-01,6.123233995736766036e-17,-8.660254037844387076e-01,4.624689320252853195e-22,-8.660254037844387076e-01,0.000000000000000000e+00,-4.999999999999999445e-01,2.249834555317827001e-01,0.000000000000000000e+00,0.000000000000000000e+00,0.000000000000000000e+00,1.000000000000000000e+00
-3.061616997868382402e-17,1.000000000000000000e+00,5.302876193624534574e-17,1.000000000000000000e+00,4.999999999999999445e-01,6.123233995736766036e-17,-8.660254037844387076e-01,-1.142459821548948156e-21,-8.660254037844387076e-01,0.000000000000000000e+00,-4.999999999999999445e-01,2.249679331211717759e-01,0.000000000000000000e+00,0.000000000000000000e+00,0.000000000000000000e+00,1.000000000000000000e+00
-3.061616997868382402e-17,1.000000000000000000e+00,5.302876193624534574e-17,1.000000000000000000e+00,4.999999999999999445e-01,6.123233995736766036e-17,-8.660254037844387076e-01,5.970253529228440031e-22,-8.660254037844387076e-01,0.000000000000000000e+00,-4.999999999999999445e-01,2.249450127028326529e-01,0.000000000000000000e+00,0.000000000000000000e+00,0.000000000000000000e+00,1.000000000000000000e+00
-3.061616997868382402e-17,1.000000000000000000e+00,5.302876193624534574e-17,1.000000000000000000e+00,4.999999999999999445e-01,6.123233995736766036e-17,-8.660254037844387076e-01,1.664664715815331020e-21,-8.660254037844387076e-01,0.000000000000000000e+00,-4.999999999999999445e-01,2.249133531631563321e-01,0.000000000000000000e+00,0.000000000000000000e+00,0.000000000000000000e+00,1.000000000000000000e+00
-3.061616997868382402e-17,1.000000000000000000e+00,5.302876193624534574e-17,1.000000000000000000e+00,4.999999999999999445e-01,6.123233995736766036e-17,-8.660254037844387076e-01,6.992892240998797112e-22,-8.660254037844387076e-01,0.000000000000000000e+00,-4.999999999999999445e-01,2.248716586885147750e-01,0.000000000000000000e+00,0.000000000000000000e+00,0.000000000000000000e+00,1.000000000000000000e+00
-3.061616997868382402e-17,1.000000000000000000e+00,5.302876193624534574e-17,1.000000000000000000e+00,4.999999999999999445e-01,6.123233995736766036e-17,-8.660254037844387076e-01,8.672899704648887836e-21,-8.660254037844387076e-01,0.000000000000000000e+00,-4.999999999999999445e-01,2.248186782807692075e-01,0.000000000000000000e+00,0.000000000000000000e+00,0.000000000000000000e+00,1.000000000000000000e+00
-3.061616997868382402e-17,1.000000000000000000e+00,5.302876193624534574e-17,1.000000000000000000e+00,4.999999999999999445e-01,6.123233995736766036e-17,-8.660254037844387076e-01,1.219696686428871904e-20,-8.660254037844387076e-01,0.000000000000000000e+00,-4.999999999999999445e-01,2.247532052727783114e-01,0.000000000000000000e+00,0.000000000000000000e+00,0.000000000000000000e+00,1.000000000000000000e+00
-3.061616997868382402e-17,1.000000000000000000e+00,5.302876193624534574e-17,1.000000000000000000e+00,4.999999999999999445e-01,6.123233995736766036e-17,-8.660254037844387076e-01,3.983224785565931178e-21,-8.660254037844387076e-01,0.000000000000000000e+00,-4.999999999999999445e-01,2.246740768439065006e-01,0.000000000000000000e+00,0.000000000000000000e+00,0.000000000000000000e+00,1.000000000000000000e+00
-3.061616997868382402e-17,1.000000000000000000e+00,5.302876193624534574e-17,1.000000000000000000e+00,4.999999999999999445e-01,6.123233995736766036e-17,-8.660254037844387076e-01,7.727020372825661905e-21,-8.660254037844387076e-01,0.000000000000000000e+00,-4.999999999999999445e-01,2.245801735355319739e-01,0.000000000000000000e+00,0.000000000000000000e+00,0.000000000000000000e+00,1.000000000000000000e+00
-3.061616997868382402e-17,1.000000000000000000e+00,5.302876193624534574e-17,1.000000000000000000e+00,4.999999999999999445e-01,6.123233995736766036e-17,-8.660254037844387076e-01,2.407781866753813137e-20,-8.660254037844387076e-01,0.000000000000000000e+00,-4.999999999999999445e-01,2.244704187665552408e-01,0.000000000000000000e+00,0.000000000000000000e+00,0.000000000000000000e+00,1.000000000000000000e+00
-3.061616997868382402e-17,1.000000000000000000e+00,5.302876193624534574e-17,1.000000000000000000e+00,4.999999999999999445e-01,6.123233995736766036e-17,-8.660254037844387076e-01,4.357207924745098630e-21,-8.660254037844387076e-01,0.000000000000000000e+00,-4.999999999999999445e-01,2.243437783489070358e-01,0.000000000000000000e+00,0.000000000000000000e+00,0.000000000000000000e+00,1.000000000000000000e+00
-3.061616997868382402e-17,1.000000000000000000e+00,5.302876193624534574e-17,1.000000000000000000e+00,4.999999999999999445e-01,6.123233995736766036e-17,-8.660254037844387076e-01,-2.229224269628969473e-20,-8.660254037844387076e-01,0.000000000000000000e+00,-4.999999999999999445e-01,2.241992600030567329e-01,0.000000000000000000e+00,0.000000000000000000e+00,0.000000000000000000e+00,1.000000000000000000e+00
-3.061616997868382402e-17,1.000000000000000000e+00,5.302876193624534574e-17,1.000000000000000000e+00,4.999999999999999445e-01,6.123233995736766036e-17,-8.660254037844387076e-01,2.805132768308462511e-20,-8.660254037844387076e-01,0.000000000000000000e+00,-4.999999999999999445e-01,2.240359128735204819e-01,0.000000000000000000e+00,0.000000000000000000e+00,0.000000000000000000e+00,1.000000000000000000e+00
-3.061616997868382402e-17,1.000000000000000000e+00,5.302876193624534574e-17,1.000000000000000000e+00,4.999999999999999445e-01,6.123233995736766036e-17,-8.660254037844387076e-01,-5.381282680349365503e-20,-8.660254037844387076e-01,0.000000000000000000e+00,-4.999999999999999445e-01,2.238528270443695400e-01,0.000000000000000000e+00,0.000000000000000000e+00,0.000000000000000000e+00,1.000000000000000000e+00
-3.061616997868382402e-17,1.000000000000000000e+00,5.302876193624534574e-17,1.000000000000000000e+00,4.999999999999999445e-01,6.123233995736766036e-17,-8.660254037844387076e-01,7.657948933652261159e-20,-8.660254037844387076e-01,0.000000000000000000e+00,-4.999999999999999445e-01,2.236491330547383249e-01,0.000000000000000000e+00,0.000000000000000000e+00,0.000000000000000000e+00,1.000000000000000000e+00
-3.061616997868382402e-17,1.000000000000000000e+00,5.302876193624534574e-17,1.000000000000000000e+00,4.999999999999999445e-01,6.123233995736766036e-17,-8.660254037844387076e-01,-2.604771615371495854e-20,-8.660254037844387076e-01,0.000000000000000000e+00,-4.999999999999999445e-01,2.234240014143328290e-01,0.000000000000000000e+00,0.000000000000000000e+00,0.000000000000000000e+00,1.000000000000000000e+00
-3.061616997868382402e-17,1.000000000000000000e+00,5.302876193624534574e-17,1.000000000000000000e+00,4.999999999999999445e-01,6.123233995736766036e-17,-8.660254037844387076e-01,2.510833226340545699e-20,-8.660254037844387076e-01,0.000000000000000000e+00,-4.999999999999999445e-01,2.231766421189386729e-01,0.000000000000000000e+00,0.000000000000000000e+00,0.000000000000000000e+00,1.000000000000000000e+00
-3.061616997868382402e-17,1.000000000000000000e+00,5.302876193624534574e-17,1.000000000000000000e+00,4.999999999999999445e-01,6.123233995736766036e-17,-8.660254037844387076e-01,3.185338675919279531e-20,-8.660254037844387076e-01,0.000000000000000000e+00,-4.999999999999999445e-01,2.229063041659294642e-01,0.000000000000000000e+00,0.000000000000000000e+00,0.000000000000000000e+00,1.000000000000000000e+00
-3.061616997868382402e-17,1.000000000000000000e+00,5.302876193624534574e-17,1.000000000000000000e+00,4.999999999999999445e-01,6.123233995736766036e-17,-8.660254037844387076e-01,-1.123513820268859812e-19,-8.660254037844387076e-01,0.000000000000000000e+00,-4.999999999999999445e-01,2.226122750697749619e-01,0.000000000000000000e+00,0.000000000000000000e+00,0.000000000000000000e+00,1.000000000000000000e+00
-3.061616997868382402e-17,1.000000000000000000e+00,5.302876193624534574e-17,1.000000000000000000e+00,4.999999999999999445e-01,6.123233995736766036e-17,-8.660254037844387076e-01,-1.711495848098815931e-19,-8.660254037844387076e-01,0.000000000000000000e+00,-4.999999999999999445e-01,2.222938803775492411e-01,0.000000000000000000e+00,0.000000000000000000e+00,0.000000000000000000e+00,1.000000000000000000e+00
-3.061616997868382402e-17,1.000000000000000000e+00,5.302876193624534574e-17,1.000000000000000000e+00,4.999999999999999445e-01,6.123233995736766036e-17,-8.660254037844387076e-01,-1.641600879283990564e-20,-8.660254037844387076e-01,0.000000000000000000e+00,-4.999999999999999445e-01,2.219504831844390513e-01,0.000000000000000000e+00,0.000000000000000000e+00,0.000000000000000000e+00,1.000000000000000000e+00
-3.061616997868382402e-17,1.000000000000000000e+00,5.302876193624534574e-17,1.000000000000000000e+00,4.999999999999999445e-01,6.123233995736766036e-17,-8.660254037844387076e-01,4.717542898674720809e-20,-8.660254037844387076e-01,0.000000000000000000e+00,-4.999999999999999445e-01,2.215814836492519813e-01,0.000000000000000000e+00,0.000000000000000000e+00,0.000000000000000000e+00,1.000000000000000000e+00
-3.061616997868382402e-17,1.000000000000000000e+00,5.302876193624534574e-17,1.000000000000000000e+00,4.999999999999999445e-01,6.123233995736766036e-17,-8.660254037844387076e-01,2.150496708106623860e-19,-8.660254037844387076e-01,0.000000000000000000e+00,-4.999999999999999445e-01,2.211863185099246232e-01,0.000000000000000000e+00,0.000000000000000000e+00,0.000000000000000000e+00,1.000000000000000000e+00
-3.061616997868382402e-17,1.000000000000000000e+00,5.302876193624534574e-17,1.000000000000000000e+00,4.999999999999999445e-01,6.123233995736766036e-17,-8.660254037844387076e-01,1.370992631349569644e-19,-8.660254037844387076e-01,0.000000000000000000e+00,-4.999999999999999445e-01,2.207644605990308484e-01,0.000000000000000000e+00,0.000000000000000000e+00,0.000000000000000000e+00,1.000000000000000000e+00
-3.061616997868382402e-17,1.000000000000000000e+00,5.302876193624534574e-17,1.000000000000000000e+00,4.999999999999999445e-01,6.123233995736766036e-17,-8.660254037844387076e-01,-2.344852073910587707e-19,-8.660254037844387076e-01,0.000000000000000000e+00,-4.999999999999999445e-01,2.203154183592900550e-01,0.000000000000000000e+00,0.000000000000000000e+00,0.000000000000000000e+00,1.000000000000000000e+00
-3.061616997868382402e-17,1.000000000000000000e+00,5.302876193624534574e-17,1.000000000000000000e+00,4.999999999999999445e-01,6.123233995736766036e-17,-8.660254037844387076e-01,-2.331513227301647149e-19,-8.660254037844387076e-01,0.000000000000000000e+00,-4.999999999999999445e-01,2.198387353590753879e-01,0.000000000000000000e+00,0.000000000000000000e+00,0.000000000000000000e+00,1.000000000000000000e+00
-3.061616997868382402e-17,1.000000000000000000e+00,5.302876193624534574e-17,1.000000000000000000e+00,4.999999999999999445e-01,6.123233995736766036e-17,-8.660254037844387076e-01,7.383992788865503585e-20,-8.660254037844387076e-01,0.000000000000000000e+00,-4.999999999999999445e-01,2.193339898079219030e-01,0.000000000000000000e+00,0.000000000000000000e+00,0.000000000000000000e+00,1.000000000000000000e+00
-3.061616997868382402e-17,1.000000000000000000e+00,5.302876193624534574e-17,1.000000000000000000e+00,4.999999999999999445e-01,6.123233995736766036e-17,-8.660254037844387076e-01,1.771019488847640026e-19,-8.660254037844387076e-01,0.000000000000000000e+00,-4.999999999999999445e-01,2.188007940720348432e-01,0.000000000000000000e+00,0.000000000000000000e+00,0.000000000000000000e+00,1.000000000000000000e+00
-3.061616997868382402e-17,1.000000000000000000e+00,5.302876193624534574e-17,1.000000000000000000e+00,4.999999999999999445e-01,6.123233995736766036e-17,-8.660254037844387076e-01,-1.930105802643217456e-19,-8.660254037844387076e-01,0.000000000000000000e+00,-4.999999999999999445e-01,2.182387941897978856e-01,0.000000000000000000e+00,0.000000000000000000e+00,0.000000000000000000e+00,1.000000000000000000e+00
-3.061616997868382402e-17,1.000000000000000000e+00,5.302876193624534574e-17,1.000000000000000000e+00,4.999999999999999445e-01,6.123233995736766036e-17,-8.660254037844387076e-01,3.074024925469850522e-19,-8.660254037844387076e-01,0.000000000000000000e+00,-4.999999999999999445e-01,2.176476693872812507e-01,0.000000000000000000e+00,0.000000000000000000e+00,0.000000000000000000e+00,1.000000000000000000e+00
-3.061616997868382402e-17,1.000000000000000000e+00,5.302876193624534574e-17,1.000000000000000000e+00,4.999999999999999445e-01,6.123233995736766036e-17,-8.660254037844387076e-01,4.465281186486512180e-19,-8.660254037844387076e-01,0.000000000000000000e+00,-4.999999999999999445e-01,2.170271315937501166e-01,0.000000000000000000e+00,0.000000000000000000e+00,0.000000000000000000e+00,1.000000000000000000e+00
-3.061616997868382402e-17,1.000000000000000000e+00,5.302876193624534574e-17,1.000000000000000000e+00,4.999999999999999445e-01,6.123233995736766036e-17,-8.660254037844387076e-01,3.657641263053340699e-19,-8.660254037844387076e-01,0.000000000000000000e+00,-4.999999999999999445e-01,2.163769249571726450e-01,0.000000000000000000e+00,0.000000000000000000e+00,0.000000000000000000e+00,1.000000000000000000e+00
-3.061616997868382402e-17,1.000000000000000000e+00,5.302876193624534574e-17,1.000000000000000000e+00,4.999999999999999445e-01,6.123233995736766036e-17,-8.660254037844387076e-01,-5.075804303467636908e-19,-8.660254037844387076e-01,0.000000000000000000e+00,-4.999999999999999445e-01,2.156968253597283391e-01,0.000000000000000000e+00,0.000000000000000000e+00,0.000000000000000000e+00,1.000000000000000000e+00
-3.061616997868382402e-17,1.000000000000000000e+00,5.302876193624534574e-17,1.000000000000000000e+00,4.999999999999999445e-01,6.123233995736766036e-17,-8.660254037844387076e-01,-4.284820475673480768e-19,-8.660254037844387076e-01,0.000000000000000000e+00,-4.999999999999999445e-01,2.149866399333162092e-01,0.000000000000000000e+00,0.000000000000000000e+00,0.000000000000000000e+00,1.000000000000000000e+00
-3.061616997868382402e-17,1.000000000000000000e+00,5.302876193624534574e-17,1.000000000000000000e+00,4.999999999999999445e-01,6.123233995736766036e-17,-8.660254037844387076e-01,3.561625643041755030e-19,-8.660254037844387076e-01,0.000000000000000000e+00,-4.999999999999999445e-01,2.142462065750630473e-01,0.000000000000000000e+00,0.000000000000000000e+00,0.000000000000000000e+00,1.000000000000000000e+00
-3.061616997868382402e-17,1.000000000000000000e+00,5.302876193624534574e-17,1.000000000000000000e+00,4.999999999999999445e-01,6.123233995736766036e-17,-8.660254037844387076e-01,-5.479392541433568874e-19,-8.660254037844387076e-01,0.000000000000000000e+00,-4.999999999999999445e-01,2.134753934628315364e-01,0.000000000000000000e+00,0.000000000000000000e+00,0.000000000000000000e+00,1.000000000000000000e+00
-3.061616997868382402e-17,1.000000000000000000e+00,5.302876193624534574e-17,1.000000000000000000e+00,4.999999999999999445e-01,6.123233995736766036e-17,-8.660254037844387076e-01,1.156451196156224847e-19,-8.660254037844387076e-01,0.000000000000000000e+00,-4.999999999999999445e-01,2.126740985707286646e-01,0.000000000000000000e+00,0.000000000000000000e+00,0.000000000000000000e+00,1.000000000000000000e+00
-3.061616997868382402e-17,1.000000000000000000e+00,5.302876193624534574e-17,1.000000000000000000e+00,4.999999999999999445e-01,6.123233995736766036e-17,-8.660254037844387076e-01,4.122605576217773841e-19,-8.660254037844387076e-01,0.000000000000000000e+00,-4.999999999999999445e-01,2.118422491846137790e-01,0.000000000000000000e+00,0.000000000000000000e+00,0.000000000000000000e+00,1.000000000000000000e+00
-3.061616997868382402e-17,1.000000000000000000e+00,5.302876193624534574e-17,1.000000000000000000e+00,4.999999999999999445e-01,6.123233995736766036e-17,-8.660254037844387076e-01,6.428783144153431637e-19,-8.660254037844387076e-01,0.000000000000000000e+00,-4.999999999999999445e-01,2.109798014176068603e-01,0.000000000000000000e+00,0.000000000000000000e+00,0.000000000000000000e+00,1.000000000000000000e+00
-3.061616997868382402e-17,1.000000000000000000e+00,5.302876193624534574e-17,1.000000000000000000e+00,4.999999999999999445e-01,6.123233995736766036e-17,-8.660254037844387076e-01,9.268052906177780647e-19,-8.660254037844387076e-01,0.000000000000000000e+00,-4.999999999999999445e-01,2.100867397255967717e-01,0.000000000000000000e+00,0.000000000000000000e+00,0.000000000000000000e+00,1.000000000000000000e+00
-3.061616997868382402e-17,1.000000000000000000e+00,5.302876193624534574e-17,1.000000000000000000e+00,4.999999999999999445e-01,6.123233995736766036e-17,-8.660254037844387076e-01,2.038758699129518361e-19,-8.660254037844387076e-01,0.000000000000000000e+00,-4.999999999999999445e-01,2.091630764227494776e-01,0.000000000000000000e+00,0.000000000000000000e+00,0.000000000000000000e+00,1.000000000000000000e+00
-3.061616997868382402e-17,1.000000000000000000e+00,5.302876193624534574e-17,1.000000000000000000e+00,4.999999999999999445e-01,6.123233995736766036e-17,-8.660254037844387076e-01,5.692337736254640106e-19,-8.660254037844387076e-01,0.000000000000000000e+00,-4.999999999999999445e-01,2.082088511970162648e-01,0.000000000000000000e+00,0.000000000000000000e+00,0.000000000000000000e+00,1.000000000000000000e+00
-3.061616997868382402e-17,1.000000000000000000e+00,5.302876193624534574e-17,1.000000000000000000e+00,4.999999999999999445e-01,6.123233995736766036e-17,-8.660254037844387076e-01,2.039917317830076937e-19,-8.660254037844387076e-01,0.000000000000000000e+00,-4.999999999999999445e-01,2.072241306256419613e-01,0.000000000000000000e+00,0.000000000000000000e+00,0.000000000000000000e+00,1.000000000000000000e+00
-3.061616997868382402e-17,1.000000000000000000e+00,5.302876193624534574e-17,1.000000000000000000e+00,4.999999999999999445e-01,6.123233995736766036e-17,-8.660254037844387076e-01,4.449891969208231821e-19,-8.660254037844387076e-01,0.000000000000000000e+00,-4.999999999999999445e-01,2.062090076906731573e-01,0.000000000000000000e+00,0.000000000000000000e+00,0.000000000000000000e+00,1.000000000000000000e+00
-3.061616997868382402e-17,1.000000000000000000e+00,5.302876193624534574e-17,1.000000000000000000e+00,4.999999999999999445e-01,6.123233995736766036e-17,-8.660254037844387076e-01,-8.525913764916406049e-20,-8.660254037844387076e-01,0.000000000000000000e+00,-4.999999999999999445e-01,2.051636012944664245e-01,0.000000000000000000e+00,0.000000000000000000e+00,0.000000000000000000e+00,1.000000000000000000e+00
-3.061616997868382402e-17,1.000000000000000000e+00,5.302876193624534574e-17,1.000000000000000000e+00,4.999999999999999445e-01,6.123233995736766036e-17,-8.660254037844387076e-01,4.997668640586094304e-19,-8.660254037844387076e-01,0.000000000000000000e+00,-4.999999999999999445e-01,2.040880557751965640e-01,0.000000000000000000e+00,0.000000000000000000e+00,0.000000000000000000e+00,1.000000000000000000e+00
-3.061616997868382402e-17,1.000000000000000000e+00,5.302876193624534574e-17,1.000000000000000000e+00,4.999999999999999445e-01,6.123233995736766036e-17,-8.660254037844387076e-01,-7.979599090949073379e-19,-8.660254037844387076e-01,0.000000000000000000e+00,-4.999999999999999445e-01,2.029825404223648266e-01,0.000000000000000000e+00,0.000000000000000000e+00,0.000000000000000000e+00,1.000000000000000000e+00
-3.061616997868382402e-17,1.000000000000000000e+00,5.302876193624534574e-17,1.000000000000000000e+00,4.999999999999999445e-01,6.123233995736766036e-17,-8.660254037844387076e-01,-3.504581240539691640e-19,-8.660254037844387076e-01,0.000000000000000000e+00,-4.999999999999999445e-01,2.018472489923070767e-01,0.000000000000000000e+00,0.000000000000000000e+00,0.000000000000000000e+00,1.000000000000000000e+00
-3.061616997868382402e-17,1.000000000000000000e+00,5.302876193624534574e-17,1.000000000000000000e+00,4.999999999999999445e-01,6.123233995736766036e-17,-8.660254037844387076e-01,2.291672707993501654e-19,-8.660254037844387076e-01,0.000000000000000000e+00,-4.999999999999999445e-01,2.006823992237021792e-01,0.000000000000000000e+00,0.000000000000000000e+00,0.000000000000000000e+00,1.000000000000000000e+00
-3.061616997868382402e-17,1.000000000000000000e+00,5.302876193624534574e-17,1.000000000000000000e+00,4.999999999999999445e-01,6.123233995736766036e-17,-8.660254037844387076e-01,8.174145418321157398e-20,-8.660254037844387076e-01,0.000000000000000000e+00,-4.999999999999999445e-01,1.994882323530799695e-01,0.000000000000000000e+00,0.000000000000000000e+00,0.000000000000000000e+00,1.000000000000000000e+00
-3.061616997868382402e-17,1.000000000000000000e+00,5.302876193624534574e-17,1.000000000000000000e+00,4.999999999999999445e-01,6.123233995736766036e-17,-8.660254037844387076e-01,5.734061376014852568e-19,-8.660254037844387076e-01,0.000000000000000000e+00,-4.999999999999999445e-01,1.982650126303297511e-01,0.000000000000000000e+00,0.000000000000000000e+00,0.000000000000000000e+00,1.000000000000000000e+00
-3.061616997868382402e-17,1.000000000000000000e+00,5.302876193624534574e-17,1.000000000000000000e+00,4.999999999999999445e-01,6.123233995736766036e-17,-8.660254037844387076e-01,8.656089113798609468e-19,-8.660254037844387076e-01,0.000000000000000000e+00,-4.999999999999999445e-01,1.970130268342082658e-01,0.000000000000000000e+00,0.000000000000000000e+00,0.000000000000000000e+00,1.000000000000000000e+00
-3.061616997868382402e-17,1.000000000000000000e+00,5.302876193624534574e-17,1.000000000000000000e+00,4.999999999999999445e-01,6.123233995736766036e-17,-8.660254037844387076e-01,1.748914107284380237e-19,-8.660254037844387076e-01,0.000000000000000000e+00,-4.999999999999999445e-01,1.957325837878481911e-01,0.000000000000000000e+00,0.000000000000000000e+00,0.000000000000000000e+00,1.000000000000000000e+00
-3.061616997868382402e-17,1.000000000000000000e+00,5.302876193624534574e-17,1.000000000000000000e+00,4.999999999999999445e-01,6.123233995736766036e-17,-8.660254037844387076e-01,-4.899429880509505248e-19,-8.660254037844387076e-01,0.000000000000000000e+00,-4.999999999999999445e-01,1.944240138742660828e-01,0.000000000000000000e+00,0.000000000000000000e+00,0.000000000000000000e+00,1.000000000000000000e+00
-3.061616997868382402e-17,1.000000000000000000e+00,5.302876193624534574e-17,1.000000000000000000e+00,4.999999999999999445e-01,6.123233995736766036e-17,-8.660254037844387076e-01,8.886942072311501464e-20,-8.660254037844387076e-01,0.000000000000000000e+00,-4.999999999999999445e-01,1.930876685518708169e-01,0.000000000000000000e+00,0.000000000000000000e+00,0.000000000000000000e+00,1.000000000000000000e+00
-3.061616997868382402e-17,1.000000000000000000e+00,5.302876193624534574e-17,1.000000000000000000e+00,4.999999999999999445e-01,6.123233995736766036e-17,-8.660254037844387076e-01,1.962729835545372791e-18,-8.660254037844387076e-01,0.000000000000000000e+00,-4.999999999999999445e-01,1.917239198699716707e-01,0.000000000000000000e+00,0.000000000000000000e+00,0.000000000000000000e+00,1.000000000000000000e+00
-3.061616997868382402e-17,1.000000000000000000e+00,5.302876193624534574e-17,1.000000000000000000e+00,4.999999999999999445e-01,6.123233995736766036e-17,-8.660254037844387076e-01,2.790331955191754442e-18,-8.660254037844387076e-01,0.000000000000000000e+00,-4.999999999999999445e-01,1.903331599842865984e-01,0.000000000000000000e+00,0.000000000000000000e+00,0.000000000000000000e+00,1.000000000000000000e+00
-3.061616997868382402e-17,1.000000000000000000e+00,5.302876193624534574e-17,1.000000000000000000e+00,4.999999999999999445e-01,6.123233995736766036e-17,-8.660254037844387076e-01,-9.233604928347880100e-19,-8.660254037844387076e-01,0.000000000000000000e+00,-4.999999999999999445e-01,1.889158006724506178e-01,0.000000000000000000e+00,0.000000000000000000e+00,0.000000000000000000e+00,1.000000000000000000e+00
-3.061616997868382402e-17,1.000000000000000000e+00,5.302876193624534574e-17,1.000000000000000000e+00,4.999999999999999445e-01,6.123233995736766036e-17,-8.660254037844387076e-01,-1.792906014989562126e-19,-8.660254037844387076e-01,0.000000000000000000e+00,-4.999999999999999445e-01,1.874722728495236412e-01,0.000000000000000000e+00,0.000000000000000000e+00,0.000000000000000000e+00,1.000000000000000000e+00
-3.061616997868382402e-17,1.000000000000000000e+00,5.302876193624534574e-17,1.000000000000000000e+00,4.999999999999999445e-01,6.123233995736766036e-17,-8.660254037844387076e-01,-2.482915099035244800e-18,-8.660254037844387076e-01,0.000000000000000000e+00,-4.999999999999999445e-01,1.860030260834991400e-01,0.000000000000000000e+00,0.000000000000000000e+00,0.000000000000000000e+00,1.000000000000000000e+00
-3.061616997868382402e-17,1.000000000000000000e+00,5.302876193624534574e-17,1.000000000000000000e+00,4.999999999999999445e-01,6.123233995736766036e-17,-8.660254037844387076e-01,-9.570077736738179006e-19,-8.660254037844387076e-01,0.000000000000000000e+00,-4.999999999999999445e-01,1.845085281108120312e-01,0.000000000000000000e+00,0.000000000000000000e+00,0.000000000000000000e+00,1.000000000000000000e+00
-3.061616997868382402e-17,1.000000000000000000e+00,5.302876193624534574e-17,1.000000000000000000e+00,4.999999999999999445e-01,6.123233995736766036e-17,-8.660254037844387076e-01,5.028232893320885338e-19,-8.660254037844387076e-01,0.000000000000000000e+00,-4.999999999999999445e-01,1.829892643518471473e-01,0.000000000000000000e+00,0.000000000000000000e+00,0.000000000000000000e+00,1.000000000000000000e+00
-3.061616997868382402e-17,1.000000000000000000e+00,5.302876193624534574e-17,1.000000000000000000e+00,4.999999999999999445e-01,6.123233995736766036e-17,-8.660254037844387076e-01,-1.464816120526084887e-18,-8.660254037844387076e-01,0.000000000000000000e+00,-4.999999999999999445e-01,1.814457374264473177e-01,0.000000000000000000e+00,0.000000000000000000e+00,0.000000000000000000e+00,1.000000000000000000e+00
-3.061616997868382402e-17,1.000000000000000000e+00,5.302876193624534574e-17,1.000000000000000000e+00,4.999999999999999445e-01,6.123233995736766036e-17,-8.660254037844387076e-01,-9.198696102394961174e-19,-8.660254037844387076e-01,0.000000000000000000e+00,-4.999999999999999445e-01,1.798784666694215606e-01,0.000000000000000000e+00,0.000000000000000000e+00,0.000000000000000000e+00,1.000000000000000000e+00
-3.061616997868382402e-17,1.000000000000000000e+00,5.302876193624534574e-17,1.000000000000000000e+00,4.999999999999999445e-01,6.123233995736766036e-17,-8.660254037844387076e-01,1.577810384652573617e-18,-8.660254037844387076e-01,0.000000000000000000e+00,-4.999999999999999445e-01,1.782879876460534418e-01,0.000000000000000000e+00,0.000000000000000000e+00,0.000000000000000000e+00,1.000000000000000000e+00
-3.061616997868382402e-17,1.000000000000000000e+00,5.302876193624534574e-17,1.000000000000000000e+00,4.999999999999999445e-01,6.123233995736766036e-17,-8.660254037844387076e-01,2.224631101648304066e-18,-8.660254037844387076e-01,0.000000000000000000e+00,-4.999999999999999445e-01,1.766748516676092395e-01,0.000000000000000000e+00,0.000000000000000000e+00,0.000000000000000000e+00,1.000000000000000000e+00
-3.061616997868382402e-17,1.000000000000000000e+00,5.302876193624534574e-17,1.000000000000000000e+00,4.999999999999999445e-01,6.123233995736766036e-17,-8.660254037844387076e-01,-8.178276010191294043e-20,-8.660254037844387076e-01,0.000000000000000000e+00,-4.999999999999999445e-01,1.750396253068461361e-01,0.000000000000000000e+00,0.000000000000000000e+00,0.000000000000000000e+00,1.000000000000000000e+00
-3.061616997868382402e-17,1.000000000000000000e+00,5.302876193624534574e-17,1.000000000000000000e+00,4.999999999999999445e-01,6.123233995736766036e-17,-8.660254037844387076e-01,3.764701441842979783e-19,-8.660254037844387076e-01,0.000000000000000000e+00,-4.999999999999999445e-01,1.733828899135204382e-01,0.000000000000000000e+00,0.000000000000000000e+00,0.000000000000000000e+00,1.000000000000000000e+00
-3.061616997868382402e-17,1.000000000000000000e+00,5.302876193624534574e-17,1.000000000000000000e+00,4.999999999999999445e-01,6.123233995736766036e-17,-8.660254037844387076e-01,1.872305288216276983e-19,-8.660254037844387076e-01,0.000000000000000000e+00,-4.999999999999999445e-01,1.717052411298958803e-01,0.000000000000000000e+00,0.000000000000000000e+00,0.000000000000000000e+00,1.000000000000000000e+00
-3.061616997868382402e-17,1.000000000000000000e+00,5.302876193624534574e-17,1.000000000000000000e+00,4.999999999999999445e-01,6.123233995736766036e-17,-8.660254037844387076e-01,5.883932658554510222e-19,-8.660254037844387076e-01,0.000000000000000000e+00,-4.999999999999999445e-01,1.700072884062518719e-01,0.000000000000000000e+00,0.000000000000000000e+00,0.000000000000000000e+00,1.000000000000000000e+00
-3.061616997868382402e-17,1.000000000000000000e+00,5.302876193624534574e-17,1.000000000000000000e+00,4.999999999999999445e-01,6.123233995736766036e-17,-8.660254037844387076e-01,8.139251985480654343e-19,-8.660254037844387076e-01,0.000000000000000000e+00,-4.999999999999999445e-01,1.682896545163914404e-01,0.000000000000000000e+00,0.000000000000000000e+00,0.000000000000000000e+00,1.000000000000000000e+00
-3.061616997868382402e-17,1.000000000000000000e+00,5.302876193624534574e-17,1.000000000000000000e+00,4.999999999999999445e-01,6.123233995736766036e-17,-8.660254037844387076e-01,7.517262353561730889e-19,-8.660254037844387076e-01,0.000000000000000000e+00,-4.999999999999999445e-01,1.665529750731498393e-01,0.000000000000000000e+00,0.000000000000000000e+00,0.000000000000000000e+00,1.000000000000000000e+00
-3.061616997868382402e-17,1.000000000000000000e+00,5.302876193624534574e-17,1.000000000000000000e+00,4.999999999999999445e-01,6.123233995736766036e-17,-8.660254037844387076e-01,1.377518911358491288e-18,-8.660254037844387076e-01,0.000000000000000000e+00,-4.999999999999999445e-01,1.647978980439025742e-01,0.000000000000000000e+00,0.000000000000000000e+00,0.000000000000000000e+00,1.000000000000000000e+00
-3.061616997868382402e-17,1.000000000000000000e+00,5.302876193624534574e-17,1.000000000000000000e+00,4.999999999999999445e-01,6.123233995736766036e-17,-8.660254037844387076e-01,1.758598902577194041e-19,-8.660254037844387076e-01,0.000000000000000000e+00,-4.999999999999999445e-01,1.630250832660735949e-01,0.000000000000000000e+00,0.000000000000000000e+00,0.000000000000000000e+00,1.000000000000000000e+00
-3.061616997868382402e-17,1.000000000000000000e+00,5.302876193624534574e-17,1.000000000000000000e+00,4.999999999999999445e-01,6.123233995736766036e-17,-8.660254037844387076e-01,-6.575583011726367771e-19,-8.660254037844387076e-01,0.000000000000000000e+00,-4.999999999999999445e-01,1.612352019626435984e-01,0.000000000000000000e+00,0.000000000000000000e+00,0.000000000000000000e+00,1.000000000000000000e+00
-3.061616997868382402e-17,1.000000000000000000e+00,5.302876193624534574e-17,1.000000000000000000e+00,4.999999999999999445e-01,6.123233995736766036e-17,-8.660254037844387076e-01,4.392083683704365791e-18,-8.660254037844387076e-01,0.000000000000000000e+00,-4.999999999999999445e-01,1.594289362576582769e-01,0.000000000000000000e+00,0.000000000000000000e+00,0.000000000000000000e+00,1.000000000000000000e+00
-3.061616997868382402e-17,1.000000000000000000e+00,5.302876193624534574e-17,1.000000000000000000e+00,4.999999999999999445e-01,6.123233995736766036e-17,-8.660254037844387076e-01,4.954670453934371976e-18,-8.660254037844387076e-01,0.000000000000000000e+00,-4.999999999999999445e-01,1.576069786917363991e-01,0.000000000000000000e+00,0.000000000000000000e+00,0.000000000000000000e+00,1.000000000000000000e+00
-3.061616997868382402e-17,1.000000000000000000e+00,5.302876193624534574e-17,1.000000000000000000e+00,4.999999999999999445e-01,6.123233995736766036e-17,-8.660254037844387076e-01,2.433054476984553652e-18,-8.660254037844387076e-01,0.000000000000000000e+00,-4.999999999999999445e-01,1.557700317375783072e-01,0.000000000000000000e+00,0.000000000000000000e+00,0.000000000000000000e+00,1.000000000000000000e+00
-3.061616997868382402e-17,1.000000000000000000e+00,5.302876193624534574e-17,1.000000000000000000e+00,4.999999999999999445e-01,6.123233995736766036e-17,-8.660254037844387076e-01,2.884256137750553116e-18,-8.660254037844387076e-01,0.000000000000000000e+00,-4.999999999999999445e-01,1.539188073154737491e-01,0.000000000000000000e+00,0.000000000000000000e+00,0.000000000000000000e+00,1.000000000000000000e+00
-3.061616997868382402e-17,1.000000000000000000e+00,5.302876193624534574e-17,1.000000000000000000e+00,4.999999999999999445e-01,6.123233995736766036e-17,-8.660254037844387076e-01,-1.819897304265562206e-18,-8.660254037844387076e-01,0.000000000000000000e+00,-4.999999999999999445e-01,1.520540263088103750e-01,0.000000000000000000e+00,0.000000000000000000e+00,0.000000000000000000e+00,1.000000000000000000e+00
-3.061616997868382402e-17,1.000000000000000000e+00,5.302876193624534574e-17,1.000000000000000000e+00,4.999999999999999445e-01,6.123233995736766036e-17,-8.660254037844387076e-01,-1.653319160867319431e-18,-8.660254037844387076e-01,0.000000000000000000e+00,-4.999999999999999445e-01,1.501764180795821246e-01,0.000000000000000000e+00,0.000000000000000000e+00,0.000000000000000000e+00,1.000000000000000000e+00
-3.061616997868382402e-17,1.000000000000000000e+00,5.302876193624534574e-17,1.000000000000000000e+00,4.999999999999999445e-01,6.123233995736766036e-17,-8.660254037844387076e-01,-1.699862937749377491e-18,-8.660254037844387076e-01,0.000000000000000000e+00,-4.999999999999999445e-01,1.482867199838969474e-01,0.000000000000000000e+00,0.000000000000000000e+00,0.000000000000000000e+00,1.000000000000000000e+00
-3.061616997868382402e-17,1.000000000000000000e+00,5.302876193624534574e-17,1.000000000000000000e+00,4.999999999999999445e-01,6.123233995736766036e-17,-8.660254037844387076e-01,-4.688037923746997710e-18,-8.660254037844387076e-01,0.000000000000000000e+00,-4.999999999999999445e-01,1.463856768874854941e-01,0.000000000000000000e+00,0.000000000000000000e+00,0.000000000000000000e+00,1.000000000000000000e+00
-3.061616997868382402e-17,1.000000000000000000e+00,5.302876193624534574e-17,1.000000000000000000e+00,4.999999999999999445e-01,6.123233995736766036e-17,-8.660254037844387076e-01,-5.410751916853982847e-18,-8.660254037844387076e-01,0.000000000000000000e+00,-4.999999999999999445e-01,1.444740406812090039e-01,0.000000000000000000e+00,0.000000000000000000e+00,0.000000000000000000e+00,1.000000000000000000e+00
-3.061616997868382402e-17,1.000000000000000000e+00,5.302876193624534574e-17,1.000000000000000000e+00,4.999999999999999445e-01,6.123233995736766036e-17,-8.660254037844387076e-01,-1.945237938059651867e-18,-8.660254037844387076e-01,0.000000000000000000e+00,-4.999999999999999445e-01,1.425525697965678851e-01,0.000000000000000000e+00,0.000000000000000000e+00,0.000000000000000000e+00,1.000000000000000000e+00
-3.061616997868382402e-17,1.000000000000000000e+00,5.302876193624534574e-17,1.000000000000000000e+00,4.999999999999999445e-01,6.123233995736766036e-17,-8.660254037844387076e-01,-5.311665615336920029e-18,-8.660254037844387076e-01,0.000000000000000000e+00,-4.999999999999999445e-01,1.406220287212096021e-01,0.000000000000000000e+00,0.000000000000000000e+00,0.000000000000000000e+00,1.000000000000000000e+00
-3.061616997868382402e-17,1.000000000000000000e+00,5.302876193624534574e-17,1.000000000000000000e+00,4.999999999999999445e-01,6.123233995736766036e-17,-8.660254037844387076e-01,1.166286124508594104e-18,-8.660254037844387076e-01,0.000000000000000000e+00,-4.999999999999999445e-01,1.386831875144369786e-01,0.000000000000000000e+00,0.000000000000000000e+00,0.000000000000000000e+00,1.000000000000000000e+00
-3.061616997868382402e-17,1.000000000000000000e+00,5.302876193624534574e-17,1.000000000000000000e+00,4.999999999999999445e-01,6.123233995736766036e-17,-8.660254037844387076e-01,7.081641644953109573e-19,-8.660254037844387076e-01,0.000000000000000000e+00,-4.999999999999999445e-01,1.367368213227168061e-01,0.000000000000000000e+00,0.000000000000000000e+00,0.000000000000000000e+00,1.000000000000000000e+00
-3.061616997868382402e-17,1.000000000000000000e+00,5.302876193624534574e-17,1.000000000000000000e+00,4.999999999999999445e-01,6.123233995736766036e-17,-8.660254037844387076e-01,-2.703999374637246988e-18,-8.660254037844387076e-01,0.000000000000000000e+00,-4.999999999999999445e-01,1.347837098951872314e-01,0.000000000000000000e+00,0.000000000000000000e+00,0.000000000000000000e+00,1.000000000000000000e+00
-3.061616997868382402e-17,1.000000000000000000e+00,5.302876193624534574e-17,1.000000000000000000e+00,4.999999999999999445e-01,6.123233995736766036e-17,-8.660254037844387076e-01,1.598734798294394527e-18,-8.660254037844387076e-01,0.000000000000000000e+00,-4.999999999999999445e-01,1.328246370991669756e-01,0.000000000000000000e+00,0.000000000000000000e+00,0.000000000000000000e+00,1.000000000000000000e+00
-3.061616997868382402e-17,1.000000000000000000e+00,5.302876193624534574e-17,1.000000000000000000e+00,4.999999999999999445e-01,6.123233995736766036e-17,-8.660254037844387076e-01,9.951102169693933864e-19,-8.660254037844387076e-01,0.000000000000000000e+00,-4.999999999999999445e-01,1.308603904356627767e-01,0.000000000000000000e+00,0.000000000000000000e+00,0.000000000000000000e+00,1.000000000000000000e+00
-3.061616997868382402e-17,1.000000000000000000e+00,5.302876193624534574e-17,1.000000000000000000e+00,4.999999999999999445e-01,6.123233995736766036e-17,-8.660254037844387076e-01,-7.165335432451065887e-19,-8.660254037844387076e-01,0.000000000000000000e+00,-4.999999999999999445e-01,1.288917605548781098e-01,0.000000000000000000e+00,0.000000000000000000e+00,0.000000000000000000e+00,1.000000000000000000e+00
-3.061616997868382402e-17,1.000000000000000000e+00,5.302876193624534574e-17,1.000000000000000000e+00,4.999999999999999445e-01,6.123233995736766036e-17,-8.660254037844387076e-01,-1.410336656473775327e-18,-8.660254037844387076e-01,0.000000000000000000e+00,-4.999999999999999445e-01,1.269195407717210178e-01,0.000000000000000000e+00,0.000000000000000000e+00,0.000000000000000000e+00,1.000000000000000000e+00
-3.061616997868382402e-17,1.000000000000000000e+00,5.302876193624534574e-17,1.000000000000000000e+00,4.999999999999999445e-01,6.123233995736766036e-17,-8.660254037844387076e-01,3.519512550928876696e-18,-8.660254037844387076e-01,0.000000000000000000e+00,-4.999999999999999445e-01,1.249445265813126649e-01,0.000000000000000000e+00,0.000000000000000000e+00,0.000000000000000000e+00,1.000000000000000000e+00
-3.061616997868382402e-17,1.000000000000000000e+00,5.302876193624534574e-17,1.000000000000000000e+00,4.999999999999999445e-01,6.123233995736766036e-17,-8.660254037844387076e-01,3.996337318157289455e-18,-8.660254037844387076e-01,0.000000000000000000e+00,-4.999999999999999445e-01,1.229675151744953621e-01,0.000000000000000000e+00,0.000000000000000000e+00,0.000000000000000000e+00,1.000000000000000000e+00
-3.061616997868382402e-17,1.000000000000000000e+00,5.302876193624534574e-17,1.000000000000000000e+00,4.999999999999999445e-01,6.123233995736766036e-17,-8.660254037844387076e-01,7.102234836281336629e-18,-8.660254037844387076e-01,0.000000000000000000e+00,-4.999999999999999445e-01,1.209893049533410092e-01,0.000000000000000000e+00,0.000000000000000000e+00,0.000000000000000000e+00,1.000000000000000000e+00
-3.061616997868382402e-17,1.000000000000000000e+00,5.302876193624534574e-17,1.000000000000000000e+00,4.999999999999999445e-01,6.123233995736766036e-17,-8.660254037844387076e-01,-4.486098128402124341e-18,-8.660254037844387076e-01,0.000000000000000000e+00,-4.999999999999999445e-01,1.190106950466589958e-01,0.000000000000000000e+00,0.000000000000000000e+00,0.000000000000000000e+00,1.000000000000000000e+00
-3.061616997868382402e-17,1.000000000000000000e+00,5.302876193624534574e-17,1.000000000000000000e+00,4.999999999999999445e-01,6.123233995736766036e-17,-8.660254037844387076e-01,4.790704076391041951e-19,-8.660254037844387076e-01,0.000000000000000000e+00,-4.999999999999999445e-01,1.170324848255046013e-01,0.000000000000000000e+00,0.000000000000000000e+00,0.000000000000000000e+00,1.000000000000000000e+00
-3.061616997868382402e-17,1.000000000000000000e+00,5.302876193624534574e-17,1.000000000000000000e+00,4.999999999999999445e-01,6.123233995736766036e-17,-8.660254037844387076e-01,4.176247042940382608e-18,-8.660254037844387076e-01,0.000000000000000000e+00,-4.999999999999999445e-01,1.150554734186873540e-01,0.000000000000000000e+00,0.000000000000000000e+00,0.000000000000000000e+00,1.000000000000000000e+00
-3.061616997868382402e-17,1.000000000000000000e+00,5.302876193624534574e-17,1.000000000000000000e+00,4.999999999999999445e-01,6.123233995736766036e-17,-8.660254037844387076e-01,4.026473364352987616e-18,-8.660254037844387076e-01,0.000000000000000000e+00,-4.999999999999999445e-01,1.130804592282789733e-01,0.000000000000000000e+00,0.000000000000000000e+00,0.000000000000000000e+00,1.000000000000000000e+00
-3.061616997868382402e-17,1.000000000000000000e+00,5.302876193624534574e-17,1.000000000000000000e+00,4.999999999999999445e-01,6.123233995736766036e-17,-8.660254037844387076e-01,4.262305760082909558e-18,-8.660254037844387076e-01,0.000000000000000000e+00,-4.999999999999999445e-01,1.111082394451218813e-01,0.000000000000000000e+00,0.000000000000000000e+00,0.000000000000000000e+00,1.000000000000000000e+00
-3.061616997868382402e-17,1.000000000000000000e+00,5.302876193624534574e-17,1.000000000000000000e+00,4.999999999999999445e-01,6.123233995736766036e-17,-8.660254037844387076e-01,1.621026490909818902e-18,-8.660254037844387076e-01,0.000000000000000000e+00,-4.999999999999999445e-01,1.091396095643372005e-01,0.000000000000000000e+00,0.000000000000000000e+00,0.000000000000000000e+00,1.000000000000000000e+00
-3.061616997868382402e-17,1.000000000000000000e+00,5.302876193624534574e-17,1.000000000000000000e+00,4.999999999999999445e-01,6.123233995736766036e-17,-8.660254037844387076e-01,5.665579454377771167e-18,-8.660254037844387076e-01,0.000000000000000000e+00,-4.999999999999999445e-01,1.071753629008329600e-01,0.000000000000000000e+00,0.000000000000000000e+00,0.000000000000000000e+00,1.000000000000000000e+00
-3.061616997868382402e-17,1.000000000000000000e+00,5.302876193624534574e-17,1.000000000000000000e+00,4.999999999999999445e-01,6.123233995736766036e-17,-8.660254037844387076e-01,5.320136082516459277e-18,-8.660254037844387076e-01,0.000000000000000000e+00,-4.999999999999999445e-01,1.052162901048127597e-01,0.000000000000000000e+00,0.000000000000000000e+00,0.000000000000000000e+00,1.000000000000000000e+00
-3.061616997868382402e-17,1.000000000000000000e+00,5.302876193624534574e-17,1.000000000000000000e+00,4.999999999999999445e-01,6.123233995736766036e-17,-8.660254037844387076e-01,9.783370344253106501e-19,-8.660254037844387076e-01,0.000000000000000000e+00,-4.999999999999999445e-01,1.032631786772832266e-01,0.000000000000000000e+00,0.000000000000000000e+00,0.000000000000000000e+00,1.000000000000000000e+00
-3.061616997868382402e-17,1.000000000000000000e+00,5.302876193624534574e-17,1.000000000000000000e+00,4.999999999999999445e-01,6.123233995736766036e-17,-8.660254037844387076e-01,5.202150744120275038e-19,-8.660254037844387076e-01,0.000000000000000000e+00,-4.999999999999999445e-01,1.013168124855630126e-01,0.000000000000000000e+00,0.000000000000000000e+00,0.000000000000000000e+00,1.000000000000000000e+00
-3.061616997868382402e-17,1.000000000000000000e+00,5.302876193624534574e-17,1.000000000000000000e+00,4.999999999999999445e-01,6.123233995736766036e-17,-8.660254037844387076e-01,4.707450455143266663e-18,-8.660254037844387076e-01,0.000000000000000000e+00,-4.999999999999999445e-01,9.937797127879036130e-02,0.000000000000000000e+00,0.000000000000000000e+00,0.000000000000000000e+00,1.000000000000000000e+00
-3.061616997868382402e-17,1.000000000000000000e+00,5.302876193624534574e-17,1.000000000000000000e+00,4.999999999999999445e-01,6.123233995736766036e-17,-8.660254037844387076e-01,4.561374645938864156e-18,-8.660254037844387076e-01,0.000000000000000000e+00,-4.999999999999999445e-01,9.744743020343213380e-02,0.000000000000000000e+00,0.000000000000000000e+00,0.000000000000000000e+00,1.000000000000000000e+00
-3.061616997868382402e-17,1.000000000000000000e+00,5.302876193624534574e-17,1.000000000000000000e+00,4.999999999999999445e-01,6.123233995736766036e-17,-8.660254037844387076e-01,4.806536756660329482e-18,-8.660254037844387076e-01,0.000000000000000000e+00,-4.999999999999999445e-01,9.552595931879095947e-02,0.000000000000000000e+00,0.000000000000000000e+00,0.000000000000000000e+00,1.000000000000000000e+00
-3.061616997868382402e-17,1.000000000000000000e+00,5.302876193624534574e-17,1.000000000000000000e+00,4.999999999999999445e-01,6.123233995736766036e-17,-8.660254037844387076e-01,-3.353261308115381104e-18,-8.660254037844387076e-01,0.000000000000000000e+00,-4.999999999999999445e-01,9.361432311251458027e-02,0.000000000000000000e+00,0.000000000000000000e+00,0.000000000000000000e+00,1.000000000000000000e+00
-3.061616997868382402e-17,1.000000000000000000e+00,5.302876193624534574e-17,1.000000000000000000e+00,4.999999999999999445e-01,6.123233995736766036e-17,-8.660254037844387076e-01,1.660122685971334446e-19,-8.660254037844387076e-01,0.000000000000000000e+00,-4.999999999999999445e-01,9.171328001610301595e-02,0.000000000000000000e+00,0.000000000000000000e+00,0.000000000000000000e+00,1.000000000000000000e+00
-3.061616997868382402e-17,1.000000000000000000e+00,5.302876193624534574e-17,1.000000000000000000e+00,4.999999999999999445e-01,6.123233995736766036e-17,-8.660254037844387076e-01,7.058362395622303762e-18,-8.660254037844387076e-01,0.000000000000000000e+00,-4.999999999999999445e-01,8.982358192041783873e-02,0.000000000000000000e+00,0.000000000000000000e+00,0.000000000000000000e+00,1.000000000000000000e+00
-3.061616997868382402e-17,1.000000000000000000e+00,5.302876193624534574e-17,1.000000000000000000e+00,4.999999999999999445e-01,6.123233995736766036e-17,-8.660254037844387076e-01,4.436034012144774495e-18,-8.660254037844387076e-01,0.000000000000000000e+00,-4.999999999999999445e-01,8.794597369118961616e-02,0.000000000000000000e+00,0.000000000000000000e+00,0.000000000000000000e+00,1.000000000000000000e+00
-3.061616997868382402e-17,1.000000000000000000e+00,5.302876193624534574e-17,1.000000000000000000e+00,4.999999999999999445e-01,6.123233995736766036e-17,-8.660254037844387076e-01,6.670774474035887550e-18,-8.660254037844387076e-01,0.000000000000000000e+00,-4.999999999999999445e-01,8.608119268452626982e-02,0.000000000000000000e+00,0.000000000000000000e+00,0.000000000000000000e+00,1.000000000000000000e+00
-3.061616997868382402e-17,1.000000000000000000e+00,5.302876193624534574e-17,1.000000000000000000e+00,4.999999999999999445e-01,6.123233995736766036e-17,-8.660254037844387076e-01,2.473798590008933608e-18,-8.660254037844387076e-01,0.000000000000000000e+00,-4.999999999999999445e-01,8.422996826242176716e-02,0.000000000000000000e+00,0.000000000000000000e+00,0.000000000000000000e+00,1.000000000000000000e+00
-3.061616997868382402e-17,1.000000000000000000e+00,5.302876193624534574e-17,1.000000000000000000e+00,4.999999999999999445e-01,6.123233995736766036e-17,-8.660254037844387076e-01,8.318902193686431414e-18,-8.660254037844387076e-01,0.000000000000000000e+00,-4.999999999999999445e-01,8.239302130826353654e-02,0.000000000000000000e+00,0.000000000000000000e+00,0.000000000000000000e+00,1.000000000000000000e+00
-3.061616997868382402e-17,1.000000000000000000e+00,5.302876193624534574e-17,1.000000000000000000e+00,4.999999999999999445e-01,6.123233995736766036e-17,-8.660254037844387076e-01,-2.207392317022247113e-18,-8.660254037844387076e-01,0.000000000000000000e+00,-4.999999999999999445e-01,8.057106374234163093e-02,0.000000000000000000e+00,0.000000000000000000e+00,0.000000000000000000e+00,1.000000000000000000e+00
-3.061616997868382402e-17,1.000000000000000000e+00,5.302876193624534574e-17,1.000000000000000000e+00,4.999999999999999445e-01,6.123233995736766036e-17,-8.660254037844387076e-01,4.452425601891188282e-18,-8.660254037844387076e-01,0.000000000000000000e+00,-4.999999999999999445e-01,7.876479803735630947e-02,0.000000000000000000e+00,0.000000000000000000e+00,0.000000000000000000e+00,1.000000000000000000e+00
-3.061616997868382402e-17,1.000000000000000000e+00,5.302876193624534574e-17,1.000000000000000000e+00,4.999999999999999445e-01,6.123233995736766036e-17,-8.660254037844387076e-01,-3.486297092542791588e-19,-8.660254037844387076e-01,0.000000000000000000e+00,-4.999999999999999445e-01,7.697491673392645173e-02,0.000000000000000000e+00,0.000000000000000000e+00,0.000000000000000000e+00,1.000000000000000000e+00
-3.061616997868382402e-17,1.000000000000000000e+00,5.302876193624534574e-17,1.000000000000000000e+00,4.999999999999999445e-01,6.123233995736766036e-17,-8.660254037844387076e-01,1.703435551000016341e-18,-8.660254037844387076e-01,0.000000000000000000e+00,-4.999999999999999445e-01,7.520210195609738912e-02,0.000000000000000000e+00,0.000000000000000000e+00,0.000000000000000000e+00,1.000000000000000000e+00
-3.061616997868382402e-17,1.000000000000000000e+00,5.302876193624534574e-17,1.000000000000000000e+00,4.999999999999999445e-01,6.123233995736766036e-17,-8.660254037844387076e-01,1.648687801924492394e-18,-8.660254037844387076e-01,0.000000000000000000e+00,-4.999999999999999445e-01,7.344702492685012407e-02,0.000000000000000000e+00,0.000000000000000000e+00,0.000000000000000000e+00,1.000000000000000000e+00
-3.061616997868382402e-17,1.000000000000000000e+00,5.302876193624534574e-17,1.000000000000000000e+00,4.999999999999999445e-01,6.123233995736766036e-17,-8.660254037844387076e-01,-1.071449544832762561e-17,-8.660254037844387076e-01,0.000000000000000000e+00,-4.999999999999999445e-01,7.171034548360863403e-02,0.000000000000000000e+00,0.000000000000000000e+00,0.000000000000000000e+00,1.000000000000000000e+00
-3.061616997868382402e-17,1.000000000000000000e+00,5.302876193624534574e-17,1.000000000000000000e+00,4.999999999999999445e-01,6.123233995736766036e-17,-8.660254037844387076e-01,7.821279166373852158e-18,-8.660254037844387076e-01,0.000000000000000000e+00,-4.999999999999999445e-01,6.999271159374806373e-02,0.000000000000000000e+00,0.000000000000000000e+00,0.000000000000000000e+00,1.000000000000000000e+00
-3.061616997868382402e-17,1.000000000000000000e+00,5.302876193624534574e-17,1.000000000000000000e+00,4.999999999999999445e-01,6.123233995736766036e-17,-8.660254037844387076e-01,-4.759082808730392323e-18,-8.660254037844387076e-01,0.000000000000000000e+00,-4.999999999999999445e-01,6.829475887010416635e-02,0.000000000000000000e+00,0.000000000000000000e+00,0.000000000000000000e+00,1.000000000000000000e+00
-3.061616997868382402e-17,1.000000000000000000e+00,5.302876193624534574e-17,1.000000000000000000e+00,4.999999999999999445e-01,6.123233995736766036e-17,-8.660254037844387076e-01,-6.989943699326589040e-18,-8.660254037844387076e-01,0.000000000000000000e+00,-4.999999999999999445e-01,6.661711008647949739e-02,0.000000000000000000e+00,0.000000000000000000e+00,0.000000000000000000e+00,1.000000000000000000e+00
-3.061616997868382402e-17,1.000000000000000000e+00,5.302876193624534574e-17,1.000000000000000000e+00,4.999999999999999445e-01,6.123233995736766036e-17,-8.660254037844387076e-01,-7.245603633400421997e-18,-8.660254037844387076e-01,0.000000000000000000e+00,-4.999999999999999445e-01,6.496037469315388280e-02,0.000000000000000000e+00,0.000000000000000000e+00,0.000000000000000000e+00,1.000000000000000000e+00
-3.061616997868382402e-17,1.000000000000000000e+00,5.302876193624534574e-17,1.000000000000000000e+00,4.999999999999999445e-01,6.123233995736766036e-17,-8.660254037844387076e-01,2.466499294746636390e-18,-8.660254037844387076e-01,0.000000000000000000e+00,-4.999999999999999445e-01,6.332514833239077934e-02,0.000000000000000000e+00,0.000000000000000000e+00,0.000000000000000000e+00,1.000000000000000000e+00
-3.061616997868382402e-17,1.000000000000000000e+00,5.302876193624534574e-17,1.000000000000000000e+00,4.999999999999999445e-01,6.123233995736766036e-17,-8.660254037844387076e-01,4.474400861898051130e-18,-8.660254037844387076e-01,0.000000000000000000e+00,-4.999999999999999445e-01,6.171201235394663254e-02,0.000000000000000000e+00,0.000000000000000000e+00,0.000000000000000000e+00,1.000000000000000000e+00
-3.061616997868382402e-17,1.000000000000000000e+00,5.302876193624534574e-17,1.000000000000000000e+00,4.999999999999999445e-01,6.123233995736766036e-17,-8.660254037844387076e-01,3.785101401999456941e-18,-8.660254037844387076e-01,0.000000000000000000e+00,-4.999999999999999445e-01,6.012153333057840277e-02,0.000000000000000000e+00,0.000000000000000000e+00,0.000000000000000000e+00,1.000000000000000000e+00
-3.061616997868382402e-17,1.000000000000000000e+00,5.302876193624534574e-17,1.000000000000000000e+00,4.999999999999999445e-01,6.123233995736766036e-17,-8.660254037844387076e-01,-1.208755133852343455e-17,-8.660254037844387076e-01,0.000000000000000000e+00,-4.999999999999999445e-01,5.855426257355264563e-02,0.000000000000000000e+00,0.000000000000000000e+00,0.000000000000000000e+00,1.000000000000000000e+00
-3.061616997868382402e-17,1.000000000000000000e+00,5.302876193624534574e-17,1.000000000000000000e+00,4.999999999999999445e-01,6.123233995736766036e-17,-8.660254037844387076e-01,5.831855454381486479e-18,-8.660254037844387076e-01,0.000000000000000000e+00,-4.999999999999999445e-01,5.701073564815278827e-02,0.000000000000000000e+00,0.000000000000000000e+00,0.000000000000000000e+00,1.000000000000000000e+00
-3.061616997868382402e-17,1.000000000000000000e+00,5.302876193624534574e-17,1.000000000000000000e+00,4.999999999999999445e-01,6.123233995736766036e-17,-8.660254037844387076e-01,-4.262012518030587139e-18,-8.660254037844387076e-01,0.000000000000000000e+00,-4.999999999999999445e-01,5.549147188918787665e-02,0.000000000000000000e+00,0.000000000000000000e+00,0.000000000000000000e+00,1.000000000000000000e+00
-3.061616997868382402e-17,1.000000000000000000e+00,5.302876193624534574e-17,1.000000000000000000e+00,4.999999999999999445e-01,6.123233995736766036e-17,-8.660254037844387076e-01,3.239780788997275726e-18,-8.660254037844387076e-01,0.000000000000000000e+00,-4.999999999999999445e-01,5.399697391650090661e-02,0.000000000000000000e+00,0.000000000000000000e+00,0.000000000000000000e+00,1.000000000000000000e+00
-3.061616997868382402e-17,1.000000000000000000e+00,5.302876193624534574e-17,1.000000000000000000e+00,4.999999999999999445e-01,6.123233995736766036e-17,-8.660254037844387076e-01,7.659327524769668711e-18,-8.660254037844387076e-01,0.000000000000000000e+00,-4.999999999999999445e-01,5.252772715047632213e-02,0.000000000000000000e+00,0.000000000000000000e+00,0.000000000000000000e+00,1.000000000000000000e+00
-3.061616997868382402e-17,1.000000000000000000e+00,5.302876193624534574e-17,1.000000000000000000e+00,4.999999999999999445e-01,6.123233995736766036e-17,-8.660254037844387076e-01,3.041307032952503228e-18,-8.660254037844387076e-01,0.000000000000000000e+00,-4.999999999999999445e-01,5.108419932754948434e-02,0.000000000000000000e+00,0.000000000000000000e+00,0.000000000000000000e+00,1.000000000000000000e+00
-3.061616997868382402e-17,1.000000000000000000e+00,5.302876193624534574e-17,1.000000000000000000e+00,4.999999999999999445e-01,6.123233995736766036e-17,-8.660254037844387076e-01,4.133712084941490179e-18,-8.660254037844387076e-01,0.000000000000000000e+00,-4.999999999999999445e-01,4.966684001571328166e-02,0.000000000000000000e+00,0.000000000000000000e+00,0.000000000000000000e+00,1.000000000000000000e+00
-3.061616997868382402e-17,1.000000000000000000e+00,5.302876193624534574e-17,1.000000000000000000e+00,4.999999999999999445e-01,6.123233995736766036e-17,-8.660254037844387076e-01,-4.210493343057660713e-18,-8.660254037844387076e-01,0.000000000000000000e+00,-4.999999999999999445e-01,4.827608013002837595e-02,0.000000000000000000e+00,0.000000000000000000e+00,0.000000000000000000e+00,1.000000000000000000e+00
-3.061616997868382402e-17,1.000000000000000000e+00,5.302876193624534574e-17,1.000000000000000000e+00,4.999999999999999445e-01,6.123233995736766036e-17,-8.660254037844387076e-01,-6.930845809167683797e-19,-8.660254037844387076e-01,0.000000000000000000e+00,-4.999999999999999445e-01,4.691233144812911871e-02,0.000000000000000000e+00,0.000000000000000000e+00,0.000000000000000000e+00,1.000000000000000000e+00
-3.061616997868382402e-17,1.000000000000000000e+00,5.302876193624534574e-17,1.000000000000000000e+00,4.999999999999999445e-01,6.123233995736766036e-17,-8.660254037844387076e-01,-8.646655803445263180e-18,-8.660254037844387076e-01,0.000000000000000000e+00,-4.999999999999999445e-01,4.557598612573379726e-02,0.000000000000000000e+00,0.000000000000000000e+00,0.000000000000000000e+00,1.000000000000000000e+00
-3.061616997868382402e-17,1.000000000000000000e+00,5.302876193624534574e-17,1.000000000000000000e+00,4.999999999999999445e-01,6.123233995736766036e-17,-8.660254037844387076e-01,3.829378152761469626e-19,-8.660254037844387076e-01,0.000000000000000000e+00,-4.999999999999999445e-01,4.426741621215174449e-02,0.000000000000000000e+00,0.000000000000000000e+00,0.000000000000000000e+00,1.000000000000000000e+00
-3.061616997868382402e-17,1.000000000000000000e+00,5.302876193624534574e-17,1.000000000000000000e+00,4.999999999999999445e-01,6.123233995736766036e-17,-8.660254037844387076e-01,1.194534913361883464e-18,-8.660254037844387076e-01,0.000000000000000000e+00,-4.999999999999999445e-01,4.298697316579166983e-02,0.000000000000000000e+00,0.000000000000000000e+00,0.000000000000000000e+00,1.000000000000000000e+00
-3.061616997868382402e-17,1.000000000000000000e+00,5.302876193624534574e-17,1.000000000000000000e+00,4.999999999999999445e-01,6.123233995736766036e-17,-8.660254037844387076e-01,7.895110554213161428e-19,-8.660254037844387076e-01,0.000000000000000000e+00,-4.999999999999999445e-01,4.173498736967018452e-02,0.000000000000000000e+00,0.000000000000000000e+00,0.000000000000000000e+00,1.000000000000000000e+00
-3.061616997868382402e-17,1.000000000000000000e+00,5.302876193624534574e-17,1.000000000000000000e+00,4.999999999999999445e-01,6.123233995736766036e-17,-8.660254037844387076e-01,6.900105301326003854e-18,-8.660254037844387076e-01,0.000000000000000000e+00,-4.999999999999999445e-01,4.051176764692010490e-02,0.000000000000000000e+00,0.000000000000000000e+00,0.000000000000000000e+00,1.000000000000000000e+00
-3.061616997868382402e-17,1.000000000000000000e+00,5.302876193624534574e-17,1.000000000000000000e+00,4.999999999999999445e-01,6.123233995736766036e-17,-8.660254037844387076e-01,7.806862535608830211e-18,-8.660254037844387076e-01,0.000000000000000000e+00,-4.999999999999999445e-01,3.931760077629786743e-02,0.000000000000000000e+00,0.000000000000000000e+00,0.000000000000000000e+00,1.000000000000000000e+00
-3.061616997868382402e-17,1.000000000000000000e+00,5.302876193624534574e-17,1.000000000000000000e+00,4.999999999999999445e-01,6.123233995736766036e-17,-8.660254037844387076e-01,6.136888080082744510e-18,-8.660254037844387076e-01,0.000000000000000000e+00,-4.999999999999999445e-01,3.815275100769310868e-02,0.000000000000000000e+00,0.000000000000000000e+00,0.000000000000000000e+00,1.000000000000000000e+00
-3.061616997868382402e-17,1.000000000000000000e+00,5.302876193624534574e-17,1.000000000000000000e+00,4.999999999999999445e-01,6.123233995736766036e-17,-8.660254037844387076e-01,-1.914621352896675925e-18,-8.660254037844387076e-01,0.000000000000000000e+00,-4.999999999999999445e-01,3.701745957763521999e-02,0.000000000000000000e+00,0.000000000000000000e+00,0.000000000000000000e+00,1.000000000000000000e+00
-3.061616997868382402e-17,1.000000000000000000e+00,5.302876193624534574e-17,1.000000000000000000e+00,4.999999999999999445e-01,6.123233995736766036e-17,-8.660254037844387076e-01,9.802548999370076842e-18,-8.660254037844387076e-01,0.000000000000000000e+00,-4.999999999999999445e-01,3.591194422480326054e-02,0.000000000000000000e+00,0.000000000000000000e+00,0.000000000000000000e+00,1.000000000000000000e+00
-3.061616997868382402e-17,1.000000000000000000e+00,5.302876193624534574e-17,1.000000000000000000e+00,4.999999999999999445e-01,6.123233995736766036e-17,-8.660254037844387076e-01,5.099973539941924724e-18,-8.660254037844387076e-01,0.000000000000000000e+00,-4.999999999999999445e-01,3.483639870553364992e-02,0.000000000000000000e+00,0.000000000000000000e+00,0.000000000000000000e+00,1.000000000000000000e+00
-3.061616997868382402e-17,1.000000000000000000e+00,5.302876193624534574e-17,1.000000000000000000e+00,4.999999999999999445e-01,6.123233995736766036e-17,-8.660254037844387076e-01,5.175776708432707955e-18,-8.660254037844387076e-01,0.000000000000000000e+00,-4.999999999999999445e-01,3.379099230932686160e-02,0.000000000000000000e+00,0.000000000000000000e+00,0.000000000000000000e+00,1.000000000000000000e+00
-3.061616997868382402e-17,1.000000000000000000e+00,5.302876193624534574e-17,1.000000000000000000e+00,4.999999999999999445e-01,6.123233995736766036e-17,-8.660254037844387076e-01,-5.609833336397974135e-18,-8.660254037844387076e-01,0.000000000000000000e+00,-4.999999999999999445e-01,3.277586937435800207e-02,0.000000000000000000e+00,0.000000000000000000e+00,0.000000000000000000e+00,1.000000000000000000e+00
-3.061616997868382402e-17,1.000000000000000000e+00,5.302876193624534574e-17,1.000000000000000000e+00,4.999999999999999445e-01,6.123233995736766036e-17,-8.660254037844387076e-01,7.653617345693277768e-18,-8.660254037844387076e-01,0.000000000000000000e+00,-4.999999999999999445e-01,3.179114880298372636e-02,0.000000000000000000e+00,0.000000000000000000e+00,0.000000000000000000e+00,1.000000000000000000e+00
-3.061616997868382402e-17,1.000000000000000000e+00,5.302876193624534574e-17,1.000000000000000000e+00,4.999999999999999445e-01,6.123233995736766036e-17,-8.660254037844387076e-01,4.532842090811074888e-18,-8.660254037844387076e-01,0.000000000000000000e+00,-4.999999999999999445e-01,3.083692357725059674e-02,0.000000000000000000e+00,0.000000000000000000e+00,0.000000000000000000e+00,1.000000000000000000e+00
-3.061616997868382402e-17,1.000000000000000000e+00,5.302876193624534574e-17,1.000000000000000000e+00,4.999999999999999445e-01,6.123233995736766036e-17,-8.660254037844387076e-01,-8.702323231958307478e-18,-8.660254037844387076e-01,0.000000000000000000e+00,-4.999999999999999445e-01,2.991326027440319169e-02,0.000000000000000000e+00,0.000000000000000000e+00,0.000000000000000000e+00,1.000000000000000000e+00
-3.061616997868382402e-17,1.000000000000000000e+00,5.302876193624534574e-17,1.000000000000000000e+00,4.999999999999999445e-01,6.123233995736766036e-17,-8.660254037844387076e-01,9.634408239051691811e-18,-8.660254037844387076e-01,0.000000000000000000e+00,-4.999999999999999445e-01,2.902019858239304750e-02,0.000000000000000000e+00,0.000000000000000000e+00,0.000000000000000000e+00,1.000000000000000000e+00
-3.061616997868382402e-17,1.000000000000000000e+00,5.302876193624534574e-17,1.000000000000000000e+00,4.999999999999999445e-01,6.123233995736766036e-17,-8.660254037844387076e-01,9.159456260805764147e-18,-8.660254037844387076e-01,0.000000000000000000e+00,-4.999999999999999445e-01,2.815775081538615665e-02,0.000000000000000000e+00,0.000000000000000000e+00,0.000000000000000000e+00,1.000000000000000000e+00
-3.061616997868382402e-17,1.000000000000000000e+00,5.302876193624534574e-17,1.000000000000000000e+00,4.999999999999999445e-01,6.123233995736766036e-17,-8.660254037844387076e-01,2.666155638938834013e-18,-8.660254037844387076e-01,0.000000000000000000e+00,-4.999999999999999445e-01,2.732590142927154853e-02,0.000000000000000000e+00,0.000000000000000000e+00,0.000000000000000000e+00,1.000000000000000000e+00
-3.061616997868382402e-17,1.000000000000000000e+00,5.302876193624534574e-17,1.000000000000000000e+00,4.999999999999999445e-01,6.123233995736766036e-17,-8.660254037844387076e-01,-3.857649967222281307e-18,-8.660254037844387076e-01,0.000000000000000000e+00,-4.999999999999999445e-01,2.652460653716837147e-02,0.000000000000000000e+00,0.000000000000000000e+00,0.000000000000000000e+00,1.000000000000000000e+00
-3.061616997868382402e-17,1.000000000000000000e+00,5.302876193624534574e-17,1.000000000000000000e+00,4.999999999999999445e-01,6.123233995736766036e-17,-8.660254037844387076e-01,7.294009465235997532e-18,-8.660254037844387076e-01,0.000000000000000000e+00,-4.999999999999999445e-01,2.575379342493694379e-02,0.000000000000000000e+00,0.000000000000000000e+00,0.000000000000000000e+00,1.000000000000000000e+00
-3.061616997868382402e-17,1.000000000000000000e+00,5.302876193624534574e-17,1.000000000000000000e+00,4.999999999999999445e-01,6.123233995736766036e-17,-8.660254037844387076e-01,-1.047565906208925162e-18,-8.660254037844387076e-01,0.000000000000000000e+00,-4.999999999999999445e-01,2.501336006668394840e-02,0.000000000000000000e+00,0.000000000000000000e+00,0.000000000000000000e+00,1.000000000000000000e+00
-3.061616997868382402e-17,1.000000000000000000e+00,5.302876193624534574e-17,1.000000000000000000e+00,4.999999999999999445e-01,6.123233995736766036e-17,-8.660254037844387076e-01,3.442830088529579860e-18,-8.660254037844387076e-01,0.000000000000000000e+00,-4.999999999999999445e-01,2.430317464027192953e-02,0.000000000000000000e+00,0.000000000000000000e+00,0.000000000000000000e+00,1.000000000000000000e+00
-3.061616997868382402e-17,1.000000000000000000e+00,5.302876193624534574e-17,1.000000000000000000e+00,4.999999999999999445e-01,6.123233995736766036e-17,-8.660254037844387076e-01,2.401585953405129726e-18,-8.660254037844387076e-01,0.000000000000000000e+00,-4.999999999999999445e-01,2.362307504282751269e-02,0.000000000000000000e+00,0.000000000000000000e+00,0.000000000000000000e+00,1.000000000000000000e+00
-3.061616997868382402e-17,1.000000000000000000e+00,5.302876193624534574e-17,1.000000000000000000e+00,4.999999999999999445e-01,6.123233995736766036e-17,-8.660254037844387076e-01,8.915573604703785777e-18,-8.660254037844387076e-01,0.000000000000000000e+00,-4.999999999999999445e-01,2.297286840624984672e-02,0.000000000000000000e+00,0.000000000000000000e+00,0.000000000000000000e+00,1.000000000000000000e+00
-3.061616997868382402e-17,1.000000000000000000e+00,5.302876193624534574e-17,1.000000000000000000e+00,4.999999999999999445e-01,6.123233995736766036e-17,-8.660254037844387076e-01,-4.586508148109081926e-18,-8.660254037844387076e-01,0.000000000000000000e+00,-4.999999999999999445e-01,2.235233061271868493e-02,0.000000000000000000e+00,0.000000000000000000e+00,0.000000000000000000e+00,1.000000000000000000e+00
-3.061616997868382402e-17,1.000000000000000000e+00,5.302876193624534574e-17,1.000000000000000000e+00,4.999999999999999445e-01,6.123233995736766036e-17,-8.660254037844387076e-01,5.686993415880370451e-18,-8.660254037844387076e-01,0.000000000000000000e+00,-4.999999999999999445e-01,2.176120581020224432e-02,0.000000000000000000e+00,0.000000000000000000e+00,0.000000000000000000e+00,1.000000000000000000e+00
-3.061616997868382402e-17,1.000000000000000000e+00,5.302876193624534574e-17,1.000000000000000000e+00,4.999999999999999445e-01,6.123233995736766036e-17,-8.660254037844387076e-01,5.093114616746128576e-18,-8.660254037844387076e-01,0.000000000000000000e+00,-4.999999999999999445e-01,2.119920592796506464e-02,0.000000000000000000e+00,0.000000000000000000e+00,0.000000000000000000e+00,1.000000000000000000e+00
-3.061616997868382402e-17,1.000000000000000000e+00,5.302876193624534574e-17,1.000000000000000000e+00,4.999999999999999445e-01,6.123233995736766036e-17,-8.660254037844387076e-01,2.930090580721731647e-18,-8.660254037844387076e-01,0.000000000000000000e+00,-4.999999999999999445e-01,2.066601019207822687e-02,0.000000000000000000e+00,0.000000000000000000e+00,0.000000000000000000e+00,1.000000000000000000e+00
-3.061616997868382402e-17,1.000000000000000000e+00,5.302876193624534574e-17,1.000000000000000000e+00,4.999999999999999445e-01,6.123233995736766036e-17,-8.660254037844387076e-01,-2.776531810082079494e-19,-8.660254037844387076e-01,0.000000000000000000e+00,-4.999999999999999445e-01,2.016126464092454773e-02,0.000000000000000000e+00,0.000000000000000000e+00,0.000000000000000000e+00,1.000000000000000000e+00
-3.061616997868382402e-17,1.000000000000000000e+00,5.302876193624534574e-17,1.000000000000000000e+00,4.999999999999999445e-01,6.123233995736766036e-17,-8.660254037844387076e-01,-2.822837322733661891e-18,-8.660254037844387076e-01,0.000000000000000000e+00,-4.999999999999999445e-01,1.968458164071015815e-02,0.000000000000000000e+00,0.000000000000000000e+00,0.000000000000000000e+00,1.000000000000000000e+00
-3.061616997868382402e-17,1.000000000000000000e+00,5.302876193624534574e-17,1.000000000000000000e+00,4.999999999999999445e-01,6.123233995736766036e-17,-8.660254037844387076e-01,1.041065888854487449e-17,-8.660254037844387076e-01,0.000000000000000000e+00,-4.999999999999999445e-01,1.923553940096925374e-02,0.000000000000000000e+00,0.000000000000000000e+00,0.000000000000000000e+00,1.000000000000000000e+00
-3.061616997868382402e-17,1.000000000000000000e+00,5.302876193624534574e-17,1.000000000000000000e+00,4.999999999999999445e-01,6.123233995736766036e-17,-8.660254037844387076e-01,7.652631301224253952e-18,-8.660254037844387076e-01,0.000000000000000000e+00,-4.999999999999999445e-01,1.881368149007558999e-02,0.000000000000000000e+00,0.000000000000000000e+00,0.000000000000000000e+00,1.000000000000000000e+00
-3.061616997868382402e-17,1.000000000000000000e+00,5.302876193624534574e-17,1.000000000000000000e+00,4.999999999999999445e-01,6.123233995736766036e-17,-8.660254037844387076e-01,1.753743936657501737e-18,-8.660254037844387076e-01,0.000000000000000000e+00,-4.999999999999999445e-01,1.841851635074784332e-02,0.000000000000000000e+00,0.000000000000000000e+00,0.000000000000000000e+00,1.000000000000000000e+00
-3.061616997868382402e-17,1.000000000000000000e+00,5.302876193624534574e-17,1.000000000000000000e+00,4.999999999999999445e-01,6.123233995736766036e-17,-8.660254037844387076e-01,-8.132821931524058891e-19,-8.660254037844387076e-01,0.000000000000000000e+00,-4.999999999999999445e-01,1.804951681556107856e-02,0.000000000000000000e+00,0.000000000000000000e+00,0.000000000000000000e+00,1.000000000000000000e+00
-3.061616997868382402e-17,1.000000000000000000e+00,5.302876193624534574e-17,1.000000000000000000e+00,4.999999999999999445e-01,6.123233995736766036e-17,-8.660254037844387076e-01,-7.912683423619862354e-18,-8.660254037844387076e-01,0.000000000000000000e+00,-4.999999999999999445e-01,1.770611962245083326e-02,0.000000000000000000e+00,0.000000000000000000e+00,0.000000000000000000e+00,1.000000000000000000e+00
-3.061616997868382402e-17,1.000000000000000000e+00,5.302876193624534574e-17,1.000000000000000000e+00,4.999999999999999445e-01,6.123233995736766036e-17,-8.660254037844387076e-01,5.129451064083725363e-18,-8.660254037844387076e-01,0.000000000000000000e+00,-4.999999999999999445e-01,1.738772493022494592e-02,0.000000000000000000e+00,0.000000000000000000e+00,0.000000000000000000e+00,1.000000000000000000e+00
-3.061616997868382402e-17,1.000000000000000000e+00,5.302876193624534574e-17,1.000000000000000000e+00,4.999999999999999445e-01,6.123233995736766036e-17,-8.660254037844387076e-01,4.361390821697221166e-18,-8.660254037844387076e-01,0.000000000000000000e+00,-4.999999999999999445e-01,1.709369583407061022e-02,0.000000000000000000e+00,0.000000000000000000e+00,0.000000000000000000e+00,1.000000000000000000e+00
-3.061616997868382402e-17,1.000000000000000000e+00,5.302876193624534574e-17,1.000000000000000000e+00,4.999999999999999445e-01,6.123233995736766036e-17,-8.660254037844387076e-01,-1.528265995977742519e-18,-8.660254037844387076e-01,0.000000000000000000e+00,-4.999999999999999445e-01,1.682335788106090191e-02,0.000000000000000000e+00,0.000000000000000000e+00,0.000000000000000000e+00,1.000000000000000000e+00
-3.061616997868382402e-17,1.000000000000000000e+00,5.302876193624534574e-17,1.000000000000000000e+00,4.999999999999999445e-01,6.123233995736766036e-17,-8.660254037844387076e-01,7.842108424319588036e-18,-8.660254037844387076e-01,0.000000000000000000e+00,-4.999999999999999445e-01,1.657599858566721762e-02,0.000000000000000000e+00,0.000000000000000000e+00,0.000000000000000000e+00,1.000000000000000000e+00
-3.061616997868382402e-17,1.000000000000000000e+00,5.302876193624534574e-17,1.000000000000000000e+00,4.999999999999999445e-01,6.123233995736766036e-17,-8.660254037844387076e-01,7.188777651250711886e-18,-8.660254037844387076e-01,0.000000000000000000e+00,-4.999999999999999445e-01,1.635086694526158291e-02,0.000000000000000000e+00,0.000000000000000000e+00,0.000000000000000000e+00,1.000000000000000000e+00
-3.061616997868382402e-17,1.000000000000000000e+00,5.302876193624534574e-17,1.000000000000000000e+00,4.999999999999999445e-01,6.123233995736766036e-17,-8.660254037844387076e-01,3.244414896357471184e-18,-8.660254037844387076e-01,0.000000000000000000e+00,-4.999999999999999445e-01,1.614717295563067312e-02,0.000000000000000000e+00,0.000000000000000000e+00,0.000000000000000000e+00,1.000000000000000000e+00
-3.061616997868382402e-17,1.000000000000000000e+00,5.302876193624534574e-17,1.000000000000000000e+00,4.999999999999999445e-01,6.123233995736766036e-17,-8.660254037844387076e-01,8.339868149951723753e-18,-8.660254037844387076e-01,0.000000000000000000e+00,-4.999999999999999445e-01,1.596408712647962025e-02,0.000000000000000000e+00,0.000000000000000000e+00,0.000000000000000000e+00,1.000000000000000000e+00
-3.061616997868382402e-17,1.000000000000000000e+00,5.302876193624534574e-17,1.000000000000000000e+00,4.999999999999999445e-01,6.123233995736766036e-17,-8.660254037844387076e-01,1.085371053142111077e-17,-8.660254037844387076e-01,0.000000000000000000e+00,-4.999999999999999445e-01,1.580073999694311948e-02,0.000000000000000000e+00,0.000000000000000000e+00,0.000000000000000000e+00,1.000000000000000000e+00
-3.061616997868382402e-17,1.000000000000000000e+00,5.302876193624534574e-17,1.000000000000000000e+00,4.999999999999999445e-01,6.123233995736766036e-17,-8.660254037844387076e-01,2.240859095823106854e-18,-8.660254037844387076e-01,0.000000000000000000e+00,-4.999999999999999445e-01,1.565622165109264996e-02,0.000000000000000000e+00,0.000000000000000000e+00,0.000000000000000000e+00,1.000000000000000000e+00
-3.061616997868382402e-17,1.000000000000000000e+00,5.302876193624534574e-17,1.000000000000000000e+00,4.999999999999999445e-01,6.123233995736766036e-17,-8.660254037844387076e-01,9.372027387973000371e-18,-8.660254037844387076e-01,0.000000000000000000e+00,-4.999999999999999445e-01,1.552958123344486130e-02,0.000000000000000000e+00,0.000000000000000000e+00,0.000000000000000000e+00,1.000000000000000000e+00
-3.061616997868382402e-17,1.000000000000000000e+00,5.302876193624534574e-17,1.000000000000000000e+00,4.999999999999999445e-01,6.123233995736766036e-17,-8.660254037844387076e-01,-4.796548079822927868e-18,-8.660254037844387076e-01,0.000000000000000000e+00,-4.999999999999999445e-01,1.541982646446782290e-02,0.000000000000000000e+00,0.000000000000000000e+00,0.000000000000000000e+00,1.000000000000000000e+00
-3.061616997868382402e-17,1.000000000000000000e+00,5.302876193624534574e-17,1.000000000000000000e+00,4.999999999999999445e-01,6.123233995736766036e-17,-8.660254037844387076e-01,8.037506575481605374e-19,-8.660254037844387076e-01,0.000000000000000000e+00,-4.999999999999999445e-01,1.532592315609346278e-02,0.000000000000000000e+00,0.000000000000000000e+00,0.000000000000000000e+00,1.000000000000000000e+00
-3.061616997868382402e-17,1.000000000000000000e+00,5.302876193624534574e-17,1.000000000000000000e+00,4.999999999999999445e-01,6.123233995736766036e-17,-8.660254037844387076e-01,-5.101511434040589429e-18,-8.660254037844387076e-01,0.000000000000000000e+00,-4.999999999999999445e-01,1.524679472722156870e-02,0.000000000000000000e+00,0.000000000000000000e+00,0.000000000000000000e+00,1.000000000000000000e+00
-3.061616997868382402e-17,1.000000000000000000e+00,5.302876193624534574e-17,1.000000000000000000e+00,4.999999999999999445e-01,6.123233995736766036e-17,-8.660254037844387076e-01,-6.743148187525296930e-18,-8.660254037844387076e-01,0.000000000000000000e+00,-4.999999999999999445e-01,1.518132171923097795e-02,0.000000000000000000e+00,0.000000000000000000e+00,0.000000000000000000e+00,1.000000000000000000e+00
-3.061616997868382402e-17,1.000000000000000000e+00,5.302876193624534574e-17,1.000000000000000000e+00,4.999999999999999445e-01,6.123233995736766036e-17,-8.660254037844387076e-01,7.568931055799741902e-18,-8.660254037844387076e-01,0.000000000000000000e+00,-4.999999999999999445e-01,1.512834131148513284e-02,0.000000000000000000e+00,0.000000000000000000e+00,0.000000000000000000e+00,1.000000000000000000e+00
-3.061616997868382402e-17,1.000000000000000000e+00,5.302876193624534574e-17,1.000000000000000000e+00,4.999999999999999445e-01,6.123233995736766036e-17,-8.660254037844387076e-01,2.746885018038745195e-18,-8.660254037844387076e-01,0.000000000000000000e+00,-4.999999999999999445e-01,1.508664683684396435e-02,0.000000000000000000e+00,0.000000000000000000e+00,0.000000000000000000e+00,1.000000000000000000e+00
-3.061616997868382402e-17,1.000000000000000000e+00,5.302876193624534574e-17,1.000000000000000000e+00,4.999999999999999445e-01,6.123233995736766036e-17,-8.660254037844387076e-01,1.028096403425167960e-17,-8.660254037844387076e-01,0.000000000000000000e+00,-4.999999999999999445e-01,1.505498729716717166e-02,0.000000000000000000e+00,0.000000000000000000e+00,0.000000000000000000e+00,1.000000000000000000e+00
-3.061616997868382402e-17,1.000000000000000000e+00,5.302876193624534574e-17,1.000000000000000000e+00,4.999999999999999445e-01,6.123233995736766036e-17,-8.660254037844387076e-01,1.473008858551369477e-18,-8.660254037844387076e-01,0.000000000000000000e+00,-4.999999999999999445e-01,1.503206687882857606e-02,0.000000000000000000e+00,0.000000000000000000e+00,0.000000000000000000e+00,1.000000000000000000e+00
-3.061616997868382402e-17,1.000000000000000000e+00,5.302876193624534574e-17,1.000000000000000000e+00,4.999999999999999445e-01,6.123233995736766036e-17,-8.660254037844387076e-01,1.459922479304765730e-18,-8.660254037844387076e-01,0.000000000000000000e+00,-4.999999999999999445e-01,1.501654446821748534e-02,0.000000000000000000e+00,0.000000000000000000e+00,0.000000000000000000e+00,1.000000000000000000e+00
-3.061616997868382402e-17,1.000000000000000000e+00,5.302876193624534574e-17,1.000000000000000000e+00,4.999999999999999445e-01,6.123233995736766036e-17,-8.660254037844387076e-01,4.080532348673425282e-18,-8.660254037844387076e-01,0.000000000000000000e+00,-4.999999999999999445e-01,1.500703316725265912e-02,0.000000000000000000e+00,0.000000000000000000e+00,0.000000000000000000e+00,1.000000000000000000e+00
-3.061616997868382402e-17,1.000000000000000000e+00,5.302876193624534574e-17,1.000000000000000000e+00,4.999999999999999445e-01,6.123233995736766036e-17,-8.660254037844387076e-01,6.875251873391514269e-18,-8.660254037844387076e-01,0.000000000000000000e+00,-4.999999999999999445e-01,1.500209980888814187e-02,0.000000000000000000e+00,0.000000000000000000e+00,0.000000000000000000e+00,1.000000000000000000e+00
-3.061616997868382402e-17,1.000000000000000000e+00,5.302876193624534574e-17,1.000000000000000000e+00,4.999999999999999445e-01,6.123233995736766036e-17,-8.660254037844387076e-01,1.035912360573094461e-17,-8.660254037844387076e-01,0.000000000000000000e+00,-4.999999999999999445e-01,1.500026447262076124e-02,0.000000000000000000e+00,0.000000000000000000e+00,0.000000000000000000e+00,1.000000000000000000e+00
-3.061616997868382402e-17,1.000000000000000000e+00,5.302876193624534574e-17,1.000000000000000000e+00,4.999999999999999445e-01,6.123233995736766036e-17,-8.660254037844387076e-01,2.616136707879212288e-18,-8.660254037844387076e-01,0.000000000000000000e+00,-4.999999999999999445e-01,1.499999999999998557e-02,0.000000000000000000e+00,0.000000000000000000e+00,0.000000000000000000e+00,1.000000000000000000e+00
-3.061616997868382402e-17,1.000000000000000000e+00,5.302876193624534574e-17,1.000000000000000000e+00,4.999999999999999445e-01,6.123233995736766036e-17,-8.660254037844387076e-01,0.000000000000000000e+00,-8.660254037844387076e-01,0.000000000000000000e+00,-4.999999999999999445e-01,1.500000000000000118e-02,0.000000000000000000e+00,0.000000000000000000e+00,0.000000000000000000e+00,1.000000000000000000e+00
-3.061616997868382402e-17,1.000000000000000000e+00,5.302876193624534574e-17,1.000000000000000000e+00,4.999999999999999445e-01,6.123233995736766036e-17,-8.660254037844387076e-01,0.000000000000000000e+00,-8.660254037844387076e-01,0.000000000000000000e+00,-4.999999999999999445e-01,1.500000000000000118e-02,0.000000000000000000e+00,0.000000000000000000e+00,0.000000000000000000e+00,1.000000000000000000e+00
-3.061616997868382402e-17,1.000000000000000000e+00,5.302876193624534574e-17,1.000000000000000000e+00,4.999999999999999445e-01,6.123233995736766036e-17,-8.660254037844387076e-01,0.000000000000000000e+00,-8.660254037844387076e-01,0.000000000000000000e+00,-4.999999999999999445e-01,1.500000000000000118e-02,0.000000000000000000e+00,0.000000000000000000e+00,0.000000000000000000e+00,1.000000000000000000e+00
-3.061616997868382402e-17,1.000000000000000000e+00,5.302876193624534574e-17,1.000000000000000000e+00,4.999999999999999445e-01,6.123233995736766036e-17,-8.660254037844387076e-01,0.000000000000000000e+00,-8.660254037844387076e-01,0.000000000000000000e+00,-4.999999999999999445e-01,1.500000000000000118e-02,0.000000000000000000e+00,0.000000000000000000e+00,0.000000000000000000e+00,1.000000000000000000e+00
-3.061616997868382402e-17,1.000000000000000000e+00,5.302876193624534574e-17,1.000000000000000000e+00,4.999999999999999445e-01,6.123233995736766036e-17,-8.660254037844387076e-01,0.000000000000000000e+00,-8.660254037844387076e-01,0.000000000000000000e+00,-4.999999999999999445e-01,1.500000000000000118e-02,0.000000000000000000e+00,0.000000000000000000e+00,0.000000000000000000e+00,1.000000000000000000e+00
-3.061616997868382402e-17,1.000000000000000000e+00,5.302876193624534574e-17,1.000000000000000000e+00,4.999999999999999445e-01,6.123233995736766036e-17,-8.660254037844387076e-01,0.000000000000000000e+00,-8.660254037844387076e-01,0.000000000000000000e+00,-4.999999999999999445e-01,1.500000000000000118e-02,0.000000000000000000e+00,0.000000000000000000e+00,0.000000000000000000e+00,1.000000000000000000e+00
-3.061616997868382402e-17,1.000000000000000000e+00,5.302876193624534574e-17,1.000000000000000000e+00,4.999999999999999445e-01,6.123233995736766036e-17,-8.660254037844387076e-01,0.000000000000000000e+00,-8.660254037844387076e-01,0.000000000000000000e+00,-4.999999999999999445e-01,1.500000000000000118e-02,0.000000000000000000e+00,0.000000000000000000e+00,0.000000000000000000e+00,1.000000000000000000e+00
-3.061616997868382402e-17,1.000000000000000000e+00,5.302876193624534574e-17,1.000000000000000000e+00,4.999999999999999445e-01,6.123233995736766036e-17,-8.660254037844387076e-01,0.000000000000000000e+00,-8.660254037844387076e-01,0.000000000000000000e+00,-4.999999999999999445e-01,1.500000000000000118e-02,0.000000000000000000e+00,0.000000000000000000e+00,0.000000000000000000e+00,1.000000000000000000e+00
-3.061616997868382402e-17,1.000000000000000000e+00,5.302876193624534574e-17,1.000000000000000000e+00,4.999999999999999445e-01,6.123233995736766036e-17,-8.660254037844387076e-01,0.000000000000000000e+00,-8.660254037844387076e-01,0.000000000000000000e+00,-4.999999999999999445e-01,1.500000000000000118e-02,0.000000000000000000e+00,0.000000000000000000e+00,0.000000000000000000e+00,1.000000000000000000e+00
-3.061616997868382402e-17,1.000000000000000000e+00,5.302876193624534574e-17,1.000000000000000000e+00,4.999999999999999445e-01,6.123233995736766036e-17,-8.660254037844387076e-01,0.000000000000000000e+00,-8.660254037844387076e-01,0.000000000000000000e+00,-4.999999999999999445e-01,1.500000000000000118e-02,0.000000000000000000e+00,0.000000000000000000e+00,0.000000000000000000e+00,1.000000000000000000e+00
-3.061616997868382402e-17,1.000000000000000000e+00,5.302876193624534574e-17,1.000000000000000000e+00,4.999999999999999445e-01,6.123233995736766036e-17,-8.660254037844387076e-01,0.000000000000000000e+00,-8.660254037844387076e-01,0.000000000000000000e+00,-4.999999999999999445e-01,1.500000000000000118e-02,0.000000000000000000e+00,0.000000000000000000e+00,0.000000000000000000e+00,1.000000000000000000e+00
-3.061616997868382402e-17,1.000000000000000000e+00,5.302876193624534574e-17,1.000000000000000000e+00,4.999999999999999445e-01,6.123233995736766036e-17,-8.660254037844387076e-01,0.000000000000000000e+00,-8.660254037844387076e-01,0.000000000000000000e+00,-4.999999999999999445e-01,1.500000000000000118e-02,0.000000000000000000e+00,0.000000000000000000e+00,0.000000000000000000e+00,1.000000000000000000e+00
-3.061616997868382402e-17,1.000000000000000000e+00,5.302876193624534574e-17,1.000000000000000000e+00,4.999999999999999445e-01,6.123233995736766036e-17,-8.660254037844387076e-01,0.000000000000000000e+00,-8.660254037844387076e-01,0.000000000000000000e+00,-4.999999999999999445e-01,1.500000000000000118e-02,0.000000000000000000e+00,0.000000000000000000e+00,0.000000000000000000e+00,1.000000000000000000e+00
-3.061616997868382402e-17,1.000000000000000000e+00,5.302876193624534574e-17,1.000000000000000000e+00,4.999999999999999445e-01,6.123233995736766036e-17,-8.660254037844387076e-01,0.000000000000000000e+00,-8.660254037844387076e-01,0.000000000000000000e+00,-4.999999999999999445e-01,1.500000000000000118e-02,0.000000000000000000e+00,0.000000000000000000e+00,0.000000000000000000e+00,1.000000000000000000e+00
-3.061616997868382402e-17,1.000000000000000000e+00,5.302876193624534574e-17,1.000000000000000000e+00,4.999999999999999445e-01,6.123233995736766036e-17,-8.660254037844387076e-01,0.000000000000000000e+00,-8.660254037844387076e-01,0.000000000000000000e+00,-4.999999999999999445e-01,1.500000000000000118e-02,0.000000000000000000e+00,0.000000000000000000e+00,0.000000000000000000e+00,1.000000000000000000e+00
-3.061616997868382402e-17,1.000000000000000000e+00,5.302876193624534574e-17,1.000000000000000000e+00,4.999999999999999445e-01,6.123233995736766036e-17,-8.660254037844387076e-01,0.000000000000000000e+00,-8.660254037844387076e-01,0.000000000000000000e+00,-4.999999999999999445e-01,1.500000000000000118e-02,0.000000000000000000e+00,0.000000000000000000e+00,0.000000000000000000e+00,1.000000000000000000e+00
-3.061616997868382402e-17,1.000000000000000000e+00,5.302876193624534574e-17,1.000000000000000000e+00,4.999999999999999445e-01,6.123233995736766036e-17,-8.660254037844387076e-01,0.000000000000000000e+00,-8.660254037844387076e-01,0.000000000000000000e+00,-4.999999999999999445e-01,1.500000000000000118e-02,0.000000000000000000e+00,0.000000000000000000e+00,0.000000000000000000e+00,1.000000000000000000e+00
-3.061616997868382402e-17,1.000000000000000000e+00,5.302876193624534574e-17,1.000000000000000000e+00,4.999999999999999445e-01,6.123233995736766036e-17,-8.660254037844387076e-01,0.000000000000000000e+00,-8.660254037844387076e-01,0.000000000000000000e+00,-4.999999999999999445e-01,1.500000000000000118e-02,0.000000000000000000e+00,0.000000000000000000e+00,0.000000000000000000e+00,1.000000000000000000e+00
-3.061616997868382402e-17,1.000000000000000000e+00,5.302876193624534574e-17,1.000000000000000000e+00,4.999999999999999445e-01,6.123233995736766036e-17,-8.660254037844387076e-01,0.000000000000000000e+00,-8.660254037844387076e-01,0.000000000000000000e+00,-4.999999999999999445e-01,1.500000000000000118e-02,0.000000000000000000e+00,0.000000000000000000e+00,0.000000000000000000e+00,1.000000000000000000e+00
-3.061616997868382402e-17,1.000000000000000000e+00,5.302876193624534574e-17,1.000000000000000000e+00,4.999999999999999445e-01,6.123233995736766036e-17,-8.660254037844387076e-01,0.000000000000000000e+00,-8.660254037844387076e-01,0.000000000000000000e+00,-4.999999999999999445e-01,1.500000000000000118e-02,0.000000000000000000e+00,0.000000000000000000e+00,0.000000000000000000e+00,1.000000000000000000e+00
-3.061616997868382402e-17,1.000000000000000000e+00,5.302876193624534574e-17,1.000000000000000000e+00,4.999999999999999445e-01,6.123233995736766036e-17,-8.660254037844387076e-01,0.000000000000000000e+00,-8.660254037844387076e-01,0.000000000000000000e+00,-4.999999999999999445e-01,1.500000000000000118e-02,0.000000000000000000e+00,0.000000000000000000e+00,0.000000000000000000e+00,1.000000000000000000e+00
-3.061616997868382402e-17,1.000000000000000000e+00,5.302876193624534574e-17,1.000000000000000000e+00,4.999999999999999445e-01,6.123233995736766036e-17,-8.660254037844387076e-01,0.000000000000000000e+00,-8.660254037844387076e-01,0.000000000000000000e+00,-4.999999999999999445e-01,1.500000000000000118e-02,0.000000000000000000e+00,0.000000000000000000e+00,0.000000000000000000e+00,1.000000000000000000e+00
-3.061616997868382402e-17,1.000000000000000000e+00,5.302876193624534574e-17,1.000000000000000000e+00,4.999999999999999445e-01,6.123233995736766036e-17,-8.660254037844387076e-01,0.000000000000000000e+00,-8.660254037844387076e-01,0.000000000000000000e+00,-4.999999999999999445e-01,1.500000000000000118e-02,0.000000000000000000e+00,0.000000000000000000e+00,0.000000000000000000e+00,1.000000000000000000e+00
-3.061616997868382402e-17,1.000000000000000000e+00,5.302876193624534574e-17,1.000000000000000000e+00,4.999999999999999445e-01,6.123233995736766036e-17,-8.660254037844387076e-01,0.000000000000000000e+00,-8.660254037844387076e-01,0.000000000000000000e+00,-4.999999999999999445e-01,1.500000000000000118e-02,0.000000000000000000e+00,0.000000000000000000e+00,0.000000000000000000e+00,1.000000000000000000e+00
-3.061616997868382402e-17,1.000000000000000000e+00,5.302876193624534574e-17,1.000000000000000000e+00,4.999999999999999445e-01,6.123233995736766036e-17,-8.660254037844387076e-01,0.000000000000000000e+00,-8.660254037844387076e-01,0.000000000000000000e+00,-4.999999999999999445e-01,1.500000000000000118e-02,0.000000000000000000e+00,0.000000000000000000e+00,0.000000000000000000e+00,1.000000000000000000e+00
-3.061616997868382402e-17,1.000000000000000000e+00,5.302876193624534574e-17,1.000000000000000000e+00,4.999999999999999445e-01,6.123233995736766036e-17,-8.660254037844387076e-01,0.000000000000000000e+00,-8.660254037844387076e-01,0.000000000000000000e+00,-4.999999999999999445e-01,1.500000000000000118e-02,0.000000000000000000e+00,0.000000000000000000e+00,0.000000000000000000e+00,1.000000000000000000e+00
-3.061616997868382402e-17,1.000000000000000000e+00,5.302876193624534574e-17,1.000000000000000000e+00,4.999999999999999445e-01,6.123233995736766036e-17,-8.660254037844387076e-01,0.000000000000000000e+00,-8.660254037844387076e-01,0.000000000000000000e+00,-4.999999999999999445e-01,1.500000000000000118e-02,0.000000000000000000e+00,0.000000000000000000e+00,0.000000000000000000e+00,1.000000000000000000e+00
-3.061616997868382402e-17,1.000000000000000000e+00,5.302876193624534574e-17,1.000000000000000000e+00,4.999999999999999445e-01,6.123233995736766036e-17,-8.660254037844387076e-01,0.000000000000000000e+00,-8.660254037844387076e-01,0.000000000000000000e+00,-4.999999999999999445e-01,1.500000000000000118e-02,0.000000000000000000e+00,0.000000000000000000e+00,0.000000000000000000e+00,1.000000000000000000e+00
-3.061616997868382402e-17,1.000000000000000000e+00,5.302876193624534574e-17,1.000000000000000000e+00,4.999999999999999445e-01,6.123233995736766036e-17,-8.660254037844387076e-01,0.000000000000000000e+00,-8.660254037844387076e-01,0.000000000000000000e+00,-4.999999999999999445e-01,1.500000000000000118e-02,0.000000000000000000e+00,0.000000000000000000e+00,0.000000000000000000e+00,1.000000000000000000e+00
-3.061616997868382402e-17,1.000000000000000000e+00,5.302876193624534574e-17,1.000000000000000000e+00,4.999999999999999445e-01,6.123233995736766036e-17,-8.660254037844387076e-01,0.000000000000000000e+00,-8.660254037844387076e-01,0.000000000000000000e+00,-4.999999999999999445e-01,1.500000000000000118e-02,0.000000000000000000e+00,0.000000000000000000e+00,0.000000000000000000e+00,1.000000000000000000e+00
-3.061616997868382402e-17,1.000000000000000000e+00,5.302876193624534574e-17,1.000000000000000000e+00,4.999999999999999445e-01,6.123233995736766036e-17,-8.660254037844387076e-01,0.000000000000000000e+00,-8.660254037844387076e-01,0.000000000000000000e+00,-4.999999999999999445e-01,1.500000000000000118e-02,0.000000000000000000e+00,0.000000000000000000e+00,0.000000000000000000e+00,1.000000000000000000e+00
-3.061616997868382402e-17,1.000000000000000000e+00,5.302876193624534574e-17,1.000000000000000000e+00,4.999999999999999445e-01,6.123233995736766036e-17,-8.660254037844387076e-01,0.000000000000000000e+00,-8.660254037844387076e-01,0.000000000000000000e+00,-4.999999999999999445e-01,1.500000000000000118e-02,0.000000000000000000e+00,0.000000000000000000e+00,0.000000000000000000e+00,1.000000000000000000e+00
-3.061616997868382402e-17,1.000000000000000000e+00,5.302876193624534574e-17,1.000000000000000000e+00,4.999999999999999445e-01,6.123233995736766036e-17,-8.660254037844387076e-01,0.000000000000000000e+00,-8.660254037844387076e-01,0.000000000000000000e+00,-4.999999999999999445e-01,1.500000000000000118e-02,0.000000000000000000e+00,0.000000000000000000e+00,0.000000000000000000e+00,1.000000000000000000e+00
-3.061616997868382402e-17,1.000000000000000000e+00,5.302876193624534574e-17,1.000000000000000000e+00,4.999999999999999445e-01,6.123233995736766036e-17,-8.660254037844387076e-01,0.000000000000000000e+00,-8.660254037844387076e-01,0.000000000000000000e+00,-4.999999999999999445e-01,1.500000000000000118e-02,0.000000000000000000e+00,0.000000000000000000e+00,0.000000000000000000e+00,1.000000000000000000e+00
-3.061616997868382402e-17,1.000000000000000000e+00,5.302876193624534574e-17,1.000000000000000000e+00,4.999999999999999445e-01,6.123233995736766036e-17,-8.660254037844387076e-01,0.000000000000000000e+00,-8.660254037844387076e-01,0.000000000000000000e+00,-4.999999999999999445e-01,1.500000000000000118e-02,0.000000000000000000e+00,0.000000000000000000e+00,0.000000000000000000e+00,1.000000000000000000e+00
-3.061616997868382402e-17,1.000000000000000000e+00,5.302876193624534574e-17,1.000000000000000000e+00,4.999999999999999445e-01,6.123233995736766036e-17,-8.660254037844387076e-01,0.000000000000000000e+00,-8.660254037844387076e-01,0.000000000000000000e+00,-4.999999999999999445e-01,1.500000000000000118e-02,0.000000000000000000e+00,0.000000000000000000e+00,0.000000000000000000e+00,1.000000000000000000e+00
-3.061616997868382402e-17,1.000000000000000000e+00,5.302876193624534574e-17,1.000000000000000000e+00,4.999999999999999445e-01,6.123233995736766036e-17,-8.660254037844387076e-01,0.000000000000000000e+00,-8.660254037844387076e-01,0.000000000000000000e+00,-4.999999999999999445e-01,1.500000000000000118e-02,0.000000000000000000e+00,0.000000000000000000e+00,0.000000000000000000e+00,1.000000000000000000e+00
-3.061616997868382402e-17,1.000000000000000000e+00,5.302876193624534574e-17,1.000000000000000000e+00,4.999999999999999445e-01,6.123233995736766036e-17,-8.660254037844387076e-01,0.000000000000000000e+00,-8.660254037844387076e-01,0.000000000000000000e+00,-4.999999999999999445e-01,1.500000000000000118e-02,0.000000000000000000e+00,0.000000000000000000e+00,0.000000000000000000e+00,1.000000000000000000e+00
-3.061616997868382402e-17,1.000000000000000000e+00,5.302876193624534574e-17,1.000000000000000000e+00,4.999999999999999445e-01,6.123233995736766036e-17,-8.660254037844387076e-01,0.000000000000000000e+00,-8.660254037844387076e-01,0.000000000000000000e+00,-4.999999999999999445e-01,1.500000000000000118e-02,0.000000000000000000e+00,0.000000000000000000e+00,0.000000000000000000e+00,1.000000000000000000e+00
-3.061616997868382402e-17,1.000000000000000000e+00,5.302876193624534574e-17,1.000000000000000000e+00,4.999999999999999445e-01,6.123233995736766036e-17,-8.660254037844387076e-01,0.000000000000000000e+00,-8.660254037844387076e-01,0.000000000000000000e+00,-4.999999999999999445e-01,1.500000000000000118e-02,0.000000000000000000e+00,0.000000000000000000e+00,0.000000000000000000e+00,1.000000000000000000e+00
-3.061616997868382402e-17,1.000000000000000000e+00,5.302876193624534574e-17,1.000000000000000000e+00,4.999999999999999445e-01,6.123233995736766036e-17,-8.660254037844387076e-01,0.000000000000000000e+00,-8.660254037844387076e-01,0.000000000000000000e+00,-4.999999999999999445e-01,1.500000000000000118e-02,0.000000000000000000e+00,0.000000000000000000e+00,0.000000000000000000e+00,1.000000000000000000e+00
-3.061616997868382402e-17,1.000000000000000000e+00,5.302876193624534574e-17,1.000000000000000000e+00,4.999999999999999445e-01,6.123233995736766036e-17,-8.660254037844387076e-01,0.000000000000000000e+00,-8.660254037844387076e-01,0.000000000000000000e+00,-4.999999999999999445e-01,1.500000000000000118e-02,0.000000000000000000e+00,0.000000000000000000e+00,0.000000000000000000e+00,1.000000000000000000e+00
-3.061616997868382402e-17,1.000000000000000000e+00,5.302876193624534574e-17,1.000000000000000000e+00,4.999999999999999445e-01,6.123233995736766036e-17,-8.660254037844387076e-01,0.000000000000000000e+00,-8.660254037844387076e-01,0.000000000000000000e+00,-4.999999999999999445e-01,1.500000000000000118e-02,0.000000000000000000e+00,0.000000000000000000e+00,0.000000000000000000e+00,1.000000000000000000e+00
-3.061616997868382402e-17,1.000000000000000000e+00,5.302876193624534574e-17,1.000000000000000000e+00,4.999999999999999445e-01,6.123233995736766036e-17,-8.660254037844387076e-01,0.000000000000000000e+00,-8.660254037844387076e-01,0.000000000000000000e+00,-4.999999999999999445e-01,1.500000000000000118e-02,0.000000000000000000e+00,0.000000000000000000e+00,0.000000000000000000e+00,1.000000000000000000e+00
-3.061616997868382402e-17,1.000000000000000000e+00,5.302876193624534574e-17,1.000000000000000000e+00,4.999999999999999445e-01,6.123233995736766036e-17,-8.660254037844387076e-01,0.000000000000000000e+00,-8.660254037844387076e-01,0.000000000000000000e+00,-4.999999999999999445e-01,1.500000000000000118e-02,0.000000000000000000e+00,0.000000000000000000e+00,0.000000000000000000e+00,1.000000000000000000e+00
-3.061616997868382402e-17,1.000000000000000000e+00,5.302876193624534574e-17,1.000000000000000000e+00,4.999999999999999445e-01,6.123233995736766036e-17,-8.660254037844387076e-01,0.000000000000000000e+00,-8.660254037844387076e-01,0.000000000000000000e+00,-4.999999999999999445e-01,1.500000000000000118e-02,0.000000000000000000e+00,0.000000000000000000e+00,0.000000000000000000e+00,1.000000000000000000e+00
-3.061616997868382402e-17,1.000000000000000000e+00,5.302876193624534574e-17,1.000000000000000000e+00,4.999999999999999445e-01,6.123233995736766036e-17,-8.660254037844387076e-01,0.000000000000000000e+00,-8.660254037844387076e-01,0.000000000000000000e+00,-4.999999999999999445e-01,1.500000000000000118e-02,0.000000000000000000e+00,0.000000000000000000e+00,0.000000000000000000e+00,1.000000000000000000e+00
-3.061616997868382402e-17,1.000000000000000000e+00,5.302876193624534574e-17,1.000000000000000000e+00,4.999999999999999445e-01,6.123233995736766036e-17,-8.660254037844387076e-01,0.000000000000000000e+00,-8.660254037844387076e-01,0.000000000000000000e+00,-4.999999999999999445e-01,1.500000000000000118e-02,0.000000000000000000e+00,0.000000000000000000e+00,0.000000000000000000e+00,1.000000000000000000e+00
-3.061616997868382402e-17,1.000000000000000000e+00,5.302876193624534574e-17,1.000000000000000000e+00,4.999999999999999445e-01,6.123233995736766036e-17,-8.660254037844387076e-01,0.000000000000000000e+00,-8.660254037844387076e-01,0.000000000000000000e+00,-4.999999999999999445e-01,1.500000000000000118e-02,0.000000000000000000e+00,0.000000000000000000e+00,0.000000000000000000e+00,1.000000000000000000e+00
-3.061616997868382402e-17,1.000000000000000000e+00,5.302876193624534574e-17,1.000000000000000000e+00,4.999999999999999445e-01,6.123233995736766036e-17,-8.660254037844387076e-01,0.000000000000000000e+00,-8.660254037844387076e-01,0.000000000000000000e+00,-4.999999999999999445e-01,1.500000000000000118e-02,0.000000000000000000e+00,0.000000000000000000e+00,0.000000000000000000e+00,1.000000000000000000e+00
-3.061616997868382402e-17,1.000000000000000000e+00,5.302876193624534574e-17,1.000000000000000000e+00,4.999999999999999445e-01,6.123233995736766036e-17,-8.660254037844387076e-01,0.000000000000000000e+00,-8.660254037844387076e-01,0.000000000000000000e+00,-4.999999999999999445e-01,1.500000000000000118e-02,0.000000000000000000e+00,0.000000000000000000e+00,0.000000000000000000e+00,1.000000000000000000e+00
-3.061616997868382402e-17,1.000000000000000000e+00,5.302876193624534574e-17,1.000000000000000000e+00,4.999999999999999445e-01,6.123233995736766036e-17,-8.660254037844387076e-01,0.000000000000000000e+00,-8.660254037844387076e-01,0.000000000000000000e+00,-4.999999999999999445e-01,1.500000000000000118e-02,0.000000000000000000e+00,0.000000000000000000e+00,0.000000000000000000e+00,1.000000000000000000e+00
-3.061616997868382402e-17,1.000000000000000000e+00,5.302876193624534574e-17,1.000000000000000000e+00,4.999999999999999445e-01,6.123233995736766036e-17,-8.660254037844387076e-01,0.000000000000000000e+00,-8.660254037844387076e-01,0.000000000000000000e+00,-4.999999999999999445e-01,1.500000000000000118e-02,0.000000000000000000e+00,0.000000000000000000e+00,0.000000000000000000e+00,1.000000000000000000e+00
-3.061616997868382402e-17,1.000000000000000000e+00,5.302876193624534574e-17,1.000000000000000000e+00,4.999999999999999445e-01,6.123233995736766036e-17,-8.660254037844387076e-01,0.000000000000000000e+00,-8.660254037844387076e-01,0.000000000000000000e+00,-4.999999999999999445e-01,1.500000000000000118e-02,0.000000000000000000e+00,0.000000000000000000e+00,0.000000000000000000e+00,1.000000000000000000e+00
-3.061616997868382402e-17,1.000000000000000000e+00,5.302876193624534574e-17,1.000000000000000000e+00,4.999999999999999445e-01,6.123233995736766036e-17,-8.660254037844387076e-01,0.000000000000000000e+00,-8.660254037844387076e-01,0.000000000000000000e+00,-4.999999999999999445e-01,1.500000000000000118e-02,0.000000000000000000e+00,0.000000000000000000e+00,0.000000000000000000e+00,1.000000000000000000e+00
-3.061616997868382402e-17,1.000000000000000000e+00,5.302876193624534574e-17,1.000000000000000000e+00,4.999999999999999445e-01,6.123233995736766036e-17,-8.660254037844387076e-01,0.000000000000000000e+00,-8.660254037844387076e-01,0.000000000000000000e+00,-4.999999999999999445e-01,1.500000000000000118e-02,0.000000000000000000e+00,0.000000000000000000e+00,0.000000000000000000e+00,1.000000000000000000e+00
-3.061616997868382402e-17,1.000000000000000000e+00,5.302876193624534574e-17,1.000000000000000000e+00,4.999999999999999445e-01,6.123233995736766036e-17,-8.660254037844387076e-01,0.000000000000000000e+00,-8.660254037844387076e-01,0.000000000000000000e+00,-4.999999999999999445e-01,1.500000000000000118e-02,0.000000000000000000e+00,0.000000000000000000e+00,0.000000000000000000e+00,1.000000000000000000e+00
-3.061616997868382402e-17,1.000000000000000000e+00,5.302876193624534574e-17,1.000000000000000000e+00,4.999999999999999445e-01,6.123233995736766036e-17,-8.660254037844387076e-01,0.000000000000000000e+00,-8.660254037844387076e-01,0.000000000000000000e+00,-4.999999999999999445e-01,1.500000000000000118e-02,0.000000000000000000e+00,0.000000000000000000e+00,0.000000000000000000e+00,1.000000000000000000e+00
-3.061616997868382402e-17,1.000000000000000000e+00,5.302876193624534574e-17,1.000000000000000000e+00,4.999999999999999445e-01,6.123233995736766036e-17,-8.660254037844387076e-01,0.000000000000000000e+00,-8.660254037844387076e-01,0.000000000000000000e+00,-4.999999999999999445e-01,1.500000000000000118e-02,0.000000000000000000e+00,0.000000000000000000e+00,0.000000000000000000e+00,1.000000000000000000e+00
-3.061616997868382402e-17,1.000000000000000000e+00,5.302876193624534574e-17,1.000000000000000000e+00,4.999999999999999445e-01,6.123233995736766036e-17,-8.660254037844387076e-01,0.000000000000000000e+00,-8.660254037844387076e-01,0.000000000000000000e+00,-4.999999999999999445e-01,1.500000000000000118e-02,0.000000000000000000e+00,0.000000000000000000e+00,0.000000000000000000e+00,1.000000000000000000e+00
-3.061616997868382402e-17,1.000000000000000000e+00,5.302876193624534574e-17,1.000000000000000000e+00,4.999999999999999445e-01,6.123233995736766036e-17,-8.660254037844387076e-01,0.000000000000000000e+00,-8.660254037844387076e-01,0.000000000000000000e+00,-4.999999999999999445e-01,1.500000000000000118e-02,0.000000000000000000e+00,0.000000000000000000e+00,0.000000000000000000e+00,1.000000000000000000e+00
-3.061616997868382402e-17,1.000000000000000000e+00,5.302876193624534574e-17,1.000000000000000000e+00,4.999999999999999445e-01,6.123233995736766036e-17,-8.660254037844387076e-01,0.000000000000000000e+00,-8.660254037844387076e-01,0.000000000000000000e+00,-4.999999999999999445e-01,1.500000000000000118e-02,0.000000000000000000e+00,0.000000000000000000e+00,0.000000000000000000e+00,1.000000000000000000e+00
-3.061616997868382402e-17,1.000000000000000000e+00,5.302876193624534574e-17,1.000000000000000000e+00,4.999999999999999445e-01,6.123233995736766036e-17,-8.660254037844387076e-01,0.000000000000000000e+00,-8.660254037844387076e-01,0.000000000000000000e+00,-4.999999999999999445e-01,1.500000000000000118e-02,0.000000000000000000e+00,0.000000000000000000e+00,0.000000000000000000e+00,1.000000000000000000e+00
-3.061616997868382402e-17,1.000000000000000000e+00,5.302876193624534574e-17,1.000000000000000000e+00,4.999999999999999445e-01,6.123233995736766036e-17,-8.660254037844387076e-01,0.000000000000000000e+00,-8.660254037844387076e-01,0.000000000000000000e+00,-4.999999999999999445e-01,1.500000000000000118e-02,0.000000000000000000e+00,0.000000000000000000e+00,0.000000000000000000e+00,1.000000000000000000e+00
-3.061616997868382402e-17,1.000000000000000000e+00,5.302876193624534574e-17,1.000000000000000000e+00,4.999999999999999445e-01,6.123233995736766036e-17,-8.660254037844387076e-01,0.000000000000000000e+00,-8.660254037844387076e-01,0.000000000000000000e+00,-4.999999999999999445e-01,1.500000000000000118e-02,0.000000000000000000e+00,0.000000000000000000e+00,0.000000000000000000e+00,1.000000000000000000e+00
-3.061616997868382402e-17,1.000000000000000000e+00,5.302876193624534574e-17,1.000000000000000000e+00,4.999999999999999445e-01,6.123233995736766036e-17,-8.660254037844387076e-01,0.000000000000000000e+00,-8.660254037844387076e-01,0.000000000000000000e+00,-4.999999999999999445e-01,1.500000000000000118e-02,0.000000000000000000e+00,0.000000000000000000e+00,0.000000000000000000e+00,1.000000000000000000e+00
-3.061616997868382402e-17,1.000000000000000000e+00,5.302876193624534574e-17,1.000000000000000000e+00,4.999999999999999445e-01,6.123233995736766036e-17,-8.660254037844387076e-01,0.000000000000000000e+00,-8.660254037844387076e-01,0.000000000000000000e+00,-4.999999999999999445e-01,1.500000000000000118e-02,0.000000000000000000e+00,0.000000000000000000e+00,0.000000000000000000e+00,1.000000000000000000e+00
-3.061616997868382402e-17,1.000000000000000000e+00,5.302876193624534574e-17,1.000000000000000000e+00,4.999999999999999445e-01,6.123233995736766036e-17,-8.660254037844387076e-01,0.000000000000000000e+00,-8.660254037844387076e-01,0.000000000000000000e+00,-4.999999999999999445e-01,1.500000000000000118e-02,0.000000000000000000e+00,0.000000000000000000e+00,0.000000000000000000e+00,1.000000000000000000e+00
-3.061616997868382402e-17,1.000000000000000000e+00,5.302876193624534574e-17,1.000000000000000000e+00,4.999999999999999445e-01,6.123233995736766036e-17,-8.660254037844387076e-01,0.000000000000000000e+00,-8.660254037844387076e-01,0.000000000000000000e+00,-4.999999999999999445e-01,1.500000000000000118e-02,0.000000000000000000e+00,0.000000000000000000e+00,0.000000000000000000e+00,1.000000000000000000e+00
-3.061616997868382402e-17,1.000000000000000000e+00,5.302876193624534574e-17,1.000000000000000000e+00,4.999999999999999445e-01,6.123233995736766036e-17,-8.660254037844387076e-01,0.000000000000000000e+00,-8.660254037844387076e-01,0.000000000000000000e+00,-4.999999999999999445e-01,1.500000000000000118e-02,0.000000000000000000e+00,0.000000000000000000e+00,0.000000000000000000e+00,1.000000000000000000e+00
-3.061616997868382402e-17,1.000000000000000000e+00,5.302876193624534574e-17,1.000000000000000000e+00,4.999999999999999445e-01,6.123233995736766036e-17,-8.660254037844387076e-01,0.000000000000000000e+00,-8.660254037844387076e-01,0.000000000000000000e+00,-4.999999999999999445e-01,1.500000000000000118e-02,0.000000000000000000e+00,0.000000000000000000e+00,0.000000000000000000e+00,1.000000000000000000e+00
-3.061616997868382402e-17,1.000000000000000000e+00,5.302876193624534574e-17,1.000000000000000000e+00,4.999999999999999445e-01,6.123233995736766036e-17,-8.660254037844387076e-01,0.000000000000000000e+00,-8.660254037844387076e-01,0.000000000000000000e+00,-4.999999999999999445e-01,1.500000000000000118e-02,0.000000000000000000e+00,0.000000000000000000e+00,0.000000000000000000e+00,1.000000000000000000e+00
-3.061616997868382402e-17,1.000000000000000000e+00,5.302876193624534574e-17,1.000000000000000000e+00,4.999999999999999445e-01,6.123233995736766036e-17,-8.660254037844387076e-01,0.000000000000000000e+00,-8.660254037844387076e-01,0.000000000000000000e+00,-4.999999999999999445e-01,1.500000000000000118e-02,0.000000000000000000e+00,0.000000000000000000e+00,0.000000000000000000e+00,1.000000000000000000e+00
-3.061616997868382402e-17,1.000000000000000000e+00,5.302876193624534574e-17,1.000000000000000000e+00,4.999999999999999445e-01,6.123233995736766036e-17,-8.660254037844387076e-01,0.000000000000000000e+00,-8.660254037844387076e-01,0.000000000000000000e+00,-4.999999999999999445e-01,1.500000000000000118e-02,0.000000000000000000e+00,0.000000000000000000e+00,0.000000000000000000e+00,1.000000000000000000e+00
-3.061616997868382402e-17,1.000000000000000000e+00,5.302876193624534574e-17,1.000000000000000000e+00,4.999999999999999445e-01,6.123233995736766036e-17,-8.660254037844387076e-01,0.000000000000000000e+00,-8.660254037844387076e-01,0.000000000000000000e+00,-4.999999999999999445e-01,1.500000000000000118e-02,0.000000000000000000e+00,0.000000000000000000e+00,0.000000000000000000e+00,1.000000000000000000e+00
-3.061616997868382402e-17,1.000000000000000000e+00,5.302876193624534574e-17,1.000000000000000000e+00,4.999999999999999445e-01,6.123233995736766036e-17,-8.660254037844387076e-01,0.000000000000000000e+00,-8.660254037844387076e-01,0.000000000000000000e+00,-4.999999999999999445e-01,1.500000000000000118e-02,0.000000000000000000e+00,0.000000000000000000e+00,0.000000000000000000e+00,1.000000000000000000e+00
-3.061616997868382402e-17,1.000000000000000000e+00,5.302876193624534574e-17,1.000000000000000000e+00,4.999999999999999445e-01,6.123233995736766036e-17,-8.660254037844387076e-01,0.000000000000000000e+00,-8.660254037844387076e-01,0.000000000000000000e+00,-4.999999999999999445e-01,1.500000000000000118e-02,0.000000000000000000e+00,0.000000000000000000e+00,0.000000000000000000e+00,1.000000000000000000e+00
-3.061616997868382402e-17,1.000000000000000000e+00,5.302876193624534574e-17,1.000000000000000000e+00,4.999999999999999445e-01,6.123233995736766036e-17,-8.660254037844387076e-01,0.000000000000000000e+00,-8.660254037844387076e-01,0.000000000000000000e+00,-4.999999999999999445e-01,1.500000000000000118e-02,0.000000000000000000e+00,0.000000000000000000e+00,0.000000000000000000e+00,1.000000000000000000e+00
-3.061616997868382402e-17,1.000000000000000000e+00,5.302876193624534574e-17,1.000000000000000000e+00,4.999999999999999445e-01,6.123233995736766036e-17,-8.660254037844387076e-01,0.000000000000000000e+00,-8.660254037844387076e-01,0.000000000000000000e+00,-4.999999999999999445e-01,1.500000000000000118e-02,0.000000000000000000e+00,0.000000000000000000e+00,0.000000000000000000e+00,1.000000000000000000e+00
-3.061616997868382402e-17,1.000000000000000000e+00,5.302876193624534574e-17,1.000000000000000000e+00,4.999999999999999445e-01,6.123233995736766036e-17,-8.660254037844387076e-01,0.000000000000000000e+00,-8.660254037844387076e-01,0.000000000000000000e+00,-4.999999999999999445e-01,1.500000000000000118e-02,0.000000000000000000e+00,0.000000000000000000e+00,0.000000000000000000e+00,1.000000000000000000e+00
-3.061616997868382402e-17,1.000000000000000000e+00,5.302876193624534574e-17,1.000000000000000000e+00,4.999999999999999445e-01,6.123233995736766036e-17,-8.660254037844387076e-01,0.000000000000000000e+00,-8.660254037844387076e-01,0.000000000000000000e+00,-4.999999999999999445e-01,1.500000000000000118e-02,0.000000000000000000e+00,0.000000000000000000e+00,0.000000000000000000e+00,1.000000000000000000e+00
-3.061616997868382402e-17,1.000000000000000000e+00,5.302876193624534574e-17,1.000000000000000000e+00,4.999999999999999445e-01,6.123233995736766036e-17,-8.660254037844387076e-01,0.000000000000000000e+00,-8.660254037844387076e-01,0.000000000000000000e+00,-4.999999999999999445e-01,1.500000000000000118e-02,0.000000000000000000e+00,0.000000000000000000e+00,0.000000000000000000e+00,1.000000000000000000e+00
-3.061616997868382402e-17,1.000000000000000000e+00,5.302876193624534574e-17,1.000000000000000000e+00,4.999999999999999445e-01,6.123233995736766036e-17,-8.660254037844387076e-01,0.000000000000000000e+00,-8.660254037844387076e-01,0.000000000000000000e+00,-4.999999999999999445e-01,1.500000000000000118e-02,0.000000000000000000e+00,0.000000000000000000e+00,0.000000000000000000e+00,1.000000000000000000e+00
-3.061616997868382402e-17,1.000000000000000000e+00,5.302876193624534574e-17,1.000000000000000000e+00,4.999999999999999445e-01,6.123233995736766036e-17,-8.660254037844387076e-01,0.000000000000000000e+00,-8.660254037844387076e-01,0.000000000000000000e+00,-4.999999999999999445e-01,1.500000000000000118e-02,0.000000000000000000e+00,0.000000000000000000e+00,0.000000000000000000e+00,1.000000000000000000e+00
-3.061616997868382402e-17,1.000000000000000000e+00,5.302876193624534574e-17,1.000000000000000000e+00,4.999999999999999445e-01,6.123233995736766036e-17,-8.660254037844387076e-01,0.000000000000000000e+00,-8.660254037844387076e-01,0.000000000000000000e+00,-4.999999999999999445e-01,1.500000000000000118e-02,0.000000000000000000e+00,0.000000000000000000e+00,0.000000000000000000e+00,1.000000000000000000e+00
-3.061616997868382402e-17,1.000000000000000000e+00,5.302876193624534574e-17,1.000000000000000000e+00,4.999999999999999445e-01,6.123233995736766036e-17,-8.660254037844387076e-01,0.000000000000000000e+00,-8.660254037844387076e-01,0.000000000000000000e+00,-4.999999999999999445e-01,1.500000000000000118e-02,0.000000000000000000e+00,0.000000000000000000e+00,0.000000000000000000e+00,1.000000000000000000e+00
-3.061616997868382402e-17,1.000000000000000000e+00,5.302876193624534574e-17,1.000000000000000000e+00,4.999999999999999445e-01,6.123233995736766036e-17,-8.660254037844387076e-01,0.000000000000000000e+00,-8.660254037844387076e-01,0.000000000000000000e+00,-4.999999999999999445e-01,1.500000000000000118e-02,0.000000000000000000e+00,0.000000000000000000e+00,0.000000000000000000e+00,1.000000000000000000e+00
-3.061616997868382402e-17,1.000000000000000000e+00,5.302876193624534574e-17,1.000000000000000000e+00,4.999999999999999445e-01,6.123233995736766036e-17,-8.660254037844387076e-01,0.000000000000000000e+00,-8.660254037844387076e-01,0.000000000000000000e+00,-4.999999999999999445e-01,1.500000000000000118e-02,0.000000000000000000e+00,0.000000000000000000e+00,0.000000000000000000e+00,1.000000000000000000e+00
-3.061616997868382402e-17,1.000000000000000000e+00,5.302876193624534574e-17,1.000000000000000000e+00,4.999999999999999445e-01,6.123233995736766036e-17,-8.660254037844387076e-01,0.000000000000000000e+00,-8.660254037844387076e-01,0.000000000000000000e+00,-4.999999999999999445e-01,1.500000000000000118e-02,0.000000000000000000e+00,0.000000000000000000e+00,0.000000000000000000e+00,1.000000000000000000e+00
-3.061616997868382402e-17,1.000000000000000000e+00,5.302876193624534574e-17,1.000000000000000000e+00,4.999999999999999445e-01,6.123233995736766036e-17,-8.660254037844387076e-01,0.000000000000000000e+00,-8.660254037844387076e-01,0.000000000000000000e+00,-4.999999999999999445e-01,1.500000000000000118e-02,0.000000000000000000e+00,0.000000000000000000e+00,0.000000000000000000e+00,1.000000000000000000e+00
-3.061616997868382402e-17,1.000000000000000000e+00,5.302876193624534574e-17,1.000000000000000000e+00,4.999999999999999445e-01,6.123233995736766036e-17,-8.660254037844387076e-01,0.000000000000000000e+00,-8.660254037844387076e-01,0.000000000000000000e+00,-4.999999999999999445e-01,1.500000000000000118e-02,0.000000000000000000e+00,0.000000000000000000e+00,0.000000000000000000e+00,1.000000000000000000e+00
-3.061616997868382402e-17,1.000000000000000000e+00,5.302876193624534574e-17,1.000000000000000000e+00,4.999999999999999445e-01,6.123233995736766036e-17,-8.660254037844387076e-01,0.000000000000000000e+00,-8.660254037844387076e-01,0.000000000000000000e+00,-4.999999999999999445e-01,1.500000000000000118e-02,0.000000000000000000e+00,0.000000000000000000e+00,0.000000000000000000e+00,1.000000000000000000e+00
-3.061616997868382402e-17,1.000000000000000000e+00,5.302876193624534574e-17,1.000000000000000000e+00,4.999999999999999445e-01,6.123233995736766036e-17,-8.660254037844387076e-01,0.000000000000000000e+00,-8.660254037844387076e-01,0.000000000000000000e+00,-4.999999999999999445e-01,1.500000000000000118e-02,0.000000000000000000e+00,0.000000000000000000e+00,0.000000000000000000e+00,1.000000000000000000e+00
-3.061616997868382402e-17,1.000000000000000000e+00,5.302876193624534574e-17,1.000000000000000000e+00,4.999999999999999445e-01,6.123233995736766036e-17,-8.660254037844387076e-01,0.000000000000000000e+00,-8.660254037844387076e-01,0.000000000000000000e+00,-4.999999999999999445e-01,1.500000000000000118e-02,0.000000000000000000e+00,0.000000000000000000e+00,0.000000000000000000e+00,1.000000000000000000e+00
-3.061616997868382402e-17,1.000000000000000000e+00,5.302876193624534574e-17,1.000000000000000000e+00,4.999999999999999445e-01,6.123233995736766036e-17,-8.660254037844387076e-01,0.000000000000000000e+00,-8.660254037844387076e-01,0.000000000000000000e+00,-4.999999999999999445e-01,1.500000000000000118e-02,0.000000000000000000e+00,0.000000000000000000e+00,0.000000000000000000e+00,1.000000000000000000e+00
-3.061616997868382402e-17,1.000000000000000000e+00,5.302876193624534574e-17,1.000000000000000000e+00,4.999999999999999445e-01,6.123233995736766036e-17,-8.660254037844387076e-01,0.000000000000000000e+00,-8.660254037844387076e-01,0.000000000000000000e+00,-4.999999999999999445e-01,1.500000000000000118e-02,0.000000000000000000e+00,0.000000000000000000e+00,0.000000000000000000e+00,1.000000000000000000e+00
-3.061616997868382402e-17,1.000000000000000000e+00,5.302876193624534574e-17,1.000000000000000000e+00,4.999999999999999445e-01,6.123233995736766036e-17,-8.660254037844387076e-01,0.000000000000000000e+00,-8.660254037844387076e-01,0.000000000000000000e+00,-4.999999999999999445e-01,1.500000000000000118e-02,0.000000000000000000e+00,0.000000000000000000e+00,0.000000000000000000e+00,1.000000000000000000e+00
-3.061616997868382402e-17,1.000000000000000000e+00,5.302876193624534574e-17,1.000000000000000000e+00,4.999999999999999445e-01,6.123233995736766036e-17,-8.660254037844387076e-01,0.000000000000000000e+00,-8.660254037844387076e-01,0.000000000000000000e+00,-4.999999999999999445e-01,1.500000000000000118e-02,0.000000000000000000e+00,0.000000000000000000e+00,0.000000000000000000e+00,1.000000000000000000e+00
-3.061616997868382402e-17,1.000000000000000000e+00,5.302876193624534574e-17,1.000000000000000000e+00,4.999999999999999445e-01,6.123233995736766036e-17,-8.660254037844387076e-01,0.000000000000000000e+00,-8.660254037844387076e-01,0.000000000000000000e+00,-4.999999999999999445e-01,1.500000000000000118e-02,0.000000000000000000e+00,0.000000000000000000e+00,0.000000000000000000e+00,1.000000000000000000e+00
-3.061616997868382402e-17,1.000000000000000000e+00,5.302876193624534574e-17,1.000000000000000000e+00,4.999999999999999445e-01,6.123233995736766036e-17,-8.660254037844387076e-01,0.000000000000000000e+00,-8.660254037844387076e-01,0.000000000000000000e+00,-4.999999999999999445e-01,1.500000000000000118e-02,0.000000000000000000e+00,0.000000000000000000e+00,0.000000000000000000e+00,1.000000000000000000e+00
-3.061616997868382402e-17,1.000000000000000000e+00,5.302876193624534574e-17,1.000000000000000000e+00,4.999999999999999445e-01,6.123233995736766036e-17,-8.660254037844387076e-01,0.000000000000000000e+00,-8.660254037844387076e-01,0.000000000000000000e+00,-4.999999999999999445e-01,1.500000000000000118e-02,0.000000000000000000e+00,0.000000000000000000e+00,0.000000000000000000e+00,1.000000000000000000e+00
-3.061616997868382402e-17,1.000000000000000000e+00,5.302876193624534574e-17,1.000000000000000000e+00,4.999999999999999445e-01,6.123233995736766036e-17,-8.660254037844387076e-01,0.000000000000000000e+00,-8.660254037844387076e-01,0.000000000000000000e+00,-4.999999999999999445e-01,1.500000000000000118e-02,0.000000000000000000e+00,0.000000000000000000e+00,0.000000000000000000e+00,1.000000000000000000e+00
-3.061616997868382402e-17,1.000000000000000000e+00,5.302876193624534574e-17,1.000000000000000000e+00,4.999999999999999445e-01,6.123233995736766036e-17,-8.660254037844387076e-01,0.000000000000000000e+00,-8.660254037844387076e-01,0.000000000000000000e+00,-4.999999999999999445e-01,1.500000000000000118e-02,0.000000000000000000e+00,0.000000000000000000e+00,0.000000000000000000e+00,1.000000000000000000e+00
-3.061616997868382402e-17,1.000000000000000000e+00,5.302876193624534574e-17,1.000000000000000000e+00,4.999999999999999445e-01,6.123233995736766036e-17,-8.660254037844387076e-01,0.000000000000000000e+00,-8.660254037844387076e-01,0.000000000000000000e+00,-4.999999999999999445e-01,1.500000000000000118e-02,0.000000000000000000e+00,0.000000000000000000e+00,0.000000000000000000e+00,1.000000000000000000e+00
-3.061616997868382402e-17,1.000000000000000000e+00,5.302876193624534574e-17,1.000000000000000000e+00,4.999999999999999445e-01,6.123233995736766036e-17,-8.660254037844387076e-01,0.000000000000000000e+00,-8.660254037844387076e-01,0.000000000000000000e+00,-4.999999999999999445e-01,1.500000000000000118e-02,0.000000000000000000e+00,0.000000000000000000e+00,0.000000000000000000e+00,1.000000000000000000e+00
-3.061616997868382402e-17,1.000000000000000000e+00,5.302876193624534574e-17,1.000000000000000000e+00,4.999999999999999445e-01,6.123233995736766036e-17,-8.660254037844387076e-01,0.000000000000000000e+00,-8.660254037844387076e-01,0.000000000000000000e+00,-4.999999999999999445e-01,1.500000000000000118e-02,0.000000000000000000e+00,0.000000000000000000e+00,0.000000000000000000e+00,1.000000000000000000e+00
-3.061616997868382402e-17,1.000000000000000000e+00,5.302876193624534574e-17,1.000000000000000000e+00,4.999999999999999445e-01,6.123233995736766036e-17,-8.660254037844387076e-01,0.000000000000000000e+00,-8.660254037844387076e-01,0.000000000000000000e+00,-4.999999999999999445e-01,1.500000000000000118e-02,0.000000000000000000e+00,0.000000000000000000e+00,0.000000000000000000e+00,1.000000000000000000e+00
-3.061616997868382402e-17,1.000000000000000000e+00,5.302876193624534574e-17,1.000000000000000000e+00,4.999999999999999445e-01,6.123233995736766036e-17,-8.660254037844387076e-01,0.000000000000000000e+00,-8.660254037844387076e-01,0.000000000000000000e+00,-4.999999999999999445e-01,1.500000000000000118e-02,0.000000000000000000e+00,0.000000000000000000e+00,0.000000000000000000e+00,1.000000000000000000e+00
-3.061616997868382402e-17,1.000000000000000000e+00,5.302876193624534574e-17,1.000000000000000000e+00,4.999999999999999445e-01,6.123233995736766036e-17,-8.660254037844387076e-01,0.000000000000000000e+00,-8.660254037844387076e-01,0.000000000000000000e+00,-4.999999999999999445e-01,1.500000000000000118e-02,0.000000000000000000e+00,0.000000000000000000e+00,0.000000000000000000e+00,1.000000000000000000e+00
-3.061616997868382402e-17,1.000000000000000000e+00,5.302876193624534574e-17,1.000000000000000000e+00,4.999999999999999445e-01,6.123233995736766036e-17,-8.660254037844387076e-01,0.000000000000000000e+00,-8.660254037844387076e-01,0.000000000000000000e+00,-4.999999999999999445e-01,1.500000000000000118e-02,0.000000000000000000e+00,0.000000000000000000e+00,0.000000000000000000e+00,1.000000000000000000e+00
-3.061616997868382402e-17,1.000000000000000000e+00,5.302876193624534574e-17,1.000000000000000000e+00,4.999999999999999445e-01,6.123233995736766036e-17,-8.660254037844387076e-01,0.000000000000000000e+00,-8.660254037844387076e-01,0.000000000000000000e+00,-4.999999999999999445e-01,1.500000000000000118e-02,0.000000000000000000e+00,0.000000000000000000e+00,0.000000000000000000e+00,1.000000000000000000e+00
-3.061616997868382402e-17,1.000000000000000000e+00,5.302876193624534574e-17,1.000000000000000000e+00,4.999999999999999445e-01,6.123233995736766036e-17,-8.660254037844387076e-01,0.000000000000000000e+00,-8.660254037844387076e-01,0.000000000000000000e+00,-4.999999999999999445e-01,1.500000000000000118e-02,0.000000000000000000e+00,0.000000000000000000e+00,0.000000000000000000e+00,1.000000000000000000e+00
-3.061616997868382402e-17,1.000000000000000000e+00,5.302876193624534574e-17,1.000000000000000000e+00,4.999999999999999445e-01,6.123233995736766036e-17,-8.660254037844387076e-01,0.000000000000000000e+00,-8.660254037844387076e-01,0.000000000000000000e+00,-4.999999999999999445e-01,1.500000000000000118e-02,0.000000000000000000e+00,0.000000000000000000e+00,0.000000000000000000e+00,1.000000000000000000e+00
-3.061616997868382402e-17,1.000000000000000000e+00,5.302876193624534574e-17,1.000000000000000000e+00,4.999999999999999445e-01,6.123233995736766036e-17,-8.660254037844387076e-01,0.000000000000000000e+00,-8.660254037844387076e-01,0.000000000000000000e+00,-4.999999999999999445e-01,1.500000000000000118e-02,0.000000000000000000e+00,0.000000000000000000e+00,0.000000000000000000e+00,1.000000000000000000e+00
-3.061616997868382402e-17,1.000000000000000000e+00,5.302876193624534574e-17,1.000000000000000000e+00,4.999999999999999445e-01,6.123233995736766036e-17,-8.660254037844387076e-01,0.000000000000000000e+00,-8.660254037844387076e-01,0.000000000000000000e+00,-4.999999999999999445e-01,1.500000000000000118e-02,0.000000000000000000e+00,0.000000000000000000e+00,0.000000000000000000e+00,1.000000000000000000e+00
-3.061616997868382402e-17,1.000000000000000000e+00,5.302876193624534574e-17,1.000000000000000000e+00,4.999999999999999445e-01,6.123233995736766036e-17,-8.660254037844387076e-01,0.000000000000000000e+00,-8.660254037844387076e-01,0.000000000000000000e+00,-4.999999999999999445e-01,1.500000000000000118e-02,0.000000000000000000e+00,0.000000000000000000e+00,0.000000000000000000e+00,1.000000000000000000e+00
-3.061616997868382402e-17,1.000000000000000000e+00,5.302876193624534574e-17,1.000000000000000000e+00,4.999999999999999445e-01,6.123233995736766036e-17,-8.660254037844387076e-01,0.000000000000000000e+00,-8.660254037844387076e-01,0.000000000000000000e+00,-4.999999999999999445e-01,1.500000000000000118e-02,0.000000000000000000e+00,0.000000000000000000e+00,0.000000000000000000e+00,1.000000000000000000e+00
-3.061616997868382402e-17,1.000000000000000000e+00,5.302876193624534574e-17,1.000000000000000000e+00,4.999999999999999445e-01,6.123233995736766036e-17,-8.660254037844387076e-01,0.000000000000000000e+00,-8.660254037844387076e-01,0.000000000000000000e+00,-4.999999999999999445e-01,1.500000000000000118e-02,0.000000000000000000e+00,0.000000000000000000e+00,0.000000000000000000e+00,1.000000000000000000e+00
-3.061616997868382402e-17,1.000000000000000000e+00,5.302876193624534574e-17,1.000000000000000000e+00,4.999999999999999445e-01,6.123233995736766036e-17,-8.660254037844387076e-01,0.000000000000000000e+00,-8.660254037844387076e-01,0.000000000000000000e+00,-4.999999999999999445e-01,1.500000000000000118e-02,0.000000000000000000e+00,0.000000000000000000e+00,0.000000000000000000e+00,1.000000000000000000e+00
-3.061616997868382402e-17,1.000000000000000000e+00,5.302876193624534574e-17,1.000000000000000000e+00,4.999999999999999445e-01,6.123233995736766036e-17,-8.660254037844387076e-01,0.000000000000000000e+00,-8.660254037844387076e-01,0.000000000000000000e+00,-4.999999999999999445e-01,1.500000000000000118e-02,0.000000000000000000e+00,0.000000000000000000e+00,0.000000000000000000e+00,1.000000000000000000e+00
-3.061616997868382402e-17,1.000000000000000000e+00,5.302876193624534574e-17,1.000000000000000000e+00,4.999999999999999445e-01,6.123233995736766036e-17,-8.660254037844387076e-01,0.000000000000000000e+00,-8.660254037844387076e-01,0.000000000000000000e+00,-4.999999999999999445e-01,1.500000000000000118e-02,0.000000000000000000e+00,0.000000000000000000e+00,0.000000000000000000e+00,1.000000000000000000e+00
-3.061616997868382402e-17,1.000000000000000000e+00,5.302876193624534574e-17,1.000000000000000000e+00,4.999999999999999445e-01,6.123233995736766036e-17,-8.660254037844387076e-01,0.000000000000000000e+00,-8.660254037844387076e-01,0.000000000000000000e+00,-4.999999999999999445e-01,1.500000000000000118e-02,0.000000000000000000e+00,0.000000000000000000e+00,0.000000000000000000e+00,1.000000000000000000e+00
-3.061616997868382402e-17,1.000000000000000000e+00,5.302876193624534574e-17,1.000000000000000000e+00,4.999999999999999445e-01,6.123233995736766036e-17,-8.660254037844387076e-01,0.000000000000000000e+00,-8.660254037844387076e-01,0.000000000000000000e+00,-4.999999999999999445e-01,1.500000000000000118e-02,0.000000000000000000e+00,0.000000000000000000e+00,0.000000000000000000e+00,1.000000000000000000e+00
-3.061616997868382402e-17,1.000000000000000000e+00,5.302876193624534574e-17,1.000000000000000000e+00,4.999999999999999445e-01,6.123233995736766036e-17,-8.660254037844387076e-01,0.000000000000000000e+00,-8.660254037844387076e-01,0.000000000000000000e+00,-4.999999999999999445e-01,1.500000000000000118e-02,0.000000000000000000e+00,0.000000000000000000e+00,0.000000000000000000e+00,1.000000000000000000e+00
-3.061616997868382402e-17,1.000000000000000000e+00,5.302876193624534574e-17,1.000000000000000000e+00,4.999999999999999445e-01,6.123233995736766036e-17,-8.660254037844387076e-01,0.000000000000000000e+00,-8.660254037844387076e-01,0.000000000000000000e+00,-4.999999999999999445e-01,1.500000000000000118e-02,0.000000000000000000e+00,0.000000000000000000e+00,0.000000000000000000e+00,1.000000000000000000e+00
-3.061616997868382402e-17,1.000000000000000000e+00,5.302876193624534574e-17,1.000000000000000000e+00,4.999999999999999445e-01,6.123233995736766036e-17,-8.660254037844387076e-01,0.000000000000000000e+00,-8.660254037844387076e-01,0.000000000000000000e+00,-4.999999999999999445e-01,1.500000000000000118e-02,0.000000000000000000e+00,0.000000000000000000e+00,0.000000000000000000e+00,1.000000000000000000e+00
-3.061616997868382402e-17,1.000000000000000000e+00,5.302876193624534574e-17,1.000000000000000000e+00,4.999999999999999445e-01,6.123233995736766036e-17,-8.660254037844387076e-01,0.000000000000000000e+00,-8.660254037844387076e-01,0.000000000000000000e+00,-4.999999999999999445e-01,1.500000000000000118e-02,0.000000000000000000e+00,0.000000000000000000e+00,0.000000000000000000e+00,1.000000000000000000e+00
-3.061616997868382402e-17,1.000000000000000000e+00,5.302876193624534574e-17,1.000000000000000000e+00,4.999999999999999445e-01,6.123233995736766036e-17,-8.660254037844387076e-01,0.000000000000000000e+00,-8.660254037844387076e-01,0.000000000000000000e+00,-4.999999999999999445e-01,1.500000000000000118e-02,0.000000000000000000e+00,0.000000000000000000e+00,0.000000000000000000e+00,1.000000000000000000e+00
-3.061616997868382402e-17,1.000000000000000000e+00,5.302876193624534574e-17,1.000000000000000000e+00,4.999999999999999445e-01,6.123233995736766036e-17,-8.660254037844387076e-01,0.000000000000000000e+00,-8.660254037844387076e-01,0.000000000000000000e+00,-4.999999999999999445e-01,1.500000000000000118e-02,0.000000000000000000e+00,0.000000000000000000e+00,0.000000000000000000e+00,1.000000000000000000e+00
-3.061616997868382402e-17,1.000000000000000000e+00,5.302876193624534574e-17,1.000000000000000000e+00,4.999999999999999445e-01,6.123233995736766036e-17,-8.660254037844387076e-01,0.000000000000000000e+00,-8.660254037844387076e-01,0.000000000000000000e+00,-4.999999999999999445e-01,1.500000000000000118e-02,0.000000000000000000e+00,0.000000000000000000e+00,0.000000000000000000e+00,1.000000000000000000e+00
-3.061616997868382402e-17,1.000000000000000000e+00,5.302876193624534574e-17,1.000000000000000000e+00,4.999999999999999445e-01,6.123233995736766036e-17,-8.660254037844387076e-01,0.000000000000000000e+00,-8.660254037844387076e-01,0.000000000000000000e+00,-4.999999999999999445e-01,1.500000000000000118e-02,0.000000000000000000e+00,0.000000000000000000e+00,0.000000000000000000e+00,1.000000000000000000e+00
-3.061616997868382402e-17,1.000000000000000000e+00,5.302876193624534574e-17,1.000000000000000000e+00,4.999999999999999445e-01,6.123233995736766036e-17,-8.660254037844387076e-01,0.000000000000000000e+00,-8.660254037844387076e-01,0.000000000000000000e+00,-4.999999999999999445e-01,1.500000000000000118e-02,0.000000000000000000e+00,0.000000000000000000e+00,0.000000000000000000e+00,1.000000000000000000e+00
-3.061616997868382402e-17,1.000000000000000000e+00,5.302876193624534574e-17,1.000000000000000000e+00,4.999999999999999445e-01,6.123233995736766036e-17,-8.660254037844387076e-01,0.000000000000000000e+00,-8.660254037844387076e-01,0.000000000000000000e+00,-4.999999999999999445e-01,1.500000000000000118e-02,0.000000000000000000e+00,0.000000000000000000e+00,0.000000000000000000e+00,1.000000000000000000e+00
-3.061616997868382402e-17,1.000000000000000000e+00,5.302876193624534574e-17,1.000000000000000000e+00,4.999999999999999445e-01,6.123233995736766036e-17,-8.660254037844387076e-01,0.000000000000000000e+00,-8.660254037844387076e-01,0.000000000000000000e+00,-4.999999999999999445e-01,1.500000000000000118e-02,0.000000000000000000e+00,0.000000000000000000e+00,0.000000000000000000e+00,1.000000000000000000e+00
-3.061616997868382402e-17,1.000000000000000000e+00,5.302876193624534574e-17,1.000000000000000000e+00,4.999999999999999445e-01,6.123233995736766036e-17,-8.660254037844387076e-01,0.000000000000000000e+00,-8.660254037844387076e-01,0.000000000000000000e+00,-4.999999999999999445e-01,1.500000000000000118e-02,0.000000000000000000e+00,0.000000000000000000e+00,0.000000000000000000e+00,1.000000000000000000e+00
-3.061616997868382402e-17,1.000000000000000000e+00,5.302876193624534574e-17,1.000000000000000000e+00,4.999999999999999445e-01,6.123233995736766036e-17,-8.660254037844387076e-01,0.000000000000000000e+00,-8.660254037844387076e-01,0.000000000000000000e+00,-4.999999999999999445e-01,1.500000000000000118e-02,0.000000000000000000e+00,0.000000000000000000e+00,0.000000000000000000e+00,1.000000000000000000e+00
-3.061616997868382402e-17,1.000000000000000000e+00,5.302876193624534574e-17,1.000000000000000000e+00,4.999999999999999445e-01,6.123233995736766036e-17,-8.660254037844387076e-01,0.000000000000000000e+00,-8.660254037844387076e-01,0.000000000000000000e+00,-4.999999999999999445e-01,1.500000000000000118e-02,0.000000000000000000e+00,0.000000000000000000e+00,0.000000000000000000e+00,1.000000000000000000e+00
-3.061616997868382402e-17,1.000000000000000000e+00,5.302876193624534574e-17,1.000000000000000000e+00,4.999999999999999445e-01,6.123233995736766036e-17,-8.660254037844387076e-01,0.000000000000000000e+00,-8.660254037844387076e-01,0.000000000000000000e+00,-4.999999999999999445e-01,1.500000000000000118e-02,0.000000000000000000e+00,0.000000000000000000e+00,0.000000000000000000e+00,1.000000000000000000e+00
-3.061616997868382402e-17,1.000000000000000000e+00,5.302876193624534574e-17,1.000000000000000000e+00,4.999999999999999445e-01,6.123233995736766036e-17,-8.660254037844387076e-01,0.000000000000000000e+00,-8.660254037844387076e-01,0.000000000000000000e+00,-4.999999999999999445e-01,1.500000000000000118e-02,0.000000000000000000e+00,0.000000000000000000e+00,0.000000000000000000e+00,1.000000000000000000e+00
-3.061616997868382402e-17,1.000000000000000000e+00,5.302876193624534574e-17,1.000000000000000000e+00,4.999999999999999445e-01,6.123233995736766036e-17,-8.660254037844387076e-01,0.000000000000000000e+00,-8.660254037844387076e-01,0.000000000000000000e+00,-4.999999999999999445e-01,1.500000000000000118e-02,0.000000000000000000e+00,0.000000000000000000e+00,0.000000000000000000e+00,1.000000000000000000e+00
-3.061616997868382402e-17,1.000000000000000000e+00,5.302876193624534574e-17,1.000000000000000000e+00,4.999999999999999445e-01,6.123233995736766036e-17,-8.660254037844387076e-01,0.000000000000000000e+00,-8.660254037844387076e-01,0.000000000000000000e+00,-4.999999999999999445e-01,1.500000000000000118e-02,0.000000000000000000e+00,0.000000000000000000e+00,0.000000000000000000e+00,1.000000000000000000e+00
-3.061616997868382402e-17,1.000000000000000000e+00,5.302876193624534574e-17,1.000000000000000000e+00,4.999999999999999445e-01,6.123233995736766036e-17,-8.660254037844387076e-01,0.000000000000000000e+00,-8.660254037844387076e-01,0.000000000000000000e+00,-4.999999999999999445e-01,1.500000000000000118e-02,0.000000000000000000e+00,0.000000000000000000e+00,0.000000000000000000e+00,1.000000000000000000e+00
-3.061616997868382402e-17,1.000000000000000000e+00,5.302876193624534574e-17,1.000000000000000000e+00,4.999999999999999445e-01,6.123233995736766036e-17,-8.660254037844387076e-01,0.000000000000000000e+00,-8.660254037844387076e-01,0.000000000000000000e+00,-4.999999999999999445e-01,1.500000000000000118e-02,0.000000000000000000e+00,0.000000000000000000e+00,0.000000000000000000e+00,1.000000000000000000e+00
-3.061616997868382402e-17,1.000000000000000000e+00,5.302876193624534574e-17,1.000000000000000000e+00,4.999999999999999445e-01,6.123233995736766036e-17,-8.660254037844387076e-01,0.000000000000000000e+00,-8.660254037844387076e-01,0.000000000000000000e+00,-4.999999999999999445e-01,1.500000000000000118e-02,0.000000000000000000e+00,0.000000000000000000e+00,0.000000000000000000e+00,1.000000000000000000e+00
-3.061616997868382402e-17,1.000000000000000000e+00,5.302876193624534574e-17,1.000000000000000000e+00,4.999999999999999445e-01,6.123233995736766036e-17,-8.660254037844387076e-01,0.000000000000000000e+00,-8.660254037844387076e-01,0.000000000000000000e+00,-4.999999999999999445e-01,1.500000000000000118e-02,0.000000000000000000e+00,0.000000000000000000e+00,0.000000000000000000e+00,1.000000000000000000e+00
-3.061616997868382402e-17,1.000000000000000000e+00,5.302876193624534574e-17,1.000000000000000000e+00,4.999999999999999445e-01,6.123233995736766036e-17,-8.660254037844387076e-01,0.000000000000000000e+00,-8.660254037844387076e-01,0.000000000000000000e+00,-4.999999999999999445e-01,1.500000000000000118e-02,0.000000000000000000e+00,0.000000000000000000e+00,0.000000000000000000e+00,1.000000000000000000e+00
-3.061616997868382402e-17,1.000000000000000000e+00,5.302876193624534574e-17,1.000000000000000000e+00,4.999999999999999445e-01,6.123233995736766036e-17,-8.660254037844387076e-01,0.000000000000000000e+00,-8.660254037844387076e-01,0.000000000000000000e+00,-4.999999999999999445e-01,1.500000000000000118e-02,0.000000000000000000e+00,0.000000000000000000e+00,0.000000000000000000e+00,1.000000000000000000e+00
-3.061616997868382402e-17,1.000000000000000000e+00,5.302876193624534574e-17,1.000000000000000000e+00,4.999999999999999445e-01,6.123233995736766036e-17,-8.660254037844387076e-01,0.000000000000000000e+00,-8.660254037844387076e-01,0.000000000000000000e+00,-4.999999999999999445e-01,1.500000000000000118e-02,0.000000000000000000e+00,0.000000000000000000e+00,0.000000000000000000e+00,1.000000000000000000e+00
-3.061616997868382402e-17,1.000000000000000000e+00,5.302876193624534574e-17,1.000000000000000000e+00,4.999999999999999445e-01,6.123233995736766036e-17,-8.660254037844387076e-01,0.000000000000000000e+00,-8.660254037844387076e-01,0.000000000000000000e+00,-4.999999999999999445e-01,1.500000000000000118e-02,0.000000000000000000e+00,0.000000000000000000e+00,0.000000000000000000e+00,1.000000000000000000e+00
-3.061616997868382402e-17,1.000000000000000000e+00,5.302876193624534574e-17,1.000000000000000000e+00,4.999999999999999445e-01,6.123233995736766036e-17,-8.660254037844387076e-01,0.000000000000000000e+00,-8.660254037844387076e-01,0.000000000000000000e+00,-4.999999999999999445e-01,1.500000000000000118e-02,0.000000000000000000e+00,0.000000000000000000e+00,0.000000000000000000e+00,1.000000000000000000e+00
-3.061616997868382402e-17,1.000000000000000000e+00,5.302876193624534574e-17,1.000000000000000000e+00,4.999999999999999445e-01,6.123233995736766036e-17,-8.660254037844387076e-01,0.000000000000000000e+00,-8.660254037844387076e-01,0.000000000000000000e+00,-4.999999999999999445e-01,1.500000000000000118e-02,0.000000000000000000e+00,0.000000000000000000e+00,0.000000000000000000e+00,1.000000000000000000e+00
-3.061616997868382402e-17,1.000000000000000000e+00,5.302876193624534574e-17,1.000000000000000000e+00,4.999999999999999445e-01,6.123233995736766036e-17,-8.660254037844387076e-01,0.000000000000000000e+00,-8.660254037844387076e-01,0.000000000000000000e+00,-4.999999999999999445e-01,1.500000000000000118e-02,0.000000000000000000e+00,0.000000000000000000e+00,0.000000000000000000e+00,1.000000000000000000e+00
-3.061616997868382402e-17,1.000000000000000000e+00,5.302876193624534574e-17,1.000000000000000000e+00,4.999999999999999445e-01,6.123233995736766036e-17,-8.660254037844387076e-01,0.000000000000000000e+00,-8.660254037844387076e-01,0.000000000000000000e+00,-4.999999999999999445e-01,1.500000000000000118e-02,0.000000000000000000e+00,0.000000000000000000e+00,0.000000000000000000e+00,1.000000000000000000e+00
-3.061616997868382402e-17,1.000000000000000000e+00,5.302876193624534574e-17,1.000000000000000000e+00,4.999999999999999445e-01,6.123233995736766036e-17,-8.660254037844387076e-01,0.000000000000000000e+00,-8.660254037844387076e-01,0.000000000000000000e+00,-4.999999999999999445e-01,1.500000000000000118e-02,0.000000000000000000e+00,0.000000000000000000e+00,0.000000000000000000e+00,1.000000000000000000e+00
-3.061616997868382402e-17,1.000000000000000000e+00,5.302876193624534574e-17,1.000000000000000000e+00,4.999999999999999445e-01,6.123233995736766036e-17,-8.660254037844387076e-01,0.000000000000000000e+00,-8.660254037844387076e-01,0.000000000000000000e+00,-4.999999999999999445e-01,1.500000000000000118e-02,0.000000000000000000e+00,0.000000000000000000e+00,0.000000000000000000e+00,1.000000000000000000e+00
-3.061616997868382402e-17,1.000000000000000000e+00,5.302876193624534574e-17,1.000000000000000000e+00,4.999999999999999445e-01,6.123233995736766036e-17,-8.660254037844387076e-01,0.000000000000000000e+00,-8.660254037844387076e-01,0.000000000000000000e+00,-4.999999999999999445e-01,1.500000000000000118e-02,0.000000000000000000e+00,0.000000000000000000e+00,0.000000000000000000e+00,1.000000000000000000e+00
-3.061616997868382402e-17,1.000000000000000000e+00,5.302876193624534574e-17,1.000000000000000000e+00,4.999999999999999445e-01,6.123233995736766036e-17,-8.660254037844387076e-01,0.000000000000000000e+00,-8.660254037844387076e-01,0.000000000000000000e+00,-4.999999999999999445e-01,1.500000000000000118e-02,0.000000000000000000e+00,0.000000000000000000e+00,0.000000000000000000e+00,1.000000000000000000e+00
-3.061616997868382402e-17,1.000000000000000000e+00,5.302876193624534574e-17,1.000000000000000000e+00,4.999999999999999445e-01,6.123233995736766036e-17,-8.660254037844387076e-01,0.000000000000000000e+00,-8.660254037844387076e-01,0.000000000000000000e+00,-4.999999999999999445e-01,1.500000000000000118e-02,0.000000000000000000e+00,0.000000000000000000e+00,0.000000000000000000e+00,1.000000000000000000e+00
-3.061616997868382402e-17,1.000000000000000000e+00,5.302876193624534574e-17,1.000000000000000000e+00,4.999999999999999445e-01,6.123233995736766036e-17,-8.660254037844387076e-01,0.000000000000000000e+00,-8.660254037844387076e-01,0.000000000000000000e+00,-4.999999999999999445e-01,1.500000000000000118e-02,0.000000000000000000e+00,0.000000000000000000e+00,0.000000000000000000e+00,1.000000000000000000e+00
-3.061616997868382402e-17,1.000000000000000000e+00,5.302876193624534574e-17,1.000000000000000000e+00,4.999999999999999445e-01,6.123233995736766036e-17,-8.660254037844387076e-01,0.000000000000000000e+00,-8.660254037844387076e-01,0.000000000000000000e+00,-4.999999999999999445e-01,1.500000000000000118e-02,0.000000000000000000e+00,0.000000000000000000e+00,0.000000000000000000e+00,1.000000000000000000e+00
-3.061616997868382402e-17,1.000000000000000000e+00,5.302876193624534574e-17,1.000000000000000000e+00,4.999999999999999445e-01,6.123233995736766036e-17,-8.660254037844387076e-01,0.000000000000000000e+00,-8.660254037844387076e-01,0.000000000000000000e+00,-4.999999999999999445e-01,1.500000000000000118e-02,0.000000000000000000e+00,0.000000000000000000e+00,0.000000000000000000e+00,1.000000000000000000e+00
-3.061616997868382402e-17,1.000000000000000000e+00,5.302876193624534574e-17,1.000000000000000000e+00,4.999999999999999445e-01,6.123233995736766036e-17,-8.660254037844387076e-01,0.000000000000000000e+00,-8.660254037844387076e-01,0.000000000000000000e+00,-4.999999999999999445e-01,1.500000000000000118e-02,0.000000000000000000e+00,0.000000000000000000e+00,0.000000000000000000e+00,1.000000000000000000e+00
-3.061616997868382402e-17,1.000000000000000000e+00,5.302876193624534574e-17,1.000000000000000000e+00,4.999999999999999445e-01,6.123233995736766036e-17,-8.660254037844387076e-01,0.000000000000000000e+00,-8.660254037844387076e-01,0.000000000000000000e+00,-4.999999999999999445e-01,1.500000000000000118e-02,0.000000000000000000e+00,0.000000000000000000e+00,0.000000000000000000e+00,1.000000000000000000e+00
-3.061616997868382402e-17,1.000000000000000000e+00,5.302876193624534574e-17,1.000000000000000000e+00,4.999999999999999445e-01,6.123233995736766036e-17,-8.660254037844387076e-01,0.000000000000000000e+00,-8.660254037844387076e-01,0.000000000000000000e+00,-4.999999999999999445e-01,1.500000000000000118e-02,0.000000000000000000e+00,0.000000000000000000e+00,0.000000000000000000e+00,1.000000000000000000e+00
-3.061616997868382402e-17,1.000000000000000000e+00,5.302876193624534574e-17,1.000000000000000000e+00,4.999999999999999445e-01,6.123233995736766036e-17,-8.660254037844387076e-01,0.000000000000000000e+00,-8.660254037844387076e-01,0.000000000000000000e+00,-4.999999999999999445e-01,1.500000000000000118e-02,0.000000000000000000e+00,0.000000000000000000e+00,0.000000000000000000e+00,1.000000000000000000e+00
-3.061616997868382402e-17,1.000000000000000000e+00,5.302876193624534574e-17,1.000000000000000000e+00,4.999999999999999445e-01,6.123233995736766036e-17,-8.660254037844387076e-01,0.000000000000000000e+00,-8.660254037844387076e-01,0.000000000000000000e+00,-4.999999999999999445e-01,1.500000000000000118e-02,0.000000000000000000e+00,0.000000000000000000e+00,0.000000000000000000e+00,1.000000000000000000e+00
-3.061616997868382402e-17,1.000000000000000000e+00,5.302876193624534574e-17,1.000000000000000000e+00,4.999999999999999445e-01,6.123233995736766036e-17,-8.660254037844387076e-01,0.000000000000000000e+00,-8.660254037844387076e-01,0.000000000000000000e+00,-4.999999999999999445e-01,1.500000000000000118e-02,0.000000000000000000e+00,0.000000000000000000e+00,0.000000000000000000e+00,1.000000000000000000e+00
-3.061616997868382402e-17,1.000000000000000000e+00,5.302876193624534574e-17,1.000000000000000000e+00,4.999999999999999445e-01,6.123233995736766036e-17,-8.660254037844387076e-01,0.000000000000000000e+00,-8.660254037844387076e-01,0.000000000000000000e+00,-4.999999999999999445e-01,1.500000000000000118e-02,0.000000000000000000e+00,0.000000000000000000e+00,0.000000000000000000e+00,1.000000000000000000e+00
-3.061616997868382402e-17,1.000000000000000000e+00,5.302876193624534574e-17,1.000000000000000000e+00,4.999999999999999445e-01,6.123233995736766036e-17,-8.660254037844387076e-01,0.000000000000000000e+00,-8.660254037844387076e-01,0.000000000000000000e+00,-4.999999999999999445e-01,1.500000000000000118e-02,0.000000000000000000e+00,0.000000000000000000e+00,0.000000000000000000e+00,1.000000000000000000e+00
-3.061616997868382402e-17,1.000000000000000000e+00,5.302876193624534574e-17,1.000000000000000000e+00,4.999999999999999445e-01,6.123233995736766036e-17,-8.660254037844387076e-01,0.000000000000000000e+00,-8.660254037844387076e-01,0.000000000000000000e+00,-4.999999999999999445e-01,1.500000000000000118e-02,0.000000000000000000e+00,0.000000000000000000e+00,0.000000000000000000e+00,1.000000000000000000e+00
-3.061616997868382402e-17,1.000000000000000000e+00,5.302876193624534574e-17,1.000000000000000000e+00,4.999999999999999445e-01,6.123233995736766036e-17,-8.660254037844387076e-01,0.000000000000000000e+00,-8.660254037844387076e-01,0.000000000000000000e+00,-4.999999999999999445e-01,1.500000000000000118e-02,0.000000000000000000e+00,0.000000000000000000e+00,0.000000000000000000e+00,1.000000000000000000e+00
-3.061616997868382402e-17,1.000000000000000000e+00,5.302876193624534574e-17,1.000000000000000000e+00,4.999999999999999445e-01,6.123233995736766036e-17,-8.660254037844387076e-01,0.000000000000000000e+00,-8.660254037844387076e-01,0.000000000000000000e+00,-4.999999999999999445e-01,1.500000000000000118e-02,0.000000000000000000e+00,0.000000000000000000e+00,0.000000000000000000e+00,1.000000000000000000e+00
-3.061616997868382402e-17,1.000000000000000000e+00,5.302876193624534574e-17,1.000000000000000000e+00,4.999999999999999445e-01,6.123233995736766036e-17,-8.660254037844387076e-01,0.000000000000000000e+00,-8.660254037844387076e-01,0.000000000000000000e+00,-4.999999999999999445e-01,1.500000000000000118e-02,0.000000000000000000e+00,0.000000000000000000e+00,0.000000000000000000e+00,1.000000000000000000e+00
-3.061616997868382402e-17,1.000000000000000000e+00,5.302876193624534574e-17,1.000000000000000000e+00,4.999999999999999445e-01,6.123233995736766036e-17,-8.660254037844387076e-01,0.000000000000000000e+00,-8.660254037844387076e-01,0.000000000000000000e+00,-4.999999999999999445e-01,1.500000000000000118e-02,0.000000000000000000e+00,0.000000000000000000e+00,0.000000000000000000e+00,1.000000000000000000e+00
-3.061616997868382402e-17,1.000000000000000000e+00,5.302876193624534574e-17,1.000000000000000000e+00,4.999999999999999445e-01,6.123233995736766036e-17,-8.660254037844387076e-01,0.000000000000000000e+00,-8.660254037844387076e-01,0.000000000000000000e+00,-4.999999999999999445e-01,1.500000000000000118e-02,0.000000000000000000e+00,0.000000000000000000e+00,0.000000000000000000e+00,1.000000000000000000e+00
-3.061616997868382402e-17,1.000000000000000000e+00,5.302876193624534574e-17,1.000000000000000000e+00,4.999999999999999445e-01,6.123233995736766036e-17,-8.660254037844387076e-01,0.000000000000000000e+00,-8.660254037844387076e-01,0.000000000000000000e+00,-4.999999999999999445e-01,1.500000000000000118e-02,0.000000000000000000e+00,0.000000000000000000e+00,0.000000000000000000e+00,1.000000000000000000e+00
-3.061616997868382402e-17,1.000000000000000000e+00,5.302876193624534574e-17,1.000000000000000000e+00,4.999999999999999445e-01,6.123233995736766036e-17,-8.660254037844387076e-01,0.000000000000000000e+00,-8.660254037844387076e-01,0.000000000000000000e+00,-4.999999999999999445e-01,1.500000000000000118e-02,0.000000000000000000e+00,0.000000000000000000e+00,0.000000000000000000e+00,1.000000000000000000e+00
-3.061616997868382402e-17,1.000000000000000000e+00,5.302876193624534574e-17,1.000000000000000000e+00,4.999999999999999445e-01,6.123233995736766036e-17,-8.660254037844387076e-01,0.000000000000000000e+00,-8.660254037844387076e-01,0.000000000000000000e+00,-4.999999999999999445e-01,1.500000000000000118e-02,0.000000000000000000e+00,0.000000000000000000e+00,0.000000000000000000e+00,1.000000000000000000e+00
-3.061616997868382402e-17,1.000000000000000000e+00,5.302876193624534574e-17,1.000000000000000000e+00,4.999999999999999445e-01,6.123233995736766036e-17,-8.660254037844387076e-01,0.000000000000000000e+00,-8.660254037844387076e-01,0.000000000000000000e+00,-4.999999999999999445e-01,1.500000000000000118e-02,0.000000000000000000e+00,0.000000000000000000e+00,0.000000000000000000e+00,1.000000000000000000e+00
-3.061616997868382402e-17,1.000000000000000000e+00,5.302876193624534574e-17,1.000000000000000000e+00,4.999999999999999445e-01,6.123233995736766036e-17,-8.660254037844387076e-01,0.000000000000000000e+00,-8.660254037844387076e-01,0.000000000000000000e+00,-4.999999999999999445e-01,1.500000000000000118e-02,0.000000000000000000e+00,0.000000000000000000e+00,0.000000000000000000e+00,1.000000000000000000e+00
-3.061616997868382402e-17,1.000000000000000000e+00,5.302876193624534574e-17,1.000000000000000000e+00,4.999999999999999445e-01,6.123233995736766036e-17,-8.660254037844387076e-01,0.000000000000000000e+00,-8.660254037844387076e-01,0.000000000000000000e+00,-4.999999999999999445e-01,1.500000000000000118e-02,0.000000000000000000e+00,0.000000000000000000e+00,0.000000000000000000e+00,1.000000000000000000e+00
-3.061616997868382402e-17,1.000000000000000000e+00,5.302876193624534574e-17,1.000000000000000000e+00,4.999999999999999445e-01,6.123233995736766036e-17,-8.660254037844387076e-01,0.000000000000000000e+00,-8.660254037844387076e-01,0.000000000000000000e+00,-4.999999999999999445e-01,1.500000000000000118e-02,0.000000000000000000e+00,0.000000000000000000e+00,0.000000000000000000e+00,1.000000000000000000e+00
-3.061616997868382402e-17,1.000000000000000000e+00,5.302876193624534574e-17,1.000000000000000000e+00,4.999999999999999445e-01,6.123233995736766036e-17,-8.660254037844387076e-01,0.000000000000000000e+00,-8.660254037844387076e-01,0.000000000000000000e+00,-4.999999999999999445e-01,1.500000000000000118e-02,0.000000000000000000e+00,0.000000000000000000e+00,0.000000000000000000e+00,1.000000000000000000e+00
-3.061616997868382402e-17,1.000000000000000000e+00,5.302876193624534574e-17,1.000000000000000000e+00,4.999999999999999445e-01,6.123233995736766036e-17,-8.660254037844387076e-01,0.000000000000000000e+00,-8.660254037844387076e-01,0.000000000000000000e+00,-4.999999999999999445e-01,1.500000000000000118e-02,0.000000000000000000e+00,0.000000000000000000e+00,0.000000000000000000e+00,1.000000000000000000e+00
-3.061616997868382402e-17,1.000000000000000000e+00,5.302876193624534574e-17,1.000000000000000000e+00,4.999999999999999445e-01,6.123233995736766036e-17,-8.660254037844387076e-01,0.000000000000000000e+00,-8.660254037844387076e-01,0.000000000000000000e+00,-4.999999999999999445e-01,1.500000000000000118e-02,0.000000000000000000e+00,0.000000000000000000e+00,0.000000000000000000e+00,1.000000000000000000e+00
-3.061616997868382402e-17,1.000000000000000000e+00,5.302876193624534574e-17,1.000000000000000000e+00,4.999999999999999445e-01,6.123233995736766036e-17,-8.660254037844387076e-01,0.000000000000000000e+00,-8.660254037844387076e-01,0.000000000000000000e+00,-4.999999999999999445e-01,1.500000000000000118e-02,0.000000000000000000e+00,0.000000000000000000e+00,0.000000000000000000e+00,1.000000000000000000e+00
-3.061616997868382402e-17,1.000000000000000000e+00,5.302876193624534574e-17,1.000000000000000000e+00,4.999999999999999445e-01,6.123233995736766036e-17,-8.660254037844387076e-01,0.000000000000000000e+00,-8.660254037844387076e-01,0.000000000000000000e+00,-4.999999999999999445e-01,1.500000000000000118e-02,0.000000000000000000e+00,0.000000000000000000e+00,0.000000000000000000e+00,1.000000000000000000e+00
-3.061616997868382402e-17,1.000000000000000000e+00,5.302876193624534574e-17,1.000000000000000000e+00,4.999999999999999445e-01,6.123233995736766036e-17,-8.660254037844387076e-01,0.000000000000000000e+00,-8.660254037844387076e-01,0.000000000000000000e+00,-4.999999999999999445e-01,1.500000000000000118e-02,0.000000000000000000e+00,0.000000000000000000e+00,0.000000000000000000e+00,1.000000000000000000e+00
-3.061616997868382402e-17,1.000000000000000000e+00,5.302876193624534574e-17,1.000000000000000000e+00,4.999999999999999445e-01,6.123233995736766036e-17,-8.660254037844387076e-01,0.000000000000000000e+00,-8.660254037844387076e-01,0.000000000000000000e+00,-4.999999999999999445e-01,1.500000000000000118e-02,0.000000000000000000e+00,0.000000000000000000e+00,0.000000000000000000e+00,1.000000000000000000e+00
-3.061616997868382402e-17,1.000000000000000000e+00,5.302876193624534574e-17,1.000000000000000000e+00,4.999999999999999445e-01,6.123233995736766036e-17,-8.660254037844387076e-01,0.000000000000000000e+00,-8.660254037844387076e-01,0.000000000000000000e+00,-4.999999999999999445e-01,1.500000000000000118e-02,0.000000000000000000e+00,0.000000000000000000e+00,0.000000000000000000e+00,1.000000000000000000e+00
-3.061616997868382402e-17,1.000000000000000000e+00,5.302876193624534574e-17,1.000000000000000000e+00,4.999999999999999445e-01,6.123233995736766036e-17,-8.660254037844387076e-01,0.000000000000000000e+00,-8.660254037844387076e-01,0.000000000000000000e+00,-4.999999999999999445e-01,1.500000000000000118e-02,0.000000000000000000e+00,0.000000000000000000e+00,0.000000000000000000e+00,1.000000000000000000e+00
-3.061616997868382402e-17,1.000000000000000000e+00,5.302876193624534574e-17,1.000000000000000000e+00,4.999999999999999445e-01,6.123233995736766036e-17,-8.660254037844387076e-01,0.000000000000000000e+00,-8.660254037844387076e-01,0.000000000000000000e+00,-4.999999999999999445e-01,1.500000000000000118e-02,0.000000000000000000e+00,0.000000000000000000e+00,0.000000000000000000e+00,1.000000000000000000e+00
-3.061616997868382402e-17,1.000000000000000000e+00,5.302876193624534574e-17,1.000000000000000000e+00,4.999999999999999445e-01,6.123233995736766036e-17,-8.660254037844387076e-01,0.000000000000000000e+00,-8.660254037844387076e-01,0.000000000000000000e+00,-4.999999999999999445e-01,1.500000000000000118e-02,0.000000000000000000e+00,0.000000000000000000e+00,0.000000000000000000e+00,1.000000000000000000e+00
-3.061616997868382402e-17,1.000000000000000000e+00,5.302876193624534574e-17,1.000000000000000000e+00,4.999999999999999445e-01,6.123233995736766036e-17,-8.660254037844387076e-01,0.000000000000000000e+00,-8.660254037844387076e-01,0.000000000000000000e+00,-4.999999999999999445e-01,1.500000000000000118e-02,0.000000000000000000e+00,0.000000000000000000e+00,0.000000000000000000e+00,1.000000000000000000e+00
-3.061616997868382402e-17,1.000000000000000000e+00,5.302876193624534574e-17,1.000000000000000000e+00,4.999999999999999445e-01,6.123233995736766036e-17,-8.660254037844387076e-01,0.000000000000000000e+00,-8.660254037844387076e-01,0.000000000000000000e+00,-4.999999999999999445e-01,1.500000000000000118e-02,0.000000000000000000e+00,0.000000000000000000e+00,0.000000000000000000e+00,1.000000000000000000e+00
-3.061616997868382402e-17,1.000000000000000000e+00,5.302876193624534574e-17,1.000000000000000000e+00,4.999999999999999445e-01,6.123233995736766036e-17,-8.660254037844387076e-01,0.000000000000000000e+00,-8.660254037844387076e-01,0.000000000000000000e+00,-4.999999999999999445e-01,1.500000000000000118e-02,0.000000000000000000e+00,0.000000000000000000e+00,0.000000000000000000e+00,1.000000000000000000e+00
-3.061616997868382402e-17,1.000000000000000000e+00,5.302876193624534574e-17,1.000000000000000000e+00,4.999999999999999445e-01,6.123233995736766036e-17,-8.660254037844387076e-01,0.000000000000000000e+00,-8.660254037844387076e-01,0.000000000000000000e+00,-4.999999999999999445e-01,1.500000000000000118e-02,0.000000000000000000e+00,0.000000000000000000e+00,0.000000000000000000e+00,1.000000000000000000e+00
-3.061616997868382402e-17,1.000000000000000000e+00,5.302876193624534574e-17,1.000000000000000000e+00,4.999999999999999445e-01,6.123233995736766036e-17,-8.660254037844387076e-01,0.000000000000000000e+00,-8.660254037844387076e-01,0.000000000000000000e+00,-4.999999999999999445e-01,1.500000000000000118e-02,0.000000000000000000e+00,0.000000000000000000e+00,0.000000000000000000e+00,1.000000000000000000e+00
-3.061616997868382402e-17,1.000000000000000000e+00,5.302876193624534574e-17,1.000000000000000000e+00,4.999999999999999445e-01,6.123233995736766036e-17,-8.660254037844387076e-01,0.000000000000000000e+00,-8.660254037844387076e-01,0.000000000000000000e+00,-4.999999999999999445e-01,1.500000000000000118e-02,0.000000000000000000e+00,0.000000000000000000e+00,0.000000000000000000e+00,1.000000000000000000e+00
-3.061616997868382402e-17,1.000000000000000000e+00,5.302876193624534574e-17,1.000000000000000000e+00,4.999999999999999445e-01,6.123233995736766036e-17,-8.660254037844387076e-01,0.000000000000000000e+00,-8.660254037844387076e-01,0.000000000000000000e+00,-4.999999999999999445e-01,1.500000000000000118e-02,0.000000000000000000e+00,0.000000000000000000e+00,0.000000000000000000e+00,1.000000000000000000e+00
-3.061616997868382402e-17,1.000000000000000000e+00,5.302876193624534574e-17,1.000000000000000000e+00,4.999999999999999445e-01,6.123233995736766036e-17,-8.660254037844387076e-01,0.000000000000000000e+00,-8.660254037844387076e-01,0.000000000000000000e+00,-4.999999999999999445e-01,1.500000000000000118e-02,0.000000000000000000e+00,0.000000000000000000e+00,0.000000000000000000e+00,1.000000000000000000e+00
-3.061616997868382402e-17,1.000000000000000000e+00,5.302876193624534574e-17,1.000000000000000000e+00,4.999999999999999445e-01,6.123233995736766036e-17,-8.660254037844387076e-01,-2.939680493438214672e-23,-8.660254037844387076e-01,0.000000000000000000e+00,-4.999999999999999445e-01,1.500213162167176630e-02,0.000000000000000000e+00,0.000000000000000000e+00,0.000000000000000000e+00,1.000000000000000000e+00
-3.061616997868382402e-17,1.000000000000000000e+00,5.302876193624534574e-17,1.000000000000000000e+00,4.999999999999999445e-01,6.123233995736766036e-17,-8.660254037844387076e-01,-6.283351097953587329e-22,-8.660254037844387076e-01,0.000000000000000000e+00,-4.999999999999999445e-01,1.501679381608848722e-02,0.000000000000000000e+00,0.000000000000000000e+00,0.000000000000000000e+00,1.000000000000000000e+00
-3.061616997868382402e-17,1.000000000000000000e+00,5.302876193624534574e-17,1.000000000000000000e+00,4.999999999999999445e-01,6.123233995736766036e-17,-8.660254037844387076e-01,3.589835136610959221e-22,-8.660254037844387076e-01,0.000000000000000000e+00,-4.999999999999999445e-01,1.505581162810860386e-02,0.000000000000000000e+00,0.000000000000000000e+00,0.000000000000000000e+00,1.000000000000000000e+00
-3.061616997868382402e-17,1.000000000000000000e+00,5.302876193624534574e-17,1.000000000000000000e+00,4.999999999999999445e-01,6.123233995736766036e-17,-8.660254037844387076e-01,-1.792531061917765219e-21,-8.660254037844387076e-01,0.000000000000000000e+00,-4.999999999999999445e-01,1.513025488964161828e-02,0.000000000000000000e+00,0.000000000000000000e+00,0.000000000000000000e+00,1.000000000000000000e+00
-3.061616997868382402e-17,1.000000000000000000e+00,5.302876193624534574e-17,1.000000000000000000e+00,4.999999999999999445e-01,6.123233995736766036e-17,-8.660254037844387076e-01,-1.437465472967587726e-20,-8.660254037844387076e-01,0.000000000000000000e+00,-4.999999999999999445e-01,1.525045411886806479e-02,0.000000000000000000e+00,0.000000000000000000e+00,0.000000000000000000e+00,1.000000000000000000e+00
-3.061616997868382402e-17,1.000000000000000000e+00,5.302876193624534574e-17,1.000000000000000000e+00,4.999999999999999445e-01,6.123233995736766036e-17,-8.660254037844387076e-01,1.117509794951789609e-20,-8.660254037844387076e-01,0.000000000000000000e+00,-4.999999999999999445e-01,1.542601641945949217e-02,0.000000000000000000e+00,0.000000000000000000e+00,0.000000000000000000e+00,1.000000000000000000e+00
-3.061616997868382402e-17,1.000000000000000000e+00,5.302876193624534574e-17,1.000000000000000000e+00,4.999999999999999445e-01,6.123233995736766036e-17,-8.660254037844387076e-01,3.615945329459004597e-20,-8.660254037844387076e-01,0.000000000000000000e+00,-4.999999999999999445e-01,1.566584137979843902e-02,0.000000000000000000e+00,0.000000000000000000e+00,0.000000000000000000e+00,1.000000000000000000e+00
-3.061616997868382402e-17,1.000000000000000000e+00,5.302876193624534574e-17,1.000000000000000000e+00,4.999999999999999445e-01,6.123233995736766036e-17,-8.660254037844387076e-01,-1.496377827315788133e-20,-8.660254037844387076e-01,0.000000000000000000e+00,-4.999999999999999445e-01,1.597813697219840900e-02,0.000000000000000000e+00,0.000000000000000000e+00,0.000000000000000000e+00,1.000000000000000000e+00
-3.061616997868382402e-17,1.000000000000000000e+00,5.302876193624534574e-17,1.000000000000000000e+00,4.999999999999999445e-01,6.123233995736766036e-17,-8.660254037844387076e-01,-6.577723948978264534e-20,-8.660254037844387076e-01,0.000000000000000000e+00,-4.999999999999999445e-01,1.637043545212386181e-02,0.000000000000000000e+00,0.000000000000000000e+00,0.000000000000000000e+00,1.000000000000000000e+00
-3.061616997868382402e-17,1.000000000000000000e+00,5.302876193624534574e-17,1.000000000000000000e+00,4.999999999999999445e-01,6.123233995736766036e-17,-8.660254037844387076e-01,-9.147104608751002721e-20,-8.660254037844387076e-01,0.000000000000000000e+00,-4.999999999999999445e-01,1.684960925741017107e-02,0.000000000000000000e+00,0.000000000000000000e+00,0.000000000000000000e+00,1.000000000000000000e+00
-3.061616997868382402e-17,1.000000000000000000e+00,5.302876193624534574e-17,1.000000000000000000e+00,4.999999999999999445e-01,6.123233995736766036e-17,-8.660254037844387076e-01,3.845242648815876023e-20,-8.660254037844387076e-01,0.000000000000000000e+00,-4.999999999999999445e-01,1.742188690748361704e-02,0.000000000000000000e+00,0.000000000000000000e+00,0.000000000000000000e+00,1.000000000000000000e+00
-3.061616997868382402e-17,1.000000000000000000e+00,5.302876193624534574e-17,1.000000000000000000e+00,4.999999999999999445e-01,6.123233995736766036e-17,-8.660254037844387076e-01,-3.086820475551204150e-21,-8.660254037844387076e-01,0.000000000000000000e+00,-4.999999999999999445e-01,1.809286890258135494e-02,0.000000000000000000e+00,0.000000000000000000e+00,0.000000000000000000e+00,1.000000000000000000e+00
-3.061616997868382402e-17,1.000000000000000000e+00,5.302876193624534574e-17,1.000000000000000000e+00,4.999999999999999445e-01,6.123233995736766036e-17,-8.660254037844387076e-01,2.702048706194368018e-20,-8.660254037844387076e-01,0.000000000000000000e+00,-4.999999999999999445e-01,1.886754362297140414e-02,0.000000000000000000e+00,0.000000000000000000e+00,0.000000000000000000e+00,1.000000000000000000e+00
-3.061616997868382402e-17,1.000000000000000000e+00,5.302876193624534574e-17,1.000000000000000000e+00,4.999999999999999445e-01,6.123233995736766036e-17,-8.660254037844387076e-01,9.583865417940518105e-20,-8.660254037844387076e-01,0.000000000000000000e+00,-4.999999999999999445e-01,1.975030322817260958e-02,0.000000000000000000e+00,0.000000000000000000e+00,0.000000000000000000e+00,1.000000000000000000e+00
-3.061616997868382402e-17,1.000000000000000000e+00,5.302876193624534574e-17,1.000000000000000000e+00,4.999999999999999445e-01,6.123233995736766036e-17,-8.660254037844387076e-01,9.239095299266155050e-20,-8.660254037844387076e-01,0.000000000000000000e+00,-4.999999999999999445e-01,2.074495955617463791e-02,0.000000000000000000e+00,0.000000000000000000e+00,0.000000000000000000e+00,1.000000000000000000e+00
-3.061616997868382402e-17,1.000000000000000000e+00,5.302876193624534574e-17,1.000000000000000000e+00,4.999999999999999445e-01,6.123233995736766036e-17,-8.660254037844387076e-01,-1.600399903585114781e-19,-8.660254037844387076e-01,0.000000000000000000e+00,-4.999999999999999445e-01,2.185476002265794235e-02,0.000000000000000000e+00,0.000000000000000000e+00,0.000000000000000000e+00,1.000000000000000000e+00
-3.061616997868382402e-17,1.000000000000000000e+00,5.302876193624534574e-17,1.000000000000000000e+00,4.999999999999999445e-01,6.123233995736766036e-17,-8.660254037844387076e-01,2.081588065045415243e-19,-8.660254037844387076e-01,0.000000000000000000e+00,-4.999999999999999445e-01,2.308240352021374148e-02,0.000000000000000000e+00,0.000000000000000000e+00,0.000000000000000000e+00,1.000000000000000000e+00
-3.061616997868382402e-17,1.000000000000000000e+00,5.302876193624534574e-17,1.000000000000000000e+00,4.999999999999999445e-01,6.123233995736766036e-17,-8.660254037844387076e-01,7.130209558933085742e-19,-8.660254037844387076e-01,0.000000000000000000e+00,-4.999999999999999445e-01,2.443005631756400148e-02,0.000000000000000000e+00,0.000000000000000000e+00,0.000000000000000000e+00,1.000000000000000000e+00
-3.061616997868382402e-17,1.000000000000000000e+00,5.302876193624534574e-17,1.000000000000000000e+00,4.999999999999999445e-01,6.123233995736766036e-17,-8.660254037844387076e-01,5.736062442005727348e-20,-8.660254037844387076e-01,0.000000000000000000e+00,-4.999999999999999445e-01,2.589936795878142184e-02,0.000000000000000000e+00,0.000000000000000000e+00,0.000000000000000000e+00,1.000000000000000000e+00
-3.061616997868382402e-17,1.000000000000000000e+00,5.302876193624534574e-17,1.000000000000000000e+00,4.999999999999999445e-01,6.123233995736766036e-17,-8.660254037844387076e-01,9.924291855579458959e-21,-8.660254037844387076e-01,0.000000000000000000e+00,-4.999999999999999445e-01,2.749148716250938290e-02,0.000000000000000000e+00,0.000000000000000000e+00,0.000000000000000000e+00,1.000000000000000000e+00
-3.061616997868382402e-17,1.000000000000000000e+00,5.302876193624534574e-17,1.000000000000000000e+00,4.999999999999999445e-01,6.123233995736766036e-17,-8.660254037844387076e-01,-4.971885884457012697e-19,-8.660254037844387076e-01,0.000000000000000000e+00,-4.999999999999999445e-01,2.920707772118195239e-02,0.000000000000000000e+00,0.000000000000000000e+00,0.000000000000000000e+00,1.000000000000000000e+00
-3.061616997868382402e-17,1.000000000000000000e+00,5.302876193624534574e-17,1.000000000000000000e+00,4.999999999999999445e-01,6.123233995736766036e-17,-8.660254037844387076e-01,1.166305516881727101e-19,-8.660254037844387076e-01,0.000000000000000000e+00,-4.999999999999999445e-01,3.104633440024386765e-02,0.000000000000000000e+00,0.000000000000000000e+00,0.000000000000000000e+00,1.000000000000000000e+00
-3.061616997868382402e-17,1.000000000000000000e+00,5.302876193624534574e-17,1.000000000000000000e+00,4.999999999999999445e-01,6.123233995736766036e-17,-8.660254037844387076e-01,-2.432461583415755529e-19,-8.660254037844387076e-01,0.000000000000000000e+00,-4.999999999999999445e-01,3.300899883737049706e-02,0.000000000000000000e+00,0.000000000000000000e+00,0.000000000000000000e+00,1.000000000000000000e+00
-3.061616997868382402e-17,1.000000000000000000e+00,5.302876193624534574e-17,1.000000000000000000e+00,4.999999999999999445e-01,6.123233995736766036e-17,-8.660254037844387076e-01,1.120308528639220390e-18,-8.660254037844387076e-01,0.000000000000000000e+00,-4.999999999999999445e-01,3.509437544168778761e-02,0.000000000000000000e+00,0.000000000000000000e+00,0.000000000000000000e+00,1.000000000000000000e+00
-3.061616997868382402e-17,1.000000000000000000e+00,5.302876193624534574e-17,1.000000000000000000e+00,4.999999999999999445e-01,6.123233995736766036e-17,-8.660254037844387076e-01,-2.690342017213132685e-20,-8.660254037844387076e-01,0.000000000000000000e+00,-4.999999999999999445e-01,3.730134729299233037e-02,0.000000000000000000e+00,0.000000000000000000e+00,0.000000000000000000e+00,1.000000000000000000e+00
-3.061616997868382402e-17,1.000000000000000000e+00,5.302876193624534574e-17,1.000000000000000000e+00,4.999999999999999445e-01,6.123233995736766036e-17,-8.660254037844387076e-01,-4.113998270714010486e-19,-8.660254037844387076e-01,0.000000000000000000e+00,-4.999999999999999445e-01,3.962839204097124562e-02,0.000000000000000000e+00,0.000000000000000000e+00,0.000000000000000000e+00,1.000000000000000000e+00
-3.061616997868382402e-17,1.000000000000000000e+00,5.302876193624534574e-17,1.000000000000000000e+00,4.999999999999999445e-01,6.123233995736766036e-17,-8.660254037844387076e-01,-1.377642685106347521e-18,-8.660254037844387076e-01,0.000000000000000000e+00,-4.999999999999999445e-01,4.207359780442221364e-02,0.000000000000000000e+00,0.000000000000000000e+00,0.000000000000000000e+00,1.000000000000000000e+00
-3.061616997868382402e-17,1.000000000000000000e+00,5.302876193624534574e-17,1.000000000000000000e+00,4.999999999999999445e-01,6.123233995736766036e-17,-8.660254037844387076e-01,-1.802946209728418142e-19,-8.660254037844387076e-01,0.000000000000000000e+00,-4.999999999999999445e-01,4.463467907047342920e-02,0.000000000000000000e+00,0.000000000000000000e+00,0.000000000000000000e+00,1.000000000000000000e+00
-3.061616997868382402e-17,1.000000000000000000e+00,5.302876193624534574e-17,1.000000000000000000e+00,4.999999999999999445e-01,6.123233995736766036e-17,-8.660254037844387076e-01,6.167894796318076668e-19,-8.660254037844387076e-01,0.000000000000000000e+00,-4.999999999999999445e-01,4.730899259380358379e-02,0.000000000000000000e+00,0.000000000000000000e+00,0.000000000000000000e+00,1.000000000000000000e+00
-3.061616997868382402e-17,1.000000000000000000e+00,5.302876193624534574e-17,1.000000000000000000e+00,4.999999999999999445e-01,6.123233995736766036e-17,-8.660254037844387076e-01,-2.629736429410761611e-18,-8.660254037844387076e-01,0.000000000000000000e+00,-4.999999999999999445e-01,5.009355329586188260e-02,0.000000000000000000e+00,0.000000000000000000e+00,0.000000000000000000e+00,1.000000000000000000e+00
-3.061616997868382402e-17,1.000000000000000000e+00,5.302876193624534574e-17,1.000000000000000000e+00,4.999999999999999445e-01,6.123233995736766036e-17,-8.660254037844387076e-01,2.120384708240290231e-18,-8.660254037844387076e-01,0.000000000000000000e+00,-4.999999999999999445e-01,5.298505016408795731e-02,0.000000000000000000e+00,0.000000000000000000e+00,0.000000000000000000e+00,1.000000000000000000e+00
-3.061616997868382402e-17,1.000000000000000000e+00,5.302876193624534574e-17,1.000000000000000000e+00,4.999999999999999445e-01,6.123233995736766036e-17,-8.660254037844387076e-01,1.037363349490562086e-18,-8.660254037844387076e-01,0.000000000000000000e+00,-4.999999999999999445e-01,5.597986215113185532e-02,0.000000000000000000e+00,0.000000000000000000e+00,0.000000000000000000e+00,1.000000000000000000e+00
-3.061616997868382402e-17,1.000000000000000000e+00,5.302876193624534574e-17,1.000000000000000000e+00,4.999999999999999445e-01,6.123233995736766036e-17,-8.660254037844387076e-01,5.168367510738130116e-19,-8.660254037844387076e-01,0.000000000000000000e+00,-4.999999999999999445e-01,5.907407407407407746e-02,0.000000000000000000e+00,0.000000000000000000e+00,0.000000000000000000e+00,1.000000000000000000e+00
-3.061616997868382402e-17,1.000000000000000000e+00,5.302876193624534574e-17,1.000000000000000000e+00,4.999999999999999445e-01,6.123233995736766036e-17,-8.660254037844387076e-01,-1.408942226845514227e-18,-8.660254037844387076e-01,0.000000000000000000e+00,-4.999999999999999445e-01,6.226349251364549781e-02,0.000000000000000000e+00,0.000000000000000000e+00,0.000000000000000000e+00,1.000000000000000000e+00
-3.061616997868382402e-17,1.000000000000000000e+00,5.302876193624534574e-17,1.000000000000000000e+00,4.999999999999999445e-01,6.123233995736766036e-17,-8.660254037844387076e-01,1.227171387728668043e-18,-8.660254037844387076e-01,0.000000000000000000e+00,-4.999999999999999445e-01,6.554366171344734593e-02,0.000000000000000000e+00,0.000000000000000000e+00,0.000000000000000000e+00,1.000000000000000000e+00
-3.061616997868382402e-17,1.000000000000000000e+00,5.302876193624534574e-17,1.000000000000000000e+00,4.999999999999999445e-01,6.123233995736766036e-17,-8.660254037844387076e-01,-4.102580780473223561e-19,-8.660254037844387076e-01,0.000000000000000000e+00,-4.999999999999999445e-01,6.890987947917120993e-02,0.000000000000000000e+00,0.000000000000000000e+00,0.000000000000000000e+00,1.000000000000000000e+00
-3.061616997868382402e-17,1.000000000000000000e+00,5.302876193624534574e-17,1.000000000000000000e+00,4.999999999999999445e-01,6.123233995736766036e-17,-8.660254037844387076e-01,8.061826707781501105e-19,-8.660254037844387076e-01,0.000000000000000000e+00,-4.999999999999999445e-01,7.235721307781897704e-02,0.000000000000000000e+00,0.000000000000000000e+00,0.000000000000000000e+00,1.000000000000000000e+00
-3.061616997868382402e-17,1.000000000000000000e+00,5.302876193624534574e-17,1.000000000000000000e+00,4.999999999999999445e-01,6.123233995736766036e-17,-8.660254037844387076e-01,-2.854968943183741928e-18,-8.660254037844387076e-01,0.000000000000000000e+00,-4.999999999999999445e-01,7.588051513692291306e-02,0.000000000000000000e+00,0.000000000000000000e+00,0.000000000000000000e+00,1.000000000000000000e+00
-3.061616997868382402e-17,1.000000000000000000e+00,5.302876193624534574e-17,1.000000000000000000e+00,4.999999999999999445e-01,6.123233995736766036e-17,-8.660254037844387076e-01,-4.148257265985791871e-18,-8.660254037844387076e-01,0.000000000000000000e+00,-4.999999999999999445e-01,7.947443954376541553e-02,0.000000000000000000e+00,0.000000000000000000e+00,0.000000000000000000e+00,1.000000000000000000e+00
-3.061616997868382402e-17,1.000000000000000000e+00,5.302876193624534574e-17,1.000000000000000000e+00,4.999999999999999445e-01,6.123233995736766036e-17,-8.660254037844387076e-01,-3.123963414536878557e-18,-8.660254037844387076e-01,0.000000000000000000e+00,-4.999999999999999445e-01,8.313345734459931524e-02,0.000000000000000000e+00,0.000000000000000000e+00,0.000000000000000000e+00,1.000000000000000000e+00
-3.061616997868382402e-17,1.000000000000000000e+00,5.302876193624534574e-17,1.000000000000000000e+00,4.999999999999999445e-01,6.123233995736766036e-17,-8.660254037844387076e-01,-3.404338441235748340e-18,-8.660254037844387076e-01,0.000000000000000000e+00,-4.999999999999999445e-01,8.685187264386751149e-02,0.000000000000000000e+00,0.000000000000000000e+00,0.000000000000000000e+00,1.000000000000000000e+00
-3.061616997868382402e-17,1.000000000000000000e+00,5.302876193624534574e-17,1.000000000000000000e+00,4.999999999999999445e-01,6.123233995736766036e-17,-8.660254037844387076e-01,-1.405337163945627174e-18,-8.660254037844387076e-01,0.000000000000000000e+00,-4.999999999999999445e-01,9.062383850342323188e-02,0.000000000000000000e+00,0.000000000000000000e+00,0.000000000000000000e+00,1.000000000000000000e+00
-3.061616997868382402e-17,1.000000000000000000e+00,5.302876193624534574e-17,1.000000000000000000e+00,4.999999999999999445e-01,6.123233995736766036e-17,-8.660254037844387076e-01,-3.462905455631889545e-18,-8.660254037844387076e-01,0.000000000000000000e+00,-4.999999999999999445e-01,9.444337284174987579e-02,0.000000000000000000e+00,0.000000000000000000e+00,0.000000000000000000e+00,1.000000000000000000e+00
-3.061616997868382402e-17,1.000000000000000000e+00,5.302876193624534574e-17,1.000000000000000000e+00,4.999999999999999445e-01,6.123233995736766036e-17,-8.660254037844387076e-01,3.322273434236596258e-18,-8.660254037844387076e-01,0.000000000000000000e+00,-4.999999999999999445e-01,9.830437433318092721e-02,0.000000000000000000e+00,0.000000000000000000e+00,0.000000000000000000e+00,1.000000000000000000e+00
-3.061616997868382402e-17,1.000000000000000000e+00,5.302876193624534574e-17,1.000000000000000000e+00,4.999999999999999445e-01,6.123233995736766036e-17,-8.660254037844387076e-01,8.074531779856866827e-19,-8.660254037844387076e-01,0.000000000000000000e+00,-4.999999999999999445e-01,1.022006383071201174e-01,0.000000000000000000e+00,0.000000000000000000e+00,0.000000000000000000e+00,1.000000000000000000e+00
-3.061616997868382402e-17,1.000000000000000000e+00,5.302876193624534574e-17,1.000000000000000000e+00,4.999999999999999445e-01,6.123233995736766036e-17,-8.660254037844387076e-01,-1.239725060802942401e-18,-8.660254037844387076e-01,0.000000000000000000e+00,-4.999999999999999445e-01,1.061258726472612685e-01,0.000000000000000000e+00,0.000000000000000000e+00,0.000000000000000000e+00,1.000000000000000000e+00
-3.061616997868382402e-17,1.000000000000000000e+00,5.302876193624534574e-17,1.000000000000000000e+00,4.999999999999999445e-01,6.123233995736766036e-17,-8.660254037844387076e-01,-7.267404429724713425e-19,-8.660254037844387076e-01,0.000000000000000000e+00,-4.999999999999999445e-01,1.100737136908082059e-01,0.000000000000000000e+00,0.000000000000000000e+00,0.000000000000000000e+00,1.000000000000000000e+00
-3.061616997868382402e-17,1.000000000000000000e+00,5.302876193624534574e-17,1.000000000000000000e+00,4.999999999999999445e-01,6.123233995736766036e-17,-8.660254037844387076e-01,-1.538558702752908797e-18,-8.660254037844387076e-01,0.000000000000000000e+00,-4.999999999999999445e-01,1.140377421276950465e-01,0.000000000000000000e+00,0.000000000000000000e+00,0.000000000000000000e+00,1.000000000000000000e+00
-3.061616997868382402e-17,1.000000000000000000e+00,5.302876193624534574e-17,1.000000000000000000e+00,4.999999999999999445e-01,6.123233995736766036e-17,-8.660254037844387076e-01,2.304768717349006784e-18,-8.660254037844387076e-01,0.000000000000000000e+00,-4.999999999999999445e-01,1.180114988998057224e-01,0.000000000000000000e+00,0.000000000000000000e+00,0.000000000000000000e+00,1.000000000000000000e+00
-3.061616997868382402e-17,1.000000000000000000e+00,5.302876193624534574e-17,1.000000000000000000e+00,4.999999999999999445e-01,6.123233995736766036e-17,-8.660254037844387076e-01,-1.700553557155353419e-18,-8.660254037844387076e-01,0.000000000000000000e+00,-4.999999999999999445e-01,1.219885011001943381e-01,0.000000000000000000e+00,0.000000000000000000e+00,0.000000000000000000e+00,1.000000000000000000e+00
-3.061616997868382402e-17,1.000000000000000000e+00,5.302876193624534574e-17,1.000000000000000000e+00,4.999999999999999445e-01,6.123233995736766036e-17,-8.660254037844387076e-01,-6.461326639292098810e-19,-8.660254037844387076e-01,0.000000000000000000e+00,-4.999999999999999445e-01,1.259622578723050557e-01,0.000000000000000000e+00,0.000000000000000000e+00,0.000000000000000000e+00,1.000000000000000000e+00
-3.061616997868382402e-17,1.000000000000000000e+00,5.302876193624534574e-17,1.000000000000000000e+00,4.999999999999999445e-01,6.123233995736766036e-17,-8.660254037844387076e-01,-9.597607559481502648e-19,-8.660254037844387076e-01,0.000000000000000000e+00,-4.999999999999999445e-01,1.299262863091918130e-01,0.000000000000000000e+00,0.000000000000000000e+00,0.000000000000000000e+00,1.000000000000000000e+00
-3.061616997868382402e-17,1.000000000000000000e+00,5.302876193624534574e-17,1.000000000000000000e+00,4.999999999999999445e-01,6.123233995736766036e-17,-8.660254037844387076e-01,1.843940220996595766e-18,-8.660254037844387076e-01,0.000000000000000000e+00,-4.999999999999999445e-01,1.338741273527388198e-01,0.000000000000000000e+00,0.000000000000000000e+00,0.000000000000000000e+00,1.000000000000000000e+00
-3.061616997868382402e-17,1.000000000000000000e+00,5.302876193624534574e-17,1.000000000000000000e+00,4.999999999999999445e-01,6.123233995736766036e-17,-8.660254037844387076e-01,-6.212496412740671014e-18,-8.660254037844387076e-01,0.000000000000000000e+00,-4.999999999999999445e-01,1.377993616928799570e-01,0.000000000000000000e+00,0.000000000000000000e+00,0.000000000000000000e+00,1.000000000000000000e+00
-3.061616997868382402e-17,1.000000000000000000e+00,5.302876193624534574e-17,1.000000000000000000e+00,4.999999999999999445e-01,6.123233995736766036e-17,-8.660254037844387076e-01,2.361564611947104123e-18,-8.660254037844387076e-01,0.000000000000000000e+00,-4.999999999999999445e-01,1.416956256668191749e-01,0.000000000000000000e+00,0.000000000000000000e+00,0.000000000000000000e+00,1.000000000000000000e+00
-3.061616997868382402e-17,1.000000000000000000e+00,5.302876193624534574e-17,1.000000000000000000e+00,4.999999999999999445e-01,6.123233995736766036e-17,-8.660254037844387076e-01,-1.012502270164504106e-18,-8.660254037844387076e-01,0.000000000000000000e+00,-4.999999999999999445e-01,1.455566271582501847e-01,0.000000000000000000e+00,0.000000000000000000e+00,0.000000000000000000e+00,1.000000000000000000e+00
-3.061616997868382402e-17,1.000000000000000000e+00,5.302876193624534574e-17,1.000000000000000000e+00,4.999999999999999445e-01,6.123233995736766036e-17,-8.660254037844387076e-01,2.939187833097871220e-18,-8.660254037844387076e-01,0.000000000000000000e+00,-4.999999999999999445e-01,1.493761614965768425e-01,0.000000000000000000e+00,0.000000000000000000e+00,0.000000000000000000e+00,1.000000000000000000e+00
-3.061616997868382402e-17,1.000000000000000000e+00,5.302876193624534574e-17,1.000000000000000000e+00,4.999999999999999445e-01,6.123233995736766036e-17,-8.660254037844387076e-01,-7.760868104587125152e-18,-8.660254037844387076e-01,0.000000000000000000e+00,-4.999999999999999445e-01,1.531481273561324796e-01,0.000000000000000000e+00,0.000000000000000000e+00,0.000000000000000000e+00,1.000000000000000000e+00
-3.061616997868382402e-17,1.000000000000000000e+00,5.302876193624534574e-17,1.000000000000000000e+00,4.999999999999999445e-01,6.123233995736766036e-17,-8.660254037844387076e-01,3.728178574730531922e-18,-8.660254037844387076e-01,0.000000000000000000e+00,-4.999999999999999445e-01,1.568665426554007314e-01,0.000000000000000000e+00,0.000000000000000000e+00,0.000000000000000000e+00,1.000000000000000000e+00
-3.061616997868382402e-17,1.000000000000000000e+00,5.302876193624534574e-17,1.000000000000000000e+00,4.999999999999999445e-01,6.123233995736766036e-17,-8.660254037844387076e-01,5.682107935138035917e-18,-8.660254037844387076e-01,0.000000000000000000e+00,-4.999999999999999445e-01,1.605255604562346450e-01,0.000000000000000000e+00,0.000000000000000000e+00,0.000000000000000000e+00,1.000000000000000000e+00
-3.061616997868382402e-17,1.000000000000000000e+00,5.302876193624534574e-17,1.000000000000000000e+00,4.999999999999999445e-01,6.123233995736766036e-17,-8.660254037844387076e-01,7.177726139211758017e-18,-8.660254037844387076e-01,0.000000000000000000e+00,-4.999999999999999445e-01,1.641194848630771197e-01,0.000000000000000000e+00,0.000000000000000000e+00,0.000000000000000000e+00,1.000000000000000000e+00
-3.061616997868382402e-17,1.000000000000000000e+00,5.302876193624534574e-17,1.000000000000000000e+00,4.999999999999999445e-01,6.123233995736766036e-17,-8.660254037844387076e-01,8.131379656760617654e-18,-8.660254037844387076e-01,0.000000000000000000e+00,-4.999999999999999445e-01,1.676427869221810696e-01,0.000000000000000000e+00,0.000000000000000000e+00,0.000000000000000000e+00,1.000000000000000000e+00
-3.061616997868382402e-17,1.000000000000000000e+00,5.302876193624534574e-17,1.000000000000000000e+00,4.999999999999999445e-01,6.123233995736766036e-17,-8.660254037844387076e-01,4.483920190194589910e-18,-8.660254037844387076e-01,0.000000000000000000e+00,-4.999999999999999445e-01,1.710901205208288645e-01,0.000000000000000000e+00,0.000000000000000000e+00,0.000000000000000000e+00,1.000000000000000000e+00
-3.061616997868382402e-17,1.000000000000000000e+00,5.302876193624534574e-17,1.000000000000000000e+00,4.999999999999999445e-01,6.123233995736766036e-17,-8.660254037844387076e-01,5.557743653043245383e-19,-8.660254037844387076e-01,0.000000000000000000e+00,-4.999999999999999445e-01,1.744563382865526591e-01,0.000000000000000000e+00,0.000000000000000000e+00,0.000000000000000000e+00,1.000000000000000000e+00
-3.061616997868382402e-17,1.000000000000000000e+00,5.302876193624534574e-17,1.000000000000000000e+00,4.999999999999999445e-01,6.123233995736766036e-17,-8.660254037844387076e-01,1.581712045842073981e-18,-8.660254037844387076e-01,0.000000000000000000e+00,-4.999999999999999445e-01,1.777365074863544725e-01,0.000000000000000000e+00,0.000000000000000000e+00,0.000000000000000000e+00,1.000000000000000000e+00
-3.061616997868382402e-17,1.000000000000000000e+00,5.302876193624534574e-17,1.000000000000000000e+00,4.999999999999999445e-01,6.123233995736766036e-17,-8.660254037844387076e-01,-5.639412488665847077e-18,-8.660254037844387076e-01,0.000000000000000000e+00,-4.999999999999999445e-01,1.809259259259258512e-01,0.000000000000000000e+00,0.000000000000000000e+00,0.000000000000000000e+00,1.000000000000000000e+00
-3.061616997868382402e-17,1.000000000000000000e+00,5.302876193624534574e-17,1.000000000000000000e+00,4.999999999999999445e-01,6.123233995736766036e-17,-8.660254037844387076e-01,-7.554392350520482174e-18,-8.660254037844387076e-01,0.000000000000000000e+00,-4.999999999999999445e-01,1.840201378488680872e-01,0.000000000000000000e+00,0.000000000000000000e+00,0.000000000000000000e+00,1.000000000000000000e+00
-3.061616997868382402e-17,1.000000000000000000e+00,5.302876193624534574e-17,1.000000000000000000e+00,4.999999999999999445e-01,6.123233995736766036e-17,-8.660254037844387076e-01,-8.022567096865929900e-19,-8.660254037844387076e-01,0.000000000000000000e+00,-4.999999999999999445e-01,1.870149498359120754e-01,0.000000000000000000e+00,0.000000000000000000e+00,0.000000000000000000e+00,1.000000000000000000e+00
-3.061616997868382402e-17,1.000000000000000000e+00,5.302876193624534574e-17,1.000000000000000000e+00,4.999999999999999445e-01,6.123233995736766036e-17,-8.660254037844387076e-01,-6.120206215357462642e-18,-8.660254037844387076e-01,0.000000000000000000e+00,-4.999999999999999445e-01,1.899064467041381710e-01,0.000000000000000000e+00,0.000000000000000000e+00,0.000000000000000000e+00,1.000000000000000000e+00
-3.061616997868382402e-17,1.000000000000000000e+00,5.302876193624534574e-17,1.000000000000000000e+00,4.999999999999999445e-01,6.123233995736766036e-17,-8.660254037844387076e-01,1.203931488374132282e-17,-8.660254037844387076e-01,0.000000000000000000e+00,-4.999999999999999445e-01,1.926910074061964073e-01,0.000000000000000000e+00,0.000000000000000000e+00,0.000000000000000000e+00,1.000000000000000000e+00
-3.061616997868382402e-17,1.000000000000000000e+00,5.302876193624534574e-17,1.000000000000000000e+00,4.999999999999999445e-01,6.123233995736766036e-17,-8.660254037844387076e-01,1.124779993705416252e-18,-8.660254037844387076e-01,0.000000000000000000e+00,-4.999999999999999445e-01,1.953653209295266591e-01,0.000000000000000000e+00,0.000000000000000000e+00,0.000000000000000000e+00,1.000000000000000000e+00
-3.061616997868382402e-17,1.000000000000000000e+00,5.302876193624534574e-17,1.000000000000000000e+00,4.999999999999999445e-01,6.123233995736766036e-17,-8.660254037844387076e-01,-5.438540019727623697e-18,-8.660254037844387076e-01,0.000000000000000000e+00,-4.999999999999999445e-01,1.979264021955779440e-01,0.000000000000000000e+00,0.000000000000000000e+00,0.000000000000000000e+00,1.000000000000000000e+00
-3.061616997868382402e-17,1.000000000000000000e+00,5.302876193624534574e-17,1.000000000000000000e+00,4.999999999999999445e-01,6.123233995736766036e-17,-8.660254037844387076e-01,-1.291787578490321424e-18,-8.660254037844387076e-01,0.000000000000000000e+00,-4.999999999999999445e-01,2.003716079590288079e-01,0.000000000000000000e+00,0.000000000000000000e+00,0.000000000000000000e+00,1.000000000000000000e+00
-3.061616997868382402e-17,1.000000000000000000e+00,5.302876193624534574e-17,1.000000000000000000e+00,4.999999999999999445e-01,6.123233995736766036e-17,-8.660254037844387076e-01,-2.589233287707080962e-18,-8.660254037844387076e-01,0.000000000000000000e+00,-4.999999999999999445e-01,2.026986527070076816e-01,0.000000000000000000e+00,0.000000000000000000e+00,0.000000000000000000e+00,1.000000000000000000e+00
-3.061616997868382402e-17,1.000000000000000000e+00,5.302876193624534574e-17,1.000000000000000000e+00,4.999999999999999445e-01,6.123233995736766036e-17,-8.660254037844387076e-01,-5.396679790478168100e-18,-8.660254037844387076e-01,0.000000000000000000e+00,-4.999999999999999445e-01,2.049056245583123770e-01,0.000000000000000000e+00,0.000000000000000000e+00,0.000000000000000000e+00,1.000000000000000000e+00
-3.061616997868382402e-17,1.000000000000000000e+00,5.302876193624534574e-17,1.000000000000000000e+00,4.999999999999999445e-01,6.123233995736766036e-17,-8.660254037844387076e-01,2.395363481601474611e-18,-8.660254037844387076e-01,0.000000000000000000e+00,-4.999999999999999445e-01,2.069910011626296120e-01,0.000000000000000000e+00,0.000000000000000000e+00,0.000000000000000000e+00,1.000000000000000000e+00
-3.061616997868382402e-17,1.000000000000000000e+00,5.302876193624534574e-17,1.000000000000000000e+00,4.999999999999999445e-01,6.123233995736766036e-17,-8.660254037844387076e-01,-6.434623088760646858e-18,-8.660254037844387076e-01,0.000000000000000000e+00,-4.999999999999999445e-01,2.089536655997561720e-01,0.000000000000000000e+00,0.000000000000000000e+00,0.000000000000000000e+00,1.000000000000000000e+00
-3.061616997868382402e-17,1.000000000000000000e+00,5.302876193624534574e-17,1.000000000000000000e+00,4.999999999999999445e-01,6.123233995736766036e-17,-8.660254037844387076e-01,-1.134855838245501437e-17,-8.660254037844387076e-01,0.000000000000000000e+00,-4.999999999999999445e-01,2.107929222788180179e-01,0.000000000000000000e+00,0.000000000000000000e+00,0.000000000000000000e+00,1.000000000000000000e+00
-3.061616997868382402e-17,1.000000000000000000e+00,5.302876193624534574e-17,1.000000000000000000e+00,4.999999999999999445e-01,6.123233995736766036e-17,-8.660254037844387076e-01,-1.074368549648135934e-17,-8.660254037844387076e-01,0.000000000000000000e+00,-4.999999999999999445e-01,2.125085128374907262e-01,0.000000000000000000e+00,0.000000000000000000e+00,0.000000000000000000e+00,1.000000000000000000e+00
-3.061616997868382402e-17,1.000000000000000000e+00,5.302876193624534574e-17,1.000000000000000000e+00,4.999999999999999445e-01,6.123233995736766036e-17,-8.660254037844387076e-01,-5.113790543315570100e-18,-8.660254037844387076e-01,0.000000000000000000e+00,-4.999999999999999445e-01,2.141006320412186248e-01,0.000000000000000000e+00,0.000000000000000000e+00,0.000000000000000000e+00,1.000000000000000000e+00
-3.061616997868382402e-17,1.000000000000000000e+00,5.302876193624534574e-17,1.000000000000000000e+00,4.999999999999999445e-01,6.123233995736766036e-17,-8.660254037844387076e-01,-5.777793978109371833e-18,-8.660254037844387076e-01,0.000000000000000000e+00,-4.999999999999999445e-01,2.155699436824360660e-01,0.000000000000000000e+00,0.000000000000000000e+00,0.000000000000000000e+00,1.000000000000000000e+00
-3.061616997868382402e-17,1.000000000000000000e+00,5.302876193624534574e-17,1.000000000000000000e+00,4.999999999999999445e-01,6.123233995736766036e-17,-8.660254037844387076e-01,-8.611124655342520214e-18,-8.660254037844387076e-01,0.000000000000000000e+00,-4.999999999999999445e-01,2.169175964797860345e-01,0.000000000000000000e+00,0.000000000000000000e+00,0.000000000000000000e+00,1.000000000000000000e+00
-3.061616997868382402e-17,1.000000000000000000e+00,5.302876193624534574e-17,1.000000000000000000e+00,4.999999999999999445e-01,6.123233995736766036e-17,-8.660254037844387076e-01,-3.041290462280095202e-18,-8.660254037844387076e-01,0.000000000000000000e+00,-4.999999999999999445e-01,2.181452399773421147e-01,0.000000000000000000e+00,0.000000000000000000e+00,0.000000000000000000e+00,1.000000000000000000e+00
-3.061616997868382402e-17,1.000000000000000000e+00,5.302876193624534574e-17,1.000000000000000000e+00,4.999999999999999445e-01,6.123233995736766036e-17,-8.660254037844387076e-01,3.095586694595875648e-18,-8.660254037844387076e-01,0.000000000000000000e+00,-4.999999999999999445e-01,2.192550404438252110e-01,0.000000000000000000e+00,0.000000000000000000e+00,0.000000000000000000e+00,1.000000000000000000e+00
-3.061616997868382402e-17,1.000000000000000000e+00,5.302876193624534574e-17,1.000000000000000000e+00,4.999999999999999445e-01,6.123233995736766036e-17,-8.660254037844387076e-01,8.221520995388540518e-18,-8.660254037844387076e-01,0.000000000000000000e+00,-4.999999999999999445e-01,2.202496967718272913e-01,0.000000000000000000e+00,0.000000000000000000e+00,0.000000000000000000e+00,1.000000000000000000e+00
-3.061616997868382402e-17,1.000000000000000000e+00,5.302876193624534574e-17,1.000000000000000000e+00,4.999999999999999445e-01,6.123233995736766036e-17,-8.660254037844387076e-01,3.911665203994261565e-18,-8.660254037844387076e-01,0.000000000000000000e+00,-4.999999999999999445e-01,2.211324563770287466e-01,0.000000000000000000e+00,0.000000000000000000e+00,0.000000000000000000e+00,1.000000000000000000e+00
-3.061616997868382402e-17,1.000000000000000000e+00,5.302876193624534574e-17,1.000000000000000000e+00,4.999999999999999445e-01,6.123233995736766036e-17,-8.660254037844387076e-01,6.206791052686737708e-18,-8.660254037844387076e-01,0.000000000000000000e+00,-4.999999999999999445e-01,2.219071310974186917e-01,0.000000000000000000e+00,0.000000000000000000e+00,0.000000000000000000e+00,1.000000000000000000e+00
-3.061616997868382402e-17,1.000000000000000000e+00,5.302876193624534574e-17,1.000000000000000000e+00,4.999999999999999445e-01,6.123233995736766036e-17,-8.660254037844387076e-01,1.532792455639591677e-18,-8.660254037844387076e-01,0.000000000000000000e+00,-4.999999999999999445e-01,2.225781130925164331e-01,0.000000000000000000e+00,0.000000000000000000e+00,0.000000000000000000e+00,1.000000000000000000e+00
-3.061616997868382402e-17,1.000000000000000000e+00,5.302876193624534574e-17,1.000000000000000000e+00,4.999999999999999445e-01,6.123233995736766036e-17,-8.660254037844387076e-01,-1.134383950014091456e-18,-8.660254037844387076e-01,0.000000000000000000e+00,-4.999999999999999445e-01,2.231503907425898547e-01,0.000000000000000000e+00,0.000000000000000000e+00,0.000000000000000000e+00,1.000000000000000000e+00
-3.061616997868382402e-17,1.000000000000000000e+00,5.302876193624534574e-17,1.000000000000000000e+00,4.999999999999999445e-01,6.123233995736766036e-17,-8.660254037844387076e-01,-8.345197458669925269e-18,-8.660254037844387076e-01,0.000000000000000000e+00,-4.999999999999999445e-01,2.236295645478760530e-01,0.000000000000000000e+00,0.000000000000000000e+00,0.000000000000000000e+00,1.000000000000000000e+00
-3.061616997868382402e-17,1.000000000000000000e+00,5.302876193624534574e-17,1.000000000000000000e+00,4.999999999999999445e-01,6.123233995736766036e-17,-8.660254037844387076e-01,-6.282600193439549260e-18,-8.660254037844387076e-01,0.000000000000000000e+00,-4.999999999999999445e-01,2.240218630278016654e-01,0.000000000000000000e+00,0.000000000000000000e+00,0.000000000000000000e+00,1.000000000000000000e+00
-3.061616997868382402e-17,1.000000000000000000e+00,5.302876193624534574e-17,1.000000000000000000e+00,4.999999999999999445e-01,6.123233995736766036e-17,-8.660254037844387076e-01,-2.023079183957924880e-18,-8.660254037844387076e-01,0.000000000000000000e+00,-4.999999999999999445e-01,2.243341586202016180e-01,0.000000000000000000e+00,0.000000000000000000e+00,0.000000000000000000e+00,1.000000000000000000e+00
-3.061616997868382402e-17,1.000000000000000000e+00,5.302876193624534574e-17,1.000000000000000000e+00,4.999999999999999445e-01,6.123233995736766036e-17,-8.660254037844387076e-01,2.793922340585816548e-18,-8.660254037844387076e-01,0.000000000000000000e+00,-4.999999999999999445e-01,2.245739835805405371e-01,0.000000000000000000e+00,0.000000000000000000e+00,0.000000000000000000e+00,1.000000000000000000e+00
-3.061616997868382402e-17,1.000000000000000000e+00,5.302876193624534574e-17,1.000000000000000000e+00,4.999999999999999445e-01,6.123233995736766036e-17,-8.660254037844387076e-01,-1.539461510730008698e-18,-8.660254037844387076e-01,0.000000000000000000e+00,-4.999999999999999445e-01,2.247495458811315794e-01,0.000000000000000000e+00,0.000000000000000000e+00,0.000000000000000000e+00,1.000000000000000000e+00
-3.061616997868382402e-17,1.000000000000000000e+00,5.302876193624534574e-17,1.000000000000000000e+00,4.999999999999999445e-01,6.123233995736766036e-17,-8.660254037844387076e-01,-9.458081590159467083e-18,-8.660254037844387076e-01,0.000000000000000000e+00,-4.999999999999999445e-01,2.248697451103583989e-01,0.000000000000000000e+00,0.000000000000000000e+00,0.000000000000000000e+00,1.000000000000000000e+00
-3.061616997868382402e-17,1.000000000000000000e+00,5.302876193624534574e-17,1.000000000000000000e+00,4.999999999999999445e-01,6.123233995736766036e-17,-8.660254037844387076e-01,-9.432751179260803361e-19,-8.660254037844387076e-01,0.000000000000000000e+00,-4.999999999999999445e-01,2.249441883718918123e-01,0.000000000000000000e+00,0.000000000000000000e+00,0.000000000000000000e+00,1.000000000000000000e+00
-3.061616997868382402e-17,1.000000000000000000e+00,5.302876193624534574e-17,1.000000000000000000e+00,4.999999999999999445e-01,6.123233995736766036e-17,-8.660254037844387076e-01,-3.182848400575952728e-19,-8.660254037844387076e-01,0.000000000000000000e+00,-4.999999999999999445e-01,2.249832061839113773e-01,0.000000000000000000e+00,0.000000000000000000e+00,0.000000000000000000e+00,1.000000000000000000e+00
-3.061616997868382402e-17,1.000000000000000000e+00,5.302876193624534574e-17,1.000000000000000000e+00,4.999999999999999445e-01,6.123233995736766036e-17,-8.660254037844387076e-01,-5.183007564257764623e-19,-8.660254037844387076e-01,0.000000000000000000e+00,-4.999999999999999445e-01,2.249978683783286082e-01,0.000000000000000000e+00,0.000000000000000000e+00,0.000000000000000000e+00,1.000000000000000000e+00
-3.061616997868382402e-17,1.000000000000000000e+00,5.302876193624534574e-17,1.000000000000000000e+00,4.999999999999999445e-01,6.123233995736766036e-17,-8.660254037844387076e-01,-2.616136707879212288e-18,-8.660254037844387076e-01,0.000000000000000000e+00,-4.999999999999999445e-01,2.250000000000000333e-01,0.000000000000000000e+00,0.000000000000000000e+00,0.000000000000000000e+00,1.000000000000000000e+00
