-2.055106987968624566e-01,1.561008735595287522e+00,2.055106987968624566e-01,1.332538050447346356e-01,-4.120286147327582860e-02,-2.675548017361009112e-01
-2.048227844663743080e-01,1.518150069485325604e+00,1.947390757414519946e-01,1.350783886280950974e-01,-4.043669776662325854e-02,-2.656601459048898994e-01
-1.979399280299727337e-01,1.818935888197949380e+00,1.965974576274370222e-01,1.745746656864095858e-01,-4.525819049987479109e-02,-2.139792750174501490e-01
-1.923561005543602820e-01,1.767980063672541569e+00,1.910996410397649559e-01,1.669472144606197750e-01,-4.417767267272638271e-02,-2.061139465723582087e-01
-1.869207730210573903e-01,1.718434126992594457e+00,1.857673812251303125e-01,1.613024828920988363e-01,-4.299591837487932999e-02,-1.999629777266407338e-01
-1.816208168097631914e-01,1.670259197852383748e+00,1.806040929974654929e-01,1.560986476331086836e-01,-4.182594427891150185e-02,-1.942011388764248170e-01
-1.764290329018653181e-01,1.623417613551821903e+00,1.756276851519380511e-01,1.511776900017378078e-01,-4.067825900341122403e-02,-1.886877774277722075e-01
-1.712496974523418369e-01,1.577873868166921545e+00,1.709250264664433083e-01,1.464806472714699492e-01,-3.955475602037832744e-02,-1.833734447977791449e-01
-1.648026226883139989e-01,1.533652681385061278e+00,1.677705632736590791e-01,1.419529151931011868e-01,-3.843269104742651904e-02,-1.783175457399540087e-01
-1.631497686021889659e-01,1.490643085923144318e+00,1.600905715922148476e-01,1.374612046623232553e-01,-3.743147455673357521e-02,-1.733362583171154658e-01
-1.580575793621867842e-01,1.448768584219747746e+00,1.561083931866812102e-01,1.332904764457500946e-01,-3.637829276689822505e-02,-1.684841175554904480e-01
-1.534911787206275913e-01,1.408055426205227834e+00,1.518542370826813648e-01,1.292656804239808166e-01,-3.536276190280605164e-02,-1.637439159210180017e-01
-1.491234710936525099e-01,1.368469352059191291e+00,1.476476894142655927e-01,1.253774210932054045e-01,-3.437636018461577569e-02,-1.591255793652458506e-01
-1.449028755239570310e-01,1.329978967636616272e+00,1.435331683696658700e-01,1.216180407034126165e-01,-3.341727620860265868e-02,-1.546267118580801347e-01
-1.408116443501927773e-01,1.292553920720556082e+00,1.395215088405586668e-01,1.179806540659377179e-01,-3.248452281991075219e-02,-1.502445220779531632e-01
-1.368406808143577125e-01,1.256164731220854591e+00,1.356151245236217606e-01,1.144590883794814745e-01,-3.157731590158167900e-02,-1.459765626012698159e-01
-1.329839853317263676e-01,1.220782742368436535e+00,1.318135489976843544e-01,1.110477930660298956e-01,-3.069494056739835441e-02,-1.418207195702241019e-01
-1.292369310070716204e-01,1.186380091826868100e+00,1.281151497383542504e-01,1.077417574801326494e-01,-2.983671353286908648e-02,-1.377751077313994765e-01
-1.255956039647563860e-01,1.152929687911437018e+00,1.245177784853648134e-01,1.045364391442859808e-01,-2.900197170630508525e-02,-1.338379679171655401e-01
-1.220565117143839057e-01,1.120405187716317696e+00,1.210190544119709305e-01,1.014277000846216803e-01,-2.819006915040641811e-02,-1.300075854472275971e-01
-1.186164393881027346e-01,1.088780976263959088e+00,1.176165000987473147e-01,9.841174958709714149e-02,-2.740037680125669006e-02,-1.262822315701049580e-01
-1.152723724197506766e-01,1.058032146381225447e+00,1.143076116380057489e-01,9.548509273113207907e-02,-2.663228294941455410e-02,-1.226601257217230512e-01
-1.120214517967087486e-01,1.028134479186030958e+00,1.110898966614338318e-01,9.264448458867949321e-02,-2.588519374435194545e-02,-1.191394150924093287e-01
-1.088609464465305349e-01,9.990644251302436274e-01,1.079608956682927001e-01,8.988689008904589273e-02,-2.515853347223437342e-02,-1.157181677422640803e-01
-1.057882351825812778e-01,9.707990855683237275e-01,1.049181941802225793e-01,8.720944943931127624e-02,-2.445174455964697902e-02,-1.123943757139961031e-01
-1.028007942571307065e-01,9.433161948310917477e-01,1.019594296326226252e-01,8.460944880968136739e-02,-2.376428733940577631e-02,-1.091659650329189629e-01
-9.989618835174945977e-02,9.165941027884285663e-01,9.908229513752186968e-02,8.208429583563899012e-02,-2.309563964458547988e-02,-1.060308100246504792e-01
-9.707206375923341235e-02,8.906117578868731899e-01,9.628454133362947254e-02,7.963149940231877000e-02,-2.244529630217737687e-02,-1.029867499317483892e-01
-9.432614301372316268e-02,8.653486906492088293e-01,9.356397704101168666e-02,7.724865318402530934e-02,-2.181276859234536347e-02,-1.000316063064727173e-01
-9.165622051006119819e-02,8.407849976237888878e-01,9.091846915696856490e-02,7.493342253079375570e-02,-2.119758373032315860e-02,-9.716320005020787076e-02
-8.906015882018357421e-02,8.169013257717978593e-01,8.834594206585263954e-02,7.268353455644498140e-02,-2.059928441938817592e-02,-9.437936721771789106e-02
-8.653588551526855688e-02,7.936788572809790887e-01,8.584437673710529348e-02,7.049677175949105312e-02,-2.001742851685781727e-02,-9.167797274990183154e-02
-8.408139036519943210e-02,7.710992947946313514e-01,8.341180962503645657e-02,6.837097034533017037e-02,-1.945158885102485358e-02,-8.905692104358807482e-02
-8.169472282703436894e-02,7.491448470449449948e-01,8.104633144550438262e-02,6.630402589599927732e-02,-1.890135322403498769e-02,-8.651416152319213460e-02
-7.937398976041819265e-02,7.277982148799919671e-01,7.874608587991910325e-02,6.429391166303673188e-02,-1.836632462951291039e-02,-8.404768579205265655e-02
-7.711735332540331500e-02,7.070425776739125423e-01,7.650926824075597599e-02,6.233871940110399801e-02,-1.784612169310779983e-02,-8.165550987930339510e-02
-7.492302903008982162e-02,6.868615801100949048e-01,7.433412412192653973e-02,6.043674054061586032e-02,-1.734037928275543317e-02,-7.933562957674543392e-02
-7.278928390378938684e-02,6.672393193273645773e-01,7.221894805002268547e-02,5.858661749838248861e-02,-1.684874907487245513e-02,-7.708592787117406198e-02
-7.071443477726961635e-02,6.481603324194490368e-01,7.016208214742020166e-02,5.678760795925742733e-02,-1.637089948554170185e-02,-7.490400215663774175e-02
-6.869684665584109562e-02,6.296095842782032381e-01,6.816191481474366543e-02,5.503999935437665914e-02,-1.590651359668892803e-02,-7.278687679743468808e-02
-6.673493117410798925e-02,6.115724557713185794e-01,6.621687943775671215e-02,5.334561960122690544e-02,-1.545528243391627345e-02,-7.073061740490589611e-02
-6.482714512347233227e-02,5.940347322454668788e-01,6.432545312202371524e-02,5.170807703864830490e-02,-1.501688997844669027e-02,-6.873006501809185431e-02
-6.297198904517548046e-02,5.769825923460607520e-01,6.248615545746797478e-02,5.013182945172601351e-02,-1.459098907417467200e-02,-6.677929231763750362e-02
-6.116800588295284030e-02,5.604025971450171673e-01,6.069754731408276427e-02,4.861936969038237188e-02,-1.417717921582144040e-02,-6.487336701682888673e-02
-5.941377969036799184e-02,5.442816795681607589e-01,5.895822966942965149e-02,4.716830963280418260e-02,-1.377501103431505967e-02,-6.301043156574245852e-02
-5.770793438866620578e-02,5.286071341140858859e-01,5.726684246811460793e-02,4.577205137695283116e-02,-1.338402725934474853e-02,-6.119161355064413332e-02
-5.604913257159530732e-02,5.133666068565322371e-01,5.562206351311406449e-02,4.442344890803372193e-02,-1.300380790520750708e-02,-5.941881899688019469e-02
-5.443607435412349538e-02,4.985480857225266793e-01,5.402260738859842454e-02,4.311720172424513692e-02,-1.263398566009921870e-02,-5.769309726071350508e-02
-5.286749626238002736e-02,4.841398910387499921e-01,5.246722441374221391e-02,4.184993533299515706e-02,-1.227423658067889299e-02,-5.601444836286367107e-02
-5.134217016245532644e-02,4.701306663387834206e-01,5.095469962690030857e-02,4.061948423071493064e-02,-1.192426579745143982e-02,-5.438220119317946355e-02
-4.985890222596076754e-02,4.565093694240872635e-01,4.948385179945449797e-02,3.942431015035599562e-02,-1.158379725485404743e-02,-5.279535328687734452e-02
-4.841653193046600856e-02,4.432652636717563932e-01,4.805353247859028842e-02,3.826318210960016203e-02,-1.125256786886574302e-02,-5.125276435322259627e-02
-4.701393109310960522e-02,4.303879095822795153e-01,4.666262505823231405e-02,3.713502339245251804e-02,-1.093032444378080198e-02,-4.975325027683776685e-02
-4.565000293583390545e-02,4.178671565607108840e-01,4.531004387735412114e-02,3.603884193102142169e-02,-1.061682204276485041e-02,-4.829562586111126044e-02
-4.432368118082494896e-02,4.056931349248432683e-01,4.399473334487540715e-02,3.497369885693402125e-02,-1.031182308203980498e-02,-4.687872363564574152e-02
-4.303392917485086150e-02,3.938562481341442156e-01,4.271566709036217491e-02,3.393869400903670730e-02,-1.001509678260210749e-02,-4.550140186757850591e-02
-4.177973904128690075e-02,3.823471652333809701e-01,4.147184713975504700e-02,3.293295894392968270e-02,-9.726418801973307771e-03,-4.416254774169438291e-02
-4.056013085870378149e-02,3.711568135050303807e-01,4.026230311536492523e-02,3.195565329749176092e-02,-9.445570959930711663e-03,-4.286107837050393693e-02
-3.937415186496720509e-02,3.602763713247249533e-01,3.908609145939103552e-02,3.100596267036709666e-02,-9.172341015786133339e-03,-4.159594082243586732e-02
-3.822087568586492873e-02,3.496972612141484027e-01,3.794229468023430779e-02,3.008309722528214672e-02,-8.906522475716566883e-03,-4.036611170378132801e-02
-3.709940158733442128e-02,3.394111430859376166e-01,3.683002062089760914e-02,2.918629062989791870e-02,-8.647914418888560592e-03,-3.917059653936744157e-02
-3.600885375041878306e-02,3.294099076753077004e-01,3.574840174878662208e-02,2.831479917705058066e-02,-8.396321336253814716e-03,-3.800842906593571852e-02
-3.494838056812568650e-02,3.196856701532448386e-01,3.469659446624130672e-02,2.746790100356358982e-02,-8.151552978549081452e-03,-3.687867049224778648e-02
-3.391715396340568012e-02,3.102307639162742992e-01,3.367377844115333752e-02,2.664489536973300293e-02,-7.913424211448612591e-03,-3.578040875203629401e-02
-3.291436872751043324e-02,3.010377345479227640e-01,3.267915595704119769e-02,2.584510198063053391e-02,-7.681754876600897612e-03,-3.471275776267626623e-02
-3.193924187802030246e-02,2.920993339471499306e-01,3.171195128197689533e-02,2.506786033939594621e-02,-7.456369657728700515e-03,-3.367485669604878412e-02
-3.099101203587133549e-02,2.834085146191354099e-01,3.077141005577675378e-02,2.431252912702605573e-02,-7.237097951238515535e-03,-3.266586926489813830e-02
-3.006893882073719687e-02,2.749584241239473315e-01,2.985679869488945190e-02,2.357848560529825221e-02,-7.023773740945542417e-03,-3.168498302640094383e-02
-2.917230226415382099e-02,2.667423996787352536e-01,2.896740381443168103e-02,2.286512504050899897e-02,-6.816235476628436721e-03,-3.073140870384385992e-02
-2.830040223979785746e-02,2.587539629092068250e-01,2.810253166684158199e-02,2.217186014621501736e-02,-6.614325956196158603e-03,-2.980437952689601877e-02
-2.745255791035788179e-02,2.509868147462691601e-01,2.726150759663631754e-02,2.149812054340228401e-02,-6.417892211298524378e-03,-2.890315059076799947e-02
-2.662810719045869898e-02,2.434348304638307148e-01,2.644367551077934919e-02,2.084335223656179695e-02,-6.226785396250148451e-03,-2.802699823447537056e-02
-2.582640622512109851e-02,2.360920548538573416e-01,2.564839736417767399e-02,2.020701710411590760e-02,-6.040860680166530196e-03,-2.717521943844036433e-02
-2.504682888326107554e-02,2.289526975349022442e-01,2.487505265984657141e-02,1.958859240150002609e-02,-5.859977142236127978e-03,-2.634713124175792204e-02
-2.428876626575170866e-02,2.220111283904154797e-01,2.412303796329511724e-02,1.898757027497932626e-02,-5.683997670079284255e-03,-2.554207017959804829e-02
-2.355162622758767005e-02,2.152618731332507085e-01,2.339176643069931089e-02,1.840345728393088381e-02,-5.512788861168634036e-03,-2.475939174145943070e-02
-2.283483291371148083e-02,2.086996089928857268e-01,2.268066735044652754e-02,1.783577392885344823e-02,-5.346220927314736769e-03,-2.399846985132383578e-02
-2.213782630807806240e-02,2.023191605219599176e-01,2.198918569764666750e-02,1.728405418168465699e-02,-5.184167602254679229e-03,-2.325869637121840555e-02
-2.146006179554563187e-02,1.961154955188369187e-01,2.131678170121990845e-02,1.674784501410353510e-02,-5.026506052422135239e-03,-2.253948063032977164e-02
-2.080100973620107110e-02,1.900837210629828800e-01,2.066293042318523981e-02,1.622670591825059808e-02,-4.873116791026700124e-03,-2.184024898267454204e-02
-2.016015505173962205e-02,1.842190796600467750e-01,2.002712134978332920e-02,1.572020841262119356e-02,-4.723883595637498427e-03,-2.116044439748459086e-02
-1.953699682353031430e-02,1.785169454936023359e-01,1.940885799408291826e-02,1.522793552363298046e-02,-4.578693429546579728e-03,-2.049952608802015422e-02
-1.893104790201736304e-02,1.729728207806139062e-01,1.880765750972897624e-02,1.474948123038441472e-02,-4.437436367294367127e-03,-1.985696918659085944e-02
-1.834183452711206364e-02,1.675823322277470717e-01,1.822305031550347509e-02,1.428444985616077710e-02,-4.300005524875448633e-03,-1.923226447627872718e-02
-1.776889595925008544e-02,1.623412275857464004e-01,1.765457973038001005e-02,1.383245538516389428e-02,-4.166296995313041075e-03,-1.862491819336231647e-02
-1.721178412079335529e-02,1.572453722991619673e-01,1.710180161876369981e-02,1.339312067649174078e-02,-4.036209790506816060e-03,-1.803445191885340651e-02
-1.667006324747027576e-02,1.522907462487899932e-01,1.656428404561838263e-02,1.296607653962452041e-02,-3.909645790516442024e-03,-1.746040258285965277e-02
-1.614330954955831704e-02,1.474734405842660079e-01,1.604160694119240518e-02,1.255096062685247087e-02,-3.786509701747454819e-03,-1.690232261142297562e-02
-1.563111088252060188e-02,1.427896546443118697e-01,1.553336177506326257e-02,1.214741608937121992e-02,-3.666709025829495427e-03,-1.635978025118788384e-02
-1.513306642682175560e-02,1.382356929622196584e-01,1.503915123923183460e-02,1.175508993769648972e-02,-3.550154041276371887e-03,-1.583236011081161354e-02
-1.464878637665096260e-02,1.338079623542091090e-01,1.455858894000326177e-02,1.137363104879731725e-02,-3.436757800190852735e-03,-1.531966395558405705e-02
-1.417789163729758078e-02,1.295029690883651996e-01,1.409129909840213003e-02,1.100268778130291530e-02,-3.326436142126973708e-03,-1.482131177634656710e-02
-1.372001353092500327e-02,1.253173161319376672e-01,1.363691625887601677e-02,1.064190521181105666e-02,-3.219107726441107487e-03,-1.433694311405232791e-02
-1.327479351050131484e-02,1.212477004748169496e-01,1.319508500605000474e-02,1.029092211261939914e-02,-3.114694082534033744e-03,-1.386621854052025489e-02
-1.284188288165146428e-02,1.172909105270981273e-01,1.276545968930258186e-02,9.949367982253837922e-03,-3.013119673641197812e-03,-1.340882105392799881e-02
-1.242094253220455899e-02,1.134438235886677943e-01,1.234770415493876075e-02,9.616860737321864666e-03,-2.914311963505205032e-03,-1.296445692928049724e-02
-1.201164266921374985e-02,1.097034033888308613e-01,1.194149148574590903e-02,9.293006066489096703e-03,-2.818201465928468763e-03,-1.253285528059774542e-02
-1.161366256323794616e-02,1.060666976940337347e-01,1.154650374772159781e-02,8.977399840630314112e-03,-2.724721745507465483e-03,-1.211376531746963421e-02
-1.122669029967660916e-02,1.025308359818047632e-01,1.116243174377175122e-02,8.669635133225413529e-03,-2.633809326785916879e-03,-1.170695019355129894e-02
-1.085042253695918738e-02,9.909302717907428337e-02,1.078897477418152596e-02,8.369314953471611654e-03,-2.545403464971039004e-03,-1.131217673200225239e-02
-1.048456427139276420e-02,9.575055746309683868e-02,1.042584040366877074e-02,8.076070369298712567e-03,-2.459445743295324803e-03,-1.092920143178147119e-02
-1.012882860848324761e-02,9.250078812324198652e-02,1.007274423483507132e-02,7.789581344965005628e-03,-2.375879497297045569e-03,-1.055775494204003531e-02
-9.782936540544099821e-03,8.934115348196698669e-02,9.729409687834910184e-03,7.509595216080648152e-03,-2.294649121826089749e-03,-1.019752893567921030e-02
-9.446616730418338354e-03,8.626915887334120348e-02,9.395567786089258425e-03,7.235936867447013629e-03,-2.215699372734204406e-03,-9.848169797224274810e-03
-9.119605301142001338e-03,8.328237867751592249e-02,9.070956947874452350e-03,6.968506599827604432e-03,-2.138974800909520645e-03,-9.509281881069754985e-03
-8.801645631380900989e-03,8.037845440960660059e-02,8.755322783623615060e-03,6.707265879986702012e-03,-2.064419429626445594e-03,-9.180439775661589086e-03
-8.492488156482258868e-03,7.755509286147035941e-02,8.448417898780218385e-03,6.452215380035847270e-03,-1.991976714941968811e-03,-8.861205850734263020e-03
-8.191890174982495790e-03,7.481006429492155496e-02,8.150001702051079197e-03,6.203371587277500127e-03,-1.921589748688106543e-03,-8.551148132965147308e-03
-7.899615660420016006e-03,7.214120068495626092e-02,7.859840218908455481e-03,5.960747244245040606e-03,-1.853201611900601219e-03,-8.249854566979783477e-03
-7.615435078306028588e-03,6.954639401160600531e-02,7.577705910196027607e-03,5.724338239640894624e-03,-1.786755777728223516e-03,-7.956941886288971394e-03
-7.339125208108928690e-03,6.702359459907390737e-02,7.303377495697508867e-03,5.494117027200953046e-03,-1.722196486152416991e-03,-7.672059296226280654e-03
-7.070468970115505181e-03,6.457080950084140292e-02,7.036639782531699944e-03,5.270031151494648097e-03,-1.659469047433945015e-03,-7.394888263910962163e-03
-6.809255257031980937e-03,6.218610092947872425e-02,6.777283498239766550e-03,5.052005039769571354e-03,-1.598520061120828426e-03,-7.125139948272513415e-03
-6.555278770194740770e-03,5.986758472991465796e-02,6.525105128437188630e-03,4.839943459920607004e-03,-1.539297556419643451e-03,-6.862551544889924568e-03
-6.308339860264261349e-03,5.761342889497052949e-02,6.279906758902974347e-03,4.633735521365502791e-03,-1.481751068408476268e-03,-6.606882406514597711e-03
-6.068244372278141889e-03,5.542185212198157129e-02,6.041495921985791558e-03,4.433258551960389537e-03,-1.425831666382803339e-03,-6.357910425680121831e-03
-5.834803494942445053e-03,5.329112240937231709e-02,5.809685447208058975e-03,4.238381522650665201e-03,-1.371491948878382841e-03,-6.115428898092619379e-03
-5.607833614045886622e-03,5.121955569208166970e-02,5.584293315952590202e-03,4.048967905955335594e-03,-1.318686016915567808e-03,-5.879243922114988675e-03
-5.387156169883890525e-03,4.920551451475370375e-02,5.365142520120594859e-03,3.864877973057359150e-03,-1.267369433961524012e-03,-5.649172303601854642e-03
-5.172597518581020272e-03,4.724740674166163362e-02,5.152060924651829035e-03,3.685970590167317578e-03,-1.217499178541157044e-03,-5.425039898374711851e-03
-4.963988797206057152e-03,4.534368430233672032e-02,4.944881133801482843e-03,3.512104594056495669e-03,-1.169033593461372804e-03,-5.206680315300303216e-03
-4.761165792575454414e-03,4.349284197191994467e-02,4.743440361071659360e-03,3.343139826722539565e-03,-1.121932334196969108e-03,-4.993933907315151709e-03
-4.563968813644450270e-03,4.169341618527481336e-02,4.547580302696295831e-03,3.178937900561428116e-03,-1.076156318001131058e-03,-4.786646987727830385e-03
-4.372242567386466078e-03,3.994398388392349925e-02,4.357147014584023675e-03,3.019362753956682070e-03,-1.031667674650594505e-03,-4.584671220406125007e-03
-4.185836038067631583e-03,3.824316139490024219e-02,4.171990792624020658e-03,2.864281045758292760e-03,-9.884296993039288701e-04,-4.387863143005699823e-03
-4.004602369821077743e-03,3.658960334064078473e-02,3.991966056262705002e-03,2.713562426968853161e-03,-9.464068076813486738e-04,-4.196083791429145067e-03
-3.828398752432799011e-03,3.498200157904204910e-02,3.816931235262811372e-03,2.567079719450952695e-03,-9.055644936040231933e-04,-4.009198401071271955e-03
-3.657086310250574294e-03,3.341908417286373889e-02,3.646748659558077428e-03,2.424709024638544395e-03,-8.658692888399653056e-04,-3.827076166220438891e-03
-3.490529994130192690e-03,3.189961438765557405e-02,3.481284452118680456e-03,2.286329779831960431e-03,-8.272887251411937528e-04,-3.649590043509773774e-03
-3.328598476338358401e-03,3.042238971742209849e-02,3.320408424745863001e-03,2.151824775478806701e-03,-7.897912983365125861e-04,-3.476616588773036049e-03
-3.171164048327240401e-03,2.898624093725626905e-02,3.163993976715988830e-03,2.021080143614794721e-03,-7.533464343345201795e-04,-3.308035819282306896e-03
-3.018102521307860532e-03,2.759003118219650191e-02,3.011917996196576859e-03,1.893985325180290620e-03,-7.179244568901130838e-04,-3.143731095339445843e-03
-2.869293129541506185e-03,2.623265505158053901e-02,2.864060764358483061e-03,1.770433022051872557e-03,-6.834965569972380629e-04,-2.983589016688428016e-03
-2.724618436276861691e-03,2.491303773818965422e-02,2.720305862111014640e-03,1.650319138201140554e-03,-6.500347637794650930e-04,-2.827499330334396800e-03
-2.583964242262421288e-03,2.363013418149898653e-02,2.580540079388974218e-03,1.533542713310849341e-03,-6.175119167606749190e-04,-2.675354847212635997e-03
-2.447219496759681177e-03,2.238292824436347375e-02,2.444653326921701272e-03,1.420005851355856915e-03,-5.859016394101563326e-04,-2.527051365772906965e-03
-2.314276210993203905e-03,2.117043191249498926e-02,2.312538550417020822e-03,1.309613646026680338e-03,-5.551783138648843079e-04,-2.382487601027458244e-03
-2.185029373969985412e-03,1.999168451609549882e-02,2.184091647093741855e-03,1.202274104409398799e-03,-5.253170567444793125e-04,-2.241565117967147820e-03
-2.059376870601138838e-03,1.884575197303554189e-02,2.059211384499996540e-03,1.097898069957819848e-03,-4.962936959815808253e-04,-2.104188268511870616e-03
-1.937219402067201154e-03,1.773172605298001941e-02,1.937799321553671092e-03,9.963991455310189024e-04,-4.680847485973659667e-04,-1.970264131374149623e-03
-1.818460408362994937e-03,1.664872366188426336e-02,1.819759731745711553e-03,8.976936170558342436e-04,-4.406673993631002621e-04,-1.839702454347884103e-03
-1.703005992963102424e-03,1.559588614629235127e-02,1.704999528447167113e-03,8.017003782099208723e-04,-4.140194802892748849e-04,-1.712415598661048586e-03
-1.590764849552155557e-03,1.457237861689262420e-02,1.593428192262201200e-03,7.083408564010225915e-04,-3.881194508952557319e-04,-1.588318485103617237e-03
-1.481648190760042868e-03,1.357738929079671530e-02,1.484957700371932398e-03,6.175389402281832290e-04,-3.629463792119372464e-04,-1.467328541709527661e-03
-1.375569678852160563e-03,1.261012885202256358e-02,1.379502457814789883e-03,5.292209085325674887e-04,-3.384799234783719885e-04,-1.349365652807691307e-03
-1.272445358316499821e-03,1.166982982967959548e-02,1.276979230650524639e-03,4.433153610983759253e-04,-3.147003144955861005e-04,-1.234352109302936035e-03
-1.172193590298822386e-03,1.075574599336418663e-02,1.177307080956647252e-03,3.597531510179235179e-04,-2.915883386021778860e-04,-1.122212560051552913e-03
-1.074734988836649864e-03,9.867151765288422263e-03,1.080407303607510685e-03,2.784673187071702084e-04,-2.691253212427314133e-04,-1.012873964228164616e-03
-9.799923588388397781e-04,9.003341648683396703e-03,9.862033647871884696e-04,1.993930275368332398e-04,-2.472931111002492723e-04,-9.062655445816931738e-04
-8.878906357674393570e-04,8.163629672021131822e-03,8.946208421893922774e-04,1.224675010203102462e-04,-2.260740647659035141e-04,-8.023187414827067212e-04
-7.983568269726503634e-04,7.347348848618158457e-03,8.055873668577101954e-04,4.762996149652949022e-05,-2.054510319233800316e-04,-7.009671676736580924e-04
-7.113199546373162162e-04,6.553850651200398246e-03,7.190325666224429589e-04,-2.517842976693941795e-05,-1.854073410246768767e-04,-6.021465636265889952e-04
-6.267110002868461326e-04,5.782504501008189739e-03,6.348880110894641014e-04,-9.601463113468666018e-05,-1.659267854364346382e-04,-5.057947534168616161e-04
-5.444628508207129342e-04,5.032697271041123611e-03,5.530871581396442412e-04,-1.649337779033353899e-04,-1.469936100382922544e-04,-4.118516010124224176e-04
-4.645102460248884597e-04,4.303832803054925132e-03,4.735653018971394592e-04,-2.319892384280232466e-04,-1.285924982550102941e-04,-3.202589668824944473e-04
-3.867897275263570966e-04,3.595331437925561053e-03,3.962595221264162012e-04,-2.972326691550763230e-04,-1.107085595031611931e-04,-2.309606648197586498e-04
-3.112395891471295660e-04,2.906629559011050974e-03,3.211086350196258750e-04,-3.607140686410543096e-04,-9.332731704024203716e-05,-1.439024188659601786e-04
-2.377998286211253194e-04,2.237179148153321806e-03,2.480531453356856842e-04,-4.224818306324548494e-04,-7.643469619764271491e-05,-5.903182023159161582e-05
-1.664121006384830395e-04,1.586447353967707953e-03,1.770351998543751569e-04,-4.825827962752777113e-04,-6.001701298348159755e-05,2.370171590950726306e-05
-9.701967117730074964e-05,9.539160720826129558e-04,1.079985421097561519e-04,-5.410623055220793471e-04,-4.406096304396537651e-05,1.043469938686244233e-04
-2.956737309188288524e-05,3.390815369964403987e-04,4.088846836776983273e-05,-5.979642477870821763e-04,-2.855361096592225239e-05,1.829510812559741889e-04
3.599843708099103933e-05,-2.585460747696594996e-04,-2.434821518593897796e-05,-6.533311119049539954e-04,-1.348237991147811150e-05,2.595593532838238256e-04
9.972992112808325312e-05,-8.394430305344787466e-04,-8.776323408110476665e-05,-7.072040354274572059e-04,1.164958427205926979e-06,3.342155376836135187e-04
1.616778000114483540e-04,-1.404072416639976775e-03,-1.494068860530191627e-04,-7.596228532909153012e-04,1.540029356892786628e-05,4.069617603609266285e-04
2.218913935970326997e-04,-1.952884503249166515e-03,-2.093280804188341884e-04,-8.106261458731425047e-04,2.923518568679249081e-05,4.778385919077545959e-04
2.804186592926850049e-04,-2.486317099051004419e-03,-2.675743763710747378e-04,-8.602512864483534546e-04,4.268087476539736408e-05,5.468850950924551702e-04
3.373062296224558143e-04,-3.004795896143499460e-03,-3.241920202171294052e-04,-9.085344880354669778e-04,5.574828948603894967e-05,6.141388734380845210e-04
3.925994487683415928e-04,-3.508734805374141841e-03,-3.792259815943428789e-04,-9.555108496260113823e-04,6.844805584531617041e-05,6.796361209939810657e-04
4.463424081077439591e-04,-3.998536282399874769e-03,-4.327199886884441861e-04,-1.001214401761313507e-03,8.079050551907988821e-05,7.434116733955730555e-04
4.985779807722670511e-04,-4.474591644717768740e-03,-4.847165624822980965e-04,-1.045678151418842931e-03,9.278568398296510144e-05,8.054990602964278920e-04
5.493478552568674400e-04,-4.937281379928167013e-03,-5.352570500624040124e-04,-1.088934126154340615e-03,1.044433583949771642e-04,8.659305592419040860e-04
5.986925681047808355e-04,-5.386975445461321052e-03,-5.843816570078027911e-04,-1.131013417429490653e-03,1.157730252520423913e-04,9.247372510355237685e-04
6.466515356917650753e-04,-5.824033560008918739e-03,-6.321294788872568269e-04,-1.171946223051782438e-03,1.267839178278185172e-04,9.819490766368953703e-04
6.932630851367299748e-04,-6.248805486891338516e-03,-6.785385318895377450e-04,-1.211761888630669918e-03,1.374850134012127727e-04,1.037594895599191569e-03
7.385644843617499662e-04,-6.661631309580857800e-03,-7.236457826091973649e-04,-1.250488947949873232e-03,1.478850402824833201e-04,1.091702546039551632e-03
7.825919713241181585e-04,-7.062841699599944206e-03,-7.674871770125912904e-04,-1.288155162147385391e-03,1.579924846444350178e-04,1.144298906106809783e-03
8.253807824437534675e-04,-7.452758177005251033e-03,-8.100976686054234873e-04,-1.324787557578256366e-03,1.678155971691331857e-04,1.195409956880317528e-03
8.669651802482430123e-04,-7.831693363660267512e-03,-8.515112458245073426e-04,-1.360412462237550399e-03,1.773623995137433228e-04,1.245060846612419149e-03
9.073784802572135806e-04,-8.199951229501959565e-03,-8.917609586743692864e-04,-1.395055540613769109e-03,1.866406906036067060e-04,1.293275956184288629e-03
9.466530771243582146e-04,-8.557827331987743341e-03,-9.308789446301294354e-04,-1.428741826833597982e-03,1.956580527612205526e-04,1.340078965627424781e-03
9.848204700620200903e-04,-8.905609048917156878e-03,-9.688964538263825218e-04,-1.461495755971498230e-03,2.044218576731756309e-04,1.385492921513883750e-03
1.021911287563432181e-03,-9.243575804810317750e-03,-1.005843873551203133e-03,-1.493341193391052547e-03,2.129392722048068605e-04,1.429540305000193048e-03
1.057955311445622293e-03,-9.571999291019804915e-03,-1.041750752065628881e-03,-1.524301461991328481e-03,2.212172640658014312e-04,1.472243100265528334e-03
1.092981500227960430e-03,-9.891143679751681836e-03,-1.076645821766160317e-03,-1.554399367246861972e-03,2.292626073323065041e-04,1.513622863060555589e-03
1.127018011867829232e-03,-1.020126583216252915e-02,-1.110557021708397530e-03,-1.583657219935037446e-03,2.370818878303893008e-04,1.553700789043592056e-03
1.160092225870044177e-03,-1.050261550069724395e-02,-1.143511519509700283e-03,-1.612096856461538771e-03,2.446815083852765956e-04,1.592497781565098457e-03
1.192230764785577385e-03,-1.079543552582618200e-02,-1.175535732648109620e-03,-1.639739656715300279e-03,2.520676939383662126e-04,1.630034518518904503e-03
1.223459515119571656e-03,-1.107996202734003004e-02,-1.206655349172800753e-03,-1.666606559403419367e-03,2.592464965396368585e-04,1.666331517869537246e-03
1.253803647660503518e-03,-1.135642459034593051e-02,-1.236895347844917158e-03,-1.692718074839888584e-03,2.662238002126999788e-04,1.701409201442392145e-03
1.283287637251774495e-03,-1.162504644612094573e-02,-1.266280017721104368e-03,-1.718094295189646469e-03,2.730053256999771263e-04,1.735287956542446884e-03
1.311935282015497294e-03,-1.188604464795508034e-02,-1.294832977198208520e-03,-1.742754902197992534e-03,2.795966350882684442e-04,1.767988194971208300e-03
1.339769722048339291e-03,-1.213963024213215135e-02,-1.322577192531189903e-03,-1.766719172464467982e-03,2.860031363152322741e-04,1.799530409000813175e-03
1.366813457600764715e-03,-1.238600843417558828e-02,-1.349534995841422018e-03,-1.790005980353365223e-03,2.922300875613482942e-04,1.829935223865714576e-03
1.393088366754649445e-03,-1.262537875049495745e-02,-1.375728102626835956e-03,-1.812633798661425315e-03,2.982826015251531754e-04,1.859223446353177852e-03
1.418615722613707610e-03,-1.285793519555734031e-02,-1.401177628790043449e-03,-1.834620697197579097e-03,3.041656495861615661e-04,1.887416109079410485e-03
1.443416210019852304e-03,-1.308386640470991964e-02,-1.425904107195408990e-03,-1.855984339460524119e-03,3.098840658528841433e-04,1.914534510072154723e-03
1.467509941808849095e-03,-1.330335579277208344e-02,-1.449927503769853250e-03,-1.876741977623572503e-03,3.154425510977281952e-04,1.940600247304790152e-03
1.490916474615879049e-03,-1.351658169851694888e-02,-1.473267233159198872e-03,-1.896910446071673004e-03,3.208456765811297669e-04,1.965635247871794136e-03
1.513654824246504077e-03,-1.372371752515155405e-02,-1.495942173952140991e-03,-1.916506153749993968e-03,3.260978877620071006e-04,1.989661791534864770e-03
1.535743480623398289e-03,-1.392493187691083018e-02,-1.517970683483717102e-03,-1.935545075606458481e-03,3.312035078961005226e-04,2.012702528424912662e-03
1.557200422319895538e-03,-1.412038869187203990e-02,-1.539370612231029736e-03,-1.954042743431372905e-03,3.361667415237875158e-04,2.034780490736209837e-03
1.578043130692317973e-03,-1.431024737109031462e-02,-1.560159317810548693e-03,-1.972014236396865856e-03,3.409916778468176997e-04,2.055919098315023893e-03
1.598288603623466975e-03,-1.449466290416415518e-02,-1.580353678589497581e-03,-1.989474171616876716e-03,3.456822939924591087e-04,2.076142158105573777e-03
1.617953368885594262e-03,-1.467378599132248412e-02,-1.599970106921276558e-03,-2.006436695034341609e-03,3.502424581711283819e-04,2.095473857483903801e-03
1.637053497134727340e-03,-1.484776316213544910e-02,-1.619024562015523036e-03,-2.022915472951930787e-03,3.546759327227237517e-04,2.113938751581115588e-03
1.655604614547456516e-03,-1.501673689093816801e-02,-1.637532562452441529e-03,-2.038923684495567209e-03,3.589863770569194819e-04,2.131561744759613054e-03
1.673621915105646995e-03,-1.518084570905972250e-02,-1.655509198352675534e-03,-2.054474015297339060e-03,3.631773504873864644e-04,2.148368066478994077e-03
1.691120172546587861e-03,-1.534022431394816907e-02,-1.672969143209162473e-03,-2.069578652647411244e-03,3.672523149617072007e-04,2.164383241848709654e-03
1.708113751979078217e-03,-1.549500367527432108e-02,-1.689926665394201558e-03,-2.084249282353733534e-03,3.712146376912756258e-04,2.179633057228661311e-03
1.724616621181239689e-03,-1.564531113809700114e-02,-1.706395639347590152e-03,-2.098497087499255620e-03,3.750675936807356271e-04,2.194143521288416041e-03
1.740642361584314067e-03,-1.579127052317662663e-02,-1.722389556456334738e-03,-2.112332749268824254e-03,3.788143681629390952e-04,2.207940821994939812e-03
1.756204178955561015e-03,-1.593300222451175113e-02,-1.737921535633165336e-03,-2.125766449965277565e-03,3.824580589402007728e-04,2.221051280031287583e-03
1.771314913784245498e-03,-1.607062330417286314e-02,-1.753004333603804150e-03,-2.138807878303409116e-03,3.860016786392792324e-04,2.233501299191469058e-03
1.785987051381048886e-03,-1.620424758451681144e-02,-1.767650354909305888e-03,-2.151466237029286705e-03,3.894481568772979112e-04,2.245317314319709729e-03
1.800232731698834686e-03,-1.633398573784500610e-02,-1.781871661632956514e-03,-2.163750252864130984e-03,3.928003423516812447e-04,2.256525737381457654e-03
1.814063758882154039e-03,-1.645994537358183574e-02,-1.795679982857346837e-03,-2.175668188741455150e-03,3.960610048509388388e-04,2.267152902259489920e-03
1.827491610552928625e-03,-1.658223112304096913e-02,-1.809086723861196792e-03,-2.187227858260606169e-03,3.992328371930926986e-04,2.277225008876070361e-03
1.840527446838939119e-03,-1.670094472184500620e-02,-1.822102975062009573e-03,-2.198436642248325929e-03,4.023184571005898884e-04,2.286768067222247954e-03
1.853182119153701539e-03,-1.681618509006308979e-02,-1.834739520711065140e-03,-2.209301507278893257e-03,4.053204090086142786e-04,2.295807841869194552e-03
1.865466178733485129e-03,-1.692804841013365730e-02,-1.847006847349048127e-03,-2.219829025987584900e-03,4.082411658180452180e-04,2.304369797501700217e-03
1.877389884938159351e-03,-1.703662820262722560e-02,-1.858915152027597805e-03,-2.230025398972310981e-03,4.110831305939078337e-04,2.312479045992850684e-03
1.888963213323350317e-03,-1.714201539991469167e-02,-1.870474350303540307e-03,-2.239896478067696876e-03,4.138486382168143842e-04,2.320160295487637761e-03
1.900195863487909136e-03,-1.724429841779554287e-02,-1.881694084013166811e-03,-2.249447790756172252e-03,4.165399569870007162e-04,2.327437801931309027e-03
1.911097266706850021e-03,-1.734356322514490206e-02,-1.892583728830699551e-03,-2.258684565470975118e-03,4.191592901918735721e-04,2.334335323425174111e-03
1.921676593350954724e-03,-1.743989341163158791e-02,-1.903152401618774881e-03,-2.267611757538694640e-03,4.217087776332748526e-04,2.340876077740707949e-03
1.931942760103940804e-03,-1.753337025356427326e-02,-1.913408967574923084e-03,-2.276234075510473985e-03,4.241904971241851493e-04,2.347082703273755538e-03
1.941904436977167931e-03,-1.762407277791206220e-02,-1.923362047181955250e-03,-2.284556007630698677e-03,4.266064659565200600e-04,2.352977223663482286e-03
1.951570054132245038e-03,-1.771207782455680793e-02,-1.933020022965109986e-03,-2.292581848202337059e-03,4.289586423396284359e-04,2.358581016246944547e-03
1.960947808515359908e-03,-1.779746010682022733e-02,-1.942391046063070151e-03,-2.300315723620193972e-03,4.312489268179035265e-04,2.363914784473689079e-03
1.970045670307135881e-03,-1.788029227031665697e-02,-1.951483042617367918e-03,-2.307761617850883056e-03,4.334791636651825499e-04,2.368998534339323853e-03
1.978871389194340486e-03,-1.796064495017679619e-02,-1.960303719985403374e-03,-2.314923397167288621e-03,4.356511422596492174e-04,2.373851554865494436e-03
1.987432500468922295e-03,-1.803858682668873017e-02,-1.968860572781487833e-03,-2.321804833951947658e-03,4.377665984420937547e-04,2.378492402597503358e-03
1.995736330957297716e-03,-1.811418467939706137e-02,-1.977160888751472532e-03,-2.328409629413224699e-03,4.398272158573058276e-04,2.382938890049831823e-03
2.003790004787541542e-03,-1.818750343970748293e-02,-1.985211754484321120e-03,-2.334741435076989179e-03,4.418346272789782161e-04,2.387208077996964828e-03
2.011600448994481025e-03,-1.825860624203307081e-02,-1.993020060966967880e-03,-2.340803872939760215e-03,4.437904159220709861e-04,2.391316271470847639e-03
2.019174398972624785e-03,-1.832755447352672068e-02,-2.000592508984447293e-03,-2.346600554188749480e-03,4.456961167398809285e-04,2.395279019295497216e-03
2.026518403775851452e-03,-1.839440782243598888e-02,-2.007935614372207810e-03,-2.352135096423825511e-03,4.475532177085207557e-04,2.399111116969681982e-03
2.033638831271866385e-03,-1.845922432512079811e-02,-2.015055713122193646e-03,-2.357411139327080917e-03,4.493631610961539274e-04,2.402826612687589732e-03
2.040541873154703371e-03,-1.852206041176979526e-02,-2.021958966348285161e-03,-2.362432358758119813e-03,4.511273447221318136e-04,2.406438816266346509e-03
2.047233549816812170e-03,-1.858297095085045120e-02,-2.028651365114749004e-03,-2.367202479260486440e-03,4.528471231979473233e-04,2.409960310749512547e-03
2.053719715087867249e-03,-1.864200929233021664e-02,-2.035138735130878618e-03,-2.371725284991828189e-03,4.545238091585153363e-04,2.413402966435176499e-03
2.060006060842116578e-03,-1.869922730970059038e-02,-2.041426741316510612e-03,-2.376004629096786086e-03,4.561586744759535145e-04,2.416777957089682408e-03
2.066098121477978437e-03,-1.875467544083907895e-02,-2.047520892240697280e-03,-2.380044441566065393e-03,4.577529514596426988e-04,2.420095778086138200e-03
2.072001278273495790e-03,-1.880840272773946775e-02,-2.053426544438594591e-03,-2.383848735625816381e-03,4.593078340412491494e-04,2.423366266233801646e-03
2.077720763623459085e-03,-1.886045685514310330e-02,-2.059148906608257446e-03,-2.387421612718205414e-03,4.608244789422414212e-04,2.426598621047534442e-03
2.083261665156167005e-03,-1.891088418810083285e-02,-2.064693043692041128e-03,-2.390767266140832268e-03,4.623040068263223551e-04,2.429801427231108660e-03
2.088628929738265902e-03,-1.895972980849499126e-02,-2.070063880845201924e-03,-2.393889983416353732e-03,4.637475034331919204e-04,2.432982678142057899e-03
2.093827367368653221e-03,-1.900703755055165381e-02,-2.075266207294777353e-03,-2.396794147469730272e-03,4.651560206951688213e-04,2.436149800027308156e-03
2.098861654964551387e-03,-1.905285003536934252e-02,-2.080304680091606562e-03,-2.399484236692074699e-03,4.665305778348674049e-04,2.439309676822809352e-03
2.103736340041627382e-03,-1.909720870449220856e-02,-2.085183827759571826e-03,-2.401964823970343266e-03,4.678721624444663347e-04,2.442468675325244667e-03
2.108455844295527119e-03,-1.914015385255387822e-02,-2.089908053842592407e-03,-2.404240574761516355e-03,4.691817315425725506e-04,2.445632670554889927e-03
2.113024467080010325e-03,-1.918172465901845508e-02,-2.094481640355448822e-03,-2.406316244287070531e-03,4.704602126163339544e-04,2.448807071138015944e-03
2.117446388792491949e-03,-1.922195921904315888e-02,-2.098908751137595723e-03,-2.408196673921076530e-03,4.717085046365143697e-04,2.451996844555744473e-03
2.121725674164080117e-03,-1.926089457348593298e-02,-2.103193435115433864e-03,-2.409886786833733991e-03,4.729274790557749146e-04,2.455206542106352571e-03
2.125866275459143903e-03,-1.929856673808313591e-02,-2.107339629474150062e-03,-2.411391582957809771e-03,4.741179807826689211e-04,2.458440323450045498e-03
2.129872035585904985e-03,-1.933501073181991686e-02,-2.111351162741918492e-03,-2.412716133322148539e-03,4.752808291363164249e-04,2.461701980604423350e-03
2.133746691122065560e-03,-1.937026060451574674e-02,-2.115231757788684202e-03,-2.413865573801433299e-03,4.764168187739669345e-04,2.464994961272450828e-03
2.137493875255867207e-03,-1.940434946364464827e-02,-2.118985034742746319e-03,-2.414845098310048135e-03,4.775267206005593475e-04,2.468322391389234181e-03
2.141117120644863998e-03,-1.943730950041581973e-02,-2.122614513826415975e-03,-2.415659951463919493e-03,4.786112826500855629e-04,2.471687096776418232e-03
2.144619862198394664e-03,-1.946917201513153825e-02,-2.126123618112883522e-03,-2.416315420717549817e-03,4.796712309451377785e-04,2.475091623799451773e-03
2.148005439780358971e-03,-1.949996744184083475e-02,-2.129515676208071535e-03,-2.416816827967138443e-03,4.807072703293584844e-04,2.478538258919974618e-03
2.151277100838602276e-03,-1.952972537231542627e-02,-2.132793924857329191e-03,-2.417169520602333640e-03,4.817200852761020866e-04,2.482029047035716647e-03
2.154438002960799414e-03,-1.955847457935818226e-02,-2.135961511480834706e-03,-2.417378861960131284e-03,4.827103406662929365e-04,2.485565808491465526e-03
2.157491216360573651e-03,-1.958624303946875089e-02,-2.139021496638826916e-03,-2.417450221125404253e-03,4.836786825414775737e-04,2.489150154641935411e-03
2.160439726293996408e-03,-1.961305795488079914e-02,-2.141976856428444518e-03,-2.417388961989762504e-03,4.846257388236513224e-04,2.492783501830984471e-03
2.163286435409820119e-03,-1.963894577498996596e-02,-2.144830484814795862e-03,-2.417200431466675747e-03,4.855521200021050842e-04,2.496467083639561466e-03
2.166034166034015371e-03,-1.966393221718838735e-02,-2.147585195897602425e-03,-2.416889946720296532e-03,4.864584197882251197e-04,2.500201961230681062e-03
2.168685662391840654e-03,-1.968804228712302956e-02,-2.150243726114960292e-03,-2.416462781242475089e-03,4.873452157291937627e-04,2.503989031597400345e-03
2.171243592768312084e-03,-1.971130029839372744e-02,-2.152808736386456132e-03,-2.415924149571096677e-03,4.882130697800963429e-04,2.507829033490480836e-03
2.173710551608254871e-03,-1.973372989170369199e-02,-2.155282814197300844e-03,-2.415279190403758509e-03,4.890625288312815686e-04,2.511722550758431136e-03
2.176089061559099373e-03,-1.975535405348421633e-02,-2.157668475624629698e-03,-2.414532947811021124e-03,4.898941251782830452e-04,2.515670012795725649e-03
2.178381575456854111e-03,-1.977619513400013726e-02,-2.159968167307886686e-03,-2.413690350204036363e-03,4.907083769392618861e-04,2.519671691735752683e-03
2.180590478256626621e-03,-1.979627486495562361e-02,-2.162184268365026103e-03,-2.412756186643268391e-03,4.915057883981841305e-04,2.523727695968973773e-03
2.182718088910988972e-03,-1.981561437661406855e-02,-2.164319092255437282e-03,-2.411735080015970766e-03,4.922868502736908475e-04,2.527837959487750329e-03
2.184766662194623666e-03,-1.983423421444127643e-02,-2.166374888592276574e-03,-2.410631456524193333e-03,4.930520398975266972e-04,2.532002226480563247e-03
2.186738390480723847e-03,-1.985215435529071731e-02,-2.168353844903381233e-03,-2.409449510840583949e-03,4.938018212885049614e-04,2.536220030504839160e-03
2.188635405466037021e-03,-1.986939422313991135e-02,-2.170258088344948107e-03,-2.408193166201435739e-03,4.945366451056137404e-04,2.540490667454337742e-03
2.190459779849840589e-03,-1.988597270438995784e-02,-2.172089687367154826e-03,-2.406866028586897733e-03,4.952569484594499926e-04,2.544813161423223249e-03
2.192213528965070678e-03,-1.990190816274491070e-02,-2.173850653334186405e-03,-2.405471334049373404e-03,4.959631545602301555e-04,2.549186222439515752e-03
2.193898612366480556e-03,-1.991721845367499383e-02,-2.175542942098815553e-03,-2.404011888114027801e-03,4.966556721709657323e-04,2.553608194896675801e-03
2.195516935371814079e-03,-1.993192093848431684e-02,-2.177168455534748536e-03,-2.402489996087738174e-03,4.973348948378857482e-04,2.558076995377796953e-03
2.197070350563424396e-03,-1.994603249798546085e-02,-2.178729043025686655e-03,-2.400907382989009298e-03,4.980011998604138949e-04,2.562590038421983917e-03
2.198560659246498114e-03,-1.995956954579691453e-02,-2.180226502913481211e-03,-2.399265101752843816e-03,4.986549469557102028e-04,2.567144148666197345e-03
2.199989612867230340e-03,-1.997254804127346003e-02,-2.181662583906686468e-03,-2.397563428315593187e-03,4.992964765755352049e-04,2.571735457709200742e-03
2.201358914392530924e-03,-1.998498350207690566e-02,-2.183038986449905693e-03,-2.395801742226105150e-03,4.999261078225601630e-04,2.576359284010716275e-03
2.202670219650894583e-03,-1.999689101640122688e-02,-2.184357364055484162e-03,-2.393978391566563627e-03,5.005441359116344965e-04,2.581009994221516307e-03
2.203925138635781482e-03,-2.000828525485665033e-02,-2.185619324598505383e-03,-2.392090541260794793e-03,5.011508291173189748e-04,2.585680844554687392e-03
2.205125236775133408e-03,-2.001918048202695408e-02,-2.186826431575607937e-03,-2.390134004370510819e-03,5.017464251592349293e-04,2.590363801245770294e-03
2.206272036162004822e-03,-2.002959056770612159e-02,-2.187980205330196382e-03,-2.388103056805156426e-03,5.023311269721173486e-04,2.595049339900499120e-03
2.207367016755321099e-03,-2.003952899782393549e-02,-2.189082124242280273e-03,-2.385990237105200217e-03,5.029050978242776467e-04,2.599726224686497392e-03
2.208411617544838151e-03,-2.004900888506993065e-02,-2.190133625886727785e-03,-2.383786134741210094e-03,5.034684557835858660e-04,2.604381270039192627e-03
2.209407237684084258e-03,-2.005804297922205576e-02,-2.191136108159199257e-03,-2.381479172800863176e-03,5.040212675425148397e-04,2.608999089966342836e-03
2.210355237593282507e-03,-2.006664367718995548e-02,-2.192090930370632369e-03,-2.379055394184156815e-03,5.045635416950251806e-04,2.613561843286726829e-03
2.211256940030314425e-03,-2.007482303278220262e-02,-2.192999414312493331e-03,-2.376498264540226422e-03,5.050952216151418208e-04,2.618048987375552403e-03
2.212113631133483076e-03,-2.008259276619969724e-02,-2.193862845291077567e-03,-2.373788510219587873e-03,5.056161781927362474e-04,2.622437058227856162e-03
2.212926561434279751e-03,-2.008996427326942974e-02,-2.194682473134969454e-03,-2.370904015283998960e-03,5.061262028149774578e-04,2.626699500810115301e-03
2.213696946842439763e-03,-2.009694863442081786e-02,-2.195459513173785883e-03,-2.367819807772494033e-03,5.066250011175221129e-04,2.630806580395595590e-03
2.214425969604514200e-03,-2.010355662341476238e-02,-2.196195147189963521e-03,-2.364508171165700078e-03,5.071121882079216792e-04,2.634725412159815913e-03
2.215114779234854826e-03,-2.010979871583018150e-02,-2.196890524344703027e-03,-2.360938921135910095e-03,5.075872862167621954e-04,2.638420151527991805e-03
2.215764493421967622e-03,-2.011568509731713125e-02,-2.197546762077552847e-03,-2.357079888460929598e-03,5.080497251620249384e-04,2.641852389933581607e-03
2.216376198908653374e-03,-2.012122567161878095e-02,-2.198164946982584644e-03,-2.352897644243444678e-03,5.084988481612623835e-04,2.644981797426524360e-03
2.216950952349133665e-03,-2.012643006837522980e-02,-2.198746135658793347e-03,-2.348358491043349688e-03,5.089339219696230841e-04,2.647767042626919445e-03
2.217489781141205110e-03,-2.013130765070802325e-02,-2.199291355538281461e-03,-2.343429721316023576e-03,5.093541535465083555e-04,2.650166999673143984e-03
2.217993684236653582e-03,-2.013586752259584334e-02,-2.199801605690723198e-03,-2.338081112279788865e-03,5.097587129173245879e-04,2.652142220363503614e-03
2.218463632928319509e-03,-2.014011853604758331e-02,-2.200277857606614679e-03,-2.332286585960808342e-03,5.101467618933436124e-04,2.653656609195724578e-03
2.218900571615527260e-03,-2.014406929807354557e-02,-2.200721055957904643e-03,-2.326025920006739422e-03,5.105174873889119355e-04,2.654679194411579783e-03
2.219305418549020071e-03,-2.014772817746799533e-02,-2.201132119338302003e-03,-2.319286357494498678e-03,5.108701371942236122e-04,2.655185847820779304e-03
2.219679066554642016e-03,-2.015110331140020777e-02,-2.201511940983173939e-03,-2.312063942922897367e-03,5.112040553295902137e-04,2.655160780723800004e-03
2.220022383737787954e-03,-2.015420261182506237e-02,-2.201861389468799061e-03,-2.304364416572052179e-03,5.115187137424974818e-04,2.654597642796565401e-03
2.220336214167282704e-03,-2.015703377171603611e-02,-2.202181309393768955e-03,-2.296203535487399347e-03,5.118137372285649390e-04,2.653500081283022023e-03
2.220621378541396459e-03,-2.015960427112538367e-02,-2.202472522040269543e-03,-2.287606753880322939e-03,5.120889191424769261e-04,2.651881677639958499e-03
2.220878674834781720e-03,-2.016192138307693407e-02,-2.202735826017745025e-03,-2.278608277596666683e-03,5.123442266136403684e-04,2.649765257820752701e-03
2.221108878928337079e-03,-2.016399217929492477e-02,-2.202971997888839017e-03,-2.269249589293571064e-03,5.125797953330224086e-04,2.647181654123624810e-03
2.221312745220937503e-03,-2.016582353577513892e-02,-2.203181792777741694e-03,-2.259577605200813969e-03,5.127959152690719303e-04,2.644168063169098984e-03
2.221491007223852943e-03,-2.016742213820239132e-02,-2.203365944962375807e-03,-2.249642657888715341e-03,5.129930096209169097e-04,2.640766182667305013e-03
2.221644378141013343e-03,-2.016879448721677764e-02,-2.203525168449387266e-03,-2.239496498283471016e-03,5.131716097667509639e-04,2.637020314164381044e-03
2.221773551429866850e-03,-2.016994690353492853e-02,-2.203660157534200175e-03,-2.229190479327897503e-03,5.133323289295721892e-04,2.632975593877437751e-03
2.221879201350496127e-03,-2.017088553292909273e-02,-2.203771587344690447e-03,-2.218774034424028912e-03,5.134758368476909692e-04,2.628676469335282373e-03
2.221961983495300552e-03,-2.017161635106863235e-02,-2.203860114371224057e-03,-2.208293509124526453e-03,5.136028370805592125e-04,2.624165488248644557e-03
2.222022535308472175e-03,-2.017214516822857587e-02,-2.203926376980358537e-03,-2.197791355325010455e-03,5.137140479037049503e-04,2.619482418561808711e-03
2.222061476587978285e-03,-2.017247763386589843e-02,-2.203970995915739174e-03,-2.187305660040090791e-03,5.138101871170072882e-04,2.614663681729735741e-03
2.222079409975004100e-03,-2.017261924106992371e-02,-2.203994574784616522e-03,-2.176869957871227328e-03,5.138919606464878572e-04,2.609742057469928087e-03
2.222076921429813872e-03,-2.017257533089081636e-02,-2.203997700531014781e-03,-2.166513266257696566e-03,5.139600545258981657e-04,2.604746606735182726e-03
2.222054580693924586e-03,-2.017235109654686928e-02,-2.203980943896014649e-03,-2.156260282470338473e-03,5.140151296940288902e-04,2.599702757787488751e-03
2.222012941739870753e-03,-2.017195158751543260e-02,-2.203944859865135907e-03,-2.146131687523778701e-03,5.140578190203075760e-04,2.594632504743287025e-03
2.221952543209044281e-03,-2.017138171351093995e-02,-2.203889988103553948e-03,-2.136144511606757369e-03,5.140887260017097064e-04,2.589554675863711772e-03
2.221873908836675699e-03,-2.017064624835319606e-02,-2.203816853379085648e-03,-2.126312525914897562e-03,5.141084246538637137e-04,2.584485237927058345e-03
2.221777547865477678e-03,-2.016974983372794503e-02,-2.203725965973671840e-03,-2.116646635430871354e-03,5.141174602092796718e-04,2.579437611733297660e-03
2.221663955447264732e-03,-2.016869698284344883e-02,-2.203617822083837798e-03,-2.107155255454113904e-03,5.141163503198062671e-04,2.574422981416277494e-03
2.221533613034615186e-03,-2.016749208398734700e-02,-2.203492904209590920e-03,-2.097844661269177621e-03,5.141055865431648931e-04,2.569450586380731330e-03
2.221386988760578295e-03,-2.016613940398199675e-02,-2.203351681532654191e-03,-2.088719305296019100e-03,5.140856359537244232e-04,2.564527989402006544e-03
2.221224537808747131e-03,-2.016464309154752249e-02,-2.203194610284605736e-03,-2.079782099606370099e-03,5.140569427734961380e-04,2.559661317848056002e-03
2.221046702772660770e-03,-2.016300718056918823e-02,-2.203022134104642982e-03,-2.071034664074476641e-03,5.140199299504642902e-04,2.554855477341056412e-03
2.220853914005167188e-03,-2.016123559327646572e-02,-2.202834684387379970e-03,-2.062477541926166762e-03,5.139750006458248220e-04,2.550114338706214578e-03
2.220646589958443374e-03,-2.015933214333188311e-02,-2.202632680621398158e-03,-2.054110385315232462e-03,5.139225396081991510e-04,2.545440899988554544e-03
2.220425137514414182e-03,-2.015730053883668313e-02,-2.202416530718146088e-03,-2.045932113948659842e-03,5.138629144269621233e-04,2.540837425790363254e-03
2.220189952306412997e-03,-2.015514438525225008e-02,-2.202186631331749973e-03,-2.037941049881406008e-03,5.137964766625947692e-04,2.536305566376980455e-03
2.219941419031040350e-03,-2.015286718823957116e-02,-2.201943368170570028e-03,-2.030135031511277714e-03,5.137235628623831136e-04,2.531846458994259190e-03
2.219679911752702427e-03,-2.015047235642210277e-02,-2.201687116299052768e-03,-2.022511509597990816e-03,5.136444954692249510e-04,2.527460813718264247e-03
2.219405794198416049e-03,-2.014796320407082064e-02,-2.201418240432555500e-03,-2.015067627863109754e-03,5.135595836332670612e-04,2.523148985971194243e-03
2.219119420045519500e-03,-2.014534295371657457e-02,-2.201137095222994999e-03,-2.007800290449413775e-03,5.134691239366178175e-04,2.518911037613365527e-03
2.218821133200800377e-03,-2.014261473868688909e-02,-2.200844025537162640e-03,-2.000706218229165740e-03,5.133734010404549875e-04,2.514746788309145820e-03
2.218511268071714400e-03,-2.013978160557688621e-02,-2.200539366727378120e-03,-1.993781995692688047e-03,5.132726882661103928e-04,2.510655858639566224e-03
2.218190149831269012e-03,-2.013684651664787370e-02,-2.200223444894093636e-03,-1.987024109895895764e-03,5.131672481162247515e-04,2.506637706231482944e-03
2.217858094673955810e-03,-2.013381235216202964e-02,-2.199896577142144202e-03,-1.980428982734497301e-03,5.130573327455416549e-04,2.502691656003855000e-03
2.217515410065679527e-03,-2.013068191265168436e-02,-2.199559071829203412e-03,-1.973992997617485951e-03,5.129431843867234171e-04,2.498816925452180225e-03
2.217162394986728607e-03,-2.012745792112638488e-02,-2.199211228807473797e-03,-1.967712521446657922e-03,5.128250357392718497e-04,2.495012645764841351e-03
2.216799340166620766e-03,-2.012414302521713105e-02,-2.198853339659678600e-03,-1.961583922668550320e-03,5.127031103225434053e-04,2.491277879439795367e-03
2.216426528315309109e-03,-2.012073979926351855e-02,-2.198485687926310991e-03,-1.955603586041890565e-03,5.125776228032149877e-04,2.487611634963688215e-03
2.216044234344666415e-03,-2.011725074634118648e-02,-2.198108549329406448e-03,-1.949767924657826472e-03,5.124487792954406616e-04,2.484012879025054420e-03
2.215652725586239775e-03,-2.011367830023482947e-02,-2.197722191987741287e-03,-1.944073389667627964e-03,5.123167776412007471e-04,2.480480546661962410e-03
2.215252262001624409e-03,-2.011002482735568114e-02,-2.197326876627834873e-03,-1.938516478096742471e-03,5.121818076700027176e-04,2.477013549679317386e-03
2.214843096387549178e-03,-2.010629262860536004e-02,-2.196922856787729764e-03,-1.933093739059056453e-03,5.120440514451163067e-04,2.473610783613453858e-03
2.214425474574884499e-03,-2.010248394119032098e-02,-2.196510379016514830e-03,-1.927801778641357808e-03,5.119036834929693294e-04,2.470271133483384080e-03
2.213999635623109617e-03,-2.009860094038289427e-02,-2.196089683066670094e-03,-1.922637263675989073e-03,5.117608710217872413e-04,2.466993478521969235e-03
2.213565812008143254e-03,-2.009464574123650052e-02,-2.195661002082750866e-03,-1.917596924587558352e-03,5.116157741282279783e-04,2.463776696057134660e-03
2.213124229805780649e-03,-2.009062040025175883e-02,-2.195224562783564502e-03,-1.912677557473456500e-03,5.114685459950990163e-04,2.460619664676866759e-03
2.212675108868346514e-03,-2.008652691699672199e-02,-2.194780585640720722e-03,-1.907876025540393991e-03,5.113193330815912676e-04,2.457521266802034296e-03
2.212218662999367817e-03,-2.008236723568304627e-02,-2.194329285050657628e-03,-1.903189260015454489e-03,5.111682753046738019e-04,2.454480390756357162e-03
2.211755100121642458e-03,-2.007814324669787709e-02,-2.193870869502363014e-03,-1.898614260612744783e-03,5.110155062134293276e-04,2.451495932424653697e-03
2.211284622439034335e-03,-2.007385678809291488e-02,-2.193405541741794921e-03,-1.894148095639604755e-03,5.108611531605219578e-04,2.448566796562471476e-03
2.210807426597628279e-03,-2.006950964703336712e-02,-2.192933498929661683e-03,-1.889787901805476192e-03,5.107053374658112330e-04,2.445691897818754075e-03
2.210323703838393099e-03,-2.006510356120596791e-02,-2.192454932796430740e-03,-1.885530883781516998e-03,5.105481745756488502e-04,2.442870161520112587e-03
2.209833640148353619e-03,-2.006064022018813620e-02,-2.191970029792236936e-03,-1.881374313563509686e-03,5.103897742200776784e-04,2.440100524257270143e-03
2.209337416406305724e-03,-2.005612126677965013e-02,-2.191478971232777972e-03,-1.877315529671277385e-03,5.102302405653748839e-04,2.437381934309711378e-03
2.208835208524434837e-03,-2.005154829829767713e-02,-2.190981933441497106e-03,-1.873351936217555183e-03,5.100696723609381231e-04,2.434713351938927028e-03
2.208327187586514410e-03,-2.004692286783447269e-02,-2.190479087887165378e-03,-1.869481001873177489e-03,5.099081630896138599e-04,2.432093749573492007e-03
2.207813519981336511e-03,-2.004224648548196680e-02,-2.189970601318632325e-03,-1.865700258751648230e-03,5.097458011086997013e-04,2.429522111908555704e-03
2.207294367533837835e-03,-2.003752061952144767e-02,-2.189456635894532124e-03,-1.862007301230144286e-03,5.095826697937233746e-04,2.426997435937117750e-03
2.206769887630545372e-03,-2.003274669758137866e-02,-2.188937349310892885e-03,-1.858399784724864678e-03,5.094188476788857238e-04,2.424518730930214430e-03
2.206240233343388819e-03,-2.002792610776184951e-02,-2.188412894923683592e-03,-1.854875424431588152e-03,5.092544085949467225e-04,2.422085018373128142e-03
2.205705553548976700e-03,-2.002306019972830212e-02,-2.187883421869130617e-03,-1.851431994045609668e-03,5.090894218072219675e-04,2.419695331878412691e-03
2.205165993044571303e-03,-2.001815028577597425e-02,-2.187349075180233457e-03,-1.848067324466663936e-03,5.089239521536820634e-04,2.417348717075079589e-03
2.204621692661187446e-03,-2.001319764186323957e-02,-2.186809995899647533e-03,-1.844779302500385585e-03,5.087580601781674589e-04,2.415044231489668885e-03
2.204072789372922558e-03,-2.000820350861855570e-02,-2.186266321190495285e-03,-1.841565869560515475e-03,5.085918022683674853e-04,2.412780944421022075e-03
2.203519416404068482e-03,-2.000316909231637449e-02,-2.185718184442578954e-03,-1.838425020376931564e-03,5.084252307896924361e-04,2.410557936815695568e-03
2.202961703331815339e-03,-1.999809556582959197e-02,-2.185165715377471434e-03,-1.835354801716363848e-03,5.082583942216918962e-04,2.408374301152870454e-03
2.202399776187719850e-03,-1.999298406955260163e-02,-2.184609040148652315e-03,-1.832353311117190710e-03,5.080913372914752516e-04,2.406229141336544211e-03
2.201833757554696753e-03,-1.998783571230117184e-02,-2.184048281440698069e-03,-1.829418695641138633e-03,5.079241011101227540e-04,2.404121572602145335e-03
2.201263766662163619e-03,-1.998265157218629545e-02,-2.183483558564592534e-03,-1.826549150649649667e-03,5.077567233103168556e-04,2.402050721443873150e-03
2.200689919478326841e-03,-1.997743269746288242e-02,-2.182914987550623950e-03,-1.823742918596633162e-03,5.075892381811980937e-04,2.400015725557130136e-03
2.200112328800122273e-03,-1.997218010735717780e-02,-2.182342681238650436e-03,-1.820998287852364879e-03,5.074216768067681604e-04,2.398015733808463081e-03
2.199531104339035471e-03,-1.996689479287007060e-02,-2.181766749366445979e-03,-1.818313591547454904e-03,5.072540672060678107e-04,2.396049906224473856e-03
2.198946352807719471e-03,-1.996157771755712601e-02,-2.181187298653998897e-03,-1.815687206447087363e-03,5.070864344722505112e-04,2.394117414012232777e-03
2.198358177999023156e-03,-1.995622981828925821e-02,-2.180604432888196258e-03,-1.813117551852262612e-03,5.069188009155290754e-04,2.392217439603893953e-03
2.197766680869195095e-03,-1.995085200599113623e-02,-2.180018253001439390e-03,-1.810603088526899392e-03,5.067511862044735528e-04,2.390349176729951799e-03
2.197171959612144020e-03,-1.994544516635849904e-02,-2.179428857151844041e-03,-1.808142317657850107e-03,5.065836075153986760e-04,2.388511830525972060e-03
2.196574109737010894e-03,-1.994001016055729769e-02,-2.178836340798314883e-03,-1.805733779840933270e-03,5.064160796741046461e-04,2.386704617666914920e-03
2.195973224139213635e-03,-1.993454782590170504e-02,-2.178240796775256140e-03,-1.803376054096830945e-03,5.062486153131563792e-04,2.384926766536241052e-03
2.195369393173291633e-03,-1.992905897651467417e-02,-2.177642315363891717e-03,-1.801067756917788809e-03,5.060812250154014076e-04,2.383177517425492421e-03
2.194762704720147097e-03,-1.992354440396991097e-02,-2.177040984362727492e-03,-1.798807541342843956e-03,5.059139174750311484e-04,2.381456122769036367e-03
2.194153244254243469e-03,-1.991800487791568069e-02,-2.176436889155709039e-03,-1.796594096062431112e-03,5.057466996534308460e-04,2.379761847414705884e-03
2.193541094908801545e-03,-1.991244114668155873e-02,-2.175830112777705702e-03,-1.794426144553590893e-03,5.055795769361402792e-04,2.378093968924754192e-03
2.192926337538880950e-03,-1.990685393786808741e-02,-2.175220735978869707e-03,-1.792302444242861205e-03,5.054125533018159365e-04,2.376451777917506798e-03
2.192309050781478339e-03,-1.990124395892160086e-02,-2.174608837287581031e-03,-1.790221785701294650e-03,5.052456314838643095e-04,2.374834578441798513e-03
2.191689311115733139e-03,-1.989561189769079030e-02,-2.173994493070510910e-03,-1.788182991866123445e-03,5.050788131434123633e-04,2.373241688390049283e-03
2.191067192920213760e-03,-1.988995842296924221e-02,-2.173377777591658372e-03,-1.786184917289014183e-03,5.049120990393948967e-04,2.371672439942391127e-03
2.190442768528910993e-03,-1.988428418502417513e-02,-2.172758763069540175e-03,-1.784226447420643588e-03,5.047454892091989952e-04,2.370126180059652695e-03
2.189816108284934650e-03,-1.987858981610654552e-02,-2.172137519733146910e-03,-1.782306497915189542e-03,5.045789831468731499e-04,2.368602271002986145e-03
2.189187280592765593e-03,-1.987287593095218852e-02,-2.171514115875915023e-03,-1.780424013968305965e-03,5.044125799901137512e-04,2.367100090896670853e-03
2.188556351937146448e-03,-1.986714312726487602e-02,-2.170888617853665523e-03,-1.778577969818077777e-03,5.042462787285616850e-04,2.365619034335849063e-03
2.187923386830892877e-03,-1.986139198618942434e-02,-2.170261089972164853e-03,-1.776767374352782340e-03,5.040800792946685538e-04,2.364158518863998960e-03
2.187288447966385680e-03,-1.985562307276757602e-02,-2.169631594701885383e-03,-1.774991476847142353e-03,5.039139822857293576e-04,2.362718200387388737e-03
2.186651596299017068e-03,-1.984983693638581528e-02,-2.169000192782244950e-03,-1.773250468237721035e-03,5.037479758003482119e-04,2.361298705715102631e-03
2.186012891095502706e-03,-1.984403411120756397e-02,-2.168366943269596243e-03,-1.771546198781599616e-03,5.035820244558115392e-04,2.359902383107732697e-03
2.185372389980697137e-03,-1.983821511659425441e-02,-2.167731903583464993e-03,-1.769882704289762543e-03,5.034160623666423607e-04,2.358533857186426337e-03
2.184730148982657987e-03,-1.983238045751586909e-02,-2.167095129552413461e-03,-1.768266554243563913e-03,5.032499891030489149e-04,2.357200406123937265e-03
2.184086222576661976e-03,-1.982653062494856705e-02,-2.166456675457834394e-03,-1.766707039817962035e-03,5.030836686382662631e-04,2.355912183947344272e-03
2.183440663729210515e-03,-1.982066609626216905e-02,-2.165816594076327723e-03,-1.765216218813690265e-03,5.029169312431729143e-04,2.354682309169504537e-03
2.182793523938365930e-03,-1.981478733559668623e-02,-2.165174936722246823e-03,-1.763808833870448992e-03,5.027495782491451072e-04,2.353526839317766645e-03
2.182144853275276835e-03,-1.980889479422863822e-02,-2.164531753287555517e-03,-1.762502119962827858e-03,5.025813894848269771e-04,2.352464649279666781e-03
2.181494700423933664e-03,-1.980298891092657776e-02,-2.163887092280987294e-03,-1.761315516988031220e-03,5.024121331045641953e-04,2.351517229775773512e-03
2.180843112718639128e-03,-1.979707011229772662e-02,-2.163241000867051431e-03,-1.760270303125230839e-03,5.022415774025804514e-04,2.350708420709551796e-03
2.180190136181824750e-03,-1.979113881312454318e-02,-2.162593524902730203e-03,-1.759389164522195438e-03,5.020695041027118917e-04,2.350064092667219183e-03
2.179535815560532542e-03,-1.978519541669132575e-02,-2.161944708973676486e-03,-1.758695716670248977e-03,5.018957225257258048e-04,2.349611788443099151e-03
2.178880194361324137e-03,-1.977924031510358907e-02,-2.161294596429705339e-03,-1.758213992530822077e-03,5.017200839634642067e-04,2.349380335168178239e-03
2.178223314885376419e-03,-1.977327388959609911e-02,-2.160643229418412071e-03,-1.757967912012427638e-03,5.015424955453103018e-04,2.349399436428002089e-03
2.177565218260109001e-03,-1.976729651083469069e-02,-2.159990648919528876e-03,-1.757980746771527127e-03,5.013629328819848652e-04,2.349699252656556499e-03
2.176905944473788920e-03,-1.976130853920830474e-02,-2.159336894775949495e-03,-1.758274593494879752e-03,5.011814507737402322e-04,2.350309977108086795e-03
2.176245532406079989e-03,-1.975531032511400331e-02,-2.158682005725946935e-03,-1.758869867817038643e-03,5.009981913507468828e-04,2.351261413811181825e-03
2.175584019858029655e-03,-1.974930220923283575e-02,-2.158026019433803046e-03,-1.759784829862300753e-03,5.008133890872910497e-04,2.352582563118592318e-03
2.174921443583519107e-03,-1.974328452279861673e-02,-2.157368972518956211e-03,-1.761035151063150258e-03,5.006273722392181984e-04,2.354301219739455848e-03
2.174257839316208734e-03,-1.973725758786030668e-02,-2.156710900585858542e-03,-1.762633530471483358e-03,5.004405604139316229e-04,2.356443587516968835e-03
2.173593241800068389e-03,-1.973122171753511483e-02,-2.156051838250939989e-03,-1.764589367228667832e-03,5.002534581104563444e-04,2.359033914632909738e-03
2.172927684814966297e-03,-1.972517721625655432e-02,-2.155391819170722131e-03,-1.766908494275362153e-03,5.000666442455418623e-04,2.362094152413423808e-03
2.172261201203712962e-03,-1.971912438001405601e-02,-2.154730876068527284e-03,-1.769592976767234973e-03,4.998807578394732143e-04,2.365643640434109563e-03
2.171593822899314970e-03,-1.971306349658728807e-02,-2.154069040759108104e-03,-1.772640977085374004e-03,4.996964801928162770e-04,2.369698820193969976e-03
2.170925580947607493e-03,-1.970699484577309243e-02,-2.153406344175733990e-03,-1.776046686801979529e-03,4.995145140366288568e-04,2.374272979212504672e-03
2.170256505534468201e-03,-1.970091869960638453e-02,-2.152742816392768082e-03,-1.779800324531509523e-03,4.993355602528337656e-04,2.379376027010070282e-03
2.169586626007710770e-03,-1.969483532257526592e-02,-2.152078486650463394e-03,-1.783888197292525816e-03,4.991602928896429975e-04,2.385014304045751654e-03
2.168915970901641194e-03,-1.968874497182888234e-02,-2.151413383377474321e-03,-1.788292821851671273e-03,4.989893332509606023e-04,2.391190424309082730e-03
2.168244567958273455e-03,-1.968264789738218001e-02,-2.150747534214085023e-03,-1.792993101529294407e-03,4.988232238993858120e-04,2.397903151876292199e-03
2.167572444150550094e-03,-1.967654434231177335e-02,-2.150080966033030873e-03,-1.797964553152837323e-03,4.986624034392214602e-04,2.405147311385918626e-03
2.166899625702285899e-03,-1.967043454294890512e-02,-2.149413704961769707e-03,-1.803179578243455528e-03,4.985071829169395461e-04,2.412913732030296226e-03
2.166226138110430473e-03,-1.966431872906592229e-02,-2.148745776402050806e-03,-1.808607772119322525e-03,4.983577246549860274e-04,2.421189224340654367e-03
2.165552006163496204e-03,-1.965819712405779754e-02,-2.148077205051050764e-03,-1.814216264406763417e-03,4.982140242690947336e-04,2.429956588779252826e-03
2.164877253962461685e-03,-1.965206994511808219e-02,-2.147408014920124553e-03,-1.819970084438882283e-03,4.980758965239045436e-04,2.439194654930644003e-03
2.164201904938982401e-03,-1.964593740341165004e-02,-2.146738229354397051e-03,-1.825832545191665357e-03,4.979429655905284573e-04,2.448878349974095529e-03
2.163525981874983573e-03,-1.963979970424062360e-02,-2.146067871050137601e-03,-1.831765639717517630e-03,4.978146601443340143e-04,2.458978795083808806e-03
2.162849506919599287e-03,-1.963365704720689692e-02,-2.145396962073848907e-03,-1.837730444461505236e-03,4.976902136172202265e-04,2.469463428473194291e-03
2.162172501606509332e-03,-1.962750962637011334e-02,-2.144725523879601695e-03,-1.843687524338469665e-03,4.975686697806619126e-04,2.480296153973039069e-03
2.161494986872143382e-03,-1.962135763040068204e-02,-2.144053577325105188e-03,-1.849597334965814984e-03,4.974488936964723473e-04,2.491437514272058958e-03
2.160816983071098783e-03,-1.961520124272944990e-02,-2.143381142689180108e-03,-1.855420617943370504e-03,4.973295879469783430e-04,2.502844888232319889e-03
2.160138509993121333e-03,-1.960904064169157607e-02,-2.142708239686962664e-03,-1.861118785510705023e-03,4.972093139021557633e-04,2.514472711982028257e-03
2.159459586877957981e-03,-1.960287600066925803e-02,-2.142034887486290312e-03,-1.866654291249517268e-03,4.970865176612205205e-04,2.526272723713907358e-03
2.158780232430896912e-03,-1.959670748822714414e-02,-2.141361104722379251e-03,-1.871990983743619793e-03,4.969595601888159584e-04,2.538194232249754278e-03
2.158100464837888269e-03,-1.959053526824728816e-02,-2.140686909512524907e-03,-1.877094440250414191e-03,4.968267510338501445e-04,2.550184409413478858e-03
2.157420301779487421e-03,-1.958435950005726206e-02,-2.140012319470615924e-03,-1.881932277490620982e-03,4.966863849244002775e-04,2.562188606062677006e-03
2.156739760444699797e-03,-1.957818033855695389e-02,-2.139337351721187167e-03,-1.886474436687968085e-03,4.965367804413068535e-04,2.574150691264988702e-03
2.156058857545246812e-03,-1.957199793434082416e-02,-2.138662022912599710e-03,-1.890693440013942097e-03,4.963763198867770935e-04,2.586013413582667966e-03
2.155377609328143918e-03,-1.956581243381788279e-02,-2.137986349230499693e-03,-1.894564615677389770e-03,4.962034894173644566e-04,2.597718782804611659e-03
2.154696031588726642e-03,-1.955962397932584085e-02,-2.137310346410655707e-03,-1.898066289073472744e-03,4.960169184620524547e-04,2.609208469798953225e-03
2.154014139683561261e-03,-1.955343270924605331e-02,-2.136634029751064128e-03,-1.901179937730922229e-03,4.958154174271528838e-04,2.620424221522538264e-03
2.153331948541650255e-03,-1.954723875811067990e-02,-2.135957414124592217e-03,-1.903890308232462653e-03,4.955980127219986736e-04,2.631308287697303652e-03
2.152649472677605359e-03,-1.954104225671076875e-02,-2.135280513990194407e-03,-1.906185493866575584e-03,4.953639781364044129e-04,2.641803855289663605e-03
2.151966726201630029e-03,-1.953484333219948632e-02,-2.134603343404800364e-03,-1.908056972430437160e-03,4.951128616938679783e-04,2.651855486737870766e-03
2.151283722831948738e-03,-1.952864210819240179e-02,-2.133925916034242875e-03,-1.909499604318605189e-03,4.948445071676907999e-04,2.661409557869962028e-03
2.150600475904850591e-03,-1.952243870486578339e-02,-2.133248245164085562e-03,-1.910511591737534777e-03,4.945590695649368113e-04,2.670414691597144431e-03
2.149916998385871351e-03,-1.951623323905187293e-02,-2.132570343710177806e-03,-1.911094400540280531e-03,4.942570240021804595e-04,2.678822183701669735e-03
2.149233302879313603e-03,-1.951002582433025365e-02,-2.131892224229002368e-03,-1.911252646736353276e-03,4.939391675494552011e-04,2.686586417306852624e-03
2.148549401638961704e-03,-1.950381657112050873e-02,-2.131213898927364261e-03,-1.910993950187078044e-03,4.936066137680114076e-04,2.693665262834155083e-03
2.147865306577659630e-03,-1.949760558676644912e-02,-2.130535379672185859e-03,-1.910328758333704625e-03,4.932607798449205501e-04,2.700020460381611764e-03
2.147181029276002372e-03,-1.949139297562369963e-02,-2.129856678000073035e-03,-1.909270143044301035e-03,4.929033663993884163e-04,2.705617981445818283e-03
2.146496580992719120e-03,-1.948517883914115817e-02,-2.129177805126309699e-03,-1.907833573835396573e-03,4.925363302209623522e-04,2.710428366760599724e-03
2.145811972672715881e-03,-1.947896327594200380e-02,-2.128498771953538354e-03,-1.906036670838349772e-03,4.921618503834665178e-04,2.714427036744229780e-03
2.145127214955920396e-03,-1.947274638190148871e-02,-2.127819589081110692e-03,-1.903898940987933846e-03,4.917822883541035769e-04,2.717594570674410331e-03
2.144442318185979177e-03,-1.946652825022322786e-02,-2.127140266812448024e-03,-1.901441501009997186e-03,4.914001429122454240e-04,2.719916950289181286e-03
2.143757292417751512e-03,-1.946030897151300801e-02,-2.126460815164569682e-03,-1.898686790913401085e-03,4.910180008306673158e-04,2.721385763117384598e-03
2.143072147426892081e-03,-1.945408863385137202e-02,-2.125781243874171056e-03,-1.895658281821832949e-03,4.906384844606982839e-04,2.721998360495602332e-03
2.142386892715688294e-03,-1.944786732286212655e-02,-2.125101562407431723e-03,-1.892380182117480315e-03,4.902641974607674846e-04,2.721757965035025845e-03
2.141701537521619424e-03,-1.944164512178170323e-02,-2.124421779966158535e-03,-1.888877146000832695e-03,4.898976700397988070e-04,2.720673722244337529e-03
2.141016090824727439e-03,-1.943542211152429061e-02,-2.123741905495343373e-03,-1.885173988643368314e-03,4.895413051538406940e-04,2.718760691175051408e-03
2.140330561354287023e-03,-1.942919837074685505e-02,-2.123061947690688817e-03,-1.881295412137885511e-03,4.891973271229133101e-04,2.716039769332180380e-03
2.139644957596198525e-03,-1.942297397591115707e-02,-2.122381915005059575e-03,-1.877265746369657625e-03,4.888677341455902742e-04,2.712537547694930315e-03
2.138959287799577311e-03,-1.941674900134447018e-02,-2.121701815655335950e-03,-1.873108708753566535e-03,4.885542561202091188e-04,2.708286092542603208e-03
2.138273559983176579e-03,-1.941052351929833594e-02,-2.121021657628977160e-03,-1.868847186467403020e-03,4.882583190938569011e-04,2.703322651856071481e-03
2.137587781941784580e-03,-1.940429760000771109e-02,-2.120341448690557778e-03,-1.864503044370767037e-03,4.879810174800484576e-04,2.697689285360536059e-03
2.136901961252406744e-03,-1.939807131174449764e-02,-2.119661196387618955e-03,-1.860096961219316484e-03,4.877230950201730101e-04,2.691432418785940934e-03
2.136216105280402695e-03,-1.939184472087307140e-02,-2.118980908056883068e-03,-1.855648296093667269e-03,4.874849351683049328e-04,2.684602324593106642e-03
2.135530221185253340e-03,-1.938561789190314938e-02,-2.118300590830064604e-03,-1.851174986159543484e-03,4.872665613315397691e-04,2.677252533249207568e-03
2.134844315926798068e-03,-1.937939088754099190e-02,-2.117620251639162378e-03,-1.846693476006362961e-03,4.870676470394794946e-04,2.669439181055350847e-03
2.134158396269589773e-03,-1.937316376873909549e-02,-2.116939897222759170e-03,-1.842218677905304225e-03,4.868875358086948053e-04,2.661220302531405475e-03
2.133472468789561396e-03,-1.936693659474490736e-02,-2.116259534130590994e-03,-1.837763961417576697e-03,4.867252700955731581e-04,2.652655077343651739e-03
2.132786539878290741e-03,-1.936070942314744095e-02,-2.115579168729313318e-03,-1.833341169938644804e-03,4.865796284116824500e-04,2.643803043704737437e-03
2.132100615748332151e-03,-1.935448230992446034e-02,-2.114898807207562115e-03,-1.828960660994536584e-03,4.864491693474424995e-04,2.634723291999097917e-03
2.131414702438869102e-03,-1.934825530948613287e-02,-2.114218455580249047e-03,-1.824631366505771648e-03,4.863322809884391864e-04,2.625473654043036006e-03
2.130728805819698864e-03,-1.934202847471841458e-02,-2.113538119694073104e-03,-1.820360868796822278e-03,4.862272339712818479e-04,2.616109904817263358e-03
2.130042931596084956e-03,-1.933580185702548498e-02,-2.112857805231975385e-03,-1.816155487929028631e-03,4.861322362823014640e-04,2.606684994676055234e-03
2.129357085313106530e-03,-1.932957550637132843e-02,-2.112177517717614243e-03,-1.812020375975916323e-03,4.860454877917247092e-04,2.597248330901197853e-03
2.128671272361249388e-03,-1.932334947131721450e-02,-2.111497262519592810e-03,-1.807959614151038010e-03,4.859652325392742811e-04,2.587845128024329495e-03
2.127985497979253959e-03,-1.931712379906446939e-02,-2.110817044856105450e-03,-1.803976309271873406e-03,4.858898068100130953e-04,2.578515846568724817e-03
2.127299767258683267e-03,-1.931089853548906971e-02,-2.110136869798945845e-03,-1.800072686818149012e-03,4.858176812199739721e-04,2.569295739821963326e-03
2.126614085149046863e-03,-1.930467372517889399e-02,-2.109456742277271337e-03,-1.796250178870160757e-03,4.857474951899245163e-04,2.560214527923303490e-03
2.125928456459887268e-03,-1.929844941146961063e-02,-2.108776667082290154e-03,-1.792509506360351942e-03,4.856780824682610824e-04,2.551296218061828349e-03
2.125242885866363181e-03,-1.929222563648019459e-02,-2.108096648870210008e-03,-1.788850756339816330e-03,4.856084866124362213e-04,2.542559088938853469e-03
2.124557377911696736e-03,-1.928600244114460002e-02,-2.107416692166734062e-03,-1.785273456242994754e-03,4.855379656548454979e-04,2.534015857003098400e-03
2.123871937011839479e-03,-1.927977986524695084e-02,-2.106736801370127487e-03,-1.781776648350224959e-03,4.854659854234121691e-04,2.525674041372013776e-03
2.123186567458528948e-03,-1.927355794745214124e-02,-2.106056980754848675e-03,-1.778358968708863624e-03,4.853922012532877611e-04,2.517536543948924871e-03
2.122501273422579011e-03,-1.926733672533593317e-02,-2.105377234475144018e-03,-1.775018735566000205e-03,4.853164279741227342e-04,2.509602461153434116e-03
2.121816058957196657e-03,-1.926111623541683360e-02,-2.104697566568476154e-03,-1.771754052793699050e-03,4.852385981504640333e-04,2.501868143998062146e-03
2.121130928002012625e-03,-1.925489651318430112e-02,-2.104017980958376721e-03,-1.768562931072386940e-03,4.851587159993244109e-04,2.494328496934208276e-03
2.120445884385032103e-03,-1.924867759312734114e-02,-2.103338481457745369e-03,-1.765443395217108609e-03,4.850768285360522415e-04,2.486978145582254950e-03
2.119760931826833623e-03,-1.924245950876287553e-02,-2.102659071772196471e-03,-1.762393520665554193e-03,4.849929890153437508e-04,2.479811838359844388e-03
2.119076073942500679e-03,-1.923624229266161084e-02,-2.101979755502750985e-03,-1.759411434662700151e-03,4.849072493258001562e-04,2.472824469547509150e-03
2.118391314245827994e-03,-1.923002597647526651e-02,-2.101300536148541752e-03,-1.756495314867730908e-03,4.848196600207345668e-04,2.466011075236918849e-03
2.117706656150714507e-03,-1.922381059096065978e-02,-2.100621417110113808e-03,-1.753643387999558306e-03,4.847302703561631862e-04,2.459366829392321905e-03
2.117022102974731694e-03,-1.921759616600618795e-02,-2.099942401691995680e-03,-1.750853928515840085e-03,4.846391283197822421e-04,2.452887040022038150e-03
2.116337657941789845e-03,-1.921138273065445962e-02,-2.099263493105106744e-03,-1.748125257330736477e-03,4.845462806664567424e-04,2.446567145455156786e-03
2.115653324184316869e-03,-1.920517031312667794e-02,-2.098584694469666362e-03,-1.745455740565731708e-03,4.844517729473494095e-04,2.440402710722221896e-03
2.114969104746945022e-03,-1.919895894084470631e-02,-2.097906008817169293e-03,-1.742843788332636363e-03,4.843556495417904780e-04,2.434389424035736556e-03
2.114285002586977543e-03,-1.919274864045303688e-02,-2.097227439093688611e-03,-1.740287853551935379e-03,4.842579536858853989e-04,2.428523093369504109e-03
2.113601020578291783e-03,-1.918653943784123100e-02,-2.096548988161692825e-03,-1.737786430800366579e-03,4.841587275038629194e-04,2.422799643132711369e-03
2.112917161513337173e-03,-1.918033135816450338e-02,-2.095870658802364769e-03,-1.735338055191650193e-03,4.840580120341576799e-04,2.417215110935227920e-03
2.112233428105526542e-03,-1.917412442586328633e-02,-2.095192453717702793e-03,-1.732941301285424555e-03,4.839558472566745924e-04,2.411765644444459344e-03
2.111549822990550166e-03,-1.916791866468384870e-02,-2.094514375533609862e-03,-1.730594782026565913e-03,4.838522721238868482e-04,2.406447498327445207e-03
2.110866348729874709e-03,-1.916171409769689901e-02,-2.093836426800477300e-03,-1.728297147712528790e-03,4.837473245806801791e-04,2.401257031280977765e-03
2.110183007811752831e-03,-1.915551074731704218e-02,-2.093158609996806883e-03,-1.726047084989085732e-03,4.836410415957954792e-04,2.396190703139822274e-03
2.109499802653384219e-03,-1.914930863532059158e-02,-2.092480927530378319e-03,-1.723843315872352873e-03,4.835334591846784740e-04,2.391245072069547555e-03
2.108816735603608310e-03,-1.914310778286300307e-02,-2.091803381740068961e-03,-1.721684596796621471e-03,4.834246124306098452e-04,2.386416791835174831e-03
2.108133808943667142e-03,-1.913690821049566712e-02,-2.091125974898592945e-03,-1.719569717689748561e-03,4.833145355149884065e-04,2.381702609145162994e-03
2.107451024890351701e-03,-1.913070993818459867e-02,-2.090448709213216325e-03,-1.717497501071068872e-03,4.832032617350230609e-04,2.377099361070850007e-03
2.106768385596706223e-03,-1.912451298532344066e-02,-2.089771586828491432e-03,-1.715466801174808696e-03,4.830908235283515079e-04,2.372603972536605540e-03
2.106085893154370503e-03,-1.911831737075246965e-02,-2.089094609827488094e-03,-1.713476503097211261e-03,4.829772524950492769e-04,2.368213453878341684e-03
2.105403549594798106e-03,-1.911212311277243892e-02,-2.088417780233846680e-03,-1.711525521966085353e-03,4.828625794188034907e-04,2.363924898474146531e-03
2.104721356891595639e-03,-1.910593022915916400e-02,-2.087741100013191034e-03,-1.709612802132110627e-03,4.827468342870194491e-04,2.359735480434374533e-03
2.104039316961974718e-03,-1.909973873717831297e-02,-2.087064571074515387e-03,-1.707737316383186330e-03,4.826300463132011096e-04,2.355642452362754265e-03
2.103357431667628435e-03,-1.909354865360080727e-02,-2.086388195272166277e-03,-1.705898065179466171e-03,4.825122439551494209e-04,2.351643143172948373e-03
2.102675702816835576e-03,-1.908735999471421543e-02,-2.085711974407407267e-03,-1.704094075907651657e-03,4.823934549336598228e-04,2.347734955971704333e-03
2.101994132166082156e-03,-1.908117277633813308e-02,-2.085035910229439404e-03,-1.702324402157648830e-03,4.822737062548078596e-04,2.343915365996914867e-03
2.101312721421164272e-03,-1.907498701383626705e-02,-2.084360004437193180e-03,-1.700588123016662234e-03,4.821530242229547813e-04,2.340181918614652867e-03
2.100631472238798352e-03,-1.906880272212910232e-02,-2.083684258680455672e-03,-1.698884342383393019e-03,4.820314344640055774e-04,2.336532227370533964e-03
2.099950386227594345e-03,-1.906261991570600695e-02,-2.083008674561632155e-03,-1.697212188299536363e-03,4.819089619391610517e-04,2.332963972097049955e-03
2.099269464949815589e-03,-1.905643860863784692e-02,-2.082333253636738796e-03,-1.695570812301521813e-03,4.817856309642573327e-04,2.329474897072127734e-03
2.098588709922749682e-03,-1.905025881458806414e-02,-2.081657997416570989e-03,-1.693959388786613019e-03,4.816614652249258930e-04,2.326062809228412413e-03
2.097908122619450942e-03,-1.904408054682403539e-02,-2.080982907368444587e-03,-1.692377114398461091e-03,4.815364877931210732e-04,2.322725576414818530e-03
2.097227704470230100e-03,-1.903790381822751884e-02,-2.080307984916900197e-03,-1.690823207427859329e-03,4.814107211427941756e-04,2.319461125702592524e-03
2.096547456863841717e-03,-1.903172864130616912e-02,-2.079633231445244049e-03,-1.689296907230477228e-03,4.812841871651583805e-04,2.316267441741072432e-03
2.095867381148970848e-03,-1.902555502820420935e-02,-2.078958648296268339e-03,-1.687797473659625840e-03,4.811569071859864871e-04,2.313142565158785025e-03
2.095187478634541814e-03,-1.901938299071085844e-02,-2.078284236774064018e-03,-1.686324186514547843e-03,4.810289019747239036e-04,2.310084591009398548e-03
2.094507750591434719e-03,-1.901321254027194679e-02,-2.077609998144372069e-03,-1.684876345003242419e-03,4.809001917647342801e-04,2.307091667257674724e-03
2.093828198253695847e-03,-1.900704368799759764e-02,-2.076935933635864172e-03,-1.683453267220298959e-03,4.807707962638095469e-04,2.304161993311599089e-03
2.093148822818741064e-03,-1.900087644467401624e-02,-2.076262044441596830e-03,-1.682054289638110472e-03,4.806407346680355058e-04,2.301293818593682684e-03
2.092469625449204160e-03,-1.899471082076981815e-02,-2.075588331719359619e-03,-1.680678766612677972e-03,4.805100256752453691e-04,2.298485441150594638e-03
2.091790607273661534e-03,-1.898854682644648961e-02,-2.074914796593072507e-03,-1.679326069900939937e-03,4.803786874978356256e-04,2.295735206303333928e-03
2.091111769387344731e-03,-1.898238447156672115e-02,-2.074241440153411220e-03,-1.677995588194106319e-03,4.802467378753833352e-04,2.293041505334649129e-03
2.090433112853257169e-03,-1.897622376570167607e-02,-2.073568263459015914e-03,-1.676686726659515911e-03,4.801141940881823930e-04,2.290402774211013417e-03
2.089754638702739226e-03,-1.897006471814012898e-02,-2.072895267537662976e-03,-1.675398906498928690e-03,4.799810729643618043e-04,2.287817492342696275e-03
2.089076347937156124e-03,-1.896390733789615410e-02,-2.072222453385981402e-03,-1.674131564515541227e-03,4.798473908979143947e-04,2.285284181376608451e-03
2.088398241527631219e-03,-1.895775163371638330e-02,-2.071549821971667166e-03,-1.672884152694632896e-03,4.797131638547541392e-04,2.282801404023488811e-03
2.087720320416774650e-03,-1.895159761408738222e-02,-2.070877374233506211e-03,-1.671656137793731817e-03,4.795784073876817300e-04,2.280367762916281522e-03
2.087042585519157355e-03,-1.894544528724253357e-02,-2.070205111082264356e-03,-1.670447000945861045e-03,4.794431366429352179e-04,2.277981899502556310e-03
2.086365037721985005e-03,-1.893929466117049223e-02,-2.069533033401610607e-03,-1.669256237271818551e-03,4.793073663743114199e-04,2.275642492966397333e-03
2.085687677885950195e-03,-1.893314574362094452e-02,-2.068861142048878266e-03,-1.668083355504158989e-03,4.791711109515347134e-04,2.273348259178437514e-03
2.085010506845964492e-03,-1.892699854211017663e-02,-2.068189437855563664e-03,-1.666927877619063698e-03,4.790343843706486261e-04,2.271097949678680446e-03
2.084333525411923450e-03,-1.892085306392976563e-02,-2.067517921628373063e-03,-1.665789338481431237e-03,4.788972002619825536e-04,2.268890350685209573e-03
2.083656734369291209e-03,-1.891470931615129789e-02,-2.066846594149622952e-03,-1.664667285496744184e-03,4.787595719032451810e-04,2.266724282130889306e-03
2.082980134479967861e-03,-1.890856730563243368e-02,-2.066175456178024998e-03,-1.663561278273259069e-03,4.786215122248678650e-04,2.264598596726766569e-03
2.082303726482486773e-03,-1.890242703902408547e-02,-2.065504508449533469e-03,-1.662470888293656824e-03,4.784830338211360293e-04,2.262512179051386074e-03
2.081627511093462213e-03,-1.889628852277443552e-02,-2.064833751677464056e-03,-1.661395698595245643e-03,4.783441489582354622e-04,2.260463944666771773e-03
2.080951489007050285e-03,-1.889015176313652011e-02,-2.064163186553850862e-03,-1.660335303458329624e-03,4.782048695834195174e-04,2.258452839255933181e-03
2.080275660897131645e-03,-1.888401676617146308e-02,-2.063492813749166245e-03,-1.659289308103287014e-03,4.780652073313157013e-04,2.256477837788433902e-03
2.079600027416318372e-03,-1.887788353775540426e-02,-2.062822633913676939e-03,-1.658257328397066488e-03,4.779251735342343751e-04,2.254537943704596707e-03
2.078924589197315292e-03,-1.887175208358366288e-02,-2.062152647677745025e-03,-1.657238990563733583e-03,4.777847792285097117e-04,2.252632188126843168e-03
2.078249346853230928e-03,-1.886562240917685762e-02,-2.061482855652267687e-03,-1.656233930908718828e-03,4.776440351637304305e-04,2.250759629089212326e-03
2.077574300979097982e-03,-1.885949451988413322e-02,-2.060813258429034130e-03,-1.655241795544322480e-03,4.775029518073333986e-04,2.248919350790102960e-03
2.076899452150277828e-03,-1.885336842088949916e-02,-2.060143856582080397e-03,-1.654262240127671313e-03,4.773615393556425446e-04,2.247110462866229365e-03
2.076224800924893459e-03,-1.884724411721574316e-02,-2.059474650667201916e-03,-1.653294929601970518e-03,4.772198077382687129e-04,2.245332099685768378e-03
2.075550347843839894e-03,-1.884112161372915664e-02,-2.058805641222876369e-03,-1.652339537947779486e-03,4.770777666240707702e-04,2.243583419660708910e-03
2.074876093430893034e-03,-1.883500091514225816e-02,-2.058136828770833118e-03,-1.651395747937306219e-03,4.769354254324657317e-04,2.241863604579870297e-03
2.074202038193315514e-03,-1.882888202602151992e-02,-2.057468213816503362e-03,-1.650463250900175002e-03,4.767927933347530052e-04,2.240171858958542317e-03
2.073528182622153340e-03,-1.882276495078743367e-02,-2.056799796849344102e-03,-1.649541746490948077e-03,4.766498792630082643e-04,2.238507409408723326e-03
2.072854527193515248e-03,-1.881664969372158144e-02,-2.056131578343206763e-03,-1.648630942465204073e-03,4.765066919172093133e-04,2.236869504023999890e-03
2.072181072368130782e-03,-1.881053625896855416e-02,-2.055463558756827694e-03,-1.647730554461539210e-03,4.763632397683763156e-04,2.235257411782748567e-03
2.071507818591681194e-03,-1.880442465054085396e-02,-2.054795738534734989e-03,-1.646840305788941803e-03,4.762195310670558931e-04,2.233670421969596084e-03
2.070834766296085743e-03,-1.879831487232276610e-02,-2.054128118106788789e-03,-1.645959927220194728e-03,4.760755738482621603e-04,2.232107843609660094e-03
2.070161915899089260e-03,-1.879220692807275980e-02,-2.053460697889172241e-03,-1.645089156790423062e-03,4.759313759368735577e-04,2.230569004921101241e-03
2.069489267804815961e-03,-1.878610082142771059e-02,-2.052793478284617446e-03,-1.644227739601335529e-03,4.757869449528169645e-04,2.229053252781561245e-03
2.068816822404342774e-03,-1.877999655590609912e-02,-2.052126459682829598e-03,-1.643375427631524029e-03,4.756422883169300880e-04,2.227559952209922072e-03
2.068144580076201541e-03,-1.877389413491114059e-02,-2.051459642460826127e-03,-1.642531979549943354e-03,4.754974132559469505e-04,2.226088485863313322e-03
2.067472541186117074e-03,-1.876779356173493771e-02,-2.050793026983129680e-03,-1.641697160536549453e-03,4.753523268079325073e-04,2.224638253545459503e-03
2.066800706088083549e-03,-1.876169483956002110e-02,-2.050126613602218286e-03,-1.640870742106211337e-03,4.752070358257340951e-04,2.223208671731495903e-03
2.066129075124443441e-03,-1.875559797146378327e-02,-2.049460402658839775e-03,-1.640052501938114035e-03,4.750615469831033803e-04,2.221799173104713285e-03
2.065457648625803385e-03,-1.874950296042047354e-02,-2.048794394482619796e-03,-1.639242223710073642e-03,4.749158667799401024e-04,2.220409206106957901e-03
2.064786426911710288e-03,-1.874340980930443504e-02,-2.048128589392041437e-03,-1.638439696935419963e-03,4.747700015453232324e-04,2.219038234498831377e-03
2.064115410290647858e-03,-1.873731852089249514e-02,-2.047462987694907526e-03,-1.637644716807535586e-03,4.746239574425506155e-04,2.217685736936556105e-03
2.063444599061706707e-03,-1.873122909786753207e-02,-2.046797589688152414e-03,-1.636857084044984539e-03,4.744777404728560497e-04,2.216351206556966061e-03
2.062773993512504855e-03,-1.872514154282041779e-02,-2.046132395659174680e-03,-1.636076604744390395e-03,4.743313564806817613e-04,2.215034150575551433e-03
2.062103593921352229e-03,-1.871905585825228008e-02,-2.045467405885198313e-03,-1.635303090233545089e-03,4.741848111580793438e-04,2.213734089894899004e-03
2.061433400557168699e-03,-1.871297204657800320e-02,-2.044802620633572824e-03,-1.634536356931438851e-03,4.740381100460057590e-04,2.212450558725574407e-03
2.060763413678723399e-03,-1.870689011012762609e-02,-2.044138040162911223e-03,-1.633776226211044883e-03,4.738912585427287232e-04,2.211183104215249523e-03
2.060093633536176898e-03,-1.870081005114906242e-02,-2.043473664722377046e-03,-1.633022524265194224e-03,4.737442619018098736e-04,2.209931286090024549e-03
2.059424060370840508e-03,-1.869473187181071999e-02,-2.042809494552403401e-03,-1.632275081977086883e-03,4.735971252425250359e-04,2.208694676305058158e-03
2.058754694415544043e-03,-1.868865557420338469e-02,-2.042145529884619674e-03,-1.631533734793416549e-03,4.734498535456372454e-04,2.207472858704283714e-03
2.058085535894455843e-03,-1.868258116034170191e-02,-2.041481770942626516e-03,-1.630798322601509668e-03,4.733024516644980008e-04,2.206265428691254592e-03
2.057416585023393290e-03,-1.867650863216768070e-02,-2.040818217941959851e-03,-1.630068689609831837e-03,4.731549243241616343e-04,2.205071992906034156e-03
2.056747842011005020e-03,-1.867043799155195666e-02,-2.040154871089827193e-03,-1.629344684230973330e-03,4.730072761249539087e-04,2.203892168915760116e-03
2.056079307057397890e-03,-1.866436924029563765e-02,-2.039491730586303741e-03,-1.628626158968482680e-03,4.728595115467030077e-04,2.202725584908852251e-03
2.055410980355871706e-03,-1.865830238013192754e-02,-2.038828796623615072e-03,-1.627912970306799123e-03,4.727116349514311222e-04,2.201571879401305071e-03
2.054742862092077006e-03,-1.865223741272983848e-02,-2.038166069386976309e-03,-1.627204978603127286e-03,4.725636505871550126e-04,2.200430700948604028e-03
2.054074952444590561e-03,-1.864617433969327498e-02,-2.037503549054410848e-03,-1.626502047983870722e-03,4.724155625894764792e-04,2.199301707868121618e-03
2.053407251585025097e-03,-1.864011316256487805e-02,-2.036841235797383527e-03,-1.625804046242951099e-03,4.722673749860610928e-04,2.198184567967310498e-03
2.052739759678644249e-03,-1.863405388282629929e-02,-2.036179129780402944e-03,-1.625110844741148699e-03,4.721190916973530094e-04,2.197078958280454866e-03
2.052072476884320932e-03,-1.862799650190211445e-02,-2.035517231161308553e-03,-1.624422318313165038e-03,4.719707165415037531e-04,2.195984564810826798e-03
2.051405403354038606e-03,-1.862194102115833153e-02,-2.034855540092178356e-03,-1.623738345170467083e-03,4.718222532362090714e-04,2.194901082284013774e-03
2.050738539234183647e-03,-1.861588744190634942e-02,-2.034194056718636318e-03,-1.623058806812033988e-03,4.716737054016529782e-04,2.193828213904216486e-03
2.050071884664579971e-03,-1.860983576540465798e-02,-2.033532781180455613e-03,-1.622383587936480779e-03,4.715250765619010613e-04,2.192765671117608266e-03
2.049405439779614438e-03,-1.860378599285732182e-02,-2.032871713611706516e-03,-1.621712576353076356e-03,4.713763701485293618e-04,2.191713173386614609e-03
2.048739204708085928e-03,-1.859773812541919494e-02,-2.032210854140614580e-03,-1.621045662900369357e-03,4.712275895031325132e-04,2.190670447963616319e-03
2.048073179573053990e-03,-1.859169216419533435e-02,-2.031550202890253232e-03,-1.620382741363302634e-03,4.710787378787375406e-04,2.189637229676723307e-03
2.047407364492823730e-03,-1.858564811024242952e-02,-2.030889759977875034e-03,-1.619723708393796960e-03,4.709298184429943431e-04,2.188613260719259393e-03
2.046741759579509892e-03,-1.857960596457053706e-02,-2.030229525516198414e-03,-1.619068463433667943e-03,4.707808342798120251e-04,2.187598290443871010e-03
2.046076364941134575e-03,-1.857356572814429160e-02,-2.029569499612422345e-03,-1.618416908638794973e-03,4.706317883914511364e-04,2.186592075165038045e-03
2.045411180680248991e-03,-1.856752740188353720e-02,-2.028909682369148346e-03,-1.617768948806146828e-03,4.704826837021666448e-04,2.185594377964823840e-03
2.044746206894942214e-03,-1.856149098666664068e-02,-2.028250073884044387e-03,-1.617124491304009577e-03,4.703335230578608293e-04,2.184604968505104820e-03
2.044081443678504202e-03,-1.855545648332889916e-02,-2.027590674250228688e-03,-1.616483445999617602e-03,4.701843092295173820e-04,2.183623622845434504e-03
2.043416891119477410e-03,-1.854942389266549946e-02,-2.026931483556630980e-03,-1.615845725194238513e-03,4.700350449157432659e-04,2.182650123263698248e-03
2.042752549302761372e-03,-1.854339321543188243e-02,-2.026272501887207977e-03,-1.615211243556242526e-03,4.698857327428812005e-04,2.181684258085138470e-03
2.042088418308429625e-03,-1.853736445234592176e-02,-2.025613729322000688e-03,-1.614579918057970674e-03,4.697363752691132593e-04,2.180725821513795903e-03
2.041424498212204581e-03,-1.853133760408697331e-02,-2.024955165937092783e-03,-1.613951667912952997e-03,4.695869749834650293e-04,2.179774613468068653e-03
2.040760789086677480e-03,-1.852531267129878256e-02,-2.024296811804299212e-03,-1.613326414515331778e-03,4.694375343103661456e-04,2.178830439423843322e-03
2.040097290999334703e-03,-1.851928965459038318e-02,-2.023638666991751673e-03,-1.612704081382041691e-03,4.692880556097659751e-04,2.177893110258758910e-03
2.039434004014799469e-03,-1.851326855453546555e-02,-2.022980731563653149e-03,-1.612084594094435712e-03,4.691385411799247327e-04,2.176962442102573902e-03
2.038770928193331736e-03,-1.850724937167479156e-02,-2.022323005580574547e-03,-1.611467880242481660e-03,4.689889932564269117e-04,2.176038256191176710e-03
2.038108063592324395e-03,-1.850123210651696132e-02,-2.021665489099418265e-03,-1.610853869371798273e-03,4.688394140178622858e-04,2.175120378725545287e-03
2.037445410265296703e-03,-1.849521675953900990e-02,-2.021008182173594271e-03,-1.610242492929620092e-03,4.686898055835124932e-04,2.174208640731714170e-03
2.036782968262018743e-03,-1.848920333118755227e-02,-2.020351084853326280e-03,-1.609633684214127917e-03,4.685401700174830395e-04,2.173302877929484105e-03
2.036120737629573945e-03,-1.848319182187871390e-02,-2.019694197185465702e-03,-1.609027378323897887e-03,4.683905093295058237e-04,2.172402930599851012e-03
2.035458718411237589e-03,-1.847718223200023671e-02,-2.019037519213605705e-03,-1.608423512110387183e-03,4.682408254746319842e-04,2.171508643458968778e-03
2.034796910647635598e-03,-1.847117456191167337e-02,-2.018381050978203944e-03,-1.607822024129171821e-03,4.680911203575955954e-04,2.170619865536424584e-03
2.034135314376307388e-03,-1.846516881194525117e-02,-2.017724792516718737e-03,-1.607222854595237189e-03,4.679413958313974288e-04,2.169736450051779932e-03
2.033473929631570126e-03,-1.845916498240615655e-02,-2.017068743863863201e-03,-1.606625945337057746e-03,4.677916537014528394e-04,2.168858254302920806e-03
2.032812756445202210e-03,-1.845316307357517185e-02,-2.016412905051161598e-03,-1.606031239754606094e-03,4.676418957230699114e-04,2.167985139548072628e-03
2.032151794845839590e-03,-1.844716308570611835e-02,-2.015757276107545213e-03,-1.605438682775049003e-03,4.674921236073771168e-04,2.167116970899489025e-03
2.031491044859805827e-03,-1.844116501902971078e-02,-2.015101857059288602e-03,-1.604848220812671398e-03,4.673423390179196795e-04,2.166253617214093999e-03
2.030830506510472849e-03,-1.843516887375196145e-02,-2.014446647929957115e-03,-1.604259801728357337e-03,4.671925435757005732e-04,2.165394950991205662e-03
2.030170179818578842e-03,-1.842917465005702513e-02,-2.013791648740709608e-03,-1.603673374791176514e-03,4.670427388580014518e-04,2.164540848269353151e-03
2.029510064802837136e-03,-1.842318234810524924e-02,-2.013136859509909865e-03,-1.603088890638979143e-03,4.668929263992097328e-04,2.163691188529237499e-03
2.028850161478803864e-03,-1.841719196803626862e-02,-2.012482280254012171e-03,-1.602506301243186715e-03,4.667431076954165902e-04,2.162845854598176125e-03
2.028190469860641741e-03,-1.841120350996739916e-02,-2.011827910986621528e-03,-1.601925559870788322e-03,4.665932842001406446e-04,2.162004732556471569e-03
2.027530989959434350e-03,-1.840521697399687476e-02,-2.011173751719266042e-03,-1.601346621051519476e-03,4.664434573298168450e-04,2.161167711647873739e-03
2.026871721784460727e-03,-1.839923236020165123e-02,-2.010519802461329265e-03,-1.600769440542088636e-03,4.662936284626311139e-04,2.160334684190795898e-03
2.026212665342723516e-03,-1.839324966863959895e-02,-2.009866063219923130e-03,-1.600193975293696252e-03,4.661437989406846320e-04,2.159505545493394310e-03
2.025553820638922951e-03,-1.838726889935003717e-02,-2.009212534000144688e-03,-1.599620183420090262e-03,4.659939700697178001e-04,2.158680193770424680e-03
2.024895187676019337e-03,-1.838129005235280763e-02,-2.008559214805178458e-03,-1.599048024165267276e-03,4.658441431199464842e-04,2.157858530062600928e-03
2.024236766454864857e-03,-1.837531312765156022e-02,-2.007906105635889199e-03,-1.598477457873815309e-03,4.656943193295637719e-04,2.157040458158025666e-03
2.023578556974382249e-03,-1.836933812523114384e-02,-2.007253206491554833e-03,-1.597908445961184528e-03,4.655444999024687855e-04,2.156225884515346712e-03
2.022920559231529240e-03,-1.836336504505993797e-02,-2.006600517369483503e-03,-1.597340950883534717e-03,4.653946860099975567e-04,2.155414718190628524e-03
2.022262773221557026e-03,-1.835739388709029321e-02,-2.005948038265124595e-03,-1.596774936111574131e-03,4.652448787939824281e-04,2.154606870764425291e-03
2.021605198937864115e-03,-1.835142465125847236e-02,-2.005295769172241345e-03,-1.596210366101593519e-03,4.650950793633777452e-04,2.153802256271942269e-03
2.020947836372261747e-03,-1.834545733748430690e-02,-2.004643710082759048e-03,-1.595647206269325789e-03,4.649452887997664648e-04,2.153000791134324250e-03
2.020290685514443494e-03,-1.833949194567377136e-02,-2.003991860987179227e-03,-1.595085422963930149e-03,4.647955081542081085e-04,2.152202394093126383e-03
2.019633746353484503e-03,-1.833352847571763714e-02,-2.003340221873906122e-03,-1.594524983443587141e-03,4.646457384507520654e-04,2.151406986145725213e-03
2.018977018876117607e-03,-1.832756692749275274e-02,-2.002688792730165229e-03,-1.593965855849801107e-03,4.644959806846176505e-04,2.150614490481566731e-03
2.018320503067227295e-03,-1.832160730086154765e-02,-2.002037573541756103e-03,-1.593408009184051457e-03,4.643462358261539360e-04,2.149824832423142401e-03
2.017664198910902682e-03,-1.831564959567340278e-02,-2.001386564292640790e-03,-1.592851413284841842e-03,4.641965048183584468e-04,2.149037939364983711e-03
2.017008106389375863e-03,-1.830969381176429309e-02,-2.000735764965529302e-03,-1.592296038803877635e-03,4.640467885788407041e-04,2.148253740717409859e-03
2.016352225483860217e-03,-1.830373994895835577e-02,-2.000085175541547848e-03,-1.591741857186528605e-03,4.638970880015573289e-04,2.147472167849051594e-03
2.015696556173712101e-03,-1.829778800706639147e-02,-1.999434796000891090e-03,-1.591188840647465809e-03,4.637474039565618079e-04,2.146693154034423536e-03
2.015041098437393187e-03,-1.829183798588780718e-02,-1.998784626321877585e-03,-1.590636962152259430e-03,4.635977372890773924e-04,2.145916634399349342e-03
2.014385852251749254e-03,-1.828588988520983907e-02,-1.998134666481870929e-03,-1.590086195395223976e-03,4.634480888225754190e-04,2.145142545870111321e-03
2.013730817592191899e-03,-1.827994370480867312e-02,-1.997484916457075051e-03,-1.589536514781367390e-03,4.632984593594065867e-04,2.144370827122923148e-03
2.013075994433642223e-03,-1.827399944444949714e-02,-1.996835376222081456e-03,-1.588987895405799241e-03,4.631488496776667990e-04,2.143601418536933596e-03
2.012421382749297015e-03,-1.826805710388677492e-02,-1.996186045750549237e-03,-1.588440313036343582e-03,4.629992605371558855e-04,2.142834262144869325e-03
2.011766982510932323e-03,-1.826211668286471801e-02,-1.995536925015113996e-03,-1.587893744094423607e-03,4.628496926753544521e-04,2.142069301588106402e-03
2.011112793689900924e-03,-1.825617818111720941e-02,-1.994888013987056521e-03,-1.587348165637792689e-03,4.627001468111708303e-04,2.141306482071865438e-03
2.010458816255757120e-03,-1.825024159836835178e-02,-1.994239312636873502e-03,-1.586803555343126865e-03,4.625506236433576533e-04,2.140545750322301460e-03
2.009805050177742528e-03,-1.824430693433235287e-02,-1.993590820933408437e-03,-1.586259891489127331e-03,4.624011238520407989e-04,2.139787054542644472e-03
2.009151495423693642e-03,-1.823837418871501401e-02,-1.992942538844952316e-03,-1.585717152941742113e-03,4.622516480993573329e-04,2.139030344374477383e-03
2.008498151959988917e-03,-1.823244336121222775e-02,-1.992294466339016371e-03,-1.585175319135751545e-03,4.621021970278770745e-04,2.138275570855587438e-03
2.007845019752855023e-03,-1.822651445151164673e-02,-1.991646603381511116e-03,-1.584634370061477034e-03,4.619527712654637784e-04,2.137522686382529145e-03
2.007192098767358098e-03,-1.822058745929211465e-02,-1.990998949937814507e-03,-1.584094286248771948e-03,4.618033714203647840e-04,2.136771644672113418e-03
2.006539388967115787e-03,-1.821466238422464815e-02,-1.990351505972290554e-03,-1.583555048753492291e-03,4.616539980860721436e-04,2.136022400725629770e-03
2.005886890315416136e-03,-1.820873922597136124e-02,-1.989704271448449347e-03,-1.583016639140915564e-03,4.615046518388611044e-04,2.135274910792330817e-03
2.005234602774414419e-03,-1.820281798418752275e-02,-1.989057246328937087e-03,-1.582479039475246990e-03,4.613553332404281889e-04,2.134529132335126391e-03
2.004582526305372092e-03,-1.819689865852032462e-02,-1.988410430575678761e-03,-1.581942232303407874e-03,4.612060428365398457e-04,2.133785023996124554e-03
2.003930660868969912e-03,-1.819098124861011009e-02,-1.987763824149500844e-03,-1.581406200643507495e-03,4.610567811583456349e-04,2.133042545566038450e-03
2.003279006425117120e-03,-1.818506575408889922e-02,-1.987117427010561075e-03,-1.580870927971693906e-03,4.609075487221318975e-04,2.132301657948810526e-03
2.002627562932650027e-03,-1.817915217458289726e-02,-1.986471239118328506e-03,-1.580336398209091896e-03,4.607583460308613222e-04,2.131562323134392114e-03
2.001976330349742716e-03,-1.817324050971125607e-02,-1.985825260431488097e-03,-1.579802595711185184e-03,4.606091735732616740e-04,2.130824504165667026e-03
2.001325308634223626e-03,-1.816733075908623374e-02,-1.985179490907800631e-03,-1.579269505254817917e-03,4.604600318244764234e-04,2.130088165110846903e-03
2.000674497742557269e-03,-1.816142292231351027e-02,-1.984533930504810053e-03,-1.578737112027255507e-03,4.603109212471551289e-04,2.129353271034328723e-03
2.000023897630840396e-03,-1.815551699899348864e-02,-1.983888579178970466e-03,-1.578205401615294899e-03,4.601618422912150206e-04,2.128619787969390255e-03
1.999373508254968963e-03,-1.814961298872021234e-02,-1.983243436885957518e-03,-1.577674359994476333e-03,4.600127953942685557e-04,2.127887682890714210e-03
1.998723329569241682e-03,-1.814371089108095941e-02,-1.982598503581340169e-03,-1.577143973517621152e-03,4.598637809818277903e-04,2.127156923688911221e-03
1.998073361528236985e-03,-1.813781070565875439e-02,-1.981953779219424935e-03,-1.576614228906470872e-03,4.597147994677334526e-04,2.126427479144455193e-03
1.997423604085119073e-03,-1.813191243203043229e-02,-1.981309263754401674e-03,-1.576085113239877834e-03,4.595658512545829858e-04,2.125699318903477401e-03
1.996774057193175314e-03,-1.812601606976683294e-02,-1.980664957139616732e-03,-1.575556613944714170e-03,4.594169367332727981e-04,2.124972413453197605e-03
1.996124720804375117e-03,-1.812012161843433097e-02,-1.980020859328067342e-03,-1.575028718787374040e-03,4.592680562858676035e-04,2.124246734099244274e-03
1.995475594871171880e-03,-1.811422907759429116e-02,-1.979376970271666102e-03,-1.574501415863391969e-03,4.591192102809270228e-04,2.123522252942300435e-03
1.994826679344253052e-03,-1.810833844680313082e-02,-1.978733289922493879e-03,-1.573974693589274025e-03,4.589703990790382129e-04,2.122798942856201059e-03
1.994177974175056350e-03,-1.810244972561234414e-02,-1.978089818231333532e-03,-1.573448540693266062e-03,4.588216230303653531e-04,2.122076777466363074e-03
1.993529479312940861e-03,-1.809656291356848481e-02,-1.977446555149453208e-03,-1.572922946207613165e-03,4.586728824750745440e-04,2.121355731129114831e-03
1.992881194708195046e-03,-1.809067801021429708e-02,-1.976803500626643940e-03,-1.572397899459536917e-03,4.585241777439939782e-04,2.120635778911736814e-03
1.992233120310038345e-03,-1.808479501508720305e-02,-1.976160654612683313e-03,-1.571873390063939372e-03,4.583755091592631604e-04,2.119916896571622401e-03
1.991585256066984166e-03,-1.807891392772138436e-02,-1.975518017056873167e-03,-1.571349407915306881e-03,4.582268770332113546e-04,2.119199060538001691e-03
1.990937601927636556e-03,-1.807303474764637014e-02,-1.974875587907969771e-03,-1.570825943180174889e-03,4.580782816705684891e-04,2.118482247893150108e-03
1.990290157839638089e-03,-1.806715747438806391e-02,-1.974233367114370738e-03,-1.570302986290030532e-03,4.579297233662311039e-04,2.117766436353897986e-03
1.989642923750542872e-03,-1.806128210746826487e-02,-1.973591354623975384e-03,-1.569780527933762899e-03,4.577812024081397689e-04,2.117051604254396955e-03
1.988995899607497349e-03,-1.805540864640432092e-02,-1.972949550384202940e-03,-1.569258559050281353e-03,4.576327190754918848e-04,2.116337730528622223e-03
1.988349085356941066e-03,-1.804953709071147744e-02,-1.972307954342146941e-03,-1.568737070823563329e-03,4.574842736396174479e-04,2.115624794693892266e-03
1.987702480945130121e-03,-1.804366743989962996e-02,-1.971666566444650256e-03,-1.568216054673589972e-03,4.573358663644168506e-04,2.114912776835345225e-03
1.987056086318105506e-03,-1.803779969347675885e-02,-1.971025386637772960e-03,-1.567695502121868416e-03,4.571874985088947123e-04,2.114201657022659383e-03
1.986409901420940240e-03,-1.803193385094636544e-02,-1.970384414867778957e-03,-1.567175433336431487e-03,4.570391622234553849e-04,2.113491729609585316e-03
1.985763926198954969e-03,-1.802606991180913387e-02,-1.969743651080157164e-03,-1.566656007859444470e-03,4.568907879494702633e-04,2.112784807155734541e-03
1.985118160596977682e-03,-1.802020787556317047e-02,-1.969103095220017027e-03,-1.566137637315836387e-03,4.567421939679388232e-04,2.112085429951031899e-03
1.984472604559341536e-03,-1.801434774170287967e-02,-1.968462747232377786e-03,-1.565621072121037554e-03,4.565930510317372506e-04,2.111401746813746858e-03
1.983827258029978533e-03,-1.800848950971913748e-02,-1.967822607061923881e-03,-1.565107468662557373e-03,4.564428602011040776e-04,2.110746101499704191e-03
1.983182120953002388e-03,-1.800263317910136968e-02,-1.967182674652573002e-03,-1.564598443132011714e-03,4.562909431972594280e-04,2.110135356111186074e-03
1.982537193271637771e-03,-1.799677874933488728e-02,-1.966542949948550320e-03,-1.564096117523837079e-03,4.561364445842361771e-04,2.109590981014847211e-03
1.981892474929116722e-03,-1.799092621990306534e-02,-1.965903432893357193e-03,-1.563603162307847499e-03,4.559783449609181786e-04,2.109138939405058501e-03
1.981247965868183393e-03,-1.798507559028663522e-02,-1.965264123430487172e-03,-1.563122839032733604e-03,4.558154841905262002e-04,2.108809393705100323e-03
1.980603666031519484e-03,-1.797922685996314329e-02,-1.964625021502937243e-03,-1.562659044786888921e-03,4.556465934763956121e-04,2.108636260259742681e-03
1.979959575361415949e-03,-1.797338002840824164e-02,-1.963986127053463267e-03,-1.562216359077977807e-03,4.554703348482306603e-04,2.108656638191212535e-03
1.979315693799966417e-03,-1.796753509509473393e-02,-1.963347440024568701e-03,-1.561800092426417772e-03,4.552853464426808469e-04,2.108910137711350868e-03
1.978672021288640885e-03,-1.796169205949334213e-02,-1.962708960358745727e-03,-1.561416334844596210e-03,4.550902917526387665e-04,2.109438132523156016e-03
1.978028557769546860e-03,-1.795585092107288699e-02,-1.962070687997600083e-03,-1.561072001452551341e-03,4.548839109067110646e-04,2.110282960158752635e-03
1.977385303183454811e-03,-1.795001167929960104e-02,-1.961432622883317774e-03,-1.560774871825946954e-03,4.546650719734834185e-04,2.111487093072939546e-03
1.976742257471615725e-03,-1.794417433363727776e-02,-1.960794764957268614e-03,-1.560533619263264381e-03,4.544328202934364773e-04,2.113092302071395683e-03
1.976099420574769280e-03,-1.793833888354814943e-02,-1.960157114160779052e-03,-1.560357826057483981e-03,4.541864239149550914e-04,2.115138832141388262e-03
1.975456792433281320e-03,-1.793250532849244641e-02,-1.959519670434990354e-03,-1.560257980997688471e-03,4.539254133825778854e-04,2.117664608974450732e-03
1.974814372988087548e-03,-1.792667366792809885e-02,-1.958882433720661280e-03,-1.560245455737096099e-03,4.536496143319405493e-04,2.120704492478574146e-03
1.974172162178885505e-03,-1.792084390131114952e-02,-1.958245403958586584e-03,-1.560332457271630495e-03,4.533591716476917952e-04,2.124289591374619972e-03
1.973530159945786032e-03,-1.791501602809658297e-02,-1.957608581089213644e-03,-1.560531954549445330e-03,4.530545642439826352e-04,2.128446650619106751e-03
1.972888366228446339e-03,-1.790919004773656661e-02,-1.956971965052792511e-03,-1.560857578132791986e-03,4.527366099017382409e-04,2.133197520969421987e-03
1.972246780966706216e-03,-1.790336595968186617e-02,-1.956335555789392826e-03,-1.561323492789615198e-03,4.524064599590183876e-04,2.138558717532748100e-03
1.971605404099603578e-03,-1.789754376338244246e-02,-1.955699353238925502e-03,-1.561944243861524513e-03,4.520655840087050323e-04,2.144541071726378551e-03
1.970964235566870226e-03,-1.789172345828535238e-02,-1.955063357340964484e-03,-1.562734579189257404e-03,4.517157451218033908e-04,2.151149478742961276e-03
1.970323275306849753e-03,-1.788590504383711852e-02,-1.954427568035401602e-03,-1.563709249231921491e-03,4.513589664120989031e-04,2.158382740444826468e-03
1.969682523258845918e-03,-1.788008851948199099e-02,-1.953791985261387094e-03,-1.564882788751391319e-03,4.509974900454863595e-04,2.166233501635033039e-03
1.969041979361590457e-03,-1.787427388466347050e-02,-1.953156608958123673e-03,-1.566269284034488112e-03,4.506337300028320347e-04,2.174688275918718137e-03
1.968401643553431730e-03,-1.786846113882272630e-02,-1.952521439064759841e-03,-1.567882130070860159e-03,4.502702200834475706e-04,2.183727555877145853e-03
1.967761515772937109e-03,-1.786265028140026148e-02,-1.951886475520137705e-03,-1.569733782379097078e-03,4.499095587267673991e-04,2.193326001091438354e-03
1.967121595957924563e-03,-1.785684131183528159e-02,-1.951251718263301033e-03,-1.571835508301481577e-03,4.495543522820947299e-04,2.203452696610863886e-03
1.966481884047093301e-03,-1.785103422956514987e-02,-1.950617167232379396e-03,-1.574197142553581622e-03,4.492071583457378590e-04,2.214071473820275731e-03
1.965842379978211853e-03,-1.784522903402674388e-02,-1.949982822366127947e-03,-1.576826851649612300e-03,4.488704307138245545e-04,2.225141285275607748e-03
1.965203083689063060e-03,-1.783942572465500517e-02,-1.949348683602894830e-03,-1.579730911558190152e-03,4.485464674002304151e-04,2.236616624934068334e-03
1.964563995117343895e-03,-1.783362430088411554e-02,-1.948714750880833901e-03,-1.582913502570020134e-03,4.482373630203059117e-04,2.248447985290934984e-03
1.963925114200583931e-03,-1.782782476214720899e-02,-1.948081024138080368e-03,-1.586376524948763080e-03,4.479449666577159828e-04,2.260582343206101255e-03
1.963286440876385597e-03,-1.782202710787613928e-02,-1.947447503312619167e-03,-1.590119438472226273e-03,4.476708461552239603e-04,2.272963666657575738e-03
1.962647975081809222e-03,-1.781623133750149732e-02,-1.946814188342317490e-03,-1.594139128518580169e-03,4.474162595409974857e-04,2.285533435214683919e-03
1.962009716754187054e-03,-1.781043745045299970e-02,-1.946181079164992223e-03,-1.598429800894839116e-03,4.471821340924238665e-04,2.298231167694243880e-03
1.961371665830901213e-03,-1.780464544615974892e-02,-1.945548175718035894e-03,-1.602982907188631916e-03,4.469690533318223255e-04,2.310994951174238140e-03
1.960733822248810366e-03,-1.779885532404935564e-02,-1.944915477939108831e-03,-1.607787102032770315e-03,4.467772520254967533e-04,2.323761966258931517e-03
1.960096185944653919e-03,-1.779306708354916333e-02,-1.944282985765700055e-03,-1.612828233327731663e-03,4.466066190698707240e-04,2.336469004182529195e-03
1.959458756855320029e-03,-1.778728072408445465e-02,-1.943650699135098881e-03,-1.618089366140727401e-03,4.464567079570981329e-04,2.349052971970733410e-03
1.958821534917513842e-03,-1.778149624508104654e-02,-1.943018617984537807e-03,-1.623550840697933441e-03,4.463267543406103030e-04,2.361451382406667184e-03
1.958184520068055427e-03,-1.777571364596259793e-02,-1.942386742251036831e-03,-1.629190364574476489e-03,4.462157000890174885e-04,2.373602825977442956e-03
1.957547712243284336e-03,-1.776993292615347206e-02,-1.941755071871798530e-03,-1.634983138862780658e-03,4.461222230581863104e-04,2.385447422281636917e-03
1.956911111379489813e-03,-1.776415408507563132e-02,-1.941123606783808422e-03,-1.640902017734918207e-03,4.460447717421631630e-04,2.396927248583463795e-03
1.956274717413462004e-03,-1.775837712215173197e-02,-1.940492346923708986e-03,-1.646917700413466504e-03,4.459816038400011922e-04,2.407986743322044522e-03
1.955638530281001829e-03,-1.775260203680265048e-02,-1.939861292228551226e-03,-1.652998954116360062e-03,4.459308277476386963e-04,2.418573082462332786e-03
1.955002549918627951e-03,-1.774682882844916959e-02,-1.939230442635001906e-03,-1.659112866068918751e-03,4.458904459239041948e-04,2.428636526645283015e-03
1.954366776262314327e-03,-1.774105749651077799e-02,-1.938599798079578603e-03,-1.665225122189187366e-03,4.458583990794031358e-04,2.438130737208831032e-03
1.953731209248081319e-03,-1.773528804040715168e-02,-1.937969358499084692e-03,-1.671300309593112994e-03,4.458326101452147442e-04,2.447013059320607507e-03
1.953095848812057061e-03,-1.772952045955659278e-02,-1.937339123829789683e-03,-1.677302239635179628e-03,4.458110270076488346e-04,2.455244770734177958e-03
1.952460694889900225e-03,-1.772375475337726117e-02,-1.936709094008374869e-03,-1.683194287872999146e-03,4.457916630601281940e-04,2.462791295032653021e-03
1.951825747417819824e-03,-1.771799092128664016e-02,-1.936079268970954722e-03,-1.688939747068796344e-03,4.457726346961132530e-04,2.469622378638618599e-03
1.951191006331214322e-03,-1.771222896270166491e-02,-1.935449648654102763e-03,-1.694502189200524245e-03,4.457521949686996565e-04,2.475712231355686917e-03
1.950556471566154389e-03,-1.770646887703879527e-02,-1.934820232993807263e-03,-1.699845832371268007e-03,4.457287627463063810e-04,2.481039630658668504e-03
1.949922143058080990e-03,-1.770071066371325941e-02,-1.934191021926470874e-03,-1.704935908516111822e-03,4.457009468308116085e-04,2.485587990387975663e-03
1.949288020742976106e-03,-1.769495432214094124e-02,-1.933562015388005755e-03,-1.709739027847591254e-03,4.456675646265861141e-04,2.489345394849537194e-03
1.948654104555894292e-03,-1.768919985173643059e-02,-1.932933213314716979e-03,-1.714223536034706384e-03,4.456276551071239106e-04,2.492304599567762499e-03
1.948020394432710845e-03,-1.768344725191395295e-02,-1.932304615642540125e-03,-1.718359860165915741e-03,4.455804859485101095e-04,2.494463000072747946e-03
1.947386890308382525e-03,-1.767769652208779976e-02,-1.931676222307686158e-03,-1.722120839551861135e-03,4.455255548652532998e-04,2.495822570117428064e-03
1.946753592119011660e-03,-1.767194766167126674e-02,-1.931048033245729833e-03,-1.725482037395987102e-03,4.454625853096578223e-04,2.496389770658601504e-03
1.946120499799404739e-03,-1.766620067007753508e-02,-1.930420048392747024e-03,-1.728422029304876092e-03,4.453915168430238962e-04,2.496175430804845573e-03
1.945487613285310641e-03,-1.766045554671936968e-02,-1.929792267684573778e-03,-1.730922664519164494e-03,4.453124906048151364e-04,2.495194601777301659e-03
1.944854932511603943e-03,-1.765471229100860559e-02,-1.929164691057095368e-03,-1.732969295668880007e-03,4.452258304322902552e-04,2.493466384792265931e-03
1.944222457413855281e-03,-1.764897090235809096e-02,-1.928537318445931866e-03,-1.734550972826018160e-03,4.451320202813929317e-04,2.491013733658825786e-03
1.943590187927163229e-03,-1.764323138017876574e-02,-1.927910149786809385e-03,-1.735660597645021560e-03,4.450316786900742759e-04,2.487863232833592564e-03
1.942958123986528131e-03,-1.763749372388204867e-02,-1.927283185015666971e-03,-1.736295033529888614e-03,4.449255310896070115e-04,2.484044851692432214e-03
1.942326265527348451e-03,-1.763175793287908438e-02,-1.926656424067843239e-03,-1.736455168018905459e-03,4.448143808243246308e-04,2.479591675856887556e-03
1.941694612484404659e-03,-1.762602400658016058e-02,-1.926029866879285261e-03,-1.736145923994220899e-03,4.446990797503787242e-04,2.474539616556475138e-03
1.941063164793067029e-03,-1.762029194439639068e-02,-1.925403513385315606e-03,-1.735376216889007684e-03,4.445804992997379776e-04,2.468927099206607006e-03
1.940431922388298610e-03,-1.761456174573736155e-02,-1.924777363521564325e-03,-1.734158855789283372e-03,4.444595028508404157e-04,2.462794732604044624e-03
1.939800885205055728e-03,-1.760883341001327415e-02,-1.924151417223599232e-03,-1.732510387212867929e-03,4.443369201958721738e-04,2.456184960407161062e-03
1.939170053178182387e-03,-1.760310693663336146e-02,-1.923525674427002891e-03,-1.730450881360411433e-03,4.442135248215063462e-04,2.449141696827886790e-03
1.938539426242749403e-03,-1.759738232500712707e-02,-1.922900135067149912e-03,-1.728003661778907806e-03,4.440900145948762636e-04,2.441709948751212382e-03
1.937909004333717876e-03,-1.759165957454390458e-02,-1.922274799079543711e-03,-1.725194980602941935e-03,4.439669963328193186e-04,2.433935426757636092e-03
1.937278787386101592e-03,-1.758593868465251411e-02,-1.921649666399520952e-03,-1.722053642847559121e-03,4.438449745880106503e-04,2.425864147827026893e-03
1.936648775334514922e-03,-1.758021965474166476e-02,-1.921024736962664414e-03,-1.718610584546963974e-03,4.437243448078402076e-04,2.417542032764409630e-03
1.936018968114053187e-03,-1.757450248421980887e-02,-1.920400010704168730e-03,-1.714898410867880156e-03,4.436053908866807900e-04,2.409014501704120643e-03
1.935389365659436357e-03,-1.756878717249541616e-02,-1.919775487559469878e-03,-1.710950901607441411e-03,4.434882869401726518e-04,2.400326071344548260e-03
1.934759967905560910e-03,-1.756307371897703612e-02,-1.919151167463904956e-03,-1.706802492703830311e-03,4.433731029982110870e-04,2.391519957911624090e-03
1.934130774787145082e-03,-1.755736212307223640e-02,-1.918527050352885873e-03,-1.702487743472625836e-03,4.432598141520837417e-04,2.382637690208673151e-03
1.933501786238940286e-03,-1.755165238418927506e-02,-1.917903136161670146e-03,-1.698040800248388875e-03,4.431483125783395476e-04,2.373718737524244289e-03
1.932873002195611414e-03,-1.754594450173553588e-02,-1.917279424825689199e-03,-1.693494867873013938e-03,4.430384217714028873e-04,2.364800157608066590e-03
1.932244422592275688e-03,-1.754023847511875650e-02,-1.916655916280012983e-03,-1.688881701065494218e-03,4.429299122351746071e-04,2.355916270434819937e-03
1.931616047363274909e-03,-1.753453430374667457e-02,-1.916032610460036926e-03,-1.684231128069966100e-03,4.428225178716055669e-04,2.347098364014959387e-03
1.930987876443505773e-03,-1.752883198702643794e-02,-1.915409507301031990e-03,-1.679570619135986424e-03,4.427159522907016904e-04,2.338374439124654008e-03
1.930359909768015678e-03,-1.752313152436547547e-02,-1.914786606738037118e-03,-1.674924912333563458e-03,4.426099243159354810e-04,2.329769000466348078e-03
1.929732147271020874e-03,-1.751743291517103562e-02,-1.914163908706502815e-03,-1.670315708951475341e-03,4.425041520101748236e-04,2.321302902489590352e-03
1.929104588887514335e-03,-1.751173615884993665e-02,-1.913541413141555412e-03,-1.665761450324179617e-03,4.423983746625737403e-04,2.312993258822232043e-03
1.928477234551755244e-03,-1.750604125480943046e-02,-1.912919119978653652e-03,-1.661277187391810252e-03,4.422923622615241635e-04,2.304853425055709316e-03
1.927850084199167436e-03,-1.750034820245662329e-02,-1.912297029152503196e-03,-1.656874553697250830e-03,4.421859221414230581e-04,2.296893065399577619e-03
1.927223137763601352e-03,-1.749465700119812173e-02,-1.911675140598883497e-03,-1.652561851906311427e-03,4.420789025828392432e-04,2.289118314531522064e-03
1.926596395180259214e-03,-1.748896765044079607e-02,-1.911053454252582178e-03,-1.648344263389610841e-03,4.419711932956155577e-04,2.281532046736698890e-03
1.925969856383912384e-03,-1.748328014959158599e-02,-1.910431970048721232e-03,-1.644224189998975223e-03,4.418627228110905006e-04,2.274134265174300191e-03
1.925343521308498255e-03,-1.747759449805702178e-02,-1.909810687923027637e-03,-1.640201737004262725e-03,4.417534528826095848e-04,2.266922624777545879e-03
1.924717389889348072e-03,-1.747191069524388699e-02,-1.909189607810101450e-03,-1.636275346336332412e-03,4.416433700489167747e-04,2.259893102865092110e-03
1.924091462060897742e-03,-1.746622874055863209e-02,-1.908568729645410524e-03,-1.632442591066273190e-03,4.415324775595393992e-04,2.253040833078841579e-03
1.923465737757422715e-03,-1.746054863340840840e-02,-1.907948053364240349e-03,-1.628700927036218910e-03,4.414207937005635912e-04,2.246360892015868051e-03
1.922840216914135187e-03,-1.745487037319921192e-02,-1.907327578901416498e-03,-1.625047884908474962e-03,4.413083256386939176e-04,2.239848501876943229e-03
1.922214899465563877e-03,-1.744919395933815578e-02,-1.906707306192200174e-03,-1.621481066305723202e-03,4.411950925625825106e-04,2.233499024190690151e-03
1.921589785345980111e-03,-1.744351939123168008e-02,-1.906087235171992226e-03,-1.617998150995701235e-03,4.410811114435615331e-04,2.227307971344166544e-03
1.920964874490537757e-03,-1.743784666828621446e-02,-1.905467365775598927e-03,-1.614596897820511990e-03,4.409664078570426195e-04,2.221271007561398912e-03
1.920340166833363078e-03,-1.743217578990853903e-02,-1.904847697938582673e-03,-1.611275148053779209e-03,4.408510158478358724e-04,2.215383954009371090e-03
1.919715662309436901e-03,-1.742650675550521180e-02,-1.904228231595820643e-03,-1.608030827895011103e-03,4.407349794331652396e-04,2.209642792459209741e-03
1.919091360853540131e-03,-1.742083956448277002e-02,-1.903608966682393414e-03,-1.604861950631457845e-03,4.406183539723540748e-04,2.204043668396195744e-03
1.918467262399632710e-03,-1.741517421624808049e-02,-1.902989903133943611e-03,-1.601766618482207416e-03,4.405012073991982822e-04,2.198582893602947855e-03
1.917843366882946571e-03,-1.740951071020757288e-02,-1.902371040885233056e-03,-1.598743024140473383e-03,4.403836213301482220e-04,2.193256948247156776e-03
1.917219674238006960e-03,-1.740384904576812095e-02,-1.901752379871574777e-03,-1.595789452034472805e-03,4.402656920526224708e-04,2.188062482501371055e-03
1.916596184399389866e-03,-1.739818922233641457e-02,-1.901133920028047833e-03,-1.592904279319315962e-03,4.401475313990327407e-04,2.182996317721752535e-03
1.915972897301808104e-03,-1.739253123931924772e-02,-1.900515661290005584e-03,-1.590085976620030919e-03,4.400292675115170457e-04,2.178055447214228679e-03
1.915349812879845468e-03,-1.738687509612339699e-02,-1.899897603592521668e-03,-1.587333108537135676e-03,4.399110455083828390e-04,2.173237036610294829e-03
1.914726931068110038e-03,-1.738122079215551410e-02,-1.899279746870871166e-03,-1.584644333934201108e-03,4.397930280503854284e-04,2.168538423881222893e-03
1.914104251801802522e-03,-1.737556832682253180e-02,-1.898662091059987855e-03,-1.582018406019136420e-03,4.396753958168436510e-04,2.163957119015090524e-03
1.913481775014812822e-03,-1.736991769953171935e-02,-1.898044636095451475e-03,-1.579454172235630156e-03,4.395583478991416191e-04,2.159490803375540592e-03
1.912859500642237346e-03,-1.736426890968999215e-02,-1.897427381912228546e-03,-1.576950573977948643e-03,4.394421021084253510e-04,2.155137328774354207e-03
1.912237428618799098e-03,-1.735862195670416497e-02,-1.896810328445600003e-03,-1.574506646142640950e-03,4.393268952116922391e-04,2.150894716270950087e-03
1.911615558879181621e-03,-1.735297683998143770e-02,-1.896193475630687840e-03,-1.572121516532663755e-03,4.392129830937413102e-04,2.146761154727305256e-03
1.910993891357941820e-03,-1.734733355892944737e-02,-1.895576823402882931e-03,-1.569794405125381166e-03,4.391006408550890416e-04,2.142734999136056313e-03
1.910372425989887270e-03,-1.734169211295498100e-02,-1.894960371697394438e-03,-1.567524623215840089e-03,4.389901628437546991e-04,2.138814768743630551e-03
1.909751162709639061e-03,-1.733605250146576585e-02,-1.894344120449416996e-03,-1.565311572454410483e-03,4.388818626304616518e-04,2.134999144989786508e-03
1.909130101452003467e-03,-1.733041472386904341e-02,-1.893728069594189040e-03,-1.563154743782017939e-03,4.387760729300472433e-04,2.131286969281399966e-03
1.908509242151588568e-03,-1.732477877957206910e-02,-1.893112219067109034e-03,-1.561053716285228576e-03,4.386731454685216611e-04,2.127677240619795483e-03
1.907888584743354377e-03,-1.731914466798292404e-02,-1.892496568803288129e-03,-1.559008155976442664e-03,4.385734508046743420e-04,2.124169113102529916e-03
1.907268129162088518e-03,-1.731351238850903015e-02,-1.891881118737995335e-03,-1.557017814516476351e-03,4.384773781063375773e-04,2.120761893318824816e-03
1.906647875342216275e-03,-1.730788194055791346e-02,-1.891265868806670533e-03,-1.555082527888667840e-03,4.383853348828688971e-04,2.117455037652099612e-03
1.906027823218806950e-03,-1.730225332353777304e-02,-1.890650818944508574e-03,-1.553202215042760346e-03,4.382977466815232877e-04,2.114248149518181685e-03
1.905407972726458647e-03,-1.729662653685665880e-02,-1.890035969086903802e-03,-1.551376876516202862e-03,4.382150567432697963e-04,2.111140976547933729e-03
1.904788323800081073e-03,-1.729100157992258593e-02,-1.889421319169065812e-03,-1.549606593051718875e-03,4.381377256252852914e-04,2.108133407742079999e-03
1.904168876374509340e-03,-1.728537845214333721e-02,-1.888806869126381576e-03,-1.547891524225179566e-03,4.380662307916743763e-04,2.105225470613417658e-03
1.903549630384391211e-03,-1.727975715292777784e-02,-1.888192618894255848e-03,-1.546231907098844296e-03,4.380010661685389468e-04,2.102417328338798512e-03
1.902930585764938884e-03,-1.727413768168398894e-02,-1.887578568407826665e-03,-1.544628054919909262e-03,4.379427416707327796e-04,2.099709276946574998e-03
1.902311742450486787e-03,-1.726852003782019390e-02,-1.886964717602800188e-03,-1.543080355881690496e-03,4.378917826998519652e-04,2.097101742557600998e-03
1.901693100376055864e-03,-1.726290422074527181e-02,-1.886351066414391651e-03,-1.541589271970773486e-03,4.378487296071457632e-04,2.094595278710306447e-03
1.901074659476707828e-03,-1.725729022986800809e-02,-1.885737614777912999e-03,-1.540155337925413212e-03,4.378141371323399545e-04,2.092190563799623156e-03
1.900456419687342625e-03,-1.725167806459722286e-02,-1.885124362628731037e-03,-1.538779160328719586e-03,4.377885738050507733e-04,2.089888398655200680e-03
1.899838380942478130e-03,-1.724606772434166685e-02,-1.884511309902487308e-03,-1.537461416875499564e-03,4.377726213184566541e-04,2.087689704304294784e-03
1.899220543177324375e-03,-1.724045920851062508e-02,-1.883898456534448219e-03,-1.536202855842912565e-03,4.377668738636877606e-04,2.085595519954359500e-03
1.898602906326834214e-03,-1.723485251651310154e-02,-1.883285802460023511e-03,-1.535004295812687465e-03,4.377719374278119641e-04,2.083607001242708100e-03
1.897985470325679264e-03,-1.722924764775836740e-02,-1.882673347614869036e-03,-1.533866625693089836e-03,4.377884290476666881e-04,2.081725418814663487e-03
1.897368235109112055e-03,-1.722364460165599909e-02,-1.882061091934162950e-03,-1.532790805101242422e-03,4.378169760161967883e-04,2.079952157286412123e-03
1.896751200611627910e-03,-1.721804337761548287e-02,-1.881449035353779248e-03,-1.531777865173932721e-03,4.378582150314269715e-04,2.078288714672688400e-03
1.896134366768726992e-03,-1.721244397504643683e-02,-1.880837177808813467e-03,-1.530828909894007281e-03,4.379127912809746537e-04,2.076736702370640415e-03
1.895517733515235956e-03,-1.720684639335866989e-02,-1.880225519234958540e-03,-1.529945118028084921e-03,4.379813574508821463e-04,2.075297845800185784e-03
1.894901300786023743e-03,-1.720125063196205339e-02,-1.879614059567774045e-03,-1.529127745794924649e-03,4.380645726465782672e-04,2.073973985831944946e-03
1.894285068516019140e-03,-1.719565669026699994e-02,-1.879002798742800042e-03,-1.528378130410497663e-03,4.381631012015382918e-04,2.072767081151691802e-03
1.893669036640512841e-03,-1.719006456768340171e-02,-1.878391736695564449e-03,-1.527697694672422836e-03,4.382776113665582817e-04,2.071679211742843193e-03
1.893053205094504107e-03,-1.718447426362181008e-02,-1.877780873361530566e-03,-1.527087952796467481e-03,4.384087738388970355e-04,2.070712583701620185e-03
1.892437573812821546e-03,-1.717888577749257170e-02,-1.877170208676510587e-03,-1.526550517742823222e-03,4.385572601149863628e-04,2.069869535644562348e-03
1.891822142730956646e-03,-1.717329910870649123e-02,-1.876559742575825132e-03,-1.526087110334024876e-03,4.387237406165427241e-04,2.069152547025695458e-03
1.891206911783474770e-03,-1.716771425667422413e-02,-1.875949474995406742e-03,-1.525699570516083096e-03,4.389088825556718338e-04,2.068564248731666073e-03
1.890591880905874564e-03,-1.716213122080682829e-02,-1.875339405870662989e-03,-1.525389871188915971e-03,4.391133474734991199e-04,2.068107436411335473e-03
1.889977050033201690e-03,-1.715655000051490367e-02,-1.874729535137329957e-03,-1.525160135123959345e-03,4.393377883928303884e-04,2.067785087083212105e-03
1.889362419100671601e-03,-1.715097059520995573e-02,-1.874119862730978716e-03,-1.525012655580525699e-03,4.395828464976191726e-04,2.067600379669840872e-03
1.888747988043140225e-03,-1.714539300430352117e-02,-1.873510388587396091e-03,-1.524949921362274939e-03,4.398491472402431875e-04,2.067556720243546569e-03
1.888133756796127457e-03,-1.713981722720681056e-02,-1.872901112642153800e-03,-1.524974647198617736e-03,4.401372957565120045e-04,2.067657772921891075e-03
1.887519725294525873e-03,-1.713424326333152017e-02,-1.872292034831068378e-03,-1.525089810503077719e-03,4.404478714406874669e-04,2.067907497526560653e-03
1.886905893473690352e-03,-1.712867111208953366e-02,-1.871683155089896291e-03,-1.525298695763053743e-03,4.407814214990651500e-04,2.068310195336640813e-03
1.886292261268853474e-03,-1.712310077289300181e-02,-1.871074473354276046e-03,-1.525604948038070206e-03,4.411384532684757488e-04,2.068870564504656558e-03
1.885678828615344098e-03,-1.711753224515358621e-02,-1.870465989559959557e-03,-1.526012637302777593e-03,4.415194250400133026e-04,2.069593766980961595e-03
1.885065595448346234e-03,-1.711196552828373602e-02,-1.869857703642760754e-03,-1.526526335649897904e-03,4.419247350670225559e-04,2.070485509089344846e-03
1.884452561702979704e-03,-1.710640062169579284e-02,-1.869249615538511131e-03,-1.527151209669036502e-03,4.423547083898811513e-04,2.071552138216348898e-03
1.883839727314511351e-03,-1.710083752480243482e-02,-1.868641725183043051e-03,-1.527893130612938436e-03,4.428095810229921514e-04,2.072800758409016654e-03
1.883227092218689403e-03,-1.709527623701641644e-02,-1.868034032512116234e-03,-1.528758805240148502e-03,4.432894809731253451e-04,2.074239367956285090e-03
1.882614656350354828e-03,-1.708971675775036725e-02,-1.867426537461575834e-03,-1.529755930417169788e-03,4.437944054764640504e-04,2.075877022259966283e-03
1.882002419644879850e-03,-1.708415908641720826e-02,-1.866819239967402316e-03,-1.530893374624881431e-03,4.443241937247014383e-04,2.077724025371201211e-03
1.881390382037926613e-03,-1.707860322243038784e-02,-1.866212139965237223e-03,-1.532181389319325557e-03,4.448784942732510227e-04,2.079792153370574933e-03
1.880778543464601714e-03,-1.707304916520341331e-02,-1.865605237391205866e-03,-1.533631852511977388e-03,4.454567262194842866e-04,2.082094912164846739e-03
1.880166903860341779e-03,-1.706749691414971570e-02,-1.864998532181214551e-03,-1.535258545739086582e-03,4.460580331717949997e-04,2.084647831010549672e-03
1.879555463160882461e-03,-1.706194646868263581e-02,-1.864392024270923034e-03,-1.537077463514410422e-03,4.466812290191864696e-04,2.087468790882481343e-03
1.878944221301101372e-03,-1.705639782821612160e-02,-1.863785713596647882e-03,-1.539107151051219554e-03,4.473247345335292446e-04,2.090578383269708559e-03
1.878333178216781219e-03,-1.705085099216445410e-02,-1.863179600094148382e-03,-1.541369061074118318e-03,4.479865040419758987e-04,2.094000289698584941e-03
1.877722333843506730e-03,-1.704530595994132106e-02,-1.862573683699264267e-03,-1.543887913492932636e-03,4.486639417403823151e-04,2.097761664712043724e-03
1.877111688116333763e-03,-1.703976273096154126e-02,-1.861967964348391034e-03,-1.546692032187421901e-03,4.493538078341477123e-04,2.101893494803226681e-03
1.876501240971040034e-03,-1.703422130463939574e-02,-1.861362441977327002e-03,-1.549813620979981557e-03,4.500521156570249119e-04,2.106430892666990087e-03
1.875890992343265135e-03,-1.702868168038950206e-02,-1.860757116522064993e-03,-1.553288926405399983e-03,4.507540222933723224e-04,2.111413270441043176e-03
1.875280942168272222e-03,-1.702314385762662002e-02,-1.860151987918696927e-03,-1.557158219230520566e-03,4.514537171288817113e-04,2.116884318546669377e-03
1.874671090381678984e-03,-1.701760783576591538e-02,-1.859547056103369369e-03,-1.561465512308581787e-03,4.521443151310463389e-04,2.122891700901545151e-03
1.874061436919246225e-03,-1.701207361422208200e-02,-1.858942321012075358e-03,-1.566257923334409734e-03,4.528177644654270487e-04,2.129486367062223377e-03
1.873451981716282855e-03,-1.700654119241115647e-02,-1.858337782581022174e-03,-1.571584593256579714e-03,4.534647809713479691e-04,2.136721383574922972e-03
1.872842724708814223e-03,-1.700101056974808941e-02,-1.857733440746162090e-03,-1.577495091479672300e-03,4.540748245425958794e-04,2.144650208136812588e-03
1.872233665831820725e-03,-1.699548174564844902e-02,-1.857129295443979942e-03,-1.584037284117532831e-03,4.546361338437105988e-04,2.153324378311742907e-03
1.871624805021604616e-03,-1.698995471952863268e-02,-1.856525346610265158e-03,-1.591254714424105658e-03,4.551358350662387722e-04,2.162790665089828635e-03
1.871016142213667143e-03,-1.698442949080403164e-02,-1.855921594181317606e-03,-1.599183641007200342e-03,4.555601366695181324e-04,2.173087846351813915e-03
1.870407677343326972e-03,-1.697890605889108145e-02,-1.855318038093572031e-03,-1.607849984853471949e-03,4.558946147262762125e-04,2.184243370711074460e-03
1.869799410346541799e-03,-1.697338442320598523e-02,-1.854714678283094767e-03,-1.617266525230629621e-03,4.561245827936560252e-04,2.196270280901787240e-03
1.869191341159291220e-03,-1.696786458316541443e-02,-1.854111514685914414e-03,-1.627430726273539595e-03,4.562355275591792694e-04,2.209164814028358181e-03
1.868583469716936403e-03,-1.696234653818599891e-02,-1.853508547238642227e-03,-1.638323544444559654e-03,4.562135792929224599e-04,2.222905064596043638e-03
1.867975795955512022e-03,-1.695683028768469117e-02,-1.852905775877233515e-03,-1.649909453803519903e-03,4.560459774066791131e-04,2.237450975368573437e-03
1.867368319810583724e-03,-1.695131583107798573e-02,-1.852303200538205422e-03,-1.662137748864450214e-03,4.557214888646835124e-04,2.252745729085843356e-03
1.866761041217937902e-03,-1.694580316778388981e-02,-1.851700821157872563e-03,-1.674944985290192142e-03,4.552307419640310034e-04,2.268718395659232237e-03
1.866153960113488448e-03,-1.694029229721915122e-02,-1.851098637672494475e-03,-1.688258248202617736e-03,4.545664493502176774e-04,2.285287500884677046e-03
1.865547076432881460e-03,-1.693478321880148227e-02,-1.850496650018580280e-03,-1.701998838354960679e-03,4.537235093414766079e-04,2.302365070424249125e-03
1.864940390112438708e-03,-1.692927593194867852e-02,-1.849894858132103068e-03,-1.716085955050185860e-03,4.526989901711780365e-04,2.319860686786851759e-03
1.864333901087599204e-03,-1.692377043607865006e-02,-1.849293261949932566e-03,-1.730440021000581021e-03,4.514920143935275006e-04,2.337685166769409850e-03
1.863727609294288986e-03,-1.691826673060932082e-02,-1.848691861408206230e-03,-1.744985408289325204e-03,4.501035684862760488e-04,2.355753590077090415e-03
1.863121514668634668e-03,-1.691276481495921150e-02,-1.848090656443481536e-03,-1.759652451002155981e-03,4.485362652522332941e-04,2.373987548126793665e-03
1.862515617146663334e-03,-1.690726468854638134e-02,-1.847489646992028431e-03,-1.774378740475505414e-03,4.467940848483472932e-04,2.392316603864728854e-03
1.861909916664014576e-03,-1.690176635078957657e-02,-1.846888832990443855e-03,-1.789109777814296143e-03,4.448821157213896788e-04,2.410679041109997558e-03
1.861304413156628524e-03,-1.689626980110763010e-02,-1.846288214375332989e-03,-1.803799102111766119e-03,4.428063109760915729e-04,2.429022031477661488e-03
1.860699106560842562e-03,-1.689077503891943388e-02,-1.845687791082955371e-03,-1.818408026862577140e-03,4.405732700005481083e-04,2.447301363681919899e-03
1.860093996812400580e-03,-1.688528206364408105e-02,-1.845087563049877368e-03,-1.832905110311963464e-03,4.381900503148773501e-04,2.465480873583811121e-03
1.859489083847376068e-03,-1.687979087470089373e-02,-1.844487530212928590e-03,-1.847265466995836377e-03,4.356640108942394984e-04,2.483531693665884908e-03
1.858884367601796976e-03,-1.687430147150933632e-02,-1.843887692508413461e-03,-1.861470004678476625e-03,4.330026856767915351e-04,2.501431415605213579e-03
1.858279848011894653e-03,-1.686881385348914381e-02,-1.843288049872950389e-03,-1.875504648123631213e-03,4.302136844527311280e-04,2.519163234666222263e-03
1.857675525013667344e-03,-1.686332802006000608e-02,-1.842688602243165155e-03,-1.889359591242769764e-03,4.273046175705712746e-04,2.536715122701998885e-03
1.857071398543158180e-03,-1.685784397064203285e-02,-1.842089349555570349e-03,-1.903028603218672463e-03,4.242830406978248471e-04,2.554079058877264941e-03
1.856467468536329409e-03,-1.685236170465544830e-02,-1.841490291747145637e-03,-1.916508402225693651e-03,4.211564160090312098e-04,2.571250333868463876e-03
1.855863734929812233e-03,-1.684688122152028233e-02,-1.840891428754161179e-03,-1.929798101917144142e-03,4.179320865150916767e-04,2.588226933825392342e-03
1.855260197659320837e-03,-1.684140252065747384e-02,-1.840292760513513159e-03,-1.942898730218358848e-03,4.146172606628822747e-04,2.605009004027828562e-03
1.854656856661558413e-03,-1.683592560148798253e-02,-1.839694286961801335e-03,-1.955812816494756703e-03,4.112190047881074590e-04,2.621598388205578951e-03
1.854053711871825197e-03,-1.683045046343219567e-02,-1.839096008035977616e-03,-1.968544041246047833e-03,4.077442414122923694e-04,2.637998237285025301e-03
1.853450763227154413e-03,-1.682497710591112153e-02,-1.838497923672509273e-03,-1.981096941616578878e-03,4.041997517674833311e-04,2.654212680280651666e-03
1.852848010663665518e-03,-1.681950552834659759e-02,-1.837900033808259311e-03,-1.993476665858364642e-03,4.005921812473153495e-04,2.670246549829808237e-03
1.852245454117507897e-03,-1.681403573015955236e-02,-1.837302338379956726e-03,-2.005688770143796221e-03,3.969280467715589618e-04,2.686105155101492243e-03
1.851643093524802308e-03,-1.680856771077183717e-02,-1.836704837324602000e-03,-2.017739051637671734e-03,3.932137452655302284e-04,2.701794095356989649e-03
1.851040928822125526e-03,-1.680310146960520626e-02,-1.836107530578761715e-03,-2.029633412356041111e-03,3.894555626519638426e-04,2.717319108077041398e-03
1.850438959945768748e-03,-1.679763700608158730e-02,-1.835510418079370869e-03,-2.041377748990272616e-03,3.856596828926760027e-04,2.732685946305565480e-03
1.849837186831921471e-03,-1.679217431962345616e-02,-1.834913499763358383e-03,-2.052977864518127759e-03,3.818321967371751343e-04,2.747900280532421247e-03
1.849235609417027547e-03,-1.678671340965271278e-02,-1.834316775567534571e-03,-2.064439398007449425e-03,3.779791099311448290e-04,2.762967621096696063e-03
1.848634227637606072e-03,-1.678125427559211402e-02,-1.833720245428748560e-03,-2.075767769562762537e-03,3.741063507010418550e-04,2.777893257681906657e-03
1.848033041429841556e-03,-1.677579691686437516e-02,-1.833123909284064580e-03,-2.086968137827294959e-03,3.702197763983873405e-04,2.792682212991685377e-03
1.847432050730410088e-03,-1.677034133289219756e-02,-1.832527767070264322e-03,-2.098045367870853776e-03,3.663251792184524973e-04,2.807339208150194838e-03
1.846831255475538461e-03,-1.676488752309881688e-02,-1.831931818724322463e-03,-2.109004007641735162e-03,3.624282909513674164e-04,2.821868637764613202e-03
1.846230655601669227e-03,-1.675943548690771862e-02,-1.831336064183323835e-03,-2.119848271464607435e-03,3.585347867409353450e-04,2.836274552921431037e-03
1.845630251045418408e-03,-1.675398522374162841e-02,-1.830740503384240079e-03,-2.130582029319471986e-03,3.546502878533126118e-04,2.850560650668635537e-03
1.845030041743115799e-03,-1.674853673302488868e-02,-1.830145136264107889e-03,-2.141208800846750807e-03,3.507803634647428128e-04,2.864730268778740378e-03
1.844430027631630475e-03,-1.674309001418106471e-02,-1.829549962759806749e-03,-2.151731753213142941e-03,3.469305314948703729e-04,2.878786384786849884e-03
1.843830208647334514e-03,-1.673764506663419013e-02,-1.828954982808527526e-03,-2.162153702107626804e-03,3.431062585139434649e-04,2.892731618461091316e-03
1.843230584726749397e-03,-1.673220188980801756e-02,-1.828360196347298241e-03,-2.172477115274241890e-03,3.393129587662443818e-04,2.906568237019901534e-03
1.842631155806295122e-03,-1.672676048312726413e-02,-1.827765603313335130e-03,-2.182704118091100855e-03,3.355559923516090027e-04,2.920298162499477407e-03
1.842031921822762271e-03,-1.672132084601669899e-02,-1.827171203643617424e-03,-2.192836500778933169e-03,3.318406626079622264e-04,2.933922980805019065e-03
1.841432882712783995e-03,-1.671588297790061600e-02,-1.826576997275314957e-03,-2.202875726914611809e-03,3.281722127477416256e-04,2.947443952031870117e-03
1.840834038413159983e-03,-1.671044687820377739e-02,-1.825982984145583252e-03,-2.212822942961546659e-03,3.245558217962541737e-04,2.960862021732011025e-03
1.840235388860163432e-03,-1.670501254635158375e-02,-1.825389164191638111e-03,-2.222678988600426415e-03,3.209965998850822970e-04,2.974177832844776808e-03
1.839636933990944660e-03,-1.669957998176925876e-02,-1.824795537350549840e-03,-2.232444407664210644e-03,3.174995829503643625e-04,2.987391738060884375e-03
1.839038673741568699e-03,-1.669414918388182137e-02,-1.824202103559764525e-03,-2.242119459530446998e-03,3.140697268937466826e-04,3.000503812433178309e-03
1.838440608049464291e-03,-1.668872015211541118e-02,-1.823608862756238196e-03,-2.251704130841512743e-03,3.107119012550082051e-04,3.013513866072192043e-03
1.837842736850999175e-03,-1.668329288589573065e-02,-1.823015814877450768e-03,-2.261198147454324212e-03,3.074308824514923881e-04,3.026421456797561641e-03
1.837245060083156703e-03,-1.667786738464874241e-02,-1.822422959860574027e-03,-2.270600986530630847e-03,3.042313466390265324e-04,3.039225902639096279e-03
1.836647577682219180e-03,-1.667244364780045077e-02,-1.821830297643009175e-03,-2.279911888705722211e-03,3.011178622438057573e-04,3.051926294097824163e-03
1.836050289585614914e-03,-1.666702167477713409e-02,-1.821237828161861860e-03,-2.289129870276372658e-03,2.980948822233079124e-04,3.064521506093464184e-03
1.835453195729732246e-03,-1.666160146500551137e-02,-1.820645551354749475e-03,-2.298253735364064014e-03,2.951667361037358804e-04,3.077010209548350275e-03
1.834856296051729950e-03,-1.665618301791224262e-02,-1.820053467158713701e-03,-2.307282088018571941e-03,2.923376218461680811e-04,3.089390882552053158e-03
1.834259590488271320e-03,-1.665076633292428623e-02,-1.819461575511437199e-03,-2.316213344233780929e-03,2.896115975969115741e-04,3.101661821077891356e-03
1.833663078976199628e-03,-1.664535140946866998e-02,-1.818869876350114956e-03,-2.325045743847799738e-03,2.869925733652022872e-04,3.113821149221412694e-03
1.833066761452616837e-03,-1.663993824697243204e-02,-1.818278369612168991e-03,-2.333777362315121902e-03,2.844843026819749115e-04,3.125866828943932741e-03
1.832470637854495890e-03,-1.663452684486316918e-02,-1.817687055235124973e-03,-2.342406122328903953e-03,2.820903742863430531e-04,3.137796669306084935e-03
1.831874708118456062e-03,-1.662911720256862735e-02,-1.817095933156476044e-03,-2.350929805287768626e-03,2.798142038866405635e-04,3.149608335185799177e-03
1.831278972181722264e-03,-1.662370931951653863e-02,-1.816505003313541441e-03,-2.359346062591063855e-03,2.776590260405069148e-04,3.161299355481316919e-03
1.830683429981212361e-03,-1.661830319513488141e-02,-1.815914265643884780e-03,-2.367652426758951566e-03,2.756278862002551288e-04,3.172867130797733543e-03
1.830088081453942880e-03,-1.661289882885181104e-02,-1.815323720085094831e-03,-2.375846322367927525e-03,2.737236329656262237e-04,3.184308940630264928e-03
1.829492926536955286e-03,-1.660749622009554533e-02,-1.814733366574660832e-03,-2.383925076794966066e-03,2.719489105815208765e-04,3.195621950050727376e-03
1.828897965167222955e-03,-1.660209536829467675e-02,-1.814143205050098261e-03,-2.391885930768503782e-03,2.703061517278559163e-04,3.206803215914632351e-03
1.828303197281874303e-03,-1.659669627287866864e-02,-1.813553235448953603e-03,-2.399726048715821770e-03,2.687975706326604084e-04,3.217849692606632693e-03
1.827708622818030593e-03,-1.659129893327566246e-02,-1.812963457708910387e-03,-2.407442528906343724e-03,2.674251565461734938e-04,3.228758237344364190e-03
1.827114241712794436e-03,-1.658590334891499318e-02,-1.812373871767510979e-03,-2.415032413384015069e-03,2.661906676145575743e-04,3.239525615064370138e-03
1.826520053903205997e-03,-1.658050951922558636e-02,-1.811784477562479456e-03,-2.422492697683344739e-03,2.650956251798432467e-04,3.250148502916726072e-03
1.825926059326574754e-03,-1.657511744363715511e-02,-1.811195275031392878e-03,-2.429820340324133961e-03,2.641413085416627771e-04,3.260623494395806666e-03
1.825332257919813151e-03,-1.656972712157957911e-02,-1.810606264111962746e-03,-2.437012272080858397e-03,2.633287502061752413e-04,3.270947103138579018e-03
1.824738649620382671e-03,-1.656433855248230086e-02,-1.810017444741900778e-03,-2.444065405017732499e-03,2.626587316529137967e-04,3.281115766419511436e-03
1.824145234365303530e-03,-1.655895173577521737e-02,-1.809428816858948833e-03,-2.450976641286796778e-03,2.621317796407991057e-04,3.291125848380947305e-03
1.823552012091987336e-03,-1.655356667088894035e-02,-1.808840380400693944e-03,-2.457742881680372981e-03,2.617481630794441698e-04,3.300973643027954249e-03
1.822958982737384048e-03,-1.654818335725360620e-02,-1.808252135305028676e-03,-2.464361033933685705e-03,2.615078904846886610e-04,3.310655377028243283e-03
1.822366146238959053e-03,-1.654280179429977807e-02,-1.807664081509806776e-03,-2.470828020767039564e-03,2.614107080394502641e-04,3.320167212352135612e-03
1.821773502534056958e-03,-1.653742198145849093e-02,-1.807076218952604002e-03,-2.477140787666115562e-03,2.614560982755212643e-04,3.329505248792411550e-03
1.821181051559832200e-03,-1.653204391816025937e-02,-1.806488547571423941e-03,-2.483296310388813898e-03,2.616432793926197053e-04,3.338665526398253754e-03
1.820588793253912364e-03,-1.652666760383669428e-02,-1.805901067303921931e-03,-2.489291602195591816e-03,2.619712052272293651e-04,3.347644027867891902e-03
1.819996727553226806e-03,-1.652129303791866760e-02,-1.805313778088187644e-03,-2.495123720794288538e-03,2.624385658829731134e-04,3.356436680931768404e-03
1.819404854395409617e-03,-1.651592021983755779e-02,-1.804726679861881405e-03,-2.500789774994741348e-03,2.630437890304811112e-04,3.365039360770794540e-03
1.818813173717863515e-03,-1.651054914902522902e-02,-1.804139772562924184e-03,-2.506286931068483527e-03,2.637850418863544070e-04,3.373447892501156217e-03
1.818221685457887572e-03,-1.650517982491373631e-02,-1.803553056129284004e-03,-2.511612418806332802e-03,2.646602338744347420e-04,3.381658053767444116e-03
1.817630389552992495e-03,-1.649981224693428117e-02,-1.802966530499065714e-03,-2.516763537269562593e-03,2.656670199718306970e-04,3.389665577477980404e-03
1.817039285940551729e-03,-1.649444641452042087e-02,-1.802380195609968672e-03,-2.521737660235753679e-03,2.668028047433873909e-04,3.397466154712888362e-03
1.816448374558175946e-03,-1.648908232710318694e-02,-1.801794051400079080e-03,-2.526532241329360745e-03,2.680647470617550008e-04,3.405055437843248350e-03
1.815857655343158144e-03,-1.648371998411582440e-02,-1.801208097807379055e-03,-2.531144818841967684e-03,2.694497655099820110e-04,3.412429043889389328e-03
1.815267128233252324e-03,-1.647835938499083233e-02,-1.800622334769877604e-03,-2.535573020238590485e-03,2.709545444612617283e-04,3.419582558141573327e-03
1.814676793165657812e-03,-1.647300052916146271e-02,-1.800036762225657675e-03,-2.539814566351313984e-03,2.725755408300098979e-04,3.426511538078446089e-03
1.814086650078312055e-03,-1.646764341606074197e-02,-1.799451380112568246e-03,-2.543867275263112220e-03,2.743089914821097010e-04,3.433211517596975945e-03
1.813496698908468371e-03,-1.646228804512194985e-02,-1.798866188369029019e-03,-2.547729065884347770e-03,2.761509212948198020e-04,3.439678011576755880e-03
1.812906939593985712e-03,-1.645693441577826890e-02,-1.798281186932912824e-03,-2.551397961229080660e-03,2.780971518493590864e-04,3.445906520799105113e-03
1.812317372072307997e-03,-1.645158252746367969e-02,-1.797696375742358120e-03,-2.554872091392811420e-03,2.801433107442610564e-04,3.451892537226953703e-03
1.811727996281124395e-03,-1.644623237961201009e-02,-1.797111754735492310e-03,-2.558149696244280992e-03,2.822848415045239910e-04,3.457631549660462617e-03
1.811138812157904844e-03,-1.644088397165726495e-02,-1.796527323850527578e-03,-2.561229127835610089e-03,2.845170140711364816e-04,3.463119049773148456e-03
1.810549819640607612e-03,-1.643553730303411523e-02,-1.795943083025669171e-03,-2.564108852544857899e-03,2.868349358438886825e-04,3.468350538529058405e-03
1.809961018666769424e-03,-1.643019237317590656e-02,-1.795359032198956886e-03,-2.566787452956860883e-03,2.892335632521470315e-04,3.473321532981503684e-03
1.809372409174097229e-03,-1.642484918151796910e-02,-1.794775171308775298e-03,-2.569263629499838990e-03,2.917077138255808294e-04,3.478027573444714745e-03
1.808783991100451714e-03,-1.641950772749485588e-02,-1.794191500293329869e-03,-2.571536201846881357e-03,2.942520787344009986e-04,3.482464231034240569e-03
1.808195764383420346e-03,-1.641416801054138702e-02,-1.793608019090757542e-03,-2.573604110094664891e-03,2.968612357634359982e-04,3.486627115556468429e-03
1.807607728960876608e-03,-1.640883003009295862e-02,-1.793024727639456984e-03,-2.575466415738572254e-03,2.995296626874288963e-04,3.490511883735530896e-03
1.807019884770622422e-03,-1.640349378558498411e-02,-1.792441625877714542e-03,-2.577122302452360732e-03,3.022517510065819723e-04,3.494114247754602845e-03
1.806432231750353242e-03,-1.639815927645290120e-02,-1.791858713743635064e-03,-2.578571076689633798e-03,3.050218200031362399e-04,3.497429984088958575e-03
1.805844769838070270e-03,-1.639282650213217882e-02,-1.791275991175891088e-03,-2.579812168120546902e-03,3.078341310771900573e-04,3.500454942601747155e-03
1.805257498971576729e-03,-1.638749546205851837e-02,-1.790693458112570116e-03,-2.580845129917112239e-03,3.106829023138237065e-04,3.503185055875592153e-03
1.804670419088539235e-03,-1.638216615566849901e-02,-1.790111114492323654e-03,-2.581669638900606877e-03,3.135623232386614001e-04,3.505616348744661215e-03
1.804083530127242830e-03,-1.637683858239760704e-02,-1.789528960253312061e-03,-2.582285495560945714e-03,3.164665697091512218e-04,3.507744947993389657e-03
1.803496832025294067e-03,-1.637151274168317794e-02,-1.788946995333986914e-03,-2.582692623963074932e-03,3.193898188938650452e-04,3.509567092183702407e-03
1.802910324720743149e-03,-1.636618863296149945e-02,-1.788365219672797841e-03,-2.582891071545971758e-03,3.223262642863604322e-04,3.511079141574101684e-03
1.802324008151624671e-03,-1.636086625566858174e-02,-1.787783633208213764e-03,-2.582881008823422007e-03,3.252701307003165714e-04,3.512277588087907645e-03
1.801737882255715619e-03,-1.635554560924244033e-02,-1.787202235878854097e-03,-2.582662728999979632e-03,3.282156891917648294e-04,3.513159065288966147e-03
1.801151946971182426e-03,-1.635022669311974111e-02,-1.786621027622863804e-03,-2.582236647494272081e-03,3.311572718528789675e-04,3.513720358326579037e-03
1.800566202235806199e-03,-1.634490950673809020e-02,-1.786040008379041191e-03,-2.581603301386513425e-03,3.340892864222072198e-04,3.513958413803433545e-03
1.799980647987899519e-03,-1.633959404953387942e-02,-1.785459178085793816e-03,-2.580763348781281007e-03,3.370062306525027857e-04,3.513870349526766138e-03
1.799395284165219424e-03,-1.633428032094629348e-02,-1.784878536681851246e-03,-2.579717568095642611e-03,3.399027063853809062e-04,3.513453464099028020e-03
1.798810110706332201e-03,-1.632896832041244584e-02,-1.784298084105539074e-03,-2.578466857258004345e-03,3.427734332711519674e-04,3.512705246311033282e-03
1.798225127548845701e-03,-1.632365804737039364e-02,-1.783717820295718922e-03,-2.577012232825308998e-03,3.456132620834484080e-04,3.511623384292754477e-03
1.797640334631057544e-03,-1.631834950125861036e-02,-1.783137745190817433e-03,-2.575354829007272302e-03,3.484171875731576981e-04,3.510205774389081688e-03
1.797055731891118334e-03,-1.631304268151507683e-02,-1.782557858729513214e-03,-2.573495896590840496e-03,3.511803608088538047e-04,3.508450529717109783e-03
1.796471319267108633e-03,-1.630773758757849204e-02,-1.781978160850511547e-03,-2.571436801758147147e-03,3.538981009560613874e-04,3.506355988379708001e-03
1.795887096697468092e-03,-1.630243421888809968e-02,-1.781398651492350962e-03,-2.569179024785951063e-03,3.565659064427832313e-04,3.503920721291889709e-03
1.795303064119994300e-03,-1.629713257488269590e-02,-1.780819330593842341e-03,-2.566724158619219150e-03,3.591794654708089759e-04,3.501143539602093440e-03
1.794719221473139049e-03,-1.629183265500168398e-02,-1.780240198093812612e-03,-2.564073907304463811e-03,3.617346658257756479e-04,3.498023501669780648e-03
1.794135568695099346e-03,-1.628653445868348190e-02,-1.779661253930659793e-03,-2.561230084270603360e-03,3.642276039493309837e-04,3.494559919582951833e-03
1.793552105724152863e-03,-1.628123798536790928e-02,-1.779082498043396644e-03,-2.558194610449520973e-03,3.666545932370831045e-04,3.490752365190410642e-03
1.792968832498457359e-03,-1.627594323449508065e-02,-1.778503930370834698e-03,-2.554969512219230389e-03,3.690121715293086572e-04,3.486600675629296722e-03
1.792385748956586491e-03,-1.627065020550463870e-02,-1.777925550851609630e-03,-2.551556919160758320e-03,3.712971077672391762e-04,3.482104958332622215e-03
1.791802855036421114e-03,-1.626535889783670141e-02,-1.777347359424565933e-03,-2.547959061617243674e-03,3.735064077914701996e-04,3.477265595505088167e-03
1.791220150676704672e-03,-1.626006931093151864e-02,-1.776769356028482395e-03,-2.544178268046542665e-03,3.756373192640386090e-04,3.472083248052755360e-03
1.790637635815615523e-03,-1.625478144422920143e-02,-1.776191540602349008e-03,-2.540216962155446984e-03,3.776873356977921868e-04,3.466558858962865905e-03
1.790055310391564479e-03,-1.624949529717055127e-02,-1.775613913085052550e-03,-2.536077659813725221e-03,3.796541995865038393e-04,3.460693656128392432e-03
1.789473174342789746e-03,-1.624421086919665760e-02,-1.775036473415300686e-03,-2.531762965735818473e-03,3.815359046267963357e-04,3.454489154609540705e-03
1.788891227607832457e-03,-1.623892815974820741e-02,-1.774459221532152797e-03,-2.527275569934230720e-03,3.833306970372658286e-04,3.447947158340303360e-03
1.788309470125347151e-03,-1.623364716826575585e-02,-1.773882157374422151e-03,-2.522618243936982068e-03,3.850370759748630313e-04,3.441069761274053070e-03
1.787727901833493539e-03,-1.622836789419145054e-02,-1.773305280881287823e-03,-2.517793836776340433e-03,3.866537930622982182e-04,3.433859347977622888e-03
1.787146522670818825e-03,-1.622309033696688399e-02,-1.772728591991607101e-03,-2.512805270746642020e-03,3.881798510376940903e-04,3.426318593676157959e-03
1.786565332575832483e-03,-1.621781449603290626e-02,-1.772152090644345691e-03,-2.507655536943184486e-03,3.896145015466289220e-04,3.418450463756987200e-03
1.785984331486971995e-03,-1.621254037083201538e-02,-1.771575776778416605e-03,-2.502347690587357950e-03,3.909572421040530504e-04,3.410258212741661740e-03
1.785403519342975602e-03,-1.620726796080606755e-02,-1.770999650332969865e-03,-2.496884846151510400e-03,3.922078122443957600e-04,3.401745382734545301e-03
1.784822896082237419e-03,-1.620199726539734916e-02,-1.770423711247127736e-03,-2.491270172298236298e-03,3.933661889015455842e-04,3.392915801357557389e-03
1.784242461643314190e-03,-1.619672828404834439e-02,-1.769847959459851152e-03,-2.485506886650077317e-03,3.944325810476250610e-04,3.383773579183770898e-03
1.783662215964982971e-03,-1.619146101620174902e-02,-1.769272394910200797e-03,-2.479598250408420954e-03,3.954074236290209318e-04,3.374323106681471202e-03
1.783082158985639393e-03,-1.618619546130007150e-02,-1.768697017537279419e-03,-2.473547562847909758e-03,3.962913708446164670e-04,3.364569050674965939e-03
1.782502290644027119e-03,-1.618093161878632336e-02,-1.768121827280384273e-03,-2.467358155704302107e-03,3.970852888078116880e-04,3.354516350341834631e-03
1.781922610878798737e-03,-1.617566948810347793e-02,-1.767546824078460683e-03,-2.461033387486920646e-03,3.977902476357634285e-04,3.344170212748123414e-03
1.781343119628616594e-03,-1.617040906869483124e-02,-1.766972007870841032e-03,-2.454576637742376249e-03,3.984075130214093530e-04,3.333536107939583711e-03
1.780763816832321711e-03,-1.616515036000442176e-02,-1.766397378596656041e-03,-2.447991301297579390e-03,3.989385373292265178e-04,3.322619763595951407e-03
1.780184702428406866e-03,-1.615989336147570163e-02,-1.765822936195047274e-03,-2.441280782514302587e-03,3.993849502714283016e-04,3.311427159253500178e-03
1.779605776355619191e-03,-1.615463807255227216e-02,-1.765248680605315456e-03,-2.434448489590095542e-03,3.997485492138299680e-04,3.299964520111900012e-03
1.779027038552711886e-03,-1.614938449267795326e-02,-1.764674611766630557e-03,-2.427497828930943232e-03,4.000312891618685142e-04,3.288238310424400346e-03
1.778448488958622254e-03,-1.614413262129766810e-02,-1.764100729618432945e-03,-2.420432199637325907e-03,4.002352724819896413e-04,3.276255226483700336e-03
1.777870127512208229e-03,-1.613888245785534414e-02,-1.763527034099798916e-03,-2.413254988129705757e-03,4.003627384047318632e-04,3.264022189204904018e-03
1.777291954151992079e-03,-1.613363400179556803e-02,-1.762953525150264683e-03,-2.405969562952851425e-03,4.004160523687060069e-04,3.251546336309656896e-03
1.776713968816889420e-03,-1.612838725256288824e-02,-1.762380202709014744e-03,-2.398579269781698792e-03,4.003976952422655410e-04,3.238835014116653831e-03
1.776136171445922554e-03,-1.612314220960250552e-02,-1.761807066715369557e-03,-2.391087426673478306e-03,4.003102524864372153e-04,3.225895768939160066e-03
1.775558561977601387e-03,-1.611789887235991203e-02,-1.761234117108842999e-03,-2.383497319581710534e-03,4.001564032955223934e-04,3.212736338091122263e-03
1.774981140351361087e-03,-1.611265724027993382e-02,-1.760661353828567094e-03,-2.375812198169984044e-03,3.999389097647434847e-04,3.199364640502130180e-03
1.774403906505805234e-03,-1.610741731280845856e-02,-1.760088776814194064e-03,-2.368035271948996413e-03,3.996606061285387233e-04,3.185788766942609842e-03
1.773826860379755770e-03,-1.610217908939093334e-02,-1.759516386005048486e-03,-2.360169706758382790e-03,3.993243881121350957e-04,3.172016969859733915e-03
1.773250001912265788e-03,-1.609694256947250338e-02,-1.758944181340646841e-03,-2.352218621617953830e-03,3.989332024322279598e-04,3.158057652823191477e-03
1.772673331042273022e-03,-1.609170775249993759e-02,-1.758372162760352088e-03,-2.344185085963700500e-03,3.984900364885072990e-04,3.143919359584642671e-03
1.772096847708930310e-03,-1.608647463791955390e-02,-1.757800330203771562e-03,-2.336072117287630364e-03,3.979979082746555510e-04,3.129610762747721004e-03
1.771520551851200106e-03,-1.608124322517726426e-02,-1.757228683610202952e-03,-2.327882679185849790e-03,3.974598565491238556e-04,3.115140652057839764e-03
1.770944443408107747e-03,-1.607601351371985149e-02,-1.756657222919369172e-03,-2.319619679833016465e-03,3.968789312879879468e-04,3.100517922312231913e-03
1.770368522318535674e-03,-1.607078550299394226e-02,-1.756085948070687606e-03,-2.311285970877225131e-03,3.962581844497647878e-04,3.085751560898794717e-03
1.769792788521753167e-03,-1.606555919244688491e-02,-1.755514859003934509e-03,-2.302884346763589465e-03,3.956006610777255137e-04,3.070850634972942250e-03
1.769217241956678229e-03,-1.606033458152527141e-02,-1.754943955658391742e-03,-2.294417544476955260e-03,3.949093907600425245e-04,3.055824278284073256e-03
1.768641882562751013e-03,-1.605511166967626274e-02,-1.754373237973792191e-03,-2.285888243700996691e-03,3.941873794684396339e-04,3.040681677668402669e-03
1.768066710278814275e-03,-1.604989045634817521e-02,-1.753802705889745362e-03,-2.277299067377809485e-03,3.934376017913632229e-04,3.025432059225857066e-03
1.767491725044084173e-03,-1.604467094098748284e-02,-1.753232359345900443e-03,-2.268652582653372506e-03,3.926629935769228872e-04,3.010084674205642814e-03
1.766916926797767106e-03,-1.603945312304297724e-02,-1.752662198282059275e-03,-2.259951302191955114e-03,3.918664449971818900e-04,2.994648784626648304e-03
1.766342315479006156e-03,-1.603423700196248552e-02,-1.752092222637707548e-03,-2.251197685831078047e-03,3.910507940440732691e-04,2.979133648665123913e-03
1.765767891026924887e-03,-1.602902257719367174e-02,-1.751522432352667922e-03,-2.242394142553791238e-03,3.902188204643166139e-04,2.963548505848818005e-03
1.765193653380994678e-03,-1.602380984818516443e-02,-1.750952827366529518e-03,-2.233543032748527574e-03,3.893732401405099490e-04,2.947902562094329489e-03
1.764619602480325001e-03,-1.601859881438580033e-02,-1.750383407619184170e-03,-2.224646670720630340e-03,3.885166999154670469e-04,2.932204974639278459e-03
1.764045738264234577e-03,-1.601338947524368408e-02,-1.749814173050250922e-03,-2.215707327421934103e-03,3.876517728725377573e-04,2.916464836917105619e-03
1.763472060671727494e-03,-1.600818183020802365e-02,-1.749245123599766239e-03,-2.206727233362100384e-03,3.867809540571096071e-04,2.900691163431457116e-03
1.762898569642671514e-03,-1.600297587872829067e-02,-1.748676259207167455e-03,-2.197708581661523240e-03,3.859066566488240078e-04,2.884892874691250865e-03
1.762325265115929343e-03,-1.599777162025292979e-02,-1.748107579812601189e-03,-2.188653531203381235e-03,3.850312085750408450e-04,2.869078782269063061e-03
1.761752147031159059e-03,-1.599256905423202674e-02,-1.747539085355610594e-03,-2.179564209851044682e-03,3.841568495573270204e-04,2.853257574049508985e-03
1.761179215327161136e-03,-1.598736818011485192e-02,-1.746970775776320170e-03,-2.170442717682348303e-03,3.832857285876190294e-04,2.837437799741291799e-03
1.760606469944011503e-03,-1.598216899735118920e-02,-1.746402651014422255e-03,-2.161291130207077839e-03,3.824199018233947144e-04,2.821627856722056741e-03
1.760033910820711645e-03,-1.597697150539146432e-02,-1.745834711010022270e-03,-2.152111501524884944e-03,3.815613308899503558e-04,2.805835976289707944e-03
1.759461537896883860e-03,-1.597177570368534319e-02,-1.745266955702733623e-03,-2.142905867390615133e-03,3.807118815793432659e-04,2.790070210396254635e-03
1.758889351111970686e-03,-1.596658159168324459e-02,-1.744699385032675611e-03,-2.133676248147744255e-03,3.798733229316563777e-04,2.774338418937960168e-03
1.758317350405354598e-03,-1.596138916883537220e-02,-1.744131998939777578e-03,-2.124424651502900864e-03,3.790473266852384089e-04,2.758648257670789049e-03
1.757745535716403757e-03,-1.595619843459308157e-02,-1.743564797364044981e-03,-2.115153075109345217e-03,3.782354670778005764e-04,2.743007166825790592e-03
1.757173906984827415e-03,-1.595100938840679494e-02,-1.742997780245519705e-03,-2.105863508934696822e-03,3.774392209864573531e-04,2.727422360487139884e-03
1.756602464150211007e-03,-1.594582202972756255e-02,-1.742430947524025277e-03,-2.096557937393233109e-03,3.766599683841315637e-04,2.711900816797445379e-03
1.756031207151776546e-03,-1.594063635800720830e-02,-1.741864299139808496e-03,-2.087238341223176825e-03,3.758989930952902998e-04,2.696449269045896741e-03
1.755460135929510623e-03,-1.593545237269619955e-02,-1.741297835032670554e-03,-2.077906699098836570e-03,3.751574838378554546e-04,2.681074197691808107e-03
1.754889250422768388e-03,-1.593027007324585714e-02,-1.740731555142892729e-03,-2.068564988967186522e-03,3.744365355219073815e-04,2.665781823367099207e-03
1.754318550571068057e-03,-1.592508945910940665e-02,-1.740165459410549864e-03,-2.059215189104588416e-03,3.737371507922280047e-04,2.650578100891010178e-03
1.753748036314161166e-03,-1.591991052973787055e-02,-1.739599547775725046e-03,-2.049859278894637215e-03,3.730602417945026966e-04,2.635468714334318445e-03
1.753177707591548583e-03,-1.591473328458305539e-02,-1.739033820178574000e-03,-2.040499239331449062e-03,3.724066321421987602e-04,2.620459073139617522e-03
1.752607564343070965e-03,-1.590955772309805144e-02,-1.738468276559183064e-03,-2.031137053257409467e-03,3.717770590622633282e-04,2.605554309323311699e-03
1.752037606508418700e-03,-1.590438384473491160e-02,-1.737902916857719891e-03,-2.021774705342586909e-03,3.711721757055198661e-04,2.590759275748478075e-03
1.751467834027236638e-03,-1.589921164894603917e-02,-1.737337741014354300e-03,-2.012414181829450498e-03,3.705925535969832965e-04,2.576078545469407365e-03
1.750898246839158135e-03,-1.589404113518485054e-02,-1.736772748969396627e-03,-2.003057470050897439e-03,3.700386852061973882e-04,2.561516412130006130e-03
1.750328844884204045e-03,-1.588887230290392250e-02,-1.736207940662919547e-03,-1.993706557750106120e-03,3.695109866204439580e-04,2.547076891388820943e-03
1.749759628101686367e-03,-1.588370515155647020e-02,-1.735643316035418576e-03,-1.984363432218802688e-03,3.690098003022382746e-04,2.532763723339936067e-03
1.749190596431632891e-03,-1.587853968059538962e-02,-1.735078875027010192e-03,-1.975030079280913446e-03,3.685353979100727513e-04,2.518580375890536877e-03
1.748621749814006790e-03,-1.587337588947515185e-02,-1.734514617577842749e-03,-1.965708482144628080e-03,3.680879831703436555e-04,2.504530049041675706e-03
1.748053088188303078e-03,-1.586821377764868410e-02,-1.733950543628504570e-03,-1.956400620146622488e-03,3.676676947796371584e-04,2.490615680024779819e-03
1.747484611494604404e-03,-1.586305334457034297e-02,-1.733386653119141406e-03,-1.947108467417763477e-03,3.672746093221962763e-04,2.476839949228297304e-03
1.746916319672728443e-03,-1.585789458969380852e-02,-1.732822945990061640e-03,-1.937833991488001643e-03,3.669087441943868241e-04,2.463205286854563102e-03
1.746348212662460556e-03,-1.585273751247374963e-02,-1.732259422181787675e-03,-1.928579151860495677e-03,3.665700605110962240e-04,2.449713880232693222e-03
1.745780290403790369e-03,-1.584758211236463391e-02,-1.731696081634544844e-03,-1.919345898572331162e-03,3.662584659966551656e-04,2.436367681722732565e-03
1.745212552836622943e-03,-1.584242838882027327e-02,-1.731132924288804591e-03,-1.910136170764581507e-03,3.659738178348787181e-04,2.423168417132131203e-03
1.744644999900884803e-03,-1.583727634129625944e-02,-1.730569950085002586e-03,-1.900951895280955173e-03,3.657159254795904423e-04,2.410117594572745020e-03
1.744077631536453251e-03,-1.583212596924752844e-02,-1.730007158963628054e-03,-1.891794985309125116e-03,3.654845534105625603e-04,2.397216513680300743e-03
1.743510447683340901e-03,-1.582697727212867625e-02,-1.729444550865063971e-03,-1.882667339081108438e-03,3.652794238260247150e-04,2.384466275127672830e-03
1.742943448281494227e-03,-1.582183024939517665e-02,-1.728882125729931185e-03,-1.873570838644246679e-03,3.651002192755499584e-04,2.371867790354659049e-03
1.742376633271054860e-03,-1.581668490050257281e-02,-1.728319883498517047e-03,-1.864507348711840710e-03,3.649465852116002065e-04,2.359421791442301020e-03
1.741810002592057965e-03,-1.581154122490675482e-02,-1.727757824111440885e-03,-1.855478715600123243e-03,3.648181324698797270e-04,2.347128841066778264e-03
1.741243556184574482e-03,-1.580639922206319645e-02,-1.727195947509157668e-03,-1.846486766257276644e-03,3.647144396681153695e-04,2.334989342470274350e-03
1.740677293988559561e-03,-1.580125889142765250e-02,-1.726634253632358500e-03,-1.837533307384853817e-03,3.646350555213105117e-04,2.323003549375223832e-03
1.740111215944197551e-03,-1.579612023245697758e-02,-1.726072742421567736e-03,-1.828620124655000716e-03,3.645795010735498063e-04,2.311171575804510294e-03
1.739545321991521230e-03,-1.579098324460744690e-02,-1.725511413817382590e-03,-1.819748982017610180e-03,3.645472718421900933e-04,2.299493405736275416e-03
1.738979612070724488e-03,-1.578584792733560629e-02,-1.724950267760419573e-03,-1.810921621097727995e-03,3.645378398812905017e-04,2.287968902558628562e-03
1.738414086122086434e-03,-1.578071428009775179e-02,-1.724389304191194369e-03,-1.802139760671636268e-03,3.645506557548110183e-04,2.276597818270557644e-03
1.737848744085495646e-03,-1.577558230235077616e-02,-1.723828523050604730e-03,-1.793405096222900176e-03,3.645851504318748629e-04,2.265379802400897553e-03
1.737283585901263109e-03,-1.577045199355238750e-02,-1.723267924279164387e-03,-1.784719299564454555e-03,3.646407370950860362e-04,2.254314410606481425e-03
1.736718611509764859e-03,-1.576532335315944736e-02,-1.722707507817498960e-03,-1.776084018518747122e-03,3.647168128730930649e-04,2.243401112921244306e-03
1.736153820850880802e-03,-1.576019638062942790e-02,-1.722147273606509672e-03,-1.767500876645837493e-03,3.648127604942830019e-04,2.232639301633000065e-03
1.735589213865259975e-03,-1.575507107541974580e-02,-1.721587221586759475e-03,-1.758971473012311843e-03,3.649279498642636036e-04,2.222028298770638895e-03
1.735024790492784453e-03,-1.574994743698886548e-02,-1.721027351699187758e-03,-1.750497381987079284e-03,3.650617395773439401e-04,2.211567363188438745e-03
1.734460550673943896e-03,-1.574482546479361728e-02,-1.720467663884441391e-03,-1.742080153049735880e-03,3.652134783534670003e-04,2.201255697226547816e-03
1.733896494349107618e-03,-1.573970515829285419e-02,-1.719908158083285638e-03,-1.733721310612631452e-03,3.653825064143636559e-04,2.191092452958507460e-03
1.733332621458637127e-03,-1.573458651694513780e-02,-1.719348834236476223e-03,-1.725422353834501089e-03,3.655681567982727509e-04,2.181076738010610631e-03
1.732768931942627868e-03,-1.572946954020842600e-02,-1.718789692285040789e-03,-1.717184756418388717e-03,3.657697566134569464e-04,2.171207620954709611e-03
1.732205425741548468e-03,-1.572435422754144344e-02,-1.718230732169690389e-03,-1.709009966392046730e-03,3.659866282425173643e-04,2.161484136286734477e-03
1.731642102795945834e-03,-1.571924057840321312e-02,-1.717671953831288950e-03,-1.700899405847613186e-03,3.662180904890795772e-04,2.151905288978585816e-03
1.731078963045978945e-03,-1.571412859225239725e-02,-1.717113357210779115e-03,-1.692854470650691093e-03,3.664634596818647618e-04,2.142470058642907422e-03
1.730516006432223112e-03,-1.570901826854842129e-02,-1.716554942249028928e-03,-1.684876530097404639e-03,3.667220507298216462e-04,2.133177403291778868e-03
1.729953232895333013e-03,-1.570390960675060663e-02,-1.715996708886801704e-03,-1.676966926515870539e-03,3.669931781395543513e-04,2.124026262711329032e-03
1.729390642375189637e-03,-1.569880260631857302e-02,-1.715438657065443840e-03,-1.669126974816258257e-03,3.672761569880723205e-04,2.115015561481916120e-03
1.728828234812810000e-03,-1.569369726671205126e-02,-1.714880786725527179e-03,-1.661357961976124868e-03,3.675703038639812378e-04,2.106144211642669434e-03
1.728266010148507689e-03,-1.568859358739101845e-02,-1.714323097808178459e-03,-1.653661146455758391e-03,3.678749377713457880e-04,2.097411115012237561e-03
1.727703968322886856e-03,-1.568349156781550374e-02,-1.713765590254345090e-03,-1.646037757555559233e-03,3.681893810020366096e-04,2.088815165211098217e-03
1.727142109276172616e-03,-1.567839120744516160e-02,-1.713208264005253991e-03,-1.638488994696530015e-03,3.685129599803337627e-04,2.080355249369273372e-03
1.726580432949267278e-03,-1.567329250574139854e-02,-1.712651119001724637e-03,-1.631016026644292131e-03,3.688450060741578561e-04,2.072030249574255672e-03
1.726018939282632746e-03,-1.566819546216414311e-02,-1.712094155184874008e-03,-1.623619990655255502e-03,3.691848563862499947e-04,2.063839044041601133e-03
1.725457628216790773e-03,-1.566310007617480529e-02,-1.711537372495820818e-03,-1.616301991559678007e-03,3.695318545133358871e-04,2.055780508045464312e-03
1.724896499692612660e-03,-1.565800634723308812e-02,-1.710980770875549992e-03,-1.609063100785954438e-03,3.698853512857235189e-04,2.047853514634104082e-03
1.724335553650350843e-03,-1.565291427480143896e-02,-1.710424350265351764e-03,-1.601904355331122080e-03,3.702447054805711930e-04,2.040056935146347238e-03
1.723774790030795524e-03,-1.564782385834015410e-02,-1.709868110606326853e-03,-1.594826756665589053e-03,3.706092845163891153e-04,2.032389639529586303e-03
1.723214208774821688e-03,-1.564273509731140335e-02,-1.709312051839503984e-03,-1.587831269600625513e-03,3.709784651196813203e-04,2.024850496502375585e-03
1.722653809823123912e-03,-1.563764799117674936e-02,-1.708756173906010763e-03,-1.580918821199681339e-03,3.713516339832238452e-04,2.017438373721542732e-03
1.722093593115957017e-03,-1.563256253939758478e-02,-1.708200476747365540e-03,-1.574090299169229965e-03,3.717281883645713256e-04,2.010152136991883408e-03
1.721533558594672171e-03,-1.562747874143637430e-02,-1.707644960304371528e-03,-1.567346551181849571e-03,3.721075367315845720e-04,2.002990650995720070e-03
1.720973706199868322e-03,-1.562239659675502927e-02,-1.707089624518383581e-03,-1.560688383234713457e-03,3.724890993225020907e-04,1.995952778322399642e-03
1.720414035871954033e-03,-1.561731610481607337e-02,-1.706534469330857817e-03,-1.554116558442080907e-03,3.728723087154360853e-04,1.989037379175679059e-03
1.719854547551926370e-03,-1.561223726508140924e-02,-1.705979494682943309e-03,-1.547631795723831277e-03,3.732566103688921260e-04,1.982243310847526824e-03
1.719295241180643407e-03,-1.560716007701444356e-02,-1.705424700515871094e-03,-1.541234768511562164e-03,3.736414631423688802e-04,1.975569427160546888e-03
1.718736116698909872e-03,-1.560208454007772950e-02,-1.704870086770980848e-03,-1.534926103452459098e-03,3.740263397950394498e-04,1.969014577851473102e-03
1.718177174047373721e-03,-1.559701065373397810e-02,-1.704315653389716547e-03,-1.528706379116122945e-03,3.744107274592881627e-04,1.962577607898660734e-03
1.717618413167359883e-03,-1.559193841744711123e-02,-1.703761400313163511e-03,-1.522576124736123434e-03,3.747941280932297250e-04,1.956257356841389211e-03
1.717059833999568354e-03,-1.558686783068008279e-02,-1.703207327482769836e-03,-1.516535818973140885e-03,3.751760589068720703e-04,1.950052658075660233e-03
1.716501436484557533e-03,-1.558179889289696210e-02,-1.702653434840163595e-03,-1.510585888718194575e-03,3.755560527674778131e-04,1.943962338140713597e-03
1.715943220563719788e-03,-1.557673160356087827e-02,-1.702099722326430326e-03,-1.504726707936353920e-03,3.759336585759158141e-04,1.937985216007398091e-03
1.715385186177778966e-03,-1.557166596213638288e-02,-1.701546189883164492e-03,-1.498958596565519311e-03,3.763084416185415973e-04,1.932120102372052086e-03
1.714827333267807162e-03,-1.556660196808697626e-02,-1.700992837451701213e-03,-1.493281819473385582e-03,3.766799838937384443e-04,1.926365798974974917e-03
1.714269661774651390e-03,-1.556153962087701396e-02,-1.700439664973585081e-03,-1.487696585479103290e-03,3.770478844099868520e-04,1.920721097928777300e-03
1.713712171639227401e-03,-1.555647891997121411e-02,-1.699886672390369139e-03,-1.482203046449239066e-03,3.774117594559274220e-04,1.915184781086008269e-03
1.713154862802800712e-03,-1.555141986483388368e-02,-1.699333859643378103e-03,-1.476801296465632884e-03,3.777712428426229082e-04,1.909755619426250703e-03
1.712597735206528417e-03,-1.554636245493019528e-02,-1.698781226674080016e-03,-1.471491371094939835e-03,3.781259861160315939e-04,1.904432372505674266e-03
1.712040788791081023e-03,-1.554130668972465018e-02,-1.698228773424242380e-03,-1.466273246732265620e-03,3.784756587406805177e-04,1.899213787928893645e-03
1.711484023497568570e-03,-1.553625256868246783e-02,-1.697676499835393737e-03,-1.461146840052023142e-03,3.788199482512132478e-04,1.894098600878011286e-03
1.710927439267351116e-03,-1.553120009126947310e-02,-1.697124405848962668e-03,-1.456112007557226187e-03,3.791585603739183199e-04,1.889085533692624582e-03
1.710371036041611996e-03,-1.552614925695039449e-02,-1.696572491406493762e-03,-1.451168545238000658e-03,3.794912191183465438e-04,1.884173295504071571e-03
1.709814813760934327e-03,-1.552110006519107077e-02,-1.696020756449911947e-03,-1.446316188341590162e-03,3.798176668333557446e-04,1.879360581929678765e-03
1.709258772367240869e-03,-1.551605251545822538e-02,-1.695469200920421372e-03,-1.441554611261569412e-03,3.801376642336903042e-04,1.874646074828576923e-03
1.708702911801197573e-03,-1.551100660721705174e-02,-1.694917824759950000e-03,-1.436883427544124580e-03,3.804509903925337223e-04,1.870028442119770189e-03
1.708147232004038297e-03,-1.550596233993361064e-02,-1.694366627910137832e-03,-1.432302190020318155e-03,3.807574427009307780e-04,1.865506337663747072e-03
1.707591732917046337e-03,-1.550091971307432544e-02,-1.693815610312657174e-03,-1.427810391073152437e-03,3.810568367932985583e-04,1.861078401225141820e-03
1.707036414481418471e-03,-1.549587872610598549e-02,-1.693264771909210910e-03,-1.423407463025657110e-03,3.813490064401289315e-04,1.856743258488555755e-03
1.706481276638422816e-03,-1.549083937849502629e-02,-1.692714112641528811e-03,-1.419092778676627137e-03,3.816338034051176983e-04,1.852499521165374818e-03
1.705926319329463666e-03,-1.548580166970898314e-02,-1.692163632451268874e-03,-1.414865651964133681e-03,3.819110972690394719e-04,1.848345787160905838e-03
1.705371542495633065e-03,-1.548076559921390989e-02,-1.691613331280318079e-03,-1.410725338773494543e-03,3.821807752191534410e-04,1.844280640822260498e-03
1.704816946078349833e-03,-1.547573116647787440e-02,-1.691063209070371286e-03,-1.406671037890808726e-03,3.824427418038051042e-04,1.840302653268010907e-03
1.704262530018936517e-03,-1.547069837096739023e-02,-1.690513265763268422e-03,-1.402701892100636756e-03,3.826969186520024738e-04,1.836410382796837540e-03
1.703708294258673810e-03,-1.546566721215086697e-02,-1.689963501300830546e-03,-1.398816989425456705e-03,3.829432441591791038e-04,1.832602375365211369e-03
1.703154238739039081e-03,-1.546063768949601860e-02,-1.689413915624858121e-03,-1.395015364524221022e-03,3.831816731386063408e-04,1.828877165167525944e-03
1.702600363401427950e-03,-1.545560980247004043e-02,-1.688864508677186734e-03,-1.391296000230294065e-03,3.834121764362136424e-04,1.825233275279061589e-03
1.702046668186924872e-03,-1.545058355054120848e-02,-1.688315280399893970e-03,-1.387657829252186706e-03,3.836347405126072814e-04,1.821669218400511587e-03
1.701493153037349606e-03,-1.544555893317831399e-02,-1.687766230734635440e-03,-1.384099736020549158e-03,3.838493669923922222e-04,1.818183497678410327e-03
1.700939817893952488e-03,-1.544053594984983596e-02,-1.687217359623430397e-03,-1.380620558691299975e-03,3.840560721755779299e-04,1.814774607616596695e-03
1.700386662698391083e-03,-1.543551460002354561e-02,-1.686668667008110528e-03,-1.377219091304550131e-03,3.842548865165134079e-04,1.811441035075524956e-03
1.699833687391739435e-03,-1.543049488316851695e-02,-1.686120152830854028e-03,-1.373894086103230518e-03,3.844458540709016440e-04,1.808181260365156152e-03
1.699280891915895151e-03,-1.542547679875427673e-02,-1.685571817033400428e-03,-1.370644256005700652e-03,3.846290319065718329e-04,1.804993758427427810e-03
1.698728276212308928e-03,-1.542046034624941150e-02,-1.685023659557792616e-03,-1.367468277233003637e-03,3.848044894819933870e-04,1.801877000103068718e-03
1.698175840222337571e-03,-1.541544552512344630e-02,-1.684475680346129208e-03,-1.364364792104963073e-03,3.849723079924371365e-04,1.798829453508341610e-03
1.697623583887676374e-03,-1.541043233484556095e-02,-1.683927879340364839e-03,-1.361332411987291975e-03,3.851325796816654603e-04,1.795849585495839715e-03
1.697071507149819402e-03,-1.540542077488558925e-02,-1.683380256482584249e-03,-1.358369720399129786e-03,3.852854071224806609e-04,1.792935863208934295e-03
1.696519609950193934e-03,-1.540041084471327135e-02,-1.682832811714966717e-03,-1.355475276289601523e-03,3.854309024642557516e-04,1.790086755749789333e-03
1.695967892230797538e-03,-1.539540254379871340e-02,-1.682285544979353689e-03,-1.352647617465612502e-03,3.855691866484348748e-04,1.787300735927791493e-03
1.695416353933015862e-03,-1.539039587161196779e-02,-1.681738456218000340e-03,-1.349885264188600571e-03,3.857003885929017771e-04,1.784576282123541283e-03
1.694864994998566531e-03,-1.538539082762314068e-02,-1.681191545372997696e-03,-1.347186722927826760e-03,3.858246443439883734e-04,1.781911880240105370e-03
1.694313815369006930e-03,-1.538038741130327153e-02,-1.680644812386528292e-03,-1.344550490284500410e-03,3.859420961967978815e-04,1.779306025772078945e-03
1.693762814986189344e-03,-1.537538562212306149e-02,-1.680098257200684023e-03,-1.341975057076696476e-03,3.860528917871688601e-04,1.776757225972891777e-03
1.693211993791767650e-03,-1.537038545955270522e-02,-1.679551879757656312e-03,-1.339458912586169795e-03,3.861571831472864901e-04,1.774264002124947360e-03
1.692661351727546646e-03,-1.536538692306358388e-02,-1.679005679999609263e-03,-1.337000548977393139e-03,3.862551257372657675e-04,1.771824891920763994e-03
1.692110888735344791e-03,-1.536039001212698499e-02,-1.678459657868700038e-03,-1.334598465878916165e-03,3.863468774388340238e-04,1.769438451953059526e-03
1.691560604756506964e-03,-1.535539472621430014e-02,-1.677913813307430795e-03,-1.332251175133689026e-03,3.864325975258699588e-04,1.767103260310935687e-03
1.691010499733244105e-03,-1.535040106479654103e-02,-1.677368146257779587e-03,-1.329957205724026240e-03,3.865124455953769370e-04,1.764817919293621166e-03
1.690460573607343664e-03,-1.534540902734559710e-02,-1.676822656662050378e-03,-1.327715108860166686e-03,3.865865804764262188e-04,1.762581058231444883e-03
1.689910826320263930e-03,-1.534041861333415926e-02,-1.676277344462734917e-03,-1.325523463248297253e-03,3.866551591019709274e-04,1.760391336422800030e-03
1.689361257814273954e-03,-1.533542982223316462e-02,-1.675732209601897343e-03,-1.323380881734211338e-03,3.867183354894528210e-04,1.758247445848091194e-03
1.688811868030962778e-03,-1.533044265351528324e-02,-1.675187252022015093e-03,-1.321286022085306532e-03,3.867762602175137945e-04,1.756148117828889134e-03
1.688262656912196784e-03,-1.532545710665328756e-02,-1.674642471665450027e-03,-1.319237594779768853e-03,3.868290798728546333e-04,1.754092140572058398e-03
1.687713624399847989e-03,-1.532047318111913990e-02,-1.674097868474584173e-03,-1.317234362404707615e-03,3.868769370278497084e-04,1.752078349628996340e-03
1.687164770436126249e-03,-1.531549087638586944e-02,-1.673553442391629556e-03,-1.315275149039783200e-03,3.869199703803594538e-04,1.750105631644307451e-03
1.686616094962492454e-03,-1.531051019192656779e-02,-1.673009193359264188e-03,-1.313358851066971818e-03,3.869583148972409502e-04,1.748172932343016470e-03
1.686067597921418401e-03,-1.530553112721386166e-02,-1.672465121319606854e-03,-1.311484446259137630e-03,3.869921019456427479e-04,1.746279263309900897e-03
1.685519279254440008e-03,-1.530055368172138393e-02,-1.671921226215362672e-03,-1.309651001263575400e-03,3.870214594227359452e-04,1.744423707678171209e-03
1.684971138903900920e-03,-1.529557785492227651e-02,-1.671377507988769905e-03,-1.307857677595349565e-03,3.870465118732465824e-04,1.742605424863274272e-03
1.684423176811730401e-03,-1.529060364628993286e-02,-1.670833966582374727e-03,-1.306103736243210143e-03,3.870673806036736852e-04,1.740823654456665794e-03
1.683875392919819552e-03,-1.528563105529902842e-02,-1.670290601938734156e-03,-1.304388540995772994e-03,3.870841837912149903e-04,1.739077719408422488e-03
1.683327787170269159e-03,-1.528066008142273634e-02,-1.669747414000349048e-03,-1.302711560585021128e-03,3.870970365845266244e-04,1.737367028612735089e-03
1.682780359505188462e-03,-1.527569072413522723e-02,-1.669204402709724162e-03,-1.301072369743664844e-03,3.871060511998813199e-04,1.735691079011985683e-03
1.682233109866609075e-03,-1.527072298291066478e-02,-1.668661568009439933e-03,-1.299470649269002763e-03,3.871113370151774711e-04,1.734049457321701002e-03
1.681686038196696618e-03,-1.526575685722402279e-02,-1.668118909842039501e-03,-1.297906185183068245e-03,3.871130006566990520e-04,1.732441841478001574e-03
1.681139144437658562e-03,-1.526079234654944931e-02,-1.667576428150052562e-03,-1.296378867070783168e-03,3.871111460832945910e-04,1.730868001896959576e-03
1.680592428531425906e-03,-1.525582945036191122e-02,-1.667034122876228036e-03,-1.294888685687261426e-03,3.871058746650824964e-04,1.729327802631210964e-03
1.680045890420144754e-03,-1.525086816813643435e-02,-1.666491993963196668e-03,-1.293435729903126335e-03,3.870972852617910061e-04,1.727821202495561813e-03
1.679499530046299049e-03,-1.524590849934809832e-02,-1.665950041353415510e-03,-1.292020183076732437e-03,3.870854742949451813e-04,1.726348256233992519e-03
1.678953347351662363e-03,-1.524095044347216488e-02,-1.665408264989819750e-03,-1.290642318921529858e-03,3.870705358183281755e-04,1.724909115786031101e-03
1.678407342278846141e-03,-1.523599399998398253e-02,-1.664866664814846058e-03,-1.289302496941224698e-03,3.870525615873729930e-04,1.723504031705387933e-03
1.677861514769911919e-03,-1.523103916835924498e-02,-1.664325240771315348e-03,-1.288001157509457073e-03,3.870316411236739812e-04,1.722133354777999554e-03
1.677315864767303525e-03,-1.522608594807413687e-02,-1.663783992801817161e-03,-1.286738816653993072e-03,3.870078617788301847e-04,1.720797537882237487e-03
1.676770392212896229e-03,-1.522113433860419057e-02,-1.663242920849336559e-03,-1.285516060618898792e-03,3.869813087991318275e-04,1.719497138121617611e-03
1.676225097049146000e-03,-1.521618433942547449e-02,-1.662702024856541365e-03,-1.284333540264581252e-03,3.869520653819685883e-04,1.718232819263933045e-03
1.675679979218525073e-03,-1.521123595001476654e-02,-1.662161304766099617e-03,-1.283191965370235289e-03,3.869202127385741141e-04,1.717005354511628567e-03
1.675135038663334375e-03,-1.520628916984841442e-02,-1.661620760520837433e-03,-1.282092098894145778e-03,3.868858301513115232e-04,1.715815629620799599e-03
1.674590275325715675e-03,-1.520134399840298960e-02,-1.661080392063687397e-03,-1.281034751254964176e-03,3.868489950325690557e-04,1.714664646392442468e-03
1.674045689148148360e-03,-1.519640043515528040e-02,-1.660540199337413609e-03,-1.280020774682593667e-03,3.868097829819040333e-04,1.713553526548311501e-03
1.673501280073345573e-03,-1.519145847958222606e-02,-1.660000182284675869e-03,-1.279051057693303926e-03,3.867682678420687899e-04,1.712483516005203947e-03
1.672957048043017571e-03,-1.518651813116148053e-02,-1.659460340848759995e-03,-1.278126519737106089e-03,3.867245217598756129e-04,1.711455989556505278e-03
1.672412993000127945e-03,-1.518157938936974712e-02,-1.658920674972218885e-03,-1.277248106060425558e-03,3.866786152421160423e-04,1.710472455977312973e-03
1.671869114886922331e-03,-1.517664225368507529e-02,-1.658381184598100265e-03,-1.276416782827384782e-03,3.866306172167022302e-04,1.709534563551825398e-03
1.671325413646121676e-03,-1.517170672358488827e-02,-1.657841869669161947e-03,-1.275633532534546817e-03,3.865805950914740657e-04,1.708644106042368294e-03
1.670781889219724202e-03,-1.516677279854733093e-02,-1.657302730128628601e-03,-1.274899349751156116e-03,3.865286148186327145e-04,1.707803029097573668e-03
1.670238541550659456e-03,-1.516184047805011967e-02,-1.656763765919220741e-03,-1.274215237211482428e-03,3.864747409583540127e-04,1.707013437112201316e-03
1.669695370581367362e-03,-1.515690976157094312e-02,-1.656224976983966361e-03,-1.273582202279886517e-03,3.864190367471117432e-04,1.706277600542339999e-03
1.669152376254058861e-03,-1.515198064858914485e-02,-1.655686363266039391e-03,-1.273001253800280872e-03,3.863615641678228604e-04,1.705597963679365359e-03
1.668609558511792521e-03,-1.514705313858259565e-02,-1.655147924708185499e-03,-1.272473399337686927e-03,3.863023840251439758e-04,1.704977152889356005e-03
1.668066917296634000e-03,-1.514212723103028346e-02,-1.654609661253706116e-03,-1.271999642806369117e-03,3.862415560254688356e-04,1.704417985311131901e-03
1.667524452551477502e-03,-1.513720292541110950e-02,-1.654071572845520165e-03,-1.271580982472433506e-03,3.861791388618710072e-04,1.703923478018675190e-03
1.666982164218872020e-03,-1.513228022120382578e-02,-1.653533659426717223e-03,-1.271218409305204487e-03,3.861151903064302541e-04,1.703496857626060970e-03
1.666440052241716313e-03,-1.512735911788811241e-02,-1.652995920940227058e-03,-1.270912905637751984e-03,3.860497673117527814e-04,1.703141570329713824e-03
1.665898116562066064e-03,-1.512243961494263642e-02,-1.652458357329518934e-03,-1.270665444084800215e-03,3.859829261183619496e-04,1.702861292350168988e-03
1.665356357123165239e-03,-1.511752171184778566e-02,-1.651920968537379068e-03,-1.270476986642272424e-03,3.859147223762093653e-04,1.702659940733119472e-03
1.664814773867279206e-03,-1.511260540808299566e-02,-1.651383754507204302e-03,-1.270348483876828933e-03,3.858452112776592706e-04,1.702541684447359590e-03
1.664273366737291111e-03,-1.510769070312820497e-02,-1.650846715182058191e-03,-1.270280874088069003e-03,3.857744477061939730e-04,1.702510955688809734e-03
1.663732135676061329e-03,-1.510277759646301912e-02,-1.650309850505042456e-03,-1.270275082290826243e-03,3.857024864024113237e-04,1.702572461265422629e-03
1.663191080626154469e-03,-1.509786608756800118e-02,-1.649773160419461780e-03,-1.270332018843188179e-03,3.856293821510996278e-04,1.702731193897805660e-03
1.662650201530463650e-03,-1.509295617592386861e-02,-1.649236644868452579e-03,-1.270452577486639060e-03,3.855551899936105701e-04,1.702992443205139650e-03
1.662109498331551527e-03,-1.508804786101048886e-02,-1.648700303795393044e-03,-1.270637632538326863e-03,3.854799654699419902e-04,1.703361806081440987e-03
1.661568970972297776e-03,-1.508314114230892636e-02,-1.648164137143498520e-03,-1.270888034896804812e-03,3.854037648942551758e-04,1.703845196062863266e-03
1.661028619395655149e-03,-1.507823601930008764e-02,-1.647628144855962451e-03,-1.271204606468599903e-03,3.853266456750523952e-04,1.704448851173270439e-03
1.660488443544342208e-03,-1.507333249146509090e-02,-1.647092326876137226e-03,-1.271588132539982607e-03,3.852486666800745171e-04,1.705179339576723971e-03
1.659948443361388250e-03,-1.506843055828513585e-02,-1.646556683147251416e-03,-1.272039351518709305e-03,3.851698886658918349e-04,1.706043562175846859e-03
1.659408618789239486e-03,-1.506353021924204325e-02,-1.646021213612869263e-03,-1.272558941359726954e-03,3.850903747736086728e-04,1.707048751039932574e-03
1.658868969771209491e-03,-1.505863147381664505e-02,-1.645485918216097907e-03,-1.273147501864144941e-03,3.850101911110583768e-04,1.708202462242946855e-03
1.658329496249987337e-03,-1.505373432149104997e-02,-1.644950796900458657e-03,-1.273805531877919995e-03,3.849294074347750462e-04,1.709512561289226523e-03
1.657790198168621401e-03,-1.504883876174715682e-02,-1.644415849609235378e-03,-1.274533400245747789e-03,3.848480979541076875e-04,1.710987198816077718e-03
1.657251075469932163e-03,-1.504394479406718013e-02,-1.643881076285916201e-03,-1.275331309171867569e-03,3.847663422792620440e-04,1.712634773634570456e-03
1.656712128096820549e-03,-1.503905241793327546e-02,-1.643346476873984701e-03,-1.276199248410794101e-03,3.846842265401647656e-04,1.714463879393186363e-03
1.656173355992685784e-03,-1.503416163282773541e-02,-1.642812051316616326e-03,-1.277136938460327574e-03,3.846018447133338260e-04,1.716483230174713041e-03
1.655634759099961287e-03,-1.502927243823309889e-02,-1.642277799557614491e-03,-1.278143760660730615e-03,3.845193001951685780e-04,1.718701559136684865e-03
1.655096337362141042e-03,-1.502438483363236800e-02,-1.641743721540177411e-03,-1.279218671825409475e-03,3.844367076582106660e-04,1.721127482813998013e-03
1.654558090722104942e-03,-1.501949881850823086e-02,-1.641209817207906841e-03,-1.280360100773329053e-03,3.843541952542727652e-04,1.723769321885293372e-03
1.654020019122821785e-03,-1.501461439234393763e-02,-1.640676086504362901e-03,-1.281565823907247249e-03,3.842719072085473198e-04,1.726634867014251954e-03
1.653482122507593001e-03,-1.500973155462286511e-02,-1.640142529372940264e-03,-1.282832816872903981e-03,3.841900068684891414e-04,1.729731075743095800e-03
1.652944400818999026e-03,-1.500485030482828948e-02,-1.639609145757500459e-03,-1.284157079381827897e-03,3.841086802607642523e-04,1.733063683373433760e-03
1.652406854000612558e-03,-1.499997064244354590e-02,-1.639075935601365950e-03,-1.285533430610163574e-03,3.840281402064605536e-04,1.736636707294481833e-03
1.651869481995431235e-03,-1.499509256695292017e-02,-1.638542898848170800e-03,-1.286955273358495345e-03,3.839486310144282679e-04,1.740451820478663590e-03
1.651332284746810262e-03,-1.499021607784023144e-02,-1.638010035441429379e-03,-1.288414326553990541e-03,3.838704337369151136e-04,1.744507566110341072e-03
1.650795262197479046e-03,-1.498534117458956948e-02,-1.637477345325020562e-03,-1.289900327973962516e-03,3.837938718958803673e-04,1.748798382072853366e-03
1.650258414291203273e-03,-1.498046785668496507e-02,-1.636944828442231468e-03,-1.291400712592593062e-03,3.837193174602870384e-04,1.753313402222484753e-03
1.649721740970660089e-03,-1.497559612361072309e-02,-1.636412484737053731e-03,-1.292900277022883838e-03,3.836471966796306792e-04,1.758035002496953188e-03
1.649185242179330253e-03,-1.497072597485165149e-02,-1.635880314153010176e-03,-1.294380847478186292e-03,3.835779950907128094e-04,1.762937066296306780e-03
1.648648917860430843e-03,-1.496585740989270046e-02,-1.635348316633812712e-03,-1.295820977665250668e-03,3.835122606238695691e-04,1.767982958578206585e-03
1.648112767957040595e-03,-1.496099042821861722e-02,-1.634816492123303570e-03,-1.297195713838991725e-03,3.834506032160094470e-04,1.773123226513273996e-03
1.647576792412795742e-03,-1.495612502931457401e-02,-1.634284840565004056e-03,-1.298476476005831770e-03,3.833936886540314170e-04,1.778293092183641380e-03
1.647040991170745745e-03,-1.495126121266591827e-02,-1.633753361902792831e-03,-1.299631114964334587e-03,3.833422236508879062e-04,1.783409876305335926e-03
1.646505364174081446e-03,-1.494639897775814838e-02,-1.633222056080545301e-03,-1.300624211035144228e-03,3.832969284214048978e-04,1.788370596636576796e-03
1.645969911366313744e-03,-1.494153832407653197e-02,-1.632690923041934562e-03,-1.301417676754142768e-03,3.832584926599119255e-04,1.793050121099995075e-03
1.645434632690938792e-03,-1.493667925110725610e-02,-1.632159962730687702e-03,-1.301971706232102387e-03,3.832275111800714524e-04,1.797300413241620333e-03
1.644899528091123145e-03,-1.493182175833569422e-02,-1.631629175090749733e-03,-1.302246072843765918e-03,3.832043972507552933e-04,1.800951556640530398e-03
1.644364597510224180e-03,-1.492696584524859718e-02,-1.631098560065995413e-03,-1.302201713480613575e-03,3.831892754815599609e-04,1.803815328331642535e-03
1.643829840891898944e-03,-1.492211151133165763e-02,-1.630568117600135350e-03,-1.301802460554611282e-03,3.831818623968940934e-04,1.805692024317964543e-03
1.643295258179353676e-03,-1.491725875607200977e-02,-1.630037847637175489e-03,-1.301016714473407845e-03,3.831813510936365476e-04,1.806380926954318216e-03
1.642760849316252797e-03,-1.491240757895596035e-02,-1.629507750120907103e-03,-1.299818822985280512e-03,3.831863246676351026e-04,1.805694182014183722e-03
1.642226614245789751e-03,-1.490755797947005031e-02,-1.628977824995390131e-03,-1.298189981081199727e-03,3.831947277944716657e-04,1.803472962403269682e-03
1.641692552911512082e-03,-1.490270995710112761e-02,-1.628448072204535758e-03,-1.296118592227021079e-03,3.832039225469251209e-04,1.799603837888013843e-03
1.641158665256837231e-03,-1.489786351133705333e-02,-1.627918491692347978e-03,-1.293600199632560267e-03,3.832108405324538450e-04,1.794032601399370716e-03
1.640624951225576420e-03,-1.489301864166407870e-02,-1.627389083402617197e-03,-1.290637226401574432e-03,3.832122203431085759e-04,1.786772802310547265e-03
1.640091410761062522e-03,-1.488817534757071528e-02,-1.626859847279469055e-03,-1.287238779183019982e-03,3.832048945161046875e-04,1.777907089401502055e-03
1.639558043806754609e-03,-1.488333362854375209e-02,-1.626330783266958721e-03,-1.283420652521794370e-03,3.831860738560227925e-04,1.767580984694748633e-03
1.639024850306540233e-03,-1.487849348407151162e-02,-1.625801891308926691e-03,-1.279205482598203209e-03,3.831535767043028114e-04,1.755990369584771232e-03
1.638491830203568167e-03,-1.487365491364165369e-02,-1.625273171349704820e-03,-1.274622845100912855e-03,3.831059667282945961e-04,1.743365165532827438e-03
1.637958983441781258e-03,-1.486881791674235682e-02,-1.624744623333134906e-03,-1.269709051289037629e-03,3.830425877275907124e-04,1.729952072836313465e-03
1.637426309964823759e-03,-1.486398249286162085e-02,-1.624216247203304425e-03,-1.264506474741514857e-03,3.829635076854541139e-04,1.715998821794711754e-03
1.636893809716334506e-03,-1.485914864148791398e-02,-1.623688042904327311e-03,-1.259062382801542012e-03,3.828693993496304414e-04,1.701741513391720950e-03
1.636361482639729636e-03,-1.485431636211024913e-02,-1.623160010380461475e-03,-1.253427379754506153e-03,3.827613889526162256e-04,1.687395672720710688e-03
1.635829328678877620e-03,-1.484948565421741196e-02,-1.622632149575722622e-03,-1.247653647085592401e-03,3.826409006070638692e-04,1.673150885248389117e-03
1.635297347777592497e-03,-1.484465651729828528e-02,-1.622104460434219478e-03,-1.241793180533554836e-03,3.825095156668309655e-04,1.659168438381216889e-03
1.634765539879535871e-03,-1.483982895084145527e-02,-1.621576942900156831e-03,-1.235896190755490179e-03,3.823688575474599722e-04,1.645581220843332030e-03
1.634233904928339637e-03,-1.483500295433685251e-02,-1.621049596917776984e-03,-1.230009778927039629e-03,3.822205053493900567e-04,1.632495151986672896e-03
1.633702442867634823e-03,-1.483017852727382124e-02,-1.620522422431379698e-03,-1.224176941147972920e-03,3.820659348500892762e-04,1.619991530932205848e-03
1.633171153641469874e-03,-1.482535566914173347e-02,-1.619995419385025131e-03,-1.218435908094075764e-03,3.819064828450181989e-04,1.608129843754572312e-03
1.632640037193459990e-03,-1.482053437943051631e-02,-1.619468587723077229e-03,-1.212819793345990644e-03,3.817433298693105040e-04,1.596950706625836162e-03
1.632109093467550183e-03,-1.481571465762999626e-02,-1.618941927389703703e-03,-1.207356504702512563e-03,3.815774964024934066e-04,1.586478736947379096e-03
1.631578322407436750e-03,-1.481089650323024441e-02,-1.618415438329276956e-03,-1.202068864770172501e-03,3.814098482833920231e-04,1.576725229598075319e-03
1.631047723957056031e-03,-1.480607991572193902e-02,-1.617889120486041459e-03,-1.196974886909973586e-03,3.812411078861544823e-04,1.567690574815943814e-03
1.630517298060196480e-03,-1.480126489459500892e-02,-1.617362973804364629e-03,-1.192088157210852628e-03,3.810718684359744161e-04,1.559366393400484895e-03
1.629987044660977883e-03,-1.479645143934001268e-02,-1.616836998228451255e-03,-1.187418280276773775e-03,3.809026095917408209e-04,1.551737389400164755e-03
1.629456963703139905e-03,-1.479163954944808651e-02,-1.616311193702746818e-03,-1.182971354633405000e-03,3.807337130160788120e-04,1.544782934811527635e-03
1.628927055130432186e-03,-1.478682922441023131e-02,-1.615785560171718047e-03,-1.178750451427254846e-03,3.805654771335674372e-04,1.538478408457056180e-03
1.628397318886877802e-03,-1.478202046371701953e-02,-1.615260097579714147e-03,-1.174756077231542449e-03,3.803981306121580783e-04,1.532796314598613551e-03
1.627867754916638172e-03,-1.477721326686017543e-02,-1.614734805871033798e-03,-1.170986607855797976e-03,3.802318443538406693e-04,1.527707207564572411e-03
1.627338363163545118e-03,-1.477240763333104515e-02,-1.614209684990181026e-03,-1.167438685036269706e-03,3.800667419422328877e-04,1.523180447849298725e-03
1.626809143571595912e-03,-1.476760356262131826e-02,-1.613684734881597410e-03,-1.164107571765813677e-03,3.799029085962012022e-04,1.519184813433087627e-03
1.626280096084849625e-03,-1.476280105422250397e-02,-1.613159955489719107e-03,-1.160987464934425855e-03,3.797403987415154934e-04,1.515688987925710484e-03
1.625751220647340392e-03,-1.475800010762677410e-02,-1.612635346759034530e-03,-1.158071766039402367e-03,3.795792423430267826e-04,1.512661944834618744e-03
1.625222517202801588e-03,-1.475320072232587723e-02,-1.612110908634219663e-03,-1.155353312131731291e-03,3.794194501493515308e-04,1.510073244949699861e-03
1.624693985695756758e-03,-1.474840289781245185e-02,-1.611586641059527432e-03,-1.152824570037985124e-03,3.792610180010946874e-04,1.507893261638990155e-03
1.624165626070214231e-03,-1.474360663357839399e-02,-1.611062543979543179e-03,-1.150477797371292701e-03,3.791039303421281977e-04,1.506093346801310557e-03
1.623637438270102758e-03,-1.473881192911710193e-02,-1.610538617338915998e-03,-1.148305174025379466e-03,3.789481630605886771e-04,1.504645948374325236e-03
1.623109422239578771e-03,-1.473401878392049599e-02,-1.610014861082197405e-03,-1.146298907802177636e-03,3.787936857757005392e-04,1.503524688627967155e-03
1.622581577922703943e-03,-1.472922719748238039e-02,-1.609491275154031507e-03,-1.144451317671557134e-03,3.786404636600532972e-04,1.502704411019965781e-03
1.622053905263887976e-03,-1.472443716929496688e-02,-1.608967859498880264e-03,-1.142754897891086734e-03,3.784884588862452042e-04,1.502161202108205510e-03
1.621526404207267137e-03,-1.471964869885209262e-02,-1.608444614061379108e-03,-1.141202365932298150e-03,3.783376317654894979e-04,1.501872393917244542e-03
1.620999074696848887e-03,-1.471486178564661296e-02,-1.607921538786295746e-03,-1.139786696831567763e-03,3.781879416330667025e-04,1.501816551208303395e-03
1.620471916676836715e-03,-1.471007642917240496e-02,-1.607398633618287512e-03,-1.138501146273690305e-03,3.780393475346565334e-04,1.501973447298112158e-03
1.619944930091480944e-03,-1.470529262892346714e-02,-1.606875898502028001e-03,-1.137339264426158719e-03,3.778918087475120931e-04,1.502324031400941069e-03
1.619418114885260883e-03,-1.470051038439349270e-02,-1.606353333382082825e-03,-1.136294902246509858e-03,3.777452851721015050e-04,1.502850389890519195e-03
1.618891471002198738e-03,-1.469572969507688606e-02,-1.605830938203302739e-03,-1.135362211753866398e-03,3.775997376196505817e-04,1.503535703407763964e-03
1.618364998386717223e-03,-1.469095056046714788e-02,-1.605308712910349846e-03,-1.134535641519741726e-03,3.774551280173439691e-04,1.504364201345311089e-03
1.617838696983153182e-03,-1.468617298005894106e-02,-1.604786657447951521e-03,-1.133809928435358704e-03,3.773114195479489738e-04,1.505321114913376343e-03
1.617312566735660227e-03,-1.468139695334714709e-02,-1.604264771760970662e-03,-1.133180086656191245e-03,3.771685767396559157e-04,1.506392629727739633e-03
1.616786607588746941e-03,-1.467662247982636815e-02,-1.603743055794119680e-03,-1.132641394450260635e-03,3.770265655147834712e-04,1.507565838640298689e-03
1.616260819486491475e-03,-1.467184955899128798e-02,-1.603221509492335634e-03,-1.132189379580773089e-03,3.768853532071487849e-04,1.508828695348540284e-03
1.615735202373663705e-03,-1.466707819033728419e-02,-1.602700132800232487e-03,-1.131819803722925724e-03,3.767449085591289019e-04,1.510169969194220547e-03
1.615209756194501594e-03,-1.466230837335980031e-02,-1.602178925662735591e-03,-1.131528646333270459e-03,3.766052016974023951e-04,1.511579201425492696e-03
1.614684480893199305e-03,-1.465754010755358945e-02,-1.601657888024836428e-03,-1.131312088315747930e-03,3.764662040976910016e-04,1.513046663122606401e-03
1.614159376414443228e-03,-1.465277339241424434e-02,-1.601137019831264108e-03,-1.131166495759826709e-03,3.763278885405876005e-04,1.514563314903390710e-03
1.613634442702565437e-03,-1.464800822743793016e-02,-1.600616321026970650e-03,-1.131088403971346103e-03,3.761902290584530741e-04,1.516120768473742031e-03
1.613109679702144335e-03,-1.464324461211975389e-02,-1.600095791556815699e-03,-1.131074501981419464e-03,3.760532008811291130e-04,1.517711250040406929e-03
1.612585087357416586e-03,-1.463848254595697014e-02,-1.599575431365859264e-03,-1.131121617670139985e-03,3.759167803771226333e-04,1.519327565575525653e-03
1.612060665613146860e-03,-1.463372202844479518e-02,-1.599055240398924559e-03,-1.131226703618479820e-03,3.757809449939106348e-04,1.520963067886568938e-03
1.611536414413900766e-03,-1.462896305907978797e-02,-1.598535218600927611e-03,-1.131386823773340841e-03,3.756456732009143110e-04,1.522611625441643241e-03
1.611012333703704634e-03,-1.462420563735885616e-02,-1.598015365917160226e-03,-1.131599140993329268e-03,3.755109444285855357e-04,1.524267592870228978e-03
1.610488423427779365e-03,-1.461944976277829329e-02,-1.597495682292241360e-03,-1.131860905517110671e-03,3.753767390142837609e-04,1.525925783066382595e-03
1.609964683530147817e-03,-1.461469543483507293e-02,-1.596976167671506621e-03,-1.132169444393118802e-03,3.752430381461711569e-04,1.527581440804785112e-03
1.609441113955826196e-03,-1.460994265302613566e-02,-1.596456821999758411e-03,-1.132522151884241468e-03,3.751098238117181048e-04,1.529230217782997277e-03
1.608917714649283183e-03,-1.460519141684870487e-02,-1.595937645222124390e-03,-1.132916480862763758e-03,3.749770787477263554e-04,1.530868149003035287e-03
1.608394485554898992e-03,-1.460044172580036471e-02,-1.595418637283830881e-03,-1.133349935193660868e-03,3.748447863926977503e-04,1.532491630403762803e-03
1.607871426617790657e-03,-1.459569357937841663e-02,-1.594899798129694596e-03,-1.133820063098276831e-03,3.747129308438145443e-04,1.534097397660503159e-03
1.607348537782332318e-03,-1.459094697708065470e-02,-1.594381127704985008e-03,-1.134324451491189626e-03,3.745814968153622572e-04,1.535682506070953392e-03
1.606825818992966204e-03,-1.458620191840459199e-02,-1.593862625954989157e-03,-1.134860721262107670e-03,3.744504696001151631e-04,1.537244311451612007e-03
1.606303270194877437e-03,-1.458145840284917616e-02,-1.593344292824551076e-03,-1.135426523487743531e-03,3.743198350331920798e-04,1.538780451972964272e-03
1.605780891332596284e-03,-1.457671642991176936e-02,-1.592826128258947611e-03,-1.136019536537595867e-03,3.741895794615760309e-04,1.540288830865022733e-03
1.605258682350903243e-03,-1.457197599909083006e-02,-1.592308132203349141e-03,-1.136637464046943470e-03,3.740596897107262937e-04,1.541767599935869740e-03
1.604736643194417485e-03,-1.456723710988426512e-02,-1.591790304603023405e-03,-1.137278033713865063e-03,3.739301530612562348e-04,1.543215143841242644e-03
1.604214773807889150e-03,-1.456249976179196937e-02,-1.591272645403207786e-03,-1.137938996885229544e-03,3.738009572201305038e-04,1.544630065063292389e-03
1.603693074136349839e-03,-1.455776395431218964e-02,-1.590755154548970530e-03,-1.138618128882618432e-03,3.736720903025826548e-04,1.546011169542652617e-03
1.603171544124416771e-03,-1.455302968694341392e-02,-1.590237831985713600e-03,-1.139313230026345932e-03,3.735435408077774646e-04,1.547357452932857959e-03
1.602650183716861987e-03,-1.454829695918536357e-02,-1.589720677658718181e-03,-1.140022127303484895e-03,3.734152976049948894e-04,1.548668087437802881e-03
1.602128992858724028e-03,-1.454356577053758821e-02,-1.589203691513151398e-03,-1.140742676627807747e-03,3.732873499155859058e-04,1.549942409201457341e-03
1.601607971494666081e-03,-1.453883612049866603e-02,-1.588686873494457065e-03,-1.141472765637808074e-03,3.731596873001593543e-04,1.551179906225831542e-03
1.601087119569769186e-03,-1.453410800856935400e-02,-1.588170223547831581e-03,-1.142210316975379811e-03,3.730322996470352955e-04,1.552380206794306845e-03
1.600566437028726457e-03,-1.452938143424820777e-02,-1.587653741618736541e-03,-1.142953291981990390e-03,3.729051771613281236e-04,1.553543068381239801e-03
1.600045923816730388e-03,-1.452465639703617861e-02,-1.587137427652366827e-03,-1.143699694756618529e-03,3.727783103570327041e-04,1.554668367038571346e-03
1.599525579878374780e-03,-1.451993289643302605e-02,-1.586621281594292237e-03,-1.144447576507705549e-03,3.726516900503711667e-04,1.555756087239572490e-03
1.599005405158867524e-03,-1.451521093193889993e-02,-1.586105303389778991e-03,-1.145195040138079602e-03,3.725253073535651945e-04,1.556806312180147823e-03
1.598485399603036391e-03,-1.451049050305426753e-02,-1.585589492984304950e-03,-1.145940244995861728e-03,3.723991536692940695e-04,1.557819214525710781e-03
1.597965563155894332e-03,-1.450577160928031434e-02,-1.585073850323285736e-03,-1.146681411731299317e-03,3.722732206888854111e-04,1.558795047600475834e-03
1.597445895762259144e-03,-1.450105425011701497e-02,-1.584558375352290065e-03,-1.147416827184600608e-03,3.721475003881892442e-04,1.559734137019578746e-03
1.596926397367631452e-03,-1.449633842506593655e-02,-1.584043068016499373e-03,-1.148144849248636939e-03,3.720219850265050186e-04,1.560636872757964434e-03
1.596407067916773542e-03,-1.449162413362754809e-02,-1.583527928261560655e-03,-1.148863911636553541e-03,3.718966671449523784e-04,1.561503701658733178e-03
1.595887907354808736e-03,-1.448691137530383477e-02,-1.583012956032931601e-03,-1.149572528494282589e-03,3.717715395651106512e-04,1.562335120378099832e-03
1.595368915626643519e-03,-1.448220014959577563e-02,-1.582498151276250748e-03,-1.150269298790082290e-03,3.716465953895325427e-04,1.563131668768984791e-03
1.594850092677439594e-03,-1.447749045600527258e-02,-1.581983513936986632e-03,-1.150952910423610424e-03,3.715218280002908179e-04,1.563893923698507884e-03
1.594331438452514359e-03,-1.447278229403336364e-02,-1.581469043960597809e-03,-1.151622143995786364e-03,3.713972310599309356e-04,1.564622493301806192e-03
1.593812952896727026e-03,-1.446807566318267409e-02,-1.580954741292809121e-03,-1.152275876178997108e-03,3.712727985093214550e-04,1.565318011665371148e-03
1.593294635955466547e-03,-1.446337056295501390e-02,-1.580440605879065465e-03,-1.152913082635870787e-03,3.711485245704347429e-04,1.565981133936173711e-03
1.592776487573562211e-03,-1.445866699285236825e-02,-1.579926637665175380e-03,-1.153532840431166365e-03,3.710244037417693638e-04,1.566612531852475251e-03
1.592258507696666867e-03,-1.445396495237759142e-02,-1.579412836596484019e-03,-1.154134329891796191e-03,3.709004308002088364e-04,1.567212889683208734e-03
1.591740696269466253e-03,-1.444926444103273623e-02,-1.578899202618948457e-03,-1.154716835862066270e-03,3.707766007971339552e-04,1.567782900568057396e-03
1.591223053237564864e-03,-1.444456545832128146e-02,-1.578385735677994943e-03,-1.155279748314888945e-03,3.706529090576933397e-04,1.568323263244529413e-03
1.590705578546067374e-03,-1.443986800374505441e-02,-1.577872435719382144e-03,-1.155822562275833024e-03,3.705293511773620680e-04,1.568834679143354472e-03
1.590188272140107516e-03,-1.443517207680863890e-02,-1.577359302688873064e-03,-1.156344877024693225e-03,3.704059230173567486e-04,1.569317849834771543e-03
1.589671133964940019e-03,-1.443047767701327762e-02,-1.576846336532202733e-03,-1.156846394532312422e-03,3.702826206998095196e-04,1.569773474804520572e-03
1.589154163966328319e-03,-1.442578480386409560e-02,-1.576333537194811278e-03,-1.157326917109583343e-03,3.701594406022513570e-04,1.570202249530274407e-03
1.588637362089012801e-03,-1.442109345686392458e-02,-1.575820904622790650e-03,-1.157786344230071806e-03,3.700363793512997414e-04,1.570604863836805656e-03
1.588120728278678839e-03,-1.441640363551631096e-02,-1.575308438761699155e-03,-1.158224668503598414e-03,3.699134338122180617e-04,1.570982000493793222e-03
1.587604262480566417e-03,-1.441171533932479945e-02,-1.574796139557376991e-03,-1.158641970771432175e-03,3.697906010806611510e-04,1.571334334028679685e-03
1.587087964639975583e-03,-1.440702856779424793e-02,-1.574284006955664139e-03,-1.159038414301312046e-03,3.696678784704956837e-04,1.571662529713949933e-03
1.586571834702314374e-03,-1.440234332042740657e-02,-1.573772040902363285e-03,-1.159414238056784459e-03,3.695452635030117144e-04,1.571967242699167690e-03
1.586055872613229781e-03,-1.439765959673044646e-02,-1.573260241343164573e-03,-1.159769749019079130e-03,3.694227538897392111e-04,1.572249117245026577e-03
1.585540078317645421e-03,-1.439297739620677696e-02,-1.572748608224214381e-03,-1.160105313539256007e-03,3.693003475196232448e-04,1.572508786024595477e-03
1.585024451761220428e-03,-1.438829671836103739e-02,-1.572237141491247521e-03,-1.160421347699175680e-03,3.691780424381159637e-04,1.572746869453311947e-03
1.584508992889527420e-03,-1.438361756269857135e-02,-1.571725841090085328e-03,-1.160718306654363180e-03,3.690558368300450609e-04,1.572963975013561347e-03
1.583993701647787517e-03,-1.437893992872420375e-02,-1.571214706966779853e-03,-1.160996672939902663e-03,3.689337289961520721e-04,1.573160696537393181e-03
1.583478577981764371e-03,-1.437426381594236920e-02,-1.570703739067099737e-03,-1.161256943705037776e-03,3.688117173315137720e-04,1.573337613421613591e-03
1.582963621836791209e-03,-1.436958922385899416e-02,-1.570192937337072962e-03,-1.161499616774969070e-03,3.686898002941417269e-04,1.573495288485812120e-03
1.582448833158513939e-03,-1.436491615197928347e-02,-1.569682301722607380e-03,-1.161725178725892980e-03,3.685679763773465237e-04,1.573634263765957613e-03
1.581934211892383748e-03,-1.436024459980986268e-02,-1.569171832169714495e-03,-1.161934102677958467e-03,3.684462441121725629e-04,1.573755064908984687e-03
1.581419757983832091e-03,-1.435557456685482292e-02,-1.568661528624472378e-03,-1.162126848764370290e-03,3.683246020684033308e-04,1.573858202914672072e-03
1.580905471378697431e-03,-1.435090605262130323e-02,-1.568151391032744212e-03,-1.162303864489911461e-03,3.682030488531605017e-04,1.573944174545572521e-03
1.580391352022445916e-03,-1.434623905661538967e-02,-1.567641419340621081e-03,-1.162465585076317802e-03,3.680815831113861910e-04,1.574013462720594454e-03
1.579877399860748610e-03,-1.434157357834257331e-02,-1.567131613494129666e-03,-1.162612433798316429e-03,3.679602035232229810e-04,1.574066536904579006e-03
1.579363614838980804e-03,-1.433690961731043725e-02,-1.566621973439474673e-03,-1.162744822313129759e-03,3.678389088046026966e-04,1.574103853479662469e-03
1.578849996902997876e-03,-1.433224717302435114e-02,-1.566112499122617949e-03,-1.162863150977680535e-03,3.677176977046234490e-04,1.574125856112588593e-03
1.578336545998598826e-03,-1.432758624499133777e-02,-1.565603190489585090e-03,-1.162967809160208883e-03,3.675965690065810922e-04,1.574132976106554314e-03
1.577823262071162847e-03,-1.432292683271905835e-02,-1.565094047486669275e-03,-1.163059175541389725e-03,3.674755215251192340e-04,1.574125632747822674e-03
1.577310145066439717e-03,-1.431826893571381577e-02,-1.564585070059970693e-03,-1.163137618406250755e-03,3.673545541070410330e-04,1.574104233638595881e-03
1.576797194930286113e-03,-1.431361255348277857e-02,-1.564076258155571103e-03,-1.163203495930839170e-03,3.672336656292313792e-04,1.574069175024191743e-03
1.576284411608527706e-03,-1.430895768553371895e-02,-1.563567611719582405e-03,-1.163257156459955458e-03,3.671128549986893115e-04,1.574020842108767460e-03
1.575771795046755543e-03,-1.430430433137470578e-02,-1.563059130698276743e-03,-1.163298938775645004e-03,3.669921211510030878e-04,1.573959609361964091e-03
1.575259345190695333e-03,-1.429965249051231603e-02,-1.562550815037901325e-03,-1.163329172359583259e-03,3.668714630506043212e-04,1.573885840819792391e-03
1.574747061986138700e-03,-1.429500216245526388e-02,-1.562042664684671484e-03,-1.163348177649691211e-03,3.667508796885750734e-04,1.573799890374286093e-03
1.574234945378919122e-03,-1.429035334671132675e-02,-1.561534679584811441e-03,-1.163356266287535580e-03,3.666303700835632463e-04,1.573702102055986448e-03
1.573722995315094504e-03,-1.428570604278849368e-02,-1.561026859684438084e-03,-1.163353741359421985e-03,3.665099332795914095e-04,1.573592810309034674e-03
1.573211211740076134e-03,-1.428106025019473292e-02,-1.560519204930088536e-03,-1.163340897631198008e-03,3.663895683460807067e-04,1.573472340258560065e-03
1.572699594600007571e-03,-1.427641596843920967e-02,-1.560011715267878600e-03,-1.163318021776936148e-03,3.662692743774343600e-04,1.573341007969637339e-03
1.572188143840607365e-03,-1.427177319703050451e-02,-1.559504390644205320e-03,-1.163285392601255989e-03,3.661490504917281155e-04,1.573199120700492738e-03
1.571676859407907618e-03,-1.426713193547738366e-02,-1.558997231005328698e-03,-1.163243281254227376e-03,3.660288958305128650e-04,1.573046977146091508e-03
1.571165741247873646e-03,-1.426249218328867231e-02,-1.558490236297552321e-03,-1.163191951443013836e-03,3.659088095580611253e-04,1.572884867679915418e-03
1.570654789306012581e-03,-1.425785393997392424e-02,-1.557983406467487904e-03,-1.163131659633227137e-03,3.657887908608336105e-04,1.572713074581856855e-03
1.570144003528932885e-03,-1.425321720504187095e-02,-1.557476741461133506e-03,-1.163062655252645843e-03,3.656688389463907474e-04,1.572531872267700186e-03
1.569633383862162291e-03,-1.424858197800259532e-02,-1.556970241225143995e-03,-1.162985180878648708e-03,3.655489530439693627e-04,1.572341527505351786e-03
1.569122930251602146e-03,-1.424394825836579684e-02,-1.556463905705969758e-03,-1.162899472430120205e-03,3.654291324025032007e-04,1.572142299628244205e-03
1.568612642643691345e-03,-1.423931604564108132e-02,-1.555957734849786446e-03,-1.162805759348984995e-03,3.653093762915334908e-04,1.571934440744811399e-03
1.568102520983697843e-03,-1.423468533933806845e-02,-1.555451728603484199e-03,-1.162704264777132375e-03,3.651896839987822858e-04,1.571718195936531700e-03
1.567592565218421576e-03,-1.423005613896709438e-02,-1.554945886913094034e-03,-1.162595205730817573e-03,3.650700548317275368e-04,1.571493803455106895e-03
1.567082775293416946e-03,-1.422542844403822809e-02,-1.554440209725377721e-03,-1.162478793267711060e-03,3.649504881159552688e-04,1.571261494914306597e-03
1.566573151155039798e-03,-1.422080225406203470e-02,-1.553934696986668555e-03,-1.162355232651483697e-03,3.648309831947316455e-04,1.571021495472276191e-03
1.566063692749410270e-03,-1.421617756854912790e-02,-1.553429348643477854e-03,-1.162224723508293971e-03,3.647115394285780168e-04,1.570774024012510555e-03
1.565554400022528807e-03,-1.421155438700991841e-02,-1.552924164642396085e-03,-1.162087459985867337e-03,3.645921561948398939e-04,1.570519293319639015e-03
1.565045272920458303e-03,-1.420693270895597923e-02,-1.552419144930012413e-03,-1.161943630899747726e-03,3.644728328874831196e-04,1.570257510247595727e-03
1.564536311389317811e-03,-1.420231253389716945e-02,-1.551914289452910583e-03,-1.161793419880783511e-03,3.643535689167764677e-04,1.569988875886595917e-03
1.564027515375289272e-03,-1.419769386134584269e-02,-1.551409598157658292e-03,-1.161637005518953002e-03,3.642343637075266165e-04,1.569713585720776275e-03
1.563518884824425604e-03,-1.419307669081294916e-02,-1.550905070990945753e-03,-1.161474561500120285e-03,3.641152167005402493e-04,1.569431829789319542e-03
1.563010419683332885e-03,-1.418846102181032034e-02,-1.550400707899147242e-03,-1.161306256741218750e-03,3.639961273513027374e-04,1.569143792833187180e-03
1.562502119897957349e-03,-1.418384685384888565e-02,-1.549896508829062044e-03,-1.161132255520554634e-03,3.638770951292157291e-04,1.568849654446094520e-03
1.561993985414311366e-03,-1.417923418644173074e-02,-1.549392473727464505e-03,-1.160952717606553858e-03,3.637581195179406248e-04,1.568549589215292471e-03
1.561486016178935963e-03,-1.417462301909984748e-02,-1.548888602540867245e-03,-1.160767798379540262e-03,3.636392000145265537e-04,1.568243766862269630e-03
1.560978212137810548e-03,-1.417001335133557562e-02,-1.548384895216124626e-03,-1.160577648953188372e-03,3.635203361292000377e-04,1.567932352380444015e-03
1.560470573237567006e-03,-1.416540518266175101e-02,-1.547881351699734957e-03,-1.160382416292912635e-03,3.634015273858181346e-04,1.567615506163606972e-03
1.559963099424308127e-03,-1.416079851259040984e-02,-1.547377971938543924e-03,-1.160182243327339668e-03,3.632827733193284771e-04,1.567293384134777574e-03
1.559455790644365689e-03,-1.415619334063375478e-02,-1.546874755879293567e-03,-1.159977269060531637e-03,3.631640734780006152e-04,1.566966137872225938e-03
1.558948646843953505e-03,-1.415158966630558797e-02,-1.546371703468800733e-03,-1.159767628679222529e-03,3.630454274216600137e-04,1.566633914729311178e-03
1.558441667969852860e-03,-1.414698748911798892e-02,-1.545868814653609700e-03,-1.159553453657956052e-03,3.629268347211442704e-04,1.566296857952790200e-03
1.557934853967719423e-03,-1.414238680858520558e-02,-1.545366089380917005e-03,-1.159334871861058321e-03,3.628082949597536701e-04,1.565955106796267527e-03
1.557428204784630900e-03,-1.413778762421944238e-02,-1.544863527597139640e-03,-1.159112007639942184e-03,3.626898077300454160e-04,1.565608796631553059e-03
1.556921720366440933e-03,-1.413318993553455520e-02,-1.544361129249428605e-03,-1.158884981932849917e-03,3.625713726367263347e-04,1.565258059059423728e-03
1.556415400660126399e-03,-1.412859374204415881e-02,-1.543858894284299990e-03,-1.158653912356430362e-03,3.624529892937770306e-04,1.564903022011272663e-03
1.555909245611522941e-03,-1.412399904326164940e-02,-1.543356822648988711e-03,-1.158418913296480361e-03,3.623346573261249722e-04,1.564543809852808783e-03
1.555403255167366527e-03,-1.411940583870145531e-02,-1.542854914290192354e-03,-1.158180095997696528e-03,3.622163763677679004e-04,1.564180543484293027e-03
1.554897429274395291e-03,-1.411481412787760417e-02,-1.542353169154668567e-03,-1.157937568649741169e-03,3.620981460624446793e-04,1.563813340434329867e-03
1.554391767878588642e-03,-1.411022391030367258e-02,-1.541851587189633187e-03,-1.157691436470229722e-03,3.619799660637579189e-04,1.563442314957164472e-03
1.553886270926842358e-03,-1.410563518549482441e-02,-1.541350168341784448e-03,-1.157441801788140377e-03,3.618618360332915293e-04,1.563067578120912919e-03
1.553380938365520958e-03,-1.410104795296596505e-02,-1.540848912558170350e-03,-1.157188764120850762e-03,3.617437556421750078e-04,1.562689237899316918e-03
1.552875770141083286e-03,-1.409646221223054968e-02,-1.540347819785814606e-03,-1.156932420252903063e-03,3.616257245696450273e-04,1.562307399254654052e-03
1.552370766200149516e-03,-1.409187796280417758e-02,-1.539846889971666771e-03,-1.156672864310482642e-03,3.615077425039431021e-04,1.561922164224901566e-03
1.551865926489442602e-03,-1.408729520420157547e-02,-1.539346123062633248e-03,-1.156410187833620696e-03,3.613898091409888493e-04,1.561533632002658255e-03
1.551361250955392334e-03,-1.408271393593765568e-02,-1.538845519005847904e-03,-1.156144479848838407e-03,3.612719241838297565e-04,1.561141899014139656e-03
1.550856739544520871e-03,-1.407813415752878598e-02,-1.538345077748389314e-03,-1.155875826937685430e-03,3.611540873445393484e-04,1.560747059001126600e-03
1.550352392203692333e-03,-1.407355586848975382e-02,-1.537844799237187299e-03,-1.155604313303046663e-03,3.610362983416658968e-04,1.560349203089718591e-03
1.549848208879395705e-03,-1.406897906833583754e-02,-1.537344683419394594e-03,-1.155330020834260301e-03,3.609185569016836251e-04,1.559948419866162041e-03
1.549344189518364785e-03,-1.406440375658298339e-02,-1.536844730242055510e-03,-1.155053029172055032e-03,3.608008627578874724e-04,1.559544795446740541e-03
1.548840334067059718e-03,-1.405982993274812985e-02,-1.536344939652424264e-03,-1.154773415769424312e-03,3.606832156505100791e-04,1.559138413547767272e-03
1.548336642472663595e-03,-1.405525759634603661e-02,-1.535845311597328544e-03,-1.154491255950538869e-03,3.605656153255071012e-04,1.558729355551047172e-03
1.547833114681249934e-03,-1.405068674689435339e-02,-1.535345846024283641e-03,-1.154206622972082192e-03,3.604480615373346106e-04,1.558317700569517147e-03
1.547329750640268758e-03,-1.404611738390825967e-02,-1.534846542880031377e-03,-1.153919588076925910e-03,3.603305540448511362e-04,1.557903525510283532e-03
1.546826550295843459e-03,-1.404154950690485702e-02,-1.534347402112120652e-03,-1.153630220550966269e-03,3.602130926142052200e-04,1.557486905136753162e-03
1.546323513594997532e-03,-1.403698311540122097e-02,-1.533848423667591877e-03,-1.153338587777113068e-03,3.600956770171771294e-04,1.557067912127949212e-03
1.545820640484407531e-03,-1.403241820891433858e-02,-1.533349607493703385e-03,-1.153044755286916330e-03,3.599783070315150141e-04,1.556646617135483846e-03
1.545317930911081989e-03,-1.402785478696057068e-02,-1.532850953537583842e-03,-1.152748786810953727e-03,3.598609824403862460e-04,1.556223088841978720e-03
1.544815384821623732e-03,-1.402329284905787406e-02,-1.532352461746589161e-03,-1.152450744329505325e-03,3.597437030328237305e-04,1.555797394014691139e-03
1.544313002163249680e-03,-1.401873239472252453e-02,-1.531854132067761269e-03,-1.152150688119573047e-03,3.596264686030655193e-04,1.555369597559155825e-03
1.543810782882315243e-03,-1.401417342347250662e-02,-1.531355964448682244e-03,-1.151848676801900569e-03,3.595092789508912384e-04,1.554939762571384484e-03
1.543308726925961879e-03,-1.400961593482648142e-02,-1.530857958836468391e-03,-1.151544767387330335e-03,3.593921338805152800e-04,1.554507950387555223e-03
1.542806834240916447e-03,-1.400505992830148802e-02,-1.530360115178545444e-03,-1.151239015318965579e-03,3.592750332015912074e-04,1.554074220633492286e-03
1.542305104774404538e-03,-1.400050540341574688e-02,-1.529862433422052694e-03,-1.150931474517591022e-03,3.591579767283264502e-04,1.553638631272618578e-03
1.541803538473049580e-03,-1.399595235968706212e-02,-1.529364913514498492e-03,-1.150622197421403677e-03,3.590409642803736806e-04,1.553201238651559816e-03
1.541302135283614426e-03,-1.399140079663448166e-02,-1.528867555403369723e-03,-1.150311235028418167e-03,3.589239956808363153e-04,1.552762097546121203e-03
1.540800895153500091e-03,-1.398685071377545747e-02,-1.528370359035783124e-03,-1.149998636934629771e-03,3.588070707580488837e-04,1.552321261203708572e-03
1.540299818029410885e-03,-1.398230211062943644e-02,-1.527873324359292802e-03,-1.149684451373448593e-03,3.586901893442467123e-04,1.551878781387528708e-03
1.539798903858372254e-03,-1.397775498671517853e-02,-1.527376451321298253e-03,-1.149368725252680181e-03,3.585733512762355273e-04,1.551434708416261823e-03
1.539298152587497684e-03,-1.397320934155118870e-02,-1.526879739869163415e-03,-1.149051504190790355e-03,3.584565563948405721e-04,1.550989091205951008e-03
1.538797564163619418e-03,-1.396866517465702312e-02,-1.526383189950455401e-03,-1.148732832552824172e-03,3.583398045443526880e-04,1.550541977308129505e-03
1.538297138534108549e-03,-1.396412248555127175e-02,-1.525886801512453149e-03,-1.148412753484233688e-03,3.582230955738645393e-04,1.550093412947376815e-03
1.537796875645601946e-03,-1.395958127375467560e-02,-1.525390574502892690e-03,-1.148091308945109468e-03,3.581064293353855110e-04,1.549643443060029274e-03
1.537296775445447065e-03,-1.395504153878569450e-02,-1.524894508869099365e-03,-1.147768539741695314e-03,3.579898056850657731e-04,1.549192111327748252e-03
1.536796837880836540e-03,-1.395050328016337118e-02,-1.524398604558556804e-03,-1.147444485558178585e-03,3.578732244825335077e-04,1.548739460214384979e-03
1.536297062898469689e-03,-1.394596649740854725e-02,-1.523902861519035087e-03,-1.147119184987666291e-03,3.577566855907841578e-04,1.548285530997529089e-03
1.535797450445897583e-03,-1.394143119004214934e-02,-1.523407279697832446e-03,-1.146792675565163917e-03,3.576401888761847640e-04,1.547830363806208288e-03
1.535298000469975882e-03,-1.393689735758303627e-02,-1.522911859042689687e-03,-1.146464993791292564e-03,3.575237342089208187e-04,1.547373997648586680e-03
1.534798712918051828e-03,-1.393236499955159864e-02,-1.522416599501093476e-03,-1.146136175163802156e-03,3.574073214613321240e-04,1.546916470445009731e-03
1.534299587737038544e-03,-1.392783411546838143e-02,-1.521921501020803051e-03,-1.145806254205340670e-03,3.572909505103559328e-04,1.546457819056777476e-03
1.533800624874434191e-03,-1.392330470485452984e-02,-1.521426563549257809e-03,-1.145475264488377345e-03,3.571746212343132111e-04,1.545998079317322058e-03
1.533301824277420776e-03,-1.391877676723086640e-02,-1.520931787034125911e-03,-1.145143238663253382e-03,3.570583335156830569e-04,1.545537286060505618e-03
1.532803185892997293e-03,-1.391425030211793611e-02,-1.520437171423188278e-03,-1.144810208481716711e-03,3.569420872394402392e-04,1.545075473147480968e-03
1.532304709668786584e-03,-1.390972530903745834e-02,-1.519942716663894066e-03,-1.144476204823306276e-03,3.568258822929467776e-04,1.544612673494945038e-03
1.531806395551562130e-03,-1.390520178751028166e-02,-1.519448422704233444e-03,-1.144141257718115073e-03,3.567097185670627070e-04,1.544148919100782856e-03
1.531308243489018115e-03,-1.390067973705814801e-02,-1.518954289491669879e-03,-1.143805396370170752e-03,3.565935959547069083e-04,1.543684241070376146e-03
1.530810253428359097e-03,-1.389615915720222861e-02,-1.518460316973973667e-03,-1.143468649181182467e-03,3.564775143515218868e-04,1.543218669640451226e-03
1.530312425316794405e-03,-1.389164004746485173e-02,-1.517966505098957601e-03,-1.143131043771131389e-03,3.563614736554335314e-04,1.542752234203935207e-03
1.529814759101704672e-03,-1.388712240736742279e-02,-1.517472853814356201e-03,-1.142792607000842715e-03,3.562454737677623142e-04,1.542284963333688096e-03
1.529317254730496985e-03,-1.388260623643235159e-02,-1.516979363067895957e-03,-1.142453364992325297e-03,3.561295145908936104e-04,1.541816884804637650e-03
1.528819912150398454e-03,-1.387809153418124476e-02,-1.516486032807466428e-03,-1.142113343148626423e-03,3.560135960300550855e-04,1.541348025616381522e-03
1.528322731309150750e-03,-1.387357830013735867e-02,-1.515992862980660317e-03,-1.141772566175035123e-03,3.558977179930967647e-04,1.540878412015323634e-03
1.527825712153737907e-03,-1.386906653382261045e-02,-1.515499853535538051e-03,-1.141431058096162906e-03,3.557818803896038847e-04,1.540408069514713919e-03
1.527328854631596067e-03,-1.386455623475994076e-02,-1.515007004419951023e-03,-1.141088842276930665e-03,3.556660831313417418e-04,1.539937022915582529e-03
1.526832158690329209e-03,-1.386004740247231970e-02,-1.514514315581653916e-03,-1.140745941438648259e-03,3.555503261323695327e-04,1.539465296326113881e-03
1.526335624277463466e-03,-1.385554003648262547e-02,-1.514021786968471669e-03,-1.140402377678317218e-03,3.554346093085962660e-04,1.538992913181915162e-03
1.525839251340474229e-03,-1.385103413631366513e-02,-1.513529418528310536e-03,-1.140058172483684453e-03,3.553189325774503511e-04,1.538519896263999993e-03
1.525343039826410367e-03,-1.384652970148803237e-02,-1.513037210209333726e-03,-1.139713346752482294e-03,3.552032958592106189e-04,1.538046267717082388e-03
1.524846989683225837e-03,-1.384202673153064542e-02,-1.512545161959197044e-03,-1.139367920807427990e-03,3.550876990754557507e-04,1.537572049067547839e-03
1.524351100858291948e-03,-1.383752522596466694e-02,-1.512053273725940316e-03,-1.139021914411697230e-03,3.549721421496189553e-04,1.537097261240433872e-03
1.523855373299050050e-03,-1.383302518431357188e-02,-1.511561545457576700e-03,-1.138675346784368816e-03,3.548566250066569625e-04,1.536621924576462650e-03
1.523359806953412249e-03,-1.382852660610177191e-02,-1.511069977101885597e-03,-1.138328236616149283e-03,3.547411475736054055e-04,1.536146058847994572e-03
1.522864401768585273e-03,-1.382402949085355034e-02,-1.510578568607070550e-03,-1.137980602082850614e-03,3.546257097790250648e-04,1.535669683275201532e-03
1.522369157692318817e-03,-1.381953383809231446e-02,-1.510087319921036945e-03,-1.137632460860262245e-03,3.545103115531141914e-04,1.535192816541484711e-03
1.521874074672205585e-03,-1.381503964734304840e-02,-1.509596230991852367e-03,-1.137283830137911754e-03,3.543949528273753857e-04,1.534715476807412427e-03
1.521379152655959925e-03,-1.381054691812994353e-02,-1.509105301767484650e-03,-1.136934726631730081e-03,3.542796335355058359e-04,1.534237681726966038e-03
1.520884391590975916e-03,-1.380605564997753124e-02,-1.508614532196159239e-03,-1.136585166597352953e-03,3.541643536119544618e-04,1.533759448460273464e-03
1.520389791425086953e-03,-1.380156584241115821e-02,-1.508123922225831611e-03,-1.136235165843631776e-03,3.540491129930328426e-04,1.533280793688394884e-03
1.519895352105915011e-03,-1.379707749495570970e-02,-1.507633471804638954e-03,-1.135884739743375262e-03,3.539339116164724286e-04,1.532801733626061895e-03
1.519401073581364827e-03,-1.379259060713632426e-02,-1.507143180880586401e-03,-1.135533903246544818e-03,3.538187494208696465e-04,1.532322284034132827e-03
1.518906955798811614e-03,-1.378810517847869378e-02,-1.506653049401977676e-03,-1.135182670891293029e-03,3.537036263470189263e-04,1.531842460233365363e-03
1.518412998706198704e-03,-1.378362120850775210e-02,-1.506163077316843932e-03,-1.134831056815699271e-03,3.535885423359159800e-04,1.531362277116724404e-03
1.517919202250967879e-03,-1.377913869674882164e-02,-1.505673264573522286e-03,-1.134479074767316556e-03,3.534734973314221742e-04,1.530881749159573781e-03
1.517425566381402262e-03,-1.377465764272816327e-02,-1.505183611119891235e-03,-1.134126738116923326e-03,3.533584912763795632e-04,1.530400890433329403e-03
1.516932091044820687e-03,-1.377017804597198761e-02,-1.504694116904408459e-03,-1.133774059865550170e-03,3.532435241172750175e-04,1.529919714616234704e-03
1.516438776189134611e-03,-1.376569990600629879e-02,-1.504204781875229796e-03,-1.133421052656413859e-03,3.531285958000212688e-04,1.529438235002799924e-03
1.515945621762227738e-03,-1.376122322235700732e-02,-1.503715605980541223e-03,-1.133067728784620080e-03,3.530137062719568286e-04,1.528956464516811236e-03
1.515452627711729632e-03,-1.375674799455048163e-02,-1.503226589168708046e-03,-1.132714100206231927e-03,3.528988554825119054e-04,1.528474415720067247e-03
1.514959793985990637e-03,-1.375227422211328099e-02,-1.502737731387696367e-03,-1.132360178547788974e-03,3.527840433806566809e-04,1.527992100822626008e-03
1.514467120532315058e-03,-1.374780190457274877e-02,-1.502249032586109581e-03,-1.132005975116490756e-03,3.526692699180078742e-04,1.527509531693433450e-03
1.513974607299041313e-03,-1.374333104145435136e-02,-1.501760492711989685e-03,-1.131651500905997247e-03,3.525545350457247253e-04,1.527026719868796855e-03
1.513482254233720035e-03,-1.373886163228713042e-02,-1.501272111713847484e-03,-1.131296766608920826e-03,3.524398387168368313e-04,1.526543676562652036e-03
1.512990061284382381e-03,-1.373439367659689408e-02,-1.500783889539944417e-03,-1.130941782621797120e-03,3.523251808851375014e-04,1.526060412674594890e-03
1.512498028398757011e-03,-1.372992717391073939e-02,-1.500295826138761147e-03,-1.130586559054516053e-03,3.522105615054053136e-04,1.525576938799499786e-03
1.512006155525176705e-03,-1.372546212375675388e-02,-1.499807921458413832e-03,-1.130231105739406368e-03,3.520959805332923333e-04,1.525093265234896047e-03
1.511514442611235250e-03,-1.372099852566205890e-02,-1.499320175447519960e-03,-1.129875432235724229e-03,3.519814379252165604e-04,1.524609401991181131e-03
1.511022889605250245e-03,-1.371653637915542893e-02,-1.498832588054282641e-03,-1.129519547841671386e-03,3.518669336382471125e-04,1.524125358796889207e-03
1.510531496454979843e-03,-1.371207568376334174e-02,-1.498345159227249760e-03,-1.129163461596265636e-03,3.517524676309976618e-04,1.523641145109469854e-03
1.510040263108299941e-03,-1.370761643901541663e-02,-1.497857888914932338e-03,-1.128807182291349884e-03,3.516380398626227344e-04,1.523156770120402247e-03
1.509549189513729366e-03,-1.370315864443841583e-02,-1.497370777065507464e-03,-1.128450718474942110e-03,3.515236502921569440e-04,1.522672242764172785e-03
1.509058275619007839e-03,-1.369870229956174704e-02,-1.496883823627616046e-03,-1.128094078459576785e-03,3.514092988807313175e-04,1.522187571724226487e-03
1.508567521371945554e-03,-1.369424740391411363e-02,-1.496397028549886852e-03,-1.127737270328882727e-03,3.512949855898002448e-04,1.521702765441654281e-03
1.508076926721267771e-03,-1.368979395702317296e-02,-1.495910391780454684e-03,-1.127380301942077770e-03,3.511807103811416964e-04,1.521217832120054340e-03
1.507586491614528162e-03,-1.368534195841896763e-02,-1.495423913268136094e-03,-1.127023180943218742e-03,3.510664732174101116e-04,1.520732779733459123e-03
1.507096216000119353e-03,-1.368089140762997029e-02,-1.494937592961323707e-03,-1.126665914763842584e-03,3.509522740625843911e-04,1.520247616032093354e-03
1.506606099826110446e-03,-1.367644230418546894e-02,-1.494451430808594683e-03,-1.126308510630894466e-03,3.508381128800787288e-04,1.519762348548980716e-03
1.506116143040590709e-03,-1.367199464761413054e-02,-1.493965426758552418e-03,-1.125950975571784942e-03,3.507239896349628955e-04,1.519276984605340362e-03
1.505626345591746769e-03,-1.366754843744535930e-02,-1.493479580759772768e-03,-1.125593316419332178e-03,3.506099042927435954e-04,1.518791531317549657e-03
1.505136707427560993e-03,-1.366310367321025079e-02,-1.492993892760967767e-03,-1.125235539818391847e-03,3.504958568195842882e-04,1.518305995602170109e-03
1.504647228496576060e-03,-1.365866035443746677e-02,-1.492508362710564954e-03,-1.124877652229990758e-03,3.503818471820849332e-04,1.517820384181058947e-03
1.504157908747047988e-03,-1.365421848065705331e-02,-1.492022990557165122e-03,-1.124519659936522569e-03,3.502678753472825862e-04,1.517334703588290451e-03
1.503668748126901029e-03,-1.364977805139889512e-02,-1.491537776249596313e-03,-1.124161569045719873e-03,3.501539412826502060e-04,1.516848960173323123e-03
1.503179746584543857e-03,-1.364533906619398891e-02,-1.491052719736443710e-03,-1.123803385498568222e-03,3.500400449573189848e-04,1.516363160108343423e-03
1.502690904068274989e-03,-1.364090152457180308e-02,-1.490567820966366220e-03,-1.123445115070348908e-03,3.499261863394141918e-04,1.515877309391296980e-03
1.502202220526274116e-03,-1.363646542606383912e-02,-1.490083079888135072e-03,-1.123086763377022105e-03,3.498123653991638523e-04,1.515391413851921963e-03
1.501713695906931479e-03,-1.363203077020005635e-02,-1.489598496450410042e-03,-1.122728335878886039e-03,3.496985821056799136e-04,1.514905479156335470e-03
1.501225330158459511e-03,-1.362759755651122076e-02,-1.489114070601984261e-03,-1.122369837886059811e-03,3.495848364298432534e-04,1.514419510810785952e-03
1.500737123229173645e-03,-1.362316578452859965e-02,-1.488629802291626574e-03,-1.122011274560283595e-03,3.494711283424194984e-04,1.513933514167111524e-03
1.500249075067654507e-03,-1.361873545378348808e-02,-1.488145691467959893e-03,-1.121652650922122301e-03,3.493574578147222854e-04,1.513447494426642869e-03
1.499761185622283449e-03,-1.361430656380708572e-02,-1.487661738079770410e-03,-1.121293971852094879e-03,3.492438248188375828e-04,1.512961456643764635e-03
1.499273454840938970e-03,-1.360987911413134854e-02,-1.487177942076151798e-03,-1.120935242096177510e-03,3.491302293265121661e-04,1.512475405731466540e-03
1.498785882672612393e-03,-1.360545310428651344e-02,-1.486694303405580384e-03,-1.120576466267870098e-03,3.490166713111544049e-04,1.511989346463542792e-03
1.498298469065260496e-03,-1.360102853380542980e-02,-1.486210822017154827e-03,-1.120217648854197542e-03,3.489031507453891701e-04,1.511503283480049743e-03
1.497811213967873952e-03,-1.359660540221956961e-02,-1.485727497859397209e-03,-1.119858794216991270e-03,3.487896676028366845e-04,1.511017221289579241e-03
1.497324117328350775e-03,-1.359218370906171806e-02,-1.485244330881513525e-03,-1.119499906598070849e-03,3.486762218576668613e-04,1.510531164274520489e-03
1.496837179095534187e-03,-1.358776345386321534e-02,-1.484761321032157695e-03,-1.119140990120491260e-03,3.485628134842686768e-04,1.510045116693413837e-03
1.496350399217692782e-03,-1.358334463615616314e-02,-1.484278468260358773e-03,-1.118782048793406621e-03,3.484494424568034248e-04,1.509559082684344342e-03
1.495863777643131800e-03,-1.357892725547420534e-02,-1.483795772515154269e-03,-1.118423086515924533e-03,3.483361087507600589e-04,1.509073066268858988e-03
1.495377314320751492e-03,-1.357451131134993806e-02,-1.483313233745253180e-03,-1.118064107077658582e-03,3.482228123417367119e-04,1.508587071355496851e-03
1.494891009198981349e-03,-1.357009680331551157e-02,-1.482830851899657673e-03,-1.117705114163012681e-03,3.481095532051043219e-04,1.508101101741792264e-03
1.494404862226331523e-03,-1.356568373090343352e-02,-1.482348626927380321e-03,-1.117346111354980756e-03,3.479963313171183193e-04,1.507615161118375279e-03
1.493918873351378525e-03,-1.356127209364856902e-02,-1.481866558777382740e-03,-1.116987102136645336e-03,3.478831466546970157e-04,1.507129253071501319e-03
1.493433042522735940e-03,-1.355686189108279080e-02,-1.481384647398656471e-03,-1.116628089894276636e-03,3.477699991936451383e-04,1.506643381086526703e-03
1.492947369689127729e-03,-1.355245312273951029e-02,-1.480902892740153807e-03,-1.116269077920096836e-03,3.476568889118733150e-04,1.506157548549192987e-03
1.492461854799050167e-03,-1.354804578815326128e-02,-1.480421294750965599e-03,-1.115910069415513824e-03,3.475438157861787517e-04,1.505671758750725103e-03
1.491976497801045069e-03,-1.354363988685706663e-02,-1.479939853380205471e-03,-1.115551067491215740e-03,3.474307797950217124e-04,1.505186014888359796e-03
1.491491298643731660e-03,-1.353923541838504378e-02,-1.479458568576962974e-03,-1.115192075173363937e-03,3.473177809156369872e-04,1.504700320069226856e-03
1.491006257276101697e-03,-1.353483238227107949e-02,-1.478977440290124264e-03,-1.114833095402705237e-03,3.472048191264791479e-04,1.504214677312263812e-03
1.490521373646550626e-03,-1.353043077804924610e-02,-1.478496468468971231e-03,-1.114474131038344301e-03,3.470918944063325806e-04,1.503729089551283796e-03
1.490036647703893912e-03,-1.352603060525407568e-02,-1.478015653062542470e-03,-1.114115184860386054e-03,3.469790067334233615e-04,1.503243559636054973e-03
1.489552079396807378e-03,-1.352163186342005517e-02,-1.477534994020000825e-03,-1.113756259570849441e-03,3.468661560874191220e-04,1.502758090336268068e-03
1.489067668674085671e-03,-1.351723455208186236e-02,-1.477054491290466206e-03,-1.113397357796550111e-03,3.467533424473190286e-04,1.502272684343075940e-03
1.488583415484426731e-03,-1.351283867077423574e-02,-1.476574144823122924e-03,-1.113038482091524908e-03,3.466405657930074990e-04,1.501787344270519731e-03
1.488099319776447832e-03,-1.350844421903243595e-02,-1.476093954567260242e-03,-1.112679634938401000e-03,3.465278261035896804e-04,1.501302072659278482e-03
1.487615381499291217e-03,-1.350405119639107830e-02,-1.475613920471865580e-03,-1.112320818749969274e-03,3.464151233593907187e-04,1.500816871976945379e-03
1.487131600601622515e-03,-1.349965960238489263e-02,-1.475134042486224298e-03,-1.111962035872466866e-03,3.463024575408437463e-04,1.500331744621736163e-03
1.486647977031889433e-03,-1.349526943655133919e-02,-1.474654320559795661e-03,-1.111603288586612793e-03,3.461898286282682710e-04,1.499846692922616846e-03
1.486164510739585061e-03,-1.349088069842363340e-02,-1.474174754641432864e-03,-1.111244579108580047e-03,3.460772366023175182e-04,1.499361719143614286e-03
1.485681201672978645e-03,-1.348649338753887296e-02,-1.473695344680761707e-03,-1.110885909593754091e-03,3.459646814437508568e-04,1.498876825482991972e-03
1.485198049781357929e-03,-1.348210750343263424e-02,-1.473216090626796714e-03,-1.110527282136700329e-03,3.458521631337716905e-04,1.498392014076517812e-03
1.484715055013322623e-03,-1.347772304564007727e-02,-1.472736992429021221e-03,-1.110168698772400538e-03,3.457396816538044378e-04,1.497907287000173771e-03
1.484232217317874025e-03,-1.347334001369829455e-02,-1.472258050036687194e-03,-1.109810161480795886e-03,3.456272369849371973e-04,1.497422646269881133e-03
1.483749536643985461e-03,-1.346895840714355808e-02,-1.471779263399086496e-03,-1.109451672185759108e-03,3.455148291093666107e-04,1.496938093842881123e-03
1.483267012940445509e-03,-1.346457822551166625e-02,-1.471300632465658660e-03,-1.109093232756033862e-03,3.454024580081798009e-04,1.496453631622703595e-03
1.482784646156478595e-03,-1.346019946834011924e-02,-1.470822157185607297e-03,-1.108734844679665514e-03,3.452901236547963049e-04,1.495969263227400802e-03
1.482302436240880887e-03,-1.345582213516509536e-02,-1.470343837508413139e-03,-1.108376319440200746e-03,3.451778256745474021e-04,1.495484981272439439e-03
1.481820383142583861e-03,-1.345144622552390222e-02,-1.469865673383520489e-03,-1.108016561767733105e-03,3.450655621894845580e-04,1.495000693598084584e-03
1.481338486810776598e-03,-1.344707173895291763e-02,-1.469387664760209719e-03,-1.107652848540734624e-03,3.449533286202363853e-04,1.494516150795035733e-03
1.480856747194195418e-03,-1.344269867498941277e-02,-1.468909811588087764e-03,-1.107280304563728821e-03,3.448411167901013806e-04,1.494030886533955762e-03
1.480375164241864386e-03,-1.343832703317225999e-02,-1.468432113816606514e-03,-1.106891556200244103e-03,3.447289142976388298e-04,1.493544159846591337e-03
1.479893737903187042e-03,-1.343395681303703564e-02,-1.467954571395018804e-03,-1.106476544769348239e-03,3.446167041388156229e-04,1.493054890096279187e-03
1.479412468127090522e-03,-1.342958801412211418e-02,-1.467477184272894921e-03,-1.106022482417800710e-03,3.445044645334374668e-04,1.492561576188314396e-03
1.478931354862614072e-03,-1.342522063596556306e-02,-1.466999952399748123e-03,-1.105513933497643360e-03,3.443921689385094544e-04,1.492062193024556787e-03
1.478450398058872399e-03,-1.342085467810495182e-02,-1.466522875725101210e-03,-1.104933004437359334e-03,3.442797862111165704e-04,1.491554060068964963e-03
1.477969597664822131e-03,-1.341649014007872953e-02,-1.466045954198550924e-03,-1.104259624821728658e-03,3.441672808993837636e-04,1.491033678880140587e-03
1.477488953629835580e-03,-1.341212702142492025e-02,-1.465569187769525305e-03,-1.103471901992379191e-03,3.440546136328946560e-04,1.490496538417395095e-03
1.477008465902965436e-03,-1.340776532168233906e-02,-1.465092576387629986e-03,-1.102546531115323200e-03,3.439417415834908017e-04,1.489936888701558172e-03
1.476528134433404251e-03,-1.340340504038946105e-02,-1.464616120002426797e-03,-1.101459242392269396e-03,3.438286189749508999e-04,1.489347484886260724e-03
1.476047959170406591e-03,-1.339904617708400324e-02,-1.464139818563480171e-03,-1.100185267061593811e-03,3.437151976100911305e-04,1.488719304927906819e-03
1.475567940062851892e-03,-1.339468873130607654e-02,-1.463663672020583525e-03,-1.098699804080050446e-03,3.436014273952381435e-04,1.488041244759748987e-03
1.475088077060531617e-03,-1.339033270259446830e-02,-1.463187680323029156e-03,-1.096978469982566292e-03,3.434872568347759536e-04,1.487299795189026040e-03
1.474608370112150428e-03,-1.338597809048788778e-02,-1.462711843420764438e-03,-1.094997715363379108e-03,3.433726334720804468e-04,1.486478704623358203e-03
1.474128819166948363e-03,-1.338162489452556642e-02,-1.462236161263465043e-03,-1.092735192769257865e-03,3.432575042564323152e-04,1.485558631225368303e-03
1.473649424174564666e-03,-1.337727311424733063e-02,-1.461760633800574406e-03,-1.090170062446650179e-03,3.431418158144889752e-04,1.484516787230363540e-03
1.473170185084251953e-03,-1.337292274919257319e-02,-1.461285260981821542e-03,-1.087283224353433487e-03,3.430255146113359694e-04,1.483326576981604077e-03
1.472691101844946686e-03,-1.336857379890123501e-02,-1.460810042757105251e-03,-1.084057467054533753e-03,3.429085469825619500e-04,1.481957228821569224e-03
1.472212174406514274e-03,-1.336422626291336804e-02,-1.460334979075852925e-03,-1.080477526492590020e-03,3.427908590291781294e-04,1.480373419349876327e-03
1.471733402717840655e-03,-1.335988014076873800e-02,-1.459860069888056604e-03,-1.076530050130771734e-03,3.426723963696674227e-04,1.478534886881877498e-03
1.471254786728220946e-03,-1.335553543200782879e-02,-1.459385315143498863e-03,-1.072203464566883748e-03,3.425531037446171161e-04,1.476396029210401287e-03
1.470776326387381342e-03,-1.335119213617099940e-02,-1.458910714791761048e-03,-1.067487747357747513e-03,3.424329244860515047e-04,1.473905479197317858e-03
1.470298021644469077e-03,-1.334685025279843534e-02,-1.458436268782755622e-03,-1.062374106582044233e-03,3.423117998652373405e-04,1.471005650369157456e-03
1.469819872448870557e-03,-1.334250978143106461e-02,-1.457961977066301587e-03,-1.056854574624055019e-03,3.421896683498124102e-04,1.467632243804330204e-03
1.469341878750165609e-03,-1.333817072160945263e-02,-1.457487839592132295e-03,-1.050921525993395774e-03,3.420664648305164995e-04,1.463713707414580423e-03
1.468864040497707898e-03,-1.333383307287462106e-02,-1.457013856310119225e-03,-1.044567132979493020e-03,3.419421198974630246e-04,1.459170639634182077e-03
1.468386357640743319e-03,-1.332949683476781881e-02,-1.456540027170239674e-03,-1.037782777968668767e-03,3.418165593038608157e-04,1.453915132099895978e-03
1.467908830129255240e-03,-1.332516200683031386e-02,-1.456066352122070435e-03,-1.030558447962882061e-03,3.416897038270755608e-04,1.447850050938670257e-03
1.467431457911935744e-03,-1.332082858860351125e-02,-1.455592831115960035e-03,-1.022882146038612975e-03,3.415614698452078702e-04,1.440868265022451564e-03
1.466954240938924542e-03,-1.331649657962861652e-02,-1.455119464101430407e-03,-1.014739367328814030e-03,3.414317711249512783e-04,1.432851843773828978e-03
1.466477179159568793e-03,-1.331216597944773899e-02,-1.454646251028511757e-03,-1.006112705119637137e-03,3.413005225694505499e-04,1.423671269411951133e-03
1.466000272523420135e-03,-1.330783678760246759e-02,-1.454173191847110474e-03,-9.969816777140711427e-04,3.411676470751670706e-04,1.413184742719685938e-03
1.465523520979952147e-03,-1.330350900363484572e-02,-1.453700286507235082e-03,-9.873229011484357161e-04,3.410330872344060314e-04,1.401237712772548287e-03
1.465046924478563377e-03,-1.329918262708740077e-02,-1.453227534958953732e-03,-9.771107790915521240e-04,3.408968245179479868e-04,1.387662837105547867e-03
1.464570482969309619e-03,-1.329485765750214668e-02,-1.452754937151978960e-03,-9.663189413718296364e-04,3.407589098745862979e-04,1.372280689554030439e-03
1.464094196401349596e-03,-1.329053409442147726e-02,-1.452282493036551091e-03,-9.549227369002944495e-04,3.406195116013311362e-04,1.354901691748470506e-03
1.463618064724380016e-03,-1.328621193738788869e-02,-1.451810202562647421e-03,-9.429031714548946966e-04,3.404789890055341683e-04,1.335329967277606002e-03
1.463142087888341528e-03,-1.328189118594443920e-02,-1.451338065680135092e-03,-9.302527632890756184e-04,3.403380039826065960e-04,1.313370123399213709e-03
1.462666265842342116e-03,-1.327757183963392158e-02,-1.450866082339352225e-03,-9.169838411349829667e-04,3.401976870565798510e-04,1.288838371318866763e-03
1.462190598536388785e-03,-1.327325389799896907e-02,-1.450394252490179621e-03,-9.031397743888096557e-04,3.400598790404386700e-04,1.261579911614382809e-03
1.461715085920143762e-03,-1.326893736058340316e-02,-1.449922576082707986e-03,-8.888094089109772975e-04,3.399274722450001712e-04,1.231495121973149665e-03
1.461239727943195984e-03,-1.326462222693011554e-02,-1.449451053067103701e-03,-8.741444402659285162e-04,3.398048714436103352e-04,1.198577722210261579e-03
1.460764524555482197e-03,-1.326030849658299364e-02,-1.448979683393337558e-03,-8.593784079597522945e-04,3.396985751252225511e-04,1.162968575452909183e-03
1.460289475706535176e-03,-1.325599616908511823e-02,-1.448508467011657471e-03,-8.448442825093838105e-04,3.396178254763258146e-04,1.125028698374589201e-03
1.459814581346065721e-03,-1.325168524398041316e-02,-1.448037403872250639e-03,-8.309852746307040423e-04,3.395751668441069986e-04,1.085433499498048840e-03
1.459339841423993233e-03,-1.324737572081321167e-02,-1.447566493925174589e-03,-8.183510657401094675e-04,3.395865632371778829e-04,1.045285406828191975e-03
1.458865255889977121e-03,-1.324306759912753650e-02,-1.447095737120678970e-03,-8.075706535973360516e-04,3.396704618105382480e-04,1.006230489700636697e-03
1.458390824693720162e-03,-1.323876087846756824e-02,-1.446625133408994133e-03,-7.992961873480692540e-04,3.398449612232336660e-04,9.705414774021022288e-04
1.457916547785198568e-03,-1.323445555837746666e-02,-1.446154682740265641e-03,-7.941225746388642405e-04,3.401223831735373268e-04,9.410918585944761348e-04
1.457442425114213128e-03,-1.323015163840178879e-02,-1.445684385064724062e-03,-7.925044074203700922e-04,3.405016438771019159e-04,9.211060868002713840e-04
1.456968456630329360e-03,-1.322584911808501185e-02,-1.445214240332777554e-03,-7.947027825209138389e-04,3.409612633765403888e-04,9.135812334925777099e-04
1.456494642283999441e-03,-1.322154799697241451e-02,-1.444744248494345303e-03,-8.007779840213052154e-04,3.414584093059920360e-04,9.204246109859832515e-04
1.456020982024577902e-03,-1.321724827460902217e-02,-1.444274409500005034e-03,-8.105999447943549024e-04,3.419382980759358599e-04,9.416491944469314529e-04
1.455547475802127476e-03,-1.321294995053956707e-02,-1.443804723299935925e-03,-8.238335377240799421e-04,3.423511220753548863e-04,9.751560645245495752e-04
1.455074123566479092e-03,-1.320865302430977890e-02,-1.443335189844521848e-03,-8.399141503723639565e-04,3.426663005812595236e-04,1.017347173923020343e-03
1.454600925267783952e-03,-1.320435749546431704e-02,-1.442865809083928967e-03,-8.580806136057293754e-04,3.428759079937892867e-04,1.064206364356123230e-03
1.454127880855744402e-03,-1.320006336354905864e-02,-1.442396580968652612e-03,-8.774859054104133154e-04,3.429885844084529082e-04,1.112223800895855786e-03
1.453654990280405174e-03,-1.319577062811021911e-02,-1.441927505449004231e-03,-8.973297841259946991e-04,3.430207337910308463e-04,1.158832312070189833e-03
1.453182253491593946e-03,-1.319147928869324887e-02,-1.441458582475413884e-03,-9.169510511773120050e-04,3.429899439816801827e-04,1.202421164271073699e-03
1.452709670439571643e-03,-1.318718934484392272e-02,-1.440989811998151819e-03,-9.358610583307312670e-04,3.429116764931531051e-04,1.242142744665004472e-03
1.452237241074210393e-03,-1.318290079610904761e-02,-1.440521193967684091e-03,-9.537340333132308902e-04,3.427982688899127838e-04,1.277679091658841639e-03
1.451764965345511563e-03,-1.317861364203430120e-02,-1.440052728334436207e-03,-9.703770802266964033e-04,3.426590841267807236e-04,1.309045295582008956e-03
1.451292843203263582e-03,-1.317432788216637771e-02,-1.439584415049010831e-03,-9.856961336696054305e-04,3.425010559397774880e-04,1.336447922645111076e-03
1.450820874597994305e-03,-1.317004351605198173e-02,-1.439116254061560468e-03,-9.996659218654516555e-04,3.423292720195422485e-04,1.360191687289757619e-03
1.450349059479731553e-03,-1.316576054323759584e-02,-1.438648245322609502e-03,-1.012306503915817203e-03,3.421474658499621237e-04,1.380621496945660031e-03
1.449877397798127795e-03,-1.316147896327043640e-02,-1.438180388782881380e-03,-1.023666225225270407e-03,3.419583929442052855e-04,1.398088232498036470e-03
1.449405889503556713e-03,-1.315719877569751159e-02,-1.437712684392727014e-03,-1.033809935855460301e-03,3.417641055247663774e-04,1.412929652785798558e-03
1.448934534546114433e-03,-1.315291998006562837e-02,-1.437245132102683365e-03,-1.042811159362963189e-03,3.415661486869488368e-04,1.425460601735652763e-03
1.448463332876064264e-03,-1.314864257592232577e-02,-1.436777731863201745e-03,-1.050747071921607871e-03,3.413656993176156381e-04,1.435968770771522702e-03
1.447992284443307826e-03,-1.314436656281512371e-02,-1.436310483624982180e-03,-1.057695406569288642e-03,3.411636644389554203e-04,1.444713674924965989e-03
1.447521389198319847e-03,-1.314009194029136865e-02,-1.435843387338413962e-03,-1.063732635528363618e-03,3.409607511454623057e-04,1.451927409724062179e-03
1.447050647091084781e-03,-1.313581870789905237e-02,-1.435376442954197770e-03,-1.068932974617645571e-03,3.407575167140304128e-04,1.457816327562514889e-03
1.446580058071587514e-03,-1.313154686518646329e-02,-1.434909650423060300e-03,-1.073367896314915068e-03,3.405544048335007803e-04,1.462563125816290820e-03
1.446109622090528722e-03,-1.312727641170141971e-02,-1.434443009695341841e-03,-1.077105940266221513e-03,3.403517720543692421e-04,1.466329054918407869e-03
1.445639339097537892e-03,-1.312300734699180585e-02,-1.433976520722011951e-03,-1.080212681680806303e-03,3.401499072830418123e-04,1.469256085007206950e-03
1.445169209043504132e-03,-1.311873967060651382e-02,-1.433510183453352805e-03,-1.082750767617577953e-03,3.399490462761862054e-04,1.471468947419612679e-03
1.444699231878361590e-03,-1.311447338209354926e-02,-1.433043997840206243e-03,-1.084779965232063673e-03,3.397493825048855968e-04,1.473077012720797659e-03
1.444229407552155651e-03,-1.311020848100154755e-02,-1.432577963833419309e-03,-1.086357189392823507e-03,3.395510753437004647e-04,1.474175992757226130e-03
1.443759736015745067e-03,-1.310594496687990211e-02,-1.432112081383335326e-03,-1.087536493078644379e-03,3.393542562758411420e-04,1.474849468285683099e-03
1.443290217219178693e-03,-1.310168283927696901e-02,-1.431646350440828877e-03,-1.088369014923546395e-03,3.391590336027556791e-04,1.475170250796714166e-03
1.442820851112493674e-03,-1.309742209774195434e-02,-1.431180770956805553e-03,-1.088902885777997707e-03,3.389654960266970298e-04,1.475201590271390563e-03
1.442351637646493469e-03,-1.309316274182484655e-02,-1.430715342881726422e-03,-1.089183101269364717e-03,3.387737153723363506e-04,1.474998241559066520e-03
1.441882576771171855e-03,-1.308890477107415781e-02,-1.430250066166584462e-03,-1.089251370748116950e-03,3.385837486530345248e-04,1.474607402002695413e-03
1.441413668437214546e-03,-1.308464818503967710e-02,-1.429784940761961954e-03,-1.089145955241442284e-03,3.383956396419756860e-04,1.474069532529854142e-03
1.440944912594796599e-03,-1.308039298327156978e-02,-1.429319966618781620e-03,-1.088901508372404478e-03,3.382094200751976768e-04,1.473419074128495343e-03
1.440476309194208644e-03,-1.307613916531854929e-02,-1.428855143687922814e-03,-1.088548934933095732e-03,3.380251105857456288e-04,1.472685071630770596e-03
1.440007858186246551e-03,-1.307188673073136041e-02,-1.428390471919995137e-03,-1.088115282075712356e-03,3.378427214576623649e-04,1.471891717217779652e-03
1.439539559521389820e-03,-1.306763567905996730e-02,-1.427925951265825253e-03,-1.087623678051962469e-03,3.376622532752837961e-04,1.471058827050115807e-03
1.439071413149801580e-03,-1.306338600985507137e-02,-1.427461581676428256e-03,-1.087093333217981116e-03,3.374836975320981295e-04,1.470202265918283801e-03
1.438603419021840983e-03,-1.305913772266613024e-02,-1.426997363102748334e-03,-1.086539617732963821e-03,3.373070372603574662e-04,1.469334336745312065e-03
1.438135577088329922e-03,-1.305489081704473871e-02,-1.426533295495483345e-03,-1.085974230082921215e-03,3.371322477415492503e-04,1.468464154005138991e-03
1.437667887299526716e-03,-1.305064529254094767e-02,-1.426069378805681128e-03,-1.085405470362363215e-03,3.369592973550000628e-04,1.467598022490897245e-03
1.437200349606082821e-03,-1.304640114870581243e-02,-1.425605612984179836e-03,-1.084838632157317023e-03,3.367881486177499170e-04,1.466739845078426181e-03
1.436732963958538018e-03,-1.304215838509028245e-02,-1.425141997981933632e-03,-1.084276526955657832e-03,3.366187594777637817e-04,1.465891584867750567e-03
