-2.624910491499792831e-01,-1.003008124145261248e-01,9.948941576532316367e-02,-1.348280036457080722e-02,2.703717378065013596e-02,-1.643937390583494543e-02,-5.430604447148328767e-02,1.992876128171285413e-02,1.429833255896137585e-02,-2.096006163995481689e-02,3.086138029718856705e-03,-9.747867110712580066e-03,0.000000000000000000e+00
-2.624910491499792831e-01,-8.653892364773423107e-02,9.579172492231761982e-02,1.437789386285735771e-01,3.270371737806501145e-01,-3.164393739058349309e-01,2.456939555285166943e-01,-1.251355607016499116e-01,3.142983325589613908e-01,2.790399383600451477e-01,3.030861380297188434e-01,2.902521328892874175e-01,0.000000000000000000e+00
-2.637915509868390407e-01,-8.519063478533529798e-02,9.421085968933989863e-02,1.484606534519735122e-01,4.798719511412705696e-01,-5.893736785228254060e-01,3.145396393584222738e-01,-1.228979348144793177e-01,3.856565583345396564e-01,2.798115847268564660e-01,3.533625445551497601e-01,3.121055985062464178e-01,0.000000000000000000e+00
-2.652003851156374825e-01,-8.503491912578059475e-02,9.284951520598498653e-02,1.534197727957081203e-01,5.668171992514930979e-01,-7.257822933469575410e-01,3.141652844322102012e-01,-1.210176213827161701e-01,4.345383182493689489e-01,2.522429649101252114e-01,3.794063617505094577e-01,3.073749214089848691e-01,0.000000000000000000e+00
-2.665745812292797945e-01,-8.505481936454049874e-02,9.156594942928740488e-02,1.587579569838721283e-01,6.374272164002828811e-01,-8.255791659921696279e-01,2.948907469812850346e-01,-1.197253017853684154e-01,4.785558271498484562e-01,2.216181341597343590e-01,4.011474283877348168e-01,2.990265329218483314e-01,0.000000000000000000e+00
-2.678729499073209119e-01,-8.515359371572601976e-02,9.037015259162668734e-02,1.650901625878618550e-01,6.986153603257706513e-01,-9.033763941872066106e-01,2.643767282669159946e-01,-1.196647285865116705e-01,5.185515397043172214e-01,1.909060948292290727e-01,4.200959013192210878e-01,2.893617332143254006e-01,0.000000000000000000e+00
-2.689700321537893957e-01,-8.528800776170242237e-02,8.935770901948766887e-02,1.749334697375789505e-01,7.531599527206648270e-01,-9.653204524601949332e-01,2.259546546914893150e-01,-1.234673899472669562e-01,5.516699084750447124e-01,1.636365332366135628e-01,4.354299894629860002e-01,2.798764522486725803e-01,0.000000000000000000e+00
-2.681511947171923982e-01,-8.530902113235497297e-02,8.994971696380200943e-02,2.235701290710623013e-01,8.025553373381923983e-01,-1.014545513267893329e+00,1.812305148163227964e-01,-1.681202940035808613e-01,5.294002406729808596e-01,1.784390079235820270e-01,4.264341074752310834e-01,2.814051411213313036e-01,0.000000000000000000e+00
-2.735311567619416184e-01,-8.563385284238976547e-02,8.534389968902950097e-02,1.430502412918010502e-01,8.472506274570468232e-01,-1.054161972835361505e+00,1.329056922421477382e-01,-7.755001820657946021e-02,6.876186653967925055e-01,5.892628913232919596e-02,4.974405158946865746e-01,2.491044386344344885e-01,0.000000000000000000e+00
-2.741259766425081512e-01,-8.584823761197979408e-02,8.478766384628791397e-02,1.616122907450400492e-01,8.881474366098266460e-01,-1.084767584568399501e+00,8.049303907893391730e-02,-9.097071942858946103e-02,7.037557386194277509e-01,4.043214504810331567e-02,5.039352457902429583e-01,2.402526378772875115e-01,0.000000000000000000e+00
-2.752325268579852713e-01,-8.612752965464347266e-02,8.381499530453635771e-02,1.690039629558898193e-01,9.254190063488942908e-01,-1.107602046667603757e+00,2.508297586349910596e-02,-9.282635288189351741e-02,7.339238401973887660e-01,1.005363837138927366e-02,5.161655859804694657e-01,2.278118925883080848e-01,0.000000000000000000e+00
-2.764170290835771815e-01,-8.643162289917286079e-02,8.278476403734846834e-02,1.742226262663255365e-01,9.592708014263687799e-01,-1.123571407758050755e+00,-3.264487922160122513e-02,-9.254156362562782068e-02,7.658841530675614129e-01,-2.241298867125081015e-02,5.289244943515735153e-01,2.145466700447366537e-01,0.000000000000000000e+00
-2.776163690679880336e-01,-8.675477349870326649e-02,8.174914208238778790e-02,1.786096964670275122e-01,9.898560041641981666e-01,-1.133397736466765560e+00,-9.215216554497272783e-02,-9.151502984474128854e-02,7.978559809268990222e-01,-5.554697335403241398e-02,5.414543898320403059e-01,2.008546177408257472e-01,0.000000000000000000e+00
-2.788127136617326585e-01,-8.709476345305311451e-02,8.072265553096202861e-02,1.825678589164507759e-01,1.017294888183423840e+00,-1.137689437801886694e+00,-1.529812673413386559e-01,-9.016197409208949465e-02,8.293502931010958701e-01,-8.893614460104375119e-02,5.535553264865873402e-01,1.868588220134642375e-01,0.000000000000000000e+00
-2.799997147170685263e-01,-8.745035899945542701e-02,7.971030432199759097e-02,1.862615718684964006e-01,1.041690383102301221e+00,-1.136972772288398881e+00,-2.147387187540601705e-01,-8.864839910583570404e-02,8.602037844401770883e-01,-1.224260196352477958e-01,5.651669059812765017e-01,1.726108588236522912e-01,0.000000000000000000e+00
-2.811750660793114198e-01,-8.782079786402030575e-02,7.871376820562357712e-02,1.897716475498739674e-01,1.063137950592208947e+00,-1.131710772399436404e+00,-2.770860618867489467e-01,-8.705305807451849121e-02,8.903651661676755813e-01,-1.559554518537405177e-01,5.762752235208377094e-01,1.581344907930967991e-01,0.000000000000000000e+00
-2.823381966219991601e-01,-8.820563634109973572e-02,7.773333259660732131e-02,1.931432336701900121e-01,1.081731475998146008e+00,-1.122315244272795942e+00,-3.397337229453060714e-01,-8.541769625536492494e-02,9.198288011584253576e-01,-1.895058251018511553e-01,5.868839002406494032e-01,1.434390758159242996e-01,0.000000000000000000e+00
-2.834893911065132222e-01,-8.860469300979123553e-02,7.676862368406603410e-02,1.964041284202908133e-01,1.097566404610418767e+00,-1.109154625653723469e+00,-4.024362984847170699e-01,-8.376620396517407696e-02,9.486093693857049480e-01,-2.230817411085752600e-01,5.970029999821224731e-01,1.285246282950066321e-01,0.000000000000000000e+00
-2.846294047093370083e-01,-8.901802650912794823e-02,7.581893202473664883e-02,1.995728361932844752e-01,1.110740983557727546e+00,-1.092559291837023494e+00,-4.649885059885844329e-01,-8.211302147106649962e-02,9.767307045931319376e-01,-2.567026101979746344e-01,6.066441146806164086e-01,1.133839797145403255e-01,0.000000000000000000e+00
-2.857592762076342496e-01,-8.944592859382252681e-02,7.488337097152170108e-02,2.026625010902658452e-01,1.121356231545514559e+00,-1.072825276253741356e+00,-5.272214499627001505e-01,-8.046722717168099115e-02,1.004220299771251712e+00,-2.903986643966636194e-01,6.158178982021282888e-01,9.800373717245937366e-02,0.000000000000000000e+00
-2.868802308794680678e-01,-8.988892631081707441e-02,7.396096113803742045e-02,2.056829897667755425e-01,1.129515094722454593e+00,-1.050217004346558625e+00,-5.889990616369598087e-01,-7.883468900757011066e-02,1.031106325247063360e+00,-3.242090167062203210e-01,6.245326584713704055e-01,8.236465006947218948e-02,0.000000000000000000e+00
-2.879936280161344286e-01,-9.034779161350953158e-02,7.305067891464381291e-02,2.086420691226487656e-01,1.135321125687178911e+00,-1.024969411315867385e+00,-6.502146780870394771e-01,-7.721926923532317077e-02,1.057415834258100373e+00,-3.581808019799155307e-01,6.327934138985531476e-01,6.644161837963127870e-02,0.000000000000000000e+00
-2.891009327399629569e-01,-9.082355864253920108e-02,7.215148644985532045e-02,2.115461101677173217e-01,1.138876928298727442e+00,-9.972896697640630803e-01,-7.107877771378202647e-01,-7.562353380598760277e-02,1.083173538322262708e+00,-3.923689870043793881e-01,6.406011255974954910e-01,5.020342572038746787e-02,0.000000000000000000e+00
-2.902037024611372473e-01,-9.131754993231259998e-02,7.126235173722515748e-02,2.144005300023501537e-01,1.140282536257549717e+00,-9.673586619068079706e-01,-7.706609012158012195e-01,-7.404918761375768599e-02,1.108400833792132500e+00,-4.268366789961119956e-01,6.479519434820136814e-01,3.361221131400639328e-02,0.000000000000000000e+00
-2.913035832944076420e-01,-9.183141357693404283e-02,7.038226342636927368e-02,2.172100827546464830e-01,1.139633834992382244e+00,-9.353322754751873802e-01,-8.297968004960892818e-01,-7.249735084543620922e-02,1.133114894936749550e+00,-4.616558814500295593e-01,6.548363574346688365e-01,1.662265605205072785e-02,0.000000000000000000e+00
-2.924023143227374444e-01,-9.236717420275795953e-02,6.951024303587628739e-02,2.199790607245240559e-01,1.137021092474045147e+00,-9.013425726106567559e-01,-8.881758116291842420e-01,-7.096873954444248012e-02,1.157327708949151157e+00,-4.969087170975322043e-01,6.612381631983558217e-01,-8.191713467372990776e-04,0.000000000000000000e+00
-2.935017390876208943e-01,-9.292730163409461397e-02,6.864535629102083703e-02,2.227114414124438668e-01,1.132527634227321167e+00,-8.654988717655105468e-01,-9.457934672887960970e-01,-6.946378647242898441e-02,1.181044951112892205e+00,-5.326891914927189831e-01,6.671331512787229689e-01,-1.877739165855011813e-02,0.000000000000000000e+00
-2.946038247221625106e-01,-9.351480256634533972e-02,6.778672486364091532e-02,2.254110024392491918e-01,1.126228680864422849e+00,-8.278887928975358079e-01,-1.002658304567669578e+00,-6.798272367307778286e-02,1.204264599122305324e+00,-5.691056237465349499e-01,6.724874111071453830e-01,-3.732843573137548110e-02,0.000000000000000000e+00
-2.957106900408658645e-01,-9.413334255548740093e-02,6.693353963989563671e-02,2.280814189431491223e-01,1.118190364147193305e+00,-7.885793499344710966e-01,-1.058789804250555244e+00,-6.652563984902440386e-02,1.226975170020483619e+00,-6.062839336696643766e-01,6.772551126284482859e-01,-5.656387627762951564e-02,0.000000000000000000e+00
-2.968246448522453562e-01,-9.478740840701274650e-02,6.608507668727678364e-02,2.307263541197394074e-01,1.108468953773751098e+00,-7.476182422923238757e-01,-1.114216341376972341e+00,-6.509252081153873992e-02,1.249153432677075459e+00,-6.443720557570105090e-01,6.813755815005726468e-01,-7.659420458050818226e-02,0.000000000000000000e+00
-2.979482439060701648e-01,-9.548252483785331368e-02,6.524071729440311662e-02,2.333495517730451163e-01,1.097110370582171202e+00,-7.050356210440826832e-01,-1.168972947192978395e+00,-6.368327833688182393e-02,1.270761402333446366e+00,-6.835458581790710975e-01,6.847694191265203401e-01,-9.755387497214548786e-02,0.000000000000000000e+00
-2.990843603279523255e-01,-9.622554427154167422e-02,6.439997379489023621e-02,2.359549393583202093e-01,1.084150150563268467e+00,-6.608468263726163805e-01,-1.223098550254809291e+00,-6.229777095040226614e-02,1.291742360749784213e+00,-7.240170853489722447e-01,6.873333323881363199e-01,-1.196080569873249483e-01,0.000000000000000000e+00
-3.002362851487478945e-01,-9.702503466305506530e-02,6.356252332014608597e-02,2.385467505882051253e-01,1.069614192545257358e+00,-6.150569864890816918e-01,-1.276632139371403074e+00,-6.093581900865759765e-02,1.312015569669569670e+00,-7.660440128767208590e-01,6.889332336866039741e-01,-1.429616768937556071e-01,0.000000000000000000e+00
-3.014078613677161345e-01,-9.789179609488229961e-02,6.272825201910291193e-02,2.411296777475308295e-01,1.053520935303869921e+00,-5.676690684710936630e-01,-1.329606903691360698e+00,-5.959721570332473378e-02,1.331469276185153650e+00,-8.099456714711477101e-01,6.893950730736506660e-01,-1.678714683596450596e-01,0.000000000000000000e+00
-3.026036619181433629e-01,-9.883953817874133185e-02,6.189731221548983725e-02,2.437090642882725477e-01,1.035886183419735485e+00,-5.186982076908974726e-01,-1.382040742592598015e+00,-5.828173511682329527e-02,1.349951610159786819e+00,-8.561205448251358874e-01,6.884928507571476120e-01,-1.946617854224970967e-01,0.000000000000000000e+00
-3.038292179618292677e-01,-9.988573447530608995e-02,6.107019328369742150e-02,2.462911449929459373e-01,1.016732828806257816e+00,-4.681972681483319576e-01,-1.433920439990129303e+00,-5.698913812705315440e-02,1.367259225708398196e+00,-9.050702360192317553e-01,6.859335578081140472e-01,-2.237445681189478841e-01,0.000000000000000000e+00
-3.050912891709748886e-01,-1.010526045509548693e-01,6.024780075697922649e-02,2.488833259920961716e-01,9.961094582608213122e-01,-4.163020004198931812e-01,-1.485175126710711391e+00,-5.571917673111687758e-02,1.383124500244099941e+00,-9.574268393808114119e-01,6.813399937955603169e-01,-2.556423329322721760e-01,0.000000000000000000e+00
-3.063981218513150417e-01,-1.023679819182249234e-01,5.943152048349250455e-02,2.514944509525553484e-01,9.741244146461379705e-01,-3.633087338237923625e-01,-1.535632661948594491e+00,-5.447159719991084836e-02,1.397204844492931697e+00,-1.013977545719948026e+00,6.742358924894039651e-01,-2.910085937164207381e-01,0.000000000000000000e+00
-3.077595243013307447e-01,-1.038653526404807875e-01,5.862320206657958138e-02,2.541348831774902228e-01,9.510042742149346084e-01,-3.098003037584352581e-01,-1.584952195365546324e+00,-5.324614236429224545e-02,1.409084301037765830e+00,-1.075667106978549059e+00,6.640462987918782645e-01,-3.306291047326618826e-01,0.000000000000000000e+00
-3.091863472345301456e-01,-1.055813967139517667e-01,5.782491203509387140e-02,2.568159917074489540e-01,9.271826103690796739e-01,-2.568244729553374461e-01,-1.632534521392652538e+00,-5.204255325433091578e-02,1.418310705971328023e+00,-1.143532667610961395e+00,6.501431530188395147e-01,-3.753651146584732201e-01,0.000000000000000000e+00
-3.106886263066780396e-01,-1.075481326580151470e-01,5.703820383087690460e-02,2.595482986652867807e-01,9.034006930182199024e-01,-2.060708439955351301e-01,-1.677445877557300458e+00,-5.086057025610052351e-02,1.424508029730992442e+00,-1.218491297579095134e+00,6.319877423457911370e-01,-4.259710101938938842e-01,0.000000000000000000e+00
-3.122717305902662499e-01,-1.097773635367782913e-01,5.626272261557936638e-02,2.623376318430908904e-01,8.807343278208208392e-01,-1.598503266064075223e-01,-1.718465327608676541e+00,-4.969993390893812785e-02,1.427593215419364903e+00,-1.300915538573710117e+00,6.094099743844181294e-01,-4.827322975387632886e-01,0.000000000000000000e+00
-3.139316468592815434e-01,-1.122425567206764285e-01,5.549464810270238885e-02,2.651804125162738335e-01,8.603877816819902602e-01,-1.205612952588480669e-01,-1.754412540303510015e+00,-4.856038543559088039e-02,1.428021430750981091e+00,-1.390133952478584511e+00,5.829300733551548985e-01,-5.450425950827584298e-01,0.000000000000000000e+00
-3.156537965756542885e-01,-1.148759737409003473e-01,5.472658747175435795e-02,2.680624754729052928e-01,8.432216078487815292e-01,-8.966106105644545965e-02,-1.784704153208295896e+00,-4.744166707506002750e-02,1.426810843773690385e+00,-1.484342575872967807e+00,5.538025330808744595e-01,-6.113342651801518812e-01,0.000000000000000000e+00
-3.174186101610460553e-01,-1.175927681736546188e-01,5.394988164787403034e-02,2.709646459192491252e-01,8.293762111197960918e-01,-6.697918322793491863e-02,-1.809664036730662229e+00,-4.634352227106511984e-02,1.425193891339356478e+00,-1.581254132424230185e+00,5.235770235780848880e-01,-6.796372646629582626e-01,0.000000000000000000e+00
-3.192091906734933482e-01,-1.203218541741925551e-01,5.315739496773982942e-02,2.738704054434257795e-01,8.183757169263465858e-01,-5.109646649197670254e-02,-1.830248175875078820e+00,-4.526569575634658421e-02,1.424187393038751193e+00,-1.678941028898010668e+00,4.935442727599133605e-01,-7.482979086191724472e-01,0.000000000000000000e+00
-3.210145518015430355e-01,-1.230177924118767419e-01,5.234449416758754636e-02,2.767691320006647748e-01,8.095188763640370766e-01,-4.024401082009292779e-02,-1.847536535282808146e+00,-4.420793356340813052e-02,1.424436244015638842e+00,-1.776166206334415909e+00,4.645272696610479590e-01,-8.162572319798251375e-01,0.000000000000000000e+00
-3.228286560397708449e-01,-1.256558670834642122e-01,5.150851131781446213e-02,2.796551398258011467e-01,8.021655559341759334e-01,-3.289262930422837822e-02,-1.862430140615799923e+00,-4.316998298497394526e-02,1.426290355825042822e+00,-1.872254352398637689e+00,4.369737969770743358e-01,-8.829377935506695918e-01,0.000000000000000000e+00
-3.246484575224414804e-01,-1.282236713951856177e-01,5.064793185241991264e-02,2.825257237843762925e-01,7.958311582027791653e-01,-2.791214084130682477e-02,-1.875586215786538391e+00,-4.215159250183001666e-02,1.429926106185576584e+00,-1.966864951016414675e+00,4.111096075132628647e-01,-9.480484523441014000e-01,0.000000000000000000e+00
-3.264724812209220395e-01,-1.307151922691177637e-01,4.976183814812850520e-02,2.853797398968531129e-01,7.901787440821701480e-01,-2.452386236153681134e-02,-1.887457822018584030e+00,-4.115251169140825283e-02,1.435430278402306525e+00,-2.059831754938870496e+00,3.870453955651497191e-01,-1.011446872101714467e+00,0.000000000000000000e+00
-3.283000361650819654e-01,-1.331275887693472992e-01,4.884961041788584563e-02,2.882168197204973970e-01,7.849831530346945696e-01,-2.220683619280352031e-02,-1.898351759451347043e+00,-4.017249112714464665e-02,1.442845362339537640e+00,-2.151075073724571407e+00,3.648348519865250994e-01,-1.073064563371559421e+00,0.000000000000000000e+00
-3.301308213206742836e-01,-1.354595966082831060e-01,4.791077987343062700e-02,2.910369772415374867e-01,7.800967638382707570e-01,-2.061597104424503502e-02,-1.908476195451932922e+00,-3.921128227606963945e-02,1.452191847753629084e+00,-2.240558235416760802e+00,3.445033464573309390e-01,-1.132869734120462768e+00,0.000000000000000000e+00
-3.319647337590069802e-01,-1.377107582343721492e-01,4.694495833344872887e-02,2.938404179315081688e-01,7.754238012870425800e-01,-1.952280791088643885e-02,-1.917974213711538312e+00,-3.826863740009055215e-02,1.463478929718939447e+00,-2.328266540652069505e+00,3.260617425801954905e-01,-1.190849353513325770e+00,0.000000000000000000e+00
-3.338017746810453268e-01,-1.398810481241702652e-01,4.595180413769922589e-02,2.966274455450407799e-01,7.709026449853833007e-01,-1.877552277625697125e-02,-1.926946128413663972e+00,-3.734430946487656000e-02,1.476709699201362636e+00,-2.414197006437456938e+00,3.095131118527334468e-01,-1.247000419088828194e+00,0.000000000000000000e+00
-3.356420021565855172e-01,-1.419706852327195234e-01,4.493100515099316544e-02,2.993984155328118790e-01,7.664940689683161779e-01,-1.827264157029142785e-02,-1.935464016755720662e+00,-3.643805205905151917e-02,1.491883733758744945e+00,-2.498353227956598754e+00,2.948560904908329450e-01,-1.301325584688687087e+00,0.000000000000000000e+00
-3.374855064131090376e-01,-1.439800352371985448e-01,4.388226992821511740e-02,3.021537109156273715e-01,7.621735311866519869e-01,-1.794592264826215533e-02,-1.943581133602256372e+00,-3.554961932546608916e-02,1.508998445208917127e+00,-2.580742698933999879e+00,2.820866276773606462e-01,-1.353830881402444009e+00,0.000000000000000000e+00
-3.393323962799641991e-01,-1.459095570149398780e-01,4.280532288578482725e-02,3.048937292352255080e-01,7.579261377083896800e-01,-1.774921644380415137e-02,-1.951338023473829786e+00,-3.467876590559749311e-02,1.528049816406309658e+00,-2.661375344205911819e+00,2.711989420857322530e-01,-1.404524469885335858e+00,0.000000000000000000e+00
-3.411827913369450682e-01,-1.477597716913578718e-01,4.169990151252119664e-02,3.076188751396008447e-01,7.537433505886861340e-01,-1.765118972074231074e-02,-1.958766511404537169e+00,-3.382524689756887665e-02,1.549032826696869591e+00,-2.740262671097874581e+00,2.621860746104966999e-01,-1.453415919011503465e+00,0.000000000000000000e+00
-3.430368170968791652e-01,-1.495312436904452369e-01,4.056575466348780190e-02,3.103295559401673120e-01,7.496208287001885351e-01,-1.763054757421726390e-02,-1.965892328814765611e+00,-3.298881782785343525e-02,1.571941711809026421e+00,-2.817417249905205701e+00,2.550402263510906931e-01,-1.500515764447271971e+00,0.000000000000000000e+00
-3.448946018748975106e-01,-1.512245684694701331e-01,3.940264145642635718e-02,3.130261788002652867e-01,7.455570059808679373e-01,-1.767287581850126438e-02,-1.972736856224075241e+00,-3.216923463640693898e-02,1.596770131433072892e+00,-2.892852377597608271e+00,2.497529769419972179e-01,-1.545835223106534873e+00,0.000000000000000000e+00
-3.467562746417485742e-01,-1.528403641652640865e-01,3.821033052052622697e-02,3.157091488584513050e-01,7.415521518197299988e-01,-1.776854094885167018e-02,-1.979318290342260145e+00,-3.136625367473078185e-02,1.623511282670752065e+00,-2.966581848691284495e+00,2.463154328012488736e-01,-1.589385998821783552e+00,0.000000000000000000e+00
-3.486219634815980184e-01,-1.543792656510239447e-01,3.698859946197464998e-02,3.183788679124393561e-01,7.376077486341066081e-01,-1.791128553118331510e-02,-1.985652432743414408e+00,-3.057963171619140080e-02,1.652157980054112185e+00,-3.038619792130276220e+00,2.447183321491547825e-01,-1.631180144225320650e+00,0.000000000000000000e+00
-3.504917944417750841e-01,-1.558419201585580227e-01,3.573723446983331081e-02,3.210357334560114961e-01,7.337260796727905765e-01,-1.809728483648211442e-02,-1.991753227345120614e+00,-2.980912597779878520e-02,1.682702713823553076e+00,-3.108980551030863015e+00,2.449521219325671295e-01,-1.671229959139879595e+00,0.000000000000000000e+00
-3.523658906511834554e-01,-1.572289839712605886e-01,3.445603001733938547e-02,3.236801379499786302e-01,7.299099573432694665e-01,-1.832451240540199089e-02,-1.997633129310239175e+00,-2.905449415256186607e-02,1.715137693345404779e+00,-3.177678591763832827e+00,2.470070155334832263e-01,-1.709547913951913856e+00,0.000000000000000000e+00
-3.542443716335131332e-01,-1.585411198871566063e-01,3.314478863121277097e-02,3.263124682572515201e-01,7.261625464080844194e-01,-1.859231489033415230e-02,-2.003303359373578285e+00,-2.831549445148786107e-02,1.749454879884825065e+00,-3.244728434177757581e+00,2.508730366751377727e-01,-1.746146590968073120e+00,0.000000000000000000e+00
-3.561273527698072816e-01,-1.597789952630654375e-01,3.180332071161948160e-02,3.289331052001143729e-01,7.224872520034396617e-01,-1.890113062812365241e-02,-2.008774079097826348e+00,-2.759188565426638762e-02,1.785646011415266132e+00,-3.310144597832784807e+00,2.565400529435479249e-01,-1.781038639361068876e+00,0.000000000000000000e+00
-3.580149448819967550e-01,-1.609432805179790704e-01,3.043144439148267461e-02,3.315424232145079420e-01,7.188876526368672693e-01,-1.925230866127670623e-02,-2.014054510502029327e+00,-2.688342716767346680e-02,1.823702621224982723e+00,-3.373941560954713204e+00,2.639978011451402096e-01,-1.814236740874873854e+00,0.000000000000000000e+00
-3.599072539197953891e-01,-1.620346480159641500e-01,2.902898542762856124e-02,3.341407900866021352e-01,7.153674650482363395e-01,-1.964799959463225248e-02,-2.019153015564135956e+00,-2.618987909074065382e-02,1.863616051502894777e+00,-3.436133729978368745e+00,2.732359059682104019e-01,-1.845753584443688533e+00,0.000000000000000000e+00
-3.618043807406283729e-01,-1.630537712770331604e-01,2.759577711876308112e-02,3.367285667639432489e-01,7.119305322994736729e-01,-2.009109944598522560e-02,-2.024077145808599987e+00,-2.551100228575535131e-02,1.905377462703984559e+00,-3.496735418323718037e+00,2.842438929157969363e-01,-1.875601848535534355e+00,0.000000000000000000e+00
-3.637064209776243451e-01,-1.640013244845961449e-01,2.613166024704572515e-02,3.393061072385712418e-01,7.085808294811873909e-01,-2.058523424812140623e-02,-2.028833668613765795e+00,-2.484655845419097078e-02,1.948977839225453756e+00,-3.555760833606001814e+00,2.970111961217525853e-01,-1.903794190502304140e+00,0.000000000000000000e+00
-3.656134649951008342e-01,-1.648779822739131484e-01,2.463648304137845690e-02,3.418737585036780158e-01,7.053224834974206603e-01,-2.113477769742158965e-02,-2.033428574409008149e+00,-2.419631021670225549e-02,1.994407991720671625e+00,-3.613224072922413210e+00,3.115271613862989897e-01,-1.930343242588043351e+00,0.000000000000000000e+00
-3.675255979350374735e-01,-1.656844197997097423e-01,2.311010116165703246e-02,3.444318605892400242e-01,7.021598048434086747e-01,-2.174489734249191591e-02,-2.037867067186843073e+00,-2.356002119636478598e-02,2.041658556208520547e+00,-3.669139126246327542e+00,3.277810445320171739e-01,-1.955261614569826278e+00,0.000000000000000000e+00
-3.694428998622308891e-01,-1.664213130944248720e-01,2.155237770428083954e-02,3.469807466860737044e-01,6.990973303416588847e-01,-2.242162713848779021e-02,-2.042153539473360535e+00,-2.293745610438411089e-02,2.090719989980526439e+00,-3.723519888341711326e+00,3.457620049579402943e-01,-1.978561903319128179e+00,0.000000000000000000e+00
-3.713654460205677577e-01,-1.670893397427284377e-01,1.996318323028916167e-02,3.495207433723388490e-01,6.961398765915691733e-01,-2.317196597255326285e-02,-2.046291531910382933e+00,-2.232838082754877787e-02,2.141582564151957691e+00,-3.776380180022157251e+00,3.654590940363314777e-01,-2.000256709906535146e+00,0.000000000000000000e+00
-3.732933072185498635e-01,-1.676891799141878581e-01,1.834239581867961461e-02,3.520521709620568762e-01,6.932926045114889968e-01,-2.400400320283030409e-02,-2.050283676789315113e+00,-2.173256251675096534e-02,2.194236352532533463e+00,-3.827733780056553403e+00,3.868612377338294106e-01,-2.020358665257853126e+00,0.000000000000000000e+00
-3.752265503693207882e-01,-1.682215178155845869e-01,1.668990114886301571e-02,3.545753440021902625e-01,6.905610958715960868e-01,-2.492707348863503619e-02,-2.054131624160882907e+00,-2.114976967595006210e-02,2.248671216294271247e+00,-3.877594469605185168e+00,4.099572125251750854e-01,-2.038880465836092615e+00,0.000000000000000000e+00
-3.771652392195585235e-01,-1.686870436489115166e-01,1.500559261793271357e-02,3.570905719538131073e-01,6.879514431701995170e-01,-2.595194431578670344e-02,-2.057835948472727328e+00,-2.057977225100345031e-02,2.304876783673420970e+00,-3.925976091801843815e+00,4.347356132794188976e-01,-2.055834921407844629e+00,0.000000000000000000e+00
-3.791094353134384920e-01,-1.690864561924074749e-01,1.328937150059887259e-02,3.595981601046287501e-01,6.854703546162185246e-01,-2.709104069565594283e-02,-2.061396033022285135e+00,-2.002234171783909625e-02,2.362842423643006562e+00,-3.972892630036267025e+00,4.611848113061083887e-01,-2.071235017699371461e+00,0.000000000000000000e+00
-3.810591992533864936e-01,-1.694204661625108299e-01,1.154114716243310156e-02,3.620984107754950387e-01,6.831252763512359882e-01,-2.835871256411415589e-02,-2.064809928835340092e+00,-1.947725116949279578e-02,2.422557212110246549e+00,-4.018358309709704201e+00,4.892929001152439006e-01,-2.085093997714703828e+00,0.000000000000000000e+00
-3.830145923397583752e-01,-1.696898005674245535e-01,9.760837340692791325e-03,3.645916249039383161e-01,6.809245343620172752e-01,-2.977155141713153791e-02,-2.068074183887472994e+00,-1.894427540157928372e-02,2.484009888701868451e+00,-4.062387729828314420e+00,5.190476256225214913e-01,-2.097425466748970901e+00,0.000000000000000000e+00
-3.849756786984930845e-01,-1.698952083319947570e-01,7.948368511715746959e-03,3.670781041144562384e-01,6.788774987614299983e-01,-3.134876363784090680e-02,-2.071183637894537188e+00,-1.842319099581255643e-02,2.547188801565994254e+00,-4.104996032884003831e+00,5.504362964608434661e-01,-2.108243527778856041e+00,0.000000000000000000e+00
-3.869425280411921131e-01,-1.700374675637005284e-01,6.103676370027652336e-03,3.695581534207313945e-01,6.769947731818096726e-01,-3.311260867479182135e-02,-2.074131177259402214e+00,-1.791377640123266793e-02,2.612081836800432821e+00,-4.146199124199609898e+00,5.834456686662663483e-01,-2.117562956065446755e+00,0.000000000000000000e+00
-3.889152192484526815e-01,-1.701173949466680269e-01,4.226706452286732585e-03,3.720320847511769946e-01,6.752884118102299160e-01,-3.508891050356558600e-02,-2.076907444275111203e+00,-1.741581201283893057e-02,2.678676328064963474e+00,-4.186013955467540626e+00,6.180617972025733708e-01,-2.125399424605153964e+00,0.000000000000000000e+00
-3.908938450275185050e-01,-1.701358579014811967e-01,2.317414949456090417e-03,3.745002215494020459e-01,6.737721659080676551e-01,-3.730765027508847753e-02,-2.079500494526275833e+00,-1.692908024736731326e-02,2.746958940596867738e+00,-4.224458891796200710e+00,6.542698444738311858e-01,-2.131769795673168044e+00,0.000000000000000000e+00
-3.928785179724716969e-01,-1.700937903400260298e-01,3.757697636034779479e-04,3.769629047782773745e-01,6.724617601999972605e-01,-3.980364612948416453e-02,-2.081895396897710082e+00,-1.645336561598742531e-02,2.816915522175363229e+00,-4.261554187411497274e+00,6.920538330499275137e-01,-2.136692498286065778e+00,0.000000000000000000e+00
-3.948693784519388683e-01,-1.699922130819230270e-01,-1.598248118182031465e-03,3.794205007529762308e-01,6.713751968415059279e-01,-4.261732190708660689e-02,-2.084073772170408123e+00,-1.598845479372878672e-02,2.888530911545149849e+00,-4.297322602411376202e+00,7.313963262262458409e-01,-2.140188017092477413e+00,0.000000000000000000e+00
-3.968666048665094870e-01,-1.698322602822947835e-01,-3.604642841117460753e-03,3.818734113455333201e-01,6.705330801240859673e-01,-4.579555851721092696e-02,-2.086013269605984988e+00,-1.553413668547881481e-02,2.961788692443194204e+00,-4.331790201656462003e+00,7.722780157723037053e-01,-2.142279524985577055e+00,0.000000000000000000e+00
-3.988704269523256074e-01,-1.696152135375940395e-01,-5.643401378323462114e-03,3.843220872376768016e-01,6.699589477331013843e-01,-4.939260798787092899e-02,-2.087686987313891684e+00,-1.509020248842476118e-02,3.036670878833120479e+00,-4.364987386656900448e+00,8.146771915079474846e-01,-2.142993699331732671e+00,0.000000000000000000e+00
-4.008811429460192866e-01,-1.693425456503914461e-01,-7.714490570757572344e-03,3.867670450373615898e-01,6.696795830137460825e-01,-5.347102787911427180e-02,-2.089062853176578471e+00,-1.465644575084048065e-02,3.113157514636379464e+00,-4.396950221108274270e+00,8.585690627818562959e-01,-2.142361769253757320e+00,0.000000000000000000e+00
-4.028991415395843378e-01,-1.690159762636778695e-01,-9.817853362641093887e-03,3.892088891878003332e-01,6.697252658480771226e-01,-5.810255913769439562e-02,-2.090103000860240368e+00,-1.423266242714425409e-02,3.191226169988596428e+00,-4.427722118103573301e+00,9.039248988278610897e-01,-2.140420846942843180e+00,0.000000000000000000e+00
-4.049249295821953920e-01,-1.686375415617610840e-01,-1.195340408564611254e-02,3.916483396261769001e-01,6.701298959140239431e-01,-6.336881944872202466e-02,-2.090763202628708850e+00,-1.381865092917837490e-02,3.270851317386777257e+00,-4.457355957243227529e+00,9.507109558510842273e-01,-2.137215595707540050e+00,0.000000000000000000e+00
-4.069591663222777433e-01,-1.682096796999485722e-01,-1.412102268340025349e-02,3.940862659854850736e-01,6.709308904543875851e-01,-6.936161321775090316e-02,-2.090992459957289995e+00,-1.341421217368246772e-02,3.352003577650317645e+00,-4.485916684483242989e+00,9.988871679069737386e-01,-2.132800274739903745e+00,0.000000000000000000e+00
-4.090027044533232625e-01,-1.677353321264500596e-01,-1.632054787271976920e-02,3.965237286030939834e-01,6.721687204726772835e-01,-7.618256844247758841e-02,-2.090732905606406344e+00,-1.301914962595318234e-02,3.434648841438056266e+00,-4.513484403182848936e+00,1.048405603044080481e+00,-2.127241164788877370e+00,0.000000000000000000e+00
-4.110566370811723491e-01,-1.672180578768872605e-01,-1.855176945182499329e-02,3.989620254538412958e-01,6.738859103590761901e-01,-8.394170865564327955e-02,-2.089920233978866282e+00,-1.263326933970060004e-02,3.518747302604606553e+00,-4.540157872509295700e+00,1.099208735296024919e+00,-2.120619305200718507e+00,0.000000000000000000e+00
-4.131223476731994415e-01,-1.666621525481530308e-01,-2.081442033661940957e-02,4.014027420681440250e-01,6.761253005967147178e-01,-9.275448102379715842e-02,-2.088484938328357909e+00,-1.225637999312811054e-02,3.604252490766646222e+00,-4.566058167372275989e+00,1.151227667545204225e+00,-2.113033344150838211e+00,0.000000000000000000e+00
-4.152015568622141051e-01,-1.660727555325012261e-01,-2.310816946451359905e-02,4.038477983079722944e-01,6.789273880129024219e-01,-1.027367436496314929e-01,-2.086354666238115829e+00,-1.188829292127755073e-02,3.691110464983961670e+00,-4.591332007697859652e+00,1.204380566487966986e+00,-2.104602109201868299e+00,0.000000000000000000e+00
-4.172963557976377968e-01,-1.654559187209703186e-01,-2.543261741455737218e-02,4.062994816932565811e-01,6.823266524033215763e-01,-1.139973534519464898e-01,-2.083457960825671584e+00,-1.152882214469426632e-02,3.779259421641501415e+00,-4.616153948334295265e+00,1.258571729876533318e+00,-2.095466256569330277e+00,0.000000000000000000e+00
-4.194092115057683201e-01,-1.648185998563803101e-01,-2.778729727232701757e-02,4.087604527405339083e-01,6.863469937804126397e-01,-1.266283952338158603e-01,-2.079729471316252631e+00,-1.117778439447864210e-02,3.868630051087480926e+00,-4.640726311355261480e+00,1.313691856264396884e+00,-2.085788116532179881e+00,0.000000000000000000e+00
-4.215429276056196772e-01,-1.641685396651064721e-01,-3.017168352854219041e-02,4.112337056602982099e-01,6.909967538595169767e-01,-1.406938145501309689e-01,-2.075116343989077183e+00,-1.083499913380072538e-02,3.959146996019982545e+00,-4.665275610062437295e+00,1.369620140209834913e+00,-2.075748754252290773e+00,0.000000000000000000e+00
-4.237005469371659672e-01,-1.635139918482477750e-01,-3.258521109036526670e-02,4.137224709698457681e-01,6.962642131452769778e-01,-1.562181703896024509e-01,-2.069584968845772366e+00,-1.050028857596359277e-02,4.050731648505560223e+00,-4.690044503151249877e+00,1.426228647741925482e+00,-2.065541502387616468e+00,0.000000000000000000e+00
-4.258851938892166400e-01,-1.628633052058360009e-01,-3.502730438053035245e-02,4.162300578087946290e-01,7.021147598330668149e-01,-1.731780587497952495e-01,-2.063126727138870908e+00,-1.017347769910924814e-02,4.143306223226915996e+00,-4.715279222163486494e+00,1.483388945556355143e+00,-2.055361944492926085e+00,0.000000000000000000e+00
-4.280998726628781892e-01,-1.622244045192498263e-01,-3.749741322637623053e-02,4.187596521931720717e-01,7.084908636827642603e-01,-1.914989108420524777e-01,-2.055761169182555026e+00,-9.854394257666486065e-03,4.236798604778101662e+00,-4.741213849605574460e+00,1.540980218566079252e+00,-2.045395463393554270e+00,0.000000000000000000e+00
-4.303472567352923939e-01,-1.616042635246968118e-01,-3.999504903815786355e-02,4.213141064726901863e-01,7.153153948603215850e-01,-2.110588850416602602e-01,-2.047535443327415550e+00,-9.542868790646752419e-03,4.331147062356028421e+00,-4.768054255322904389e+00,1.598897397496449768e+00,-2.035804590463327735e+00,0.000000000000000000e+00
-4.326295138588965306e-01,-1.610084826709239914e-01,-4.251981348821674139e-02,4.238957643263784880e-01,7.224978406910341766e-01,-2.316995792044692914e-01,-2.038519802423532923e+00,-9.238734626897827235e-03,4.426303799389877724e+00,-4.795965113474911945e+00,1.657057545368715745e+00,-2.026718859453753296e+00,0.000000000000000000e+00
-4.349482027751602753e-01,-1.604410593966652809e-01,-4.507141368711518881e-02,4.265063574754425768e-01,7.299420484713596835e-01,-2.532411622977633336e-01,-2.028800216972516335e+00,-8.941827887429283986e-03,4.522236593145382955e+00,-4.825062695296404414e+00,1.715403171428997897e+00,-2.018229273580023353e+00,0.000000000000000000e+00
-4.373042552706541963e-01,-1.599043786992212224e-01,-4.764966204228186092e-02,4.291469877411136502e-01,7.375537500435657146e-01,-2.754983659170940902e-01,-2.018469910102592912e+00,-8.651987484925786898e-03,4.618928365684372039e+00,-4.855414330872682704e+00,1.773902092988401069e+00,-2.010388058176715731e+00,0.000000000000000000e+00
-4.396980320487102190e-01,-1.593993879495750332e-01,-5.025446340767389386e-02,4.318181829206544919e-01,7.452464542041192797e-01,-2.982940973408765850e-01,-2.007621638787358886e+00,-8.369055120567353220e-03,4.716375110958869854e+00,-4.887043493801561667e+00,1.832544456808096411e+00,-2.003212839650792443e+00,0.000000000000000000e+00
-4.421294249944724974e-01,-1.589258818661104244e-01,-5.288579474053978213e-02,4.345199990592222283e-01,7.529450498410198422e-01,-3.214688242773907079e-01,-1.996341914050200117e+00,-8.092875278276030065e-03,4.814582919010994999e+00,-4.919938289580398028e+00,1.891338105528917568e+00,-1.996693476098324371e+00,0.000000000000000000e+00
-4.445979759072854476e-01,-1.584828202200134206e-01,-5.554368267046121133e-02,4.372521391914319100e-01,7.605872079543093411e-01,-3.448854545025741847e-01,-1.984707525111641058e+00,-7.823295216509783268e-03,4.913564826981252409e+00,-4.954061004854979799e+00,1.950303503965154617e+00,-1.990799681838884672e+00,0.000000000000000000e+00
-4.471029889028376170e-01,-1.580686212878026631e-01,-5.822818293028438758e-02,4.400140657549368450e-01,7.681231192747554060e-01,-3.684305154585409969e-01,-1.972784099126057011e+00,-7.560164957724108646e-03,5.013338006873938824e+00,-4.989356978680539179e+00,2.009469104772048098e+00,-1.985488076578650674e+00,0.000000000000000000e+00
-4.496436239487744402e-01,-1.576814012682864752e-01,-6.093936368771157852e-02,4.428050941396337037e-01,7.755142214043448945e-01,-3.920128528775863042e-01,-1.960626131367962266e+00,-7.303337275621909000e-03,5.113921534821333381e+00,-5.025761875286084646e+00,2.068867601448467042e+00,-1.980707941913219639e+00,0.000000000000000000e+00
-4.522189676707754624e-01,-1.573191520547791988e-01,-6.367729326849796978e-02,4.456244635093815076e-01,7.827314722208567055e-01,-4.155609927942349180e-01,-1.948277898248883977e+00,-7.052667680310603301e-03,5.215334781184408186e+00,-5.063207110769461394e+00,2.128533170633840843e+00,-1.976405500218895828e+00,0.000000000000000000e+00
-4.548280829382418955e-01,-1.569798630050510124e-01,-6.644203184349489755e-02,4.484713864052752297e-01,7.897535509909018314e-01,-4.390200159557330895e-01,-1.935774785600073988e+00,-6.808014401485595890e-03,5.317596344643205519e+00,-5.101623591920342093e+00,2.188499602388445542e+00,-1.972526849665584114e+00,0.000000000000000000e+00
-4.574700411352430884e-01,-1.566615978915600338e-01,-6.923362627336580866e-02,4.513450810360163934e-01,7.965652031727301630e-01,-4.623484730383637387e-01,-1.923144719796206159e+00,-6.569238369755090942e-03,5.420723410106017326e+00,-5.140944097875522978e+00,2.248799134973553215e+00,-1.969019822743061310e+00,0.000000000000000000e+00
-4.601439414872243727e-01,-1.563625389056440274e-01,-7.205210726437226432e-02,4.542447906257775503e-01,8.031558239882043981e-01,-4.855156146984586085e-01,-1.910409522771780999e+00,-6.336203196222195931e-03,5.524731410655410180e+00,-5.181104659979910210e+00,2.309461803501354549e+00,-1.965835052825856577e+00,0.000000000000000000e+00
-4.628489213153207937e-01,-1.560810079626257230e-01,-7.489748810848145810e-02,4.571697936913026172e-01,8.095183014365771035e-01,-5.084990416618606623e-01,-1.897586106400282357e+00,-6.108775150435723222e-03,5.629633893641239339e+00,-5.222045248454374899e+00,2.370515139800146720e+00,-1.962926494613284945e+00,0.000000000000000000e+00
-4.655841602649553601e-01,-1.558154732254831698e-01,-7.776976444826314006e-02,4.601194082948188435e-01,8.156481004465597762e-01,-5.312827828032844479e-01,-1.884687479982257052e+00,-5.886823136819849950e-03,5.735442515638189853e+00,-5.263710005383803292e+00,2.431984098824073293e+00,-1.960251588569690284e+00,0.000000000000000000e+00
-4.683488807358601735e-01,-1.555645465467538069e-01,-8.066891466503577079e-02,4.630929924997969072e-01,8.215425536190756883e-01,-5.538557612007845021e-01,-1.871723576310598824e+00,-5.670218669689314726e-03,5.842167113242418885e+00,-5.306047197104362567e+00,2.493891122478897771e+00,-1.957771206340845671e+00,0.000000000000000000e+00
-4.711423460595657309e-01,-1.553269757269939433e-01,-8.359490061651975168e-02,4.660899425755079539e-01,8.272003205467926001e-01,-5.762105900044067752e-01,-1.858701916461124926e+00,-5.458835846954640525e-03,5.949815814222577437e+00,-5.349009004814123891e+00,2.556256280316882012e+00,-1.955449470908432463e+00,0.000000000000000000e+00
-4.739638574549746020e-01,-1.551016341471882221e-01,-8.654766854511995733e-02,4.691096899808958609e-01,8.326209804730592134e-01,-5.983426379140447393e-01,-1.845628138277087160e+00,-5.252551322618297797e-03,6.058395166308181423e+00,-5.392551231679271417e+00,2.619097447676911106e+00,-1.953253513048004875e+00,0.000000000000000000e+00
-4.768127504246099657e-01,-1.548875093882733922e-01,-8.952715004460209958e-02,4.721516977902623369e-01,8.378047282650384897e-01,-6.202493095937520184e-01,-1.832506413196169248e+00,-5.051244278159793683e-03,6.167910269714987237e+00,-5.436632976053131117e+00,2.682430496628575245e+00,-1.951153202966722899e+00,0.000000000000000000e+00
-4.796883910016985775e-01,-1.546836918117606152e-01,-9.253326301793182718e-02,4.752154569708324505e-01,8.427521493291239008e-01,-6.419294946437743565e-01,-1.819339773427774531e+00,-4.854796392904133472e-03,6.278364905362495918e+00,-5.481216300962445942e+00,2.746269485026436641e+00,-1.949120880626389996e+00,0.000000000000000000e+00
-4.825901720903116310e-01,-1.544893636560154826e-01,-9.556591258849583825e-02,4.783004827543362869e-01,8.474640542741234128e-01,-6.633831473362000741e-01,-1.806130368081148019e+00,-4.663091813465496636e-03,6.389761654502910559e+00,-5.526265917198625921e+00,2.810626835467229245e+00,-1.947131098162948160e+00,0.000000000000000000e+00
-4.855175100319485959e-01,-1.543037889350984404e-01,-9.862499194565206573e-02,4.814063112359056040e-01,8.519413584975760179e-01,-6.846109670803133262e-01,-1.792879663454537642e+00,-4.476017122353607817e-03,6.502102007825968144e+00,-5.571748889139622740e+00,2.875513500052171878e+00,-1.945160381365830693e+00,0.000000000000000000e+00
-4.884698414631922780e-01,-1.541263042611412393e-01,-1.017103831171141809e-01,4.845324962648314138e-01,8.561849953917954892e-01,-7.056141561332361922e-01,-1.779588599667309090e+00,-4.293461305827491956e-03,6.615386463514040472e+00,-5.617634367311823418e+00,2.940939109381135008e+00,-1.943187013178923950e+00,0.000000000000000000e+00
-4.914466204868784271e-01,-1.539563106119392066e-01,-1.048219576675406411e-01,4.876786066495458205e-01,8.601958546239965031e-01,-7.263942363833182370e-01,-1.766257713262787910e+00,-4.115315721077966032e-03,6.729614614530126993e+00,-5.663893348619091661e+00,3.006912105697467030e+00,-1.941190839786437028e+00,0.000000000000000000e+00
-4.944473161543173623e-01,-1.537932660088970338e-01,-1.079595773265674963e-01,4.908442236742890374e-01,8.639747390657872561e-01,-7.469529112369366342e-01,-1.752887233327302452e+00,-3.941474062816257770e-03,6.844785225851318877e+00,-5.710498463393680169e+00,3.073439860935964330e+00,-1.939153098478332060e+00,0.000000000000000000e+00
-4.974714102422413409e-01,-1.536366790408313920e-01,-1.111230945515079421e-01,4.940289389110618656e-01,8.675223355594633423e-01,-7.672919619135412095e-01,-1.739477157008859187e+00,-3.771832329343265469e-03,6.960896302557859627e+00,-5.757423787478770372e+00,3.140528780848789392e+00,-1.937056265769707464e+00,0.000000000000000000e+00
-5.005183953011965725e-01,-1.534861031560231237e-01,-1.143123530307730562e-01,4.972323523035112602e-01,8.708391959247433478e-01,-7.874131699787103589e-01,-1.726027309010129906e+00,-3.606288788170099961e-03,7.077945149747106868e+00,-5.804644677118377061e+00,3.208184396556024609e+00,-1.934883923927302574e+00,0.000000000000000000e+00
-5.035877729493841715e-01,-1.533411316416676273e-01,-1.175271881342249414e-01,5.004540704966868869e-01,8.739257255228792820e-01,-8.073182598801769139e-01,-1.712537388608510680e+00,-3.444743941257911134e-03,7.195928425222238189e+00,-5.852137624303457741e+00,3.276411444892115110e+00,-1.932620643973342434e+00,0.000000000000000000e+00
-5.066790523857288564e-01,-1.532013932122465449e-01,-1.207674273164331818e-01,5.036937053863820291e-01,8.767821773789681306e-01,-8.270088567293187864e-01,-1.699007006962343747e+00,-3.287100489940809542e-03,7.314842185843740907e+00,-5.899880130272759260e+00,3.345213938861293368e+00,-1.930251883290319048e+00,0.000000000000000000e+00
-5.097917490971493049e-01,-1.530665481336997980e-01,-1.240328904783767755e-01,5.069508728629715799e-01,8.794086503746895156e-01,-8.464864556967335307e-01,-1.685435716847653920e+00,-3.133263299593266708e-03,7.434681928350894253e+00,-5.947850595012099006e+00,3.414595229414894018e+00,-1.927763896076106986e+00,0.000000000000000000e+00
-5.129253837369117663e-01,-1.529362848169919797e-01,-1.273233902926103056e-01,5.102251917265706593e-01,8.818050904059900885e-01,-8.657524002482810399e-01,-1.671823036494250347e+00,-2.983139364099533179e-03,7.555442625373316901e+00,-5.996028220785869500e+00,3.484558059645377792e+00,-1.925143655057939052e+00,0.000000000000000000e+00
-5.160794811531684845e-01,-1.528103168217699315e-01,-1.306387324963736163e-01,5.135162827525586726e-01,8.839712936859068781e-01,-8.848078671014297791e-01,-1.658168468822256214e+00,-2.836637770180287527e-03,7.677118757267169080e+00,-6.044392927939587601e+00,3.555104612370436623e+00,-1.922378783042862693e+00,0.000000000000000000e+00
-5.192535695490501091e-01,-1.526883802177578797e-01,-1.339787161565969553e-01,5.168237678887868114e-01,8.859069115863932309e-01,-9.036538562800828789e-01,-1.644471517095430491e+00,-2.693669661627562297e-03,7.799704340330474217e+00,-6.092925281414756533e+00,3.626236551963660126e+00,-1.919457493047950214e+00,0.000000000000000000e+00
-5.224471797578742471e-01,-1.525702312580247411e-01,-1.373431339102719750e-01,5.201472695679800751e-01,8.876114565728734362e-01,-9.222911850266661826e-01,-1.630731697786891310e+00,-2.554148203497526998e-03,7.923192951879620693e+00,-6.141606426607872926e+00,3.697955061180289604e+00,-1.916368535908550053e+00,0.000000000000000000e+00
-5.256598446190534624e-01,-1.524556443241590342e-01,-1.407317721832123947e-01,5.234864101208703824e-01,8.890843089047915093e-01,-9.407204846211273397e-01,-1.616948551281496504e+00,-2.417988546306290825e-03,8.047577752604317070e+00,-6.190418033379197382e+00,3.770260873629029064e+00,-1.913101154403917370e+00,0.000000000000000000e+00
-5.288910984421300032e-01,-1.523444101086491587e-01,-1.441444113898420754e-01,5.268408112774435326e-01,8.903247238650574547e-01,-9.589421993796526378e-01,-1.603121650905608320e+00,-2.285107790272446204e-03,8.172851506561782386e+00,-6.239342247172720235e+00,3.843154302454517612e+00,-1.909645043065463454e+00,0.000000000000000000e+00
-5.321404765479925691e-01,-1.522363340044033952e-01,-1.475808261162961932e-01,5.302100937453136931e-01,8.913318393482163593e-01,-9.769565872768940507e-01,-1.589250610670877695e+00,-2.155424949646332026e-03,8.299006599121359073e+00,-6.288361646346211309e+00,3.916635265719058179e+00,-1.905990312943918630e+00,0.000000000000000000e+00
-5.354075148777821536e-01,-1.521312346753976863e-01,-1.510407852888273339e-01,5.335938768556918177e-01,8.921046836873084418e-01,-9.947637217672011811e-01,-1.575335092037117191e+00,-2.028860917164236003e-03,8.426035053128337893e+00,-6.337459204930783407e+00,3.990703308906289770e+00,-1.902127460708744833e+00,0.000000000000000000e+00
-5.386917496612483314e-01,-1.520289427859572717e-01,-1.545240523292415735e-01,5.369917782686749463e-01,8.926421836367175455e-01,-1.012363494481637538e+00,-1.561374809935352381e+00,-1.905338428662603587e-03,8.553928543518818373e+00,-6.386618260144124370e+00,4.065357624912160794e+00,-1.898047341537475674e+00,0.000000000000000000e+00
-5.419927171374209207e-01,-1.519292998692207686e-01,-1.580303852988643731e-01,5.404034137306836794e-01,8.929431724561447403e-01,-1.029755618555817875e+00,-1.547369538241711862e+00,-1.784782027885302306e-03,8.682678410585937812e+00,-6.435822484072336813e+00,4.140597071839218657e+00,-1.893741145325627651e+00,0.000000000000000000e+00
-5.453099533214127437e-01,-1.518321573179640116e-01,-1.615595370323437974e-01,5.438283968778341304e-01,8.930063980613561769e-01,-1.046939632403973919e+00,-1.533319114852938148e+00,-1.667118031514498461e-03,8.812275672070773780e+00,-6.485055859013801438e+00,4.216420188867765262e+00,-1.889200375810804466e+00,0.000000000000000000e+00
-5.486429938119931071e-01,-1.517373754832203325e-01,-1.651112552624265095e-01,5.472663390798513383e-01,8.928305312224701362e-01,-1.063914903801386869e+00,-1.519223446482676376e+00,-1.552274494453564002e-03,8.942711034227965428e+00,-6.534302656046008906e+00,4.292825210440813777e+00,-1.884416832258867025e+00,0.000000000000000000e+00
-5.519913736352823896e-01,-1.516448228680801757e-01,-1.686852827366998320e-01,5.507168493198485448e-01,8.924141738014846892e-01,-1.080680634173538879e+00,-1.505082513272401279e+00,-1.440181175388063894e-03,9.073974901996260556e+00,-6.583547416434559985e+00,4.369810078968420441e+00,-1.879382593406727864e+00,0.000000000000000000e+00
-5.553546271205351825e-01,-1.515543754057274983e-01,-1.722813573271677889e-01,5.541795341059129187e-01,8.917558670284967404e-01,-1.097235863018277024e+00,-1.490896373290638621e+00,-1.330769502649256511e-03,9.206057388387195672e+00,-6.632774935553690909e+00,4.447372456229994775e+00,-1.874090003396497117e+00,0.000000000000000000e+00
-5.587322878045041241e-01,-1.514659158122086124e-01,-1.758992121334205239e-01,5.576539974109658848e-01,8.908540998214714568e-01,-1.113579472409062188e+00,-1.476665166977752408e+00,-1.223972540402131284e-03,9.338948323190459533e+00,-6.681970249030729114e+00,4.525509733629972331e+00,-1.868531659470250128e+00,0.000000000000000000e+00
-5.621238883613371984e-01,-1.513793330056668884e-01,-1.795385755800663063e-01,5.611398406378288461e-01,8.897073171578792072e-01,-1.129710191544074815e+00,-1.462389121580314866e+00,-1.119724955178377475e-03,9.472637261082057947e+00,-6.731118620864081414e+00,4.604219041442382476e+00,-1.862700401224413715e+00,0.000000000000000000e+00
-5.655289605553529553e-01,-1.512945215848441605e-01,-1.831991715090147965e-01,5.646366626068186623e-01,8.883139285086610881e-01,-1.145626601319016613e+00,-1.448068555608137187e+00,-1.017962982772904583e-03,9.607113489210609814e+00,-6.780205533296265408e+00,4.683497257162678729e+00,-1.856589301248340540e+00,0.000000000000000000e+00
-5.689470352143748411e-01,-1.512113813605631407e-01,-1.868807192671289308e-01,5.681440595635346424e-01,8.866723163459224732e-01,-1.161327138911355750e+00,-1.433703883338060869e+00,-9.186243955205878990e-04,9.742366034327750057e+00,-6.829216678251009753e+00,4.763341013070411911e+00,-1.850191656993677380e+00,0.000000000000000000e+00
-5.723776422216021453e-01,-1.511298169346994569e-01,-1.905829337897086417e-01,5.716616252047990177e-01,8.847808447358963546e-01,-1.176810102371522726e+00,-1.419295619380973594e+00,-8.216484699687943679e-04,9.878383669520870214e+00,-6.878137950167207748e+00,4.843746703093740891e+00,-1.843500983740085086e+00,0.000000000000000000e+00
-5.758203105242422071e-01,-1.510497373218273320e-01,-1.943055256802134201e-01,5.751889507209585473e-01,8.826378680281274924e-01,-1.192073655222342321e+00,-1.404844383322138679e+00,-7.269759549590661812e-04,1.001515492059931489e+01,-6.926955440082826598e+00,4.924710489055703633e+00,-1.836511008539222889e+00,0.000000000000000000e+00
-5.792745681573471250e-01,-1.509710556093141198e-01,-1.980482012865908414e-01,5.787256248529774050e-01,8.802417396507169478e-01,-1.207115831072449907e+00,-1.390350904439338509e+00,-6.345490401304459353e-04,1.015266807217942002e+01,-6.975655430839549531e+00,5.006228306372845438e+00,-1.829215665032982940e+00,0.000000000000000000e+00
-5.827399422814804053e-01,-1.508936886521393683e-01,-2.018106627745351045e-01,5.822712339629347866e-01,8.775908210199032666e-01,-1.221934538252712921e+00,-1.375816026498480005e+00,-5.443113248550927093e-04,1.029091117350842488e+01,-7.024224393293978075e+00,5.088295869268532279e+00,-1.821609089054091690e+00,0.000000000000000000e+00
-5.862159592330038471e-01,-1.508175567991513755e-01,-2.055926081979741749e-01,5.858253621167043290e-01,8.746834905703041452e-01,-1.236527564487075681e+00,-1.361240712621961002e+00,-4.562077876159971934e-04,1.042987204406310831e+01,-7.072648983434317138e+00,5.170908675556415091e+00,-1.813685614927629031e+00,0.000000000000000000e+00
-5.897021445858996458e-01,-1.507425836478469006e-01,-2.093937315670452437e-01,5.893875911777229915e-01,8.715181529099184088e-01,-1.250892581610901999e+00,-1.346626050221193083e+00,-3.701847558349291144e-04,1.056953827895471676e+01,-7.120916040312535777e+00,5.254062011043187042e+00,-1.805439772401010501e+00,0.000000000000000000e+00
-5.931980232241703677e-01,-1.506686958250808006e-01,-2.132137229138063583e-01,5.929575009108816186e-01,8.680932481014622670e-01,-1.265027150351026197e+00,-1.331973255981012239e+00,-2.861898761577715044e-04,1.070989725416885463e+01,-7.169012584711686564e+00,5.337750953594832204e+00,-1.796866284137667913e+00,0.000000000000000000e+00
-5.967031194239426073e-01,-1.505958227913865022e-01,-2.170522683558984700e-01,5.965346690956557785e-01,8.644072610688983138e-01,-1.278928725182326032e+00,-1.317283680880375396e+00,-2.041720852034332534e-04,1.085093613166552551e+01,-7.216925818476092047e+00,5.421970376905721700e+00,-1.787960063716292458e+00,0.000000000000000000e+00
-6.002169569444926189e-01,-1.505238966668236977e-01,-2.209090501583653721e-01,6.001186716476890615e-01,8.604587311250585513e-01,-1.292594659275895452e+00,-1.302558815230511646e+00,-1.240815807812089395e-04,1.099264186436235313e+01,-7.264643124439209565e+00,5.506714954006264762e+00,-1.778716214083125191e+00,0.000000000000000000e+00
-6.037390591274691687e-01,-1.504528520764686073e-01,-2.247837467938154088e-01,6.037090827480978694e-01,8.562462616131971682e-01,-1.306022209553841407e+00,-1.287800293708674992e+00,-4.586979358073946993e-05,1.113500120102137991e+01,-7.312152066889724189e+00,5.591979160541251659e+00,-1.769130026409599488e+00,0.000000000000000000e+00
-6.072689490036472515e-01,-1.503826260138300119e-01,-2.286760330011006204e-01,6.073054749798281193e-01,8.517685296520409732e-01,-1.319208541865396933e+00,-1.273009900362701341e+00,3.051064066241595846e-05,1.127800069105796865e+01,-7.359440392521440444e+00,5.677757277848217043e+00,-1.759196979311691944e+00,0.000000000000000000e+00
-6.108061494065870622e-01,-1.503131577206183456e-01,-2.325855798426757770e-01,6.109074194704326999e-01,8.470242959705243102e-01,-1.332150736298435723e+00,-1.258189573558785135e+00,1.051059085231592286e-04,1.142162668928840574e+01,-7.406496031816593550e+00,5.764043395862577412e+00,-1.748912738390769439e+00,0.000000000000000000e+00
-6.143501830926044738e-01,-1.502443885814100377e-01,-2.365120547607925394e-01,6.145144860406757115e-01,8.420124148149705778e-01,-1.344845792639809634e+00,-1.243341410842127681e+00,1.779610457640074103e-04,1.156586536063123916e+01,-7.453307100815623087e+00,5.850831415874179875e+00,-1.738273156058568025e+00,0.000000000000000000e+00
-6.179005728664813679e-01,-1.501762620318484176e-01,-2.404551216326728247e-01,6.181262433583866178e-01,8.367318439078800241e-01,-1.357290635996867278e+00,-1.228467673677554162e+00,2.491199637317980439e-04,1.171070268477572540e+01,-7.499861903229113835e+00,5.938115053157925871e+00,-1.727274271611318968e+00,0.000000000000000000e+00
-6.214568417123607080e-01,-1.501087234791027014e-01,-2.444144408248049016e-01,6.217422590970114182e-01,8.311816544339361013e-01,-1.369482122591526574e+00,-1.213570792034635470e+00,3.186254752744642677e-04,1.185612446082959792e+01,-7.546148932849906288e+00,6.025887839499649345e+00,-1.715912311519960376e+00,0.000000000000000000e+00
-6.250185129292779029e-01,-1.500417202333677036e-01,-2.483896692464953315e-01,6.253621000983093925e-01,8.253610410252100182e-01,-1.381417045736936799e+00,-1.198653368779535322e+00,3.865193201783092029e-04,1.200211631195687367e+01,-7.592156876224937179e+00,6.114143125636899434e+00,-1.704183689904964050e+00,0.000000000000000000e+00
-6.285851102707786797e-01,-1.499752014492400087e-01,-2.523804604028067056e-01,6.289853325386465244e-01,8.192693317139340126e-01,-1.393092142005420309e+00,-1.183718183833541104e+00,4.528421901267437881e-04,1.214866369001524760e+01,-7.637874615547760371e+00,6.202874083633051150e+00,-1.692085009165564591e+00,0.000000000000000000e+00
-6.321561580880751263e-01,-1.499091180758435615e-01,-2.563864644470117415e-01,6.326115220983387077e-01,8.129059978176869095e-01,-1.404504097594876377e+00,-1.168768198056208574e+00,5.176337531827791480e-04,1.229575188020161036e+01,-7.683291231733588411e+00,6.292073709202187004e+00,-1.679613060734165275e+00,0.000000000000000000e+00
-6.357311814761803515e-01,-1.498434228146091063e-01,-2.604073282326883065e-01,6.362402341334854050e-01,8.062706637183428837e-01,-1.415649554899168994e+00,-1.153806556809205297e+00,5.809326777971545981e-04,1.244336600571300266e+01,-7.728396007639364740e+00,6.381734824001136452e+00,-1.666764825927498084e+00,0.000000000000000000e+00
-6.393097064224464443e-01,-1.497780700836322809e-01,-2.644426953655757973e-01,6.398710338497205496e-01,7.993631164927957888e-01,-1.426525119286261800e+00,-1.138836593155357679e+00,6.427766563452188024e-04,1.259149103242915402e+01,-7.773178431391758458e+00,6.471850077904131915e+00,-1.653537476866735911e+00,0.000000000000000000e+00
-6.428912599569248654e-01,-1.497130159875554034e-01,-2.684922062553196098e-01,6.435034864773032659e-01,7.921833153503275993e-01,-1.437127366086072611e+00,-1.123861830646042392e+00,7.032024281956024501e-04,1.274011177362201153e+01,-7.817628199786332388e+00,6.562411951274917499e+00,-1.639928377439237916e+00,0.000000000000000000e+00
-6.464753703039419763e-01,-1.496482182919268433e-01,-2.725554981672178578e-01,6.471371574469416688e-01,7.847314008284811404e-01,-1.447452847787941144e+00,-1.108885985649124661e+00,7.622458023143050985e-04,1.288921289469623055e+01,-7.861735221721168010e+00,6.653412757250124265e+00,-1.625935084275059728e+00,0.000000000000000000e+00
-6.500615670342745345e-01,-1.495836364010072750e-01,-2.766322052740949888e-01,6.507716125657406758e-01,7.770077036966790418e-01,-1.457498101445706906e+00,-1.093912969168926885e+00,8.199416794085307662e-04,1.303877891796398281e+01,-7.905489621628483121e+00,6.744844644047223170e+00,-1.611555347711719488e+00,0.000000000000000000e+00
-6.536493812172873286e-01,-1.495192313380006299e-01,-2.807219587084145429e-01,6.544064181926365631e-01,7.690127535143765902e-01,-1.467259656286092451e+00,-1.078946888109537872e+00,8.763240736141993115e-04,1.318879422745605901e+01,-7.948881742867786038e+00,6.836699597309408460e+00,-1.596787112721129498e+00,0.000000000000000000e+00
-6.572383455723813661e-01,-1.494549657267002785e-01,-2.848243866147487924e-01,6.580411414126730030e-01,7.607472867886148071e-01,-1.476734041514032203e+00,-1.063992045932913078e+00,9.314261337320529476e-04,1.333924307377045437e+01,-7.991902151044372182e+00,6.928969442499121278e+00,-1.581628519773031982e+00,0.000000000000000000e+00
-6.608279946190926957e-01,-1.493908037735567629e-01,-2.889391142027204484e-01,6.616753502094618877e-01,7.522122546741624172e-01,-1.485917794306184092e+00,-1.049052942663929899e+00,9.852801640174298995e-04,1.349010957895863427e+01,-8.034541637217303744e+00,7.021645847351138059e+00,-1.566077905609801535e+00,0.000000000000000000e+00
-6.644178648251657382e-01,-1.493267112491931115e-01,-2.930657638005239041e-01,6.653086136351572533e-01,7.434088301583817726e-01,-1.494807467981604354e+00,-1.034134274195756431e+00,1.037917644528521879e-03,1.364137774144849757e+01,-8.076791220961460738e+00,7.114720324395183759e+00,-1.550133803908143815e+00,0.000000000000000000e+00
-6.680074947519261119e-01,-1.492626554684188811e-01,-2.972039549091364807e-01,6.689405019772728389e-01,7.343384146723017647e-01,-1.503399640336162024e+00,-1.019240930850647597e+00,1.089369251038910550e-03,1.379303144100226142e+01,-8.118642153249016502e+00,7.208184233557253684e+00,-1.533794945804004106e+00,0.000000000000000000e+00
-6.715964251962764919e-01,-1.491986052678287156e-01,-3.013533042573228737e-01,6.725705869216712651e-01,7.250026440693490004e-01,-1.511690922124865777e+00,-1.004377995153635794e+00,1.139664874519981689e-03,1.394505444370648206e+01,-8.160085919116697895e+00,7.302028784847794718e+00,-1.517060260258004778e+00,0.000000000000000000e+00
-6.751841993286485932e-01,-1.491345309801104246e-01,-3.055134258575324391e-01,6.761984417110635803e-01,7.154033939137457443e-01,-1.519677965673883246e+00,-9.895507387795409171e-01,1.188833640198774452e-03,1.409743040699050098e+01,-8.201114240086548435e+00,7.396245041143887811e+00,-1.499928874239928156e+00,0.000000000000000000e+00
-6.787703628262551359e-01,-1.490704044042412968e-01,-3.096839310627820807e-01,6.798236412983685861e-01,7.055427840217549651e-01,-1.527357473601554716e+00,-9.747646186373600807e-01,1.236903926197550864e-03,1.425014288466868884e+01,-8.241719076309504288e+00,7.490823921071400271e+00,-1.482400112712210838e+00,0.000000000000000000e+00
-6.823544640010156259e-01,-1.490061987708104774e-01,-3.138644286246141668e-01,6.834457624943113263e-01,6.954231822008438701e-01,-1.534726207625399352e+00,-9.600252720602910905e-01,1.283903381761063601e-03,1.440317533200117772e+01,-8.281892628403285883e+00,7.585756201991983083e+00,-1.464473498394086581e+00,0.000000000000000000e+00
-6.859360539215533237e-01,-1.489418887017773252e-01,-3.180545247522049701e-01,6.870643841086639947e-01,6.850472071343662872e-01,-1.541780997429646138e+00,-9.453385110746307385e-01,1.329858945077856637e-03,1.455651111076681481e+01,-8.321627338958439424e+00,7.681032523098377141e+00,-1.446148751289997980e+00,0.000000000000000000e+00
-6.895146865287117288e-01,-1.488774501640598158e-01,-3.222538231727002378e-01,6.906790870845833652e-01,6.744177303626370801e-01,-1.548518749565628072e+00,-9.307103157262577309e-01,1.374796860701661596e-03,1.471013349434167949e+01,-8.360915893689398359e+00,7.776643388620357200e+00,-1.427425787968072957e+00,0.000000000000000000e+00
-6.930899187440788811e-01,-1.488128604164393465e-01,-3.264619251928334576e-01,6.942894546255401478e-01,6.635378773152553755e-01,-1.554936456355057617e+00,-9.161468264496956948e-01,1.418742696579912421e-03,1.486402567277561459e+01,-8.399751222210575463e+00,7.872579171142024990e+00,-1.408304720576982083e+00,0.000000000000000000e+00
-6.966613105710772746e-01,-1.487480979493730759e-01,-3.306784297618825530e-01,6.978950723144030643e-01,6.524110273542008676e-01,-1.561031204764179670e+00,-9.016543354714549041e-01,1.461721360695210706e-03,1.501817075785909061e+01,-8.438126498421318900e+00,7.968830115029948757e+00,-1.388785855592172602e+00,0.000000000000000000e+00
-7.002284251882386901e-01,-1.486831424174185345e-01,-3.349029335359990922e-01,7.014955282243040546e-01,6.410408127926221500e-01,-1.566800185214709540e+00,-8.872392772468113975e-01,1.503757117326745205e-03,1.517255178817205064e+01,-8.476035140487544695e+00,8.065386339969977669e+00,-1.368869692285465289e+00,0.000000000000000000e+00
-7.037908290343688478e-01,-1.486179745640980598e-01,-3.391350309439427613e-01,7.050904130209955101e-01,6.294311168602877427e-01,-1.572240700295738369e+00,-8.729082179369703764e-01,1.544873602938098963e-03,1.532715173410655751e+01,-8.513470810412336220e+00,8.162237844609320447e+00,-1.348556920915093382e+00,0.000000000000000000e+00
-7.073480918853828348e-01,-1.485525761391599253e-01,-3.433743142542279858e-01,7.086793200564873718e-01,6.175860705933472472e-01,-1.577350173339023165e+00,-8.586678439419859199e-01,1.585093841698257625e-03,1.548195350285453031e+01,-8.550427413192409176e+00,8.259374510298751915e+00,-1.327848420636625226e+00,0.000000000000000000e+00
-7.108997869226969524e-01,-1.484869298083291989e-01,-3.476203736436904168e-01,7.122618454538556243e-01,6.055100486332896104e-01,-1.582126156818707274e+00,-8.445249495134269369e-01,1.624440260642138947e-03,1.563693994335249826e+01,-8.586899095562374740e+00,8.356786104928680459e+00,-1.306745257138552718e+00,0.000000000000000000e+00
-7.144454907931501175e-01,-1.484210190557778974e-01,-3.518727972674541293e-01,7.158375881832033105e-01,5.932076639278218710e-01,-1.586566340535283892e+00,-8.304864234798355893e-01,1.662934704477666333e-03,1.579209385117501085e+01,-8.622880244333661182e+00,8.454462286851216035e+00,-1.285248680009861255e+00,0.000000000000000000e+00
-7.179847836605367517e-01,-1.483548280796848362e-01,-3.561311713302749982e-01,7.194061501288602223e-01,5.806837613345483540e-01,-1.590668559542646410e+00,-8.165592351271526717e-01,1.700598450045852795e-03,1.594739797336909071e+01,-8.658365484340180274e+00,8.552392608879239688e+00,-1.263360119850323704e+00,0.000000000000000000e+00
-7.215172492489361211e-01,-1.482883416813938482e-01,-3.603950801592189501e-01,7.229671361480149994e-01,5.679434101369669197e-01,-1.594430801776453466e+00,-8.027504192855281495e-01,1.737452220440583762e-03,1.610283501322251354e+01,-8.693349676007898097e+00,8.650566522352296062e+00,-1.241081185137674181e+00,0.000000000000000000e+00
-7.250424748781264528e-01,-1.482215451488096691e-01,-3.646641062776199704e-01,7.265201541210736247e-01,5.549918954911329250e-01,-1.597851215341686837e+00,-7.890670606831189371e-01,1.773516198794749263e-03,1.625838763495938011e+01,-8.727827912570399249e+00,8.748973381258075221e+00,-1.218413658869089033e+00,0.000000000000000000e+00
-7.285600514914791770e-01,-1.481544241348012880e-01,-3.689378304802535258e-01,7.300648149941461051e-01,5.418347088303337999e-01,-1.600928115417304953e+00,-7.755162776364391553e-01,1.808810041739307645e-03,1.641403846835738278e+01,-8.761795516957313623e+00,8.847602446397520026e+00,-1.195359494997443983e+00,0.000000000000000000e+00
-7.320695736768216833e-01,-1.480869645314933092e-01,-3.732158319096444132e-01,7.336007328141572748e-01,5.284775372642066538e-01,-1.603659990736291618e+00,-7.621052051555151641e-01,1.843352892541901857e-03,1.656977011328196170e+01,-8.795248038386844769e+00,8.946442889580756841e+00,-1.171920814685632362e+00,0.000000000000000000e+00
-7.355706396808543435e-01,-1.480191523414352284e-01,-3.774976881334202727e-01,7.371275247571726918e-01,5.149262520176923763e-01,-1.606045509600201759e+00,-7.488409775502559151e-01,1.877163393931427894e-03,1.672556514413361128e+01,-8.828181248697561045e+00,9.045483797840716989e+00,-1.148099902404661421e+00,0.000000000000000000e+00
-7.390628514177919328e-01,-1.479509735467203213e-01,-3.817829752226170048e-01,7.406448111506171994e-01,5.011868959640155552e-01,-1.608083525388513513e+00,-7.357307106320324364e-01,1.910259700615189000e-03,1.688140611420593018e+01,-8.860591138458108418e+00,9.144714177651103171e+00,-1.123899201903273859e+00,0.000000000000000000e+00
-7.425458144729676357e-01,-1.478824139771996449e-01,-3.860712678308268475e-01,7.441522154901309971e-01,4.872656703143494195e-01,-1.609773081524732863e+00,-7.227814836112923524e-01,1.942659491494948482e-03,1.703727555995288157e+01,-8.892473912896143418e+00,9.244122959135207651e+00,-1.099321312078462620e+00,0.000000000000000000e+00
-7.460191381022042156e-01,-1.478134591789865282e-01,-3.903621392740792562e-01,7.476493644518737991e-01,4.731689205348451055e-01,-1.611113415863294929e+00,-7.100003207979492803e-01,1.974379981588343224e-03,1.719315600516506493e+01,-8.923825987689987471e+00,9.343699000252396303e+00,-1.074368982777314407e+00,0.000000000000000000e+00
-7.494824352278025570e-01,-1.477440942844723826e-01,-3.946551616113450067e-01,7.511358879011331702e-01,4.589031215691434240e-01,-1.612103964463836192e+00,-6.973941732162000084e-01,2.005437933661766061e-03,1.734902996505618944e+01,-8.954643984667715273e+00,9.443431090949609086e+00,-1.049045110561133587e+00,0.000000000000000000e+00
-7.529353224320251003e-01,-1.476743038850847622e-01,-3.989499057255440628e-01,7.546114188981227766e-01,4.444748624512546709e-01,-1.612744364722398904e+00,-6.849699002491946853e-01,2.035849669581191439e-03,1.750487995026182020e+01,-8.984924727458910354e+00,9.543307957265735553e+00,-1.023352734462826819e+00,0.000000000000000000e+00
-7.563774199489690098e-01,-1.476040719079969032e-01,-4.032459414049453517e-01,7.580755937018699431e-01,4.298908303996376024e-01,-1.613034457832483337e+00,-6.727342514315739486e-01,2.065631081387079866e-03,1.766068847075376880e+01,-9.014665237143903553e+00,9.643318265377752496e+00,-9.972950317678878074e-01,0.000000000000000000e+00
-7.598083516557181394e-01,-1.475333814979612468e-01,-4.075428374248455388e-01,7.615280517730887988e-01,4.151577944883664273e-01,-1.612974290552742440e+00,-6.606938485090633195e-01,2.094797642099111099e-03,1.781643803967446971e+01,-9.043862727944134150e+00,9.743450625578518043e+00,-9.708753138481851508e-01,0.000000000000000000e+00
-7.632277450636476557e-01,-1.474622149053716746e-01,-4.118401616294267154e-01,7.649684357769183096e-01,4.002825889953037231e-01,-1.612564116262272140e+00,-6.488551678841887327e-01,2.123364416257233090e-03,1.797211117709681716e+01,-9.072514602995205735e+00,9.843693596177587324e+00,-9.440970220759773435e-01,0.000000000000000000e+00
-7.666352313107054339e-01,-1.473905533815761393e-01,-4.161374810136865832e-01,7.683963915863561978e-01,3.852720965302328104e-01,-1.611804395288974234e+00,-6.372245235656724960e-01,2.151346070204620490e-03,1.812769041371531387e+01,-9.100618450241269031e+00,9.944035687317462902e+00,-9.169637238434197313e-01,0.000000000000000000e+00
-7.700304451554480512e-01,-1.473183770823556504e-01,-4.204343618053554832e-01,7.718115682871726779e-01,3.701332310477303267e-01,-1.610695794501355360e+00,-6.258080507360224143e-01,2.178756882118500649e-03,1.828315829447534568e+01,-9.128172038485820039e+00,1.004446536469956008e+01,-8.894791087100374360e-01,0.000000000000000000e+00
-7.734130249735401419e-01,-1.472456649803599860e-01,-4.247303695467251616e-01,7.752136181850178831e-01,3.548729208502505172e-01,-1.609239186159151958e+00,-6.146116900474822842e-01,2.205610751794637604e-03,1.843849738214796474e+01,-9.155173313629708431e+00,1.014497105321573756e+01,-8.616469846974871283e-01,0.000000000000000000e+00
-7.767826127573276285e-01,-1.471723947871539651e-01,-4.290250691763151658e-01,7.786021968153407080e-01,3.394980916864686060e-01,-1.607435646023471776e+00,-6.036411727507775549e-01,2.231921210191094990e-03,1.859369026085733978e+01,-9.181620395122187972e+00,1.024554114048266307e+01,-8.334712747475170325e-01,0.000000000000000000e+00
-7.801388541190136250e-01,-1.470985428853748556e-01,-4.333180251103301295e-01,7.819769629566519775e-01,3.240156500481974344e-01,-1.605286450732494874e+00,-5.929020067540180516e-01,2.257701428736813391e-03,1.874871953956870030e+01,-9.207511572645595166e+00,1.034616398027827167e+01,-8.049560133551731944e-01,0.000000000000000000e+00
-7.834813982978449109e-01,-1.470240842713418650e-01,-4.376088013238622620e-01,7.853375786475476072e-01,3.084324667664392061e-01,-1.602793074454212041e+00,-5.823994637009146658e-01,2.282964228410509864e-03,1.890356785554399721e+01,-9.232845303048483387e+00,1.044682789588093463e+01,-7.761053433854281369e-01,0.000000000000000000e+00
-7.868098981716127316e-01,-1.469489925082935744e-01,-4.418969614318216665e-01,7.886837092077998435e-01,2.927553610031491949e-01,-1.599957184833036727e+00,-5.721385671481294954e-01,2.307722088595634633e-03,1.905821787777271936e+01,-9.257620207536120915e+00,1.054752118331384203e+01,-7.469235130772509113e-01,0.000000000000000000e+00
-7.901240102726381220e-01,-1.468732396902590609e-01,-4.461820687695745025e-01,7.920150232636927745e-01,2.769910847303700963e-01,-1.596780638252426554e+00,-5.621240819113584308e-01,2.331987155715951627e-03,1.921265231038421462e+01,-9.281835069121207482e+00,1.064823211449818885e+01,-7.174148732351880442e-01,0.000000000000000000e+00
-7.934233948083042609e-01,-1.467967964164039740e-01,-4.504636864733038149e-01,7.953311927776697265e-01,2.611463077823839574e-01,-1.593265474440685558e+00,-5.523605046386941275e-01,2.355771251657835189e-03,1.936685389604792462e+01,-9.305488830331713146e+00,1.074894894032057557e+01,-6.875838746043690941e-01,0.000000000000000000e+00
-7.967077156860593590e-01,-1.467196317755311841e-01,-4.547413775601016894e-01,7.986318930822227102e-01,2.452276035597857617e-01,-1.589413910451946244e+00,-5.428520556582436818e-01,2.379085881983642771e-03,1.952080541936651059e+01,-9.328580591166831582e+00,1.084965989362081373e+01,-6.574350654211422729e-01,0.000000000000000000e+00
-7.999766405427047866e-01,-1.466417133402608819e-01,-4.590147050078280389e-01,8.019168029178421753e-01,2.292414354567939294e-01,-1.585228334058811805e+00,-5.336026721349070856e-01,2.401942243941781498e-03,1.967448971026630034e+01,-9.351109607286511860e+00,1.095035319210761315e+01,-6.269730891278328944e-01,0.000000000000000000e+00
-8.032298407776653493e-01,-1.465630071702734849e-01,-4.632832318347833711e-01,8.051856044747310870e-01,2.131941440749056393e-01,-1.580711296597151483e+00,-5.246160025589989839e-01,2.424351234278047853e-03,1.982788964738857729e+01,-9.373075288414826289e+00,1.105101704121052819e+01,-5.962026822367856305e-01,0.000000000000000000e+00
-8.064669915898222685e-01,-1.464834778238700841e-01,-4.675465211792381726e-01,8.084379834378668805e-01,1.970919352774073707e-01,-1.575865505307183945e+00,-5.158954025771490537e-01,2.446323456853087292e-03,1.998098816148350565e+01,-9.394477196932687235e+00,1.115163963687680848e+01,-5.651286723259979494e-01,0.000000000000000000e+00
-8.096877720174058268e-01,-1.464030883769902869e-01,-4.718041363788962328e-01,8.116736290349162442e-01,1.809408691301377936e-01,-1.570693815218042522e+00,-5.074439321637561617e-01,2.467869230071186200e-03,2.013376823880824418e+01,-9.415315046631304696e+00,1.125220916832282292e+01,-5.337559761458939844e-01,0.000000000000000000e+00
-8.128918649803413832e-01,-1.463218004487318868e-01,-4.760556410503516411e-01,8.148922340863987701e-01,1.647468497647510688e-01,-1.565199220625544507e+00,-4.992643541195747048e-01,2.488998594124380414e-03,2.028621292452874414e+01,-9.435588701594149086e+00,1.135271382074942004e+01,-5.020895978148353089e-01,0.000000000000000000e+00
-8.160789573243785178e-01,-1.462395742323363557e-01,-4.803005991686253862e-01,8.180934950574345610e-01,1.485156161913989137e-01,-1.559384846214846521e+00,-4.913591338727372193e-01,2.509721318056755759e-03,2.043830532612424733e+01,-9.455298175172316633e+00,1.145314177803105871e+01,-4.701346270791381121e-01,0.000000000000000000e+00
-8.192487398662602338e-01,-1.461563685305455607e-01,-4.845385751468569979e-01,8.212771121103398242e-01,1.322527340785616679e-01,-1.553253937881008184e+00,-4.837304405469741164e-01,2.530046906653767459e-03,2.059002861679181251e+01,-9.474443629015919299e+00,1.155348122538812028e+01,-4.378962376122371714e-01,0.000000000000000000e+00
-8.224009074391467333e-01,-1.460721407941920069e-01,-4.887691339162391624e-01,8.244427891572860823e-01,1.159635885087363094e-01,-1.546809853301259752e+00,-4.763801492520008396e-01,2.549984607160248658e-03,2.074136603884742058e+01,-9.493025372122556149e+00,1.165372035205167656e+01,-4.053796853268187284e-01,0.000000000000000000e+00
-8.255351589374688714e-01,-1.459868471628603392e-01,-4.929918410062815171e-01,8.275902339122059859e-01,9.965337771003555944e-02,-1.540056052312905877e+00,-4.693098445422516085e-01,2.569543415832026018e-03,2.089230090711913235e+01,-9.511043859863010042e+00,1.175384735392953317e+01,-3.725903066734196911e-01,0.000000000000000000e+00
-8.286511973603623016e-01,-1.459004425064537036e-01,-4.972062626254857287e-01,8.307191579410995175e-01,8.332710775549419246e-02,-1.532996087150402253e+00,-4.625208249822697071e-01,2.588732084324996911e-03,2.104281661232656830e+01,-9.528499692944027544e+00,1.185385043628164503e+01,-3.395335168991117647e-01,0.000000000000000000e+00
-8.317487298528243311e-01,-1.458128804665020373e-01,-5.014119657425186727e-01,8.338292767098870462e-01,6.698958821420396281e-02,-1.525633592594199950e+00,-4.560141087503343793e-01,2.607559125925931753e-03,2.119289662444048261e+01,-9.545393616268297521e+00,1.195371781641249065e+01,-3.062148082403128302e-01,0.000000000000000000e+00
-8.348274677437350633e-01,-1.457241134960789719e-01,-5.056085181679580431e-01,8.369203096289562493e-01,5.064542873129558587e-02,-1.517972276082444782e+00,-4.497904402063043761e-01,2.626032821628891591e-03,2.134252449601499535e+01,-9.561726517652644475e+00,1.205343772638697608e+01,-2.726397480246330884e-01,0.000000000000000000e+00
-8.378871265799024970e-01,-1.456340928972239268e-01,-5.097954886366965477e-01,8.399919800935660152e-01,3.429903650736211562e-02,-1.510015907834747706e+00,-4.438502973451109446e-01,2.644161226061465027e-03,2.149168386548506149e+01,-9.577499426366681945e+00,1.215299841577601292e+01,-2.388139766576407308e-01,0.000000000000000000e+00
-8.409274261552976970e-01,-1.455427688548150411e-01,-5.139724468910602528e-01,8.430440155192773233e-01,1.795461464233429061e-02,-1.501768311034904935e+00,-4.381939000540698848e-01,2.661952173264296988e-03,2.164035846042024147e+01,-9.592713511455842834e+00,1.225238815443636575e+01,-2.047432054719740824e-01,0.000000000000000000e+00
-8.439480905346959938e-01,-1.454500904658907190e-01,-5.181389637647225710e-01,8.460761473716325032e-01,1.616161303750366512e-03,-1.493233352116726254e+00,-4.328212190898551581e-01,2.679413282328033195e-03,2.178853210072656665e+01,-9.607370079814751662e+00,1.235159523532928816e+01,-1.704332144174774410e-01,0.000000000000000000e+00
-8.469488480709550515e-01,-1.453560057634794289e-01,-5.222946112674573538e-01,8.490881111893163746e-01,-1.471253032457982973e-02,-1.484414931194245391e+00,-4.277319856898959549e-01,2.696551962891154119e-03,2.193618870178690017e+01,-9.621470573979072682e+00,1.245060797738079117e+01,-1.358898495729661815e-01,0.000000000000000000e+00
-8.499294314152150420e-01,-1.452604617340605697e-01,-5.264389626707917103e-01,8.520796466000887248e-01,-3.102787136101999368e-02,-1.475316972674326710e+00,-4.229257017327263668e-01,2.713375420502311432e-03,2.208331227753072667e+01,-9.635016569606387193e+00,1.254941472838608973e+01,-1.011190204617499894e-01,0.000000000000000000e+00
-8.528895775193454654e-01,-1.451634043278454134e-01,-5.305715925946022926e-01,8.550504973288181043e-01,-4.732647586166452425e-02,-1.465943416086371354e+00,-4.184016503626285521e-01,2.729890661850890941e-03,2.222988694342391369e+01,-9.648009772619122515e+00,1.264800386795969089e+01,-6.612669715489609412e-02,0.000000000000000000e+00
-8.558290276300010158e-01,-1.450647784611342195e-01,-5.346920770946856916e-01,8.580004111969796732e-01,-6.360515882481249106e-02,-1.456298207160396929e+00,-4.141589069955227131e-01,2.746104499868805282e-03,2.237589691936865322e+01,-9.660452015984963836e+00,1.274636381053169742e+01,-3.091890714800597795e-02,0.000000000000000000e+00
-8.587475272737088439e-01,-1.449645280100679279e-01,-5.387999937513465731e-01,8.609291401130472199e-01,-7.986093361734467044e-02,-1.446385289181249201e+00,-4.101963506254101000e-01,2.762023558707481057e-03,2.252132653250451000e+01,-9.672345256112706124e+00,1.284448300839060586e+01,4.498268001199123844e-03,0.000000000000000000e+00
-8.616448262324383212e-01,-1.448625957951566179e-01,-5.428949217590175458e-01,8.638364400532310139e-01,-9.609100887634886012e-02,-1.436208594643268999e+00,-4.065126753537311455e-01,2.777654278592730543e-03,2.266616021990083496e+01,-9.683691568843665110e+00,1.294234995477173555e+01,4.011869628543373451e-02,0.000000000000000000e+00
-8.645206785091562596e-01,-1.447589235560191590e-01,-5.469764420169385133e-01,8.667220710320691079e-01,-1.122927849391766597e-01,-1.425772037226380018e+00,-4.031064020675352300e-01,2.793002920561076744e-03,2.281038253113144521e+01,-9.694493145020965486e+00,1.303995318699028516e+01,7.593619912019317075e-02,0.000000000000000000e+00
-8.673748422829014038e-01,-1.446534519158200471e-01,-5.510441372209056166e-01,8.695857970624100153e-01,-1.284638498543141105e-01,-1.415079504111278919e+00,-3.999758901964293178e-01,2.808075571080551926e-03,2.295397813072233006e+01,-9.704752285620845242e+00,1.313728128961729880e+01,1.119445554841809604e-01,0.000000000000000000e+00
-8.702070798529474294e-01,-1.445461203349324986e-01,-5.550975919560997562e-01,8.724273861043578826e-01,-1.446019750241580304e-01,-1.404134848648398881e+00,-3.971193494825810411e-01,2.822878146559011907e-03,2.309693180046332373e+01,-9.714471396431774153e+00,1.323432289769649373e+01,1.481375063350510723e-01,0.000000000000000000e+00
-8.730171575716558774e-01,-1.444368670533861809e-01,-5.591363927910095732e-01,8.752466100027856966e-01,-1.607051105290722148e-01,-1.392941883392379676e+00,-3.945348517027072455e-01,2.837416397742834485e-03,2.323922844157523215e+01,-9.723652982268438549e+00,1.333106669999986593e+01,1.845087593069235921e-01,0.000000000000000000e+00
-8.758048457656258945e-01,-1.443256290216886339e-01,-5.631601283724394502e-01,8.780432444130275016e-01,-1.767713801798010964e-01,-1.381504373511307060e+00,-3.922203422857341581e-01,2.851695914009273226e-03,2.338085307672315949e+01,-9.732299640708655275e+00,1.342750144231922604e+01,2.210519936952755060e-01,0.000000000000000000e+00
-8.785699186447837317e-01,-1.442123418196184503e-01,-5.671683895216224069e-01,8.808170687143935806e-01,-1.927990763429905385e-01,-1.369826030577564024e+00,-3.901736517745795774e-01,2.865722127554815035e-03,2.352179085186809360e+01,-9.740414055341883426e+00,1.352361593079149316e+01,2.577608657347111309e-01,0.000000000000000000e+00
-8.813121541990341923e-01,-1.440969395625998073e-01,-5.711607693314206813e-01,8.835678659111355637e-01,-2.087866545815129649e-01,-1.357910506745287460e+00,-3.883925070853880834e-01,2.879500317482632746e-03,2.366202703794751372e+01,-9.747998988518247643e+00,1.361939903525463968e+01,2.946290141746171209e-01,0.000000000000000000e+00
-8.840313340821221999e-01,-1.439793547952546438e-01,-5.751368632646386425e-01,8.862954225205130765e-01,-2.247327281484572392e-01,-1.345761389317658319e+00,-3.868745425221739032e-01,2.893035613791880567e-03,2.380154703237727531e+01,-9.755057273586828614e+00,1.371483969263223912e+01,3.316500661581976428e-01,0.000000000000000000e+00
-8.867272434823121330e-01,-1.438595183717216452e-01,-5.790962692534262768e-01,8.889995284475700199e-01,-2.406360623701285228e-01,-1.333382195706174222e+00,-3.856173105093956277e-01,2.906333001271024178e-03,2.394033636036536095e+01,-9.761591806611493283e+00,1.380992691034356312e+01,3.688176434102963253e-01,0.000000000000000000e+00
-8.893996709795024547e-01,-1.437373593222968093e-01,-5.830385877998022215e-01,8.916799768462433384e-01,-2.564955689501632885e-01,-1.320776368783053600e+00,-3.846182920092475754e-01,2.919397323298363999e-03,2.407838067602955334e+01,-9.767605537551554917e+00,1.390464976973751021e+01,4.061253687404788315e-01,0.000000000000000000e+00
-8.920484083883393200e-01,-1.436128047059196389e-01,-5.869634220772873556e-01,8.943365639663697353e-01,-2.723103002231054282e-01,-1.307947272627625113e+00,-3.838749065944926375e-01,2.932233285551761291e-03,2.421566576330953069e+01,-9.773101460893284909e+00,1.399899742954792181e+01,4.435668728683146989e-01,0.000000000000000000e+00
-8.946732505868721930e-01,-1.434857794479749982e-01,-5.908703780336718170e-01,8.969690889861362537e-01,-2.880794433821876055e-01,-1.294898188667527705e+00,-3.833845221512948154e-01,2.944845459630312731e-03,2.435217753666452367e+01,-9.778082605716525322e+00,1.409295912936880235e+01,4.811358015791874498e-01,0.000000000000000000e+00
-8.972739953302403260e-01,-1.433562061628277651e-01,-5.947590644949292127e-01,8.995773538294656868e-01,-3.038023147022395065e-01,-1.281632312216077318e+00,-3.831444641898043013e-01,2.957238286590079413e-03,2.448790204154674655e+01,-9.782552025178548050e+00,1.418652419314800461e+01,5.188258232201838904e-01,0.000000000000000000e+00
-8.998504430488195593e-01,-1.432240049604331933e-01,-5.986290932702963419e-01,9.021611629677703803e-01,-3.194783537747146740e-01,-1.268152749408214763e+00,-3.831520247431091653e-01,2.969416080396564735e-03,2.462282545464032069e+01,-9.786512785394799963e+00,1.427968203269829317e+01,5.566306365472165618e-01,0.000000000000000000e+00
-9.024023966302062716e-01,-1.430890932362895440e-01,-6.024800792585599529e-01,9.047203232054515931e-01,-3.351071177679734170e-01,-1.254462514538956519e+00,-3.834044708375289878e-01,2.981383031295797761e-03,2.475693408385529537e+01,-9.789967953693237135e+00,1.437242215122552480e+01,5.945439789365229988e-01,0.000000000000000000e+00
-9.049296611843212768e-01,-1.429513854439076470e-01,-6.063116405555730726e-01,9.072546434484313194e-01,-3.506882757217590907e-01,-1.240564527810539719e+00,-3.838990525191380287e-01,2.993143209106229052e-03,2.489021436806473631e+01,-9.792920586215673850e+00,1.446473414687352488e+01,6.325596349755300274e-01,0.000000000000000000e+00
-9.074320437908495185e-01,-1.428107928488700773e-01,-6.101233985630589718e-01,9.097639344549344198e-01,-3.662216028808249479e-01,-1.226461613497121128e+00,-3.846330104227307922e-01,3.004700566434091811e-03,2.502265287657292347e+01,-9.795373714835848844e+00,1.455660771628641292e+01,6.706714454506563783e-01,0.000000000000000000e+00
-9.099093532281272712e-01,-1.426672232634451642e-01,-6.139149780987513960e-01,9.122480085676349937e-01,-3.817069750682486884e-01,-1.212156498539542548e+00,-3.856035828702042978e-01,3.016058941813574458e-03,2.515423630830104429e+01,-9.797330333359873578e+00,1.464803265818918909e+01,7.088733167519764011e-01,0.000000000000000000e+00
-9.123613996824838646e-01,-1.425205807605948449e-01,-6.176860075079317891e-01,9.147066794261760059e-01,-3.971443630946167591e-01,-1.197651811586857074e+00,-3.868080124854985646e-01,3.027222062774442314e-03,2.528495149067573067e+01,-9.798793382970254484e+00,1.473899887698799027e+01,7.471592307174794723e-01,0.000000000000000000e+00
-9.147879944369414762e-01,-1.423707653660898353e-01,-6.214361187764469996e-01,9.171397616589685997e-01,-4.125338271946437652e-01,-1.182950082506498024e+00,-3.882435523126752108e-01,3.038193548838589823e-03,2.541478537820492534e+01,-9.799765736869874289e+00,1.482949638639229484e+01,7.855232549427514366e-01,0.000000000000000000e+00
-9.171889495380456392e-01,-1.422176727272995156e-01,-6.251649476452882936e-01,9.195470705530452982e-01,-4.278755114778722835e-01,-1.168053742391112815e+00,-3.899074714224881610e-01,3.048976914447879515e-03,2.554372505072369748e+01,-9.800250184077135884e+00,1.491951531306158962e+01,8.239595535849688623e-01,0.000000000000000000e+00
-9.195640774394734374e-01,-1.420611937570776528e-01,-6.288721337268321498e-01,9.219284217006160631e-01,-4.431696383749453849e-01,-1.152965124097255600e+00,-3.917970599907785179e-01,3.059575571824669788e-03,2.567175771129136663e+01,-9.800249412317997511e+00,1.500904590027979779e+01,8.624623986935687769e-01,0.000000000000000000e+00
-9.219131906209241389e-01,-1.419012142510077679e-01,-6.325573206228511935e-01,9.242836306208351838e-01,-4.584165030553263298e-01,-1.137686463359678157e+00,-3.939096338291033783e-01,3.069992833767307486e-03,2.579887068371944991e+01,-9.799765989954787315e+00,1.509807851166120685e+01,9.010261821034546426e-01,0.000000000000000000e+00
-9.242361011806575766e-01,-1.417376144761028911e-01,-6.362201560444221693e-01,9.266125123551446352e-01,-4.736164677862919059e-01,-1.122219900534827008e+00,-3.962425383441812721e-01,3.080231916382031136e-03,2.592505140970845900e+01,-9.798802346885636894e+00,1.518660363489243181e+01,9.396454279303889656e-01,0.000000000000000000e+00
-9.265326203998901500e-01,-1.415702687288905026e-01,-6.398602919338658435e-01,9.289148810344070029e-01,-4.887699561963642081e-01,-1.106567483038703337e+00,-3.987931518978539147e-01,3.090295941753059064e-03,2.605028744556944531e+01,-9.797360754342133049e+00,1.527461188551533233e+01,9.783148057119803731e-01,0.000000000000000000e+00
-9.288025582771082256e-01,-1.413990448606337047e-01,-6.434773845888768218e-01,9.311905494158883023e-01,-5.038774473989808822e-01,-1.090731168557709463e+00,-4.015588885331629054e-01,3.100187940552494303e-03,2.617456645850460006e+01,-9.795443303506319310e+00,1.536209401075663727e+01,1.017029144241644589e+00,0.000000000000000000e+00
-9.310457230301917297e-01,-1.412238037672723934e-01,-6.470710947889878328e-01,9.334393283879874881e-01,-5.189394699238530917e-01,-1.074712829126852620e+00,-4.045372000247275945e-01,3.109910854591918516e-03,2.629787622241841305e+01,-9.793051882861949053e+00,1.544904089340993814e+01,1.055783446146526527e+00,0.000000000000000000e+00
-9.332619205641188298e-01,-1.410443988414957495e-01,-6.506410879245795309e-01,9.356610264404828792e-01,-5.339565953944422905e-01,-1.058514256187607749e+00,-4.077255772027295611e-01,3.119467539316798151e-03,2.642020461323065561e+01,-9.790188154188530945e+00,1.553544355577746749e+01,1.094572903264656949e+00,0.000000000000000000e+00
-9.354509539018353026e-01,-1.408606753842043535e-01,-6.541870341285831447e-01,9.378554490978823210e-01,-5.489294318791303473e-01,-1.042137166759284028e+00,-4.111215504890765038e-01,3.128860766245688662e-03,2.654153960365809795e+01,-9.786853527101056827e+00,1.562129316367771459e+01,1.133392912879325198e+00,0.000000000000000000e+00
-9.376126225757976940e-01,-1.406724699724769823e-01,-6.577086084111195552e-01,9.400223983133874084e-01,-5.638586168321447767e-01,-1.025583210881795715e+00,-4.147226895718271189e-01,3.138093225355257677e-03,2.666186925743301472e+01,-9.783049132033033501e+00,1.570658103052734589e+01,1.172239094872633558e+00,0.000000000000000000e+00
-9.397467219775449410e-01,-1.404796097810544486e-01,-6.612054907972393369e-01,9.421616718208281060e-01,-5.787448095262702763e-01,-1.008853980516711379e+00,-4.185266021289622551e-01,3.147167527412980670e-03,2.678118172292218802e+01,-9.778775791556560293e+00,1.579129862150398367e+01,1.211107309861642278e+00,0.000000000000000000e+00
-9.418530426626402496e-01,-1.402819118542834032e-01,-6.646773664680126759e-01,9.442730624419115593e-01,-5.935886828641727675e-01,-9.919510201260696158e-01,-4.225309314952249151e-01,3.156086206258726466e-03,2.689946522611190005e+01,-9.774033989930630995e+00,1.587543755779846677e+01,1.249993678382800288e+00,0.000000000000000000e+00
-9.439313696082797245e-01,-1.400791823254678992e-01,-6.681239259051584556e-01,9.463563573460819223e-01,-6.083909144370478472e-01,-9.748758391870088191e-01,-4.267333531452724427e-01,3.164851721036437363e-03,2.701670806292202798e+01,-9.768823840768847688e+00,1.595898962096349116e+01,1.288894601189686906e+00,0.000000000000000000e+00
-9.459814814209525080e-01,-1.398712155806569324e-01,-6.715448650394238994e-01,9.484113372603791836e-01,-6.231521766789469563e-01,-9.576299269444623619e-01,-4.311315698425566278e-01,3.173466458377475520e-03,2.713289859081406519e+01,-9.763145052720703987e+00,1.604194675736588849e+01,1.327806780727472491e+00,0.000000000000000000e+00
-9.480031494917057211e-01,-1.396577933641075520e-01,-6.749398854029037276e-01,9.504377756268499455e-01,-6.378731259416809962e-01,-9.402147697553372430e-01,-4.357233052756272484e-01,3.181932734536722842e-03,2.724802521965961333e+01,-9.756996893068079046e+00,1.612430108274870122e+01,1.366727243842833506e+00,0.000000000000000000e+00
-9.499961370968832419e-01,-1.394386838230281533e-01,-6.783086942854542611e-01,9.524354377053819709e-01,-6.525543902882814384e-01,-9.226318714366811280e-01,-4.405062959713877402e-01,3.190252797482761010e-03,2.736207640183945244e+01,-9.750378149151865514e+00,1.620604488690776890e+01,1.405653365779818698e+00,0.000000000000000000e+00
-9.519601984427098484e-01,-1.392136404897869884e-01,-6.816510048953159373e-01,9.544040796203349108e-01,-6.671965557724419682e-01,-9.048827770980598650e-01,-4.454782812376728574e-01,3.198428828943199360e-03,2.747504062154954241e+01,-9.743287087564697302e+00,1.628717063848551305e+01,1.444582895499332720e+00,0.000000000000000000e+00
-9.538950776528544173e-01,-1.389824012006304621e-01,-6.849665365240020787e-01,9.563434473501017941e-01,-6.818001509364881585e-01,-8.869691010160346556e-01,-4.506369908447283024e-01,3.206462946406696702e-03,2.758690638329988332e+01,-9.735721411077076226e+00,1.636767098988193325e+01,1.483513982340877169e+00,0.000000000000000000e+00
-9.558005076991588078e-01,-1.387446869511903824e-01,-6.882550147153776443e-01,9.582532756597899049e-01,-6.963656292209371435e-01,-8.688925591970978468e-01,-4.559801301061737200e-01,3.214357205082044380e-03,2.769766219960430220e+01,-9.727678213308927013e+00,1.644753878227783872e+01,1.522445204017539799e+00,0.000000000000000000e+00
-9.576762092772522772e-01,-1.385002006907545269e-01,-6.915161714387771941e-01,9.601332869787414515e-01,-7.108933489346663803e-01,-8.506550073752691121e-01,-4.615053619642531246e-01,3.222113599816220971e-03,2.780729657787982489e+01,-9.719153931220613885e+00,1.652676705076110864e+01,1.561375595898104596e+00,0.000000000000000000e+00
-9.595218896307893264e-01,-1.382486260595968686e-01,-6.947497452657919181e-01,9.619831902266340329e-01,-7.253835503853661715e-01,-8.322584853028635044e-01,-4.672102856211954869e-01,3.229734066971948984e-03,2.791579800659874522e+01,-9.710144295581828899e+00,1.660534902953848047e+01,1.600304681478436519e+00,0.000000000000000000e+00
-9.613372413307889053e-01,-1.379896260767608795e-01,-6.979554815501211040e-01,9.638026795946386116e-01,-7.398363297159982199e-01,-8.137052683173788825e-01,-4.730924111880233096e-01,3.237220486265913674e-03,2.802315494077114266e+01,-9.700644279689740301e+00,1.668327815720562057e+01,1.639232503875780234e+00,0.000000000000000000e+00
-9.631219410201838915e-01,-1.377228417897755075e-01,-7.011331326095886496e-01,9.655914332917465703e-01,-7.542516089347498509e-01,-7.949979273033720428e-01,-4.791491297444635533e-01,3.244574682568653577e-03,2.812935578688234628e+01,-9.690648046756864531e+00,1.676054808203610591e+01,1.678159658089373174e+00,0.000000000000000000e+00
-9.648756481384206385e-01,-1.374478909031295326e-01,-7.042824579090130044e-01,9.673491122711056489e-01,-7.686291015646636859e-01,-7.761393983137464536e-01,-4.853776781193772094e-01,3.251798427667072517e-03,2.823438888747003617e+01,-9.680148896583906648e+00,1.683715266723343262e+01,1.717087323652695341e+00,0.000000000000000000e+00
-9.665980036470637193e-01,-1.371643664092277171e-01,-7.074032242420696948e-01,9.690753589573209981e-01,-7.829682732765749220e-01,-7.571330632665500548e-01,-4.917750976119760753e-01,3.258893441990348954e-03,2.833824250560341085e+01,-9.669139212384688875e+00,1.691308599606880492e+01,1.756017297149916168e+00,0.000000000000000000e+00
-9.682886287852292551e-01,-1.368718352543920880e-01,-7.104952059096496519e-01,9.707697960035469587e-01,-7.972682968089989108e-01,-7.379828432843257291e-01,-4.983381857831602479e-01,3.265861396300460875e-03,2.844090480962878686e+01,-9.657610408952582048e+00,1.698834237680181047e+01,1.794952023874390790e+00,0.000000000000000000e+00
-9.699471238936158146e-01,-1.365698370836649356e-01,-7.135581848913369329e-01,9.724320251171373330e-01,-8.115280004258126345e-01,-7.186933063836538071e-01,-5.050634403585022580e-01,3.272703913347801107e-03,2.854236385867335812e+01,-9.645552883766471908e+00,1.706291634724727402e+01,1.833894627659608645e+00,0.000000000000000000e+00
-9.715730673584187516e-01,-1.362578831222241993e-01,-7.165919510055822617e-01,9.740616260051434550e-01,-8.257458091247251719e-01,-6.992697913375621743e-01,-5.119469942072145674e-01,3.279422569492895269e-03,2.864260758956092090e+01,-9.632955973147106832e+00,1.713680267881066399e+01,1.872848937603146302e+00,0.000000000000000000e+00
-9.731660147419421980e-01,-1.359354552686482531e-01,-7.195963020528257648e-01,9.756581555064733902e-01,-8.399196777975376227e-01,-6.797185496004142236e-01,-5.189845403065053153e-01,3.286018896295056328e-03,2.874162380599429412e+01,-9.619807916210632470e+00,1.720999637976375851e+01,1.911819510019895363e+00,0.000000000000000000e+00
-9.747254981857544909e-01,-1.356020054966065036e-01,-7.225710439342107883e-01,9.772211469965592645e-01,-8.540470155718964396e-01,-6.600469071727699255e-01,-5.261712455841266456e-01,3.292494382068732964e-03,2.883940017110621312e+01,-9.606095830145054748e+00,1.728249269747071892e+01,1.950811643490430569e+00,0.000000000000000000e+00
-9.762510261952039858e-01,-1.352569556872889045e-01,-7.255159907365918981e-01,9.787501101733515618e-01,-8.681246006543928972e-01,-6.402634481489439811e-01,-5.335016525765494677e-01,3.298850473408110762e-03,2.893592420477961724e+01,-9.591805701274539686e+00,1.735428711920146938e+01,1.989831384303600403e+00,0.000000000000000000e+00
-9.777420839413308862e-01,-1.348996980453338046e-01,-7.284309647722746472e-01,9.802445313606749089e-01,-8.821484851737103616e-01,-6.203782213742237150e-01,-5.409695679771153731e-01,3.305088576680942445e-03,2.903118328749419419e+01,-9.576922397487583893e+00,1.742537537108409396e+01,2.028885518922507902e+00,0.000000000000000000e+00
-9.791981342476523409e-01,-1.345295962861912387e-01,-7.313157965592655962e-01,9.817038744964259323e-01,-8.961138898247723583e-01,-6.004029710666728414e-01,-5.485679374182864665e-01,3.311210059492252465e-03,2.912516467286760502e+01,-9.561429708888534051e+00,1.749575341464976930e+01,2.067981549329295454e+00,0.000000000000000000e+00
-9.806186194645558629e-01,-1.341459878222131252e-01,-7.341703247249079523e-01,9.831275830083466838e-01,-9.100150885846298721e-01,-5.803513913336665331e-01,-5.562887062871253452e-01,3.317216252118340095e-03,2.921785551152480309e+01,-9.545310424967430762e+00,1.756541744031715879e+01,2.107127646240202878e+00,0.000000000000000000e+00
-9.820029644717879203e-01,-1.337481872168822250e-01,-7.369943958126500272e-01,9.845150828178620417e-01,-9.238452844593711966e-01,-5.602394031209765313e-01,-5.641226670769069473e-01,3.323108448912069374e-03,2.930924288942860656e+01,-9.528546458118420048e+00,1.763436385705109544e+01,2.146332574259080861e+00,0.000000000000000000e+00
-9.833505810873665043e-01,-1.333354912187078301e-01,-7.397878639686106261e-01,9.858657867503115568e-01,-9.375964781867848208e-01,-5.400854501402914121e-01,-5.720592948042541037e-01,3.328887909679780280e-03,2.939931388431058323e+01,-9.511119024871012684e+00,1.770258927732264098e+01,2.185605582116920242e+00,0.000000000000000000e+00
-9.846608741950584331e-01,-1.329071857238286192e-01,-7.425505904819286185e-01,9.871791006637153920e-01,-9.512593331200309699e-01,-5.199108075922210803e-01,-5.800865734495094239e-01,3.334555861030599148e-03,2.948805564430065473e+01,-9.493008897561617587e+00,1.777009049640907534e+01,2.224956250329953367e+00,0.000000000000000000e+00
-9.859332499259595428e-01,-1.324625550421507925e-01,-7.452824431510808312e-01,9.884544316316149493e-01,-9.648230412014067170e-01,-4.997398939145070162e-01,-5.881908182815291930e-01,3.340113497698646208e-03,2.957545549318324518e+01,-9.474196740104718018e+00,1.783686446502231959e+01,2.264394288056196025e+00,0.000000000000000000e+00
-9.871671262336866315e-01,-1.320008938457401526e-01,-7.479832954483415230e-01,9.896911985194964956e-01,-9.782751970246368334e-01,-4.796005712672220533e-01,-5.963565013567032613e-01,3.345561983838673658e-03,2.966150106679428333e+01,-9.454663541650576875e+00,1.790290825427651811e+01,2.303929270867175916e+00,0.000000000000000000e+00
-9.883619461750317026e-01,-1.315215221466469464e-01,-7.506530254572260086e-01,9.908888452666488877e-01,-9.916016894473604903e-01,-4.595244150536389460e-01,-6.045660904318574946e-01,3.350902454295735799e-03,2.974618048475519316e+01,-9.434391160743576421e+00,1.796821901213562356e+01,2.343570311875981194e+00,0.000000000000000000e+00
-9.895171941337245203e-01,-1.310238035676888346e-01,-7.532915145644144550e-01,9.920468571111030753e-01,-1.004786622934747076e+00,-4.395469266824522103e-01,-6.127999149044182081e-01,3.356136015849318401e-03,2.982948256082346106e+01,-9.413362989511874446e+00,1.803279391076823757e+01,2.383325660543334834e+00,0.000000000000000000e+00
-9.906324150876625323e-01,-1.305071670154941410e-01,-7.558986458997466462e-01,9.931647798580122144e-01,-1.017812283544821561e+00,-4.197076574921041470e-01,-6.210360759485280546e-01,3.361263748432522305e-03,2.991139705340890842e+01,-9.391564741749158785e+00,1.809663008473195234e+01,2.423202226927782643e+00,0.000000000000000000e+00
-9.917072368040199537e-01,-1.299711316231225988e-01,-7.584743025365111579e-01,9.942422420758844082e-01,-1.030659166791665804e+00,-4.000502061366219553e-01,-6.292504213115374112e-01,3.366286706326627413e-03,2.999191495504781813e+01,-9.368985359865499518e+00,1.815972456065306773e+01,2.463205034529235782e+00,0.000000000000000000e+00
-9.927413945422700614e-01,-1.294153344889636958e-01,-7.610183654903330819e-01,9.952789798007036781e-01,-1.043306085941979156e+00,-3.806220480539322382e-01,-6.374166075944286414e-01,3.371205919331672803e-03,3.007102881571211483e+01,-9.345618023191944346e+00,1.822207418008678204e+01,2.503336612433372466e+00,0.000000000000000000e+00
-9.937347574548398565e-01,-1.288395603024084790e-01,-7.635307115881153628e-01,9.962748629376576570e-01,-1.055730378839146999e+00,-3.614741555869045442e-01,-6.455062733517862306e-01,3.376022393913272451e-03,3.014873308977580635e+01,-9.321461224138500867e+00,1.828367551851513184e+01,2.543596347122157209e+00,0.000000000000000000e+00
-9.946873554216069113e-01,-1.282437714405969265e-01,-7.660112113165908898e-01,9.972299220966838185e-01,-1.067908228253304115e+00,-3.426603728168202134e-01,-6.534893439531260784e-01,3.380737114326339606e-03,3.022502449054544726e+01,-9.296519860174347727e+00,1.834452480487612647e+01,2.583979825494955307e+00,0.000000000000000000e+00
-9.955994045879406062e-01,-1.276281366005337647e-01,-7.684597267988748648e-01,9.981443741315346729e-01,-1.079815104280234195e+00,-3.242365219519058872e-01,-6.613344828401165332e-01,3.385351043715894171e-03,3.029990233012560452e+01,-9.270806270587709008e+00,1.840461784744413620e+01,2.624478212093739771e+00,0.000000000000000000e+00
-9.964713294765328300e-01,-1.269930555865382005e-01,-7.708761100799335075e-01,9.990186442526101107e-01,-1.091426327103033778e+00,-3.062592391743421127e-01,-6.690096929623551292e-01,3.389865125195565005e-03,3.037336881705964942e+01,-9.244341130780929561e+00,1.846394997302626706e+01,2.665077713252435476e+00,0.000000000000000000e+00
-9.973037793146748431e-01,-1.263391776200443739e-01,-7.732602019194787513e-01,9.998533823552113731e-01,-1.102717734866594856e+00,-2.887845666520655885e-01,-6.764830569353360579e-01,3.394280282903802768e-03,3.044542928101175860e+01,-9.217154107708621424e+00,1.852251598697059976e+01,2.705759186332519217e+00,0.000000000000000000e+00
-9.980976362692393078e-01,-1.256674105978370370e-01,-7.756118312842826823e-01,1.000649471255478540e+00,-1.113666425880184718e+00,-2.718663612629399484e-01,-6.837235861577554141e-01,3.398597423038626428e-03,3.051609229415596047e+01,-9.189284182394514389e+00,1.858031016106186328e+01,2.746497950699566371e+00,0.000000000000000000e+00
-9.988540136932122504e-01,-1.249789191864966315e-01,-7.779308156948078201e-01,1.001408024937854746e+00,-1.124251529302711994e+00,-2.555546143825632721e-01,-6.907021303823086544e-01,3.402817434870912539e-03,3.058536966401164747e+01,-9.160779562575587676e+00,1.863732625478156635e+01,2.787263846654473909e+00,0.000000000000000000e+00
-9.995742432786635101e-01,-1.242751105251914401e-01,-7.802169625120540797e-01,1.002130375708967236e+00,-1.134454947057010221e+00,-2.398938040123573534e-01,-6.973922837170073441e-01,3.406941191736639288e-03,3.065327628249630720e+01,-9.131697141131811080e+00,1.869355757261785556e+01,2.828021568746618808e+00,0.000000000000000000e+00
-1.000259851108987297e+00,-1.235576075343424729e-01,-7.824700711563754574e-01,1.002818050250756876e+00,-1.144262005133924287e+00,-2.249214134974741874e-01,-7.037712146466956753e-01,3.410969552008531573e-03,3.071982983007145052e+01,-9.102101501039067344e+00,1.874899705641722036e+01,2.868731272615136607e+00,0.000000000000000000e+00
-1.000912523841277491e+00,-1.228282112077432459e-01,-7.846899361451333821e-01,1.003472735803720539e+00,-1.153661956839215463e+00,-2.106667449699800021e-01,-7.098203493862990099e-01,3.414903360047199903e-03,3.078505034991438549e+01,-9.072063518262309501e+00,1.880363740775776904e+01,2.909349423894281195e+00,0.000000000000000000e+00
-1.001534067398447858e+00,-1.220888545447249562e-01,-7.868763507400212687e-01,1.004096238859877976e+00,-1.162648294147149208e+00,-1.971501292937634653e-01,-7.155258506254970063e-01,3.418743447132171695e-03,3.084895972209860915e+01,-9.041658660878727716e+00,1.885747123175207207e+01,2.949829829467780051e+00,0.000000000000000000e+00
-1.002126361379333197e+00,-1.213415517000558524e-01,-7.890291109270982650e-01,1.004690439573699301e+00,-1.171218844111261648e+00,-1.843825914728330073e-01,-7.208788557526720764e-01,3.422490632373280731e-03,3.091158107879706307e+01,-9.010965116356294047e+00,1.891049119128669886e+01,2.990124771154040850e+00,0.000000000000000000e+00
-1.002691312740686458e+00,-1.205883463118137128e-01,-7.911480194263190713e-01,1.005257245444906911e+00,-1.179375651338107955e+00,-1.723659792339077568e-01,-7.258754658414134919e-01,3.426145723602302007e-03,3.097293820637073125e+01,-8.980061892698575576e+00,1.896269015995000728e+01,3.030186153722117748e+00,0.000000000000000000e+00
-1.003230812121953530e+00,-1.198312627612004577e-01,-7.932328894460867197e-01,1.005798547644035867e+00,-1.187124670196609832e+00,-1.610935127807346934e-01,-7.305165037295486830e-01,3.429709518245414434e-03,3.103305497821074255e+01,-8.949027031294727763e+00,1.901406136287263493e+01,3.069966584043347435e+00,0.000000000000000000e+00
-1.003746695551256174e+00,-1.190722634123334150e-01,-7.952835479546123132e-01,1.006316182719183328e+00,-1.194475307667461461e+00,-1.505506745386408496e-01,-7.348070814677334361e-01,3.433182804176764576e-03,3.109195485432079664e+01,-8.917936043102530519e+00,1.906459849707609777e+01,3.109420314142135044e+00,0.000000000000000000e+00
-1.004240713359259685e+00,-1.183132138641847797e-01,-7.972998383189467964e-01,1.006811901510621610e+00,-1.201439867164568520e+00,-1.407163346794839953e-01,-7.387560310154549503e-01,3.436566360553009163e-03,3.114966047201951937e+01,-8.886860642251695808e+00,1.911429582609770961e+01,3.148504003670077545e+00,0.000000000000000000e+00
-1.004714507138635193e+00,-1.175558571460137564e-01,-7.992816222472739485e-01,1.007287346110988580e+00,-1.208032944973193468e+00,-1.315640025801287083e-01,-7.423752563866738985e-01,3.439860958629636489e-03,3.120619333941417395e+01,-8.855867810572728871e+00,1.916314824696354080e+01,3.187177281877870971e+00,0.000000000000000000e+00
-1.005169594696837532e+00,-1.168017967978554478e-01,-8.012287810453166959e-01,1.007744034818772505e+00,-1.214270825573871448e+00,-1.230631035230587977e-01,-7.456790616674130456e-01,3.443067362558714564e-03,3.126157363173644299e+01,-8.825019190142402437e+00,1.921115133044758139e+01,3.225403111146425417e+00,0.000000000000000000e+00
-1.005607362272924910e+00,-1.160524880252548352e-01,-8.031412162543962729e-01,1.008183354355822514e+00,-1.220170912462915647e+00,-1.151801989992878583e-01,-7.486834999343240371e-01,3.446186330168771617e-03,3.131582008175338672e+01,-8.794370773321492862e+00,1.925830133765215990e+01,3.263147970779700646e+00,0.000000000000000000e+00
-1.006029062867722423e+00,-1.153092356495094978e-01,-8.050188497732500004e-01,1.008606558198182679e+00,-1.225751219694394267e+00,-1.078800924990064442e-01,-7.514057759639251044e-01,3.449218613726819788e-03,3.136894994985497220e+01,-8.763972842654954576e+00,1.930459521716439752e+01,3.300381890035586796e+00,0.000000000000000000e+00
-1.006435819354970285e+00,-1.145731973734012005e-01,-8.068616235797873015e-01,1.009014769687893498e+00,-1.231029938351337893e+00,-1.011267860814366731e-01,-7.538637232332604521e-01,3.452164960682660346e-03,3.142097905690280157e+01,-8.733870105729428346e+00,1.935003058747157567e+01,3.337078363701762029e+00,0.000000000000000000e+00
-1.006828631048169109e+00,-1.138453908906408851e-01,-8.086694991672532806e-01,1.009408988600472235e+00,-1.236025082860104041e+00,-9.488427321919880308e-02,-7.560753648027787044e-01,3.455026114395858168e-03,3.147192186287014692e+01,-8.704101970518296483e+00,1.939460570914917525e+01,3.373214183202642324e+00,0.000000000000000000e+00
-1.007208382530164759e+00,-1.131267035146047567e-01,-8.104424567969736870e-01,1.009790099975115707e+00,-1.240754215100873248e+00,-8.911716891042689714e-02,-7.580585591352084762e-01,3.457802814845551548e-03,3.152179157589529268e+01,-8.674702912286242906e+00,1.943831945078197165e+01,3.408769212827048367e+00,0.000000000000000000e+00
-1.007575853751067285e+00,-1.124179032225886138e-01,-8.121804946522692692e-01,1.010158884213217867e+00,-1.245234239676159316e+00,-8.379118859564110844e-02,-7.598307259515411083e-01,3.460495799323137257e-03,3.157060027885377096e+01,-8.645702891344219765e+00,1.948117125184371545e+01,3.443726135665805987e+00,0.000000000000000000e+00
-1.007931730618754962e+00,-1.117196502546338455e-01,-8.138836279590708767e-01,1.010516027669458472e+00,-1.249481261161252910e+00,-7.887349356130397837e-02,-7.614086436182898598e-01,3.463105803108268866e-03,3.161835906332969515e+01,-8.617127789958168194e+00,1.952316108499081082e+01,3.478070188380687711e+00,0.000000000000000000e+00
-1.008276615514271279e+00,-1.110325086369395031e-01,-8.155518881207455273e-01,1.010862133167764965e+00,-1.253510493204440968e+00,-7.433292319228475276e-02,-7.628083078359499947e-01,3.465633560128215159e-03,3.166507816352700999e+01,-8.588999845269102096e+00,1.956428941951343958e+01,3.511788898744437670e+00,0.000000000000000000e+00
-1.008611037344832262e+00,-1.103569572000158844e-01,-8.171853218991973478e-01,1.011197730054868682e+00,-1.257336209485014011e+00,-7.014013465632193411e-02,-7.640448410375688670e-01,3.468079803600789858e-03,3.171076708498520347e+01,-8.561338062483688560e+00,1.960455718708674766e+01,3.544871835414733052e+00,0.000000000000000000e+00
-1.008935460893168878e+00,-1.096933998236903768e-01,-8.187839906618350483e-01,1.011523283550179730e+00,-1.260971727350981952e+00,-6.626766926201031749e-02,-7.651324424339797092e-01,3.470445266661085094e-03,3.175543472485358620e+01,-8.534158598575293908e+00,1.964396575048735727e+01,3.577310375790899943e+00,0.000000000000000000e+00
-1.009250295333520953e+00,-1.090421747647964262e-01,-8.203479697045357177e-01,1.011839203262297371e+00,-1.264429416119819516e+00,-6.268996253597597379e-02,-7.660843696767115629e-01,3.472730682972176037e-03,3.179908948193088492e+01,-8.507475111298139936e+00,1.968251687558420926e+01,3.609097495048498416e+00,0.000000000000000000e+00
-1.009555901865476946e+00,-1.084035630130016775e-01,-8.218773476539661393e-01,1.012145850823349180e+00,-1.267720723304780028e+00,-5.938331252385507797e-02,-7.669129443714369776e-01,3.474936787319990103e-03,3.184173935573704028e+01,-8.481299071616838603e+00,1.972021270666181536e+01,3.640227577458347685e+00,0.000000000000000000e+00
-1.009852600472306738e+00,-1.077777956817277671e-01,-8.233722259479352434e-01,1.012443546647808335e+00,-1.270856213279298874e+00,-5.632581826769802319e-02,-7.676295749767990673e-01,3.477064316192548035e-03,3.188339203461435645e+01,-8.455640039912497130e+00,1.975705574496526040e+01,3.670696249736559391e+00,0.000000000000000000e+00
-1.010140675846057379e+00,-1.071650604805298723e-01,-8.248327183895891590e-01,1.012732575858057205e+00,-1.273845614029891937e+00,-5.349729804594659244e-02,-7.682447918520841634e-01,3.479114008343639312e-03,3.192405497333197673e+01,-8.430505907769900276e+00,1.979304883025576700e+01,3.700500235306270369e+00,0.000000000000000000e+00
-1.010420382542471573e+00,-1.065655073383708767e-01,-8.262589507695401458e-01,1.013013193439759041e+00,-1.276697868634451227e+00,-5.087919488063698953e-02,-7.687682903121833000e-01,3.481086605341359060e-03,3.196373546094863727e+01,-8.405903107990120304e+00,1.982819512510950233e+01,3.729637227848974224e+00,0.000000000000000000e+00
-1.010691949439027626e+00,-1.059792532585873692e-01,-8.276510605492281014e-01,1.013285628700334673e+00,-1.279421188928471897e+00,-4.845447505319917109e-02,-7.692089784859282853e-01,3.482982852101504725e-03,3.200244067983238949e+01,-8.381836795880985846e+00,1.986249810167013763e+01,3.758105782281227381e+00,0.000000000000000000e+00
-1.010955583572439087e+00,-1.054063864896806896e-01,-8.290091965986822187e-01,1.013550089106884489e+00,-1.282023109493858337e+00,-4.620752391919568519e-02,-7.695750275528319140e-01,3.484803497406064546e-03,3.204017775678655511e+01,-8.358311004991188398e+00,1.989596153056689687e+01,3.785905221228431650e+00,0.000000000000000000e+00
-1.011211473430300378e+00,-1.048469700942866595e-01,-8.303335189820107987e-01,1.013806763578242176e+00,-1.284510540639408616e+00,-4.412404214610908537e-02,-7.698739225650202966e-01,3.486549294406988183e-03,3.207695380721679612e+01,-8.335328780379040126e+00,1.992858947172233641e+01,3.813035555115385389e+00,0.000000000000000000e+00
-1.011459791767099992e+00,-1.043010449937569750e-01,-8.316241987843788763e-01,1.014055825301379388e+00,-1.286889819458898021e+00,-4.219094457920772451e-02,-7.701125125633957458e-01,3.488221001115480221e-03,3.211277597322316524e+01,-8.312892292317354048e+00,1.996038626679531802e+01,3.839497414110455420e+00,0.000000000000000000e+00
-1.011700698008841659e+00,-1.037686325591599817e-01,-8.328814179748336155e-01,1.014297434136405718e+00,-1.289166758371900201e+00,-4.039626322897648530e-02,-7.702970590894265834e-01,3.489819380876970495e-03,3.214765145642999755e+01,-8.291002933084422821e+00,1.999135653303075699e+01,3.865291990314775994e+00,0.000000000000000000e+00
-1.011934340303880964e+00,-1.032497368122006487e-01,-8.341053692999108593e-01,1.014531738667769467e+00,-1.291346690792440022e+00,-3.872905533206433271e-02,-7.704332824955166803e-01,3.491345202831919528e-03,3.218158754628452556e+01,-8.269661399215616271e+00,2.002150515831306521e+01,3.890420988755800114e+00,0.000000000000000000e+00
-1.012160857270876235e+00,-1.027443462921775047e-01,-8.352962562035241012e-01,1.014758877952557148e+00,-1.293434513747652614e+00,-3.717931703244482800e-02,-7.705264056850660292e-01,3.492799242362723197e-03,3.221459164447065149e+01,-8.248867761312688174e+00,2.005083729724473685e+01,3.914886585913178507e+00,0.000000000000000000e+00
-1.012380379488343918e+00,-1.022524356379719140e-01,-8.364542927693047192e-01,1.014978983010386138e+00,-1.295434727396832297e+00,-3.573790293155583442e-02,-7.705811950831095158e-01,3.494182281526895303e-03,3.224667128600663801e+01,-8.228621523240494895e+00,2.007935836809755870e+01,3.938691394668532908e+00,0.000000000000000000e+00
-1.012593030764351143e+00,-1.017739669275620068e-01,-8.375797036819622177e-01,1.015192178093418329e+00,-1.297351471491204222e+00,-3.439645154217891437e-02,-7.706019987624043166e-01,3.495495109476736643e-03,3.227783415751720497e+01,-8.208921672297561756e+00,2.010707405050231955e+01,3.961838434717268598e+00,0.000000000000000000e+00
-1.012798929219522526e+00,-1.013088908115781089e-01,-8.386727242048279685e-01,1.015398581769676678e+00,-1.299188558876427368e+00,-3.314731653060237065e-02,-7.705927817384461420e-01,3.496738522865613756e-03,3.230808811310590301e+01,-8.189766721723113818e+00,2.013399028376507616e+01,3.984331107617654411e+00,0.000000000000000000e+00
-1.012998188211764239e+00,-1.008571474721952077e-01,-8.397336001710915543e-01,1.015598307848064374e+00,-1.300949506179561510e+00,-3.198350353034990629e-02,-7.705571585083895725e-01,3.497913326241285786e-03,3.233744118819128488e+01,-8.171154746708083394e+00,2.016011326571306483e+01,4.006173175770076256e+00,0.000000000000000000e+00
-1.013190917126923996e+00,-1.004186674340516866e-01,-8.407625879866005292e-01,1.015791466169307711e+00,-1.302637561846174075e+00,-3.089861224577718918e-02,-7.704984229498862414e-01,3.499020332426135485e-03,3.236590161161700507e+01,-8.153083414905507809e+00,2.018544945198777185e+01,4.027368744723662353e+00,0.000000000000000000e+00
-1.013377222055995563e+00,-9.999337224985528627e-02,-8.417599546424759938e-01,1.015978163283430602e+00,-1.304255731705671550e+00,-2.988678352570443841e-02,-7.704195757216089069e-01,3.500060362884904568e-03,3.239347781630169010e+01,-8.135550012285317933e+00,2.021000555571698243e+01,4.047922248299329340e+00,0.000000000000000000e+00
-1.013557206376342057e+00,-9.958117507993489992e-02,-8.427259777360086579e-01,1.016158503031234561e+00,-1.305806802246857190e+00,-2.894265106884526609e-02,-7.703233493216918859e-01,3.501034248079861431e-03,3.242017844865279841e+01,-8.118551465051277560e+00,2.023378854750668765e+01,4.067838436094775467e+00,0.000000000000000000e+00
-1.013730971251734170e+00,-9.918198118203924718e-02,-8.436609454985370959e-01,1.016332587044583624e+00,-1.307293361783918861e+00,-2.806129741824296697e-02,-7.702122309666649125e-01,3.501942827813794151e-03,3.244601237693454721e+01,-8.102084358227637395e+00,2.025680565570312908e+01,4.087122363003720338e+00,0.000000000000000000e+00
-1.013898616063733105e+00,-9.879568832514697141e-02,-8.445651568292562583e-01,1.016500515178018871e+00,-1.308717819687440054e+00,-2.723821390710383025e-02,-7.700884834539196699e-01,3.502786951561021305e-03,3.247098869875217986e+01,-8.086144951428481775e+00,2.027906436688414615e+01,4.105779380439489756e+00,0.000000000000000000e+00
-1.014060238785001955e+00,-9.842218713895424520e-02,-8.454389213340320897e-01,1.016662385882292519e+00,-1.310082423846649302e+00,-2.646926423026964986e-02,-7.699541641672433823e-01,3.503567478786564614e-03,3.249511674778890580e+01,-8.070729192244192163e+00,2.030057242654451599e+01,4.123815129000137247e+00,0.000000000000000000e+00
-1.014215936303476617e+00,-9.806136140889626374e-02,-8.462825593684062397e-01,1.016818296528747556e+00,-1.311389276519349778e+00,-2.575065133158282310e-02,-7.698111423787071805e-01,3.504285279253865470e-03,3.251840609990958342e+01,-8.055832727612161293e+00,2.032133783994465759e+01,4.141235532352705029e+00,0.000000000000000000e+00
-1.014365804704970397e+00,-9.771308832498092067e-02,-8.470964020842322029e-01,1.016968343692121968e+00,-1.312640348715560457e+00,-2.507888731581511127e-02,-7.696611149922554240e-01,3.504941233321197565e-03,3.254086657873138222e+01,-8.041450913479931017e+00,2.034136887310013719e+01,4.158046792151257165e+00,0.000000000000000000e+00
-1.014509939520571002e+00,-9.737723869151150569e-02,-8.478807914792833023e-01,1.017112623398132465e+00,-1.313837493249780719e+00,-2.445076611375938264e-02,-7.695056208654299512e-01,3.505536232227054062e-03,3.256250826074080607e+01,-8.027578823024093424e+00,2.036067405388824980e+01,4.174255383828410437e+00,0.000000000000000000e+00
-1.014648435944232707e+00,-9.705367710359444344e-02,-8.486360804494458288e-01,1.017251231341244511e+00,-1.314982456586329285e+00,-2.386333864905100521e-02,-7.693460538362524304e-01,3.506071178364714418e-03,3.258334148002889918e+01,-8.014211253644420552e+00,2.037926217325593115e+01,4.189868053128494196e+00,0.000000000000000000e+00
-1.014781389025117830e+00,-9.674226209546650523e-02,-8.493626328430852190e-01,1.017384263077179885e+00,-1.316076889591645926e+00,-2.331389027525736929e-02,-7.691836745728314328e-01,3.506546985546384661e-03,3.260337683270298470e+01,-8.001342732920258882e+00,2.039714228651356365e+01,4.204891813269109768e+00,0.000000000000000000e+00
-1.014908893838530002e+00,-9.644284626489157963e-02,-8.500608235172328886e-01,1.017511814194006714e+00,-1.317122357297551005e+00,-2.279992027097576743e-02,-7.690196213539475245e-01,3.506964579256992200e-03,3.262262518102415498e+01,-7.988967523687234618e+00,2.041432371470152418e+01,4.219333942635343782e+00,0.000000000000000000e+00
-1.015031045638700391e+00,-9.615527637721446585e-02,-8.507310383953264887e-01,1.017633980465070920e+00,-1.318120347770187273e+00,-2.231912319894470420e-02,-7.688549198798938500e-01,3.507324896898000345e-03,3.264109765731291901e+01,-7.977079628367514275e+00,2.043081604601910328e+01,4.233201982926249052e+00,0.000000000000000000e+00
-1.015147939996182913e+00,-9.587939345210629016e-02,-8.513736745262889816e-01,1.017750857986529534e+00,-1.319072280170703326e+00,-2.186937195235362508e-02,-7.686904922043451549e-01,3.507628888021564750e-03,3.265880566765926574e+01,-7.965672792666053326e+00,2.044662913730731191e+01,4.246503737685847213e+00,0.000000000000000000e+00
-1.015259672922183665e+00,-9.561503283558689392e-02,-8.519891401447143853e-01,1.017862543301808032e+00,-1.319979512085635465e+00,-2.144870232759379935e-02,-7.685271648700348068e-01,3.507877514555204825e-03,3.267576089546636808e+01,-7.954740508728896486e+00,2.046177311557713807e+01,4.259247271160281123e+00,0.000000000000000000e+00
-1.015366340981801008e+00,-9.536202425951702255e-02,-8.525778547319917688e-01,1.017969133514957658e+00,-1.320843346197627000e+00,-2.105529897750016421e-02,-7.683656763235565679e-01,3.508071751017307997e-03,3.269197530485342185e+01,-7.944276017844507543e+00,2.047625837957670569e+01,4.271440907432152656e+00,0.000000000000000000e+00
-1.015468041397848742e+00,-9.512019189039498668e-02,-8.531402490782559189e-01,1.018070726394590064e+00,-1.321665036360410328e+00,-2.068748261274188857e-02,-7.682066836777231567e-01,3.508212584723820714e-03,3.270746114394003001e+01,-7.934272312756001533e+00,2.049009560139264252e+01,4.283093229791328227e+00,0.000000000000000000e+00
-1.015564872146675013e+00,-9.488935436904528953e-02,-8.536767653450125781e-01,1.018167420469796580e+00,-1.322445793135744729e+00,-2.034369833156705193e-02,-7.680507688835718216e-01,3.508301015986332611e-03,3.272223094802954790e+01,-7.924722139642909724e+00,2.050329572808013623e+01,4.294213080306444219e+00,0.000000000000000000e+00
-1.015656932047176664e+00,-9.466932484254142466e-02,-8.541878571283439969e-01,1.018259315119257158e+00,-1.323186788844463058e+00,-2.002250496949244465e-02,-7.678984443682733696e-01,3.508338058301895598e-03,3.273629754270696424e+01,-7.915617999821654038e+00,2.051586998331783818e+01,4.304809559567410737e+00,0.000000000000000000e+00
-1.015744320844023552e+00,-9.445991098948144926e-02,-8.546739895226131978e-01,1.018346510654550396e+00,-1.323889162178710999e+00,-1.972256537090357961e-02,-7.677501581899048855e-01,3.508324738534865806e-03,3.274967404686449157e+01,-7.906952151206108503e+00,2.052782986908437124e+01,4.314892026573946104e+00,0.000000000000000000e+00
-1.015827139285949920e+00,-9.426091503960398743e-02,-8.551356391845837956e-01,1.018429108398523075e+00,-1.324554022417842258e+00,-1.944263749399698440e-02,-7.676062987551822703e-01,3.508262097091089781e-03,3.276237387566552428e+01,-7.898716609563988023e+00,2.053918716735312699e+01,4.324470098748346203e+00,0.000000000000000000e+00
-1.015905489199844247e+00,-9.407213378854345498e-02,-8.555732943979202920e-01,1.018507210759451942e+00,-1.325182453286341877e+00,-1.918156626901743045e-02,-7.674671991418450245e-01,3.508151188084755821e-03,3.277441074345696848e+01,-7.890903149598314847e+00,2.054995394180355106e+01,4.333553652055041283e+00,0.000000000000000000e+00
-1.015979473561239077e+00,-9.389335860844834347e-02,-8.559874551379650365e-01,1.018580921301598163e+00,-1.325775516488285177e+00,-1.893827613755421149e-02,-7.673331410633954519e-01,3.507993079498193667e-03,3.278579866663619669e+01,-7.883503305880233292e+00,2.056014253954542781e+01,4.342152821210470748e+00,0.000000000000000000e+00
-1.016049196561728651e+00,-9.372437545503528589e-02,-8.563786331368052895e-01,1.018650344812683572e+00,-1.326334254949613323e+00,-1.871176420760930700e-02,-7.672043585102283902e-01,3.507788853334991176e-03,3.279655196648067772e+01,-7.876508373653490658e+00,2.056976559285565642e+01,4.350277999971464915e+00,0.000000000000000000e+00
-1.016114763673737320e+00,-9.356496487159908504e-02,-8.567473519485481193e-01,1.018715587368711706e+00,-1.326859695796294369e+00,-1.850109396556433999e-02,-7.670810410979348459e-01,3.507539605766702047e-03,3.280668527194445261e+01,-7.869909409529340927e+00,2.057883602092476494e+01,4.357939841490280131e+00,0.000000000000000000e+00
-1.016176281713013108e+00,-9.341490199038453290e-02,-8.570941470148251140e-01,1.018776756396508221e+00,-1.327352853093837881e+00,-1.830538949186022793e-02,-7.669633371505227837e-01,3.507246447273561826e-03,3.281621352242731859e+01,-7.863697232086061639e+00,2.058736703161305925e+01,4.365149258728133752e+00,0.000000000000000000e+00
-1.016233858899130427e+00,-9.327395653172618206e-02,-8.574195657304160001e-01,1.018833960734265354e+00,-1.327814730370925123e+00,-1.812383013248288627e-02,-7.668513565436588797e-01,3.506910502779425533e-03,3.282515197051795752e+01,-7.857862422387238865e+00,2.059537212321295385e+01,4.371917424917700856e+00,0.000000000000000000e+00
-1.016287604914272169e+00,-9.314189280121376591e-02,-8.577241675090719886e-01,1.018887310690361092e+00,-1.328246322947947977e+00,-1.795564558294598240e-02,-7.667451733304995187e-01,3.506532911781393581e-03,3.283351618471681377e+01,-7.852395324427495993e+00,2.060286508621899060e+01,4.378255774070265893e+00,0.000000000000000000e+00
-1.016337630960478355e+00,-9.301846968517640812e-02,-8.580085238494481459e-01,1.018936918100640021e+00,-1.328648620088954013e+00,-1.780011134582360280e-02,-7.666448281705222634e-01,3.506114828474398305e-03,3.284132205213899880e+01,-7.847286045515630803e+00,2.060986000510267857e+01,4.384176001520630805e+00,0.000000000000000000e+00
-1.016384049815538093e+00,-9.290344064469445440e-02,-8.582732184011668819e-01,1.018982896384333481e+00,-1.329022606993824906e+00,-1.765654452669785171e-02,-7.665503305796889100e-01,3.505657421871132776e-03,3.284858578120000061e+01,-7.842524456601712934e+00,2.061637126009218335e+01,4.389690064506042155e+00,0.000000000000000000e+00
-1.016426975887647410e+00,-9.279655370831950412e-02,-8.585188470309811359e-01,1.019025360598742713e+00,-1.329369266645744396e+00,-1.752429993691724877e-02,-7.664616610184711298e-01,3.505161875917632824e-03,3.285532390428505067e+01,-7.838100192554073864e+00,2.062241352895567204e+01,4.394810182775244378e+00,0.000000000000000000e+00
-1.016466525268941767e+00,-9.269755146366495668e-02,-8.587460178890434781e-01,1.019064427492791580e+00,-1.329689581527554676e+00,-1.740276647475597419e-02,-7.663787728325652804e-01,3.504629389604946386e-03,3.286155328040341317e+01,-7.834002652390656074e+00,2.062800178878778823e+01,4.399548839224905805e+00,0.000000000000000000e+00
-1.016502815787974301e+00,-9.260617104797959354e-02,-8.589553514752740204e-01,1.019100215559524347e+00,-1.329984535219201014e+00,-1.729136375946919990e-02,-7.663015940595959696e-01,3.504061177077179463e-03,3.286729109782820757e+01,-7.830220999468056498e+00,2.063315131779879863e+01,4.403918780561294710e+00,0.000000000000000000e+00
-1.016535967061199086e+00,-9.252214413781532920e-02,-8.591474807058241403e-01,1.019132845087604489e+00,-1.330255113887205187e+00,-1.718953899541751651e-02,-7.662300291136996400e-01,3.503458467736348010e-03,3.287255487672216248e+01,-7.826744161630981189e+00,2.063787769710573983e+01,4.407933017985381952e+00,0.000000000000000000e+00
-1.016566100543484286e+00,-9.244519693788255665e-02,-8.593230509796135896e-01,1.019162438211841382e+00,-1.330502307675903717e+00,-1.709676404587536294e-02,-7.661639603586238856e-01,3.502822506344349749e-03,3.287736247174855464e+01,-7.823560831324170906e+00,2.064219681252455985e+01,4.411604827899764381e+00,0.000000000000000000e+00
-1.016593339577681165e+00,-9.237505016913399869e-02,-8.594827202449837333e-01,1.019189118962772200e+00,-1.330727112009252533e+00,-1.701253269835678247e-02,-7.661032495787335472e-01,3.502154553122482222e-03,3.288173207466852688e+01,-7.820659465667117338e+00,2.064612485636386552e+01,4.414947752637481848e+00,0.000000000000000000e+00
-1.016617809443239429e+00,-9.231141905615856957e-02,-8.596271590664167350e-01,1.019213013315288352e+00,-1.330930528810858160e+00,-1.693635810541255574e-02,-7.660477393562821202e-01,3.501455883848853586e-03,3.288568221692278826e+01,-7.818028286492989309e+00,2.064967832921854907e+01,4.417975601211184156e+00,0.000000000000000000e+00
-1.016639637403861540e+00,-9.225401331389877779e-02,-8.597570506913594368e-01,1.019234249236299572e+00,-1.331113567649137464e+00,-1.686777038672217233e-02,-7.659972543622433072e-01,3.500727789954076030e-03,3.288923177219811578e+01,-7.815655280350915390e+00,2.065287404176379127e+01,4.420702450083341617e+00,0.000000000000000000e+00
-1.016658952754168510e+00,-9.220253713373037507e-02,-8.598730911171502678e-01,1.019252956731410586e+00,-1.331277246813593162e+00,-1.680631438011821396e-02,-7.659516025670740635e-01,3.499971578615671593e-03,3.289239995897762725e+01,-7.813528198471224151e+00,2.065572911654885502e+01,4.423142643957484132e+00,0.000000000000000000e+00
-1.016675886865335166e+00,-9.215668916891740781e-02,-8.599759891580331939e-01,1.019269267890565045e+00,-1.331422594327403619e+00,-1.675154753084558135e-02,-7.659105763769018527e-01,3.499188572851496138e-03,3.289520634307337588e+01,-7.811634556692803599e+00,2.065826098978990544e+01,4.425310796590603779e+00,0.000000000000000000e+00
-1.016690573229648065e+00,-9.211616251944743095e-02,-8.600664665122839114e-01,1.019283316932616090e+00,-1.331550648900838629e+00,-1.670303790990892989e-02,-7.658739536997779540e-01,3.498380111612665443e-03,3.289767084014054177e+01,-7.809961635350851417e+00,2.066048741316189563e+01,4.427221791627734326e+00,0.000000000000000000e+00
-1.016703147503932758e+00,-9.208064471624734237e-02,-8.601452578294563889e-01,1.019295240248763612e+00,-1.331662460829297734e+00,-1.666036235383959452e-02,-7.658414989458721678e-01,3.497547549876336460e-03,3.289981371817204803e+01,-7.808496479123140155e+00,2.066242645558920898e+01,4.428890783459641156e+00,0.000000000000000000e+00
-1.016713747551772906e+00,-9.204981770476942937e-02,-8.602131107777344354e-01,1.019305176444787575e+00,-1.331759092839097436e+00,-1.662310471961187322e-02,-7.658129639647428544e-01,3.496692258738750940e-03,3.290165559997154787e+01,-7.807225896832883372e+00,2.066409650503424089e+01,4.430333198104361436e+00,0.000000000000000000e+00
-1.016722513484456636e+00,-9.202335782792987751e-02,-8.602707861114299304e-01,1.019313266382009031e+00,-1.331841620883573274e+00,-1.659085424973967549e-02,-7.657880889221013732e-01,3.495815625508975552e-03,3.290321746560411498e+01,-7.806136461205227306e+00,2.066551627028436044e+01,4.431564734114470383e+00,0.000000000000000000e+00
-1.016729587700555992e+00,-9.200093580838375473e-02,-8.603190577385971816e-01,1.019319653216888000e+00,-1.331911134891390125e+00,-1.656320404386496178e-02,-7.657666031178465005e-01,3.494919053803711029e-03,3.290452065482197952e+01,-7.805214508575100574e+00,2.066670478273598022e+01,4.432601363510840997e+00,0.000000000000000000e+00
-1.016735114924058436e+00,-9.198221673009843169e-02,-8.603587127888120412e-01,1.019324482439174506e+00,-1.331968739468503582e+00,-1.653974963431803502e-02,-7.657482257464691688e-01,3.494003963643629168e-03,3.290558686946445022e+01,-7.804446138542695088e+00,2.066768139817641270e+01,4.433459332745285586e+00,0.000000000000000000e+00
-1.016739242240944030e+00,-9.196686001920560682e-02,-8.603905516810933518e-01,1.019327901908510636e+00,-1.332015554554575321e+00,-1.652008766430176565e-02,-7.657326666003519966e-01,3.493071791551627132e-03,3.290643817582937913e+01,-7.803817213573766232e+00,2.066846579856235167e+01,4.434155163693202617e+00,0.000000000000000000e+00
-1.016742119134108613e+00,-9.195451942408039425e-02,-8.604153881919960334e-01,1.019330061889381245e+00,-1.332052716034215933e+00,-1.650381466841977993e-02,-7.657196267158842273e-01,3.492123990653437510e-03,3.290709700701455631e+01,-7.803313358540704847e+00,2.066907799379518096e+01,4.434705654678616327e+00,0.000000000000000000e+00
-1.016743897516521278e+00,-9.194484299461469501e-02,-8.604340495238869124e-01,1.019331115084303852e+00,-1.332081376302909126e+00,-1.649052595632417156e-02,-7.657087989617610280e-01,3.491162030781040388e-03,3.290758616522702340e+01,-7.802919960200632943e+00,2.066953832349274833e+01,4.435127881533587946e+00,0.000000000000000000e+00
-1.016744731762496468e+00,-9.193747306063398961e-02,-8.604473763734037384e-01,1.019331216665138040e+00,-1.332102704787007541e+00,-1.647981460124722103e-02,-7.656998685683070738e-01,3.490187398579282924e-03,3.290792882405768438e+01,-7.802622166606483667e+00,2.066986745875707498e+01,4.435439198694070662e+00,0.000000000000000000e+00
-1.016744778736957677e+00,-9.193204620940635674e-02,-8.604562230001258083e-01,1.019330524302392016e+00,-1.332117888416775253e+00,-1.647127053611150554e-02,-7.656925135961628603e-01,3.489201597616174797e-03,3.290814853071931623e+01,-7.802404886446462129e+00,2.067008640393796881e+01,4.435657240334830220e+00,0.000000000000000000e+00
-1.016744197822565976e+00,-9.192819326218819309e-02,-8.604614572954422114e-01,1.019329198192399755e+00,-1.332128132051008995e+00,-1.646447976081751377e-02,-7.656864053421930105e-01,3.488206148497278915e-03,3.290826920824516577e+01,-7.802252788307831644e+00,2.067021649839185216e+01,4.435799921545426905e+00,0.000000000000000000e+00
-1.016743150944575680e+00,-9.192553924975657709e-02,-8.604639608516791993e-01,1.019327401082232187e+00,-1.332134658851453546e+00,-1.645902366508741194e-02,-7.656812086800397488e-01,3.487202588984693492e-03,3.290831515764625692e+01,-7.802150299859419214e+00,2.067027941823615578e+01,4.435885439550626863e+00,0.000000000000000000e+00
-1.016741802593277288e+00,-9.192370338685612596e-02,-8.604646290314401647e-01,1.019325298292202309e+00,-1.332138710604779064e+00,-1.645447847205350200e-02,-7.656765823323427034e-01,3.486192474121024062e-03,3.290831106002396211e+01,-7.802081606948883419e+00,2.067029717809806399e+01,4.435932274976958745e+00,0.000000000000000000e+00
-1.016740319843882689e+00,-9.192229904550122677e-02,-8.604643710372181786e-01,1.019323057735819882e+00,-1.332141547989680319e+00,-1.645041480839984013e-02,-7.656721790712762710e-01,3.485177376358855432e-03,3.290828197863583426e+01,-7.802030652608757499e+00,2.067029213285801603e+01,4.435959193169003889e+00,0.000000000000000000e+00
-1.016738843604648501e+00,-9.192099969576424112e-02,-8.604639544047084643e-01,1.019320821038890656e+00,-1.332144234790061166e+00,-1.644647049167240541e-02,-7.656677060169245763e-01,3.484158636031268238e-03,3.290824906949127637e+01,-7.801983876575731891e+00,2.067028315432841268e+01,4.435982038587076737e+00,0.000000000000000000e+00
-1.016737765180281805e+00,-9.192014062203898717e-02,-8.604635030331914125e-01,1.019318979712136697e+00,-1.332153688313175044e+00,-1.644284475790123295e-02,-7.656561293260479850e-01,3.483136605595172925e-03,3.290822138355677851e+01,-7.801953321148507037e+00,2.067027295022048961e+01,4.435995112187726797e+00,0.000000000000000000e+00
-1.016738857926082540e+00,-9.192168108630018042e-02,-8.604628675937926463e-01,1.019319307186500989e+00,-1.332202615487687369e+00,-1.644086759946019466e-02,-7.656034126424207109e-01,3.482111386666857794e-03,3.290822234148767222e+01,-7.802011158198393304e+00,2.067025619416682147e+01,4.435954989122400605e+00,0.000000000000000000e+00
-1.016744137143479776e+00,-9.192784766122534534e-02,-8.604618783574488061e-01,1.019323818836958884e+00,-1.332328209050608114e+00,-1.644204830224577432e-02,-7.654708544923005675e-01,3.481083078046195208e-03,3.290827855918874434e+01,-7.802239406425542256e+00,2.067022683297534513e+01,4.435812319787798330e+00,0.000000000000000000e+00
-1.016755483648411618e+00,-9.194071828725919326e-02,-8.604603768959974142e-01,1.019334395550955952e+00,-1.332565283932401146e+00,-1.644779270928277068e-02,-7.652222346361464700e-01,3.480051775794595296e-03,3.290841487803302101e+01,-7.802714609636450582e+00,2.067017921900282929e+01,4.435521049393678972e+00,0.000000000000000000e+00
-1.016774639499926414e+00,-9.196221748046518041e-02,-8.604582164464560368e-01,1.019352779457066482e+00,-1.332946322854076104e+00,-1.645939992900204152e-02,-7.648237717636696686e-01,3.479017573310792550e-03,3.290865431106364980e+01,-7.803507660292864578e+00,2.067010812559837873e+01,4.435038525172346979e+00,0.000000000000000000e+00
-1.016803201674012502e+00,-9.199410925092045554e-02,-8.604552624547967543e-01,1.019380567598876963e+00,-1.333501520762983006e+00,-1.647805728157238775e-02,-7.642440841121170836e-01,3.477980561404549024e-03,3.290901796276308744e+01,-7.804683538731092440e+00,2.067000876942315912e+01,4.434325654608778144e+00,0.000000000000000000e+00
-1.016842614327928329e+00,-9.203798845292435193e-02,-8.604513932434540990e-01,1.019419204199369933e+00,-1.334258828634407035e+00,-1.650483385215888166e-02,-7.634541521118166640e-01,3.476940828368304485e-03,3.290952493061076467e+01,-7.806300994613925681e+00,2.066987683740736159e+01,4.433347098589424107e+00,0.000000000000000000e+00
-1.016894160236061051e+00,-9.209527121743607547e-02,-8.604465007521712172e-01,1.019469972096834987e+00,-1.335243997182391062e+00,-1.654067290413383309e-02,-7.624272822625303148e-01,3.475898460046855914e-03,3.291019219579747812e+01,-7.808412194567202036e+00,2.066970851629382011e+01,4.432071484936404460e+00,0.000000000000000000e+00
-1.016958951917009024e+00,-9.216718504941506795e-02,-8.604404913068973704e-01,1.019533983872000782e+00,-1.336480621033134142e+00,-1.658638330109652934e-02,-7.611390715384123151e-01,3.474853539905101932e-03,3.291103450965388078e+01,-7.811062357457715599e+00,2.066950052290117412e+01,4.430471629294943092e+00,0.000000000000000000e+00
-1.017037922912625181e+00,-9.225475910739984464e-02,-8.604332863763621830e-01,1.019612173127128152e+00,-1.337990183911336395e+00,-1.664263000085607763e-02,-7.595673717080480003e-01,3.473806149093912853e-03,3.291206428157872921e+01,-7.814289396362792850e+00,2.066925013342340378e+01,4.428524751792486391e+00,0.000000000000000000e+00
-1.017131819622768552e+00,-9.235881511921736897e-02,-8.604248232807335528e-01,1.019705286320809146e+00,-1.339792105369684849e+00,-1.670992362187613545e-02,-7.576922530388783272e-01,3.472756366514180570e-03,3.291329147351680717e+01,-7.818123583945583377e+00,2.066895521027073812e+01,4.426212679300441266e+00,0.000000000000000000e+00
-1.017241194044241848e+00,-9.247995932584333889e-02,-8.604150558214487265e-01,1.019813875506950795e+00,-1.341903789551813553e+00,-1.678860904586873884e-02,-7.554959669319923909e-01,3.471704268879098176e-03,3.291472350533511104e+01,-7.822587255672155848e+00,2.066861422515147240e+01,4.423522024511436612e+00,0.000000000000000000e+00
-1.017366397708722170e+00,-9.261857578499713139e-02,-8.604039548059155829e-01,1.019938292272750902e+00,-1.344340676418569913e+00,-1.687885301068164576e-02,-7.529629071033103749e-01,3.470649930774703101e-03,3.291636517477741108e+01,-7.827694563081754708e+00,2.066822627729588291e+01,4.420444334399729946e+00,0.000000000000000000e+00
-1.017507577062421342e+00,-9.277482130707540020e-02,-8.603915084453158668e-01,1.020078683118402552e+00,-1.347116295786613849e+00,-1.698063066570577526e-02,-7.500795689899034668e-01,3.469593424718770986e-03,3.291821859504140946e+01,-7.833451287150793085e+00,2.066779110593149227e+01,4.416976201959077031e+00,0.000000000000000000e+00
-1.017664670479857536e+00,-9.294862223866992568e-02,-8.603777226081980034e-01,1.020234986470907712e+00,-1.350242324428574614e+00,-1.709371110729025756e-02,-7.468345071147406422e-01,3.468534821218054610e-03,3.292028315241894632e+01,-7.839854719680338313e+00,2.066730909633164615e+01,4.413119336406918336e+00,0.000000000000000000e+00
-1.017837407055683041e+00,-9.313967325347433102e-02,-8.603626209168994121e-01,1.020406931475947410e+00,-1.353728646367334365e+00,-1.721764198299649551e-02,-7.432182901884598625e-01,3.467474188823938160e-03,3.292255548586904013e+01,-7.846893618596701536e+00,2.066678127897362316e+01,4.408880588298674574e+00,0.000000000000000000e+00
-1.018025307272260260e+00,-9.334743825723301747e-02,-8.603462446780560935e-01,1.020594038665496583e+00,-1.357583416366325402e+00,-1.735173334922325561e-02,-7.392234537617468071e-01,3.466411594186583588e-03,3.292502948985596589e+01,-7.854548241098950001e+00,2.066620932155498025e+01,4.404271927201993897e+00,0.000000000000000000e+00
-1.018227685596937881e+00,-9.357115346297634195e-02,-8.603286526425013570e-01,1.020795622555140891e+00,-1.361813126476350888e+00,-1.749504108441562664e-02,-7.348444502655973043e-01,3.465347102107536967e-03,3.292769634128193701e+01,-7.862790456732127176e+00,2.066559551382302118e+01,4.399310370726747799e+00,0.000000000000000000e+00
-1.018443655022087668e+00,-9.380983264558660772e-02,-8.603099205936817206e-01,1.021010796184151026e+00,-1.366422675351223859e+00,-1.764635029651753090e-02,-7.300775962885103221e-01,3.464280775590907607e-03,3.293054455087663257e+01,-7.871583940727907347e+00,2.066494274536792020e+01,4.394017864780764171e+00,0.000000000000000000e+00
-1.018672133523260470e+00,-9.406227454122562115e-02,-8.602901407672810530e-01,1.021238477573675363e+00,-1.371415439893773680e+00,-1.780415931429692525e-02,-7.249210169394327830e-01,3.463212675893118184e-03,3.293356003897530826e+01,-7.880884446352631301e+00,2.066425447671073812e+01,4.388421115911895320e+00,0.000000000000000000e+00
-1.018911852376624738e+00,-9.432707231776298051e-02,-8.602694211079974229e-01,1.021477398044215112e+00,-1.376793348645264814e+00,-1.796666501211808750e-02,-7.193745871338368403e-01,3.462142862571276642e-03,3.293672623522444809e+01,-7.890640153552232583e+00,2.066353470417902827e+01,4.382551377493146383e+00,0.000000000000000000e+00
-1.019161366246443379e+00,-9.460262500746081937e-02,-8.602478843723245783e-01,1.021726112303135592e+00,-1.382556956190251762e+00,-1.813175037958113245e-02,-7.134398696194873546e-01,3.461071393530232732e-03,3.294002420139972998e+01,-7.900792089898605042e+00,2.066278791920146318e+01,4.376444192299622671e+00,0.000000000000000000e+00
-1.019419064926936569e+00,-9.488715076309429952e-02,-8.602256670887113987e-01,1.021983010186563900e+00,-1.388705517721096072e+00,-1.829697540235878522e-02,-7.071200495313417766e-01,3.459998325068290581e-03,3.294343277620591692e+01,-7.911274618733484587e+00,2.066201906276597100e+01,4.370139094706423144e+00,0.000000000000000000e+00
-1.019683186600619518e+00,-9.517870177362930395e-02,-8.602029183885862018e-01,1.022246329917758878e+00,-1.395237062798001748e+00,-1.845957245790137355e-02,-7.004198652360570376e-01,3.458923711921687866e-03,3.294692874065276555e+01,-7.922015988481702742e+00,2.066123347587101478e+01,4.363679276300013399e+00,0.000000000000000000e+00
-1.019951832457171914e+00,-9.547518065564467027e-02,-8.601797987234188758e-01,1.022514172726013193e+00,-1.402148467258056641e+00,-1.861644753706401603e-02,-6.933455352015609474e-01,3.457847607307846377e-03,3.295048700236500139e+01,-7.932938936369755112e+00,2.066043684685597981e+01,4.357111219139231828e+00,0.000000000000000000e+00
-1.020222982503087961e+00,-9.577435812187547193e-02,-8.601564784842448130e-01,1.022784518656335129e+00,-1.409435522177228117e+00,-1.876418866632168295e-02,-6.859046806130755236e-01,3.456770062967397857e-03,3.295408079698750470e+01,-7.943961339237977093e+00,2.065963515652363469e+01,4.350484301225860939e+00,0.000000000000000000e+00
-1.020494512382691399e+00,-9.607389171846436593e-02,-8.601331365408911855e-01,1.023055243390492697e+00,-1.417092998779323043e+00,-1.889908291039859786e-02,-6.781062434617545209e-01,3.455691129205069271e-03,3.295768190468905345e+01,-7.954996903771718308e+00,2.065883462196634923e+01,4.343850378950953051e+00,0.000000000000000000e+00
-1.020764211025430912e+00,-9.637134541753877848e-02,-8.601099587185450090e-01,1.023324135894340348e+00,-1.425114708221957960e+00,-1.901714326716587647e-02,-6.699603998640361047e-01,3.454610854929436158e-03,3.296126087964770335e+01,-7.965955888291440523e+00,2.065804163997953680e+01,4.337263351376694054e+00,0.000000000000000000e+00
-1.021029798932491239e+00,-9.666420985129331456e-02,-8.600871362292983324e-01,1.023588916704457175e+00,-1.433493555277054687e+00,-1.911414661202820442e-02,-6.614784684369758860e-01,3.453529287691556229e-03,3.296478729031802146e+01,-7.976745848223130153e+00,2.065726273089330078e+01,4.330778711201559439e+00,0.000000000000000000e+00
-1.021288946917372042e+00,-9.694992297748442067e-02,-8.600648640759338548e-01,1.023847256668755534e+00,-1.442221585066206568e+00,-1.918568359675799223e-02,-6.526728136642548916e-01,3.452446473722571661e-03,3.296822996823266294e+01,-7.987272397505564392e+00,2.065650448357934721e+01,4.324453087147720254e+00,0.000000000000000000e+00
-1.021539295119893609e+00,-9.722589097368966593e-02,-8.600433394445053947e-01,1.024096795960512063e+00,-1.451290022211210617e+00,-1.922722105101984033e-02,-6.435567443443259705e-01,3.451362457970228934e-03,3.297155726307705947e+01,-7.997439978463373400e+00,2.065577350229865772e+01,4.318343782314997270e+00,0.000000000000000000e+00
-1.021778472120673742e+00,-9.748950916835590064e-02,-8.600227601012772061e-01,1.024335163192872544e+00,-1.460689302015949487e+00,-1.923417697266736892e-02,-6.341444074184325874e-01,3.450277284134394690e-03,3.297473730179368090e+01,-8.007152633066546343e+00,2.065507635595000124e+01,4.312508312777102226e+00,0.000000000000000000e+00
-1.022004113993074226e+00,-9.773818282998128493e-02,-8.600033228083444614e-01,1.024559994470823243e+00,-1.470409093602934147e+00,-1.920200763162810062e-02,-6.244506777303729939e-01,3.449190994701633109e-03,3.297773824951861599e+01,-8.016314768986822159e+00,2.065441953016444643e+01,4.307003950367318090e+00,0.000000000000000000e+00
-1.022213883141428692e+00,-9.796934765114335975e-02,-8.599852217708463531e-01,1.024768952229444308e+00,-1.480438315277409878e+00,-1.912630566683892058e-02,-6.144910445656457387e-01,3.448103630978764569e-03,3.298052857022469908e+01,-8.024831914427128510e+00,2.065380938257088772e+01,4.301887273226653541e+00,0.000000000000000000e+00
-1.022405486787517859e+00,-9.818048978082424827e-02,-8.599686471271352772e-01,1.024959743720408545e+00,-1.490765142770866802e+00,-1.900290735065928577e-02,-6.042814961437069643e-01,3.447015233125533089e-03,3.298307728503738190e+01,-8.032611456317024334e+00,2.065325210143643986e+01,4.297213727283888396e+00,0.000000000000000000e+00
-1.022576694981167211e+00,-9.836916527590214288e-02,-8.599537834916665124e-01,1.025130139022603526e+00,-1.501377011406717976e+00,-1.882800646439747316e-02,-5.938384035769425084e-01,3.445925840186362180e-03,3.298535422629725389e+01,-8.039563357109434705e+00,2.065275366776767996e+01,4.293037201420111693e+00,0.000000000000000000e+00
-1.022725358024910047e+00,-9.853301886004864341e-02,-8.599408085587716410e-01,1.025277988466817058e+00,-1.512260613612575133e+00,-1.859827151464608919e-02,-5.831784061422283783e-01,3.444835490121229884e-03,3.298733028556024038e+01,-8.045600846054915323e+00,2.065231982084788953e+01,4.289409618657408885e+00,0.000000000000000000e+00
-1.022849423216273479e+00,-9.866980189488429309e-02,-8.599298917739451875e-01,1.025401239378046281e+00,-1.523401893551878272e+00,-1.831096237258569154e-02,-5.723183000101644824e-01,3.443744219835677325e-03,3.298897765384718639e+01,-8.050641081443123070e+00,2.065195602708536171e+01,4.286380545318672297e+00,0.000000000000000000e+00
-1.022946950823826473e+00,-9.877738948341585612e-02,-8.599211930778699609e-01,1.025497952051566797e+00,-1.534786040936936047e+00,-1.796404189091248271e-02,-5.612749328152685235e-01,3.442652065210021883e-03,3.299027005257207890e+01,-8.054605780861605169e+00,2.065166745196150089e+01,4.283996819748943530e+00,0.000000000000000000e+00
-1.023016129224157744e+00,-9.885379663892593372e-02,-8.599148617271762385e-01,1.025566314889931441e+00,-1.546397486290312262e+00,-1.755627769959309387e-02,-5.500651065989923261e-01,3.441559061127716455e-03,3.299118295368695186e+01,-8.057421817008016518e+00,2.065145893479732209e+01,4.282302201881585724e+00,0.000000000000000000e+00
-1.023055289136030943e+00,-9.889719346313791126e-02,-8.599110351949227349e-01,1.025604658637147004e+00,-1.558219900018872783e+00,-1.708732925205451447e-02,-5.387054916896386603e-01,3.440465241502952375e-03,3.299169378767666672e+01,-8.059021776985840546e+00,2.065133496600509133e+01,4.281337044685708193e+00,0.000000000000000000e+00
-1.023062916894835972e+00,-9.890591928536143773e-02,-8.599098381530237978e-01,1.025611469653144203e+00,-1.570236197636231124e+00,-1.655781532835639072e-02,-5.272125539768918179e-01,3.439370639307497753e-03,3.299178213811564575e+01,-8.059344483305428852e+00,2.065129966645922721e+01,4.281137988350959489e+00,0.000000000000000000e+00
-1.023037666715073790e+00,-9.887849571937690207e-02,-8.599113815383386816e-01,1.025585402176283578e+00,-1.582428553303200536e+00,-1.596935762787786775e-02,-5.156024977788243868e-01,3.438275286596781215e-03,3.299142992156038900e+01,-8.058335474999363868e+00,2.065135676860748148e+01,4.281737677953511678e+00,0.000000000000000000e+00
-1.022978371891134719e+00,-9.881363859721382925e-02,-8.599157617038696300e-01,1.025525289524150896e+00,-1.594778423549360946e+00,-1.532459680889883269e-02,-5.038912260808893206e-01,3.437179214535261360e-03,3.299062155159856502e+01,-8.055947447350034096e+00,2.065150959894951654e+01,4.283164505298985070e+00,0.000000000000000000e+00
-1.022884054887435834e+00,-9.871026873915401956e-02,-8.599230596564662044e-01,1.025430154183714304e+00,-1.607266582599483629e+00,-1.462717834186775916e-02,-4.920943193563650508e-01,3.436082453421091931e-03,3.298934408591244249e+01,-8.052140648733947970e+00,2.065176106153387892e+01,4.285442375644585411e+00,0.000000000000000000e+00
-1.022753936268636199e+00,-9.856752151785985738e-02,-8.599333403825375477e-01,1.025299216741556663e+00,-1.619873170174719323e+00,-1.388170679879697361e-02,-4.802270334759052850e-01,3.434985032710094824e-03,3.298758735524853591e+01,-8.046883233034266780e+00,2.065211362216419744e+01,4.288590500050041499e+00,0.000000000000000000e+00
-1.022587442419834458e+00,-9.838475517227820988e-02,-8.599466522634982013e-01,1.025131903604090677e+00,-1.632577751999296112e+00,-1.309366864108225427e-02,-4.683043164131508451e-01,3.433886981039099926e-03,3.298534407322550521e+01,-8.040151565989335225e+00,2.065256929305858336e+01,4.292623214177554658e+00,0.000000000000000000e+00
-1.022384212006122173e+00,-9.816155782472416047e-02,-8.599630265829312226e-01,1.024927853457129334e+00,-1.645359392557467659e+00,-1.226932510900730598e-02,-4.563408425984028516e-01,3.432788326248592797e-03,3.298260992596737395e+01,-8.031930483760936212e+00,2.065312961777010159e+01,4.297549824436303290e+00,0.000000000000000000e+00
-1.022144101121297943e+00,-9.789775315309391657e-02,-8.599824771276971536e-01,1.024686922414616008e+00,-1.658196738957978367e+00,-1.141557835934765321e-02,-4.443510629166762538e-01,3.431689095404783386e-03,3.297938364062782313e+01,-8.022213501950822945e+00,2.065379565624770564e+01,4.303374482429265235e+00,0.000000000000000000e+00
-1.021867187077490469e+00,-9.759340467012117548e-02,-8.600049998853973587e-01,1.024409187808263955e+00,-1.671068114123253290e+00,-1.053981543556409793e-02,-4.323492675484361114e-01,3.430589314821027701e-03,3.297566703197924198e+01,-8.011002973290926477e+00,2.065456796999347944e+01,4.310096088694808536e+00,0.000000000000000000e+00
-1.021553770791229887e+00,-9.724881856337695696e-02,-8.600305728406751893e-01,1.024094950573642748e+00,-1.683951616976075538e+00,-9.649735881700089238e-03,-4.203496581691377187e-01,3.429489010078666175e-03,3.297146502638049270e+01,-7.998310192296458787e+00,2.065544660735095306e+01,4.317708226733051546e+00,0.000000000000000000e+00
-1.021204377727184864e+00,-9.686454505342516341e-02,-8.600591558728044594e-01,1.023744736193930693e+00,-1.696825226890716687e+00,-8.753169730803086329e-03,-4.083664255097881890e-01,3.428388206047314288e-03,3.296678566260883514e+01,-7.984155445306024390e+00,2.065643108903854852e+01,4.326199128264230254e+00,0.000000000000000000e+00
-1.020819757368151670e+00,-9.644137823300535928e-02,-8.600906907568769411e-01,1.023359294169918332e+00,-1.709666909441952987e+00,-7.857893136644433091e-03,-3.964138279763195771e-01,3.427286926904530434e-03,3.296164006923908119e+01,-7.968568004532300186e+00,2.065752039412049257e+01,4.335551670586256456e+00,0.000000000000000000e+00
-1.020400881188481046e+00,-9.598035435688741235e-02,-8.601251012706825350e-01,1.022939595993450190e+00,-1.722454720444598131e+00,-6.971449027655732093e-03,-3.845062669562259172e-01,3.426185196155000223e-03,3.295604241846835691e+01,-7.951586064995107783e+00,2.065871294668337654e+01,4.345743406789841501e+00,0.000000000000000000e+00
-1.019948939117368392e+00,-9.548274855953219065e-02,-8.601622934091197603e-01,1.022486831610728064e+00,-1.735166905433230600e+00,-6.100979832492111135e-03,-3.726583546133764857e-01,3.425083036649147900e-03,3.295000985650761294e+01,-7.933256623483917913e+00,2.066000660355961571e+01,4.356746629464047338e+00,0.000000000000000000e+00
-1.019465334487656527e+00,-9.495006998525799824e-02,-8.602021557077159652e-01,1.022002404371127549e+00,-1.747781992075311930e+00,-5.253078581777033233e-03,-3.608849703732532888e-01,3.423980470601273307e-03,3.294356241087977111e+01,-7.913635298975526311e+00,2.066139864350815358e+01,4.368528468396056574e+00,0.000000000000000000e+00
-1.018951677474443818e+00,-9.438405532267327147e-02,-8.602445596766181701e-01,1.021487924465819708e+00,-1.760278873514243170e+00,-4.433663588771470827e-03,-3.492013028993233292e-01,3.422877519607144155e-03,3.293672287516913144e+01,-7.892786094193547264e+00,2.066288575832749075e+01,4.381051022648061455e+00,0.000000000000000000e+00
-1.018409777035423014e+00,-9.378666074130344310e-02,-8.602893603462499206e-01,1.020945200868121683e+00,-1.772636881262406927e+00,-3.647880539711830829e-03,-3.376228751097534730e-01,3.421774204661116869e-03,3.292951667194944321e+01,-7.870781098225241301e+00,2.066446404643508572e+01,4.394271527289082435e+00,0.000000000000000000e+00
-1.017841631371329214e+00,-9.316005223346982000e-02,-8.603363969257237232e-01,1.020376231793958199e+00,-1.784835846959346606e+00,-2.900034288661870133e-03,-3.261655506244724445e-01,3.420670546172801217e-03,3.292197169477421426e+01,-7.847700130302718513e+00,2.066612900949885656e+01,4.408142554972609872e+00,0.000000000000000000e+00
-1.017249416930226857e+00,-9.250659436871253027e-02,-8.603854935750404609e-01,1.019783193706159885e+00,-1.796856153024044112e+00,-2.193551067090541203e-03,-3.148455209034047297e-01,3.419566563983233564e-03,3.291411813024209465e+01,-7.823630325014931941e+00,2.066787555274881782e+01,4.422612252478314687e+00,0.000000000000000000e+00
-1.016635475983941994e+00,-9.182883747179977629e-02,-8.604364602920433480e-01,1.019168428890907308e+00,-1.808678772910921051e+00,-1.530970297799457173e-03,-3.036792731766293496e-01,3.418462277380639007e-03,3.290598826125432197e+01,-7.798665659359187430e+00,2.066969798962713867e+01,4.437624612267967450e+00,0.000000000000000000e+00
-1.016002302809263957e+00,-9.112950323924066953e-02,-8.604890939149927309e-01,1.018534431638944193e+00,-1.820285302280116424e+00,-9.139638463924959705e-04,-2.926835400227179584e-01,3.417357705115701277e-03,3.289761625266675082e+01,-7.772906422188394338e+00,2.067159005145013495e+01,4.453119779028190450e+00,0.000000000000000000e+00
-1.015352528511231922e+00,-9.041146881395706325e-02,-8.605431792414111047e-01,1.017883833068875310e+00,-1.831657982876837787e+00,-3.433794303235736430e-04,-2.818752320804182587e-01,3.416252865416488736e-03,3.288903792061187659e+01,-7.746458626790009738e+00,2.067354490275282686e+01,4.469034391069004464e+00,0.000000000000000000e+00
-1.014688904531528379e+00,-8.967774934411570920e-02,-8.605984902634672418e-01,1.017219384635570156e+00,-1.842779721256889713e+00,1.806959115700021304e-04,-2.712713558536730130e-01,3.415147776002891173e-03,3.288029048683498701e+01,-7.719433367571714832e+00,2.067555516296270568e+01,4.485301956300526527e+00,0.000000000000000000e+00
-1.014014284892310602e+00,-8.893147906075794806e-02,-8.606547915195629228e-01,1.016543940374005306e+00,-1.853634104683789419e+00,6.588568830492328929e-04,-2.608889188785638580e-01,3.414042454100706201e-03,3.287141231945916786e+01,-7.691946122152184984e+00,2.067761293500156938e+01,4.501853262305369974e+00,0.000000000000000000e+00
-1.013331607235169907e+00,-8.817589092030231335e-02,-8.607118395609110184e-01,1.015860437938233662e+00,-1.864205416557831452e+00,1.092290302053552193e-03,-2.507448246659026991e-01,3.412936916455308004e-03,3.286244266167218342e+01,-7.664116000581437937e+00,2.067970984134086265e+01,4.518616819749836644e+00,0.000000000000000000e+00
-1.012643872726574745e+00,-8.741429487255127084e-02,-8.607693845307364811e-01,1.015171878506837322e+00,-1.874478653630998526e+00,1.482679444602453796e-03,-2.408557598302971114e-01,3.411831179344943996e-03,3.285342134991711305e+01,-7.636064943955412687e+00,2.068183706793564980e+01,4.535519338026002600e+00,0.000000000000000000e+00
-1.011954124915205311e+00,-8.665005483258213237e-02,-8.608271718522667593e-01,1.014481305640272613e+00,-1.884439547034495011e+00,1.832106672766137300e-03,-2.312380756906588231e-01,3.410725258593684094e-03,3.284438852326918123e+01,-7.607916875346174557e+00,2.068398541633517951e+01,4.552486231587780097e+00,0.000000000000000000e+00
-1.011265427642869641e+00,-8.588656445567596776e-02,-8.608849440199295433e-01,1.013791783191794416e+00,-1.894074588824686822e+00,2.142958119607366908e-03,-2.219076664092751727e-01,3.409619169583987062e-03,3.283538432579216959e+01,-7.579796806735910053e+00,2.068614536411498150e+01,4.569442154941234513e+00,0.000000000000000000e+00
-1.010580842128886214e+00,-8.512722183785720320e-02,-8.609424424861722436e-01,1.013106372391848531e+00,-1.903371065367984505e+00,2.417833542186328261e-03,-2.128798454599999945e-01,3.408512927268918160e-03,3.282644860378616158e+01,-7.551829906505478363e+00,2.068830713359880846e+01,4.586311563681829462e+00,0.000000000000000000e+00
-1.009903403367442998e+00,-8.437540329008148821e-02,-8.609994096340967129e-01,1.012428108245439606e+00,-1.912317098465517340e+00,2.659463730890103579e-03,-2.041692219129739860e-01,3.407406546184056292e-03,3.281762059995976699e+01,-7.524140532964474382e+00,2.069046076864212225e+01,4.603019298353123290e+00,0.000000000000000000e+00
-1.009236095997871674e+00,-8.363443636087811162e-02,-8.610555908237349509e-01,1.011759975402413581e+00,-1.920901694691850459e+00,2.870637135426458778e-03,-1.957895777219658406e-01,3.406300040459033385e-03,3.280893864667913817e+01,-7.496851240392103932e+00,2.069259621903665192e+01,4.619491187250337028e+00,0.000000000000000000e+00
-1.008581829828297138e+00,-8.290757230941955824e-02,-8.611107364973440426e-01,1.011104883681116062e+00,-1.929114803012204948e+00,3.054136681184749062e-03,-1.877537469235760481e-01,3.405193423828788840e-03,3.280043986055696337e+01,-7.470081765053315337e+00,2.069470343187389361e+01,4.635654663629707350e+00,0.000000000000000000e+00
-1.007943415212942728e+00,-8.219795825756480434e-02,-8.611646043266545369e-01,1.010465643445705108e+00,-1.936947380368367888e+00,3.212687139082027674e-03,-1.800734974212329365e-01,3.404086709644487015e-03,3.279215984074143364e+01,-7.443947999626236545e+00,2.069677244898095125e+01,4.651439392134197881e+00,0.000000000000000000e+00
-1.007323538501638804e+00,-8.150860927431816116e-02,-8.612169613826596848e-01,1.009844941055668466e+00,-1.944391464598313801e+00,3.348912900112564241e-03,-1.727594158401804525e-01,3.402979910884149344e-03,3.278413237334172692e+01,-7.418560965385280426e+00,2.069879350932238182e+01,4.666777898634016708e+00,0.000000000000000000e+00
-1.006724737795932967e+00,-8.084238066823488944e-02,-8.612675863063767867e-01,1.009245314621940448e+00,-1.951440253786983936e+00,3.465305603738399673e-03,-1.658207958051466091e-01,3.401873040162977681e-03,3.277638914447687313e+01,-7.394025792288126731e+00,2.070075715505528891e+01,4.681606197133412195e+00,0.000000000000000000e+00
-1.006149379258738374e+00,-8.020194078143731697e-02,-8.613162714571526157e-01,1.008669130316558693e+00,-1.958088190939720308e+00,3.564200778189838530e-03,-1.592655299072652797e-01,3.400766109743403546e-03,3.276895946445355179e+01,-7.370440717772237527e+00,2.070265433974017455e+01,4.695864406941094416e+00,0.000000000000000000e+00
-1.005599634232836159e+00,-7.958974459194795292e-02,-8.613628250136156073e-01,1.008118559491173238e+00,-1.964331052725984961e+00,3.647762464040875743e-03,-1.531000055839874807e-01,3.399659131544869369e-03,3.276187000555996320e+01,-7.347896115536445727e+00,2.070447653705594959e+01,4.709497352967525252e+00,0.000000000000000000e+00
-1.005077457426934551e+00,-7.900800843791681849e-02,-8.614070730014081745e-01,1.007595556863112973e+00,-1.970166040956920384e+00,3.717974697891996121e-03,-1.473290051252559574e-01,3.398552117153304415e-03,3.275514455590264618e+01,-7.326473565826129075e+00,2.070621584825219585e+01,4.722455141824277725e+00,0.000000000000000000e+00
-1.004584566425652747e+00,-7.845868617703902204e-02,-8.614488612214435959e-01,1.007101840025376838e+00,-1.975591875431902178e+00,3.776638715136299701e-03,-1.419556100297702794e-01,3.397445077830366089e-03,3.274880379160655508e+01,-7.306244978721163186e+00,2.070786510650320267e+01,4.734693706382148370e+00,0.000000000000000000e+00
-1.004122422771112966e+00,-7.794344708619047046e-02,-8.614880570527119197e-01,1.006638870528231422e+00,-1.980608886811256575e+00,3.825374772767567259e-03,-1.369811099551270783e-01,3.396338024522409758e-03,3.274286506954243237e+01,-7.287271781613920751e+00,2.070941797631266823e+01,4.746175311615798087e+00,0.000000000000000000e+00
-1.003692214848295405e+00,-7.746365578941435959e-02,-8.615245511046734084e-01,1.006207836764573704e+00,-1.985219108238934105e+00,3.865627578412933387e-03,-1.324049165242275894e-01,3.395230967869248672e-03,3.273734224253598768e+01,-7.269604181437075319e+00,2.071086904616031532e+01,4.756869014938549967e+00,0.000000000000000000e+00
-1.003294842783645002e+00,-7.702035447645673438e-02,-8.615582586960678357e-01,1.005809638868542910e+00,-1.989426364544230275e+00,3.898674425014525286e-03,-1.282244822582857269e-01,3.394123918212599463e-03,3.273224549874956324e+01,-7.253280511243056061e+00,2.071221391268506551e+01,4.766751074821395484e+00,0.000000000000000000e+00
-1.002930905536500994e+00,-7.661424763895249845e-02,-8.615891211395598770e-01,1.005444875806956961e+00,-1.993236357989525143e+00,3.925635258694304061e-03,-1.244352248969994440e-01,3.393016885604373256e-03,3.272758122660679447e+01,-7.238326669444378858e+00,2.071344925486442179e+01,4.775805302297947641e+00,0.000000000000000000e+00
-1.002600690325855748e+00,-7.624568950723849270e-02,-8.616171068150346724e-01,1.005113834806077522e+00,-1.996656749695806754e+00,3.947484039579716476e-03,-1.210304573338975009e-01,3.391909879814678386e-03,3.272335190625509682e+01,-7.224755658401820213e+00,2.071457289687475978e+01,4.784023350978469757e+00,0.000000000000000000e+00
-1.002304164491090610e+00,-7.591467431810007549e-02,-8.616422120185128763e-01,1.004816483212350953e+00,-1.999697236063387118e+00,3.965060883440114751e-03,-1.180013233373031628e-01,3.390802910339620578e-03,3.271955602813071806e+01,-7.212567227113189539e+00,2.071558385859814777e+01,4.791404942419329238e+00,0.000000000000000000e+00
-1.002040969835183093e+00,-7.562082948324200249e-02,-8.616644615785326033e-01,1.004552462835621496e+00,-2.002369619706315884e+00,3.979084589839760287e-03,-1.153367391441156992e-01,3.389695986408904071e-03,3.271618803870859438e+01,-7.201747620534759697e+00,2.071648239307178585e+01,4.797958025101995538e+00,0.000000000000000000e+00
-1.001810419443203148e+00,-7.536341166092316857e-02,-8.616839092373438369e-01,1.004321086767632876e+00,-2.004687874629581312e+00,3.990165266034751898e-03,-1.130233409065473787e-01,3.388589116993201596e-03,3.271323831298793294e+01,-7.192269435597062888e+00,2.071727001054743056e+01,4.803698866843385318e+00,0.000000000000000000e+00
-1.001611496908542565e+00,-7.514130566017120094e-02,-8.617006378003013722e-01,1.004121338608263470e+00,-2.006668205592740062e+00,3.998816842469331799e-03,-1.110454378440293571e-01,3.387482310811321812e-03,3.271069315268811550e+01,-7.184091581298981843e+00,2.071794948923053425e+01,4.808652082158546115e+00,0.000000000000000000e+00
-1.001442857835230127e+00,-7.495302602959097449e-02,-8.617147590632926457e-01,1.003951873967846131e+00,-2.008329101816628270e+00,4.005469344072229258e-03,-1.093849708078371841e-01,3.386375576337189407e-03,3.270853480851264550e+01,-7.177159337425925933e+00,2.071852487319086933e+01,4.812850597895798721e+00,0.000000000000000000e+00
-1.001302833417856197e+00,-7.479672110235124904e-02,-8.617264135347830756e-01,1.003811024047098099e+00,-2.009691385395871333e+00,4.010480831053261225e-03,-1.080214758094139998e-01,3.385268921806621790e-03,3.270674152418605019e+01,-7.171404503488368221e+00,2.071900145836696794e+01,4.816335562330663400e+00,0.000000000000000000e+00
-1.001189435832010588e+00,-7.467017918675003529e-02,-8.617357699759784495e-01,1.003696801027563978e+00,-2.010778254974276091e+00,4.014148953536585129e-03,-1.069320518996478009e-01,3.384162355223931020e-03,3.270528759928418339e+01,-7.166745626462454943e+00,2.071938576801460030e+01,4.819156204807080179e+00,0.000000000000000000e+00
-1.001100365098560596e+00,-7.457083650896242921e-02,-8.617430247895839779e-01,1.003606904935897770e+00,-2.011615325418680822e+00,4.016722076468369311e-03,-1.060913326199666024e-01,3.383055884368318857e-03,3.270414346716624721e+01,-7.163088292876148344e+00,2.071968551936521763e+01,4.821369654924829717e+00,0.000000000000000000e+00
-1.001033017015232174e+00,-7.449578643207366291e-02,-8.617484012945760830e-01,1.003538731575449594e+00,-2.012230664386162715e+00,4.018409925358904650e-03,-1.054714600809058822e-01,3.381949516800120473e-03,3.270327578357951381e+01,-7.160325467755454198e+00,2.071990958365559621e+01,4.823040732168411893e+00,0.000000000000000000e+00
-1.000984491679214772e+00,-7.444178939386754401e-02,-8.617521489312391925e-01,1.003489381048874307e+00,-2.012654826817853237e+00,4.019393680317014973e-03,-1.050420605623618442e-01,3.380843259866863834e-03,3.270264752074735526e+01,-7.158337859946453108e+00,2.072006794205993074e+01,4.824241718740920781e+00,0.000000000000000000e+00
-1.000951602055042411e+00,-7.440528292529013932e-02,-8.617545424474033489e-01,1.003455666326017681e+00,-2.012920888509371675e+00,4.019835406502253114e-03,-1.047702203736438492e-01,3.379737120709159527e-03,3.270221806096728301e+01,-7.156994290367925338e+00,2.072017164039801784e+01,4.825052130201284761e+00,0.000000000000000000e+00
-1.000930881972591058e+00,-7.438239103177254896e-02,-8.617558811233593241e-01,1.003434121241917554e+00,-2.013064480004677748e+00,4.019886654903812896e-03,-1.046204605604317550e-01,3.378631106266430980e-03,3.270194328293695918e+01,-7.156152036816473938e+00,2.072023274580953967e+01,4.825558500310894061e+00,0.000000000000000000e+00
-1.000918592870140511e+00,-7.436893213996874363e-02,-8.617564880993568988e-01,1.003421007239869933e+00,-2.013123822140205021e+00,4.019696000112952736e-03,-1.045547088984448841e-01,3.377525223282486395e-03,3.270177563318912206e+01,-7.155657126015571912e+00,2.072026430888037396e+01,4.825854198293124675e+00,0.000000000000000000e+00
-1.000910728526110294e+00,-7.436042473167878142e-02,-8.617567098759993938e-01,1.003412318103168888e+00,-2.013139764635433426e+00,4.019415204068964124e-03,-1.045322674666475660e-01,3.376419478310936726e-03,3.270166417414505133e+01,-7.155344540625785399e+00,2.072028033499216448e+01,4.826039298527050825e+00,0.000000000000000000e+00
-1.000903761425573357e+00,-7.435292256624811968e-02,-8.617568516566244119e-01,1.003404526321624468e+00,-2.013148237750752134e+00,4.019175534054866133e-03,-1.045173373074100576e-01,3.375313877720459693e-03,3.270156406288330686e+01,-7.155068973278137179e+00,2.072029316409701849e+01,4.826201925508100565e+00,0.000000000000000000e+00
-1.000896964500700648e+00,-7.434561222650867829e-02,-8.617569764061261406e-01,1.003396904832010605e+00,-2.013156609299892263e+00,4.019002296264680141e-03,-1.045025759476711780e-01,3.374208427699918085e-03,3.270146605838462506e+01,-7.154800472483869633e+00,2.072030534132785462e+01,4.826360244572851066e+00,1.000000000000000000e+00
-1.000890333033531032e+00,-7.433848839547826937e-02,-8.617570845975579541e-01,1.003389448920839255e+00,-2.013164882236572861e+00,4.018893589024371757e-03,-1.044879785655423443e-01,3.373103134263350129e-03,3.270137010220400953e+01,-7.154538842367475837e+00,2.072031688472030098e+01,4.826514375116180311e+00,1.000000000000000000e+00
-1.000883862437123240e+00,-7.433154590365362302e-02,-8.617571766909669639e-01,1.003382154005515448e+00,-2.013173059428542633e+00,4.018847566668514934e-03,-1.044735404801683115e-01,3.371998003254796355e-03,3.270127613752590179e+01,-7.154283892486566820e+00,2.072032781181554029e+01,4.826664433223739614e+00,1.000000000000000000e+00
-1.000877548251914995e+00,-7.432477972492122775e-02,-8.617572531337506225e-01,1.003375015630700640e+00,-2.013181143660017991e+00,4.018862437770342327e-03,-1.044592571475453785e-01,3.370893040353017175e-03,3.270118410911864970e+01,-7.154035437681220522e+00,2.072033813967376403e+01,4.826810531763606527e+00,1.000000000000000000e+00
-1.000871386142185848e+00,-7.431818497258142753e-02,-8.617573143610046671e-01,1.003368029464777988e+00,-2.013189137634055825e+00,4.018936463434070495e-03,-1.044451241564669092e-01,3.369788251076063883e-03,3.270109396329024065e+01,-7.153793297927504291e+00,2.072034788488728196e+01,4.826952780475399329e+00,1.000000000000000000e+00
-1.000865371892616373e+00,-7.431175689548276397e-02,-8.617573607958600723e-01,1.003361191296415322e+00,-2.013197043974861433e+00,4.019067955646953363e-03,-1.044311372245921160e-01,3.368683640785734724e-03,3.270100564784529240e+01,-7.153557298195057257e+00,2.072035706359325147e+01,4.827091286056931274e+00,1.000000000000000000e+00
-1.000859501404943952e+00,-7.430549087426339960e-02,-8.617573928498123426e-01,1.003354497031224257e+00,-2.013204865230033391e+00,4.019255275688718605e-03,-1.044172921946339150e-01,3.367579214691896524e-03,3.270091911204323054e+01,-7.153327268308621534e+00,2.072036569148609431e+01,4.827226152248464963e+00,1.000000000000000000e+00
-1.000853770694710931e+00,-7.429938241769667995e-02,-8.617574109230404789e-01,1.003347942688511907e+00,-2.013212603872749362e+00,4.019496832596065015e-03,-1.044035850306624380e-01,3.366474977856694431e-03,3.270083430655765966e+01,-7.153103042813407697e+00,2.072037378382956163e+01,4.827357479914637928e+00,1.000000000000000000e+00
-1.000848175888103819e+00,-7.429342715913797579e-02,-8.617574154047178414e-01,1.003341524398122298e+00,-2.013220262303889285e+00,4.019791081680072417e-03,-1.043900118145204003e-01,3.365370935198643693e-03,3.270075118343684295e+01,-7.152884460844192382e+00,2.072038135546848281e+01,4.827485367124117133e+00,1.000000000000000000e+00
-1.000842713218880187e+00,-7.428762085307002994e-02,-8.617574066733145743e-01,1.003335238397366158e+00,-2.013227842854103056e+00,4.020136523094441569e-03,-1.043765687423466176e-01,3.364267091496603475e-03,3.270066969606534713e+01,-7.152671365998047648e+00,2.072038842084018739e+01,4.827609909227057017e+00,1.000000000000000000e+00
-1.000837379025380391e+00,-7.428195937174399133e-02,-8.617573850968912597e-01,1.003329081028036418e+00,-2.013235347785820473e+00,4.020531700452558733e-03,-1.043632521212046471e-01,3.363163451393649632e-03,3.270058979912669628e+01,-7.152463606210591962e+00,2.072039499398563578e+01,4.827731198930409029e+00,1.000000000000000000e+00
-1.000832169747622791e+00,-7.427643870191359687e-02,-8.617573510333853548e-01,1.003323048733505640e+00,-2.013242779295206564e+00,4.020975199491523544e-03,-1.043500583658127506e-01,3.362060019400830383e-03,3.270051144856711289e+01,-7.152261033635674892e+00,2.072040108856023366e+01,4.827849326371149274e+00,1.000000000000000000e+00
-1.000827081924479778e+00,-7.427105494165980870e-02,-8.617573048308884154e-01,1.003317138055904945e+00,-2.013250139514061399e+00,4.021465646781307440e-03,-1.043369839953724731e-01,3.360956799900824410e-03,3.270043460156028203e+01,-7.152063504528396898e+00,2.072040671784435517e+01,4.827964379187476673e+00,1.000000000000000000e+00
-1.000822112190932200e+00,-7.426580429730351984e-02,-8.617572468279174336e-01,1.003311345633380647e+00,-2.013257430511669277e+00,4.022001708477306210e-03,-1.043240256304924785e-01,3.359853797151498341e-03,3.270035921647306765e+01,-7.151870879131369207e+00,2.072041189475359602e+01,4.828076442588048245e+00,1.000000000000000000e+00
-1.000817257275399941e+00,-7.426068308040380261e-02,-8.617571773536772950e-01,1.003305668197428169e+00,-2.013264654296595957e+00,4.022582089114661204e-03,-1.043111799902048109e-01,3.358751015289355383e-03,3.270028525283220944e+01,-7.151683021564129383e+00,2.072041663184873528e+01,4.828185599419290597e+00,1.000000000000000000e+00
-1.000812513997146436e+00,-7.425568770483934045e-02,-8.617570967283169070e-01,1.003300102570298558e+00,-2.013271812818436146e+00,4.023205530442721181e-03,-1.042984438890705162e-01,3.357648458332909789e-03,3.270021267129196474e+01,-7.151499799715618444e+00,2.072042094134544143e+01,4.828291930230850681e+00,1.000000000000000000e+00
-1.000807879263756472e+00,-7.425081468397080886e-02,-8.617570052631776667e-01,1.003294645662478501e+00,-2.013278907969512588e+00,4.023870810298194566e-03,-1.042858142343721095e-01,3.356546130185940335e-03,3.270014143360263148e+01,-7.151321085139644929e+00,2.072042483512369415e+01,4.828395513339238221e+00,1.000000000000000000e+00
-1.000803350068682152e+00,-7.424606062788186023e-02,-8.617569032610358226e-01,1.003289294470239179e+00,-2.013285941586527183e+00,4.024576741515479422e-03,-1.042732880233899762e-01,3.355444034640676573e-03,3.270007150257996642e+01,-7.151146752953239982e+00,2.072042832473697160e+01,4.828496424889700656e+00,1.000000000000000000e+00
-1.000798923488858794e+00,-7.424142224069663065e-02,-8.617567910163377309e-01,1.003284046073254387e+00,-2.013292915452166376e+00,4.025322170872826753e-03,-1.042608623407601520e-01,3.354342175380887504e-03,3.270000284207547026e+01,-7.150976681737832408e+00,2.072043142142118910e+01,4.828594738916392792e+00,1.000000000000000000e+00
-1.000794596682386350e+00,-7.423689631797159016e-02,-8.617566688154283394e-01,1.003278897632283950e+00,-2.013299831296663012e+00,4.026105978072985758e-03,-1.042485343559111655e-01,3.353240555984880918e-03,3.269993541694746852e+01,-7.150810753443168188e+00,2.072043413610337126e+01,4.828690527400871346e+00,1.000000000000000000e+00
-1.000790366886274985e+00,-7.423247974415971007e-02,-8.617565369367744532e-01,1.003273846386921520e+00,-2.013306690799311571e+00,4.026927074757100274e-03,-1.042363013205770961e-01,3.352139179928429000e-03,3.269986919303303807e+01,-7.150648853293885665e+00,2.072043647941011812e+01,4.828783860328979216e+00,1.000000000000000000e+00
-1.000786231414253713e+00,-7.422816949014486576e-02,-8.617563956511808954e-01,1.003268889653405438e+00,-2.013313495589943436e+00,4.027784403550569228e-03,-1.042241605663850046e-01,3.351038050587605913e-03,3.269980413712071510e+01,-7.150490869698686858e+00,2.072043846167582259e+01,4.828874805746149690e+00,1.000000000000000000e+00
-1.000782187654640110e+00,-7.422396261084474034e-02,-8.617562452220008939e-01,1.003264024822490441e+00,-2.013320247250360406e+00,4.028676937139800789e-03,-1.042121095025140415e-01,3.349937171241550334e-03,3.269974021692393507e+01,-7.150336694162025886e+00,2.072044009295067823e+01,4.828963429811179431e+00,1.000000000000000000e+00
-1.000778233068268408e+00,-7.421985624287998073e-02,-8.617560859053412514e-01,1.003259249357377536e+00,-2.013326947315726034e+00,4.029603677378644153e-03,-1.042001456134242360e-01,3.348836545075150814e-03,3.269967740105526133e+01,-7.150186221198242542e+00,2.072044138300845262e+01,4.829049796848515541e+00,1.000000000000000000e+00
-1.000774365186475778e+00,-7.421584760230816313e-02,-8.617559179502612965e-01,1.003254560791702943e+00,-2.013333597275919207e+00,4.030563654423506732e-03,-1.041882664566528005e-01,3.347736175181652198e-03,3.269961565900128875e+01,-7.150039348248081517e+00,2.072044234135406882e+01,4.829133969399090454e+00,1.000000000000000000e+00
-1.000770581609144561e+00,-7.421193398242045824e-02,-8.617557415989666181e-01,1.003249956727581438e+00,-2.013340198576850426e+00,4.031555925896070786e-03,-1.041764696606758134e-01,3.346636064565196127e-03,3.269955496109828630e+01,-7.149895975597520881e+00,2.072044297723096662e+01,4.829216008269754390e+00,1.000000000000000000e+00
-1.000766880002798453e+00,-7.420811275159945597e-02,-8.617555570869975812e-01,1.003245434833704763e+00,-2.013346752621738123e+00,4.032579576072689229e-03,-1.041647529228334756e-01,3.345536216143294751e-03,3.269949527850850046e+01,-7.149756006298857436e+00,2.072044329962826836e+01,4.829295972581334695e+00,1.000000000000000000e+00
-1.000763258098752440e+00,-7.420438135123634538e-02,-8.617553646434122916e-01,1.003240992843492885e+00,-2.013353260772351216e+00,4.033633715099441477e-03,-1.041531140073167355e-01,3.344436632749221618e-03,3.269943658319712654e+01,-7.149619346093974315e+00,2.072044331728774935e+01,4.829373919815365568e+00,1.000000000000000000e+00
-1.000759713691312669e+00,-7.420073729370586790e-02,-8.617551644909650088e-01,1.003236628553296539e+00,-2.013359724350216151e+00,4.034717478232002774e-03,-1.041415507432136428e-01,3.343337317134349642e-03,3.269937884790992655e+01,-7.149485903339739323e+00,2.072044303871062354e+01,4.829449905859522829e+00,1.000000000000000000e+00
-1.000756244636027636e+00,-7.419717816039739233e-02,-8.617549568462793408e-01,1.003232339820649299e+00,-2.013366144637787958e+00,4.035830025099428411e-03,-1.041300610226134488e-01,3.342238271970417087e-03,3.269932204615145110e+01,-7.149355588935470962e+00,2.072044247216413737e+01,4.829523985051803692e+00,1.000000000000000000e+00
-1.000752848847987986e+00,-7.419370159980059887e-02,-8.617547419200168868e-01,1.003228124562568935e+00,-2.013372522879589788e+00,4.036970538991029728e-03,-1.041186427987669111e-01,3.341139499851736739e-03,3.269926615216391497e+01,-7.149228316252417059e+00,2.072044162568798242e+01,4.829596210223478181e+00,1.000000000000000000e+00
-1.000749524300172055e+00,-7.419030532564425962e-02,-8.617545199170409953e-01,1.003223980753905398e+00,-2.013378860283319582e+00,4.038138226165526555e-03,-1.041072940843008332e-01,3.340041003297338721e-03,3.269921114090661973e+01,-7.149104001065184733e+00,2.072044050710054108e+01,4.829666632740853061e+00,1.000000000000000000e+00
-1.000746269021839385e+00,-7.418698711508661670e-02,-8.617542910365763031e-01,1.003219906425734997e+00,-2.013385158020924770e+00,4.039332315181718910e-03,-1.040960129494854364e-01,3.338942784753056066e-03,3.269915698803596626e+01,-7.148982561485079046e+00,2.072043912400496168e+01,4.829735302545881126e+00,1.000000000000000000e+00
-1.000743081096967080e+00,-7.418374480695591466e-02,-8.617540554723638335e-01,1.003215899663798760e+00,-2.013391417229646319e+00,4.040552056249939808e-03,-1.040847975205528436e-01,3.337844846593553041e-03,3.269910366988602846e+01,-7.148863917895282860e+00,2.072043748379505956e+01,4.829802268195640735e+00,1.000000000000000000e+00
-1.000739958662730578e+00,-7.418057630003974112e-02,-8.617538134128114313e-01,1.003211958606984533e+00,-2.013397639013033480e+00,4.041796720603553668e-03,-1.040736459780650797e-01,3.336747191124293192e-03,3.269905116344967411e+01,-7.148747992887837910e+00,2.072043559366106180e+01,4.829867576900726434e+00,1.000000000000000000e+00
-1.000736899908026833e+00,-7.417747955142182936e-02,-8.617535650411406456e-01,1.003208081445851496e+00,-2.013403824441928780e+00,4.043065599889849801e-03,-1.040625565553302823e-01,3.335649820583462283e-03,3.269899944636019740e+01,-7.148634711202372927e+00,2.072043346059520275e+01,4.829931274562572874e+00,1.000000000000000000e+00
-1.000733903072037467e+00,-7.417445257486494914e-02,-8.617533105355297263e-01,1.003204266421195090e+00,-2.013409974555425919e+00,4.044358005579656162e-03,-1.040515275368655707e-01,3.334552737143827925e-03,3.269894849687347715e+01,-7.148523999666530848e+00,2.072043109139714900e+01,4.829993405809744900e+00,1.000000000000000000e+00
-1.000730966442832770e+00,-7.417149343923863658e-02,-8.617530500692515139e-01,1.003200511822651686e+00,-2.013416090361798805e+00,4.045673268395052341e-03,-1.040405572569050585e-01,3.333455942914554087e-03,3.269889829385062541e+01,-7.148415787138049815e+00,2.072042849267929654e+01,4.830054014033224874e+00,1.000000000000000000e+00
-1.000728088356014345e+00,-7.416860026699054198e-02,-8.617527838108088867e-01,1.003196815987343227e+00,-2.013422172839404389e+00,4.047010737754534737e-03,-1.040296440979518039e-01,3.332359439942958815e-03,3.269884881674112620e+01,-7.148310004448444666e+00,2.072042567087190790e+01,4.830113141420721234e+00,1.000000000000000000e+00
-1.000725267193394830e+00,-7.416577123266018812e-02,-8.617525119240658782e-01,1.003193177298557837e+00,-2.013428222937560186e+00,4.048369781235126516e-03,-1.040187864893723918e-01,3.331263230216233336e-03,3.269880004556645048e+01,-7.148206584348256953e+00,2.072042263222811798e+01,4.830170828990024923e+00,1.000000000000000000e+00
-1.000722501381714924e+00,-7.416300456143390396e-02,-8.617522345683751306e-01,1.003189594184468181e+00,-2.013434241577396477e+00,4.049749784050784424e-03,-1.040079829060328170e-01,3.330167315663105660e-03,3.269875196090411151e+01,-7.148105461453820197e+00,2.072041938282879769e+01,4.830227116621442107e+00,1.000000000000000000e+00
-1.000719789391396164e+00,-7.416029852773986519e-02,-8.617519518987019067e-01,1.003186065116885350e+00,-2.013440229652682767e+00,4.051150148546632350e-03,-1.039972318669742934e-01,3.329071698155458212e-03,3.269870454387216796e+01,-7.148006572195501285e+00,2.072041592858728976e+01,4.830282043089328958e+00,1.000000000000000000e+00
-1.000717129735327227e+00,-7.415765145388206192e-02,-8.617516640657449933e-01,1.003182588610046722e+00,-2.013446188030631578e+00,4.052570293708442246e-03,-1.039865319341281430e-01,3.327976379509906858e-03,3.269865777611418878e+01,-7.147909854767378945e+00,2.072041227525400586e+01,4.830335646092754232e+00,1.000000000000000000e+00
-1.000714520967685539e+00,-7.415506170871223601e-02,-8.617513712160538297e-01,1.003179163219438230e+00,-2.013452117552679610e+00,4.054009654686907896e-03,-1.039758817110682104e-01,3.326881361489325735e-03,3.269861163978458052e+01,-7.147815249078315780e+00,2.072040842842091024e+01,4.830387962285308312e+00,1.000000000000000000e+00
-1.000711961682790196e+00,-7.415252770633849744e-02,-8.617510734921427495e-01,1.003175787540648844e+00,-2.013458019035243574e+00,4.055467682336192856e-03,-1.039652798417999569e-01,3.325786645804345177e-03,3.269856611753439779e+01,-7.147722696704388312e+00,2.072040439352587171e+01,4.830439027304090693e+00,1.000000000000000000e+00
-1.000709450513987964e+00,-7.415004790486995345e-02,-8.617507710326018922e-01,1.003172460208256789e+00,-2.013463893270457827e+00,4.056943842766312820e-03,-1.039547250095850112e-01,3.324692234114794576e-03,3.269852119249748057e+01,-7.147632140842636872e+00,2.072040017585690208e+01,4.830488875797890103e+00,1.000000000000000000e+00
-1.000706986132569032e+00,-7.414762080519594900e-02,-8.617504639722053383e-01,1.003169179894747520e+00,-2.013469741026888471e+00,4.058437616908884896e-03,-1.039442159358002077e-01,3.323598128031104038e-03,3.269847684827701073e+01,-7.147543526266098013e+00,2.072039578055627373e+01,4.830537541454586581e+00,1.000000000000000000e+00
-1.000704567246713861e+00,-7.414524494979934932e-02,-8.617501524420158043e-01,1.003165945309460794e+00,-2.013475563050227013e+00,4.059948500095827452e-03,-1.039337513788299444e-01,3.322504329115685221e-03,3.269843306893245227e+01,-7.147456799280083040e+00,2.072039121262452710e+01,4.830585057027792395e+00,1.000000000000000000e+00
-1.000702192600468665e+00,-7.414291892160260189e-02,-8.617498365694868934e-01,1.003162755197567257e+00,-2.013481360063964054e+00,4.061476001650576005e-03,-1.039233301329910431e-01,3.321410838884255364e-03,3.269838983896683970e+01,-7.147371907679668901e+00,2.072038647692436797e+01,4.830631454362756649e+00,1.000000000000000000e+00
-1.000699860972749322e+00,-7.414064134284588381e-02,-8.617495164785623496e-01,1.003159608339073694e+00,-2.013487132770043431e+00,4.063019644491439562e-03,-1.039129510274890283e-01,3.320317658807129656e-03,3.269834714331442171e+01,-7.147288800708372136e+00,2.072038157818445470e+01,4.830676764421549585e+00,1.000000000000000000e+00
-1.000697571176373701e+00,-7.413841087399630769e-02,-8.617491922897725365e-01,1.003156503547855793e+00,-2.013492881849498595e+00,4.064578964746669819e-03,-1.039026129254049385e-01,3.319224790310481947e-03,3.269830496732865299e+01,-7.147207429017964131e+00,2.072037652100309657e+01,4.830721017307551435e+00,1.000000000000000000e+00
-1.000695322057119752e+00,-7.413622621268742274e-02,-8.617488641203284727e-01,1.003153439670717573e+00,-2.013498607963068565e+00,4.066153511380914479e-03,-1.038923147227116955e-01,3.318132234777568159e-03,3.269826329677052712e+01,-7.147127744629401036e+00,2.072037130985182429e+01,4.830764242289260046e+00,1.000000000000000000e+00
-1.000693112492810677e+00,-7.413408609268810900e-02,-8.617485320842133145e-01,1.003150415586477218e+00,-2.013504311751796116e+00,4.067742845832677395e-03,-1.038820553473193548e-01,3.317039993549913707e-03,3.269822211779720789e+01,-7.147049700894843483e+00,2.072036594907888585e+01,4.830806467823440364e+00,1.000000000000000000e+00
-1.000690941392425426e+00,-7.413198928290012923e-02,-8.617481962922703964e-01,1.003147430205078017e+00,-2.013509993837610867e+00,4.069346541662410832e-03,-1.038718337581481105e-01,3.315948067928474029e-03,3.269818141695103009e+01,-7.146973252460721682e+00,2.072036044291263934e+01,4.830847721577631759e+00,1.000000000000000000e+00
-1.000688807695232718e+00,-7.412993458638332533e-02,-8.617478568522907167e-01,1.003144482466724607e+00,-2.013515654823892831e+00,4.070964184210950146e-03,-1.038616489442284324e-01,3.314856459174753481e-03,3.269814118114874901e+01,-7.146898355231829925e+00,2.072035479546484638e+01,4.830888030452032744e+00,1.000000000000000000e+00
-1.000686710369951049e+00,-7.412792083940807075e-02,-8.617475138690959824e-01,1.003141571341041871e+00,-2.013521295296020419e+00,4.072595370267937005e-03,-1.038514999238274311e-01,3.313765168511903416e-03,3.269810139767112389e+01,-7.146824966336416729e+00,2.072034901073388724e+01,4.830927420600776401e+00,1.000000000000000000e+00
-1.000684648413930455e+00,-7.412594691053384088e-02,-8.617471674446207652e-01,1.003138695826258919e+00,-2.013526915821903351e+00,4.074239707749921502e-03,-1.038413857436007448e-01,3.312674197125782972e-03,3.269806205415277844e+01,-7.146753044092241325e+00,2.072034309260788021e+01,4.830965917452617830e+00,1.000000000000000000e+00
-1.000682620852357374e+00,-7.412401169971340187e-02,-8.617468176779919942e-01,1.003135854948414618e+00,-2.013532516952498685e+00,4.075896815387866461e-03,-1.038313054777691424e-01,3.311583546165992528e-03,3.269802313857236697e+01,-7.146682547973573385e+00,2.072033704486770489e+01,4.831003545731049620e+00,1.000000000000000000e+00
-1.000680626737482370e+00,-7.412211413742188226e-02,-8.617464646656057825e-01,1.003133047760584873e+00,-2.013538099222312638e+00,4.077566322423713946e-03,-1.038212582273191492e-01,3.310493216746879415e-03,3.269798463924297494e+01,-7.146613438579106692e+00,2.072033087118997230e+01,4.831040329473856865e+00,1.000000000000000000e+00
-1.000678665147867852e+00,-7.412025318380988104e-02,-8.617461085012031452e-01,1.003130273342132783e+00,-2.013543663149887308e+00,4.079247868315797991e-03,-1.038112431192269591e-01,3.309403209948516729e-03,3.269794654480281082e+01,-7.146545677600764535e+00,2.072032457514987769e+01,4.831076292052131294e+00,1.000000000000000000e+00
-1.000676735187658206e+00,-7.411842782788025108e-02,-8.617457492759426074e-01,1.003127530797978118e+00,-2.013549209238273185e+00,4.080941102452755737e-03,-1.038012593057049265e-01,3.308313526817649192e-03,3.269790884420616806e+01,-7.146479227793368416e+00,2.072031816022400719e+01,4.831111456188759590e+00,1.000000000000000000e+00
-1.000674835985869260e+00,-7.411663708668754513e-02,-8.617453870784714809e-01,1.003124819257888101e+00,-2.013554737975488784e+00,4.082645683875743559e-03,-1.037913059634701790e-01,3.307224168368621663e-03,3.269787152671462138e+01,-7.146414052945150530e+00,2.072031162979304142e+01,4.831145843976397458e+00,1.000000000000000000e+00
-1.000672966695697497e+00,-7.411488000455977720e-02,-8.617450219949948087e-01,1.003122137875787079e+00,-2.013560249834965177e+00,4.084361281008662414e-03,-1.037813822930341717e-01,3.306135135584273819e-03,3.269783458188845771e+01,-7.146350117849080696e+00,2.072030498714440228e+01,4.831179476894945424e+00,1.000000000000000000e+00
-1.000671126493849039e+00,-7.411315565234168068e-02,-8.617446541093426449e-01,1.003119485829086610e+00,-2.013565745275978536e+00,4.086087571396166893e-03,-1.037714875180133500e-01,3.305046429416817928e-03,3.269779799957838406e+01,-7.146287388274993546e+00,2.072029823547482152e+01,4.831212375828542349e+00,1.000000000000000000e+00
-1.000669314579886837e+00,-7.411146312665908842e-02,-8.617442835030356685e-01,1.003116862318032432e+00,-2.013571224744071131e+00,4.087824241449209035e-03,-1.037616208844595739e-01,3.303958050788680621e-03,3.269776176991742744e+01,-7.146225830942483981e+00,2.072029137789283482e+01,4.831244561082085553e+00,1.000000000000000000e+00
-1.000667530175595843e+00,-7.410980154920360219e-02,-8.617439102553482444e-01,1.003114266565070745e+00,-2.013576688671456782e+00,4.089570986197894019e-03,-1.037517816602101517e-01,3.302870000593335128e-03,3.269772588331308327e+01,-7.146165413494557583e+00,2.072028441742121174e+01,4.831276052397293519e+00,1.000000000000000000e+00
-1.000665772524365948e+00,-7.410817006603713508e-02,-8.617435344433705957e-01,1.003111697814232262e+00,-2.013582137477418321e+00,4.091327509051428252e-03,-1.037419691342567202e-01,3.301782279696103151e-03,3.269769033043966999e+01,-7.146106104472011111e+00,2.072027735699931483e+01,4.831306868968323620e+00,1.000000000000000000e+00
-1.000664040890592466e+00,-7.410656784691575794e-02,-8.617431561420688668e-01,1.003109155330532243e+00,-2.013587571568689505e+00,4.093093521564941314e-03,-1.037321826161325261e-01,3.300694888934934193e-03,3.269765510223091098e+01,-7.146047873288521757e+00,2.072027019948540882e+01,4.831337029456958199e+00,1.000000000000000000e+00
-1.000662334559092592e+00,-7.410499408463233628e-02,-8.617427754243432991e-01,1.003106638399388295e+00,-2.013592991339829830e+00,4.094868743212964901e-03,-1.037224214353174995e-01,3.299607829121163627e-03,3.269762018987270125e+01,-7.145990690206432738e+00,2.072026294765888110e+01,4.831366552007366089e+00,1.000000000000000000e+00
-1.000660652834538755e+00,-7.410344799437730556e-02,-8.617423923610856296e-01,1.003104146326053714e+00,-2.013598397173584242e+00,4.096652901169410901e-03,-1.037126849406606460e-01,3.298521101040251258e-03,3.269758558479610144e+01,-7.145934526313204138e+00,2.072025560422241952e+01,4.831395454260457356e+00,1.000000000000000000e+00
-1.000658995040906829e+00,-7.410192881311729318e-02,-8.617420070212339356e-01,1.003101678435066813e+00,-2.013603789441235303e+00,4.098445730093776274e-03,-1.037029724998191488e-01,3.297434705452502533e-03,3.269755127867050959e+01,-7.145879353498520992e+00,2.072024817180412626e+01,4.831423753367842799e+00,1.000000000000000000e+00
-1.000657360520940564e+00,-7.410043579899090738e-02,-8.617416194718263700e-01,1.003099234069715573e+00,-2.013609168502943358e+00,4.100246971923478430e-03,-1.036932834987138452e-01,3.296348643093760696e-03,3.269751726339703168e+01,-7.145825144432036424e+00,2.072024065295957485e+01,4.831451466005399986e+00,1.000000000000000000e+00
-1.000655748635630449e+00,-7.409896823072131822e-02,-8.617412297780536745e-01,1.003096812591516729e+00,-2.013614534708078274e+00,4.102056375672067864e-03,-1.036836173410005113e-01,3.295262914676089835e-03,3.269748353110202288e+01,-7.145771872541729408e+00,2.072023305017380324e+01,4.831478608386468032e+00,1.000000000000000000e+00
-1.000654158763706780e+00,-7.409752540704510337e-02,-8.617408380033101389e-01,1.003094413379709948e+00,-2.013619888395539625e+00,4.103873697233177513e-03,-1.036739734475564667e-01,3.294177520888429741e-03,3.269745007413082050e+01,-7.145719511992866479e+00,2.072022536586326069e+01,4.831505196274673786e+00,1.000000000000000000e+00
-1.000652590301147615e+00,-7.409610664615691455e-02,-8.617404442092426731e-01,1.003092035830765782e+00,-2.013625229894068003e+00,4.105698699190042308e-03,-1.036643512559820568e-01,3.293092462397240357e-03,3.269741688504166888e+01,-7.145668037667543437e+00,2.072021760237769783e+01,4.831531244996407182e+00,1.000000000000000000e+00
-1.000651042660699597e+00,-7.409471128516971483e-02,-8.617400484557991014e-01,1.003089679357906938e+00,-2.013630559522547880e+00,4.107531150630393778e-03,-1.036547502201167065e-01,3.292007739847124977e-03,3.269738395659976504e+01,-7.145617425144799029e+00,2.072020976200199982e+01,4.831556769452943101e+00,1.000000000000000000e+00
-1.000649515271412326e+00,-7.409333867958976805e-02,-8.617396508012749035e-01,1.003087343390643538e+00,-2.013635877590301160e+00,4.109370826966605647e-03,-1.036451698095689072e-01,3.290923353861438701e-03,3.269735128177151751e+01,-7.145567650681274863e+00,2.072020184695798761e+01,4.831581784132232826e+00,1.000000000000000000e+00
-1.000648007578186061e+00,-7.409198820280626929e-02,-8.617392513023589551e-01,1.003085027374320592e+00,-2.013641184397371386e+00,4.111217509760908308e-03,-1.036356095092599849e-01,3.289839305042874772e-03,3.269731885371894720e+01,-7.145518691192416227e+00,2.072019385940613745e+01,4.831606303120369539e+00,1.000000000000000000e+00
-1.000646519041330951e+00,-7.409065924559526950e-02,-8.617388500141771601e-01,1.003082730769678577e+00,-2.013646480234801306e+00,4.113070986555539439e-03,-1.036260688189809126e-01,3.288755593974034431e-03,3.269728666579423759e+01,-7.145470524234194265e+00,2.072018580144728617e+01,4.831630340112728739e+00,1.000000000000000000e+00
-1.000645049136139830e+00,-7.408935121563717252e-02,-8.617384469903360822e-01,1.003080453052425769e+00,-2.013651765384899761e+00,4.114931050707692009e-03,-1.036165472529621406e-01,3.287672221217992873e-03,3.269725471153444118e+01,-7.145423127985330858e+00,2.072017767512426900e+01,4.831653908424809352e+00,1.000000000000000000e+00
-1.000643597352471881e+00,-7.408806353704766590e-02,-8.617380422829644671e-01,1.003078193712823030e+00,-2.013657040121503261e+00,4.116797501229091383e-03,-1.036070443394558338e-01,3.286589187318836574e-03,3.269722298465634225e+01,-7.145376481230022669e+00,2.072016948242352186e+01,4.831677021002764860e+00,1.000000000000000000e+00
-1.000642163194348511e+00,-7.408679564992179389e-02,-8.617376359427538768e-01,1.003075952255279235e+00,-2.013662304710227779e+00,4.118670142630098327e-03,-1.035975596203302235e-01,3.285506492802190218e-03,3.269719147905144752e+01,-7.145330563341139474e+00,2.072016122527662674e+01,4.831699690433649330e+00,1.000000000000000000e+00
-1.000640746179559892e+00,-7.408554700989049280e-02,-8.617372280189983247e-01,1.003073728197958925e+00,-2.013667559408714336e+00,4.120548784768172240e-03,-1.035880926506757005e-01,3.284424138175727568e-03,3.269716018878114028e+01,-7.145285354263891442e+00,2.072015290556183942e+01,4.831721928955377443e+00,1.000000000000000000e+00
-1.000639345839282823e+00,-7.408431708768954682e-02,-8.617368185596328001e-01,1.003071521072399941e+00,-2.013672804466866584e+00,4.122433242700614814e-03,-1.035786429984224127e-01,3.283342123929671938e-03,3.269712910807193396e+01,-7.145240834499948512e+00,2.072014452510554250e+01,4.831743748466406529e+00,1.000000000000000000e+00
-1.000637961717708579e+00,-7.408310536874050667e-02,-8.617364076112706828e-01,1.003069330423142835e+00,-2.013678040127082625e+00,4.124323336541410243e-03,-1.035692102439688539e-01,3.282260450537281913e-03,3.269709823131088200e+01,-7.145196985092001185e+00,2.072013608568369136e+01,4.831765160535151260e+00,1.000000000000000000e+00
-1.000636593371682537e+00,-7.408191135274312666e-02,-8.617359952192400474e-01,1.003067155807368938e+00,-2.013683266624478385e+00,4.126218891322100402e-03,-1.035597939798212352e-01,3.281179118455317990e-03,3.269706755304111567e+01,-7.145153787608747642e+00,2.072012758902319263e+01,4.831786176409138989e+00,1.000000000000000000e+00
-1.000635240370351786e+00,-7.408073455327926493e-02,-8.617355814276190795e-01,1.003064996794549968e+00,-2.013688484187104777e+00,4.128119736856534529e-03,-1.035503938102433352e-01,3.280098128124502715e-03,3.269703706795750264e+01,-7.145111224130300087e+00,2.072011903680326128e+01,4.831806807023908412e+00,1.000000000000000000e+00
-1.000633902294824074e+00,-7.407957449742762213e-02,-8.617351662792704925e-01,1.003062852966106755e+00,-2.013693693036159971e+00,4.130025707609411012e-03,-1.035410093509165214e-01,3.279017479969965638e-03,3.269700677090242635e+01,-7.145069277233994320e+00,2.072011043065673874e+01,4.831827063011661316e+00,1.000000000000000000e+00
-1.000632578737836065e+00,-7.407843072538927709e-02,-8.617347498158750563e-01,1.003060723915077279e+00,-2.013698893386192790e+00,4.131936642568483781e-03,-1.035316402286094728e-01,3.277937174401677860e-03,3.269697665686166488e+01,-7.145027929980591885e+00,2.072010177217136473e+01,4.831846954709679842e+00,1.000000000000000000e+00
-1.000631269303429827e+00,-7.407730279012357533e-02,-8.617343320779639049e-01,1.003058609245794264e+00,-2.013704085445302105e+00,4.133852385120336155e-03,-1.035222860808576728e-01,3.276857211814870972e-03,3.269694672096042609e+01,-7.144987165900868575e+00,2.072009306289102426e+01,4.831866492168502170e+00,1.000000000000000000e+00
-1.000629973606639300e+00,-7.407619025699407889e-02,-8.617339131049505108e-01,1.003056508573571648e+00,-2.013709269415330017e+00,4.135772782929615470e-03,-1.035129465556520467e-01,3.275777592590447748e-03,3.269691695845944679e+01,-7.144946968982571534e+00,2.072008430431696269e+01,4.831885685159878818e+00,1.000000000000000000e+00
-1.000628691273184989e+00,-7.407509270342441110e-02,-8.617334929351612161e-01,1.003054421524399720e+00,-2.013714445492048366e+00,4.137697687821636529e-03,-1.035036213111366343e-01,3.274698317095377231e-03,3.269688736475122681e+01,-7.144907323657739617e+00,2.072007549790895453e+01,4.831904543184502465e+00,1.000000000000000000e+00
-1.000627421939177086e+00,-7.407400971856357985e-02,-8.617330716058654305e-01,1.003052347734648242e+00,-2.013719613865340374e+00,4.139626955668250681e-03,-1.034943100153150469e-01,3.273619385683085910e-03,3.269685793535638396e+01,-7.144868214790375482e+00,2.072006664508644747e+01,4.831923075479528151e+00,1.000000000000000000e+00
-1.000626165250827704e+00,-7.407294090296066835e-02,-8.617326491533041644e-01,1.003050286850778683e+00,-2.013724774719376942e+00,4.141560446276875557e-03,-1.034850123457654036e-01,3.272540798693829387e-03,3.269682866592005155e+01,-7.144829627664460503e+00,2.072005774722967431e+01,4.831941291025882990e+00,1.000000000000000000e+00
-1.000624920864169320e+00,-7.407188586824851873e-02,-8.617322256127190050e-01,1.003048238529064218e+00,-2.013729928232788069e+00,4.143498023282635168e-03,-1.034757279893635806e-01,3.271462556455061871e-03,3.269679955220844647e+01,-7.144791547972301871e+00,2.072004880568074370e+01,4.831959198555369817e+00,1.000000000000000000e+00
-1.000623688444783221e+00,-7.407084423683606145e-02,-8.617318010183793175e-01,1.003046202435316614e+00,-2.013735074578828055e+00,4.145439554043469851e-03,-1.034664566420143150e-01,3.270384659281790497e-03,3.269677059010548703e+01,-7.144753961803199438e+00,2.072003982174467396e+01,4.831976806557581661e+00,1.000000000000000000e+00
-1.000622467667533488e+00,-7.406981564160947107e-02,-8.617313754036090012e-01,1.003044178244622220e+00,-2.013740213925536704e+00,4.147384909538168359e-03,-1.034571980083902470e-01,3.269307107476920535e-03,3.269674177560951733e+01,-7.144716855632433195e+00,2.072003079669043757e+01,4.831994123286616372e+00,1.000000000000000000e+00
-1.000621258216309872e+00,-7.406879972564126002e-02,-8.617309488008125795e-01,1.003042165641083949e+00,-2.013745346435896089e+00,4.149333964267214528e-03,-1.034479518016784838e-01,3.268229901331591494e-03,3.269671310483013116e+01,-7.144680216310551835e+00,2.072002173175193818e+01,4.832011156767610949e+00,1.000000000000000000e+00
-1.000620059783776883e+00,-7.406779614190772687e-02,-8.617305212415006244e-01,1.003040164317570815e+00,-2.013750472267980651e+00,4.151286596156417326e-03,-1.034387177433343935e-01,3.267153041125504982e-03,3.269668457398506689e+01,-7.144644031052960642e+00,2.072001262812898403e+01,4.832027914803090241e+00,1.000000000000000000e+00
-1.000618872071130427e+00,-7.406680455301417609e-02,-8.617300927563139590e-01,1.003038173975475011e+00,-2.013755591575105974e+00,4.153242686463155114e-03,-1.034294955628426854e-01,3.266076527127244333e-03,3.269665617939720192e+01,-7.144608287429796256e+00,2.072000348698823302e+01,4.832044404979142449e+00,1.000000000000000000e+00
-1.000617694787860446e+00,-7.406582463092763191e-02,-8.617296633750481938e-01,1.003036194324474994e+00,-2.013760704505970001e+00,4.155202119685252361e-03,-1.034202849974852900e-01,3.265000359594579481e-03,3.269662791749163944e+01,-7.144572973356084766e+00,2.071999430946409859e+01,4.832060634671423216e+00,1.000000000000000000e+00
-1.000616527651520871e+00,-7.406485605671710160e-02,-8.617292331266764860e-01,1.003034225082305442e+00,-2.013765811204792922e+00,4.157164783472357822e-03,-1.034110857921158727e-01,3.263924538774768801e-03,3.269659978479284490e+01,-7.144538077082170702e+00,2.071998509665964505e+01,4.832076611050991843e+00,1.000000000000000000e+00
-1.000615370387506253e+00,-7.406389852030099974e-02,-8.617288020393726322e-01,1.003032265974533654e+00,-2.013770911811449960e+00,4.159130568539798171e-03,-1.034018976989411892e-01,3.262849064904854886e-03,3.269657177792188918e+01,-7.144503587184413362e+00,2.071997584964745442e+01,4.832092341089986753e+00,1.000000000000000000e+00
-1.000614222728833269e+00,-7.406295172020166406e-02,-8.617283701405326068e-01,1.003030316734341953e+00,-2.013776006461602819e+00,4.161099368584770912e-03,-1.033927204773083808e-01,3.261773938211943395e-03,3.269654389359377689e+01,-7.144469492556140722e+00,2.071996656947046134e+01,4.832107831567141076e+00,1.000000000000000000e+00
-1.000613084415929777e+00,-7.406201536330644930e-02,-8.617279374567963224e-01,1.003028377102316293e+00,-2.013781095286826250e+00,4.163071080204876553e-03,-1.033835538934985976e-01,3.260699158913480614e-03,3.269651612861481027e+01,-7.144435782398851131e+00,2.071995725714277370e+01,4.832123089073151689e+00,1.000000000000000000e+00
-1.000611955196428315e+00,-7.406108916463574610e-02,-8.617275040140685016e-01,1.003026446826240647e+00,-2.013786178414728845e+00,4.165045602818908538e-03,-1.033743977205267284e-01,3.259624727217527978e-03,3.269648847988005969e+01,-7.144402446213667268e+00,2.071994791365046851e+01,4.832138120015889271e+00,1.000000000000000000e+00
-1.000610834824966489e+00,-7.406017284711718940e-02,-8.617270698375385507e-01,1.003024525660897392e+00,-2.013791255969074712e+00,4.167022838589781210e-03,-1.033652517379466118e-01,3.258550643323014900e-03,3.269646094437089090e+01,-7.144369473793016567e+00,2.071993853995236634e+01,4.832152930625475129e+00,1.000000000000000000e+00
-1.000609723062992895e+00,-7.405926614136636166e-02,-8.617266349517005430e-01,1.003022613367872795e+00,-2.013796328069897612e+00,4.169002692349635733e-03,-1.033561157316621737e-01,3.257476907419998551e-03,3.269643351915257057e+01,-7.144336855212552351e+00,2.071992913698078098e+01,4.832167526959208814e+00,1.000000000000000000e+00
-1.000608619678577060e+00,-7.405836878547332469e-02,-8.617261993803725373e-01,1.003020709715368275e+00,-2.013801394833612424e+00,4.170985071526978234e-03,-1.033469894937438238e-01,3.256403519689904987e-03,3.269640620137192855e+01,-7.144304580823291673e+00,2.071991970564225127e+01,4.832181914906360731e+00,1.000000000000000000e+00
-1.000607524446226471e+00,-7.405748052479529941e-02,-8.617257631467145629e-01,1.003018814478016330e+00,-2.013806456373124831e+00,4.172969886075820686e-03,-1.033378728222502652e-01,3.255330480305775043e-03,3.269637898825508415e+01,-7.144272641243975208e+00,2.071991024681825166e+01,4.832196100192835075e+00,1.000000000000000000e+00
-1.000606437146707384e+00,-7.405660111175499383e-02,-8.617253262732474939e-01,1.003016927436702677e+00,-2.013811512797936576e+00,4.174957048406790702e-03,-1.033287655210554379e-01,3.254257789432496353e-03,3.269635187710525059e+01,-7.144241027353639417e+00,2.071990076136588854e+01,4.832210088385702207e+00,1.000000000000000000e+00
-1.000605357566870968e+00,-7.405573030564450987e-02,-8.617248887818700354e-01,1.003015048378391727e+00,-2.013816564214247151e+00,4.176946473320118300e-03,-1.033196673996804177e-01,3.253185447227027564e-03,3.269632486530058202e+01,-7.144209730284391213e+00,2.071989125011856814e+01,4.832223884897602240e+00,1.000000000000000000e+00
-1.000604285499484769e+00,-7.405486787243470426e-02,-8.617244506938762649e-01,1.003013177095958719e+00,-2.013821610725054612e+00,4.178938077940472749e-03,-1.033105782731302130e-01,3.252113453838621250e-03,3.269629795029208452e+01,-7.144178741414388689e+00,2.071988171388664668e+01,4.832237494991028726e+00,1.000000000000000000e+00
-1.000603220743068178e+00,-7.405401358458994776e-02,-8.617240120299720640e-01,1.003011313388024961e+00,-2.013826652430250164e+00,4.180931781653593124e-03,-1.033014979617353640e-01,3.251041809409037711e-03,3.269627112960160531e+01,-7.144148052361010137e+00,2.071987215345808053e+01,4.832250923782495988e+00,1.000000000000000000e+00
-1.000602163101732778e+00,-7.405316722088778336e-02,-8.617235728102914383e-01,1.003009457058798626e+00,-2.013831689426712757e+00,4.182927506044645770e-03,-1.032924262909978852e-01,3.249970514072755747e-03,3.269624440081985028e+01,-7.144117654974217579e+00,2.071986256959903017e+01,4.832264176246587439e+00,1.000000000000000000e+00
-1.000601112385026914e+00,-7.405232856624385795e-02,-8.617231330544122825e-01,1.003007607917919541e+00,-2.013836721808398345e+00,4.184925174838291344e-03,-1.032833630914419543e-01,3.248899567957170414e-03,3.269621776160447268e+01,-7.144087541330102376e+00,2.071985296305446766e+01,4.832277257219891098e+00,1.000000000000000000e+00
-1.000600068407784926e+00,-7.405149741154154475e-02,-8.617226927813715909e-01,1.003005765780308423e+00,-2.013841749666430037e+00,4.186924713840380757e-03,-1.032743081984686812e-01,3.247828971182794688e-03,3.269619120967821146e+01,-7.144057703724611130e+00,2.071984333454875937e+01,4.832290171404828527e+00,1.000000000000000000e+00
-1.000599030989980598e+00,-7.405067355346639513e-02,-8.617222520096803340e-01,1.003003930466020099e+00,-2.013846773089181141e+00,4.188926050881260077e-03,-1.032652614522151513e-01,3.246758723863452014e-03,3.269616474282706520e+01,-7.144028134667443020e+00,2.071983368478623433e+01,4.832302923373377190e+00,1.000000000000000000e+00
-1.000597999956583717e+00,-7.404985679434497592e-02,-8.617218107573380026e-01,1.003002101800100965e+00,-2.013851792162359100e+00,4.190929115760624532e-03,-1.032562226974176600e-01,3.245688826106461495e-03,3.269613835889856546e+01,-7.143998826876120312e+00,2.071982401445174560e+01,4.832315517570688890e+00,1.000000000000000000e+00
-1.000596975137422406e+00,-7.404904694198854997e-02,-8.617213690418468186e-01,1.003000279612450640e+00,-2.013856806969086310e+00,4.192933840193886069e-03,-1.032471917832786801e-01,3.244619278012812226e-03,3.269611205580003599e+01,-7.143969773270220536e+00,2.071981432421119607e+01,4.832327958318606065e+00,1.000000000000000000e+00
-1.000595956367047457e+00,-7.404824380954065643e-02,-8.617209268802252797e-01,1.002998463737686974e+00,-2.013861817589976511e+00,4.194940157760013687e-03,-1.032381685633378537e-01,3.243550079677351948e-03,3.269608583149693004e+01,-7.143940966965768524e+00,2.071980461471206425e+01,4.832340249819084832e+00,1.000000000000000000e+00
-1.000594943484601318e+00,-7.404744721532928453e-02,-8.617204842890213712e-01,1.002996654015015254e+00,-2.013866824103211162e+00,4.196948003850793640e-03,-1.032291528953466347e-01,3.242481231188948376e-03,3.269605968401123874e+01,-7.143912401269786550e+00,2.071979488658392299e+01,4.832352396157518548e+00,1.000000000000000000e+00
-1.000593936333690870e+00,-7.404665698272297480e-02,-8.617200412843258883e-01,1.002994850288100759e+00,-2.013871826584613167e+00,4.198957315621485234e-03,-1.032201446411465662e-01,3.241412732630664841e-03,3.269603361141989240e+01,-7.143884069674993675e+00,2.071978514043891551e+01,4.832364401305973445e+00,1.000000000000000000e+00
-1.000592934762263075e+00,-7.404587293999090325e-02,-8.617195978817846491e-01,1.002993052404944851e+00,-2.013876825107717483e+00,4.200968031942822756e-03,-1.032111436665510418e-01,3.240344584079911643e-03,3.269600761185324700e+01,-7.143855965854651657e+00,2.071977537687225634e+01,4.832376269126329227e+00,1.000000000000000000e+00
-1.000591938622485078e+00,-7.404509492016686512e-02,-8.617191540966110397e-01,1.002991260217764413e+00,-2.013881819743839952e+00,4.202980093354341876e-03,-1.032021498412305921e-01,3.239276785608611719e-03,3.269598168349359213e+01,-7.143828083657556505e+00,2.071976559646268257e+01,4.832388003373339735e+00,1.000000000000000000e+00
-1.000590947770626515e+00,-7.404432276091717224e-02,-8.617187099435976716e-01,1.002989473582875268e+00,-2.013886810562144358e+00,4.204993442018966320e-03,-1.031931630386013071e-01,3.238209337283353296e-03,3.269595582457370142e+01,-7.143800417103167710e+00,2.071975579977291915e+01,4.832399607697600352e+00,1.000000000000000000e+00
-1.000589962066945615e+00,-7.404355630441193659e-02,-8.617182654371281503e-01,1.002987692360577832e+00,-2.013891797629707714e+00,4.207008021678843544e-03,-1.031841831357166589e-01,3.237142239165531274e-03,3.269593003337543990e+01,-7.143772960376868930e+00,2.071974598735011242e+01,4.832411085648440796e+00,1.000000000000000000e+00
-1.000588981375578834e+00,-7.404279539720019787e-02,-8.617178205911885103e-01,1.002985916415047196e+00,-2.013896781011582870e+00,4.209023777612391250e-03,-1.031752100131624189e-01,3.236075491311503349e-03,3.269590430822838556e+01,-7.143745707825368996e+00,2.071973615972627059e+01,4.832422440676731767e+00,1.000000000000000000e+00
-1.000588005564432725e+00,-7.404203989008840969e-02,-8.617173754193775403e-01,1.002984145614224776e+00,-2.013901760770859362e+00,4.211040656592505288e-03,-1.031662435549543927e-01,3.235009093772724022e-03,3.269587864750852191e+01,-7.143718653952219277e+00,2.071972631741867232e+01,4.832433676137618761e+00,1.000000000000000000e+00
-1.000587034505079798e+00,-7.404128963802227015e-02,-8.617169299349181077e-01,1.002982379829714388e+00,-2.013906736968723354e+00,4.213058606845935909e-03,-1.031572836484395267e-01,3.233943046595881641e-03,3.269585304963692352e+01,-7.143691793413466051e+00,2.071971646093027175e+01,4.832444795293175943e+00,1.000000000000000000e+00
-1.000586068072655932e+00,-7.404054449997174436e-02,-8.617164841506672612e-01,1.002980618936679891e+00,-2.013911709664514937e+00,4.215077578013730862e-03,-1.031483301841994021e-01,3.232877349823030239e-03,3.269582751307851964e+01,-7.143665121013415664e+00,2.071970659075010701e+01,4.832455801314988086e+00,1.000000000000000000e+00
-1.000585106145762460e+00,-7.403980433881958423e-02,-8.617160380791262231e-01,1.002978862813746819e+00,-2.013916678915783187e+00,4.217097521112812136e-03,-1.031393830559569208e-01,3.231812003491723543e-03,3.269580203634086502e+01,-7.143638631700521380e+00,2.071969670735367330e+01,4.832466697286660562e+00,1.000000000000000000e+00
-1.000584148606368906e+00,-7.403906902125260980e-02,-8.617155917324503811e-01,1.002977111342906458e+00,-2.013921644778341236e+00,4.219118388498545834e-03,-1.031304421604854055e-01,3.230747007635141176e-03,3.269577661797295320e+01,-7.143612320563383911e+00,2.071968681120329947e+01,4.832477486206260942e+00,1.000000000000000000e+00
-1.000583195339720399e+00,-7.403833841765616874e-02,-8.617151451224586145e-01,1.002975364409421699e+00,-2.013926607306317784e+00,4.221140133828378029e-03,-1.031215073975205038e-01,3.229682362282203581e-03,3.269575125656407266e+01,-7.143586182826861197e+00,2.071967690274851037e+01,4.832488170988691323e+00,1.000000000000000000e+00
-1.000582246234245964e+00,-7.403761240201153782e-02,-8.617146982606426198e-01,1.002973621901736667e+00,-2.013931566552209063e+00,4.223162712026429060e-03,-1.031125786696744651e-01,3.228618067457697353e-03,3.269572595074267696e+01,-7.143560213848287432e+00,2.071966698242638572e+01,4.832498754467995816e+00,1.000000000000000000e+00
-1.000581301181470595e+00,-7.403689085179601670e-02,-8.617142511581761255e-01,1.002971883711388346e+00,-2.013936522566926790e+00,4.225186079249084424e-03,-1.031036558823530958e-01,3.227554123182390169e-03,3.269570069917530475e+01,-7.143534409113796002e+00,2.071965705066189400e+01,4.832509239399604084e+00,1.000000000000000000e+00
-1.000580360075929320e+00,-7.403617364788610267e-02,-8.617138038259234412e-01,1.002970149732920868e+00,-2.013941475399847914e+00,4.227210192851498134e-03,-1.030947389436749906e-01,3.226490529473143107e-03,3.269567550056550687e+01,-7.143508764234747233e+00,2.071964710786823716e+01,4.832519628462510042e+00,1.000000000000000000e+00
-1.000579422815083275e+00,-7.403546067446294121e-02,-8.617133562744480058e-01,1.002968419863801808e+00,-2.013946425098859017e+00,4.229235011355026753e-03,-1.030858277643931092e-01,3.225427286343018202e-03,3.269565035365283023e+01,-7.143483274944252059e+00,2.071963715444717025e+01,4.832529924261393717e+00,1.000000000000000000e+00
-1.000578489299238427e+00,-7.403475181892081591e-02,-8.617129085140204925e-01,1.002966694004340686e+00,-2.013951371710403393e+00,4.231260494415535131e-03,-1.030769222578186151e-01,3.224364393801383392e-03,3.269562525721180890e+01,-7.143457937093792509e+00,2.071962719078931414e+01,4.832540129328684486e+00,1.000000000000000000e+00
-1.000577559431467201e+00,-7.403404697177778937e-02,-8.617124605546274685e-01,1.002964972057610815e+00,-2.013956315279522791e+00,4.233286602792585979e-03,-1.030680223397469203e-01,3.223301851854023549e-03,3.269560021005099060e+01,-7.143432746649938103e+00,2.071961721727447170e+01,4.832550246126563032e+00,1.000000000000000000e+00
-1.000576633117530978e+00,-7.403334602658916130e-02,-8.617120124059786113e-01,1.002963253929372023e+00,-2.013961255849901377e+00,4.235313298319448236e-03,-1.030591279283859102e-01,3.222239660503231976e-03,3.269557521101199882e+01,-7.143407699691151969e+00,2.071960723427191908e+01,4.832560277048910891e+00,1.000000000000000000e+00
-1.000575710265805940e+00,-7.403264887986317488e-02,-8.617115640775145913e-01,1.002961539527996049e+00,-2.013966193463906151e+00,4.237340543873938103e-03,-1.030502389442861655e-01,3.221177819747913628e-03,3.269555025896860201e+01,-7.143382792404683990e+00,2.071959724214069709e+01,4.832570224423204053e+00,1.000000000000000000e+00
-1.000574790787210011e+00,-7.403195543097891573e-02,-8.617111155784143994e-01,1.002959828764394379e+00,-2.013971128162626467e+00,4.239368303350047641e-03,-1.030413553102733082e-01,3.220116329583680957e-03,3.269552535282583250e+01,-7.143358021083553666e+00,2.071958724122990247e+01,4.832580090512358595e+00,1.000000000000000000e+00
-1.000573874595132695e+00,-7.403126558210675057e-02,-8.617106669176027856e-01,1.002958121551947190e+00,-2.013976059985914002e+00,4.241396541630335776e-03,-1.030324769513821515e-01,3.219055190002938042e-03,3.269550049151909832e+01,-7.143333382123615571e+00,2.071957723187894729e+01,4.832589877516518584e+00,1.000000000000000000e+00
-1.000572961605366240e+00,-7.403057923813094465e-02,-8.617102181037569197e-01,1.002956417806435629e+00,-2.013980988972418285e+00,4.243425224559101670e-03,-1.030236037947928757e-01,3.217994400994982507e-03,3.269547567401335897e+01,-7.143308872020702083e+00,2.071956721441784310e+01,4.832599587574797795e+00,1.000000000000000000e+00
-1.000572051736039025e+00,-7.402989630657418052e-02,-8.617097691453134978e-01,1.002954717445974309e+00,-2.013985915159625328e+00,4.245454318916251982e-03,-1.030147357697690363e-01,3.216933962546083582e-03,3.269545089930228698e+01,-7.143284487367853153e+00,2.071955718916744260e+01,4.832609222766973467e+00,1.000000000000000000e+00
-1.000571144907550503e+00,-7.402921669752446365e-02,-8.617093200504750694e-01,1.002953020390946914e+00,-2.013990838583891385e+00,4.247483792391900173e-03,-1.030058728075972652e-01,3.215873874639570574e-03,3.269542616640747923e+01,-7.143260224852616247e+00,2.071954715643970957e+01,4.832618785115133875e+00,1.000000000000000000e+00
-1.000570241042508357e+00,-7.402854032356387393e-02,-8.617088708272168107e-01,1.002951326563943146e+00,-2.013995759280477582e+00,4.249513613561654510e-03,-1.029970148415288583e-01,3.214814137255915267e-03,3.269540147437767530e+01,-7.143236081254422665e+00,2.071953711653795338e+01,4.832628276585275273e+00,1.000000000000000000e+00
-1.000569340065667001e+00,-7.402786709969935708e-02,-8.617084214832926303e-01,1.002949635889697655e+00,-2.014000677283582785e+00,4.251543751862574792e-03,-1.029881618067228777e-01,3.213754750372812153e-03,3.269537682228800435e+01,-7.143212053442040244e+00,2.071952706975707414e+01,4.832637699088861538e+00,1.000000000000000000e+00
-1.000568441903868289e+00,-7.402719694329536193e-02,-8.617079720262413867e-01,1.002947948295029867e+00,-2.014005592626376906e+00,4.253574177569781345e-03,-1.029793136401911252e-01,3.212695713965256928e-03,3.269535220923924612e+01,-7.143188138371091789e+00,2.071951701638379006e+01,4.832647054484334959e+00,1.000000000000000000e+00
-1.000567546485983117e+00,-7.402652977400855927e-02,-8.617075224633924391e-01,1.002946263708787145e+00,-2.014010505341031099e+00,4.255604861773711924e-03,-1.029704702807444500e-01,3.211637028005622820e-03,3.269532763435712752e+01,-7.143164333081646333e+00,2.071950695669686837e+01,4.832656344578587060e+00,1.000000000000000000e+00
-1.000566653742855250e+00,-7.402586551372407342e-02,-8.617070728018719761e-01,1.002944582061787493e+00,-2.014015415458748404e+00,4.257635776357978838e-03,-1.029616316689407757e-01,3.210578692463731277e-03,3.269530309679162627e+01,-7.143140634695875235e+00,2.071949689096733493e+01,4.832665571128391235e+00,1.000000000000000000e+00
-1.000565763607246916e+00,-7.402520408649378159e-02,-8.617066230486081224e-01,1.002942903286765164e+00,-2.014020323009793056e+00,4.259666893977851441e-03,-1.029527977470346412e-01,3.209520707306925697e-03,3.269527859571628881e+01,-7.143117040415773111e+00,2.071948681945870163e+01,4.832674735841789193e+00,1.000000000000000000e+00
-1.000564876013785076e+00,-7.402454541847609815e-02,-8.617061732103367122e-01,1.002941227318317807e+00,-2.014025228023518910e+00,4.261698188039294601e-03,-1.029439684589280729e-01,3.208463072500142982e-03,3.269525413032758365e+01,-7.143093547520943609e+00,2.071947674242716531e+01,4.832683840379447204e+00,1.000000000000000000e+00
-1.000563990898909683e+00,-7.402388943787749365e-02,-8.617057232936063960e-01,1.002939554092854069e+00,-2.014030130528397411e+00,4.263729632678603040e-03,-1.029351437501229982e-01,3.207405788005980325e-03,3.269522969984424776e+01,-7.143070153366443797e+00,2.071946666012181382e+01,4.832692886355966166e+00,1.000000000000000000e+00
-1.000563108200823503e+00,-7.402323607489570689e-02,-8.617052733047839697e-01,1.002937883548544074e+00,-2.014035030552044248e+00,4.265761202742574323e-03,-1.029263235676748794e-01,3.206348853784761130e-03,3.269520530350669674e+01,-7.143046855380691618e+00,2.071945657278481789e+01,4.832701875341163245e+00,1.000000000000000000e+00
-1.000562227859443265e+00,-7.402258526166445585e-02,-8.617048232500593707e-01,1.002936215625269689e+00,-2.014039928121245104e+00,4.267792873769235204e-03,-1.029175078601479720e-01,3.205292269794598765e-03,3.269518094057639246e+01,-7.143023651063431068e+00,2.071944648065162298e+01,4.832710808861312657e+00,1.000000000000000000e+00
-1.000561349816351697e+00,-7.402193693219974446e-02,-8.617043731354502301e-01,1.002934550264577895e+00,-2.014044823261981421e+00,4.269824621969069318e-03,-1.029086965775715262e-01,3.204236035991455105e-03,3.269515661033526754e+01,-7.143000537983749787e+00,2.071943638395114107e+01,4.832719688400352709e+00,1.000000000000000000e+00
-1.000560474014751788e+00,-7.402129102234752955e-02,-8.617039229668069789e-01,1.002932887409633711e+00,-2.014049715999453927e+00,4.271856424206773098e-03,-1.028998896713975153e-01,3.203180152329208191e-03,3.269513231208516402e+01,-7.142977513778156151e+00,2.071942628290592125e+01,4.832728515401063518e+00,1.000000000000000000e+00
-1.000559600399421267e+00,-7.402064746973308074e-02,-8.617034727498174007e-01,1.002931227005175563e+00,-2.014054606358107069e+00,4.273888257983500874e-03,-1.028910870944594325e-01,3.202124618759708170e-03,3.269510804514727909e+01,-7.142954576148709656e+00,2.071941617773233801e+01,4.832737291266204771e+00,1.000000000000000000e+00
-1.000558728916669082e+00,-7.402000621371146449e-02,-8.617030224900110724e-01,1.002929568997472209e+00,-2.014059494361652103e+00,4.275920101419598308e-03,-1.028822888009324199e-01,3.201069435232834545e-03,3.269508380886160381e+01,-7.142931722861199262e+00,2.071940606864075107e+01,4.832746017359628610e+00,1.000000000000000000e+00
-1.000557859514293213e+00,-7.401936719531963804e-02,-8.617025721927635828e-01,1.002927913334279220e+00,-2.014064380033089297e+00,4.277951933237789453e-03,-1.028734947462943555e-01,3.200014601696550380e-03,3.269505960258643285e+01,-7.142908951743375923e+00,2.071939595583567240e+01,4.832754695007359658e+00,1.000000000000000000e+00
-1.000556992141538926e+00,-7.401873035722965344e-02,-8.617021218633009738e-01,1.002926259964798117e+00,-2.014069263394729248e+00,4.279983732746839124e-03,-1.028647048872882580e-01,3.198960118096959553e-03,3.269503542569783150e+01,-7.142886260683233957e+00,2.071938583951593316e+01,4.832763325498642182e+00,1.000000000000000000e+00
-1.000556126749058361e+00,-7.401809564370344374e-02,-8.617016715067037369e-01,1.002924608839636855e+00,-2.014074144468213756e+00,4.282015479825651560e-03,-1.028559191818856910e-01,3.197905984378358792e-03,3.269501127758915970e+01,-7.142863647627335943e+00,2.071937571987484006e+01,4.832771910086961498e+00,1.000000000000000000e+00
-1.000555263288872343e+00,-7.401746300054852512e-02,-8.617012211279109213e-01,1.002922959910769629e+00,-2.014079023274537139e+00,4.284047154907797555e-03,-1.028471375892512224e-01,3.196852200483284948e-03,3.269498715767056751e+01,-7.142841110579191799e+00,2.071936559710032100e+01,4.832780449991037841e+00,1.000000000000000000e+00
-1.000554401714331521e+00,-7.401683237507516999e-02,-8.617007707317241305e-01,1.002921313131500014e+00,-2.014083899834064439e+00,4.286078738966460529e-03,-1.028383600697078820e-01,3.195798766352567905e-03,3.269496306536855457e+01,-7.142818647597674264e+00,2.071935547137507783e+01,4.832788946395787377e+00,1.000000000000000000e+00
-1.000553541980079730e+00,-7.401620371605481530e-02,-8.617003203228108532e-01,1.002919668456423219e+00,-2.014088774166552298e+00,4.288110213499804133e-03,-1.028295865847036888e-01,3.194745681925383485e-03,3.269493900012550114e+01,-7.142796256795485021e+00,2.071934534287673912e+01,4.832797400453262782e+00,1.000000000000000000e+00
-1.000552684042018248e+00,-7.401557697367931732e-02,-8.616998699057086819e-01,1.002918025841390559e+00,-2.014093646291165829e+00,4.290141560516718029e-03,-1.028208170967791213e-01,3.193692947139292922e-03,3.269491496139922049e+01,-7.142773936337659890e+00,2.071933521177798454e+01,4.832805813283564511e+00,1.000000000000000000e+00
-1.000551827857270704e+00,-7.401495209952162202e-02,-8.616994194848287547e-01,1.002916385243474817e+00,-2.014098516226498159e+00,4.292172762522966124e-03,-1.028120515695354759e-01,3.192640561930290988e-03,3.269489094866254675e+01,-7.142751684440115767e+00,2.071932507824669045e+01,4.832814185975726318e+00,1.000000000000000000e+00
-1.000550973384149112e+00,-7.401432904649750399e-02,-8.616989690644588640e-01,1.002914746620936048e+00,-2.014103383990586416e+00,4.294203802507707765e-03,-1.028032899676042111e-01,3.191588526232854144e-03,3.269486696140289439e+01,-7.142729499368240198e+00,2.071931494244606498e+01,4.832822519588577670e+00,1.000000000000000000e+00
-1.000550120582121005e+00,-7.401370776882817970e-02,-8.616985186487674531e-01,1.002913109933188496e+00,-2.014108249600929934e+00,4.296234663930379762e-03,-1.027945322566171521e-01,3.190536839979975659e-03,3.269484299912188163e+01,-7.142707379435517367e+00,2.071930480453477230e+01,4.832830815151582193e+00,1.000000000000000000e+00
-1.000549269411777464e+00,-7.401308822200416970e-02,-8.616980682418065030e-01,1.002911475140768838e+00,-2.014113113074505801e+00,4.298265330707934026e-03,-1.027857784031775690e-01,3.189485503103219825e-03,3.269481906133491123e+01,-7.142685323002193165e+00,2.071929466466705705e+01,4.832839073665652130e+00,1.000000000000000000e+00
-1.000548419834801361e+00,-7.401247036274996582e-02,-8.616976178475147519e-01,1.002909842205304880e+00,-2.014117974427785285e+00,4.300295787202428228e-03,-1.027770283748319635e-01,3.188434515532752745e-03,3.269479514757079386e+01,-7.142663328473976669e+00,2.071928452299287216e+01,4.832847296103940593e+00,1.000000000000000000e+00
-1.000547571813937830e+00,-7.401185414898985016e-02,-8.616971674697211370e-01,1.002908211089485135e+00,-2.014122833676748936e+00,4.302326018208947785e-03,-1.027682821400429242e-01,3.187383877197385706e-03,3.269477125737138579e+01,-7.142641394300780711e+00,2.071927437965798902e+01,4.832855483412611619e+00,1.000000000000000000e+00
-1.000546725312964069e+00,-7.401123953981461612e-02,-8.616967171121474589e-01,1.002906581757029736e+00,-2.014127690836902129e+00,4.304356008943864380e-03,-1.027595396681625639e-01,3.186333588024612903e-03,3.269474739029121224e+01,-7.142619518975493520e+00,2.071926423480412183e+01,4.832863636511588012e+00,1.000000000000000000e+00
-1.000545880296661139e+00,-7.401062649544917771e-02,-8.616962667784114904e-01,1.002904954172661567e+00,-2.014132545923288387e+00,4.306385745033398937e-03,-1.027508009294067215e-01,3.185283647940650911e-03,3.269472354589711216e+01,-7.142597701032785906e+00,2.071925408856903772e+01,4.832871756295281429e+00,1.000000000000000000e+00
-1.000545036730785986e+00,-7.401001497722106692e-02,-8.616958164720297519e-01,1.002903328302078290e+00,-2.014137398950504920e+00,4.308415212502502041e-03,-1.027420658948301341e-01,3.184234056870473371e-03,3.269469972376791134e+01,-7.142575939047952183e+00,2.071924394108665624e+01,4.832879843633297590e+00,1.000000000000000000e+00
-1.000544194582044133e+00,-7.400940494752983323e-02,-8.616953661964205091e-01,1.002901704111925474e+00,-2.014142249932715067e+00,4.310444397764040536e-03,-1.027333345363019568e-01,3.183184814737847861e-03,3.269467592349408847e+01,-7.142554231635782180e+00,2.071923379248717012e+01,4.832887899371127283e+00,1.000000000000000000e+00
-1.000543353818063697e+00,-7.400879636981735898e-02,-8.616949159549063264e-01,1.002900081569770396e+00,-2.014147098883662057e+00,4.312473287608272962e-03,-1.027246068264823647e-01,3.182135921465371886e-03,3.269465214467742697e+01,-7.142532577449466125e+00,2.071922364289714125e+01,4.832895924330814275e+00,1.000000000000000000e+00
-1.000542514407369410e+00,-7.400818920853878546e-02,-8.616944657507167316e-01,1.002898460644075840e+00,-2.014151945816681888e+00,4.314501869192606878e-03,-1.027158827387995993e-01,3.181087376974503240e-03,3.269462838693073081e+01,-7.142510975179527044e+00,2.071921349243959654e+01,4.832903919311603680e+00,1.000000000000000000e+00
-1.000541676319357975e+00,-7.400758342913457688e-02,-8.616940155869906581e-01,1.002896841304175890e+00,-2.014156790744716208e+00,4.316530130031637214e-03,-1.027071622474277496e-01,3.180039181185592093e-03,3.269460464987750470e+01,-7.142489423552786931e+00,2.071920334123413454e+01,4.832911885090577897e+00,1.000000000000000000e+00
-1.000540839524273640e+00,-7.400697899800309787e-02,-8.616935654667791100e-01,1.002895223520251733e+00,-2.014161633680323416e+00,4.318558057987463041e-03,-1.026984453272651310e-01,3.178991334017917426e-03,3.269458093315164859e+01,-7.142467921331358660e+00,2.071919318939701071e+01,4.832919822423270340e+00,1.000000000000000000e+00
-1.000540003993184879e+00,-7.400637588247388488e-02,-8.616931153930477150e-01,1.002893607263307452e+00,-2.014166474635690651e+00,4.320585641260256751e-03,-1.026897319539134129e-01,3.177943835389713482e-03,3.269455723639717348e+01,-7.142446467311665437e+00,2.071918303704124042e+01,4.832927732044263180e+00,1.000000000000000000e+00
-1.000539169697961528e+00,-7.400577405078205551e-02,-8.616926653686786119e-01,1.002891992505148044e+00,-2.014171313622645787e+00,4.322612868379084768e-03,-1.026810221036571630e-01,3.176896685218201424e-03,3.269453355926793847e+01,-7.142425060323488673e+00,2.071917288427667714e+01,4.832935614667767332e+00,1.000000000000000000e+00
-1.000538336611252355e+00,-7.400517347204296770e-02,-8.616922153964732267e-01,1.002890379218356554e+00,-2.014176150652667641e+00,4.324639728192994532e-03,-1.026723157534442099e-01,3.175849883419620129e-03,3.269450990142734526e+01,-7.142403699229044278e+00,2.071916273121010832e+01,4.832943470988189105e+00,1.000000000000000000e+00
-1.000537504706463299e+00,-7.400457411622789194e-02,-8.616917654791542702e-01,1.002888767376272749e+00,-2.014180985736897078e+00,4.326666209862330484e-03,-1.026636128808663118e-01,3.174803429909254376e-03,3.269448626254810364e+01,-7.142382382922079387e+00,2.071915257794534071e+01,4.832951301680679990e+00,1.000000000000000000e+00
-1.000536673957737044e+00,-7.400397595414022478e-02,-8.616913156193680701e-01,1.002887156952972036e+00,-2.014185818886146784e+00,4.328692302850281615e-03,-1.026549134641406152e-01,3.173757324601457833e-03,3.269446264231194732e+01,-7.142361110327000162e+00,2.071914242458327493e+01,4.832959107401669563e+00,1.000000000000000000e+00
-1.000535844339931701e+00,-7.400337895739245164e-02,-8.616908658196862358e-01,1.002885547923245246e+00,-2.014190650110912806e+00,4.330717996914668425e-03,-1.026462174820915174e-01,3.172711567409686011e-03,3.269443904040939941e+01,-7.142339880398019147e+00,2.071913227122198720e+01,4.832966888789386850e+00,1.000000000000000000e+00
-1.000535015828601937e+00,-7.400278309838353996e-02,-8.616904160826084347e-01,1.002883940262578211e+00,-2.014195479421382551e+00,4.332743282099951049e-03,-1.026375249141330964e-01,3.171666158246518388e-03,3.269441545653951664e+01,-7.142318692118327483e+00,2.071912211795681813e+01,4.832974646464363921e+00,1.000000000000000000e+00
-1.000534188399978541e+00,-7.400218835027731756e-02,-8.616899664105636125e-01,1.002882333947133331e+00,-2.014200306827444997e+00,4.334768148729452493e-03,-1.026288357402520557e-01,3.170621097023685730e-03,3.269439189040966198e+01,-7.142297544499292883e+00,2.071911196488043316e+01,4.832982381029926167e+00,1.000000000000000000e+00
-1.000533362030950668e+00,-7.400159468698107312e-02,-8.616895168059125476e-01,1.002880728953729594e+00,-2.014205132338699578e+00,4.336792587397793504e-03,-1.026201499409911122e-01,3.169576383652094372e-03,3.269436834173526307e+01,-7.142276436579676258e+00,2.071910181208290780e+01,4.832990093072671023e+00,1.000000000000000000e+00
-1.000532536699046959e+00,-7.400100208312508643e-02,-8.616890672709494048e-01,1.002879125259825699e+00,-2.014209955964465504e+00,4.338816588963524332e-03,-1.026114674974329677e-01,3.168532018041848777e-03,3.269434481023960615e+01,-7.142255367424871437e+00,2.071909165965179511e+01,4.832997783162931604e+00,1.000000000000000000e+00
-1.000531712382417782e+00,-7.400041051404229742e-02,-8.616886178079036229e-01,1.002877522843501401e+00,-2.014214777713789761e+00,4.340840144541969862e-03,-1.026027883911845989e-01,3.167488000102277983e-03,3.269432129565359446e+01,-7.142234336126165317e+00,2.071908150767218970e+01,4.833005451855228785e+00,1.000000000000000000e+00
-1.000530889059818351e+00,-7.399981995574909932e-02,-8.616881684189418023e-01,1.002875921683440419e+00,-2.014219597595455991e+00,4.342863245498256031e-03,-1.025941126043621449e-01,3.166444329741954691e-03,3.269429779771554934e+01,-7.142213341800020210e+00,2.071907135622680940e+01,4.833013099688709069e+00,1.000000000000000000e+00
-1.000530066710591415e+00,-7.399923038492620120e-02,-8.616877191061693697e-01,1.002874321758913778e+00,-2.014224415617992481e+00,4.344885883440539193e-03,-1.025854401195761406e-01,3.165401006868722583e-03,3.269427431617101121e+01,-7.142192383587375737e+00,2.071906120539604856e+01,4.833020727187570920e+00,1.000000000000000000e+00
-1.000529245314651705e+00,-7.399864177890022598e-02,-8.616872698716322443e-01,1.002872723049763604e+00,-2.014229231789679719e+00,4.346908050213408106e-03,-1.025767709199171956e-01,3.164358031389709770e-03,3.269425085077251225e+01,-7.142171460652968484e+00,2.071905105525804913e+01,4.833028334861480424e+00,1.000000000000000000e+00
-1.000528424852469067e+00,-7.399805411562576651e-02,-8.616868207173185024e-01,1.002871125536386909e+00,-2.014234046118558386e+00,4.348929737891468923e-03,-1.025681049889421298e-01,3.163315403211356541e-03,3.269422740127941296e+01,-7.142150572184671198e+00,2.071904090588875746e+01,4.833035923205972750e+00,1.000000000000000000e+00
-1.000527605305053580e+00,-7.399746737366798277e-02,-8.616863716451599320e-01,1.002869529199720722e+00,-2.014238858612435568e+00,4.350950938773103654e-03,-1.025594423106604564e-01,3.162273122239431852e-03,3.269420396745769608e+01,-7.142129717392851518e+00,2.071903075736198829e+01,4.833043492702847388e+00,1.000000000000000000e+00
-1.000526786653940903e+00,-7.399688153218567099e-02,-8.616859226570336983e-01,1.002867934021226537e+00,-2.014243669278894089e+00,4.352971645374393433e-03,-1.025507828695212537e-01,3.161231188379055000e-03,3.269418054907978188e+01,-7.142108895509747590e+00,2.071902060974948157e+01,4.833051043820545623e+00,1.000000000000000000e+00
-1.000525968881176953e+00,-7.399629657091480461e-02,-8.616854737547635645e-01,1.002866339982875887e+00,-2.014248478125296948e+00,4.354991850423220456e-03,-1.025421266504004947e-01,3.160189601534717316e-03,3.269415714592435762e+01,-7.142088105788860553e+00,2.071901046312096639e+01,4.833058577014523571e+00,1.000000000000000000e+00
-1.000525875749815441e+00,-7.399652252229663163e-02,-8.616849621322065778e-01,1.002865470847647877e+00,-2.014245929474618890e+00,4.357011068982439596e-03,-1.025408288448948629e-01,3.159148361610292569e-03,3.269414294577374136e+01,-7.142097174812977123e+00,2.071899777267873688e+01,4.833047998282021140e+00,1.000000000000000000e+00
-1.000530038108906172e+00,-7.400151110085501083e-02,-8.616840813735090476e-01,1.002868857464517038e+00,-2.014200139761803676e+00,4.359028021216353362e-03,-1.025827717377293252e-01,3.158107468509064285e-03,3.269418277066377243e+01,-7.142281610562871030e+00,2.071897012353718992e+01,4.832931036563703486e+00,1.000000000000000000e+00
-1.000542469498165055e+00,-7.401575420196718214e-02,-8.616824831115499350e-01,1.002880513373123339e+00,-2.014070308050527114e+00,4.361042873106432509e-03,-1.027087564307112705e-01,3.157066922133737897e-03,3.269432757143889035e+01,-7.142806811596186023e+00,2.071891340494958555e+01,4.832607354893109886e+00,1.000000000000000000e+00
-1.000566920369728052e+00,-7.404344904802592775e-02,-8.616798417269134758e-01,1.002904189025527026e+00,-2.013818251735141729e+00,4.363055195026071045e-03,-1.029569650993603230e-01,3.156026722386457654e-03,3.269462496677815722e+01,-7.143827326929870658e+00,2.071881443879193441e+01,4.831983201056340604e+00,1.000000000000000000e+00
-1.000606875000109142e+00,-7.408849443451509531e-02,-8.616758546303239230e-01,1.002943368698165472e+00,-2.013408365784415732e+00,4.365059652544825593e-03,-1.033629974399730422e-01,3.154986869168827004e-03,3.269511921439921309e+01,-7.145486718375639867e+00,2.071866100082576168e+01,4.830971495197802668e+00,1.000000000000000000e+00
-1.000665545915365717e+00,-7.415448411054371969e-02,-8.616702427858531355e-01,1.003001264917019020e+00,-2.012807586077595801e+00,4.367040472954910463e-03,-1.039599018000871289e-01,3.153947362381923341e-03,3.269585115362806960e+01,-7.147917317459372200e+00,2.071844185363887902e+01,4.829491982529806826e+00,1.000000000000000000e+00
-1.000745866625109448e+00,-7.424469821597975971e-02,-8.616627514003466493e-01,1.003080811191622512e+00,-2.011985355388036911e+00,4.368965002943960008e-03,-1.047782027525250848e-01,3.152908201926308412e-03,3.269685812832140925e+01,-7.151239910826490132e+00,2.071814678735321991e+01,4.827471430141692110e+00,1.000000000000000000e+00
-1.000850483388285639e+00,-7.436209361519743877e-02,-8.616531507109436161e-01,1.003184653780843316e+00,-2.010913590640273085e+00,4.370776600167630699e-03,-1.058459267298949014e-01,3.151869387702056075e-03,3.269817389823249698e+01,-7.155563385011324939e+00,2.071776666447176396e+01,4.824843848749396535e+00,1.000000000000000000e+00
-1.000981746663593297e+00,-7.450929388810231813e-02,-8.616412368086996398e-01,1.003315143143302723e+00,-2.009566650140248267e+00,4.372387034826756211e-03,-1.071886271959376496e-01,3.150830919608754027e-03,3.269982854605650147e+01,-7.160984358527645810e+00,2.071729346551709838e+01,4.821550722011747503e+00,1.000000000000000000e+00
-1.001141702828744817e+00,-7.468857966079418820e-02,-8.616268324423475011e-01,1.003474325656634525e+00,-2.007921299563449669e+00,4.373668520204857316e-03,-1.088294106879311024e-01,3.149792797545527233e-03,3.270184838657006310e+01,-7.167586826356738605e+00,2.071672033240609778e+01,4.817541227807214277e+00,1.000000000000000000e+00
-1.001332086684536105e+00,-7.490187987977349471e-02,-8.616097877522765902e-01,1.003663936121556244e+00,-2.005956675587253990e+00,4.374445445783237824e-03,-1.107889649174587099e-01,3.148755021411040085e-03,3.270425588348643942e+01,-7.175441839025022084e+00,2.071604160681807016e+01,4.812772437643337398e+00,1.000000000000000000e+00
-1.001554315191401923e+00,-7.515076455429924029e-02,-8.615899808909626145e-01,1.003885391498423596e+00,-2.003654246174826348e+00,4.374485854415455059e-03,-1.130855899636850626e-01,3.147717591103529368e-03,3.270706957887950495e+01,-7.184607235549749227e+00,2.071525286115247155e+01,4.807209482177276172e+00,1.000000000000000000e+00
-1.001809482817577202e+00,-7.543643941115538154e-02,-8.615673184923748895e-01,1.004139786255392242e+00,-2.000997766659273758e+00,4.373492686829222494e-03,-1.157352334337045791e-01,3.146680506520802088e-03,3.271030403928475749e+01,-7.195127446581194519e+00,2.071435092003867240e+01,4.800825672664882582e+00,1.000000000000000000e+00
-1.002098358809337508e+00,-7.575974282489247869e-02,-8.615417359593310342e-01,1.004427889638658034e+00,-1.997973230937498901e+00,4.371094812672490781e-03,-1.187515302997343147e-01,3.145643767560250218e-03,3.271396982186418256e+01,-7.207033381090386825e+00,2.071333387075166854e+01,4.793602570022119203e+00,1.000000000000000000e+00
-1.002421386625464983e+00,-7.612114530518335198e-02,-8.615131975443133250e-01,1.004750145106923620e+00,-1.994568817260812699e+00,4.366837877359346781e-03,-1.221458479553469006e-01,3.144607374118868481e-03,3.271807346332559518e+01,-7.220342406964748605e+00,2.071220106129901239e+01,4.785529995061824415e+00,1.000000000000000000e+00
-1.002778685710768336e+00,-7.652075174217770615e-02,-8.614816962058483574e-01,1.005106672104917109e+00,-1.990774828300164501e+00,4.360175017812950755e-03,-1.259273368659831471e-01,3.143571326093267792e-03,3.272261749361916117e+01,-7.235058432912923720e+00,2.071095308536765955e+01,4.776605975338567234e+00,1.000000000000000000e+00
-1.003170055717992115e+00,-7.695830653180134318e-02,-8.614472532290777806e-01,1.005497270285302891e+00,-1.986583625363216976e+00,4.350457537381723604e-03,-1.301029870267938759e-01,3.142535623379678726e-03,3.272760047579782139e+01,-7.251172096185933391e+00,2.070959175374500916e+01,4.766836625866870847e+00,1.000000000000000000e+00
-1.003594983224755266e+00,-7.743320162711431198e-02,-8.614099176055111107e-01,1.005921426225618864e+00,-1.981989556843229305e+00,4.336925680057884293e-03,-1.346776902879749938e-01,3.141500265873971472e-03,3.273301707282867312e+01,-7.268661057841583784e+00,2.070812005224517449e+01,4.756235962741905965e+00,1.000000000000000000e+00
-1.004052650933226376e+00,-7.794448749045358726e-02,-8.613697651730223281e-01,1.006378322627953015e+00,-1.976988881180342439e+00,4.318699705700125568e-03,-1.396543084687051073e-01,3.140465253471654526e-03,3.273885814158374785e+01,-7.287490404661145504e+00,2.070654208656819506e+01,4.744825650354401070e+00,1.000000000000000000e+00
-1.004541949286050118e+00,-7.849088685544432231e-02,-8.613268975228183244e-01,1.006866849934868746e+00,-1.971579684808811850e+00,4.294771539879903115e-03,-1.450337470597594103e-01,3.139430586067903754e-03,3.274511085372537877e+01,-7.307613154419192014e+00,2.070486301488510605e+01,4.732634684421078042e+00,1.000000000000000000e+00
-1.005061490383436507e+00,-7.907081114924069398e-02,-8.612814406852485893e-01,1.007385620246494362e+00,-1.965761795743676377e+00,4.263997352253839218e-03,-1.508150342152125289e-01,3.138396263557565423e-03,3.275175884273718196e+01,-7.328970859051685771e+00,2.070308896926559328e+01,4.719699014419899363e+00,1.000000000000000000e+00
-1.005609624044038419e+00,-7.968237937453313824e-02,-8.612335436108461417e-01,1.007932983381401248e+00,-1.959536693622228709e+00,4.225091503235773628e-03,-1.569954046576411411e-01,3.137362285835155768e-03,3.275878237594015019e+01,-7.351494298399715355e+00,2.070122696733880474e+01,4.706061110201626541e+00,1.000000000000000000e+00
-1.006184455816812262e+00,-8.032343920865897546e-02,-8.611833764668052060e-01,1.008507044888463655e+00,-1.952907417154859937e+00,4.176622386425543100e-03,-1.635703880697072787e-01,3.136328652794890919e-03,3.276615854997625377e+01,-7.375104255653169183e+00,2.069928481579520252e+01,4.691769478527874071e+00,1.000000000000000000e+00
-1.006783866722775311e+00,-8.099159004401079720e-02,-8.611311287721635788e-01,1.009105685788617146e+00,-1.945878470052262665e+00,4.117010778803362886e-03,-1.705339015171503658e-01,3.135295364330671283e-03,3.277386150794029618e+01,-7.399712364396069830e+00,2.069727100749415882e+01,4.676878136050059531e+00,1.000000000000000000e+00
-1.007405534484565601e+00,-8.168420766999369420e-02,-8.610770073972262573e-01,1.009726583804416933e+00,-1.938455726577905880e+00,4.044531385914398175e-03,-1.778783454414969434e-01,3.134262420336125354e-03,3.278186267609485327e+01,-7.425222016268641312e+00,2.069519461403653438e+01,4.661446045789667814e+00,1.000000000000000000e+00
-1.008046955987811799e+00,-8.239847028186157718e-02,-8.610212344542526042e-01,1.010367235821409526e+00,-1.930646337922946376e+00,3.957318327655527310e-03,-1.855947027709353714e-01,3.133229820704577610e-03,3.279013101791091600e+01,-7.451529317704271627e+00,2.069306517569470927e+01,4.645536524511924448e+00,1.000000000000000000e+00
-1.008705470711223739e+00,-8.313138549543036548e-02,-8.609640451071423062e-01,1.011024981318221494e+00,-1.922458640612509706e+00,3.853375343218206489e-03,-1.936726407189788279e-01,3.132197565329093627e-03,3.279863330303682289e+01,-7.478524083956911817e+00,2.069089259056741170e+01,4.629216628512486054e+00,1.000000000000000000e+00
-1.009378284861476072e+00,-8.387981804823545218e-02,-8.609056853278540533e-01,1.011697026501444885e+00,-1.913902068125217681e+00,3.730591491781181865e-03,-2.021006148656293577e-01,3.131165654102477901e-03,3.280733438870624497e+01,-7.506090858681306877e+00,2.068868700474853739e+01,4.612556525276391817e+00,1.000000000000000000e+00
-1.010062495953745643e+00,-8.464051787629882362e-02,-8.608464096266333909e-01,1.012380468886173279e+00,-1.904987066840135856e+00,3.586763078913478807e-03,-2.108659751368347213e-01,3.130134086917261277e-03,3.281619751104884841e+01,-7.534109947633368165e+00,2.068645870517434915e+01,4.595628858241123105e+00,1.000000000000000000e+00
-1.010755117588380880e+00,-8.541014827027874901e-02,-8.607864787819009544e-01,1.013072322072671616e+00,-1.895725017315777139e+00,3.419622437970355928e-03,-2.199550733068796338e-01,3.129102863665737810e-03,3.282518458375997739e+01,-7.562458455584021522e+00,2.068421801665033755e+01,4.578508111525608548e+00,1.000000000000000000e+00
-1.011453104187825192e+00,-8.618531383429658965e-02,-8.607261575939475495e-01,1.013769540483300036e+00,-1.886128161754183630e+00,3.226874033020984186e-03,-2.293533716372323228e-01,3.128071984239970838e-03,3.283425650161365184e+01,-7.591011316247290530e+00,2.068197520436565640e+01,4.561269981000699580e+00,1.000000000000000000e+00
-1.012153375474705630e+00,-8.696258799402264983e-02,-8.606657126845017602e-01,1.014469043840601659e+00,-1.876209538310380731e+00,3.006238119437653830e-03,-2.390455522276797029e-01,3.127041448531768259e-03,3.284337344636094969e+01,-7.619642305870487853e+00,2.067974038298878980e+01,4.543990757501669364e+00,1.000000000000000000e+00
-1.012852840491075490e+00,-8.773853982653313788e-02,-8.606054103618768769e-01,1.015167741186546069e+00,-1.865982922676272082e+00,2.755501898265900074e-03,-2.490156265868020968e-01,3.126011256432742816e-03,3.285249519263845031e+01,-7.648225032080300245e+00,2.067752343321145858e+01,4.526746727346693255e+00,1.000000000000000000e+00
-1.013548420979344389e+00,-8.850976001193648635e-02,-8.605455145688685192e-01,1.015862554263458950e+00,-1.855462777102969918e+00,2.472577733772299974e-03,-2.592470448271912975e-01,3.124981407834259185e-03,3.286158141161389068e+01,-7.676633890583542730e+00,2.067533392637706413e+01,4.509613594653284707e+00,1.000000000000000000e+00
-1.014237073966658631e+00,-8.927288573480120226e-02,-8.604862849279562020e-01,1.016550440098402452e+00,-1.844664206733721112e+00,2.155567578944752975e-03,-2.697228037580243210e-01,3.123951902627492092e-03,3.287059197021313395e+01,-7.704744983348594367e+00,2.067318105760300284e+01,4.492665929261537627e+00,1.000000000000000000e+00
-1.014915813415698143e+00,-9.002462439109269743e-02,-8.604279748957502916e-01,1.017228412653971903e+00,-1.833602922810768865e+00,1.802832286667577352e-03,-2.804255529893773247e-01,3.122922740703399855e-03,3.287948722389969447e+01,-7.732436992909660134e+00,2.067107358758934765e+01,4.475976643400692012e+00,1.000000000000000000e+00
-1.015581730825417361e+00,-9.076177598284571046e-02,-8.603708300360913830e-01,1.017893563429037584e+00,-1.822295212006246778e+00,1.413063997261357254e-03,-2.913376979888712137e-01,3.121893921952762982e-03,3.288822830111042350e+01,-7.759592008411678954e+00,2.066901979310567938e+01,4.459616499593067829e+00,1.000000000000000000e+00
-1.016232014684631091e+00,-9.148125410750118647e-02,-8.603150864188316982e-01,1.018543080912329701e+00,-1.810757910824671191e+00,9.853593151401343619e-04,-3.024414988558364881e-01,3.120865446266169428e-03,3.289677737758470499e+01,-7.786096299924451181e+00,2.066702742596744002e+01,4.443653651692813789e+00,1.000000000000000000e+00
-1.016863968699105891e+00,-9.218010547118501985e-02,-8.602609691491442945e-01,1.019174268809529771e+00,-1.799008383750021700e+00,5.192905531376504260e-04,-3.137191634185587663e-01,3.119837313533994211e-03,3.290509793895602542e+01,-7.811841038380349822e+00,2.066510368015674715e+01,4.428153220418927560e+00,1.000000000000000000e+00
-1.017475028728636488e+00,-9.285552787482531656e-02,-8.602086910302761957e-01,1.019784562980347919e+00,-1.787064503582167285e+00,1.497197086802683121e-05,-3.251529331362138509e-01,3.118809523646474437e-03,3.291315503010071808e+01,-7.836722959216774420e+00,2.066325516661220618e+01,4.413176904271734813e+00,1.000000000000000000e+00
-1.018062778384261735e+00,-9.350488663865182126e-02,-8.601584513609984439e-01,1.020371547035737958e+00,-1.774944632243957710e+00,-5.268822974455976676e-04,-3.367251602196048577e-01,3.117782076493655092e-03,3.292091548985735727e+01,-7.860644968422906054e+00,2.066148789510923578e+01,4.398782626325212775e+00,1.000000000000000000e+00
-1.018624963247231507e+00,-9.412572944423351629e-02,-8.601104348676288369e-01,1.020932966556864718e+00,-1.762667600258487788e+00,-1.104912003123322342e-03,-3.484183743937456779e-01,3.116754971965426772e-03,3.292834816984045432e+01,-7.883516690197794219e+00,2.065980726257681965e+01,4.385024217065836005e+00,1.000000000000000000e+00
-1.019159503680615586e+00,-9.471579958385727138e-02,-8.600648107694154332e-01,1.021466741906712716e+00,-1.750252683109549956e+00,-1.717079492883866144e-03,-3.602153378275528284e-01,3.115728209951502698e-03,3.293542413617371523e+01,-7.905254955825409269e+00,2.065821804714785870e+01,4.371951133200447259e+00,1.000000000000000000e+00
-1.019664506211748645e+00,-9.527304761498288366e-02,-8.600217319752446743e-01,1.021970979612531139e+00,-1.737719572815766833e+00,-2.360656305404729323e-03,-3.720990869631530251e-01,3.114701790341467286e-03,3.294211685306309079e+01,-7.925784233671036461e+00,2.065672440721676040e+01,4.359608212175291264e+00,1.000000000000000000e+00
-1.020138273469313406e+00,-9.579564142308688579e-02,-8.599813344090602163e-01,1.022443982302917442e+00,-1.725088343272589864e+00,-3.032230051212179804e-03,-3.840529602939946052e-01,3.113675713024734951e-03,3.294840234722024519e+01,-7.945037000415110739e+00,2.065532988477760412e+01,4.348035462027530329e+00,1.000000000000000000e+00
-1.020579312663186800e+00,-9.628197469992665070e-02,-8.599437364610088563e-01,1.022884257187663071e+00,-1.712379408240758405e+00,-3.727733226339613286e-03,-3.960606115627300361e-01,3.112649977890580896e-03,3.295425935223755687e+01,-7.962954053783372288e+00,2.065403741233633639e+01,4.337267886117849081e+00,1.000000000000000000e+00
-1.020986342598654728e+00,-9.673067384665857971e-02,-8.599090385611183329e-01,1.023290523071968217e+00,-1.699613471271252951e+00,-4.442494686006650748e-03,-4.081060083625835944e-01,3.111624584828150651e-03,3.295966943210962796e+01,-7.979484767125792466e+00,2.065284932272819063e+01,4.327335342255646644e+00,1.000000000000000000e+00
-1.021358299219728538e+00,-9.714060331291544947e-02,-8.598773228722194073e-01,1.023661715899758518e+00,-1.686811467333443337e+00,-5.171313447989579759e-03,-4.201734167058328584e-01,3.110599533726451406e-03,3.296461708319925776e+01,-7.994587286262461845e+00,2.065176736122356971e+01,4.318262435713227099e+00,1.000000000000000000e+00
-1.021694339679496855e+00,-9.751086938441404228e-02,-8.598486530988048715e-01,1.023996992824036667e+00,-1.673994496426240319e+00,-5.908553367671059812e-03,-4.322473727376072716e-01,3.109574824474361978e-03,3.296908981406101447e+01,-8.008228669071860040e+00,2.065079269936908091e+01,4.310068445620074407e+00,1.000000000000000000e+00
-1.021993844939082630e+00,-9.784082243337886842e-02,-8.598230744085315624e-01,1.024295734805839686e+00,-1.661183749967587442e+00,-6.648256100965984662e-03,-4.443126433834703737e-01,3.108550456960642357e-03,3.297307820266630074e+01,-8.020384968362275657e+00,2.064992595008213527e+01,4.302767284221890698e+00,1.000000000000000000e+00
-1.022256420901070051e+00,-9.813005764832721800e-02,-8.598006134630910013e-01,1.024557547747665831e+00,-1.648400431239065211e+00,-7.384268726408143961e-03,-4.563541782827293947e-01,3.107526431073931537e-03,3.297657593072084836e+01,-8.031041258651585579e+00,2.064916718359499015e+01,4.296367488474272633e+00,1.000000000000000000e+00
-1.022481898088304586e+00,-9.837841426271302925e-02,-8.597812785551846027e-01,1.024782262172274416e+00,-1.635665671573723001e+00,-8.110381511761438622e-03,-4.683570558339917866e-01,3.106502746702747945e-03,3.297957979492807823e+01,-8.040191607589598277e+00,2.064851594392494505e+01,4.290872243413536680e+00,1.000000000000000000e+00
-1.022670329884654006e+00,-9.858597330552962279e-02,-8.597650598483339568e-01,1.024969931463447059e+00,-1.623000444284410149e+00,-8.820470653470215833e-03,-4.803064265273839784e-01,3.105479403735505496e-03,3.298208969522630696e+01,-8.047838992889309040e+00,2.064797126562971741e+01,4.286279436707279622e+00,1.000000000000000000e+00
-1.022821989360455097e+00,-9.875305390105068581e-02,-8.597519297162439234e-01,1.025120828691434172e+00,-1.610425478511763986e+00,-9.508640443747313695e-03,-4.921874569294752422e-01,3.104456402060516186e-03,3.298410860020925384e+01,-8.053995165782442456e+00,2.064753169068915284e+01,4.282581743737659430e+00,1.000000000000000000e+00
-1.022937364711631769e+00,-9.888020814915814138e-02,-8.597418431784309423e-01,1.025235442052073509e+00,-1.597961175210081741e+00,-1.016935926382248750e-02,-5.039852777041575749e-01,3.103433741565979256e-03,3.298564249012159166e+01,-8.058680462170089598e+00,2.064719528543504978e+01,4.279766742516453171e+00,1.000000000000000000e+00
-1.023017153347527852e+00,-9.896821462184622609e-02,-8.597347384288410721e-01,1.025314468954622527e+00,-1.585627527381340274e+00,-1.079758407182282616e-02,-5.156849388907452925e-01,3.102411422140002439e-03,3.298670027799724380e+01,-8.061923562789710118e+00,2.064695965752881079e+01,4.277817057678725554e+00,1.000000000000000000e+00
-1.023062254668043236e+00,-9.901807051522139302e-02,-8.597305374542328904e-01,1.025358808798894517e+00,-1.573444046420147790e+00,-1.138886863295700616e-02,-5.272713753288392757e-01,3.101389443670599794e-03,3.298729370967206620e+01,-8.063761203854800996e+00,2.064682197306054334e+01,4.276710532756727190e+00,1.000000000000000000e+00
-1.023073761575482576e+00,-9.903098249945019305e-02,-8.597291467391889874e-01,1.025369554487107759e+00,-1.561429696064196238e+00,-1.193945158663011624e-02,-5.387293846407598119e-01,3.100367806045689536e-03,3.298743724354922335e+01,-8.064237839736659197e+00,2.064677897391184302e+01,4.276420429900728237e+00,1.000000000000000000e+00
-1.023052950770553027e+00,-9.900835631160886940e-02,-8.597304580547426855e-01,1.025347982719882811e+00,-1.549602834983942357e+00,-1.244632149779725631e-02,-5.500436195905114012e-01,3.099346509153114420e-03,3.298714791112281119e+01,-8.063405259347655729e+00,2.064682699558639456e+01,4.276915656188769788e+00,1.000000000000000000e+00
-1.023001271885269459e+00,-9.895178513838995271e-02,-8.597343493277466164e-01,1.025295543129147946e+00,-1.537981168526708187e+00,-1.290725722171080780e-02,-5.611985959749360431e-01,3.098325552880623959e-03,3.298644515937230182e+01,-8.061322157957263812e+00,2.064696198576574204e+01,4.278161015649303955e+00,1.000000000000000000e+00
-1.022920335508379797e+00,-9.886303683741660964e-02,-8.597406855882403498e-01,1.025213846303564047e+00,-1.526581709592408798e+00,-1.332084313843977935e-02,-5.721787165134653019e-01,3.097304937115890472e-03,3.298535067622973571e+01,-8.058053666236769885e+00,2.064717952389065303e+01,4.280117486102322566e+00,1.000000000000000000e+00
-1.022811900161670451e+00,-9.874404004792294853e-02,-8.597493199921497631e-01,1.025104650764831149e+00,-1.515420748099039816e+00,-1.368646000281311531e-02,-5.829683105326897152e-01,3.096284661746509948e-03,3.298388820039679814e+01,-8.053670838401474796e+00,2.064747484209910766e+01,4.282742519896224564e+00,1.000000000000000000e+00
-1.022677858288582708e+00,-9.859686924426143417e-02,-8.597600949166432915e-01,1.024969848956303276e+00,-1.504513828030766387e+00,-1.400425323111983110e-02,-5.935516886315701512e-01,3.095264726660006821e-03,3.298208331685518857e+01,-8.048250101418199520e+00,2.064784284786860979e+01,4.285990367568391690e+00,1.000000000000000000e+00
-1.022520221320379452e+00,-9.842372878958030591e-02,-8.597728431253268688e-01,1.024811452309156934e+00,-1.493875730678803970e+00,-1.427508134601410301e-02,-6.039132109956512062e-01,3.094245131743834833e-03,3.297996323947662489e+01,-8.041872667388782148e+00,2.064827814871144795e+01,4.289812423376407224e+00,1.000000000000000000e+00
-1.022341103890049396e+00,-9.822693605249230298e-02,-8.597873890001531683e-01,1.024631575456293797e+00,-1.483520462405980345e+00,-1.450044798152705545e-02,-6.140373676274880621e-01,3.093225876885374436e-03,3.297755658220278718e+01,-8.034623911422386300e+00,2.064877507925559286e+01,4.294157591524822237e+00,1.000000000000000000e+00
-1.022142707270456308e+00,-9.800890365691901362e-02,-8.598035498364259288e-01,1.024432419670490590e+00,-1.473461245101414629e+00,-1.468242128679635855e-02,-6.239088684882373448e-01,3.092206961971954039e-03,3.297489312033482634e+01,-8.026592717581310765e+00,2.064932773101050856e+01,4.298972671743022111e+00,1.000000000000000000e+00
-1.021927302121082626e+00,-9.777212094467337133e-02,-8.598211371965888139e-01,1.024216255611142712e+00,-1.463710507444358377e+00,-1.482354475609453173e-02,-6.335127414037882154e-01,3.091188386890833962e-03,3.297200354354815488e+01,-8.017870795831379738e+00,2.064992998506631494e+01,4.304202762650475300e+00,1.000000000000000000e+00
-1.021697210637027675e+00,-9.751913474168014129e-02,-8.598399583175980743e-01,1.023985405473262444e+00,-1.454279875159493196e+00,-1.492674346825972019e-02,-6.428344355700338353e-01,3.090170151529218583e-03,3.296891920233154138e+01,-8.008551973346639485e+00,2.065057554790701388e+01,4.309791681077903114e+00,1.000000000000000000e+00
-1.021454788204515740e+00,-9.725252953179869264e-02,-8.598598175656174680e-01,1.023742224642987253e+00,-1.445180158606273357e+00,-1.499522947003522656e-02,-6.518599285801890408e-01,3.089152255774255465e-03,3.296567184963831210e+01,-7.998731464000401914e+00,2.065125799043555332e+01,4.315682395202369293e+00,1.000000000000000000e+00
-1.021202404678712705e+00,-9.697490715661077898e-02,-8.598805179305629709e-01,1.023489082975395537e+00,-1.436421336283317141e+00,-1.503240962528039869e-02,-6.605758350711883331e-01,3.088134699513041866e-03,3.296229337962840589e+01,-7.988505120405998028e+00,2.065197079021235282e+01,4.321817469010070134e+00,1.000000000000000000e+00
-1.020942425411709653e+00,-9.668886617474807543e-02,-8.599018625517164116e-01,1.023228345822491558e+00,-1.428012533123266259e+00,-1.504179872190570914e-02,-6.689695153218913060e-01,3.087117482632619966e-03,3.295881556546909508e+01,-7.977968673431722557e+00,2.065270737680235058e+01,4.328139515235033485e+00,1.000000000000000000e+00
-1.020677192170589276e+00,-9.639698102974299243e-02,-8.599236562642638138e-01,1.022962354951270525e+00,-1.419961992780741200e+00,-1.502694002880410919e-02,-6.770291824081960952e-01,3.086100605019984240e-03,3.295526979824385450e+01,-7.967216964682442004e+00,2.065346118001211195e+01,4.334591653549310308e+00,1.000000000000000000e+00
-1.020409004096989092e+00,-9.610178119032568300e-02,-8.599457071552556453e-01,1.022693409503282913e+00,-1.412277043453494585e+00,-1.499133487179791537e-02,-6.847440068059393870e-01,3.085084066562094034e-03,3.295168682908867197e+01,-7.956343177990739868e+00,2.065422568068160913e+01,4.341117970416335403e+00,1.000000000000000000e+00
-1.020140098869954270e+00,-9.580573044086629353e-02,-8.599678281161869942e-01,1.022423747157486851e+00,-1.404964057104553410e+00,-1.493838219101559575e-02,-6.921042176113763045e-01,3.084067867145852317e-03,3.294809651672711936e+01,-7.945438076467580935e+00,2.065499446357936009e+01,4.347663976680194331e+00,1.000000000000000000e+00
-1.019872634242569909e+00,-9.551120651159243635e-02,-8.599898383782219602e-01,1.022155525666879949e+00,-1.398028402254199554e+00,-1.487132848483642758e-02,-6.991011998052565346e-01,3.083052006658134302e-03,3.294452758260566583e+01,-7.934589252101222456e+00,2.065576127183866006e+01,4.354177058665795741e+00,1.000000000000000000e+00
-1.019608670129351857e+00,-9.522048124763689281e-02,-8.600115650150853552e-01,1.021890804945890574e+00,-1.391474390772358349e+00,-1.479322806143945970e-02,-7.057275872088860647e-01,3.082036484985767062e-03,3.294100737583457317e+01,-7.923880395239171648e+00,2.065652006227131565e+01,4.360606918324100967e+00,1.000000000000000000e+00
-1.019350151425189033e+00,-9.493570152228764103e-02,-8.600328443978810800e-01,1.021631529889320600e+00,-1.385305219315834613e+00,-1.470691312292909947e-02,-7.119773509627659314e-01,3.081021302015546880e-03,3.293756165011385662e+01,-7.913390591519292805e+00,2.065726506080755343e+01,4.366905997787024596e+00,1.000000000000000000e+00
-1.019098891737321599e+00,-9.465887110246459790e-02,-8.600535235856151539e-01,1.021379514104322705e+00,-1.379522906216285705e+00,-1.461497290539022151e-02,-7.178458834985640413e-01,3.080006457634239681e-03,3.293421435476493997e+01,-7.903193653912238048e+00,2.065799081724090769e+01,4.373029883611805779e+00,1.000000000000000000e+00
-1.018856558209052965e+00,-9.439183367295932159e-02,-8.600734616350511619e-01,1.021136424734113035e+00,-1.374128224732895642e+00,-1.451974089022967269e-02,-7.233300780750993031e-01,3.078991951728572360e-03,3.293098744189516935e+01,-7.893357497480887552e+00,2.065869225840833678e+01,4.378937686005958341e+00,1.000000000000000000e+00
-1.018624657607323236e+00,-9.413625721994781093e-02,-8.600925308137458147e-01,1.020903768545544210e+00,-1.369120633640364071e+00,-1.442328898122670518e-02,-7.284284040133023330e-01,3.077977784185243187e-03,3.292790069159155308e+01,-7.883943564238830248e+00,2.065936473891171232e+01,4.384592388441026500e+00,1.000000000000000000e+00
-1.018404523835677367e+00,-9.389361996341169525e-02,-8.601106177007324938e-01,1.020682879442073920e+00,-1.364498206132172875e+00,-1.432742749721151523e-02,-7.331409778002704325e-01,3.076963954890918340e-03,3.292497155687124177e+01,-7.875006305087858927e+00,2.066000408848965719e+01,4.389961163293738977e+00,1.000000000000000000e+00
-1.018197307019393039e+00,-9.366519801217128294e-02,-8.601276241603710293e-01,1.020474907548892363e+00,-1.360257557986874755e+00,-1.423370984912934907e-02,-7.374696302459149422e-01,3.075950463732246652e-03,3.292221502990815196e+01,-7.866592725226367655e+00,2.066060665518001827e+01,4.395015649501779365e+00,1.000000000000000000e+00
-1.018003964290498331e+00,-9.345205489413727085e-02,-8.601434681763697743e-01,1.020280809997940352e+00,-1.356393775877818841e+00,-1.414344083830863796e-02,-7.414179698749674419e-01,3.074937310595852666e-03,3.291964353080718553e+01,-7.858741998642611470e+00,2.066116934347376599e+01,4.399732188690823165e+00,1.000000000000000000e+00
-1.017825252377123180e+00,-9.325503308813362646e-02,-8.601580845349222626e-01,1.020101343517260117e+00,-1.352900346611380256e+00,-1.405768761603425933e-02,-7.449914427291767227e-01,3.073924495368337076e-03,3.291726681990941472e+01,-7.851485156339312432e+00,2.066168964675070896e+01,4.404092016819410205e+00,1.000000000000000000e+00
-1.017661722074148845e+00,-9.307474765233880731e-02,-8.601714253482746209e-01,1.019937058901645432e+00,-1.349769087962109371e+00,-1.397729247000997245e-02,-7.481973887456975225e-01,3.072912017936274554e-03,3.291509193428372981e+01,-7.844844851783032702e+00,2.066216567340481447e+01,4.408081409095896852e+00,1.000000000000000000e+00
-1.017513714640631450e+00,-9.291158200826435398e-02,-8.601834604128413275e-01,1.019788297410064937e+00,-1.346990081642165826e+00,-1.390288673946990690e-02,-7.510450948725445608e-01,3.071899878186229362e-03,3.291312314869296074e+01,-7.838835205741536249e+00,2.066259616621001527e+01,4.411691776741426096e+00,1.000000000000000000e+00
-1.017381360134174573e+00,-9.276568589853795288e-02,-8.601941773991831353e-01,1.019655189100034942e+00,-1.344551608802834863e+00,-1.383490529785110987e-02,-7.535458450844040312e-01,3.070888076004741046e-03,3.291136196091633082e+01,-7.833461731175938247e+00,2.066298051464331564e+01,4.414919715097090247e+00,1.000000000000000000e+00
-1.017264577653621549e+00,-9.263697549198555981e-02,-8.602035818747255647e-01,1.019537653070311078e+00,-1.342440088323731073e+00,-1.377360117220032161e-02,-7.557129674740229452e-01,3.069876611278337004e-03,3.290980710086579819e+01,-7.828721337206610009e+00,2.066331876006701052e+01,4.417767003592189212e+00,1.000000000000000000e+00
-1.017163077419439565e+00,-9.252513556105845804e-02,-8.602116971639824916e-01,1.019435399541273046e+00,-1.340640018005383460e+00,-1.371905998574094940e-02,-7.575618786170572605e-01,3.068865483893533797e-03,3.290845456245328648e+01,-7.824602409388842439e+00,2.066361159387176727e+01,4.420240559192690100e+00,1.000000000000000000e+00
-1.017076364576325220e+00,-9.242962360499915042e-02,-8.602185640552135748e-01,1.019347933657530403e+00,-1.339133918647756216e+00,-1.367121400968423876e-02,-7.591101254417396138e-01,3.067854693736830635e-03,3.290729765664912776e+01,-7.821084961633431476e+00,2.066386034889282897e+01,4.422352346122880640e+00,1.000000000000000000e+00
-1.017003744555226241e+00,-9.234967573777266847e-02,-8.602242403668448611e-01,1.019274560849942723e+00,-1.337902280874776029e+00,-1.362985568918393883e-02,-7.603774248783976564e-01,3.066844240694715888e-03,3.290632708362132774e+01,-7.818140853106543275e+00,2.066406698462810709e+01,4.424119245886689811e+00,1.000000000000000000e+00
-1.016944329782456524e+00,-9.228431410314695549e-02,-8.602288003915636860e-01,1.019214393544736641e+00,-1.336923514456316076e+00,-1.359465056411676698e-02,-7.613857016166892810e-01,3.065834124653671854e-03,3.290553102126098395e+01,-7.815734061358428519e+00,2.066423406700529597e+01,4.425562892897274558e+00,1.000000000000000000e+00
-1.016897047472168580e+00,-9.223235552076788912e-02,-8.602323342407297568e-01,1.019166358955977181e+00,-1.336173899786842423e+00,-1.356514953684522830e-02,-7.621591243591939735e-01,3.064824345500170855e-03,3.290489522678221590e+01,-7.813821000775812209e+00,2.066436474366172149e+01,4.426709482344697300e+00,1.000000000000000000e+00
-1.016860648185321736e+00,-9.219242100693121611e-02,-8.602349471165847694e-01,1.019129207644536184e+00,-1.335627541105927296e+00,-1.354080044577867653e-02,-7.627241410273379874e-01,3.063814903120676975e-03,3.290440314743571548e+01,-7.812350873238544047e+00,2.066446271591253137e+01,4.427589558284659610e+00,1.000000000000000000e+00
-1.016833714783566656e+00,-9.216294575215876195e-02,-8.602367585446735188e-01,1.019101522471976606e+00,-1.335256320990872991e+00,-1.352095888562262864e-02,-7.631095134485210707e-01,3.062805797401651261e-03,3.290403603569343005e+01,-7.811266035593061652e+00,2.066453220878816666e+01,4.428237791312218619e+00,1.000000000000000000e+00
-1.016814671350149579e+00,-9.214218907466113773e-02,-8.602379016038927961e-01,1.019081727521457204e+00,-1.335029855615769367e+00,-1.350489817369717772e-02,-7.633463521307410904e-01,3.061797028229547822e-03,3.290377306354709219e+01,-7.810502366234153726e+00,2.066457794072037757e+01,4.428692756592575996e+00,1.000000000000000000e+00
-1.016801791591883219e+00,-9.212824380414585956e-02,-8.602385221966715179e-01,1.019068096499703424e+00,-1.334915450252925240e+00,-1.349181829848257810e-02,-7.634681518126165134e-01,3.060788595490820333e-03,3.290359142981434104e+01,-7.809989610706177032e+00,2.066460509464794271e+01,4.428996724460236400e+00,1.000000000000000000e+00
-1.016793206176191955e+00,-9.211904448388931466e-02,-8.602387784069719379e-01,1.019058760074051717e+00,-1.334878054489230026e+00,-1.348085360454659432e-02,-7.635108285620977320e-01,3.059780499071920300e-03,3.290346645356058985e+01,-7.809651683783721765e+00,2.066461929250118601e+01,4.429195477275694515e+00,1.000000000000000000e+00
-1.016786908394779143e+00,-9.211237370998932861e-02,-8.602388399991224288e-01,1.019051711536118177e+00,-1.334880216637110539e+00,-1.347107887138931405e-02,-7.635127592866653989e-01,3.058772738859296195e-03,3.290337164592034469e+01,-7.809406902949690199e+00,2.066462657521226376e+01,4.429338167758404055e+00,1.000000000000000000e+00
-1.016781130197476735e+00,-9.210627772530023682e-02,-8.602388565808588572e-01,1.019045182835647045e+00,-1.334888997882012429e+00,-1.346168257762881196e-02,-7.635076943216633216e-01,3.057765314739400823e-03,3.290328367094055295e+01,-7.809183297613804697e+00,2.066463226785189988e+01,4.429468105474859918e+00,1.000000000000000000e+00
-1.016775462591090529e+00,-9.210041879183569757e-02,-8.602386781371271773e-01,1.019038764979356637e+00,-1.334897598559354304e+00,-1.345257259201013827e-02,-7.635025254623354352e-01,3.056758226598684392e-03,3.290319256008257298e+01,-7.808968789583067505e+00,2.066463303187638800e+01,4.429590738623125468e+00,1.000000000000000000e+00
-1.016769205012923338e+00,-9.209519479730395031e-02,-8.602364567722908806e-01,1.019029793953478702e+00,-1.334905733586219112e+00,-1.344421457127168568e-02,-7.634970721342676514e-01,3.055751474323602744e-03,3.290304180042372195e+01,-7.808781847450219971e+00,2.066458371085308698e+01,4.429676242120421215e+00,1.000000000000000000e+00
-1.016761925179958004e+00,-9.209101951308829026e-02,-8.602307835633122846e-01,1.019017126155526975e+00,-1.334913096078317984e+00,-1.343709353683140637e-02,-7.634911561997383966e-01,3.054745057800615192e-03,3.290278988279128924e+01,-7.808640576573435688e+00,2.066444980314451030e+01,4.429699503073346811e+00,1.000000000000000000e+00
-1.016752958015779695e+00,-9.208833576815468602e-02,-8.602198003696081008e-01,1.018998421844637292e+00,-1.334919365385143220e+00,-1.343172663366550695e-02,-7.634845811636865598e-01,3.053738976916185819e-03,3.290238059080905941e+01,-7.808565103150643338e+00,2.066418587361317094e+01,4.429629614045247799e+00,1.000000000000000000e+00
-1.016741708191931881e+00,-9.208757075829934746e-02,-8.602017948717887164e-01,1.018971679362222993e+00,-1.334924230595062822e+00,-1.342861271025667415e-02,-7.634771590886690884e-01,3.052733231556783479e-03,3.290176239154989446e+01,-7.808574668031470267e+00,2.066375003991954173e+01,4.429437683598887787e+00,1.000000000000000000e+00
-1.016727589439735624e+00,-9.208914494595313305e-02,-8.601750813921006378e-01,1.018934927973727866e+00,-1.334927385424653723e+00,-1.342824326603294857e-02,-7.634687047580883679e-01,3.051727821608885699e-03,3.290088455014233659e+01,-7.808688205500549095e+00,2.066310107091601012e+01,4.429095273725784487e+00,1.000000000000000000e+00
-1.016710024366235032e+00,-9.209347200545253687e-02,-8.601380007497644309e-01,1.018886227572735281e+00,-1.334928527784488450e+00,-1.343110336956839478e-02,-7.634590351922052598e-01,3.050722746958973910e-03,3.289969712309522976e+01,-7.808924340015473753e+00,2.066219838295512545e+01,4.428574400124639432e+00,1.000000000000000000e+00
-1.016688444242799028e+00,-9.210095875015970879e-02,-8.600889201151469265e-01,1.018823668357731638e+00,-1.334927359270235758e+00,-1.343767273659574220e-02,-7.634479690790255679e-01,3.049718007493541685e-03,3.289815095112290777e+01,-7.809301381970234601e+00,2.066100203614166375e+01,4.427847533011021852e+00,1.000000000000000000e+00
-1.016662288768034772e+00,-9.211200504253341803e-02,-8.600262328628550668e-01,1.018745370483182366e+00,-1.334923584582638600e+00,-1.344842696021120512e-02,-7.634353261241179078e-01,3.048713603099092572e-03,3.289619765150176534e+01,-7.809837322542541926e+00,2.065947273053248878e+01,4.426887598426747950e+00,1.000000000000000000e+00
-1.016631005806619026e+00,-9.212700368821519215e-02,-8.599483584238458711e-01,1.018649483686525636e+00,-1.334916910879331287e+00,-1.346383888690358237e-02,-7.634209263227664799e-01,3.047709533662137059e-03,3.289378960998852364e+01,-7.810549827681292356e+00,2.065757180228851553e+01,4.425667980018730852e+00,1.000000000000000000e+00
-1.016594051105604413e+00,-9.214634031516670543e-02,-8.598537421366497790e-01,1.018534186892641413e+00,-1.334907047060835295e+00,-1.348438013340435247e-02,-7.634045891571260567e-01,3.046705799069198643e-03,3.289087997232979177e+01,-7.811456231288592456e+00,2.065526121978307472e+01,4.424162521258141467e+00,1.000000000000000000e+00
-1.016550887989716490e+00,-9.217039323886068447e-02,-8.597408550978162811e-01,1.018397687797310214e+00,-1.334893702992376641e+00,-1.351052274080716091e-02,-7.633861327202843272e-01,3.045702399206812964e-03,3.288742263539211308e+01,-7.812573527648717153e+00,2.065250357967136807e+01,4.422345528072044729e+00,1.000000000000000000e+00
-1.016500987037097348e+00,-9.219953331449651235e-02,-8.596081940116876430e-01,1.018238222431119500e+00,-1.334876588662462060e+00,-1.354274096393873889e-02,-7.633653727683156198e-01,3.044699333961529975e-03,3.288337223794072628e+01,-7.813918363154357394e+00,2.064926210292559716e+01,4.420191771860787711e+00,1.000000000000000000e+00
-1.016443825736915940e+00,-9.223412377717678245e-02,-8.594542810396259558e-01,1.018054054705236355e+00,-1.334855413278389635e+00,-1.358151319557671100e-02,-7.633421217005517123e-01,3.043696603219908734e-03,3.287868415109526410e+01,-7.815507027378506777e+00,2.064550063084097076e+01,4.417676492875803440e+00,1.000000000000000000e+00
-1.016378888130210267e+00,-9.227452007094960607e-02,-8.592776636488127506e-01,1.017843475940412024e+00,-1.334829884298078140e+00,-1.362732402679413257e-02,-7.633161874674083691e-01,3.042694206868528685e-03,3.287331446848951799e+01,-7.817355443538309245e+00,2.064118362101761051e+01,4.414775403933614228e+00,1.000000000000000000e+00
-1.016305664435279033e+00,-9.232106966758955868e-02,-8.590769144607613983e-01,1.017604804380536132e+00,-1.334799706396780472e+00,-1.368066644646846394e-02,-7.632873724041631114e-01,3.041692144793979678e-03,3.286721999616226242e+01,-7.819479158395055585e+00,2.063627614332397187e+01,4.411464694443246515e+00,1.000000000000000000e+00
-1.016223650658895306e+00,-9.237411187595516437e-02,-8.588506310996777415e-01,1.017336384692012041e+00,-1.334764580366380127e+00,-1.374204418483111756e-02,-7.632554719881089467e-01,3.040690416882866742e-03,3.286035824220534352e+01,-7.821893331632609581e+00,2.063074387584738290e+01,4.407721034725367026e+00,1.000000000000000000e+00
-1.016132348194563662e+00,-9.243397764272656691e-02,-8.585974360408208383e-01,1.017036587450177443e+00,-1.334724201944068822e+00,-1.381197420784918695e-02,-7.632202735154949291e-01,3.039689023021813988e-03,3.285268740619489591e+01,-7.824612724754341997e+00,2.062455310083768012e+01,4.403521580602888896e+00,1.000000000000000000e+00
-1.016031263408997187e+00,-9.250098934529552008e-02,-8.583159764590209129e-01,1.016703808613943050e+00,-1.334678260566270369e+00,-1.389098937124157163e-02,-7.631815546935859507e-01,3.038687963097462877e-03,3.284416636843087645e+01,-7.827651689536676116e+00,2.061767070065021201e+01,4.398843978244002528e+00,1.000000000000000000e+00
-1.015919907217939677e+00,-9.257546057754191537e-02,-8.580049240775160513e-01,1.016336468989777364e+00,-1.334626438042670893e+00,-1.397964124504309444e-02,-7.631390821420691584e-01,3.037687236996470478e-03,3.283475467900969136e+01,-7.831024156075236498e+00,2.061006415369459077e+01,4.393666369239880076e+00,1.000000000000000000e+00
-1.015797794652413932e+00,-9.265769592919757824e-02,-8.576629750172847233e-01,1.015933013686117103e+00,-1.334568407144176350e+00,-1.407850312185835069e-02,-7.630926097968423472e-01,3.036686844605510343e-03,3.282441254675420339e+01,-7.834743620457502722e+00,2.060170153039604912e+01,4.387967395900670198e+00,1.000000000000000000e+00
-1.015664444416421119e+00,-9.274799075945933113e-02,-8.572888496470479902e-01,1.015491911559229354e+00,-1.334503830097507615e+00,-1.418817322431025450e-02,-7.630418772079694545e-01,3.035686785811282044e-03,3.281310082802465189e+01,-7.838823132093772905e+00,2.059255148917627309e+01,4.381726206754620989e+00,1.000000000000000000e+00
-1.015519378437077513e+00,-9.284663096547843275e-02,-8.568812924341365767e-01,1.015011654651510442e+00,-1.334432356977953926e+00,-1.430927812970644863e-02,-7.629866077222620113e-01,3.034687060500496861e-03,3.280078101543386282e+01,-7.843275280736119903e+00,2.058258327246116082e+01,4.374922462236598086e+00,1.000000000000000000e+00
-1.015362121408113882e+00,-9.295389274630846965e-02,-8.564390717964118771e-01,1.014490757623147887e+00,-1.334353623990542248e+00,-1.444247643264107324e-02,-7.629265065395071099e-01,3.033687668559891231e-03,3.278741522648925155e+01,-7.848112183212814230e+00,2.057176670272290764e+01,4.367536340553546559e+00,1.000000000000000000e+00
-1.015192200327619254e+00,-9.307004236285926213e-02,-8.559609799554477316e-01,1.013927757178026301e+00,-1.334267251628508788e+00,-1.458846266915168367e-02,-7.628612586298393339e-01,3.032688609876221970e-03,3.277296619218374474e+01,-7.853345469903527665e+00,2.056007217856436498e+01,4.359548543715868085e+00,1.000000000000000000e+00
-1.015009144030854182e+00,-9.319533589435305410e-02,-8.554458327911835802e-01,1.013321211484703444e+00,-1.334172842696484507e+00,-1.474797152918874005e-02,-7.627905264980857636e-01,3.031689884336265847e-03,3.275739724555715782e+01,-7.858986270978331135e+00,2.054747067085376244e+01,4.350940303725082003e+00,1.000000000000000000e+00
-1.014812482718904896e+00,-9.333001899173830329e-02,-8.548924696982663773e-01,1.012669699593226280e+00,-1.334069980184192206e+00,-1.492178238756165093e-02,-7.627139477791226030e-01,3.030691491826820010e-03,3.274067231024897495e+01,-7.865045202421129034e+00,2.053393371891822738e+01,4.341693388909633633e+00,1.000000000000000000e+00
-1.014601747483896199e+00,-9.347432662846175133e-02,-8.542997534443100838e-01,1.011971820848506232e+00,-1.333958224974704843e+00,-1.511072418724113998e-02,-7.626311326463145468e-01,3.029693432234701993e-03,3.272275588906283161e+01,-7.871532351855768717e+00,2.051943342680485571e+01,4.331790110402219618e+00,1.000000000000000000e+00
-1.014376469831415273e+00,-9.362848284894859097e-02,-8.536665700303063264e-01,1.011226194300906434e+00,-1.333837113369386929e+00,-1.531568071296876901e-02,-7.625416610129646111e-01,3.028695705446758819e-03,3.270361305256248130e+01,-7.878457264190489973e+00,2.050394245961840767e+01,4.321213328753598759e+00,1.000000000000000000e+00
-1.014136181200743225e+00,-9.379270051507619665e-02,-8.529918285534316968e-01,1.010431458114633863e+00,-1.333706154409527667e+00,-1.553759629758899585e-02,-7.624450795043478113e-01,3.027698311349855294e-03,3.268320942771825344e+01,-7.885828927093554874e+00,2.048743403994507162e+01,4.309946460679637603e+00,1.000000000000000000e+00
-1.013880412483415094e+00,-9.396718105086547534e-02,-8.522744610725037084e-01,1.009586268974463463e+00,-1.333564826972347239e+00,-1.577748200844171847e-02,-7.623408981753130309e-01,3.026701249830880940e-03,3.266151118662227759e+01,-7.893655756310115734e+00,2.046988194437209785e+01,4.297973485940072891e+00,1.000000000000000000e+00
-1.013608693540566819e+00,-9.415211418553887102e-02,-8.515134224763503124e-01,1.008689301491246582e+00,-1.333412576616476608e+00,-1.603642236658913214e-02,-7.622285869455758256e-01,3.025704520776743931e-03,3.263848503529018785e+01,-7.901945580827156590e+00,2.045126050011354479e+01,4.285278954349491798e+00,1.000000000000000000e+00
-1.013320552719439105e+00,-9.434767769501362089e-02,-8.507076903553660863e-01,1.007739247606576960e+00,-1.333248812149165241e+00,-1.631558265765368707e-02,-7.621075717216737599e-01,3.024708124074395807e-03,3.261409820256593406e+01,-7.910705627889877078e+00,2.043154458175283494e+01,4.271847992923225590e+00,1.000000000000000000e+00
-1.013015516369326852e+00,-9.455403714180275754e-02,-8.498562648765456418e-01,1.006734815996903842e+00,-1.333072901884301498e+00,-1.661621689971056956e-02,-7.619772301710523443e-01,3.023712059610799818e-03,3.258831842914571553e+01,-7.919942507869131454e+00,2.041070960811338608e+01,4.257666313163205096e+00,1.000000000000000000e+00
-1.012693108357167082e+00,-9.477134561319963679e-02,-8.489581686622940104e-01,1.005674731477280481e+00,-1.332884169556820098e+00,-1.693967654106001697e-02,-7.618368871098857298e-01,3.022716327272942198e-03,3.256111395673589470e+01,-7.929662198975308662e+00,2.038873153926910575e+01,4.242720218491490947e+00,1.000000000000000000e+00
-1.012352849582844883e+00,-9.499974345749306881e-02,-8.480124466733324207e-01,1.004557734404833980e+00,-1.332681889855164226e+00,-1.728741996890584623e-02,-7.616858094619366470e-01,3.021720926947836072e-03,3.253245351735869662e+01,-7.939870031809303619e+00,2.036558687370724030e+01,4.226996611842167795e+00,1.000000000000000000e+00
-1.011994257494184701e+00,-9.523935801783274535e-02,-8.470181660960424130e-01,1.003382580081918496e+00,-1.332465283529122191e+00,-1.766102291907680616e-02,-7.615232007409974413e-01,3.020725858522514077e-03,3.250230632281855492e+01,-7.950570673735847471e+00,2.034125264565695801e+01,4.210483003425764537e+00,1.000000000000000000e+00
-1.011616845601448267e+00,-9.549030336319691559e-02,-8.459744162346046759e-01,1.002148038158775289e+00,-1.332233512025527311e+00,-1.806218988705098408e-02,-7.613481950041662838e-01,3.019731121884056992e-03,3.247064205434030271e+01,-7.961768113058383278e+00,2.031570642259780257e+01,4.193167518684133732e+00,1.000000000000000000e+00
-1.011220122991007830e+00,-9.575268001573968013e-02,-8.448803084083270631e-01,1.000852892035368091e+00,-1.331985671598922893e+00,-1.849276665177605056e-02,-7.611598502173623215e-01,3.018736716919554700e-03,3.243743085238926227e+01,-7.973465642967614286e+00,2.028892630296337884e+01,4.175038906458288679e+00,1.000000000000000000e+00
-1.010803593837678260e+00,-9.602657467357486598e-02,-8.437349758545821254e-01,9.994959382618786581e-01,-1.331720786838320958e+00,-1.895475403626396133e-02,-7.609571409679710685e-01,3.017742643516133083e-03,3.240264330668138371e+01,-7.985665845227712722e+00,2.026089091405684428e+01,4.156086547396847131e+00,1.000000000000000000e+00
-1.010366756914986341e+00,-9.631205992780600411e-02,-8.425375736378187819e-01,9.980759859371376441e-01,-1.331437803544524234e+00,-1.945032304278240115e-02,-7.607389504523321966e-01,3.016748901560944041e-03,3.236625044638989124e+01,-7.998370573554805851e+00,2.023157941019636041e+01,4.136300462638748066e+00,1.000000000000000000e+00
-1.009909105102406501e+00,-9.660919397232071992e-02,-8.412872785651593910e-01,9.965918561040226775e-01,-1.331135580885100422e+00,-1.998183151578931949e-02,-7.605040616578301327e-01,3.015755490941165497e-03,3.232822373055262233e+01,-8.011580936631242267e+00,2.020097147111038538e+01,4.115671322811015997e+00,1.000000000000000000e+00
-1.009430124888307523e+00,-9.691802030451603100e-02,-8.399832891091527642e-01,9.950423811405680885e-01,-1.330812882745922243e+00,-2.055184250271021099e-02,-7.602511476505769972e-01,3.014762411543990116e-03,3.228853503868185015e+01,-8.025297280686210399e+00,2.016904730060500484e+01,4.094190457390654458e+00,1.000000000000000000e+00
-1.008929295867022180e+00,-9.723856741471831322e-02,-8.386248253383234985e-01,9.934264041451957850e-01,-1.330468368189121842e+00,-2.116314450135856062e-02,-7.599787608700376840e-01,3.013769663256666079e-03,3.224715666157557337e+01,-8.039519171558026756e+00,2.013578762552798551e+01,4.071849864489579751e+00,1.000000000000000000e+00
-1.008406090228052054e+00,-9.757084846157849933e-02,-8.372111288562481546e-01,9.917427783140839725e-01,-1.330100580917340736e+00,-2.181877380334538291e-02,-7.596853213213700107e-01,3.012777245966451103e-03,3.220406129232596015e+01,-8.054245376135401813e+00,2.010117369505746510e+01,4.048642221133110120e+00,1.000000000000000000e+00
-1.007859972234961043e+00,-9.791486093014437064e-02,-8.357414627499901716e-01,9.899903663082217919e-01,-1.329707937633165304e+00,-2.252203916535594833e-02,-7.593691035447128757e-01,3.011785159560659720e-03,3.215922201751697429e+01,-8.069473843053605933e+00,2.006518728034700771e+01,4.024560894116378407e+00,1.000000000000000000e+00
-1.007290397690954187e+00,-9.827058626864040858e-02,-8.342151115488559698e-01,9.881680396071511607e-01,-1.329288715170633406e+00,-2.327654906469747709e-02,-7.590282222281320434e-01,3.010793403926579574e-03,3.211261230859884108e+01,-8.085201682496132136e+00,2.002781067456330177e+01,3.999599951539426712e+00,1.000000000000000000e+00
-1.006696813387488065e+00,-9.863798949916532943e-02,-8.326313811945909027e-01,9.862746778457390784e-01,-1.328841036262618625e+00,-2.408624182210874348e-02,-7.586606163174260953e-01,3.009801978951582874e-03,3.206420601342194487e+01,-8.101425144922194121e+00,1.998902669335838667e+01,3.973754175141386291e+00,1.000000000000000000e+00
-1.006078656531485871e+00,-9.901701879656189809e-02,-8.309895990243262309e-01,9.843091681295558226e-01,-1.328362853793759069e+00,-2.495541890336691604e-02,-7.582640314615907151e-01,3.008810884523062650e-03,3.201397734790717209e+01,-8.118139598504546584e+00,1.994881867582512669e+01,3.947019073577522796e+00,1.000000000000000000e+00
-1.005435354145808757e+00,-9.940760502855362779e-02,-8.292891137678147784e-01,9.822704043235082061e-01,-1.327851933373471294e+00,-2.588878174159155859e-02,-7.578360006175011154e-01,3.007820120528424939e-03,3.196190088782266159e+01,-8.135339505019194561e+00,1.990717048599264061e+01,3.919390896810846403e+00,1.000000000000000000e+00
-1.004766322436541515e+00,-9.980966124887480362e-02,-8.275292955607862488e-01,9.801572863072872677e-01,-1.327305834047554978e+00,-2.689147245396017114e-02,-7.573738226215912528e-01,3.006829686855106137e-03,3.190795156062953808e+01,-8.153018393877260905e+00,1.986406651492869102e+01,3.890866651823604805e+00,1.000000000000000000e+00
-1.004070966119350539e+00,-1.002230821334819250e-01,-8.257095359765905807e-01,9.779687191898895904e-01,-1.326721886950226637e+00,-2.796911885930658537e-02,-7.568745385202223508e-01,3.005839583390597283e-03,3.185210463735002051e+01,-8.171168833928353692e+00,1.981949168352785051e+01,3.861444119893836735e+00,1.000000000000000000e+00
-1.003348677695627966e+00,-1.006477433479678191e-01,-8.238292480787223759e-01,9.757036124739227878e-01,-1.326097171681418052e+00,-2.912788423586884848e-02,-7.563349054346362177e-01,3.004849810022378574e-03,3.179433572440101941e+01,-8.189782402591585964e+00,1.977343144607919356e+01,3.831121875730258530e+00,1.000000000000000000e+00
-1.002598836667296878e+00,-1.010835008319750650e-01,-8.218878664973354731e-01,9.733608791585739439e-01,-1.325428490177414043e+00,-3.037452229006111851e-02,-7.557513677215454972e-01,3.003860366638025619e-03,3.173462075532455984e+01,-8.208849651783339141e+00,1.972587179472515473e+01,3.799899308816084620e+00,1.000000000000000000e+00
-1.001820808676979979e+00,-1.015301899836157512e-01,-8.198848475334759023e-01,9.709394347679403126e-01,-1.324712337827166797e+00,-3.171643783569069730e-02,-7.551200251776024608e-01,3.002871253125086702e-03,3.167293598233287710e+01,-8.228360070007090243e+00,1.967679926494492548e+01,3.767776647380881361e+00,1.000000000000000000e+00
-1.001013944557649582e+00,-1.019876247235882855e-01,-8.178196692955275182e-01,9.684381962888415352e-01,-1.323944871573046855e+00,-3.316175370593517358e-02,-7.544365980266710681e-01,3.001882469371168222e-03,3.160925796757060979e+01,-8.248302039846700850e+00,1.962620094222232936e+01,3.734754985501599123e+00,1.000000000000000000e+00
-1.000177579272838457e+00,-1.024555964147571274e-01,-8.156918318732824247e-01,9.658560809991928453e-01,-1.323121874724988656e+00,-3.471938443402951963e-02,-7.536963884249943124e-01,3.000894015263874410e-03,3.154356357397946198e+01,-8.268662789957977211e+00,1.957406447009022443e+01,3.700836313931277211e+00,1.000000000000000000e+00
-9.993110307249059021e-01,-1.029338726082919958e-01,-8.135008575561694100e-01,9.631920051644341507e-01,-1.322238718213163411e+00,-3.639911723801549787e-02,-7.528942382237712172e-01,2.999905890690897532e-03,3.147582995563150376e+01,-8.289428340479117807e+00,1.952037805978243412e+01,3.666023555369966047e+00,1.000000000000000000e+00
-9.984135984046643708e-01,-1.034221955819812772e-01,-8.112462911035202007e-01,9.604448825753182373e-01,-1.321290318009528786e+00,-3.821170082333002344e-02,-7.520244827450197622e-01,2.998918095539928122e-03,3.140603454737641442e+01,-8.310583440575735281e+00,1.946513050177125947e+01,3.630320605029432546e+00,1.000000000000000000e+00
-9.974845618507963696e-01,-1.039202806298893528e-01,-8.089277000763852588e-01,9.576136228954907903e-01,-1.320271088466974829e+00,-4.016894246540979319e-02,-7.510809003598258871e-01,2.997930629698698779e-03,3.133415505362585662e+01,-8.332111496595567601e+00,1.940831117952551210e+01,3.593732377504791131e+00,1.000000000000000000e+00
-9.965231788818685876e-01,-1.044278140550356088e-01,-8.065446752423532928e-01,9.546971297816662094e-01,-1.319174891361791113e+00,-4.228381374082887389e-02,-7.500566577147388392e-01,2.996943493054965088e-03,3.126016943607490362e+01,-8.353994489027988024e+00,1.934991008589191352e+01,3.556264861155014056e+00,1.000000000000000000e+00
-9.955286835573461390e-01,-1.049444508081303212e-01,-8.040968310671605668e-01,9.516942987328047554e-01,-1.317994980488198298e+00,-4.457056512385456498e-02,-7.489442505406832540e-01,2.995956685496559396e-03,3.118405590013819406e+01,-8.376212876140568753e+00,1.928991784258430187e+01,3.517925181413333213e+00,1.000000000000000000e+00
-9.945002838168076620e-01,-1.054698117055567347e-01,-8.015838063096192290e-01,9.486040146174897769e-01,-1.316723941752252269e+00,-4.704484943503975392e-02,-7.477354401104635562e-01,2.994970206911281522e-03,3.110579287985797947e+01,-8.398745481797201151e+00,1.922832572336123391e+01,3.478721674699550626e+00,1.000000000000000000e+00
-9.934371587386513491e-01,-1.060034801487808875e-01,-7.990052647396190810e-01,9.454251488207962018e-01,-1.315353628859021295e+00,-4.972385379286482776e-02,-7.464211855999443035e-01,2.993984057187005013e-03,3.102535902102629350e+01,-8.421569364550816061e+00,1.916512568158597674e+01,3.438663974889506481e+00,1.000000000000000000e+00
-9.923384553511322981e-01,-1.065449982553246105e-01,-7.963608960026836714e-01,9.421565559434901260e-01,-1.313875094897462903e+00,-5.262643924460929518e-02,-7.449915728723018882e-01,2.992998236211589971e-03,3.094273316225785209e+01,-8.444659664653840991e+00,1.910031038299416295e+01,3.397763114609855251e+00,1.000000000000000000e+00
-9.912032849199403639e-01,-1.070938622987217259e-01,-7.936504166588004283e-01,9.387970699777696826e-01,-1.312278520421938488e+00,-5.577328659617503820e-02,-7.434357405666865981e-01,2.992012743873040913e-03,3.085789431376031189e+01,-8.467989425154259564e+00,1.903387324464436858e+01,3.356031643961695732e+00,1.000000000000000000e+00
-9.900307186283381355e-01,-1.076495173421402052e-01,-7.908735714279536699e-01,9.353454998755643679e-01,-1.310553139032476944e+00,-5.918704607072863833e-02,-7.417418048593164004e-01,2.991027580059273019e-03,3.077082163358308620e+01,-8.491529382769128276e+00,1.896580848119416629e+01,3.313483769619801844e+00,1.000000000000000000e+00
-9.888197825591114043e-01,-1.082113509386942451e-01,-7.880301346798496143e-01,9.318006244186486375e-01,-1.308687161997364790e+00,-6.289248724121383749e-02,-7.398967849083749604e-01,2.990042744658301648e-03,3.068149440119714200e+01,-8.515247723791423695e+00,1.889611115982516054e+01,3.270135517580566642e+00,1.000000000000000000e+00
-9.875694518837651037e-01,-1.087786857626458076e-01,-7.851199122104836059e-01,9.281611862960001957e-01,-1.306667704175620059e+00,-6.691664413183323612e-02,-7.378865318300557030e-01,2.989058237558160375e-03,3.058989198838261103e+01,-8.539109799955719282e+00,1.882477726532676954e+01,3.226004923100131538e+00,1.000000000000000000e+00
-9.862786441657637182e-01,-1.093507710323659010e-01,-7.821427433530547813e-01,9.244258852952024208e-01,-1.304480714420648280e+00,-7.128894839341287648e-02,-7.356956651195413199e-01,2.988074058646900989e-03,3.049599382760085930e+01,-8.563077799062055462e+00,1.875180377702630352e+01,3.181112251512508760e+00,1.000000000000000000e+00
-9.849462116943420442e-01,-1.099267725919197553e-01,-7.790985034745609994e-01,9.205933705244178089e-01,-1.302110914817023124e+00,-7.604134095461943799e-02,-7.333075217630057319e-01,2.987090207812638596e-03,3.039977937833042887e+01,-8.587110365378979537e+00,1.867718875939786471e+01,3.135480253553591279e+00,1.000000000000000000e+00
-9.835709327878919828e-01,-1.105057615389017645e-01,-7.759871069111936581e-01,9.166622316039371166e-01,-1.299541754550167294e+00,-8.120834948027859379e-02,-7.307041249096147828e-01,2.986106684943511287e-03,3.030122809228750569e+01,-8.611162165617125552e+00,1.860093146825949972e+01,3.089134458410886630e+00,1.000000000000000000e+00
-9.821515020469153701e-01,-1.110867013289105476e-01,-7.728085103938143741e-01,9.126309888072945409e-01,-1.296755385946573025e+00,-8.682711531541448258e-02,-7.278661808872670669e-01,2.985123489927694017e-03,3.020031937907084085e+01,-8.635183397854858001e+00,1.852303247442287670e+01,3.042103506793114143e+00,1.000000000000000000e+00
-9.806865196032984455e-01,-1.116684333611968616e-01,-7.695627170072597556e-01,9.084980821987043154e-01,-1.293732672228125935e+00,-9.293734942357331774e-02,-7.247731155099452760e-01,2.984140622653365209e-03,3.009703257461302428e+01,-8.659119243554357581e+00,1.844349380641948599e+01,2.994419524639191810e+00,1.000000000000000000e+00
-9.791744795137506951e-01,-1.122496611668492988e-01,-7.662497807111318116e-01,9.042618599146625691e-01,-1.290453238716028128e+00,-9.958119233744745780e-02,-7.214031629231699716e-01,2.983158083008792191e-03,2.999134691592421120e+01,-8.682909267151604382e+00,1.836231911339281453e+01,2.946118535379803838e+00,1.000000000000000000e+00
-9.776137575897783094e-01,-1.128289334929209881e-01,-7.628698114216440063e-01,8.999205658820824683e-01,-1.286895581421712231e+00,-1.068029487296953683e-01,-7.177335224422655147e-01,2.982175870882268747e-03,2.988324152700664271e+01,-8.706486774101911408e+00,1.827951384829543002e+01,2.897240904609312828e+00,1.000000000000000000e+00
-9.760025991526074529e-01,-1.134046268151196607e-01,-7.594229806100915026e-01,8.954723274613802797e-01,-1.283037248862194390e+00,-1.146486635732824055e-01,-7.137406005766654404e-01,2.981193986162078684e-03,2.977269542249053913e+01,-8.729778147158624435e+00,1.819508547002399013e+01,2.847831805307934339e+00,1.000000000000000000e+00
-9.743391074532068430e-01,-1.139749281260210578e-01,-7.559095273097347079e-01,8.909151437546604102e-01,-1.278855114045278185e+00,-1.231655050602044610e-01,-7.094003561259857316e-01,2.980212428736609461e-03,2.965968753742230390e+01,-8.752702192351563326e+00,1.810904366092498563e+01,2.797941684145766050e+00,1.000000000000000000e+00
-9.726212338007007574e-01,-1.145378192335797934e-01,-7.523297643366753107e-01,8.862468756222903199e-01,-1.274325753187518950e+00,-1.324009209805925291e-01,-7.046887650829556371e-01,2.979231198494174376e-03,2.954419679355554251e+01,-8.775169540553230618e+00,1.802140055310937683e+01,2.747626699892947499e+00,1.000000000000000000e+00
-9.708467707781096578e-01,-1.150910642469074596e-01,-7.486840844217771407e-01,8.814652387868041616e-01,-1.269425944957534469e+00,-1.424015420210197058e-01,-6.995824180918001067e-01,2.978250295323250658e-03,2.942620221414222570e+01,-8.797082166966958994e+00,1.793217095322016874e+01,2.696949093955110399e+00,1.000000000000000000e+00
-9.690133502518032405e-01,-1.156322023767070301e-01,-7.449729658252208786e-01,8.765678017305176262e-01,-1.264133297869597383e+00,-1.532118195026268004e-01,-6.940592553165215728e-01,2.977269719112266098e-03,2.930568310011173949e+01,-8.818333107631657342e+00,1.784137255087928153e+01,2.645977441600811275e+00,1.000000000000000000e+00
-9.671184481317508519e-01,-1.161585485545085089e-01,-7.411969768761286215e-01,8.715519903439412630e-01,-1.258427002973800057e+00,-1.648724082561170146e-01,-6.880994308757407696e-01,2.976289469749706165e-03,2.918261927999942174e+01,-8.838806466078054314e+00,1.774902609144992027e+01,2.594786722471458695e+00,1.000000000000000000e+00
-9.651593979161970926e-01,-1.166672045569520921e-01,-7.373567787702300924e-01,8.664151013586181005e-01,-1.252288693745167825e+00,-1.774183383748511311e-01,-6.816862812004876870e-01,2.975309547124133959e-03,2.905699144327288153e+01,-8.858377810110598105e+00,1.765515548979656657e+01,2.543458143365727508e+00,1.000000000000000000e+00
-9.631334148399850470e-01,-1.171550831582026664e-01,-7.334531259024064109e-01,8.611543263836092255e-01,-1.245703375570124782e+00,-1.908770611396874706e-01,-6.748073496228964574e-01,2.974329951124070944e-03,2.892878156108650600e+01,-8.876915052749579260e+00,1.755978785958247101e+01,2.492078648754467274e+00,1.000000000000000000e+00
-9.610376318298435860e-01,-1.176189471743667725e-01,-7.294868630481459171e-01,8.557667877489441022e-01,-1.238660365454999912e+00,-2.052664999251121170e-01,-6.674553957615686484e-01,2.973350681638175196e-03,2.879797338959374287e+01,-8.894279887068549328e+00,1.746295343372779030e+01,2.440740068797415674e+00,1.000000000000000000e+00
-9.588691473913416585e-01,-1.180554640106058484e-01,-7.254589188751812134e-01,8.502495862807363247e-01,-1.231154162320486911e+00,-2.205932780834816975e-01,-6.596292973428705686e-01,2.972371738555039302e-03,2.866455303908859165e+01,-8.910329798377668808e+00,1.736468535727835771e+01,2.389537883432581555e+00,1.000000000000000000e+00
-9.566250840523310428e-01,-1.184612744980584748e-01,-7.213702955821807983e-01,8.445998596327892738e-01,-1.223185154822590048e+00,-2.368513212864663819e-01,-6.513347400385450792e-01,2.971393121763291848e-03,2.852850957879762106e+01,-8.924920609802851956e+00,1.726501934479871636e+01,2.338569624196067842e+00,1.000000000000000000e+00
-9.543026542532164758e-01,-1.188330726185442415e-01,-7.172220549083477836e-01,8.388148480650287064e-01,-1.214760072823523274e+00,-2.540210295814350761e-01,-6.425845939384260408e-01,2.970414831151735758e-03,2.838983563459495585e+01,-8.937909436362311055e+00,1.716399320997117428e+01,2.287932988261490053e+00,1.000000000000000000e+00
-9.518992289395031836e-01,-1.191676905596057989e-01,-7.130153012732096673e-01,8.328919629242125255e-01,-1.205892104710862833e+00,-2.720691760326739428e-01,-6.333988975900685103e-01,2.969436866609053392e-03,2.824852792853054240e+01,-8.949157842895795412e+00,1.706164629320274528e+01,2.237723792432022574e+00,1.000000000000000000e+00
-9.494124029949511101e-01,-1.194621819459079776e-01,-7.087511632855653110e-01,8.268288519652472468e-01,-1.196600636326227374e+00,-2.909496139401838155e-01,-6.238044118512705571e-01,2.968459228024058084e-03,2.810458770799404604e+01,-8.958534942051436190e+00,1.695801883008319777e+01,2.188033935859432066e+00,1.000000000000000000e+00
-9.468400514288787262e-01,-1.197138955529719884e-01,-7.044307751841283327e-01,8.206234554266544912e-01,-1.186910613783324742e+00,-3.106047738863135232e-01,-6.138337600253932491e-01,2.967481915285512858e-03,2.795802102040501680e+01,-8.965920148349848517e+00,1.685315131524944476e+01,2.138949556805742169e+00,1.000000000000000000e+00
-9.441803710800462657e-01,-1.199205326045425374e-01,-7.000552598436464713e-01,8.142740476226165702e-01,-1.176851582664401263e+00,-3.309678256246446626e-01,-6.035242267760261292e-01,2.966504928282322987e-03,2.780883880600753599e+01,-8.971205333416554240e+00,1.674708391913830141e+01,2.090549553452699438e+00,1.000000000000000000e+00
-9.414319044102174017e-01,-1.200801828058883219e-01,-6.956257147658408968e-01,8.077792606247000684e-01,-1.166456498553098076e+00,-3.519652924600052413e-01,-5.929163332141185183e-01,2.965528266903371193e-03,2.765705680356099805e+01,-8.974296202864492145e+00,1.663985600797109399e+01,2.042904592725431456e+00,1.000000000000000000e+00
-9.385935443389786803e-01,-1.201913371272141234e-01,-6.911432020213281735e-01,8.011380889848381814e-01,-1.155760428857875555e+00,-3.735198573322311977e-01,-5.820523289907918452e-01,2.964551931037551474e-03,2.750269528661712926e+01,-8.975112820621376386e+00,1.653150580165572592e+01,1.996076664340045825e+00,1.000000000000000000e+00
-9.356645214709506941e-01,-1.202528783595064182e-01,-6.866087425289145729e-01,7.943498768507043506e-01,-1.144799268754966848e+00,-3.955530990706718764e-01,-5.709747400998821387e-01,2.963575920573877087e-03,2.734577866667610024e+01,-8.973589317241899010e+00,1.642207018399641427e+01,1.950119165437805835e+00,1.000000000000000000e+00
-9.326443769768250069e-01,-1.202640529668948799e-01,-6.820233144887992704e-01,7.874142907349113152e-01,-1.133608576541629276e+00,-4.179879393874879057e-01,-5.597250865313899704e-01,2.962600235401308384e-03,2.718633501034899425e+01,-8.969672910884645134e+00,1.631158465946882075e+01,1.905077439995549016e+00,1.000000000000000000e+00
-9.295329254953195175e-01,-1.202244293213443199e-01,-6.773878553406836867e-01,7.803312823051283820e-01,-1.122222602500073441e+00,-4.407506508487579744e-01,-5.483428454364448479e-01,2.961624875408931917e-03,2.702439551968382503e+01,-8.963322427204214904e+00,1.620008343492489900e+01,1.860989657554733556e+00,1.000000000000000000e+00
-9.263302126660939440e-01,-1.201338479067254050e-01,-6.727032663579918248e-01,7.731010458051604806e-01,-1.110673549374689317e+00,-4.637723541268661820e-01,-5.368646933976912727e-01,2.960649840485744463e-03,2.685999401933623076e+01,-8.954506522981189320e+00,1.608759959517738025e+01,1.817887901177680954e+00,1.000000000000000000e+00
-9.230364714416876559e-01,-1.199923686768240988e-01,-6.679704189183008900e-01,7.657239742550474570e-01,-1.098991069630073536e+00,-4.869900027104896445e-01,-5.253240244612749077e-01,2.959675130520944900e-03,2.669316648401964542e+01,-8.943201803655950854e+00,1.597416533865643196e+01,1.775799341707280821e+00,1.000000000000000000e+00
-9.196520804309383790e-01,-1.198002197606107544e-01,-6.631901615677053830e-01,7.582006176826453503e-01,-1.087201979772854044e+00,-5.103469048074947834e-01,-5.137507139121201272e-01,2.958700745403673987e-03,2.652395062769302925e+01,-8.929390988631691783e+00,1.585981224187248984e+01,1.734747397188868945e+00,1.000000000000000000e+00
-9.161775264756275572e-01,-1.195577504695399945e-01,-6.583633271643943852e-01,7.505316455884342153e-01,-1.075330156901569856e+00,-5.337928623611563062e-01,-5.021710827078329498e-01,2.957726685023070318e-03,2.635238556470122973e+01,-8.913061232816392732e+00,1.574457152720888864e+01,1.694752804675972335e+00,1.000000000000000000e+00
-9.126133726710745631e-01,-1.192653903504121149e-01,-6.534907395878314373e-01,7.427178148542745717e-01,-1.063396576464492593e+00,-5.572840181874838539e-01,-4.906080125835516892e-01,2.956752949268328864e-03,2.617851154406394443e+01,-8.894202668471653084e+00,1.562847431561383083e+01,1.655834559978482057e+00,1.000000000000000000e+00
-9.089602322353682595e-01,-1.189236150127228470e-01,-6.485732196927636029e-01,7.347599435008018709e-01,-1.051419450742493433e+00,-5.807824992779465623e-01,-4.790811642663554970e-01,2.955779538028785111e-03,2.600236975185290689e+01,-8.872807194243415907e+00,1.551155185257108648e+01,1.618010705038428476e+00,1.000000000000000000e+00
-9.052187480553490762e-01,-1.185329187108374455e-01,-6.436115903478732969e-01,7.266588901215702556e-01,-1.039414432283839673e+00,-6.042559328841820010e-01,-4.676072579557596365e-01,2.954806451193721633e-03,2.582400217295665712e+01,-8.848867510809700576e+00,1.539383570143514746e+01,1.581298960711832624e+00,1.000000000000000000e+00
-9.013895773789057930e-01,-1.180937931760816656e-01,-6.386066805183938655e-01,7.184155384635121377e-01,-1.027394853185214618e+00,-6.276768968506398760e-01,-4.562003837100512271e-01,2.953833688652447460e-03,2.564345150199197931e+01,-8.822376384793184201e+00,1.527535790248860614e+01,1.545717214710215615e+00,1.000000000000000000e+00
-8.974733809419824793e-01,-1.176067119292892454e-01,-6.335593284318167262e-01,7.100307864421075976e-01,-1.015371978141363485e+00,-6.510223501324949869e-01,-4.448723178787303278e-01,2.952861250294439022e-03,2.546076109305665014e+01,-8.793326112885027968e+00,1.515615109895182577e+01,1.511283881219826819e+00,1.000000000000000000e+00
-8.934708157655344429e-01,-1.170721192035935471e-01,-6.284703839125600489e-01,7.015055388265023506e-01,-1.003355255607923269e+00,-6.742730754985434283e-01,-4.336328292367843673e-01,2.951889136008981930e-03,2.527597493885533808e+01,-8.761708154423709871e+00,1.503624863287398661e+01,1.478018151557670690e+00,1.000000000000000000e+00
-8.893825308868859025e-01,-1.164904226154064026e-01,-6.233407099935059925e-01,6.928407028590279904e-01,-9.913525567767320634e-01,-6.974131549624372761e-01,-4.224899645781438617e-01,2.950917345685575600e-03,2.508913767102090020e+01,-8.727512900957071551e+00,1.491568461465132600e+01,1.445940155412532402e+00,1.000000000000000000e+00
-8.852091653651867897e-01,-1.158619887936217785e-01,-6.181711839175463297e-01,6.840371861488211414e-01,-9.793703962322641843e-01,-7.204294896826251016e-01,-4.114503081593067213e-01,2.949945879213660034e-03,2.490029457488602560e+01,-8.690729553939075203e+00,1.479449397013136291e+01,1.415071050815615461e+00,1.000000000000000000e+00
-8.809513479960024984e-01,-1.151871412801417360e-01,-6.129626976371451708e-01,6.750958962745758907e-01,-9.674141312221173905e-01,-7.433113696907353019e-01,-4.005192127004676417e-01,2.948974736482824852e-03,2.470949161334339550e+01,-8.651346085468649250e+00,1.467271246909972149e+01,1.385433058775053849e+00,1.000000000000000000e+00
-8.766096982687118233e-01,-1.144661601269092721e-01,-6.077161579092100752e-01,6.660177416301039655e-01,-9.554881386068795335e-01,-7.660500944396220202e-01,-3.897010018876057580e-01,2.948003917382628451e-03,2.451677545566456828e+01,-8.609349261063252712e+00,1.455037673857908054e+01,1.357049456022265232e+00,1.000000000000000000e+00
-8.721848281926434243e-01,-1.136992827225446340e-01,-6.024324860695100536e-01,6.568036331386329918e-01,-9.435959699531778488e-01,-7.886386423582382177e-01,-3.789991457245624473e-01,2.947033421802610579e-03,2.432219350818828119e+01,-8.564724707392263880e+00,1.442752426391484732e+01,1.329944536881196848e+00,1.000000000000000000e+00
-8.676773446989485272e-01,-1.128867054784451901e-01,-5.971126175575308670e-01,6.474544865428426554e-01,-9.317404860843273573e-01,-8.110713859500295886e-01,-3.684164108839985685e-01,2.946063249632500936e-03,2.412579394463378435e+01,-8.517457011420345836e+00,1.430419338015287600e+01,1.304143553060588712e+00,1.000000000000000000e+00
-8.630878523934893964e-01,-1.120285860870138261e-01,-5.917575012501621323e-01,6.379712250459141920e-01,-9.199239728626636969e-01,-8.333438481334197734e-01,-3.579549885845761947e-01,2.945093400761860519e-03,2.392762573446036711e+01,-8.467529840426058385e+00,1.418042325577321883e+01,1.279672638261116546e+00,1.000000000000000000e+00
-8.584169564917911721e-01,-1.111250461331877715e-01,-5.863680986515750204e-01,6.283547821346462392e-01,-9.081482401707557939e-01,-8.554524952303504959e-01,-3.476166026212066940e-01,2.944123875080473674e-03,2.372773866820685740e+01,-8.414926074854671256e+00,1.405625387045249930e+01,1.256558722899710157e+00,1.000000000000000000e+00
-8.536652658115408965e-01,-1.101761738956985454e-01,-5.809453829772041056e-01,6.186061044601153247e-01,-8.964147060782560184e-01,-8.773945620642447096e-01,-3.374026001002368158e-01,2.943154672478101759e-03,2.352618337912982938e+01,-8.359627947974244577e+00,1.393172598819215935e+01,1.234829442963448320e+00,1.000000000000000000e+00
-8.488333957328758617e-01,-1.091820272181726476e-01,-5.754903381619383973e-01,6.087261546861258976e-01,-8.847244680946324547e-01,-8.991679048908438610e-01,-3.273140272558791586e-01,2.942185792844491821e-03,2.332301136074468317e+01,-8.301617187892597727e+00,1.380688112687168889e+01,1.214513045980421424e+00,1.000000000000000000e+00
-8.439219710634346949e-01,-1.081426363641386779e-01,-5.700039578162537923e-01,5.987159142424253178e-01,-8.730783632622147739e-01,-9.207708782570940276e-01,-3.173516924982805465e-01,2.941217236069535758e-03,2.311827498008021564e+01,-8.240875158727000382e+00,1.368176152505921550e+01,1.195638296294024849e+00,1.000000000000000000e+00
-8.389316287654019488e-01,-1.070580067960175130e-01,-5.644872441489188208e-01,5.885763859399099074e-01,-8.614770186703043509e-01,-9.422022323006543632e-01,-3.075162185999029685e-01,2.940249002043062148e-03,2.291202748660413135e+01,-8.177382998663714986e+00,1.355641010673019053e+01,1.178234381210251813e+00,1.000000000000000000e+00
-8.338630205169383913e-01,-1.059281218378371331e-01,-5.589412068708797809e-01,5.783085964202179241e-01,-8.499208937897932969e-01,-9.634610274249665318e-01,-2.978080856858354442e-01,2.939281090654942072e-03,2.270432301687950627e+01,-8.111121753359171294e+00,1.343087044440170885e+01,1.162330819118649883e+00,1.000000000000000000e+00
-8.287168150915726894e-01,-1.047529451960891173e-01,-5.533668620917745473e-01,5.679135984232830392e-01,-8.384103158513538379e-01,-9.845465636879390248e-01,-2.882276664669201072e-01,2.938313501795143754e-03,2.249521659508151927e+01,-8.042072503668057593e+00,1.330518672107807099e+01,1.147957370335414007e+00,1.000000000000000000e+00
-8.234937005472673377e-01,-1.035324233239495600e-01,-5.477652312180777416e-01,5.573924728645639481e-01,-8.269455093256774525e-01,-1.005458322613183464e+00,-2.787752549482770958e-01,2.937346235353714349e-03,2.228476412954935526e+01,-7.970216487076821288e+00,1.317940369131675382e+01,1.135143951155807018e+00,1.000000000000000000e+00
-8.181943862226995767e-01,-1.022664876219254310e-01,-5.421373398599932392e-01,5.467463307194858624e-01,-8.155266204151230269e-01,-1.026195919465351825e+00,-2.694510896623187879e-01,2.936379291220514529e-03,2.207302240557627826e+01,-7.895535212506887390e+00,1.305356664165772429e+01,1.123920551411693225e+00,1.000000000000000000e+00
-8.128196045423987659e-01,-1.009550564735805928e-01,-5.364842167527709149e-01,5.359763147167424524e-01,-8.041537373336379302e-01,-1.046759064324115585e+00,-2.602553723148497977e-01,2.935412669285758849e-03,2.186004907465740388e+01,-7.818010568356653422e+00,1.292772135060898897e+01,1.114317155691787908e+00,1.000000000000000000e+00
-8.073701126351898738e-01,-9.959803711889327060e-02,-5.308068926970206380e-01,5.250836008448994674e-01,-7.928269070357990556e-01,-1.067147530546078027e+00,-2.511882825941136321e-01,2.934446369439422039e-03,2.164590264042229961e+01,-7.737624923794886200e+00,1.280191404834337732e+01,1.106363668284064294e+00,1.000000000000000000e+00
-8.018466937722642518e-01,-9.819532737044442405e-02,-5.251063995217678526e-01,5.140693996786293019e-01,-7.815461489552946173e-01,-1.087361129423276562e+00,-2.422499897738084329e-01,2.933480391571675287e-03,2.143064244148191477e+01,-7.654361223416877635e+00,1.267619137623357695e+01,1.100089841831489057e+00,1.000000000000000000e+00
-7.962501586323821323e-01,-9.674681717935083858e-02,-5.193837690733583701e-01,5.029349575320760657e-01,-7.703114662267971369e-01,-1.107399690034322814e+00,-2.334406616400745427e-01,2.932514735572728376e-03,2.121432863141758318e+01,-7.568203075440054661e+00,1.255060034633154231e+01,1.095525209646010856e+00,1.000000000000000000e+00
-7.905813464023976334e-01,-9.525239005890193122e-02,-5.136400322328368295e-01,4.916815574475415507e-01,-7.591228547914125047e-01,-1.127263043443495372e+00,-2.247604711869510274e-01,2.931549401332734714e-03,2.099702215613562828e+01,-7.479134833657050230e+00,1.242518830088302195e+01,1.092699021595582076e+00,1.000000000000000000e+00
-7.848411257216580950e-01,-9.371192437441978884e-02,-5.078762179640711194e-01,4.803105200280485820e-01,-7.479803107231275394e-01,-1.146951010537865301e+00,-2.162096014528046561e-01,2.930584388741914060e-03,2.077878472880614780e+01,-7.387141673388699203e+00,1.230000287195710840e+01,1.091640183460365288e+00,1.000000000000000000e+00
-7.790303954789179475e-01,-9.212529450807606379e-02,-5.020933523945935173e-01,4.688232041224162927e-01,-7.368838360605858284e-01,-1.166463392906147645e+00,-2.077882488097017311e-01,2.929619697690642299e-03,2.055967880259727920e+01,-7.292209661691333444e+00,1.217509194126213146e+01,1.092377199643838059e+00,1.000000000000000000e+00
-7.731500854703683423e-01,-9.049237190738029790e-02,-4.962924579309244133e-01,4.572210073714523815e-01,-7.258334433835248456e-01,-1.185799966258610283e+00,-1.994966249670614145e-01,2.928655328069229829e-03,2.033976754141014354e+01,-7.194325822076855559e+00,1.205050360021358991e+01,1.094938119119721831e+00,1.000000000000000000e+00
-7.672011569272084719e-01,-8.881302602587413941e-02,-4.904745524099545784e-01,4.455053666236869492e-01,-7.148291593353484075e-01,-1.204960475967618017e+00,-1.913349579085397434e-01,2.927691279768051668e-03,2.011911478881197368e+01,-7.093478194002324599e+00,1.192628611031506480e+01,1.099350484494609592e+00,1.000000000000000000e+00
-7.611846029209731190e-01,-8.708712516428275541e-02,-4.846406482878254929e-01,4.336777582288618982e-01,-7.038710272613821761e-01,-1.223944634375759177e+00,-1.833034919456480727e-01,2.926727552677353163e-03,1.989778503535831078e+01,-6.989655887380891386e+00,1.180248786390984783e+01,1.105641284067596430e+00,1.000000000000000000e+00
-7.551014486545472026e-01,-8.531453722002885209e-02,-4.787917518676046424e-01,4.217396982171084385e-01,-6.929591091054253527e-01,-1.242752119574877634e+00,-1.754024870421689308e-01,2.925764146687664154e-03,1.967584338448740411e+01,-6.882849132358538569e+00,1.167915734535784544e+01,1.113836906771044299e+00,1.000000000000000000e+00
-7.489527516465340762e-01,-8.349513035263846084e-02,-4.729288625669518242e-01,4.096927423714781247e-01,-6.820934866846153355e-01,-1.261382575406612361e+00,-1.676322175387509883e-01,2.924801061689429049e-03,1.945335551716347311e+01,-6.773049324593188203e+00,1.155634309269012761e+01,1.123963099880181282e+00,1.000000000000000000e+00
-7.427396018163333613e-01,-8.162877357217464269e-02,-4.670529722268468298e-01,3.975384862011820397e-01,-6.712742624435391603e-01,-1.279835612474584439e+00,-1.599929703866117547e-01,2.923838297573280471e-03,1.923038765543768847e+01,-6.660249066263841833e+00,1.143409365979075432e+01,1.136044929383114743e+00,1.000000000000000000e+00
-7.364631214770154255e-01,-7.971533725744940624e-02,-4.611650644623604967e-01,3.852785648226284554e-01,-6.605015597725083509e-01,-1.298110809991475545e+00,-1.524850429821842379e-01,2.922875854229660657e-03,1.900700652508935562e+01,-6.544442203029318783e+00,1.131245757915347028e+01,1.150106742906587431e+00,1.000000000000000000e+00
-7.301244652427758552e-01,-7.775469361038089833e-02,-4.552661140563248332e-01,3.729146527550389889e-01,-6.497755229613721983e-01,-1.316207718311970032e+00,-1.451087406803604485e-01,2.921913731549143252e-03,1.878327931750187219e+01,-6.425623857147660267e+00,1.119148332525787204e+01,1.166172135096364304e+00,1.000000000000000000e+00
-7.237248198574982583e-01,-7.574671705250460296e-02,-4.493570863966696027e-01,3.604484636371745876e-01,-6.390963168488783541e-01,-1.334125862025725029e+00,-1.378643740521619532e-01,2.920951929422375189e-03,1.855927365092156123e+01,-6.303790456960013167e+00,1.107121927860732136e+01,1.184263915354248242e+00,1.000000000000000000e+00
-7.172654039506703993e-01,-7.369128456930118531e-02,-4.434389369580649110e-01,3.478817498714138479e-01,-6.284641262179597732e-01,-1.351864743503957911e+00,-1.307522559428649644e-01,2.919990447740104019e-03,1.833505753123945681e+01,-6.178939762935546476e+00,1.095171369046748033e+01,1.204404077836453091e+00,1.000000000000000000e+00
-7.107474677266495400e-01,-7.158827600768043198e-02,-4.375126108284043136e-01,3.352163022011799831e-01,-6.178791549792063131e-01,-1.369423846809560752e+00,-1.237726983784139395e-01,2.919029286392904685e-03,1.811069931242909803e+01,-6.051070890467573626e+00,1.083301464834124772e+01,1.226613773620298664e+00,1.000000000000000000e+00
-7.041722925930232746e-01,-6.943757433166229676e-02,-4.315790422805449444e-01,3.224539492274652863e-01,-6.073416251779346631e-01,-1.386802641894222088e+00,-1.169260093612306400e-01,2.918068445271722929e-03,1.788626765676561448e+01,-5.920184329605291396e+00,1.071517004221233726e+01,1.250913284948007353e+00,1.000000000000000000e+00
-6.975411907335569150e-01,-6.723906584101173312e-02,-4.256391543895929885e-01,3.095965568699394210e-01,-5.968517758544301666e-01,-1.404000589017551981e+00,-1.102124895908465074e-01,2.917107924266992749e-03,1.766183149494341365e+01,-5.786281961899907067e+00,1.059822753158569775e+01,1.277322001457829925e+00,1.000000000000000000e+00
-6.908555046309895475e-01,-6.499264035732396638e-02,-4.196938586959078621e-01,2.966460277779097710e-01,-5.864098617820381332e-01,-1.421017143332722776e+00,-1.036324291401706094e-01,2.916147723269861547e-03,1.743745998620205384e+01,-5.649367074539168421e+00,1.048223451334911616e+01,1.305858398313792579e+00,1.000000000000000000e+00
-6.841166065446904199e-01,-6.269819138181270679e-02,-4.137440549138607926e-01,2.836043006961384561e-01,-5.760161521035641607e-01,-1.437851759591262102e+00,-9.718610411429742801e-02,2.915187842171092919e-03,1.721322247856134879e+01,-5.509444371939384411e+00,1.036723809047578726e+01,1.336540016146201104e+00,1.000000000000000000e+00
-6.773258979479560571e-01,-6.035561622882688881e-02,-4.077906306862628671e-01,2.704733497903020756e-01,-5.656709288829537829e-01,-1.454503896926290007e+00,-9.087377331558883775e-02,2.914228280861432246e-03,1.698918846925863946e+01,-5.366519984959738920e+00,1.025328504158329679e+01,1.369383442715625510e+00,1.000000000000000000e+00
-6.704848089294871416e-01,-5.796481613890971940e-02,-4.018344613842436686e-01,2.572551839366323256e-01,-5.553744855861306728e-01,-1.470973023679275959e+00,-8.469567493607930986e-02,2.913269039232029966e-03,1.676542756547252466e+01,-5.220601477899275977e+00,1.014042179135972788e+01,1.404404296213539238e+00,1.000000000000000000e+00
-6.635947975633424978e-01,-5.552569637501238164e-02,-3.958764099522285584e-01,2.439518459800312788e-01,-5.451271255023800721e-01,-1.487258622240022143e+00,-7.865202329610923582e-02,2.912310117173676997e-03,1.654200944540856355e+01,-5.071697853432629799e+00,1.002869438186274209e+01,1.441617210113208314e+00,1.000000000000000000e+00
-6.566573492514207189e-01,-5.303816630528928461e-02,-3.899173267975324375e-01,2.305654119647150280e-01,-5.349291601154230191e-01,-1.503360193873702899e+00,-7.274300564621108411e-02,2.911351514577418392e-03,1.631900381981366976e+01,-4.919819555636222752e+00,9.918148444692684862e+00,1.481035819484778138e+00,1.000000000000000000e+00
-6.496739760422841625e-01,-5.050213947572421841e-02,-3.839580497239632462e-01,2.170979903412012246e-01,-5.247809074315394895e-01,-1.519277263512006426e+00,-6.696877904784494240e-02,2.910393231334485690e-03,1.609648039397724162e+01,-4.764978471252422132e+00,9.808829174035942344e+00,1.522672748688890243e+00,1.000000000000000000e+00
-6.426462159298725885e-01,-4.791753367566645855e-02,-3.779994039086875257e-01,2.035517211531840120e-01,-5.146826902704647599e-01,-1.535009384488385642e+00,-6.132946734725119170e-02,2.909435267335842845e-03,1.587450883026768800e+01,-4.607187929334271459e+00,9.700781300569692789e+00,1.566539600363736628e+00,1.000000000000000000e+00
-6.355756321354113503e-01,-4.528427099919590110e-02,-3.720422019214956744e-01,1.899287752076052604e-01,-5.046348345235258659e-01,-1.550556143199649073e+00,-5.582515825572294255e-02,2.908477622472536214e-03,1.565315871124444946e+01,-4.446462699408838759e+00,9.594049066214562771e+00,1.612646945621060146e+00,1.000000000000000000e+00
-6.284638123755525996e-01,-4.260227790508070572e-02,-3.660872437854720274e-01,1.762313532309577047e-01,-4.946376673823355552e-01,-1.565917163678192559e+00,-5.045590054868002994e-02,2.907520296635829858e-03,1.543249950337641074e+01,-4.282818988292052431e+00,9.488676199716863380e+00,1.661004315367501816e+00,1.000000000000000000e+00
-6.213123681195290571e-01,-3.987148527794366626e-02,-3.601353170779590385e-01,1.624616850146023417e-01,-4.846915155404517006e-01,-1.581092112060805244e+00,-4.522170139520462206e-02,2.906563289716847329e-03,1.521260052138893393e+01,-4.116274435682643507e+00,9.384705893037557090e+00,1.711620192668738882e+00,1.000000000000000000e+00
-6.141229338378236813e-01,-3.709182849310247582e-02,-3.541871970705806616e-01,1.486220285515981732e-01,-4.747967033696654515e-01,-1.596080700941359787e+00,-4.012252382906196513e-02,2.905606601606905166e-03,1.499353089325274091e+01,-3.946848108656908494e+00,9.282180778520586983e+00,1.764502006075249652e+00,1.000000000000000000e+00
-6.068971662446044357e-01,-3.426324748741705478e-02,-3.482436469069888907e-01,1.347146691673017926e-01,-4.649535510719708942e-01,-1.610882693595864668e+00,-3.515828437167856785e-02,2.904650232197249649e-03,1.477535952581975387e+01,-3.774560495180416364e+00,9.181142906809258264e+00,1.819656123830081018e+00,1.000000000000000000e+00
-5.996367435358801457e-01,-3.138568683832813205e-02,-3.423054178168726258e-01,1.207419186456836491e-01,-4.551623728077726638e-01,-1.625497908069370556e+00,-3.032885081702921259e-02,2.903694181379154384e-03,1.455815507110207641e+01,-3.599433496745926497e+00,9.081633725475109387e+00,1.877087848881040300e+00,1.000000000000000000e+00
-5.923433646250797491e-01,-2.845909585314344847e-02,-3.363732493646803268e-01,1.067061143530712020e-01,-4.454234748005852507e-01,-1.639926221114962113e+00,-2.563404018794413625e-02,2.902738449043987517e-03,1.434198589318284434e+01,-3.421490420240538732e+00,8.983694058320432774e+00,1.936801414621875050e+00,1.000000000000000000e+00
-5.850187483774653696e-01,-2.548342867048673799e-02,-3.304478697313956159e-01,9.260961836072362230e-02,-4.357371534181853634e-01,-1.654167571975823536e+00,-2.107361687289224100e-02,2.901783035083163598e-03,1.412692003573938848e+01,-3.240755969137684378e+00,8.887364085311986628e+00,1.998799981289717032e+00,1.000000000000000000e+00
-5.776646328445288470e-01,-2.245864437569717459e-02,-3.245299960276206153e-01,7.845481656739063114e-02,-4.261036932300754643e-01,-1.668221966001893763e+00,-1.664729095186207042e-02,2.900827939388136642e-03,1.391302519015211381e+01,-3.057256234102481596e+00,8.792683323100735748e+00,2.063085632948895576e+00,1.000000000000000000e+00
-5.702827744992400305e-01,-1.938470713182818828e-02,-3.186203346361286548e-01,6.424411782272346216e-02,-4.165233650410689048e-01,-1.682089478093114376e+00,-1.235471671952897629e-02,2.899873161850404033e-03,1.370036866416536370e+01,-2.871018683091046242e+00,8.699690606079720112e+00,2.129659374994597343e+00,1.000000000000000000e+00
-5.628749474727520186e-01,-1.626158632776740151e-02,-3.127195815819683866e-01,4.997995305214252004e-02,-4.069964239008377893e-01,-1.695770255961715600e+00,-8.195491413421070875e-03,2.898918702361315269e-03,1.348901735106006505e+01,-2.682072151016539063e+00,8.608424067930123158e+00,2.198521132113405052e+00,1.000000000000000000e+00
-5.554429427928980756e-01,-1.308925674486316124e-02,-3.068284229281215691e-01,3.566477438349607149e-02,-3.975231070894229002e-01,-1.709264523206291964e+00,-4.169154154333417142e-03,2.897964560812612330e-03,1.327903769929185529e+01,-2.490446829046337740e+00,8.518921123603755419e+00,2.269669746641762575e+00,1.000000000000000000e+00
-5.479885676245612736e-01,-9.867698743313625329e-03,-3.009475351946479527e-01,2.130105427559365189e-02,-3.881036320788919247e-01,-1.722572582190758039e+00,-2.751851057146686291e-04,2.897010737095818186e-03,1.307049568254298144e+01,-2.296174253586343639e+00,8.431218451688973659e+00,2.343102977267666365e+00,1.000000000000000000e+00
-5.405136445117381117e-01,-6.596898469437748568e-03,-2.950775857991831397e-01,6.891284648430877693e-03,-3.787381944716400883e-01,-1.735694816721514711e+00,3.486995141800345883e-03,2.896057231102445832e-03,1.286345677013126476e+01,-2.099287294999583775e+00,8.345351977106179930e+00,2.418817498025505497e+00,1.000000000000000000e+00
-5.330200106208795585e-01,-3.276848084816452646e-03,-2.892192335165962302e-01,-7.562023985307546672e-03,-3.694269659161504293e-01,-1.748631694516462609e+00,7.118025955164062474e-03,2.895104042724187809e-03,1.265798589771512006e+01,-1.899820146097572549e+00,8.261356854078689693e+00,2.496808897538862926e+00,1.000000000000000000e+00
-5.255095169848564840e-01,9.245398184291138063e-05,-2.833731289555623811e-01,-2.205634338811895967e-02,-3.601700920014925811e-01,-1.761383769459640591e+00,1.061860680805366310e-02,2.894151171852925742e-03,1.245414743823006809e+01,-1.697808310433879253e+00,8.179267449324958861e+00,2.577071678471233529e+00,1.000000000000000000e+00
-5.179840277466690734e-01,3.511002759405293903e-03,-2.775399150497515066e-01,-3.658912846581014594e-02,-3.509676901322699716e-01,-1.773951683635575982e+00,1.398949719016839843e-02,2.893198618380222499e-03,1.225200517298895342e+01,-1.493288590420168482e+00,8.099117325418669466e+00,2.659599257150116358e+00,1.000000000000000000e+00
-5.104454194018094304e-01,6.978786434991000528e-03,-2.717202275612927709e-01,-5.115781813697518193e-02,-3.418198473862964493e-01,-1.786336169137614283e+00,1.723151627323604718e-02,2.892246382197921108e-03,1.205162226287584915e+01,-1.286299075275940895e+00,8.020939224264342471e+00,2.744383963335565557e+00,1.000000000000000000e+00
-5.028955800379982799e-01,1.049578603020128072e-02,-2.659146955941456558e-01,-6.575983620509327776e-02,-3.327266183578354575e-01,-1.798538049644741843e+00,2.034554233107426641e-02,2.891294463197741863e-03,1.185306121956231529e+01,-1.076879128814407949e+00,7.944765050637853321e+00,2.831417040110055794e+00,1.000000000000000000e+00
-4.953364085708146791e-01,1.406197505259339751e-02,-2.601239421149604825e-01,-8.039259223473915750e-02,-3.236880229898722039e-01,-1.810558241761638154e+00,2.333251191191601168e-02,2.890342861271598049e-03,1.165638387667324594e+01,-8.650693770573449903e-01,7.870625855743129229e+00,2.920688643872773049e+00,1.000000000000000000e+00
-4.877698139735935356e-01,1.767731912224218896e-02,-2.543485844790029371e-01,-9.505348243352068627e-02,-3.147040443995435255e-01,-1.822397756117001055e+00,2.619341876216371712e-02,2.889391576311456291e-03,1.146165136083010161e+01,-6.509116956636161744e-01,7.798551820739149321e+00,3.012187844427339556e+00,1.000000000000000000e+00
-4.801977144997962021e-01,2.134177557338351808e-02,-2.485892349586812655e-01,-1.097398905415484377e-01,-3.057746267015254427e-01,-1.834057698215415755e+00,2.892931250164606366e-02,2.888440608209067242e-03,1.126892406249941736e+01,-4.344491971466422076e-01,7.728572240194232279e+00,3.105902625158546648e+00,1.000000000000000000e+00
-4.726220368959470619e-01,2.505529303126603768e-02,-2.428465012722126060e-01,-1.244491887303354472e-01,-2.968996728348933245e-01,-1.845539269038401597e+00,3.154129705152516200e-02,2.887489956856528067e-03,1.107826160657638503e+01,-2.157262178482800552e-01,7.660715505428335348e+00,3.201819883299776848e+00,1.000000000000000000e+00
-4.650447156031057849e-01,2.881781096449738400e-02,-2.371209871099483335e-01,-1.391787385131617594e-01,-2.880790423996848482e-01,-1.856843765390567391e+00,3.403052881701501553e-02,2.886539622145892128e-03,1.088972282263524782e+01,5.211695372102531643e-03,7.595009087707992990e+00,3.299925430299363249e+00,1.000000000000000000e+00
-4.574676919447596135e-01,3.262925921331199380e-02,-2.314132926558758463e-01,-1.539258916690214307e-01,-2.793125495100999278e-01,-1.867972579987218884e+00,3.639821462818786796e-02,2.885589603969133856e-03,1.070336571478129528e+01,2.283177987821785604e-01,7.531479521263020338e+00,3.400203992300458111e+00,1.000000000000000000e+00
-4.498929132989575308e-01,3.648955749434096285e-02,-2.257240151018236329e-01,-1.686879911823251921e-01,-2.705999606720084216e-01,-1.878927201280144121e+00,3.864560944326896064e-02,2.884639902218241563e-03,1.051924743104324911e+01,4.535441658110406227e-01,7.470152386099029762e+00,3.502639210755265076e+00,1.000000000000000000e+00
-4.423223322524555967e-01,4.039861488261478617e-02,-2.200537491518975708e-01,-1.834623722005920832e-01,-2.619409926930886257e-01,-1.889709213018785139e+00,4.077401381994505414e-02,2.883690516785455526e-03,1.033742423224912699e+01,6.808417015367455027e-01,7.411052290585044666e+00,3.607213643200832820e+00,1.000000000000000000e+00
-4.347579057346252496e-01,4.435632927168429301e-02,-2.144030875146964721e-01,-1.982463630123796616e-01,-2.533353106346580841e-01,-1.900320293544440764e+00,4.278477116139892816e-02,2.882741447562958345e-03,1.015795146033411811e+01,9.101601576967458529e-01,7.354202853801180773e+00,3.713908764229688853e+00,1.000000000000000000e+00
-4.272015941288818675e-01,4.836258681289451467e-02,-2.087726213808777653e-01,-2.130372860476937302e-01,-2.447825258147986738e-01,-1.910762214815756588e+00,4.467926474492451422e-02,2.881792694442834174e-03,9.980883506035123531e+00,1.141448148296762444e+00,7.299626687637394085e+00,3.822704966694496775e+00,1.000000000000000000e+00
-4.196553603594185278e-01,5.241726133500030499e-02,-2.031629408836739259e-01,-2.278324589030895631e-01,-2.362821938730501059e-01,-1.921036841164243336e+00,4.645891454213821326e-02,2.880844257317283826e-03,9.806273775933371795e+00,1.374653165898884311e+00,7.247345378640628333e+00,3.933581563191634434e+00,1.000000000000000000e+00
-4.121211689510745346e-01,5.652021374547151061e-02,-1.975746355399889964e-01,-2.426291953936445811e-01,-2.278338129074124196e-01,-1.931146127779262089e+00,4.812517384096724055e-02,2.879896136078787406e-03,9.634174658813799752e+00,1.609721598674604959e+00,7.197379469614210379e+00,4.046516787874198329e+00,1.000000000000000000e+00
-4.046009850602680369e-01,6.067129141497494549e-02,-1.920082946697632409e-01,-2.574248066338596375e-01,-2.194368216948946737e-01,-1.941092118922520315e+00,4.967952568069401720e-02,2.878948330619502793e-03,9.464637491318432794e+00,1.846598748311674365e+00,7.149748440980339126e+00,4.161487798649774916e+00,1.000000000000000000e+00
-3.970967734750025513e-01,6.487032754668593804e-02,-1.864645077913292537e-01,-2.722166021494933918e-01,-2.110905980072047272e-01,-1.950876945872853430e+00,5.112347911242703241e-02,2.878000840831853278e-03,9.297712522879288954e+00,2.085228848867500595e+00,7.104470691923395975e+00,4.278470679823403344e+00,1.000000000000000000e+00
-3.896104975821121363e-01,6.911714053221863774e-02,-1.809438649905568408e-01,-2.870018910221521224e-01,-2.027944570335100671e-01,-1.960502824602778693e+00,5.245856529841660260e-02,2.877053666608043146e-03,9.133448879926048036e+00,2.325555086663335658e+00,7.061563521339116356e+00,4.397440445250278884e+00,1.000000000000000000e+00
-3.821441183000467423e-01,7.341153329611928291e-02,-1.754469572616386697e-01,-3.017779830683441911e-01,-1.945476499223644518e-01,-1.969972053189139816e+00,5.368633346462549361e-02,2.876106807840710360e-03,8.971894529373189542e+00,2.567519621315485612e+00,7.021043108621843665e+00,4.518371042066842591e+00,1.000000000000000000e+00
-3.746995929757020449e-01,7.775329263100111410e-02,-1.699743768174610536e-01,-3.165421900544858613e-01,-1.863493624550423833e-01,-1.979287008960906924e+00,5.480834672186304934e-02,2.875160264422282549e-03,8.813096241402034181e+00,2.811063607999583436e+00,6.982924494329539655e+00,4.641235355072089952e+00,1.000000000000000000e+00
-3.672788742439830889e-01,8.214218852554736050e-02,-1.645267173675699357e-01,-3.312918269491775813e-01,-1.781987138624695488e-01,-1.988450145388118262e+00,5.582617777165857498e-02,2.874214036245119255e-03,8.657099551563293360e+00,3.056127221044231845e+00,6.947221560773400029e+00,4.766005211834136723e+00,1.000000000000000000e+00
-3.598839088490493610e-01,8.657797348772747204e-02,-1.591045743618615671e-01,-3.460242132137935633e-01,-1.700947557978956803e-01,-1.997463988716768224e+00,5.674140451382052308e-02,2.873268123201828082e-03,8.503948722237351987e+00,3.302649678947895850e+00,6.913947012586382890e+00,4.892651388598873829e+00,1.000000000000000000e+00
-3.525166364264151753e-01,9.106038186571403792e-02,-1.537085451982050377e-01,-3.607366741322212689e-01,-1.620364714771487524e-01,-2.006331134355395118e+00,5.755560557327979443e-02,2.872322525185194014e-03,8.353686703500137867e+00,3.550569270911507758e+00,6.883112357331868658e+00,5.021143617079784072e+00,1.000000000000000000e+00
-3.451789882453805136e-01,9.558912916909206858e-02,-1.483392293923398719e-01,-3.754265421802674974e-01,-1.540227749979993788e-01,-2.015054243020038438e+00,5.827035576441096792e-02,2.871377242087521080e-03,8.206355093454412497e+00,3.799823384974864826e+00,6.854727886220810085e+00,5.151450592208473900e+00,1.000000000000000000e+00
-3.378728859115485150e-01,1.001639113930705566e-01,-1.429972287085014560e-01,-3.900911584349789907e-01,-1.460525108497063573e-01,-2.023636036645171554e+00,5.888722151150994899e-02,2.870432273801574747e-03,8.061994098097464700e+00,4.050348537840939400e+00,6.828802655012296441e+00,5.283539980926114765e+00,1.000000000000000000e+00
-3.306002400295116606e-01,1.047844043485032794e-01,-1.376831472493678932e-01,-4.047278740237928440e-01,-1.381244536231820141e-01,-2.032079294069189856e+00,5.940775624444856462e-02,2.869487620220144333e-03,7.920642490807890290e+00,4.302080406466400220e+00,6.805344465178897906e+00,5.417378432095397933e+00,1.000000000000000000e+00
-3.233629488261140494e-01,1.094502630006158467e-01,-1.323975915040590812e-01,-4.193340516131119355e-01,-1.302373079315437832e-01,-2.040386846503996043e+00,5.983349578881048264e-02,2.868543281235712544e-03,7.782337571545386190e+00,4.554953861490272260e+00,6.784359845424103419e+00,5.552931587611562136e+00,1.000000000000000000e+00
-3.161628967350471053e-01,1.141611208194148186e-01,-1.271411703530738180e-01,-4.339070669355478693e-01,-1.223897085499760645e-01,-2.048561572799190600e+00,6.016595376994440109e-02,2.867599256741386587e-03,7.647115125868708674e+00,4.808903002565080520e+00,6.765854033644720822e+00,5.690164094789074589e+00,1.000000000000000000e+00
-3.090019529438968737e-01,1.189165891448167034e-01,-1.219144950292120888e-01,-4.484443103547117726e-01,-1.145802207829114544e-01,-2.056606394512358271e+00,6.040661705043130769e-02,2.866655546629770165e-03,7.515009383887798933e+00,5.063861195646224722e+00,6.749830959436141420e+00,5.829039620097889340e+00,1.000000000000000000e+00
-3.018819699051342176e-01,1.237162565695814620e-01,-1.167181790337051411e-01,-4.629431884660582530e-01,-1.068073410654887256e-01,-2.064524270797849503e+00,6.055694122032311000e-02,2.865712150793609230e-03,7.386052979276644059e+00,5.319761112285709359e+00,6.736293227242822645e+00,5.969520864319536102e+00,1.000000000000000000e+00
-2.948047818128946007e-01,1.285596883431840698e-01,-1.115528380069389508e-01,-4.774011257319474288e-01,-9.906949780513965576e-02,-2.072318193127467900e+00,6.061834615941878029e-02,2.864769069126111168e-03,7.260276908482881097e+00,5.576534770966741661e+00,6.725242100260103051e+00,6.111569579189526813e+00,1.000000000000000000e+00
-2.877722030478039317e-01,1.334464257997561853e-01,-1.064190895533663472e-01,-4.918155661486551811e-01,-9.136505246793320822e-02,-2.079991179857313632e+00,6.059221169044969740e-02,2.863826301519897463e-03,7.137710490280067432e+00,5.834113580503485608e+00,6.716677485196654196e+00,6.255146585586906838e+00,1.000000000000000000e+00
-2.807860265924627674e-01,1.383759858132457277e-01,-1.013175530203827002e-01,-5.061839749427248236e-01,-8.369230091303778152e-02,-2.087546270655960878e+00,6.047987334172102297e-02,2.862883847868015474e-03,7.018381325816545946e+00,6.092428385519034428e+00,6.710597918009189478e+00,6.400211793326399778e+00,1.000000000000000000e+00
-2.738480224205830371e-01,1.433478602829237336e-01,-9.624884923114145063e-02,-5.205038402936700281e-01,-7.604947497732518491e-02,-2.094986520809978714e+00,6.028261823723723295e-02,2.861941708063447509e-03,6.902315259322654661e+00,6.351409514002011925e+00,6.707000550722611365e+00,6.546724222602064103e+00,1.000000000000000000e+00
-2.669599358631494224e-01,1.483615156523269141e-01,-9.121360017150176303e-02,-5.347726750796508721e-01,-6.843474431072726905e-02,-2.102314995423628652e+00,6.000168113175285284e-02,2.860999881999316818e-03,6.789536339644877572e+00,6.610986826928597182e+00,6.705881139449545891e+00,6.694642027123935080e+00,1.000000000000000000e+00
-2.601234859553274159e-01,1.534163924646763655e-01,-8.621242863150492541e-02,-5.489880186424034303e-01,-6.084621846160635089e-02,-2.109534763530270585e+00,5.963824060755244794e-02,2.860058369568663390e-03,6.680066782781038270e+00,6.871089769923412582e+00,6.707234033723032063e+00,6.843922518981425895e+00,1.000000000000000000e+00
-2.533403637681976295e-01,1.585119049577335404e-01,-8.124595780199664330e-02,-5.631474385673408412e-01,-5.328194920989515193e-02,-2.116648892133762949e+00,5.919341544898925472e-02,2.859117170664283048e-03,6.573926935595397758e+00,7.131647426918306998e+00,6.711052167255075140e+00,6.994522195258637609e+00,1.000000000000000000e+00
-2.466122307297060889e-01,1.636474407009698151e-01,-7.631481082722108011e-02,-5.772485324744441870e-01,-4.573993314439100261e-02,-2.123660440198745558e+00,5.866826121006262634e-02,2.858176285179767854e-03,6.471135240895533158e+00,7.392588575754155400e+00,6.717327050231810759e+00,7.146396766417887569e+00,1.000000000000000000e+00
-2.399407169395576245e-01,1.688223602778002874e-01,-7.141961031444861441e-02,-5.912889298152055328e-01,-3.821811447916126370e-02,-2.130572452609221568e+00,5.806376698940389491e-02,2.857235713008198993e-03,6.371708204055451574e+00,7.653841745655477702e+00,6.726048763253084317e+00,7.299501186457856505e+00,1.000000000000000000e+00
-2.333274194830387838e-01,1.740359970155069269e-01,-6.656097780190285695e-02,-6.052662936706397767e-01,-3.071438810261313546e-02,-2.137387954115387956e+00,5.738085242617898402e-02,2.856295454042622091e-03,6.275660361369700624e+00,7.915335276493692618e+00,6.737205953020374949e+00,7.453789684843028951e+00,1.000000000000000000e+00
-2.267739007490195968e-01,1.792876567653285680e-01,-6.173953318647348865e-02,-6.191783225451240602e-01,-2.322660285148505852e-02,-2.144109943289036035e+00,5.662036492947880584e-02,2.855355508176497803e-03,6.183004250322710504e+00,8.176997379740374328e+00,6.750785829872222088e+00,7.609215800190872514e+00,1.000000000000000000e+00
-2.202816867576224968e-01,1.845766177350086079e-01,-5.695589411292469040e-02,-6.330227521505649158e-01,-1.575256500071655144e-02,-2.150741386508133068e+00,5.578307715277119189e-02,2.854415875302966730e-03,6.093750381955752360e+00,8.438756200996994750e+00,6.766774167260543038e+00,7.765732415692213841e+00,1.000000000000000000e+00
-2.138522655032223385e-01,1.899021303759178270e-01,-5.221067532650662535e-02,-6.467973571752370088e-01,-8.290041958978762449e-03,-2.157285211991447849e+00,5.486968472405711478e-02,2.853476555315532463e-03,6.007907215510097210e+00,8.700539883974482080e+00,6.785155303254637005e+00,7.923291796229950279e+00,1.000000000000000000e+00
-2.074870853186124298e-01,1.952634173266481199e-01,-4.750448799109127651e-02,-6.604999530314524803e-01,-8.367661585213541017e-04,-2.163744303904175936e+00,5.388080424134228386e-02,2.852537548107382005e-03,5.925481135520268339e+00,8.962276635781874390e+00,6.805912144152167720e+00,8.081845627149981226e+00,1.000000000000000000e+00
-2.011875532662739108e-01,2.006596734147678140e-01,-4.283793897513820531e-02,-6.741283975761322989e-01,6.609560873003066973e-03,-2.170121496555551754e+00,5.281697154207415368e-02,2.851598853572004637e-03,5.846476431524675554e+00,9.223894793371398393e+00,6.829026170268169160e+00,8.241345054627911892e+00,1.000000000000000000e+00
-1.949550335627838749e-01,2.060900657181689022e-01,-3.821163010799696891e-02,-6.876805927982322375e-01,1.405126427195442160e-02,-2.176419568709346386e+00,5.167864025422405638e-02,2.850660471602947752e-03,5.770895280553392404e+00,9.485322890974307697e+00,6.854477443963987504e+00,8.401740727563719702e+00,1.000000000000000000e+00
-1.887908460424121693e-01,2.115537336872084506e-01,-3.362615740921212626e-02,-7.011544864669867483e-01,2.149069144339265866e-02,-2.182641238027958508e+00,5.046618063569097146e-02,2.849722402093589606e-03,5.698737732543403212e+00,9.746489728351777515e+00,6.882244619968442834e+00,8.562982840926741446e+00,1.000000000000000000e+00
-1.826962646659635314e-01,2.170497893285667779e-01,-2.908211029367195957e-02,-7.145480737349029221e-01,2.893020752567574544e-02,-2.188789155670501252e+00,4.917987870779025328e-02,2.848784644937414276e-03,5.630001698821360812e+00,1.000732443967431706e+01,6.912304958033041125e+00,8.725021180462640302e+00,1.000000000000000000e+00
-1.766725160808665651e-01,2.225773174514803221e-01,-2.458007075558573187e-02,-7.278593986895074419e-01,3.637219073015943854e-02,-2.194865901064927627e+00,4.781993568767883146e-02,2.847847200028206377e-03,5.564682943782134572e+00,1.026775656283454552e+01,6.944634337952228620e+00,8.887805168664455024e+00,1.000000000000000000e+00
-1.707207782384075334e-01,2.281353759767310030e-01,-2.012061253440450975e-02,-7.410865558479560189e-01,4.381902757151565075e-02,-2.200873976873651383e+00,4.638646772365782184e-02,2.846910067259306436e-03,5.502775079878420961e+00,1.052771610899064569e+01,6.979207276968375950e+00,9.051283911900691592e+00,1.000000000000000000e+00
-1.648421790738852366e-01,2.337229963084724860e-01,-1.570430026593067768e-02,-7.542276915887090594e-01,5.127310800452420519e-02,-2.206815804171602391e+00,4.487950593643703912e-02,2.845973246524564557e-03,5.444269566022979845e+00,1.078713363213067389e+01,7.015996949569402119e+00,9.215406248584253390e+00,1.000000000000000000e+00
-1.590377952552565199e-01,2.393391837687079415e-01,-1.133168862194281097e-02,-7.672810055147296637e-01,5.873682048317997728e-02,-2.212693717854862019e+00,4.329899676866206387e-02,2.845036737717351622e-03,5.389155709489911850e+00,1.104594029844395031e+01,7.054975209675157011e+00,9.380120798258705150e+00,1.000000000000000000e+00
-1.533086510056399232e-01,2.449829180939197548e-01,-7.003321441763262108e-03,-7.802447517428124923e-01,6.621254695804963675e-02,-2.218509962297280147e+00,4.164480264417471517e-02,2.844100540731709856e-03,5.337420671385872950e+00,1.130406795528104880e+01,7.096112615196481954e+00,9.545376011470441568e+00,1.000000000000000000e+00
-1.476557170047604894e-01,2.506531539930824670e-01,-2.719730859240996126e-03,-7.931172401139816586e-01,7.370265782757219608e-02,-2.224266687271521103e+00,3.991670293776010403e-02,2.843164655461235656e-03,5.289049475745580153e+00,1.156144919948279615e+01,7.139378454938866803e+00,9.711120220289513938e+00,1.000000000000000000e+00
-1.420799093741321184e-01,2.563488217659858348e-01,1.518563571318998738e-03,-8.058968373201420565e-01,8.120950685878430830e-02,-2.229965944150056778e+00,3.811439525541106960e-02,2.842229081799911832e-03,5.244025022289125815e+00,1.181801744485717443e+01,7.184740777810493029e+00,9.877301689335810764e+00,1.000000000000000000e+00
-1.365820887504201053e-01,2.620688279805311049e-01,5.711055746739320156e-03,-8.185819679425563322e-01,8.873542609251817981e-02,-2.235609682400484299e+00,3.623749702445181603e-02,2.841293819641073273e-03,5.202328102861140557e+00,1.207370698858477454e+01,7.232166424282681305e+00,1.004386866716323823e+01,1.000000000000000000e+00
-1.311630594510632686e-01,2.678120562073774136e-01,9.857253880515134611e-03,-8.311711153980592126e-01,9.628272074766272559e-02,-2.241199746388478964e+00,3.428554739222646613e-02,2.840358868879117385e-03,5.163937421554313012e+00,1.232845307633532528e+01,7.281621060039111804e+00,1.021076943785053182e+01,1.000000000000000000e+00
-1.258235687358298382e-01,2.735773678100622552e-01,1.395668135879098160e-02,-8.436628227893406828e-01,1.038536641384725373e-01,-2.246737872500435884e+00,3.225800943143426747e-02,2.839424229407648374e-03,5.128829618502066978e+00,1.258219196588210487e+01,7.333069211739070781e+00,1.037795237264510817e+01,1.000000000000000000e+00
-1.205643061675562566e-01,2.793636027884599526e-01,1.800887758327664179e-02,-8.560556936560449470e-01,1.114504926182683653e-01,-2.252225686596614374e+00,3.015427264957140294e-02,2.838489901120759638e-03,5.096979297307546730e+00,1.283486098900621819e+01,7.386474304809196312e+00,1.054536598150457571e+01,1.000000000000000000e+00
-1.153859030748682901e-01,2.851695806732090777e-01,2.201339879766452123e-02,-8.683483926238830808e-01,1.190754005621082606e-01,-2.257664701804257046e+00,2.797365579937991648e-02,2.837555883912535899e-03,5.068359056058664436e+00,1.308639861148956562e+01,7.441798703168095663e+00,1.071295896438013706e+01,1.000000000000000000e+00
-1.102889321192055683e-01,2.909941014685279992e-01,2.596981889420039297e-02,-8.805396459494529982e-01,1.267305354002930817e-01,-2.263056316658861533e+00,2.571540998661503777e-02,2.836622177676629501e-03,5.042939521861821817e+00,1.333674449100405646e+01,7.499003750778839184e+00,1.088068026208704353e+01,1.000000000000000000e+00
-1.052739069680167366e-01,2.968359466406038094e-01,2.987773019713058434e-02,-8.926282419588740247e-01,1.344179927136698038e-01,-2.268401813600325223e+00,2.337872207088361604e-02,2.835688782307376702e-03,5.020689388810612108e+00,1.358583953271265266e+01,7.558049814915323239e+00,1.104847910660794774e+01,1.000000000000000000e+00
-1.003412820754640000e-01,3.026938801485949404e-01,3.373674421989405342e-02,-9.046130313789270128e-01,1.421398114009482794e-01,-2.273702357829335607e+00,2.096271835472116735e-02,2.834755697698761612e-03,5.001575459289605341e+00,1.383362594241025434e+01,7.618896331020961199e+00,1.121630507067890647e+01,1.000000000000000000e+00
-9.549145257151432642e-02,3.085666495150815591e-01,3.754649239302820102e-02,-9.164929275597955005e-01,1.498979689273313431e-01,-2.278958996527946201e+00,1.846646855553471522e-02,2.833822923745077989e-03,4.985562688498484718e+00,1.408004727704232373e+01,7.681501849030707874e+00,1.138410811651010590e+01,1.000000000000000000e+00
-9.072475425977652441e-02,3.144529869326784244e-01,4.130662675992209654e-02,-9.282669065890688520e-01,1.576943766629830823e-01,-2.284172658446838700e+00,1.588899005439959461e-02,2.832890460340293896e-03,4.972614232067450679e+00,1.432504849245287382e+01,7.745824081021527974e+00,1.155183864349880096e+01,1.000000000000000000e+00
-8.604146372395518605e-02,3.203516104033923284e-01,4.501682063770453407e-02,-9.399340072971277271e-01,1.655308753190335991e-01,-2.289344153860386921e+00,1.322925241511542505e-02,2.831958307378601176e-03,4.962691496621634002e+00,1.456857598822647759e+01,7.811819950051130057e+00,1.171944753479698598e+01,1.000000000000000000e+00
-8.144179854231729798e-02,3.262612249071895620e-01,4.867676924071850930e-02,-9.514933311545099581e-01,1.734092304880488211e-01,-2.294474174889224116e+00,1.048618216630649129e-02,2.831026464754327412e-03,4.955754193140145425e+00,1.481057764950248945e+01,7.879445640040403376e+00,1.188688620260223772e+01,1.000000000000000000e+00
-7.692591760907128984e-02,3.321805235961873826e-01,5.228619026423554639e-02,-9.629440420623731622e-01,1.813311282952232706e-01,-2.299563296188625205e+00,7.658667838609323555e-03,2.830094932361796288e-03,4.951760392944444256e+00,1.505100288565550315e+01,7.948656646552059613e+00,1.205410663204789756e+01,1.000000000000000000e+00
-7.249392156112041685e-02,3.381081890107937582e-01,5.584482442623869142e-02,-9.742853660375772051e-01,1.892981711658637267e-01,-2.304611975999670825e+00,4.745565248354290458e-03,2.829163710095220028e-03,4.950666586140989978e+00,1.528980266574989244e+01,8.019407828315387121e+00,1.222106142357550418e+01,1.000000000000000000e+00
-6.814585330819634967e-02,3.440428943141030649e-01,5.935243596531599580e-02,-9.855165907943894688e-01,1.973118737142297019e-01,-2.309620557558849985e+00,1.745703018326410626e-03,2.828232797849257549e-03,4.952427742334691629e+00,1.552692955069244540e+01,8.091653459345961252e+00,1.238770383368118111e+01,1.000000000000000000e+00
-6.388169866396814500e-02,3.499833045408299315e-01,6.280881309290939352e-02,-9.966370652252138918e-01,2.053736587582621065e-01,-2.314589270860437420e+00,-1.342111674584535799e-03,2.827302195517765893e-03,4.956997373422609598e+00,1.576233772202220074e+01,8.165347281508736899e+00,1.255398781393608054e+01,1.000000000000000000e+00
-5.970138707532336025e-02,3.559280778570667603e-01,6.621376839837767037e-02,-1.007646198783142877e+00,2.134848534644357976e-01,-2.319518234764783138e+00,-4.519087135947915876e-03,2.826371902995567040e-03,4.964327598271490061e+00,1.599598300729213385e+01,8.240442557373544474e+00,1.271986804819009009e+01,1.000000000000000000e+00
-5.560479244663844856e-02,3.618758668271975787e-01,6.956713920556066577e-02,-1.018543460769532949e+00,2.216466856266403329e-01,-2.324407459444437496e+00,-7.786440986547359805e-03,2.825441920176995515e-03,4.974369209078329135e+00,1.622782290201351785e+01,8.316892123213802890e+00,1.288529998787805475e+01,1.000000000000000000e+00
-5.159173405554079439e-02,3.678253196843017658e-01,7.286878787972618510e-02,-1.029328379530070947e+00,2.298602800828577208e-01,-2.329256849158864551e+00,-1.114539380434552071e-02,2.824512246956433978e-03,4.987071739209937071e+00,1.645781658814740211e+01,8.394648442001098942e+00,1.305023988535625179e+01,1.000000000000000000e+00
-4.766197755631808308e-02,3.737750816005005472e-01,7.611860208403573025e-02,-1.040000541563210312e+00,2.381266552733963260e-01,-2.334066205347445688e+00,-1.459716258971451713e-02,2.823582883228919517e-03,5.002383532315736403e+00,1.668592494914473789e+01,8.473663656252192311e+00,1.321464482520829264e+01,1.000000000000000000e+00
-4.381523606688874500e-02,3.797237959537195229e-01,7.931649498485048022e-02,-1.050559590545030897e+00,2.464467199444208001e-01,-2.338835230029359114e+00,-1.814295406908587177e-02,2.822653828888482645e-03,5.020251812507294353e+00,1.691211058154887326e+01,8.553889640588183241e+00,1.337847275346799591e+01,1.000000000000000000e+00
-4.005117133495929294e-02,3.856701055874961481e-01,8.246240540544903797e-02,-1.061005226274927882e+00,2.548212700008291587e-01,-2.343563529498009501e+00,-2.178395785339790752e-02,2.821725083830012130e-03,5.040622755398795896e+00,1.713633780319041477e+01,8.635278053870962367e+00,1.354168250471825985e+01,1.000000000000000000e+00
-3.636939497882170358e-02,3.916126540605092687e-01,8.555629792791444310e-02,-1.071337203546643080e+00,2.632509855126396459e-01,-2.348250618296609638e+00,-2.552133946890171659e-02,2.820796647948047627e-03,5.063441559804353176e+00,1.735857265801550398e+01,8.717780390786540323e+00,1.370423382703333104e+01,1.000000000000000000e+00
-3.276946979801559356e-02,3.975500868826882250e-01,8.859816294318559327e-02,-1.081555330949446558e+00,2.717364278796265409e-01,-2.352895923460760041e+00,-2.935623327921679793e-02,2.819868521137339993e-03,5.088652519890845660e+00,1.757878291760351885e+01,8.801348032751363348e+00,1.386608740474301449e+01,1.000000000000000000e+00
-2.925091114896506694e-02,4.034810527348486886e-01,9.158801664945694088e-02,-1.091659469604334465e+00,2.802780371592419328e-01,-2.357498789012865803e+00,-3.328973531883616666e-02,2.818940703292669575e-03,5.116199097588842726e+00,1.779693807944043016e+01,8.885932298023440978e+00,1.402720487900584345e+01,1.000000000000000000e+00
-2.581318838055570233e-02,4.094042046689738701e-01,9.452590099931951206e-02,-1.101649531840289908e+00,2.888761295635490223e-01,-2.362058480692537543e+00,-3.732289605965823098e-02,2.818013194308668836e-03,5.146023995068805590e+00,1.801300936202639136e+01,8.971484490907092990e+00,1.418754886618811639e+01,1.000000000000000000e+00
-2.245572632453457854e-02,4.153182012864016226e-01,9.741188359623231818e-02,-1.111525479815723916e+00,2.975308951314419859e-01,-2.366574190906296060e+00,-4.145671313350286075e-02,2.817085994080304606e-03,5.178069227095360105e+00,1.822696969690613145e+01,9.057955949947041674e+00,1.434708297405446231e+01,1.000000000000000000e+00
-1.917790683555951198e-02,4.212217078913322865e-01,1.002460575410927396e-01,-1.121287324090257886e+00,3.062423955830969602e-01,-2.371045043879165259e+00,-4.569212403496843850e-02,2.816159102502265293e-03,5.212276193078601239e+00,1.843879371772007048e+01,9.145298095014721795e+00,1.450577181578396591e+01,1.000000000000000000e+00
-1.597907037567366725e-02,4.271133976172594160e-01,1.030285412298707903e-01,-1.130935122152092021e+00,3.150105623643809083e-01,-2.375470100990117128e+00,-5.002999883039582069e-02,2.815232519469478695e-03,5.248585748648437743e+00,1.864845774638371978e+01,9.233462473197445064e+00,1.466358102183472845e+01,1.000000000000000000e+00
-1.285851763799347042e-02,4.329919525240668032e-01,1.057594781034261466e-01,-1.140468976906151122e+00,3.238351948895401566e-01,-2.379848366272602878e+00,-5.447113290002778691e-02,2.814306244876851361e-03,5.286938276585255281e+00,1.885593977650960440e+01,9.322400803408235959e+00,1.482047724968664149e+01,1.000000000000000000e+00
-9.815511204396859535e-03,4.388560646637355567e-01,1.084390363508081351e-01,-1.149889035128235371e+00,3.327159589913258331e-01,-2.384178792060869689e+00,-5.901623974181487153e-02,2.813380278619503211e-03,5.327273756948262218e+00,1.906121945419411290e+01,9.412065019642176011e+00,1.497642819150021332e+01,1.000000000000000000e+00
-6.849277232045578034e-03,4.447044371127660267e-01,1.110674085674860784e-01,-1.159195485890337940e+00,3.416523855883081273e-01,-2.388460284762164765e+00,-6.366594386652721371e-02,2.812454620592209388e-03,5.369531836251034029e+00,1.926427805629721490e+01,9.502407312812536588e+00,1.513140257973572567e+01,1.000000000000000000e+00
-3.959007163637557995e-03,4.505357849695917904e-01,1.136448113701049034e-01,-1.168388558962227597e+00,3.506438695798166916e-01,-2.392691710734418109e+00,-6.842077381501167344e-02,2.811529270690206906e-03,5.413651895542343162e+00,1.946509846634832286e+01,9.593380171107511956e+00,1.528537019078316561e+01,1.000000000000000000e+00
-1.143859456353332835e-03,4.563488363154595828e-01,1.161714849695040380e-01,-1.177468523194339145e+00,3.596896689794433222e-01,-2.396871902248510100e+00,-7.328115532942720833e-02,2.810604228808273944e-03,5.459573117259222563e+00,1.966366514821666911e+01,9.684936418816157300e+00,1.543830184665974770e+01,1.000000000000000000e+00
1.597038675437026465e-03,4.621423331374088783e-01,1.186476927038664086e-01,-1.186435684886905761e+00,3.687889042986020049e-01,-2.400999663513827542e+00,-7.824740471124862207e-02,2.809679494841741190e-03,5.507234550728046685e+00,1.985996411768795156e+01,9.777029253579266665e+00,1.559016941483674401e+01,1.000000000000000000e+00
4.264589508530258755e-03,4.679150322121663486e-01,1.210737205339803974e-01,-1.195290386150153594e+00,3.779405581918368062e-01,-2.405073776745413117e+00,-8.331972239942506131e-02,2.808755068685609736e-03,5.556575176198431443e+00,2.005398291209206718e+01,9.869612282028215944e+00,1.574094580626229778e+01,1.000000000000000000e+00
6.859723055009432635e-03,4.736657059499357891e-01,1.234498765027107064e-01,-1.204033003260257084e+00,3.871434753758810632e-01,-2.409093008250708934e+00,-8.849818680269540272e-02,2.807830950235112692e-03,5.607533967303672817e+00,2.024571055812899800e+01,9.962639553781645674e+00,1.589060497165104024e+01,1.000000000000000000e+00
9.383395306695935245e-03,4.793931431972520141e-01,1.257764901608773578e-01,-1.212663945015629796e+00,3.963963628344430723e-01,-2.413056114513662642e+00,-9.378274842026933233e-02,2.806907139385675289e-03,5.660049951850535166e+00,2.043513753804194977e+01,1.005606559377689990e+01,1.603912189611559924e+01,1.000000000000000000e+00
1.183658648434560146e-02,4.850961499982086589e-01,1.280539119618273880e-01,-1.221183651097956568e+00,4.056977903205291058e-01,-2.416961848253753153e+00,-9.917322428512161114e-02,2.805983636031978562e-03,5.714062270849903591e+00,2.062225575428711011e+01,1.014984543291921959e+01,1.618647259221780743e+01,1.000000000000000000e+00
1.422029929586093172e-02,4.907735503135690625e-01,1.302825126270746037e-01,-1.229592590442248889e+00,4.150461911678064997e-01,-2.420808964437449973e+00,-1.046692927638992882e-01,2.805060440070007623e-03,5.769510235708841250e+00,2.080705849285082465e+01,1.024393463703851026e+01,1.633263409152116807e+01,1.000000000000000000e+00
1.653555720760149783e-02,4.964241866973695960e-01,1.324626824854306939e-01,-1.237891259619980477e+00,4.244398634218498056e-01,-2.424596226219558837e+00,-1.102704887468199668e-01,2.804137551394753590e-03,5.826333383512642961e+00,2.098954038536280109e+01,1.033828933414842233e+01,1.647758443472703505e+01,1.000000000000000000e+00
1.878340273274176769e-02,5.020469209308732195e-01,1.345948307881481287e-01,-1.246080181239300311e+00,4.338769713014599683e-01,-2.428322410792058683e+00,-1.159761992601537617e-01,2.803214969901560161e-03,5.884471530334843159e+00,2.116969737015623920e+01,1.043286624000973895e+01,1.662130266048135852e+01,1.000000000000000000e+00
2.096489574039829898e-02,5.076406346137607439e-01,1.366793850025914692e-01,-1.254159902365979073e+00,4.433555469990335118e-01,-2.431986315118188635e+00,-1.217856595325076674e-01,2.802292695485834786e-03,5.943864822520154689e+00,2.134752665242042013e+01,1.052762268200337736e+01,1.676376879293721345e+01,1.000000000000000000e+00
2.308111178911795638e-02,5.132042297127262787e-01,1.387167900870483472e-01,-1.262130992968752530e+00,4.528734928279323779e-01,-2.435586761529908273e+00,-1.276979495447334301e-01,2.801370728042981446e-03,6.004453785894736662e+00,2.152302666359385341e+01,1.062251662132562657e+01,1.690496382816298393e+01,1.000000000000000000e+00
2.513314048807609863e-02,5.187366290676507230e-01,1.407075077492539739e-01,-1.269994044392341870e+00,4.624285837230465712e-01,-2.439122603167220849e+00,-1.337119910911667986e-01,2.800449067468542899e-03,6.066179372864624497e+00,2.169619702013924822e+01,1.071750667352073094e+01,1.704486971948316310e+01,1.000000000000000000e+00
2.712208388918954660e-02,5.242367768557868457e-01,1.426520156912705894e-01,-1.277749667861413085e+00,4.720184700993473870e-01,-2.442592729238544091e+00,-1.398265453778111123e-01,2.799527713658240581e-03,6.128983007372143632e+00,2.186703848184294330e+01,1.081255212737261395e+01,1.718346936184249074e+01,1.000000000000000000e+00
2.904905491311231269e-02,5.297036390144272966e-01,1.445508068433213611e-01,-1.285398493018409249e+00,4.816406810710145425e-01,-2.445996070081887019e+00,-1.460402111802869551e-01,2.798606666507245586e-03,6.192806627686563203e+00,2.203555290977502423e+01,1.090761296218009591e+01,1.732074657528150752e+01,1.000000000000000000e+00
3.091517581189833289e-02,5.351362036226949837e-01,1.464043885891816721e-01,-1.292941166498049022e+00,4.912926280318358763e-01,-2.449331602007529529e+00,-1.523514235815520146e-01,2.797685925911525678e-03,6.257592727012957212e+00,2.220174322404417211e+01,1.100264986344470408e+01,1.745668608761243945e+01,1.000000000000000000e+00
3.272157667090564576e-02,5.405334812432134317e-01,1.482132819857001904e-01,-1.300378350541070871e+00,5.009716085951977371e-01,-2.452598351903868767e+00,-1.587584533060460157e-01,2.796765491766191238e-03,6.323284391910279467e+00,2.236561336147703827e+01,1.109762423700382783e+01,1.759127351638350234e+01,1.000000000000000000e+00
3.446939395230089881e-02,5.458945052245108842e-01,1.499780209789753627e-01,-1.307710721649572028e+00,5.106748108895514671e-01,-2.455795401589202065e+00,-1.652594066633730208e-01,2.795845363967427739e-03,6.389825338516348374e+00,2.252716823334698404e+01,1.119249822164514718e+01,1.772449535021819855e+01,1.000000000000000000e+00
3.615976908231203352e-02,5.512183319651312585e-01,1.516991516196622147e-01,-1.314938969286097548e+00,5.203993182027959463e-01,-2.458921891893539158e+00,-1.718522261108724469e-01,2.794925542410529005e-03,6.457159946584244636e+00,2.268641368327247676e+01,1.128723470024164399e+01,1.785633892961508806e+01,1.000000000000000000e+00
3.779384708416287653e-02,5.565040411405405285e-01,1.533772312798155069e-01,-1.322063794618423938e+00,5.301421139663294868e-01,-2.461977026455894446e+00,-1.785346914403794782e-01,2.794006026991466708e-03,6.525233291341305808e+00,2.284335644540056265e+01,1.138179730944976065e+01,1.798679242729211936e+01,1.000000000000000000e+00
3.937277525838409759e-02,5.617507358939446416e-01,1.550128278735784793e-01,-1.329085909311692237e+00,5.399000870668784202e-01,-2.464960075224067459e+00,-1.853044215902713010e-01,2.793086817606052052e-03,6.593991173187411903e+00,2.299800410298345099e+01,1.147615044801482220e+01,1.811584482815605313e+01,1.000000000000000000e+00
4.089770191199987304e-02,5.669575429923231491e-01,1.566065190839540655e-01,-1.336006034369438655e+00,5.496700374716121384e-01,-2.467870377645565050e+00,-1.921588770796615608e-01,2.792167914149878971e-03,6.663380145256621923e+00,2.315036504745306445e+01,1.157025928373211876e+01,1.824348590897757916e+01,1.000000000000000000e+00
4.236977513783919680e-02,5.721236129489768452e-01,1.581588915977678311e-01,-1.342824899024747776e+00,5.594486821494143447e-01,-2.470707345540076538e+00,-1.990953630571956900e-01,2.791249316519095643e-03,6.733347538871131910e+00,2.330044843808991928e+01,1.166408975911286561e+01,1.836970621784819357e+01,1.000000000000000000e+00
4.379014164500173723e-02,5.772481201139849638e-01,1.596705403508125731e-01,-1.349543239682553519e+00,5.692326612685966181e-01,-2.473470465645732030e+00,-2.061110329525069618e-01,2.790331024609138139e-03,6.803841486922537207e+00,2.344826416237674849e+01,1.175760859580669582e+01,1.849449705349259787e+01,1.000000000000000000e+00
4.515994564128217315e-02,5.823302627340348758e-01,1.611420677850420591e-01,-1.356161798913892769e+00,5.790185446490286880e-01,-2.476159301833313897e+00,-2.132028927141339514e-01,2.789413038316459949e-03,6.874810945220963809e+00,2.359382279712082564e+01,1.185078329783429929e+01,1.861785044450749638e+01,1.000000000000000000e+00
4.648032776813158795e-02,5.873692629831558376e-01,1.625740831195346126e-01,-1.362681324502719393e+00,5.888028384443503294e-01,-2.478773496984535196e+00,-2.203678056134553698e-01,2.788495357536530540e-03,6.946205711858097764e+00,2.373713557042219691e+01,1.194358215368562348e+01,1.873975912859467741e+01,1.000000000000000000e+00
4.775242408849624670e-02,5.923643669658773536e-01,1.639672016367902385e-01,-1.369102568545567777e+00,5.985819920278614426e-01,-2.481312774532494547e+00,-2.276024975901246306e-01,2.787577982165785184e-03,7.017976444634400401e+00,2.387821432455644199e+01,1.203597423733941696e+01,1.886021653185143521e+01,1.000000000000000000e+00
4.897736512766770467e-02,5.973148446944400725e-01,1.653220439857819857e-01,-1.375426286604249038e+00,6.083524050539422801e-01,-2.483776939664423811e+00,-2.349035631107413424e-01,2.786660912099816513e-03,7.090074676606463733e+00,2.401707147983514190e+01,1.212792940826225951e+01,1.897921674817935767e+01,1.000000000000000000e+00
5.015627496704395949e-02,6.022199900416507212e-01,1.666392355030038019e-01,-1.381653236911443594e+00,6.181104346652154247e-01,-2.486165880188822008e+00,-2.422674715088818653e-01,2.785744147235077583e-03,7.162452829814034416e+00,2.415371999949818616e+01,1.221941831044498095e+01,1.909675451886725028e+01,1.000000000000000000e+00
5.129027039049816050e-02,6.070791206710326460e-01,1.679194055525980167e-01,-1.387784179628909875e+00,6.278524028144250035e-01,-2.488479567071014031e+00,-2.496905737714182338e-01,2.784827687467523582e-03,7.235064227250862068e+00,2.428817335568569646e+01,1.231041237053569759e+01,1.921282521240087249e+01,1.000000000000000000e+00
5.238046008283957222e-02,6.118915779459120907e-01,1.691631868864806876e-01,-1.393819876157785131e+00,6.375746036691041230e-01,-2.490718054643093815e+00,-2.571691097332416964e-01,2.783911532693200772e-03,7.307863103147052897e+00,2.442044549652949925e+01,1.240088379512878980e+01,1.932742480454777478e+01,1.000000000000000000e+00
5.342794387965228015e-02,6.166567268190714657e-01,1.703712150251950053e-01,-1.399761088500260708e+00,6.472733110662920453e-01,-2.492881480495963586e+00,-2.646992156399423646e-01,2.782995682808356210e-03,7.380804611633707601e+00,2.455055081439639153e+01,1.249080556726904057e+01,1.944054985876107011e+01,1.000000000000000000e+00
5.443381206761147700e-02,6.213739557046032980e-01,1.715441276600781773e-01,-1.405608578671731168e+00,6.569447859844331772e-01,-2.494970065062942499e+00,-2.722769320360985956e-01,2.782080137709053939e-03,7.453844833863831454e+00,2.467850411530864463e+01,1.258015144223029225e+01,1.955219750694219627e+01,1.000000000000000000e+00
5.539914473420065599e-02,6.260426763335869005e-01,1.726825640771422754e-01,-1.411363108162356328e+00,6.665852839994734769e-01,-2.496984110905954513e+00,-2.798982119351854370e-01,2.781164897291922219e-03,7.526940783666021595e+00,2.480432058956026964e+01,1.266889594262771723e+01,1.966236543059858377e+01,1.000000000000000000e+00
5.632501116558274318e-02,6.306623235951469564e-01,1.737871646029203743e-01,-1.417025437446764347e+00,6.761910626925465850e-01,-2.498924001716813947e+00,-2.875589292259755902e-01,2.780249961453079739e-03,7.600050411808981110e+00,2.492801578353980929e+01,1.275701435292150165e+01,1.977105184242729763e+01,1.000000000000000000e+00
5.721246929123566943e-02,6.352323553644640963e-01,1.748585700723726266e-01,-1.422596325540530282e+00,6.857583889773082308e-01,-2.500790201047346173e+00,-2.952548872697529636e-01,2.779335330088661231e-03,7.673132608957132561e+00,2.504960557276509192e+01,1.284448271336971104e+01,1.987825546835252055e+01,1.000000000000000000e+00
5.806256517381923332e-02,6.397522523192172850e-01,1.758974213187965985e-01,-1.428076529601877143e+00,6.952835463159037221e-01,-2.502583250783293245e+00,-3.029818276423743018e-01,2.778421003095255925e-03,7.746147207397975798e+00,2.516910613612788694e+01,1.293127781348611904e+01,1.998397553003974991e+01,1.000000000000000000e+00
5.887633254262519822e-02,6.442215177459199582e-01,1.769043586855564010e-01,-1.433466804576958964e+00,7.047628417937834566e-01,-2.504303769377878464e+00,-3.107354389755206947e-01,2.777506980369242717e-03,7.819054981622921119e+00,2.528653393134141325e+01,1.301737718505802377e+01,2.008821172790631948e+01,1.000000000000000000e+00
5.965479236886176567e-02,6.486396773375625591e-01,1.778800215593261957e-01,-1.438767902886994188e+00,7.141926130251550209e-01,-2.505952449861717390e+00,-3.185113658522378266e-01,2.776593261806769783e-03,7.891817647843550887e+00,2.540190567157833712e+01,1.310275909477764600e+01,2.019096422464425089e+01,1.000000000000000000e+00
6.039895248092695679e-02,6.530062789838615434e-01,1.788250479244057611e-01,-1.443980574155367513e+00,7.235692348624270798e-01,-2.507530057646351285e+00,-3.263052177128481501e-01,2.775679847304719523e-03,7.964397862524049465e+00,2.551523830328053322e+01,1.318740253653793815e+01,2.029223362926665430e+01,1.000000000000000000e+00
6.110980721776777813e-02,6.573208925554085980e-01,1.797400739375940582e-01,-1.449105564972827498e+00,7.328891258850477319e-01,-2.509037428139149206e+00,-3.341125777288843635e-01,2.774766736759438305e-03,8.036759220010718963e+00,2.562654898511895141e+01,1.327128722344286871e+01,2.039202098168680877e+01,1.000000000000000000e+00
6.178833711836843184e-02,6.615831096829276614e-01,1.806257335230074534e-01,-1.454143618698820362e+00,7.421487546452602002e-01,-2.510475464187588823e+00,-3.419290116045670125e-01,2.773853930067304158e-03,8.108866249337893350e+00,2.573585506807740941e+01,1.335439357957977968e+01,2.049032773783552841e+01,1.000000000000000000e+00
6.243550864536630968e-02,6.657925435327284314e-01,1.814826579861428535e-01,-1.459095475296931399e+00,7.513446456502727022e-01,-2.511845133370971705e+00,-3.497500762672574037e-01,2.772941427125350834e-03,8.180684410287177855e+00,2.584317407662936716e+01,1.343670273159829520e+01,2.058715575531825692e+01,1.000000000000000000e+00
6.305227394079555847e-02,6.699488285794603648e-01,1.823114756464494501e-01,-1.463961871202475340e+00,7.604733850630337466e-01,-2.513147465157666183e+00,-3.575713284109907075e-01,2.772029227829580361e-03,8.252180088776228217e+00,2.594852369097606370e+01,1.351819650013956675e+01,2.068250727961273228e+01,1.000000000000000000e+00
6.363957061193988018e-02,6.740516203771119708e-01,1.831128114876107715e-01,-1.468743539220185745e+00,7.695316261058816609e-01,-2.514383547945669761e+00,-3.653883328595625146e-01,2.771117332077000037e-03,8.323320591649538969e+00,2.605192173030972569e+01,1.359885739115563830e+01,2.077638493080363347e+01,1.000000000000000000e+00
6.419832154529878099e-02,6.781005953291636690e-01,1.838872868247019010e-01,-1.473441208450011919e+00,7.785160941538568080e-01,-2.515554526003994873e+00,-3.731966707184567467e-01,2.770205739764428077e-03,8.394074140941533813e+00,2.615338613706448712e+01,1.367866858715682099e+01,2.086879169084920704e+01,1.000000000000000000e+00
6.472943474670264652e-02,6.820954504587483092e-01,1.846355189873868929e-01,-1.478055604239081777e+00,7.874235915070255665e-01,-2.516661596331911888e+00,-3.809919472879242930e-01,2.769294450788515292e-03,8.464409867679528077e+00,2.625293496211677535e+01,1.375761393842283553e+01,2.095973089137347500e+01,1.000000000000000000e+00
6.523380320564536872e-02,6.860359031795388862e-01,1.853581210182825567e-01,-1.482587448157864474e+00,7.962510018332723538e-01,-2.517706005452474471e+00,-3.887697997122517846e-01,2.768383465045695657e-03,8.534297805289858374e+00,2.635058635089426815e+01,1.383567795420971080e+01,2.104920620197442460e+01,1.000000000000000000e+00
6.571230478196815605e-02,6.899216910680849857e-01,1.860557013856524444e-01,-1.487037457998694467e+00,8.049952942757444552e-01,-2.518689046156135980e+00,-3.965259043435890307e-01,2.767472782433224102e-03,8.603708882668163582e+00,2.644635853035388351e+01,1.391284579398314492e+01,2.113722161903891461e+01,1.000000000000000000e+00
6.616580211308424608e-02,6.937525716381867102e-01,1.867288637095771420e-01,-1.491406347794832055e+00,8.136535272209965974e-01,-2.519612054209490637e+00,-4.042559838013519702e-01,2.766562402847658631e-03,8.672614916970115218e+00,2.654026979678743103e+01,1.398910325870529370e+01,2.122378145505226499e+01,1.000000000000000000e+00
6.659514254001724920e-02,6.975283221178889548e-01,1.873782065007926489e-01,-1.495694827858346398e+00,8.222228517264770220e-01,-2.520476405043366785e+00,-4.119558137116173246e-01,2.765652326186122337e-03,8.740988606176079756e+00,2.663233850441536887e+01,1.406443678220048810e+01,2.130889032839097297e+01,1.000000000000000000e+00
6.700115805059857210e-02,7.012487392295424504e-01,1.880043229114056469e-01,-1.499903604835139959e+00,8.307005146076719138e-01,-2.521283510433661945e+00,-4.196212291134300276e-01,2.764742552345243916e-03,8.808803521478155929e+00,2.672258305472788464e+01,1.413883342262146137e+01,2.139255315358459342e+01,1.000000000000000000e+00
6.738466523827113530e-02,7.049136389734097508e-01,1.886078004967462751e-01,-1.504033381775594425e+00,8.390838611875277575e-01,-2.522034815187397694e+00,-4.272481305221711434e-01,2.763833081222027629e-03,8.876034099535655031e+00,2.681102188653567708e+01,1.421228085403702224e+01,2.147477513203432764e+01,1.000000000000000000e+00
6.774646527502946325e-02,7.085228564151704322e-01,1.891892209876497588e-01,-1.508084858219352453e+00,8.473703377122673297e-01,-2.522731793845591319e+00,-4.348324896425029285e-01,2.762923912713630831e-03,8.942655634640056306e+00,2.689767346669223258e+01,1.428476735815834786e+01,2.155556174317396056e+01,1.000000000000000000e+00
6.808734389713132218e-02,7.120762454776494721e-01,1.897491600725248195e-01,-1.512058730292863640e+00,8.555574934396217301e-01,-2.523375947413597498e+00,-4.423703547262589630e-01,2.762015046717036532e-03,9.008644270826964728e+00,2.698255628145155072e+01,1.435628181621932953e+01,2.163491873605920546e+01,1.000000000000000000e+00
6.840807140231432160e-02,7.155736787370611252e-01,1.902881871886014931e-01,-1.515955690818437507e+00,8.636429824068149186e-01,-2.523968800128673973e+00,-4.498578555728628414e-01,2.761106483129353514e-03,9.073976993969075977e+00,2.706568882842705293e+01,1.442681370102440574e+01,2.171285212137173914e+01,1.000000000000000000e+00
6.870940265735372976e-02,7.190150472240028900e-01,1.908068653218295829e-01,-1.519776429433635112e+00,8.716245648871367990e-01,-2.524511896273624156e+00,-4.572912081722576016e-01,2.760198221847355755e-03,9.138631623880254295e+00,2.714708960911904256e+01,1.449635306917516964e+01,2.178936816382414321e+01,1.000000000000000000e+00
6.899207711490075445e-02,7.224002602294302688e-01,1.913057508149350605e-01,-1.523521632719959440e+00,8.795001085451257250e-01,-2.525006797044480944e+00,-4.646667189924063579e-01,2.759290262768466888e-03,9.202586806457862423e+00,2.722677712198068534e+01,1.456489055348564499e+01,2.186447337495291876e+01,1.000000000000000000e+00
6.925681883863608890e-02,7.257292451157306701e-01,1.917853931832202152e-01,-1.527191984339831832e+00,8.872675893012763604e-01,-2.525455077479356270e+00,-4.719807889151491631e-01,2.758382605789713293e-03,9.265822005885647528e+00,2.730476985599277739e+01,1.463241735559292778e+01,2.193817450628550958e+01,1.000000000000000000e+00
6.950433653588028449e-02,7.290019471330907441e-01,1.922463349377418751e-01,-1.530788165181040217e+00,8.949250919183262543e-01,-2.525858323454762022e+00,-4.792299168261699993e-01,2.757475250808591027e-03,9.328317496918218765e+00,2.738108628472205552e+01,1.469892523877030044e+01,2.201047854286998628e+01,1.000000000000000000e+00
6.973532359689448012e-02,7.322183292412740574e-01,1.926891114155637463e-01,-1.534310853507893091e+00,9.024708103218221922e-01,-2.526218128754929459e+00,-4.864107028662421617e-01,2.756568197721960805e-03,9.390054357264151719e+00,2.745574486083879506e+01,1.476440652094741068e+01,2.208139269715554676e+01,1.000000000000000000e+00
6.995045814019409947e-02,7.353783719368556238e-01,1.931142506168287143e-01,-1.537760725118348271e+00,9.099030476681826407e-01,-2.526536092218920615e+00,-4.935198513521801833e-01,2.755661446427270980e-03,9.451014460080918056e+00,2.752876401107033644e+01,1.482885406793977268e+01,2.215092440321149780e+01,1.000000000000000000e+00
7.015040306329568820e-02,7.384820730860771620e-01,1.935222730484705278e-01,-1.541138453506618156e+00,9.172202161742446513e-01,-2.526813814969657734e+00,-5.005541733773567481e-01,2.754754996821753062e-03,9.511180466594879590e+00,2.760016213157257781e+01,1.489226128689138129e+01,2.221908131127609209e+01,1.000000000000000000e+00
7.033580609839029663e-02,7.415294477633154191e-01,1.939136915744118506e-01,-1.544444710030670853e+00,9.244208367223472056e-01,-2.527052897728323977e+00,-5.075105891023869997e-01,2.753848848803122987e-03,9.570535818854002841e+00,2.766995758369973402e+01,1.495462211992993318e+01,2.228587128262381967e+01,1.000000000000000000e+00
7.050729987252193909e-02,7.445205280952562621e-01,1.942890112721500362e-01,-1.547680164084240584e+00,9.315035382554330834e-01,-2.527254938217059710e+00,-5.143861297475308403e-01,2.752943002268202002e-03,9.629064732620987499e+00,2.773816869015735520e+01,1.501593103803547180e+01,2.235130238474288689e+01,1.000000000000000000e+00
7.066550197192325578e-02,7.474553631108398211e-01,1.946487292957053139e-01,-1.550845483273016301e+00,9.384670569769026915e-01,-2.527421528652240124e+00,-5.211779392992732518e-01,2.752037457114888189e-03,9.686752190412059704e+00,2.780481373152511182e+01,1.507618303512210112e+01,2.241538288681508462e+01,1.000000000000000000e+00
7.081101501022088462e-02,7.503340185969599174e-01,1.949933347448988552e-01,-1.553941333594668572e+00,9.453102353696625215e-01,-2.527554253330249967e+00,-5.278832759435947430e-01,2.751132213240359281e-03,9.743583934683446302e+00,2.786991094313585293e+01,1.513537362233010164e+01,2.247812125548921358e+01,1.000000000000000000e+00
7.094442670029429965e-02,7.531565769600183646e-01,1.953233085409995240e-01,-1.556968379622553744e+00,9.520320210492048130e-01,-2.527654686307112986e+00,-5.344995132394227966e-01,2.750227270542278737e-03,9.799546461168223033e+00,2.793347851230198131e+01,1.519349882252764772e+01,2.253952615094257084e+01,1.000000000000000000e+00
7.106630992962081894e-02,7.559231370933342520e-01,1.956391233088100590e-01,-1.559927284692902205e+00,9.586314654651539868e-01,-2.527724389173003239e+00,-5.410241410456672062e-01,2.749322628917907560e-03,9.854627012362991323e+00,2.799553457587957084e+01,1.525055516501886821e+01,2.259960642322370816e+01,1.000000000000000000e+00
7.117722283899251268e-02,7.586338142504298609e-01,1.959412432652578862e-01,-1.562818711095361079e+00,9.651077224656019471e-01,-2.527764908922256470e+00,-5.474547662155435646e-01,2.748418288265286509e-03,9.908813571162928824e+00,2.805609721816262336e+01,1.530653968045493585e+01,2.265837110887062877e+01,1.000000000000000000e+00
7.127770890453594133e-02,7.612887399242583841e-01,1.962301241146447439e-01,-1.565643320266862482e+00,9.714600467383970317e-01,-2.527777775919227921e+00,-5.537891130720047350e-01,2.747514248481621076e-03,9.962094854643698483e+00,2.811518446910223190e+01,1.536144989594556698e+01,2.271582942780037584e+01,1.000000000000000000e+00
7.136829702300363787e-02,7.638880617323694500e-01,1.965062129506536248e-01,-1.568401772988742282e+00,9.776877921431330609e-01,-2.527764501959995247e+00,-5.600250236780266455e-01,2.746610509464696148e-03,1.001446030798625664e+01,2.817281430284499422e+01,1.541528383036644279e+01,2.277199078046481873e+01,1.000000000000000000e+00
7.144950160034119202e-02,7.664319433080748478e-01,1.967699481652792071e-01,-1.571094729587150685e+00,9.837904099473543384e-01,-2.527726578429721815e+00,-5.661604579154503325e-01,2.745707071112157404e-03,1.006590009854120105e+01,2.822900463658753978e+01,1.546803998985928175e+01,2.282686474526947151e+01,1.000000000000000000e+00
7.152182264356277130e-02,7.689205641976304406e-01,1.970217593648562193e-01,-1.573722850136768381e+00,9.897674469799909724e-01,-2.527665474555216285e+00,-5.721934933858574546e-01,2.744803933321680878e-03,1.011640511002780229e+01,2.828377332974407565e+01,1.551971736352021125e+01,2.288046107625168091e+01,1.000000000000000000e+00
7.158574585599099260e-02,7.713541197634615765e-01,1.972620672933459163e-01,-1.576286794667874247e+00,9.956185437146723993e-01,-2.527582635752069429e+00,-5.781223251467473290e-01,2.743901095991181562e-03,1.016596693686242148e+01,2.833713818342469892e+01,1.557031541927208806e+01,2.293278970101504655e+01,1.000000000000000000e+00
7.164174273593909570e-02,7.737328210935012773e-01,1.974912837630534712e-01,-1.578787223376880489e+00,1.001343432295144442e+00,-2.527479482065580818e+00,-5.839452652960265278e-01,2.742998559018295594e-03,1.021457787861154465e+01,2.838911694022385035e+01,1.561983409991721139e+01,2.298386071891819782e+01,1.000000000000000000e+00
7.169027067892692895e-02,7.760568949166231079e-01,1.977098115929800670e-01,-1.581224796840369207e+00,1.006941934514421266e+00,-2.527357406704513032e+00,-5.896607424174077350e-01,2.742096322301183428e-03,1.026223093456260216e+01,2.843972728431705477e+01,1.566827381936512431e+01,2.303368439951454505e+01,1.000000000000000000e+00
7.173177308353523296e-02,7.783265835242599850e-01,1.979180445549595935e-01,-1.583600176232791812e+00,1.012413959758933224e+00,-2.527217774666635552e+00,-5.952673008990119197e-01,2.741194385736951677e-03,1.030891979840769856e+01,2.848898684186669783e+01,1.571563545903229198e+01,2.308227118124211685e+01,1.000000000000000000e+00
7.176667946101167317e-02,7.805421446982245826e-01,1.981163673277949733e-01,-1.585914023547920104e+00,1.017759502928362814e+00,-2.527061921454860638e+00,-6.007636001370714185e-01,2.740292749224306369e-03,1.035463885303381915e+01,2.853691318173652647e+01,1.576192036440908417e+01,2.312963167036127388e+01,1.000000000000000000e+00
7.179540554874502822e-02,7.827038516447437644e-01,1.983051554595153532e-01,-1.588167001824143831e+00,1.022978642341227706e+00,-2.526891151882751707e+00,-6.061484136360013597e-01,2.739391412660791263e-03,1.039938316541287122e+01,2.858352381651446450e+01,1.580713034178928744e+01,2.317577664013806071e+01,1.000000000000000000e+00
7.181835342772868724e-02,7.848119929347866508e-01,1.984847753379455626e-01,-1.590359775373778595e+00,1.028071537635923072e+00,-2.526706738968028443e+00,-6.114206280159384388e-01,2.738490375944228981e-03,1.044314848158645148e+01,2.862883620384523553e+01,1.585126765515902392e+01,2.322071703027267375e+01,1.000000000000000000e+00
7.183591164413326291e-02,7.868668724507021928e-01,1.986555841697411895e-01,-1.592493010016483801e+00,1.033038427676281401e+00,-2.526509922912683948e+00,-6.165792419381835865e-01,2.737589638972988577e-03,1.048593122173900305e+01,2.867286774807284999e+01,1.589433502324065905e+01,2.326446394657120464e+01,1.000000000000000000e+00
7.184845533510443583e-02,7.888688093391724721e-01,1.988179299680252199e-01,-1.594567373316885472e+00,1.037879628470073312e+00,-2.526301910168274212e+00,-6.216233649584139709e-01,2.736689201644945148e-03,1.052772847535300293e+01,2.871563580219289946e+01,1.593633561668724496e+01,2.330702866085866987e+01,1.000000000000000000e+00
7.185634635889982802e-02,7.908181379705482295e-01,1.989721515487310466e-01,-1.596583534826551132e+00,1.042595531108523543e+00,-2.526083872584847345e+00,-6.265522163172674297e-01,2.735789063858215780e-03,1.056853799644125758e+01,2.875715767011584134e+01,1.597727305542439424e+01,2.334842261113271533e+01,1.000000000000000000e+00
7.185993342947021023e-02,7.927152079045921562e-01,1.991185785357939275e-01,-1.598542166330425118e+00,1.047186599734272194e+00,-2.525856946641981793e+00,-6.313651236772680475e-01,2.734889225510840367e-03,1.060835819885087972e+01,2.879745060924154032e+01,1.601715140613589483e+01,2.338865740195653586e+01,1.000000000000000000e+00
7.185955225558300630e-02,7.945603838625815429e-01,1.992575313754428035e-01,-1.600443942097764305e+00,1.051653369544489625e+00,-2.525622232760361463e+00,-6.360615218143648164e-01,2.733989686501034442e-03,1.064718815163254995e+01,2.883653183334395464e+01,1.605597517988823597e+01,2.342774480508828105e+01,1.000000000000000000e+00
7.185552568457752309e-02,7.963540457059636868e-01,1.993893213585518909e-01,-1.602289539137760066e+00,1.055996444835751502e+00,-2.525380794692265951e+00,-6.406409512723157951e-01,2.733090446726783255e-03,1.068502757447198270e+01,2.887441851576769380e+01,1.609374932989242168e+01,2.346569676034726726e+01,1.000000000000000000e+00
7.184816385083232781e-02,7.980965884212528616e-01,1.995142506539236416e-01,-1.604079637459815411e+00,1.060216497096368116e+00,-2.525133658989339835e+00,-6.451030569872500120e-01,2.732191506086698290e-03,1.072187683317653928e+01,2.891112779293372270e+01,1.613047924939731814e+01,2.350252537671295627e+01,1.000000000000000000e+00
7.183776432900630671e-02,7.997884221115463266e-01,1.996326123488559867e-01,-1.605814920338636931e+00,1.064314263151279416e+00,-2.524881814545996583e+00,-6.494475868891562698e-01,2.731292864478730969e-03,1.075773693521466789e+01,2.894667676815523194e+01,1.616617076971321509e+01,2.353824293365669718e+01,1.000000000000000000e+00
7.182461229211486997e-02,8.014299719944117939e-01,1.997446904997014772e-01,-1.607496074584157775e+00,1.068290543364652789e+00,-2.524626212216752208e+00,-6.536743904871490374e-01,2.730394521801258589e-03,1.079260952530294126e+01,2.898108251576173089e+01,1.620083015836135232e+01,2.357286188270332872e+01,1.000000000000000000e+00
7.180898067448088229e-02,8.030216784061831037e-01,1.998507601913686316e-01,-1.609123790816306521e+00,1.072146199904155939e+00,-2.524367764505798473e+00,-6.577834174441673509e-01,2.729496477952662783e-03,1.082649688103620456e+01,2.901436208552902940e+01,1.623446411734560257e+01,2.360639484921964382e+01,1.000000000000000000e+00
7.179113033959017010e-02,8.045639968126925279e-01,1.999510876059698294e-01,-1.610698763744710771e+00,1.075882155070935431e+00,-2.524107345327097462e+00,-6.617747161468595651e-01,2.728598732831254928e-03,1.085940190855851206e+01,2.904653250741440118e+01,1.626707978154441747e+01,2.363885463442850465e+01,1.000000000000000000e+00
7.177131025286763444e-02,8.060573978263779749e-01,2.000459301005294288e-01,-1.612221692453317701e+00,1.079499389698505007e+00,-2.523845789833234932e+00,-6.656484322756165417e-01,2.727701286335333392e-03,1.089132813827072788e+01,2.907761079659362125e+01,1.629868471721923839e+01,2.367025421764512316e+01,1.000000000000000000e+00
7.174975765937594008e-02,8.075023672297130251e-01,2.001355362936844684e-01,-1.613693280689914467e+00,1.082998941623373623e+00,-2.523583894311300480e+00,-6.694048073793215092e-01,2.726804138363615911e-03,1.092227972057136220e+01,2.910761395879663027e+01,1.632928692063590148e+01,2.370060675873210343e+01,1.000000000000000000e+00
7.172669826642520674e-02,8.088994060049528034e-01,2.002201461613526690e-01,-1.615114237160581778e+00,1.086381904229978268e+00,-2.523322416143990221e+00,-6.730441774591795490e-01,2.725907288814503632e-03,1.095226142162871774e+01,2.913655899593920395e+01,1.635889481679700097e+01,2.372992560077092961e+01,1.000000000000000000e+00
7.170234643106657146e-02,8.102490303701311847e-01,2.002999911412373657e-01,-1.616485275829044665e+00,1.089649425071849809e+00,-2.523062073834144492e+00,-6.765669715653451766e-01,2.725010737586239847e-03,1.098127861918161585e+01,2.916446291204648844e+01,1.638751725828198147e+01,2.375822427294613348e+01,1.000000000000000000e+00
7.167690535243140260e-02,8.115517718211731069e-01,2.003752942460634012e-01,-1.617807116220804087e+00,1.092802704570440930e+00,-2.522803547090899823e+00,-6.799737104095987528e-01,2.724114484577593032e-03,1.100933729836491359e+01,2.919134271946251857e+01,1.641516352419056091e+01,2.378551649363688014e+01,1.000000000000000000e+00
7.165056726885810079e-02,8.128081771801994870e-01,2.004462701854179407e-01,-1.619080483732155296e+00,1.095842994793189806e+00,-2.522547476975608660e+00,-6.832650049974904327e-01,2.723218529687041964e-03,1.103644404756109232e+01,2.921721544534388570e+01,1.644184331918986786e+01,2.381181617371511905e+01,1.000000000000000000e+00
7.162351365974072015e-02,8.140188086497562869e-01,2.005131254960353937e-01,-1.620306109943833839e+00,1.098771598311153896e+00,-2.522294466105688748e+00,-6.864415552821248045e-01,2.722322872813444025e-03,1.106260605427227439e+01,2.924209813842836780e+01,1.646756677265851465e+01,2.383713742004213643e+01,1.000000000000000000e+00
7.159591545201356155e-02,8.151842438730073637e-01,2.005760586803731205e-01,-1.621484732939348916e+00,1.101589867137013679e+00,-2.522045078914483707e+00,-6.895041488423028220e-01,2.721427513855146588e-03,1.108783110101408553e+01,2.926600787607529242e+01,1.649234443792769511e+01,2.386149453916168994e+01,1.000000000000000000e+00
7.156793323117431604e-02,8.163050759997461103e-01,2.006352603532679524e-01,-1.622617097627855998e+00,1.104299201743449421e+00,-2.521799841965246980e+00,-6.924536595869167366e-01,2.720532452711026984e-03,1.111212756122929157e+01,2.928896177157034231e+01,1.651618729161561205e+01,2.388490204118403071e+01,1.000000000000000000e+00
7.153971745673320948e-02,8.173819137580781158e-01,2.006909133964894509e-01,-1.623703956071435472e+00,1.106901050161569033e+00,-2.521559244317324477e+00,-6.952910464871935314e-01,2.719637689279774326e-03,1.113550439521961799e+01,2.931097698168711929e+01,1.653910673305184176e+01,2.390737464385490441e+01,1.000000000000000000e+00
7.151140868196124989e-02,8.184153815316755898e-01,2.007431931209410214e-01,-1.624746067816665418e+00,1.109396907158916035e+00,-2.521323737942566368e+00,-6.980173523382917633e-01,2.718743223460110686e-03,1.115797114609554264e+01,2.933207071449841408e+01,1.656111458378935808e+01,2.392892727680460752e+01,1.000000000000000000e+00
7.148313777779509437e-02,8.194061194424948624e-01,2.007922674363152582e-01,-1.625744200230384573e+00,1.111788313496336889e+00,-2.521093738189970512e+00,-7.006337025515255723e-01,2.717849055150844441e-03,1.117953793574431387e+01,2.935226023742977475e+01,1.658222308720217342e+01,2.394957508597192586e+01,1.000000000000000000e+00
7.145502616074242419e-02,8.203547834387656668e-01,2.008382970278866086e-01,-1.626699128839432129e+00,1.114076855262426946e+00,-2.520869624296576461e+00,-7.031413039779160767e-01,2.716955184250733658e-03,1.120021546081492225e+01,2.937156288554568206e+01,1.660244490816477025e+01,2.396933343819584650e+01,1.000000000000000000e+00
7.142718602461692323e-02,8.212620453881024352e-01,2.008814355402076257e-01,-1.627611637674204692e+00,1.116264163284219624e+00,-2.520651739942532554e+00,-7.055414437638144465e-01,2.716061610658868173e-03,1.122001498872030645e+01,2.938999607005937520e+01,1.662179313281085768e+01,2.398821792596883640e+01,1.000000000000000000e+00
7.139972057591607857e-02,8.221285931756200371e-01,2.009218297674057463e-01,-1.628482519615885638e+00,1.118351912612694621e+00,-2.520440393848280447e+00,-7.078354882392251524e-01,2.715168334274127918e-03,1.123894835365811495e+01,2.940757728705761309e+01,1.664028126836972632e+01,2.400624437234601416e+01,1.000000000000000000e+00
7.137272427264014507e-02,8.229551308068355775e-01,2.009596198497702602e-01,-1.629312576747101726e+00,1.120341822081059702e+00,-2.520235860411743634e+00,-7.100248818388976701e-01,2.714275354995347722e-03,1.125702795264973233e+01,2.942432412642918749e+01,1.665792324307665950e+01,2.402342883600227097e+01,1.000000000000000000e+00
7.134628306633671035e-02,8.237423785151861688e-01,2.009949394763082819e-01,-1.630102620705799144e+00,1.122235653933885358e+00,-2.520038380383368803e+00,-7.121111460564226725e-01,2.713382672721214531e-03,1.127426674159871389e+01,2.944025428098672847e+01,1.667473340615503830e+01,2.403978761643041651e+01,1.000000000000000000e+00
7.132047464713779650e-02,8.244910728739915928e-01,2.010279160929291653e-01,-1.630853473042121138e+00,1.124035213524900545e+00,-2.519848161576850654e+00,-7.140958784313011787e-01,2.712490287351270075e-03,1.129067823137028093e+01,2.945538555577087791e+01,1.669072652786801214e+01,2.405533725927315913e+01,1.000000000000000000e+00
7.129536869154133594e-02,8.252019669126400281e-01,2.010586711158960649e-01,-1.631565965578020361e+00,1.125742349080954607e+00,-2.519665379613328593e+00,-7.159807515687096613e-01,2.711598198784357858e-03,1.130627648389289597e+01,2.946973587752447443e+01,1.670591779963674739e+01,2.407009456178063544e+01,1.000000000000000000e+00
7.127102711267281621e-02,8.258758302368388593e-01,2.010873201501707785e-01,-1.632240940769378312e+00,1.127358951529775943e+00,-2.519490178696774496e+00,-7.177675121918708490e-01,2.710706406919410720e-03,1.132107610828480304e+01,2.948332330432540971e+01,1.672032283422383969e+01,2.408407657838638727e+01,1.000000000000000000e+00
7.124750431274795570e-02,8.265134491526467952e-01,2.011139732122801949e-01,-1.632879252070282616e+00,1.128886954388633512e+00,-2.519322672418300879e+00,-7.194579802264087220e-01,2.709814911655873682e-03,1.133509225700619183e+01,2.949616603536373205e+01,1.673395766597802492e+01,2.409730062639191317e+01,1.000000000000000000e+00
7.122484743743660862e-02,8.271156267941489615e-01,2.011387349572632544e-01,-1.633481764299240080e+00,1.130328333711287492e+00,-2.519162944587050035e+00,-7.210540479164080363e-01,2.708923712892472285e-03,1.134834062204123484e+01,2.950828242085113473e+01,1.674683875113959886e+01,2.410978429175278492e+01,1.000000000000000000e+00
7.120309663181535742e-02,8.276831832544969680e-01,2.011617049093170628e-01,-1.634049354006955168e+00,1.131685108090201952e+00,-2.519011050085250503e+00,-7.225576789715721926e-01,2.708032810528826755e-03,1.136083743111180056e+01,2.951969097204774073e+01,1.675898296820325228e+01,2.412154543495630321e+01,1.000000000000000000e+00
7.118228529757383849e-02,8.282169557201529697e-01,2.011829776956706450e-01,-1.634582909845406995e+00,1.132959338711170272e+00,-2.518867015745047677e+00,-7.239709077450168229e-01,2.707142204463925447e-03,1.137259944392765298e+01,2.953041037139296421e+01,1.677040761833771398e+01,2.413260219698291564e+01,1.000000000000000000e+00
7.116244035112936905e-02,8.287177986079866665e-01,2.012026432832446921e-01,-1.635083332937755207e+00,1.134153129457018183e+00,-2.518730841244617658e+00,-7.252958384408584314e-01,2.706251894597082840e-03,1.138364394847426553e+01,2.954045948272294453e+01,1.678113042585775361e+01,2.414297300533947066e+01,1.000000000000000000e+00
7.114358248227431458e-02,8.291865837051386467e-01,2.012207872176344226e-01,-1.635551537248856269e+00,1.135268627057551827e+00,-2.518602500021038360e+00,-7.265346443512934460e-01,2.705361880827401779e-03,1.139398875734580585e+01,2.954985736156186960e+01,1.679116953874995843e+01,2.415267658015773122e+01,1.000000000000000000e+00
7.112572641297451592e-02,8.296242003112991314e-01,2.012374908639175952e-01,-1.635988449955887436e+00,1.136308021282443015e+00,-2.518481940197339952e+00,-7.276895671224319351e-01,2.704472163054698949e-03,1.140365220412543934e+01,2.955862326546876062e+01,1.680054352924831207e+01,2.416173194034590210e+01,1.000000000000000000e+00
7.110888115590663361e-02,8.300315553832141591e-01,2.012528316487702251e-01,-1.636395011818732481e+00,1.137273545173807410e+00,-2.518369085521115380e+00,-7.287629160482645974e-01,2.703582741177956196e-03,1.141265313981932827e+01,2.956677666442387320e+01,1.680927139445920560e+01,2.417015840978401187e+01,1.000000000000000000e+00
7.109305027230998497e-02,8.304095736811418771e-01,2.012668833034058913e-01,-1.636772177549662644e+00,1.138167475315319699e+00,-2.518263836312009563e+00,-7.297570673922897377e-01,2.702693615096670582e-03,1.142101092934925077e+01,2.957433725123678769e+01,1.681737255703398048e+01,2.417797562355207219e+01,1.000000000000000000e+00
7.107823212870353902e-02,8.307591979170296792e-01,2.012797161067512997e-01,-1.637120916181887376e+00,1.138992132134623692e+00,-2.518166070415339242e+00,-7.306744637363028483e-01,2.701804784710439781e-03,1.142874544811032678e+01,2.958132495195840050e+01,1.682486686588817193e+01,2.418520353418056956e+01,1.000000000000000000e+00
7.106442015199815332e-02,8.310813889041659408e-01,2.012913971283496750e-01,-1.637442211436509032e+00,1.139749880235844337e+00,-2.518075644159069704e+00,-7.315176133559319060e-01,2.700916249918232630e-03,1.143587707860065450e+01,2.958775993627834566e+01,1.683177459696664258e+01,2.419186241791237180e+01,1.000000000000000000e+00
7.105160308251404211e-02,8.313771257080495580e-01,2.013019904703789442e-01,-1.637737062087385453e+00,1.140443128759004665e+00,-2.517992393311262234e+00,-7.322890896226084134e-01,2.700028010620234009e-03,1.144242670712986865e+01,2.959366262788841340e+01,1.683811645405369362e+01,2.419797288096460264e+01,1.000000000000000000e+00
7.103976522439052477e-02,8.316474057982031765e-01,2.013115575082180808e-01,-1.638006482323359547e+00,1.141074331763128891e+00,-2.517916134035142139e+00,-7.329915304316002578e-01,2.699140066715676432e-03,1.144841572061394253e+01,2.959905371479164060e+01,1.684391356962713360e+01,2.420355586577846196e+01,1.000000000000000000e+00
7.102888669285044310e-02,8.318932452007314904e-01,2.013201571289399416e-01,-1.638251502107383129e+00,1.141645988630057840e+00,-2.517846663838739563e+00,-7.336276376561865487e-01,2.698252418103991041e-03,1.145386600346576422e+01,2.960395415953762921e+01,1.684918750575714697e+01,2.420863265724625535e+01,1.000000000000000000e+00
7.101894365776234563e-02,8.321156786513056458e-01,2.013278459671133391e-01,-1.638473167531898866e+00,1.142160644485761045e+00,-2.517783762516126789e+00,-7.342001766277347352e-01,2.697365064685207023e-03,1.145879993458901325e+01,2.960838520936159313e+01,1.685396025504844175e+01,2.421322488890217528e+01,1.000000000000000000e+00
7.100990858291501839e-02,8.323157597483749059e-01,2.013346786372589570e-01,-1.638672541169958308e+00,1.142620890636285136e+00,-2.517727193077135439e+00,-7.347119756419292491e-01,2.696478006358578143e-03,1.146324038448609528e+01,2.961236840620635036e+01,1.685825424162694475e+01,2.421735454906551155e+01,1.000000000000000000e+00
7.100175046039788884e-02,8.324945611063364614e-01,2.013407079622878404e-01,-1.638850702421445149e+00,1.143029365015375109e+00,-2.517676702662364541e+00,-7.351659254913859298e-01,2.695591243024023000e-03,1.146721071249000623e+01,2.961592559660441282e+01,1.686209232217110454e+01,2.422104398692332339e+01,1.000000000000000000e+00
7.099443503945486456e-02,8.326531745084001512e-01,2.013459851972677905e-01,-1.639008747853761383e+00,1.143388752640917883e+00,-2.517632023440290912e+00,-7.355649790249846331e-01,2.694704774581123223e-03,1.147073476413076776e+01,2.961907894139673658e+01,1.686549778698815771e+01,2.422431591853935728e+01,1.000000000000000000e+00
7.098792504915356349e-02,8.327927110589157245e-01,2.013505602477803635e-01,-1.639147791536331056e+00,1.143701786077498284e+00,-2.517592873483150751e+00,-7.359121507345441904e-01,2.693818600929857258e-03,1.147383686864838204e+01,2.962185092526462782e+01,1.686849436113667622e+01,2.422719343277634252e+01,1.000000000000000000e+00
7.098218041418601076e-02,8.329143013349169511e-01,2.013544818821604854e-01,-1.639268965368246844e+00,1.143971245902460687e+00,-2.517558957618232895e+00,-7.362105163695902288e-01,2.692932721969789819e-03,1.147654183666465499e+01,2.962426436605025515e+01,1.687110620559663232e+01,2.422969999711828493e+01,1.000000000000000000e+00
7.097715846309121668e-02,8.330190955366190142e-01,2.013577979368923188e-01,-1.639373419398319376e+00,1.144199961172833957e+00,-2.517529968251146499e+00,-7.364632125810133267e-01,2.692047137600869864e-03,1.147887495802651792e+01,2.962634242384016403e+01,1.687335791848811795e+01,2.423185946337857288e+01,1.000000000000000000e+00
7.097281412816205948e-02,8.331082636366597960e-01,2.013605555143639370e-01,-1.639462322136837624e+00,1.144390809890847294e+00,-2.517505586157541941e+00,-7.366734365948626184e-01,2.691161847722889789e-03,1.148086199983532119e+01,2.962810860978651917e+01,1.687527453634122665e+01,2.423369607328062258e+01,1.000000000000000000e+00
7.096910013627447111e-02,8.331829955277880728e-01,2.013628011722333189e-01,-1.639536860858217260e+00,1.144546719465522111e+00,-2.517485481239710499e+00,-7.368444459173392191e-01,2.690276852235937328e-03,1.148252920467536597e+01,2.962958679463823941e+01,1.687688153541803970e+01,2.423523446389557279e+01,1.000000000000000000e+00
7.096596718984476970e-02,8.332445011688318637e-01,2.013645811035726374e-01,-1.639598241893813091e+00,1.144670667168337319e+00,-2.517469313244393270e+00,-7.369795580726518081e-01,2.689392151039778425e-03,1.148390328905849422e+01,2.963080121695604419e+01,1.687820483309062425e+01,2.423649967292392304e+01,1.000000000000000000e+00
7.096336413709938840e-02,8.332940107286395115e-01,2.013659413069939230e-01,-1.639647690914013856e+00,1.144765680580722256e+00,-2.517456732438055234e+00,-7.370821503752360560e-01,2.688507744034456578e-03,1.148501144209917335e+01,2.963177649098190614e+01,1.687927078927627278e+01,2.423751714380481204e+01,1.000000000000000000e+00
7.096123813080734699e-02,8.333327747278048703e-01,2.013669277458927653e-01,-1.639686453198813565e+00,1.144834838031470348e+00,-2.517447380235825261e+00,-7.371556597382278309e-01,2.687623631119876073e-03,1.148588132443782683e+01,2.963253761413480092e+01,1.688010620793398076e+01,2.423831273063865410e+01,1.000000000000000000e+00
7.095953477460112402e-02,8.333620641779323490e-01,2.013675864959432737e-01,-1.639715793895975438e+00,1.144881269022212988e+00,-2.517440889780174995e+00,-7.372035825202583048e-01,2.686739812196281205e-03,1.148654106742966796e+01,2.963310997410295755e+01,1.688073833862521411e+01,2.423891270290741673e+01,1.000000000000000000e+00
7.095819825598262409e-02,8.333831707181975634e-01,2.013679638799627247e-01,-1.639736998265871826e+00,1.144908154639156850e+00,-2.517436886465398871e+00,-7.372294744127113608e-01,2.685856287163646081e-03,1.148701927261700817e+01,2.963351935550179306e+01,1.688119487814231690e+01,2.423934374997649144e+01,1.000000000000000000e+00
7.095717146508104256e-02,8.333974067489923199e-01,2.013681065892323208e-01,-1.639751371912085087e+00,1.144918727949451265e+00,-2.517434988403778107e+00,-7.372369503699272020e-01,2.684973055922053233e-03,1.148734501150448040e+01,2.963379194606676492e+01,1.688150397220885779e+01,2.423963298536239463e+01,1.000000000000000000e+00
7.095639609820363070e-02,8.334061055623944725e-01,2.013680617903329806e-01,-1.639760240996783969e+00,1.144916274380599841e+00,-2.517434806829327520e+00,-7.372296845848663738e-01,2.684090118371679733e-03,1.148754782565622889e+01,2.963395434234842440e+01,1.688169421725543629e+01,2.423980795074922767e+01,1.000000000000000000e+00
7.095581274518661385e-02,8.334106214692890147e-01,2.013678772165544695e-01,-1.639764952439930923e+00,1.144904132081488335e+00,-2.517435946434852134e+00,-7.372114105130814776e-01,2.683207474412760331e-03,1.148765772713682409e+01,2.963403355487796631e+01,1.688179466227659731e+01,2.423989661973820375e+01,1.000000000000000000e+00
7.095536095953303146e-02,8.334123299228324289e-01,2.013676012428786688e-01,-1.639766874101239447e+00,1.144885692263527321e+00,-2.517438005638001464e+00,-7.371859209478063280e-01,2.682325123945516337e-03,1.148770519931534295e+01,2.963405701276804649e+01,1.688183481077188830e+01,2.423992740131151180e+01,1.000000000000000000e+00
7.095497931028747762e-02,8.334126276380962040e-01,2.013672829435460832e-01,-1.639767394943886680e+00,1.144864399520648890e+00,-2.517440576771889482e+00,-7.371570681493319066e-01,2.681443066870078419e-03,1.148772119805599345e+01,2.963405256771570251e+01,1.688184462277740039e+01,2.423992914299430623e+01,1.000000000000000000e+00
7.095461589268357849e-02,8.334126936501474736e-01,2.013669636999284307e-01,-1.639767687439489530e+00,1.144843159365924068e+00,-2.517443315431162176e+00,-7.371281020355551217e-01,2.680561303086885158e-03,1.148773185593243440e+01,2.963404372933759845e+01,1.688184938946320912e+01,2.423992619580683439e+01,1.000000000000000000e+00
7.095425407992539402e-02,8.334127650114889763e-01,2.013666462760873022e-01,-1.639767981319554924e+00,1.144823186449153818e+00,-2.517448105600854635e+00,-7.370983532707152674e-01,2.679679832496217710e-03,1.148774258562190731e+01,2.963403504925005905e+01,1.688185425397744410e+01,2.423992338089453114e+01,1.000000000000000000e+00
7.095386396713987409e-02,8.334128412827397359e-01,2.013663038011866968e-01,-1.639768246679286223e+00,1.144807644642770628e+00,-2.517464603547826751e+00,-7.370613294598578058e-01,2.678798654998441366e-03,1.148775414380184401e+01,2.963402567211174343e+01,1.688185948822380311e+01,2.423992032768979143e+01,1.000000000000000000e+00
7.095341061658509696e-02,8.334129219799077948e-01,2.013659048842244836e-01,-1.639768448581017779e+00,1.144800234614788303e+00,-2.517504097879080582e+00,-7.370094426634682394e-01,2.677917770493956108e-03,1.148776741511552224e+01,2.963401459925093917e+01,1.688186541048638389e+01,2.423991660388008285e+01,1.000000000000000000e+00
7.095286013246605850e-02,8.334130066330314168e-01,2.013654190703439428e-01,-1.639768553129030915e+00,1.144804540488413069e+00,-2.517577527851765584e+00,-7.369353377470758693e-01,2.677037178883197050e-03,1.148778325781638188e+01,2.963400086177211534e+01,1.688187232954994599e+01,2.423991179003855834e+01,1.000000000000000000e+00
7.095217962522054611e-02,8.334130947857257832e-01,2.013648168087494306e-01,-1.639768527433839829e+00,1.144824030009092386e+00,-2.517695486628427570e+00,-7.368318892930564301e-01,2.676156880066634866e-03,1.148780250467367026e+01,2.963398351953642162e+01,1.688188054502662183e+01,2.423990547918347360e+01,1.000000000000000000e+00
7.095133716560587944e-02,8.334131859946365406e-01,2.013640694114625096e-01,-1.639768339566277877e+00,1.144862054280972430e+00,-2.517868224414560263e+00,-7.366921981995360191e-01,2.675276873944775792e-03,1.148782596413752977e+01,2.963396165985180986e+01,1.688189034777672859e+01,2.423989727621261636e+01,1.000000000000000000e+00
7.095030172973462723e-02,8.334132798288098609e-01,2.013631490039495264e-01,-1.639767958502533984e+00,1.144921847123501868e+00,-2.518105651494078501e+00,-7.365095880015221086e-01,2.674397160418160758e-03,1.148785442173432259e+01,2.963393439590553413e+01,1.688190202041308297e+01,2.423988679722677730e+01,1.000000000000000000e+00
7.094904313609866342e-02,8.334133758689893368e-01,2.013620284685542217e-01,-1.639767354061176130e+00,1.145006524095491862e+00,-2.518417341178088353e+00,-7.362776009461940996e-01,2.673517739387366258e-03,1.148788864166576751e+01,2.963390086496855602e+01,1.688191583787927286e+01,2.423987366875505600e+01,1.000000000000000000e+00
7.094753197550686397e-02,8.334134737068490395e-01,2.013606813815663477e-01,-1.639766496833089393e+00,1.145119081230438374e+00,-2.518812532682167760e+00,-7.359899938509439909e-01,2.672638610753003477e-03,1.148792936858835390e+01,2.963386022639827289e+01,1.688193206809332025e+01,2.423985752689331363e+01,1.000000000000000000e+00
7.094573953474511696e-02,8.334135729441680684e-01,2.013590819446525182e-01,-1.639765358105135906e+00,1.145262393523411637e+00,-2.519300133947280695e+00,-7.356407337693530168e-01,2.671759774415719164e-03,1.148797732955247142e+01,2.963381165946254470e+01,1.688195097264929956e+01,2.423983801636572366e+01,1.000000000000000000e+00
7.094363771464975987e-02,8.334136731919565833e-01,2.013572049112699880e-01,-1.639763909778227946e+00,1.145439213206314699e+00,-2.519888724419343085e+00,-7.352239934868824989e-01,2.670881230276195631e-03,1.148803323608368920e+01,2.963375436100472626e+01,1.688197280757055196e+01,2.423981478951787238e+01,1.000000000000000000e+00
7.094119894316873454e-02,8.334137740695348739e-01,2.013550255085793661e-01,-1.639762124280389699e+00,1.145652167844890323e+00,-2.520586557802398708e+00,-7.347341468647060614e-01,2.670002978235149448e-03,1.148809778639158097e+01,2.963368754296607221e+01,1.688199782410917393e+01,2.423978750524848991e+01,1.000000000000000000e+00
7.093839608386989792e-02,8.334138752035733511e-01,2.013525193552685999e-01,-1.639759974475264892e+00,1.145903758287500018e+00,-2.521401564800249684e+00,-7.341657640468578494e-01,2.669125018193333181e-03,1.148817166769442721e+01,2.963361042977858162e+01,1.688202626958759467e+01,2.423975582788542127e+01,1.000000000000000000e+00
7.093520234024326687e-02,8.334139762270935670e-01,2.013496623755998971e-01,-1.639757433566419786e+00,1.146196356492454216e+00,-2.522341355861274170e+00,-7.335136065427458885e-01,2.668247350051534527e-03,1.148825555865097314e+01,2.963352225563819076e+01,1.688205838827903449e+01,2.423971942601013296e+01,1.000000000000000000e+00
7.093159115603457632e-02,8.334140767784350423e-01,2.013464307098928319e-01,-1.639754474997676015e+00,1.146532203257541349e+00,-2.523413223940978778e+00,-7.327726221941266438e-01,2.667369973710575874e-03,1.148835013189323639e+01,2.963342226166505711e+01,1.688209442232465207e+01,2.423967797123364676e+01,1.000000000000000000e+00
7.092753611174086592e-02,8.334141765001876756e-01,2.013428006215609578e-01,-1.639751072349606709e+00,1.146913405872404867e+00,-2.524624147296633314e+00,-7.319379400328497320e-01,2.666492889071315174e-03,1.148845605665703573e+01,2.963330969295470751e+01,1.688213461268621529e+01,2.423963113692553151e+01,1.000000000000000000e+00
7.092301081729526779e-02,8.334142750380899578e-01,2.013387484007264916e-01,-1.639747199232220787e+00,1.147341935711542860e+00,-2.525980792328032187e+00,-7.310048650330941422e-01,2.665616096034644205e-03,1.148857400150957098e+01,2.963318379552080017e+01,1.688217920013405404e+01,2.423957859689632244e+01,1.000000000000000000e+00
7.091798880086698509e-02,8.334143720398936583e-01,2.013342502643465370e-01,-1.639742829173763461e+00,1.147819625782980246e+00,-2.527489516478108822e+00,-7.299688727594270121e-01,2.664739594501491608e-03,1.148870463717596380e+01,2.963304381312743629e+01,1.688222842627097720e+01,2.423952002403242645e+01,1.000000000000000000e+00
7.091244339360323889e-02,8.334144671541920957e-01,2.013292822526956127e-01,-1.639737935505457767e+00,1.148348168245063583e+00,-2.529156371206702225e+00,-7.288256039098320871e-01,2.663863384372820286e-03,1.148884863946916823e+01,2.963288898400610449e+01,1.688228253459380213e+01,2.423945508888147415e+01,1.000000000000000000e+00
7.090634761004230291e-02,8.334145600292096612e-01,2.013238201219609558e-01,-1.639732491241918000e+00,1.148929111901376254e+00,-2.530987105050314767e+00,-7.275708587508662450e-01,2.662987465549627401e-03,1.148900669233018057e+01,2.963271853744956275e+01,1.688234177159498373e+01,2.423938345818476137e+01,1.000000000000000000e+00
7.089967402382910122e-02,8.334146503115493765e-01,2.013178392326199495e-01,-1.639726468956864691e+00,1.149563859681451250e+00,-2.532987166780158006e+00,-7.262005914403273366e-01,2.662111837932946978e-03,1.148917949098793478e+01,2.963253169027220579e+01,1.688240638790780679e+01,2.423930479335233557e+01,1.000000000000000000e+00
7.089239463826708942e-02,8.334147376448949318e-01,2.013113144331810100e-01,-1.639719840653677263e+00,1.150253666112771356e+00,-2.535161708670183422e+00,-7.247109042312233074e-01,2.661236501423846438e-03,1.148936774525078164e+01,2.963232764312365219e+01,1.688247663949943700e+01,2.423921874887499683e+01,1.000000000000000000e+00
7.088448075114021918e-02,8.334148216686598776e-01,2.013042199387794495e-01,-1.639712577630215495e+00,1.150999634787501780e+00,-2.537515589886145673e+00,-7.230980415494409064e-01,2.660361455923428761e-03,1.148957218294397720e+01,2.963210557663947498e+01,1.688255278891710276e+01,2.423912497066634941e+01,1.000000000000000000e+00
7.087590281313642382e-02,8.334149020165808608e-01,2.012965292040281018e-01,-1.639704650337242997e+00,1.151802715825471557e+00,-2.540053380006027872e+00,-7.213583839363029160e-01,2.659486701332832489e-03,1.148979355351023202e+01,2.963186464741008663e+01,1.688263510659361089e+01,2.423902309432670776e+01,1.000000000000000000e+00
7.086663027909723134e-02,8.334149783152441371e-01,2.012882147894264895e-01,-1.639696028229677083e+00,1.152663703333153933e+00,-2.542779362681420796e+00,-7.194884418461691133e-01,2.658612237553230860e-03,1.149003263179307943e+01,2.963160398374573745e+01,1.688272387221940107e+01,2.423891274331941403e+01,1.000000000000000000e+00
7.085663145120532636e-02,8.334150501825405843e-01,2.012792482205311151e-01,-1.639686679609775988e+00,1.153583232856737917e+00,-2.545697539448645852e+00,-7.174848492883841855e-01,2.657738064485831372e-03,1.149029022202571504e+01,2.963132268121239576e+01,1.688281937618936723e+01,2.423879352704873824e+01,1.000000000000000000e+00
7.084587331310214509e-02,8.334151172260368945e-01,2.012695998389817942e-01,-1.639676571461256893e+00,1.154561778825898832e+00,-2.548811633697603884e+00,-7.153443573021996960e-01,2.656864182031877953e-03,1.149056716205098461e+01,2.963101979790986107e+01,1.688292192113380707e+01,2.423866503882703327e+01,1.000000000000000000e+00
7.083432135379826022e-02,8.334151790412552829e-01,2.012592386443629311e-01,-1.639665669273206117e+00,1.155599651983534759e+00,-2.552125094805495653e+00,-7.130638272527906052e-01,2.655990590092647055e-03,1.149086432780153721e+01,2.963069434945983360e+01,1.688303182354406573e+01,2.423852685371729976e+01,1.000000000000000000e+00
7.082193938009925804e-02,8.334152352098475047e-01,2.012481321257530431e-01,-1.639653936852504712e+00,1.156696996795566257e+00,-2.555641102441708057e+00,-7.106402239361678808e-01,2.655117288569451561e-03,1.149118263807268647e+01,2.963034530366760322e+01,1.688314941550472525e+01,2.423837852623556088e+01,1.000000000000000000e+00
7.080868931611607187e-02,8.334152852976516312e-01,2.012362460816776444e-01,-1.639641336123339288e+00,1.157853788833934860e+00,-2.559362571049329294e+00,-7.080706084806632772e-01,2.654244277363641217e-03,1.149152305962448928e+01,2.962997157481677135e+01,1.688327504654564137e+01,2.423821958789561393e+01,1.000000000000000000e+00
7.079453098825988500e-02,8.334153288526162662e-01,2.012235444270288609e-01,-1.639627826912196662e+00,1.159069832125178223e+00,-2.563292154507904375e+00,-7.053521310327467431e-01,2.653371556376598293e-03,1.149188661265383793e+01,2.962957201755150294e+01,1.688340908562868847e+01,2.423804954457664707e+01,1.000000000000000000e+00
7.077942189393421346e-02,8.334153654025757696e-01,2.012099889853472823e-01,-1.639613366716555776e+00,1.160344756456478832e+00,-2.567432250981254160e+00,-7.024820232152587662e-01,2.652499125509741058e-03,1.149227437668214513e+01,2.962914542029558973e+01,1.688355192328582177e+01,2.423786787369190776e+01,1.000000000000000000e+00
7.076331695192837612e-02,8.334153944528591706e-01,2.011955392646740393e-01,-1.639597910455281360e+00,1.161678014630896927e+00,-2.571785007953375501e+00,-6.994575903467404876e-01,2.651626984664519869e-03,1.149268749690954650e+01,2.962869049815163791e+01,1.688370397392702316e+01,2.423767402113415770e+01,1.000000000000000000e+00
7.074616823228391249e-02,8.334154154837110084e-01,2.011801522149724297e-01,-1.639581410198490685e+00,1.163068879663680555e+00,-2.576352327454718871e+00,-6.962762034114683418e-01,2.650755133742423251e-03,1.149312719109246395e+01,2.962820588521712040e+01,1.688386567833886076e+01,2.423746739797072181e+01,1.000000000000000000e+00
7.072792466314489768e-02,8.334154279475030069e-01,2.011637819648846026e-01,-1.639563814874402947e+00,1.164516441912174738e+00,-2.581135871480434218e+00,-6.929352907711158194e-01,2.649883572644973120e-03,1.149359475700804722e+01,2.962769012624661258e+01,1.688403750639682244e+01,2.423724737685783737e+01,1.000000000000000000e+00
7.070853171181061547e-02,8.334154312657104935e-01,2.011463795353259643e-01,-1.639545069950393064e+00,1.166019606133002817e+00,-2.586137067601541606e+00,-6.894323296107647270e-01,2.649012301273727821e-03,1.149409158057649272e+01,2.962714166758128798e+01,1.688421996001732239e+01,2.423701328814045652e+01,1.000000000000000000e+00
7.068793103688068846e-02,8.334154248256260278e-01,2.011278925271254014e-01,-1.639525117085136152e+00,1.167577088462011359e+00,-2.591357114769411663e+00,-6.857648371143706401e-01,2.648141319530279095e-03,1.149461914472060187e+01,2.962655884725740307e+01,1.688441357637835694e+01,2.423676441559964800e+01,1.000000000000000000e+00
7.066606010801287918e-02,8.334154079767785994e-01,2.011082647795877365e-01,-1.639503893748365027e+00,1.169187413315064372e+00,-2.596796989313412407e+00,-6.819303613679082998e-01,2.647270627316251641e-03,1.149517903905145033e+01,2.962593988419505564e+01,1.688461893144124204e+01,2.423649999180526393e+01,1.000000000000000000e+00
7.064285178939809506e-02,8.334153800270237555e-01,2.010874359964807956e-01,-1.639481332804346270e+00,1.170848910211358396e+00,-2.602457451131152233e+00,-6.779264719924452676e-01,2.646400224533307886e-03,1.149577297047962610e+01,2.962528286635668806e+01,1.688483664380976634e+01,2.423621919302654604e+01,1.000000000000000000e+00
7.061823388258836598e-02,8.334153402382658005e-01,2.010653413355301677e-01,-1.639457362054707046e+00,1.172559710525700405e+00,-2.608339050070337617e+00,-6.737507505145617914e-01,2.645530111083147558e-03,1.149640277486352247e+01,2.962458573775157333e+01,1.688506737896748433e+01,2.423592113364760792e+01,1.000000000000000000e+00
7.059212862378691500e-02,8.334152878217685467e-01,2.010419109570305563e-01,-1.639431903735725893e+00,1.174317744182437506e+00,-2.614442132500953697e+00,-6.694007804880991452e-01,2.644660286867497271e-03,1.149707042981964378e+01,2.962384628414760002e+01,1.688531185393882339e+01,2.423560486002841685e+01,1.000000000000000000e+00
7.056445213011636186e-02,8.334152219330057676e-01,2.010170695266515761e-01,-1.639404873964600551e+00,1.176120736311774273e+00,-2.620766848076168110e+00,-6.648741373895742379e-01,2.643790751788125705e-03,1.149777806883506948e+01,2.962306211733489647e+01,1.688557084242527395e+01,2.423526934374468667e+01,1.000000000000000000e+00
7.053511378871529791e-02,8.334151416659985045e-01,2.009907356669178302e-01,-1.639376182128545079e+00,1.177966203899494246e+00,-2.627313156680095130e+00,-6.601683783201363065e-01,2.642921505746832333e-03,1.149852799683929838e+01,2.962223065776697339e+01,1.688584518047415983e+01,2.423491347413210661e+01,1.000000000000000000e+00
7.050401558176649930e-02,8.334150460470770572e-01,2.009628213511726880e-01,-1.639345730209817331e+00,1.179851452474116824e+00,-2.634080835560278278e+00,-6.552810315602417557e-01,2.642052548645455225e-03,1.149932270741181028e+01,2.962134911538402804e+01,1.688613577274455224e+01,2.423453605005127898e+01,1.000000000000000000e+00
7.047105133972467184e-02,8.334149340280018192e-01,2.009332312330859571e-01,-1.639313412038947204e+00,1.181773572891919200e+00,-2.641069486642419584e+00,-6.502095860399459415e-01,2.641183880385862808e-03,1.150016490182316709e+01,2.962041446839936398e+01,1.688644359944280993e+01,2.423413577077971581e+01,1.000000000000000000e+00
7.043610591407876986e-02,8.334148044783677989e-01,2.009018619039286968e-01,-1.639279112467498800e+00,1.183729438300801462e+00,-2.648278544024445402e+00,-6.449514808087031259e-01,2.640315500869959940e-03,1.150105751013136590e+01,2.961942343980359382e+01,1.688676972400896048e+01,2.423371122592599747e+01,1.000000000000000000e+00
7.039905425994837096e-02,8.334146561772090012e-01,2.008686010689087753e-01,-1.639242706450666720e+00,1.185715701389666199e+00,-2.655707281646382256e+00,-6.395040946148696781e-01,2.639447409999686172e-03,1.150200371458179838e+01,2.961837247131205686e+01,1.688711530164506769e+01,2.423326088424878577e+01,1.000000000000000000e+00
7.035976041766779654e-02,8.334144878037104132e-01,2.008333266328337641e-01,-1.639204058028860489e+00,1.187728792061990335e+00,-2.663354821131611150e+00,-6.338647357380228220e-01,2.638579607677013147e-03,1.150300697558861707e+01,2.961725769444859324e+01,1.688748158878754779e+01,2.423278308124966074e+01,1.000000000000000000e+00
7.031807638125325832e-02,8.334142979269267837e-01,2.007959056842383017e-01,-1.639163019196171245e+00,1.189764915712061555e+00,-2.671220139793732073e+00,-6.280306322583311118e-01,2.637712093803954577e-03,1.150407106060769458e+01,2.961607489842335994e+01,1.688786995363738086e+01,2.423227600539367188e+01,1.000000000000000000e+00
7.027384084027854527e-02,8.334140849943930673e-01,2.007561933658850162e-01,-1.639119428642247911e+00,1.191820052331760360e+00,-2.679302078801357734e+00,-6.219989229985434243e-01,2.636844868282550193e-03,1.150520007624669461e+01,2.961481949442384121e+01,1.688828188787531559e+01,2.423173768279521667e+01,1.000000000000000000e+00
7.022687778020880733e-02,8.334138473195055186e-01,2.007140316182243756e-01,-1.639073110352630813e+00,1.193889956736979396e+00,-2.687599351490378652e+00,-6.157666494381434097e-01,2.635977931014881794e-03,1.150639850399583608e+01,2.961348647589677441e+01,1.688871901970332701e+01,2.423116596018927993e+01,1.000000000000000000e+00
7.017699492467838196e-02,8.334135830675376555e-01,2.006692477809972341e-01,-1.639023872051029063e+00,1.195970160278539751e+00,-2.696110551809344447e+00,-6.093307489788839515e-01,2.635111281903059367e-03,1.150767124000340935e+01,2.961207037435483258e+01,1.688918312836861801e+01,2.423055848598962214e+01,1.000000000000000000e+00
7.012398200157539396e-02,8.334132902401457654e-01,2.006216530367086748e-01,-1.638971503465405766e+00,1.198055974496097908e+00,-2.704834162878162918e+00,-6.026880500399953711e-01,2.634244920849234100e-03,1.150902363936221384e+01,2.961056521019654042e+01,1.688967616034238617e+01,2.422991268921636987e+01,1.000000000000000000e+00
7.006760881316338729e-02,8.334129666582092977e-01,2.005710406782398314e-01,-1.638915774398099323e+00,1.200142497289103938e+00,-2.713768565632801000e+00,-5.958352695844431057e-01,2.633378847755585370e-03,1.151046156541556442e+01,2.960896443798240796e+01,1.689020024734147896e+01,2.422922575605649698e+01,1.000000000000000000e+00
7.000762308890613739e-02,8.334126099428424972e-01,2.005171841814633038e-01,-1.638856432578648548e+00,1.202224622321294678e+00,-2.722912047518427414e+00,-5.887690138302771325e-01,2.632513062524327249e-03,1.151199144463253177e+01,2.960726088556694435e+01,1.689075772639680295e+01,2.422849460380267672e+01,1.000000000000000000e+00
6.994374809828271533e-02,8.334122174944088579e-01,2.004598350624950120e-01,-1.638793201276607325e+00,1.204297052550426850e+00,-2.732262811179554607e+00,-5.814857830902234737e-01,2.631647565057714574e-03,1.151362032763858956e+01,2.960544668644836364e+01,1.689135116218643873e+01,2.422771585190051624e+01,1.000000000000000000e+00
6.987567999985848377e-02,8.334117864693703082e-01,2.003987204983037618e-01,-1.638725776650616028e+00,1.206354318990084495e+00,-2.741818983077107585e+00,-5.739819819164240222e-01,2.630782355258033840e-03,1.151535595701554548e+01,2.960351320467049163e+01,1.689198337186262222e+01,2.422688578982341312e+01,1.000000000000000000e+00
6.980308490246256437e-02,8.334113137548110339e-01,2.003335406890348891e-01,-1.638653824809578330e+00,1.208390806073847967e+00,-2.751578621937446734e+00,-5.662539360155809387e-01,2.629917433027604938e-03,1.151720684249727888e+01,2.960145095160160977e+01,1.689265745260762230e+01,2.422600034149126458e+01,1.000000000000000000e+00
6.972559561486785240e-02,8.334107959404953858e-01,2.002639659409026773e-01,-1.638576978562342079e+00,1.210400785313743066e+00,-2.761539726905385628e+00,-5.582979177543896387e-01,2.629052798268780283e-03,1.151918234417642850e+01,2.959924949393301574e+01,1.689337681215102549e+01,2.422505502595841520e+01,1.000000000000000000e+00
6.964280806237513333e-02,8.334102292883540652e-01,2.001896334503179276e-01,-1.638494833834282849e+00,1.212378459335931913e+00,-2.771700245229640647e+00,-5.501101825097783893e-01,2.628188450883956525e-03,1.152129276428908611e+01,2.959689735230008978e+01,1.689414520246538132e+01,2.422404491412379102e+01,1.000000000000000000e+00
6.955427735286283386e-02,8.334096096993554026e-01,2.001101437736651778e-01,-1.638406945733353659e+00,1.214318018849621872e+00,-2.782058079251932270e+00,-5.416870186487172667e-01,2.627324390775552000e-03,1.152354944804223535e+01,2.959438189005059172e+01,1.689496675682222460e+01,2.422296458127059537e+01,1.000000000000000000e+00
6.945951348213889875e-02,8.334089326778078011e-01,2.000250569736917727e-01,-1.638312824255437228e+00,1.216213715673503337e+00,-2.792611092396171113e+00,-5.330248145654689074e-01,2.626460617846023641e-03,1.152596489376764488e+01,2.959168919189603386e+01,1.689584603032747623e+01,2.422180805533619363e+01,1.000000000000000000e+00
6.935797668013442274e-02,8.334081932932820846e-01,1.999338884439969821e-01,-1.638211929630539299e+00,1.218059955620894197e+00,-2.803357113756939523e+00,-5.241201469782523770e-01,2.625597131997866977e-03,1.152855287239289517e+01,2.958880393251980578e+01,1.689678804395181189e+01,2.422056876096088018e+01,1.000000000000000000e+00
6.924907241739043651e-02,8.334073861405414396e-01,1.998361044292133182e-01,-1.638103667329275481e+00,1.219851415841576525e+00,-2.814293940760879575e+00,-5.149698956096914193e-01,2.624733933133610499e-03,1.153132855576977711e+01,2.958570923573081757e+01,1.689779833191158076e+01,2.421923945958900504e+01,1.000000000000000000e+00
6.913214611779787411e-02,8.334065052981568522e-01,1.997311172822979486e-01,-1.637987382775611511e+00,1.221583192141555863e+00,-2.825419339213361081e+00,-5.055713904599055120e-01,2.623871021155813055e-03,1.153430865273167072e+01,2.958238652551171555e+01,1.689888299201692234e+01,2.421781218622645682e+01,1.000000000000000000e+00
6.900647766182067822e-02,8.334055442868869568e-01,1.996182805347398170e-01,-1.637862355850085772e+00,1.223250982848427038e+00,-2.836731039837589119e+00,-4.959225991327681493e-01,2.623008395967073390e-03,1.153751155078382773e+01,2.957881537140603712e+01,1.690004873825639820e+01,2.421627818393346132e+01,1.000000000000000000e+00
6.887127581859159298e-02,8.334044960294576532e-01,1.994968839041445507e-01,-1.637727795321905822e+00,1.224851316938942114e+00,-2.848226730154757913e+00,-4.860223630833213071e-01,2.622146057470021475e-03,1.154095745995836708e+01,2.957497333223596669e+01,1.690130295439332997e+01,2.421462783780100025e+01,1.000000000000000000e+00
6.872567282060233762e-02,8.334033528141295832e-01,1.993661484313243026e-01,-1.637582833423637751e+00,1.226381835346445293e+00,-2.859904040232440270e+00,-4.758706931768204584e-01,2.621284005567326315e-03,1.154466855345378384e+01,2.957083580429113212e+01,1.690265374665818499e+01,2.421285061108672920e+01,1.000000000000000000e+00
6.856871939779193847e-02,8.334021062654539680e-01,1.992252220315954558e-01,-1.637426520885295167e+00,1.227841635521388142e+00,-2.871760520435879815e+00,-4.654691364979579027e-01,2.620422240161685099e-03,1.154866909705837053e+01,2.956637588306511688e+01,1.690410999267195180e+01,2.421093498745153383e+01,1.000000000000000000e+00
6.839938072655320223e-02,8.334007473269477995e-01,1.990731758695452047e-01,-1.637257822883345204e+00,1.229231690257042153e+00,-2.883793608849027024e+00,-4.548212277555396810e-01,2.619560761155832317e-03,1.155298555582507625e+01,2.956156425156197898e+01,1.690568138245226137e+01,2.420886842493479207e+01,1.000000000000000000e+00
6.821653393243085062e-02,8.333992662621412251e-01,1.989090021310518375e-01,-1.637075616543407275e+00,1.230555352233910327e+00,-2.896000585493859081e+00,-4.439330396075760743e-01,2.618699568452534984e-03,1.155764666179233124e+01,2.955636911340030437e+01,1.690737844565163783e+01,2.420663732954099601e+01,1.000000000000000000e+00
6.801896802214661697e-02,8.333976526826292197e-01,1.987316139789611080e-01,-1.636878690872277220e+00,1.231818955241170022e+00,-2.908378509889544716e+00,-4.328138463235602917e-01,2.617838661954598710e-03,1.156268342049527043e+01,2.955075619566024869e+01,1.690921255696681058e+01,2.420422705918870676e+01,1.000000000000000000e+00
6.780538741844339967e-02,8.333958956144223995e-01,1.985398487461391415e-01,-1.636665750292772614e+00,1.233032520944413513e+00,-2.920924137908675444e+00,-4.214769136959781726e-01,2.616978041564854696e-03,1.156812902638969831e+01,2.954468885485287188e+01,1.691119590886436441e+01,2.420162197237820578e+01,1.000000000000000000e+00
6.757442063228058515e-02,8.333939836170251025e-01,1.983324757435750429e-01,-1.636435423315927284e+00,1.234210575444342650e+00,-2.933633813405571278e+00,-4.099404239706969655e-01,2.616117707186181845e-03,1.157401864805177460e+01,2.953812832959352974e+01,1.691334143736127515e+01,2.419880554028403097e+01,1.000000000000000000e+00
6.732463602207737485e-02,8.333919049731070006e-01,1.981082104336125971e-01,-1.636186278300234553e+00,1.235373071429573422e+00,-2.946503329884746947e+00,-3.982285363313032844e-01,2.615257658721482047e-03,1.158038903333793712e+01,2.953103419526201989e+01,1.691566268265045991e+01,2.419576054594949710e+01,1.000000000000000000e+00
6.705456702903278554e-02,8.333896479700170223e-01,1.978657371123025144e-01,-1.635916848686967962e+00,1.236546397839072720e+00,-2.959527757824860217e+00,-3.863725692375920007e-01,2.614397896073698390e-03,1.158727787334007253e+01,2.952336508826479999e+01,1.691817356213376655e+01,2.419246939947110420e+01,1.000000000000000000e+00
6.676274967611894873e-02,8.333872012969986143e-01,1.976037426019268961e-01,-1.635625670499173845e+00,1.237764437746635693e+00,-2.972701234592139752e+00,-3.744122683966150111e-01,2.613538419145801719e-03,1.159472285358826937e+01,2.951507977861671606e+01,1.692088802950314985e+01,2.418891460270183202e+01,1.000000000000000000e+00
6.644777535793820744e-02,8.333845545825733225e-01,1.973209636687771051e-01,-1.635311335131528709e+00,1.239069604889590837e+00,-2.986016716742958987e+00,-3.623970909888135083e-01,2.612679227840806247e-03,1.160276031453651058e+01,2.950613867605793672e+01,1.692381959097772537e+01,2.418507939961671838e+01,1.000000000000000000e+00
6.610836183826586387e-02,8.333816990932947366e-01,1.970162507807859120e-01,-1.634972560347882409e+00,1.240513748942009054e+00,-2.999465699638410587e+00,-3.503873913266519202e-01,2.611820322061750906e-03,1.161142344578049723e+01,2.949650585138626013e+01,1.692698065042912958e+01,2.418094864673762245e+01,1.000000000000000000e+00
6.574344463593463639e-02,8.333786286053457282e-01,1.966886501570569157e-01,-1.634608281667141672e+00,1.242158770459638406e+00,-3.013037917403191823e+00,-3.384553358406667267e-01,2.610961701711718430e-03,1.162073995675491034e+01,2.948615163330006794e+01,1.693038166149206702e+01,2.417650992856290415e+01,1.000000000000000000e+00
6.535228927018463252e-02,8.333753404411937682e-01,1.963375045248969553e-01,-1.634217764608620671e+00,1.244076733656017453e+00,-3.026721047822624744e+00,-3.266853109585614034e-01,2.610103366693811502e-03,1.163072920976835256e+01,2.947505579200611692e+01,1.693403008015545552e+01,2.417175492161900507e+01,1.000000000000000000e+00
6.493462180126054195e-02,8.333718366319901039e-01,1.959625702737001762e-01,-1.633800735232638468e+00,1.246349220492613652e+00,-3.040500461475084570e+00,-3.151735280629140989e-01,2.609245316911180945e-03,1.164139887828081577e+01,2.946321123427303945e+01,1.693792913917167553e+01,2.416668097338217081e+01,1.000000000000000000e+00
6.449077053788168645e-02,8.333681251217692765e-01,1.955641445974766746e-01,-1.633357521847988547e+00,1.249065652894188805e+00,-3.054359070414615296e+00,-3.040264970239299203e-01,2.608387552267013142e-03,1.165274130970865407e+01,2.945062800496139133e+01,1.694207650801421394e+01,2.416129280665582257e+01,1.000000000000000000e+00
6.402180589483559559e-02,8.333642208754087344e-01,1.951431909336466264e-01,-1.632889194869532323e+00,1.252320348599012201e+00,-3.068277344930632644e+00,-2.933580652899491215e-01,2.607530072664510524e-03,1.166472992283033605e+01,2.943733722343708337e+01,1.694646295744862385e+01,2.415560418881878846e+01,1.000000000000000000e+00
6.352965909902570651e-02,8.333601466995823603e-01,1.947014453687289648e-01,-1.632397685524247466e+00,1.256208198781592955e+00,-3.082233570630661834e+00,-2.832848384274428422e-01,2.606672878006917587e-03,1.167731613169038063e+01,2.942339440631132064e+01,1.695107120772395959e+01,2.414963933027773280e+01,1.000000000000000000e+00
6.301719561973828654e-02,8.333559335538991419e-01,1.942414823609441843e-01,-1.631885859281494211e+00,1.260819077909280050e+00,-3.096204404145472822e+00,-2.739200342724774084e-01,2.605815968197536941e-03,1.169042741346899206e+01,2.940888149356042547e+01,1.695587518678570049e+01,2.414343372024370638e+01,1.000000000000000000e+00
6.248821843999496917e-02,8.333516201426902636e-01,1.937667174598757258e-01,-1.631357519124368327e+00,1.266231401364110054e+00,-3.110165747714501716e+00,-2.653661659671400774e-01,2.604959343139675101e-03,1.170396716048859886e+01,2.939390687687427217e+01,1.696083993531262735e+01,2.413703410205023303e+01,1.000000000000000000e+00
6.194738207156631066e-02,8.333472516567018706e-01,1.932813299085976433e-01,-1.630817319564714429e+00,1.272505568262401798e+00,-3.124093901188547129e+00,-2.577073327764388133e-01,2.604103002736684550e-03,1.171781681227303018e+01,2.937860289670453184e+01,1.696592234491411233e+01,2.413049736406344437e+01,1.000000000000000000e+00
6.140001142622040359e-02,8.333428776792931592e-01,1.927900998794137843e-01,-1.630270585514374426e+00,1.279678254896481571e+00,-3.137966876436220964e+00,-2.510021991235764083e-01,2.603246946891952466e-03,1.173184042864304821e+01,2.936312065163546947e+01,1.697107279503326183e+01,2.412388828524525053e+01,1.000000000000000000e+00
6.085183816661588613e-02,8.333385494538196880e-01,1.922981717099700172e-01,-1.629723048636080973e+00,1.287758540516932504e+00,-3.151765696896353219e+00,-2.452788208197928532e-01,2.602391175508891180e-03,1.174589139210773858e+01,2.934762248880017665e+01,1.697623758144752060e+01,2.411727629946038931e+01,1.000000000000000000e+00
6.030868570255294714e-02,8.333343168701592418e-01,1.918107711398106263e-01,-1.629180532339708165e+00,1.296726590316162220e+00,-3.165475480474726488e+00,-2.405322451512022230e-01,2.601535688490965066e-03,1.175982045115999064e+01,2.933227306693478909e+01,1.698136185318759317e+01,2.411073166490718123e+01,1.000000000000000000e+00
5.977614604160291778e-02,8.333302256067909308e-01,1.913329153385754100e-01,-1.628648628632901385e+00,1.306535137388981305e+00,-3.179086133083047105e+00,-2.367252993003962358e-01,2.600680485741643268e-03,1.177348400283376328e+01,2.931723021960567266e+01,1.698639265667333120e+01,2.410432156576609586e+01,1.000000000000000000e+00
5.925929268250778453e-02,8.333263148268742482e-01,1.908691553745091862e-01,-1.628132411014476144e+00,1.317113447817179761e+00,-3.192592557417534227e+00,-2.337923466524346738e-01,2.599825567164460415e-03,1.178675148139340578e+01,2.930263686745008656e+01,1.699128167025395797e+01,2.409810667858952371e+01,1.000000000000000000e+00
5.876246355905195146e-02,8.333226156873624335e-01,1.904233816169139115e-01,-1.627636217418291009e+00,1.328373007787208238e+00,-3.205994380941371791e+00,-2.316452459300724354e-01,2.598970932662980626e-03,1.179951097496089218e+01,2.928861493441749531e+01,1.699598730224121113e+01,2.409213860713716215e+01,1.000000000000000000e+00
5.828913102301246790e-02,8.333191507344884785e-01,1.899987072828060175e-01,-1.627163520196196700e+00,1.340213968154216895e+00,-3.219295294787356543e+00,-2.301804568551518715e-01,2.598116582140781467e-03,1.181167262440324350e+01,2.927526173810271004e+01,1.700047598215197553e+01,2.408645838035396736e+01,1.000000000000000000e+00
5.784185821873009947e-02,8.333159340915740065e-01,1.895974295113028729e-01,-1.626716882492607708e+00,1.352531438378648643e+00,-3.232502146808009513e+00,-2.292862410350832991e-01,2.597262515501488206e-03,1.182316981021070035e+01,2.926264882500028008e+01,1.700472264039527559e+01,2.408109599481569418e+01,1.000000000000000000e+00
5.742232798038221508e-02,8.333129722394504446e-01,1.892210554921802124e-01,-1.626297987141775314e+00,1.365220959983451499e+00,-3.245623940830563825e+00,-2.288491361650710765e-01,2.596408732648764709e-03,1.183395847392660372e+01,2.925082284963857049e+01,1.700871049814217173e+01,2.407607082542299182e+01,1.000000000000000000e+00
5.703142369849925619e-02,8.333102651558240703e-01,1.888703751878255399e-01,-1.625907717534303520e+00,1.378182793568800024e+00,-3.258670869905369916e+00,-2.287592097944284031e-01,2.595555233486299997e-03,1.184401509530902352e+01,2.923980791084177611e+01,1.701243035537617487e+01,2.407139265077461587e+01,1.000000000000000000e+00
5.666934084596630256e-02,8.333078076016593450e-01,1.885455615201611090e-01,-1.625546269143151257e+00,1.391324926424033270e+00,-3.271653470641977979e+00,-2.289139126024339055e-01,2.594702017917812145e-03,1.185333386916249054e+01,2.922960874035808487e+01,1.701587957562016129e+01,2.406706303390040347e+01,1.000000000000000000e+00
5.633571096574979675e-02,8.333055903939998732e-01,1.882462816950278006e-01,-1.625213273511358469e+00,1.404564899650335263e+00,-3.284581943739657728e+00,-2.292205849904911386e-01,2.593849085847079947e-03,1.186192354866355636e+01,2.922021422972954952e+01,1.701906093916824503e+01,2.406307683922485197e+01,1.000000000000000000e+00
5.602972469399845890e-02,8.333036015625429060e-01,1.879718076230981749e-01,-1.624907921275147604e+00,1.417830657137683970e+00,-3.297465651790808305e+00,-2.295978082556684452e-01,2.592996437177878290e-03,1.186980430134666342e+01,2.921160091782423862e+01,1.702198149334085642e+01,2.405942372583003674e+01,1.000000000000000000e+00
5.575024520563363201e-02,8.333018273374499518e-01,1.877211177177144086e-01,-1.624629075609513640e+00,1.431060651582154897e+00,-3.310312782605225213e+00,-2.299758472837359902e-01,2.592144071814043646e-03,1.187700480126016878e+01,2.920373619826389699e+01,1.702465148365349989e+01,2.405608951587055699e+01,1.000000000000000000e+00
5.549590746293965593e-02,8.333002529525938007e-01,1.874929859334158455e-01,-1.624375371476814545e+00,1.444203430537326582e+00,-3.323130153891906247e+00,-2.302964319187647824e-01,2.591291989659438941e-03,1.188355967850271000e+01,2.919658111894429453e+01,1.702708341222500366e+01,2.405305738522199377e+01,1.000000000000000000e+00
5.526520155116712574e-02,8.332988632716973321e-01,1.872860565131273525e-01,-1.624145298962374584e+00,1.457216890837337075e+00,-3.335923130573643647e+00,-2.305120940715904843e-01,2.590440190617958327e-03,1.188950737260011969e+01,2.919009272760836637e+01,1.702929124206841749e+01,2.405030885814006325e+01,1.000000000000000000e+00
5.505654027336361056e-02,8.332976432572761771e-01,1.870989046046629134e-01,-1.623937270869314720e+00,1.470067348266076657e+00,-3.348695626482261378e+00,-2.305852356937699021e-01,2.589588674593534551e-03,1.189488838729004883e+01,2.918422597032249399e+01,1.703128974762342551e+01,2.404782460998911020e+01,1.000000000000000000e+00
5.486831226612080836e-02,8.332965783072592281e-01,1.869300838831404188e-01,-1.623749675834300188e+00,1.482728530006829804e+00,-3.361450165378367494e+00,-2.304870602074699237e-01,2.588737441490132456e-03,1.189974391583731794e+01,2.917893517999017661e+01,1.703309400110591554e+01,2.404558509472157013e+01,1.000000000000000000e+00
5.469892242479078986e-02,8.332956544845186997e-01,1.867781627872078520e-01,-1.623580918752756563e+00,1.495180564195784045e+00,-3.374187980552926902e+00,-2.301964624574038276e-01,2.587886491211745937e-03,1.190411479203361544e+01,2.917417520646840856e+01,1.703471897882170438e+01,2.404357101968031074e+01,1.000000000000000000e+00
5.454682159062725771e-02,8.332948586624170373e-01,1.866417511228859183e-01,-1.623429450466010948e+00,1.507409014836452288e+00,-3.386909136718939894e+00,-2.296989417335754957e-01,2.587035823662408359e-03,1.190804071745538550e+01,2.916990224410754351e+01,1.703617926966861162e+01,2.404176369189430673e+01,1.000000000000000000e+00
5.441052740118196285e-02,8.332941786062832978e-01,1.865195187420844447e-01,-1.623293788611688715e+00,1.519403990903307466e+00,-3.399612661968683280e+00,-2.289855789176716838e-01,2.586185438746180839e-03,1.191155971657693691e+01,2.916607441080265417e+01,1.703748886824547171e+01,2.404014525913411049e+01,1.000000000000000000e+00
5.428863803963710627e-02,8.332936030072852773e-01,1.864102078535971596e-01,-1.623172531373045180e+00,1.531159344566784153e+00,-3.412296681030679402e+00,-2.280521014510957789e-01,2.585335336367171766e-03,1.191470777537670678e+01,2.916265212775599025e+01,1.703866103634230456e+01,2.403869886679038714e+01,1.000000000000000000e+00
5.417984040249199107e-02,8.332931214819195853e-01,1.863126403299209533e-01,-1.623064365646653240e+00,1.542671963902853882e+00,-3.424958543859213833e+00,-2.268980474550254256e-01,2.584485516429512516e-03,1.191751862448060173e+01,2.915959834289855124e+01,1.703970821848616168e+01,2.403740874889298240e+01,1.000000000000000000e+00
5.408291397643610887e-02,8.332927245474913702e-01,1.862257211678862434e-01,-1.622968070919275752e+00,1.553941159128236160e+00,-3.437594945767487253e+00,-2.255260318324710245e-01,2.583635978837363519e-03,1.192002363366048989e+01,2.915687863437096539e+01,1.704064199928577494e+01,2.403626026874566790e+01,1.000000000000000000e+00
5.399673149581366016e-02,8.332924035815635344e-01,1.861484390640594511e-01,-1.622882519925330280e+00,1.564968137444251006e+00,-3.450202036953418983e+00,-2.239411115863245427e-01,2.582786723494930742e-03,1.192225179008362979e+01,2.915446122421348107e+01,1.704147309233882623e+01,2.403523992195827219e+01,1.000000000000000000e+00
5.392025725276287929e-02,8.332921507714033948e-01,1.860798648869710359e-01,-1.622806676957028182e+00,1.575755559294273356e+00,-3.462775520457383127e+00,-2.221502441190788824e-01,2.581937750306444873e-03,1.192422973779798490e+01,2.915231692675952857e+01,1.704221135232372575e+01,2.403433531223377528e+01,1.000000000000000000e+00
5.385254375749307792e-02,8.332919590578987679e-01,1.860191486715316866e-01,-1.622739594524652107e+00,1.586307167727390111e+00,-3.475310738423402768e+00,-2.201618303352902706e-01,2.581089059176184738e-03,1.192598186041206532e+01,2.915041905128817845e+01,1.704286580354079916e+01,2.403353510815943039e+01,1.000000000000000000e+00
5.379272729713734796e-02,8.332918220771948770e-01,1.859655156273051224e-01,-1.622680408915408545e+00,1.596627482235850604e+00,-3.487802747090051891e+00,-2.179853334881258209e-01,2.580240650008446077e-03,1.192753039275652860e+01,2.914874327428620404e+01,1.704344467958054921e+01,2.403282898746217100e+01,1.000000000000000000e+00
5.374002281703249562e-02,8.332917341023583502e-01,1.859182615405586270e-01,-1.622628335074707273e+00,1.606721548621460105e+00,-3.500246381282436481e+00,-2.156309645537774489e-01,2.579392522707560191e-03,1.192889555052299677e+01,2.914726749316286813e+01,1.704395546998531685e+01,2.403220757370053562e+01,1.000000000000000000e+00
5.369371844591605547e-02,8.332916899866538163e-01,1.858767478582139254e-01,-1.622582661131359183e+00,1.616594736949752198e+00,-3.512636309368077914e+00,-2.131094252297496827e-01,2.578544677177906086e-03,1.193009566951683098e+01,2.914597167038406766e+01,1.704440497075263039e+01,2.403166236914825404e+01,1.000000000000000000e+00
5.365316990372726719e-02,8.332916851094750443e-01,1.858403966675736541e-01,-1.622542742805376692e+00,1.626252580331888131e+00,-3.524967079721620600e+00,-2.104317002520520175e-01,2.577697113323883585e-03,1.193114734830113122e+01,2.914483767466948549e+01,1.704479933632671163e+01,2.403118568664389088e+01,1.000000000000000000e+00
5.361779496469008116e-02,8.332917153255708920e-01,1.858086857265184577e-01,-1.622507997871056817e+00,1.635700648036889637e+00,-3.537233159750395650e+00,-2.076088914818680908e-01,2.576849831049931108e-03,1.193206558971844089e+01,2.914384912404740646e+01,1.704514413136384121e+01,2.403077058240199548e+01,1.000000000000000000e+00
5.358706809648721564e-02,8.332917769179065681e-01,1.857811436523725546e-01,-1.622477900796155392e+00,1.644944447216514005e+00,-3.549428968491170622e+00,-2.046520870336805409e-01,2.576002830260518735e-03,1.193286393812184798e+01,2.914299123411111481e+01,1.704544438106164250e+01,2.403041079117130607e+01,1.000000000000000000e+00
5.356051535617133846e-02,8.332918665542936587e-01,1.857573453416358489e-01,-1.622451977637798137e+00,1.653989348279977678e+00,-3.561548903716996950e+00,-2.015722595431478359e-01,2.575156110860154710e-03,1.193355461019047326e+01,2.914225067369904565e+01,1.704570461923461977e+01,2.403010066465488492e+01,1.000000000000000000e+00
5.353770959284454012e-02,8.332919812477704857e-01,1.857369076653442030e-01,-1.622429801245160341e+00,1.662840529660524203e+00,-3.573587364405890199e+00,-1.983801884649907532e-01,2.574309672753371126e-03,1.193414861800087401e+01,2.914161542936717453e+01,1.704592893361845896e+01,2.402983511374957715e+01,1.000000000000000000e+00
5.351826598420280495e-02,8.332921183206152271e-01,1.857194854642677251e-01,-1.622410986796011034e+00,1.671502938356646872e+00,-3.585538769329691178e+00,-1.950864020253560704e-01,2.573463515844750388e-03,1.193465588362365715e+01,2.914107467938357132e+01,1.704612100811167963e+01,2.402960955489553641e+01,1.000000000000000000e+00
5.350183791720639764e-02,8.332922753718087217e-01,1.857047678530734103e-01,-1.622395187677383221e+00,1.679981263201881347e+00,-3.597397572428389090e+00,-1.917011351172832057e-01,2.572617640038892244e-03,1.193508534495431128e+01,2.914061867750723422e+01,1.704628416182997341e+01,2.402941986063156321e+01,1.000000000000000000e+00
5.348811321108098982e-02,8.332924502477261353e-01,1.856924748317795026e-01,-1.622382091708575835e+00,1.688279918317930894e+00,-3.609158275546450412e+00,-1.882343000175031866e-01,2.571772045240439813e-03,1.193544505280292967e+01,2.914023864647911921e+01,1.704642138496877024e+01,2.402926231431326798e+01,1.000000000000000000e+00
5.347681067249644704e-02,8.332926410158146835e-01,1.856823541953440959e-01,-1.622371417696331530e+00,1.696403034639552443e+00,-3.620815439025748983e+00,-1.846954673183928974e-01,2.570926731354063535e-03,1.193574225948702860e+01,2.913992668092225813e+01,1.704653537155370913e+01,2.402913356885556695e+01,1.000000000000000000e+00
5.346767696723510321e-02,8.332928459410113842e-01,1.856741787272758737e-01,-1.622362912306505756e+00,1.704354457771032338e+00,-3.632363690575770132e+00,-1.810938549142474541e-01,2.570081698284471146e-03,1.193598349931778202e+01,2.913967565919563185e+01,1.704662854921496162e+01,2.402903060929844159e+01,1.000000000000000000e+00
5.346048378924872502e-02,8.332930634646553703e-01,1.856677436601023579e-01,-1.622356347233123053e+00,1.712137750749189724e+00,-3.643797732776030696e+00,-1.774383232618639561e-01,2.569236945936404642e-03,1.193617466146075401e+01,2.913947916365324176e+01,1.704670310615689033e+01,2.402895071895709123e+01,1.000000000000000000e+00
5.345502530616135645e-02,8.332932921856586184e-01,1.856628643838851289e-01,-1.622351516643880220e+00,1.719756200553224756e+00,-3.655112349508332859e+00,-1.737373754581346685e-01,2.568392474214637247e-03,1.193632105570197410e+01,2.913933140871030147e+01,1.704676101551437739e+01,2.402889144889788042e+01,1.000000000000000000e+00
5.345111585957166428e-02,8.332935308437138255e-01,1.856593743833458432e-01,-1.622348234880448992e+00,1.727212827423439068e+00,-3.666302411566636721e+00,-1.699991609488958888e-01,2.567548283023979479e-03,1.193642747167021234e+01,2.913922717610057234e+01,1.704680405729579462e+01,2.402885059047497407e+01,1.000000000000000000e+00
5.344858789861082343e-02,8.332937783043313784e-01,1.856571233842634061e-01,-1.622346334392033240e+00,1.734510396235149132e+00,-3.677362881649742121e+00,-1.662314819101585739e-01,2.566704372269273948e-03,1.193649823206516025e+01,2.913916175671322506e+01,1.704683383811306285e+01,2.402882615066530647e+01,1.000000000000000000e+00
5.344729012586621475e-02,8.332940335455143455e-01,1.856559756903923830e-01,-1.622345663881293198e+00,1.741651429326237732e+00,-3.688288818905559374e+00,-1.624418015313905950e-01,2.565860741855389288e-03,1.193653724042554565e+01,2.913913089841716797e+01,1.704685180889422114e+01,2.402881632994848005e+01,1.000000000000000000e+00
5.344708583579642347e-02,8.332942956458978534e-01,1.856558086930664153e-01,-1.622346086642760143e+00,1.748638220301822255e+00,-3.699075383164990960e+00,-1.586372535863019295e-01,2.565017391687240966e-03,1.193654802394602754e+01,2.913913075931040453e+01,1.704685928076515111e+01,2.402881950249126675e+01,1.000000000000000000e+00
5.344785142699662317e-02,8.332945637741935307e-01,1.856565115367591889e-01,-1.622347479075102017e+00,1.755472848441663958e+00,-3.709717838977439452e+00,-1.548246528047468040e-01,2.564174321669771342e-03,1.193653377182064901e+01,2.913915786586731116e+01,1.704685743927607078e+01,2.402883419841187518e+01,1.000000000000000000e+00
5.344947507102264239e-02,8.332948371797975762e-01,1.856579839250866726e-01,-1.622349729349947367e+00,1.762157193419040535e+00,-3.720211559538174395e+00,-1.510105056642285781e-01,2.563331531707952263e-03,1.193649736955648599e+01,2.913920907549540473e+01,1.704684735713611943e+01,2.402885908791575531e+01,1.000000000000000000e+00
5.345185552187123323e-02,8.332951151844320004e-01,1.856601350529830385e-01,-1.622352736221365666e+00,1.768692950107045414e+00,-3.730552030579517009e+00,-1.472010213050152505e-01,2.562489021706795909e-03,1.193644142966576105e+01,2.913928154305262197e+01,1.704683000560651962e+01,2.402889296711184741e+01,1.000000000000000000e+00
5.345490105159295124e-02,8.332953971747070199e-01,1.856628826520189957e-01,-1.622356407961480063e+00,1.775081643302370393e+00,-3.740734854282506738e+00,-1.434021223422552727e-01,2.561646791571344818e-03,1.193636831910956708e+01,2.913937269091537985e+01,1.704680626469002647e+01,2.402893474533490803e+01,1.000000000000000000e+00
5.345852849884588642e-02,8.332956825954992430e-01,1.856661521370280843e-01,-1.622360661409021354e+00,1.781324642239998424e+00,-3.750755753253026903e+00,-1.396194554045437353e-01,2.560804841206676223e-03,1.193628018383225964e+01,2.913948018222536618e+01,1.704677693224187252e+01,2.402898343381573909e+01,1.000000000000000000e+00
5.346266241846208550e-02,8.332959709440559415e-01,1.856698758433397711e-01,-1.622365421118894258e+00,1.787423174806657133e+00,-3.760610574595662392e+00,-1.358584012735195024e-01,2.559963170517899449e-03,1.193617897069328748e+01,2.913960189697883507e+01,1.704674273211562507e+01,2.402903813555648327e+01,1.000000000000000000e+00
5.346723432127981762e-02,8.332962617647434733e-01,1.856739923449781393e-01,-1.622370618602009484e+00,1.793378341388204289e+00,-3.770295294109802242e+00,-1.321240845351481230e-01,2.559121779410156779e-03,1.193606644707292830e+01,2.913973591065559887e+01,1.704670432144620662e+01,2.402909803628230989e+01,1.000000000000000000e+00
5.347218199458723259e-02,8.332965546443679150e-01,1.856784458451658792e-01,-1.622376191645727772e+00,1.799191128307416232e+00,-3.779806020624991714e+00,-1.284213826821564153e-01,2.558280667788626495e-03,1.193594421840038500e+01,2.913988047511571366e+01,1.704666229716201542e+01,2.402916239635407436e+01,1.000000000000000000e+00
5.347744889452485384e-02,8.332968492080037315e-01,1.856831856313716778e-01,-1.622382083706262357e+00,1.804862420825328551e+00,-3.789139000486489994e+00,-1.247549346298182649e-01,2.557439835558519402e-03,1.193581374382699245e+01,2.914003400152020617e+01,1.704661720180866524e+01,2.402923054353852450e+01,1.000000000000000000e+00
5.348298360270656998e-02,8.332971451152733078e-01,1.856881655879575599e-01,-1.622388243365299410e+00,1.810393015692002505e+00,-3.798290622196735189e+00,-1.211291486252530081e-01,2.556599282625078833e-03,1.193567635024383300e+01,2.914019504505791147e+01,1.704656952875813403e+01,2.402930186654359801e+01,1.000000000000000000e+00
5.348873934014512777e-02,8.332974420570282703e-01,1.856933437602246162e-01,-1.622394623843924188e+00,1.815783633242274542e+00,-3.807257421214155446e+00,-1.175482095443661362e-01,2.555759008893581947e-03,1.193553324482184408e+01,2.914036229128378608e+01,1.704651972686935935e+01,2.402937580923626015e+01,1.000000000000000000e+00
5.349467353231304734e-02,8.332977397523863017e-01,1.856986819643231534e-01,-1.622401182567681843e+00,1.821034929039259787e+00,-3.816036084907123982e+00,-1.140160855813967117e-01,2.554919014269339730e-03,1.193538552623333970e+01,2.914053454389509312e+01,1.704646820465915624e+01,2.402945186546926593e+01,1.000000000000000000e+00
5.350074741983934512e-02,8.332980379460857012e-01,1.857041454380942980e-01,-1.622407880777273492e+00,1.826147505073605348e+00,-3.824623457657825742e+00,-1.105365343443038689e-01,2.554079298657697429e-03,1.193523419469664582e+01,2.914071071379068201e+01,1.704641533403604825e+01,2.402952957445127069e+01,1.000000000000000000e+00
5.350692570994187297e-02,8.332983364061211651e-01,1.857097025284479841e-01,-1.622414683179989714e+00,1.831121920530151659e+00,-3.833016546108217515e+00,-1.071131083754690572e-01,2.553239861964029783e-03,1.193508016097012003e+01,2.914088980927551020e+01,1.704636145364381861e+01,2.402960851660180808e+01,1.000000000000000000e+00
5.351317626423115342e-02,8.332986349216311428e-01,1.857153244113625146e-01,-1.622421557637513168e+00,1.835958702136155418e+00,-3.841212524538173412e+00,-1.037491601217723769e-01,2.552400704093754462e-03,1.193492425440805427e+01,2.914107092728765025e+01,1.704630687185654736e+01,2.402968830983915183e+01,1.000000000000000000e+00
5.351946981899923655e-02,8.332989333010085709e-01,1.857209848410199815e-01,-1.622428474886208338e+00,1.840658354106671002e+00,-3.849208740364023829e+00,-1.004478463814354183e-01,2.551561824952309956e-03,1.193476723017862184e+01,2.914125324553843654e+01,1.704625186946230286e+01,2.402976860625474842e+01,1.000000000000000000e+00
5.352577973453302024e-02,8.332992313702106690e-01,1.857266599249735584e-01,-1.622435408286434511e+00,1.845221367703519633e+00,-3.857002719744276664e+00,-9.721213225726967055e-02,2.550723224445174218e-03,1.193460977573310444e+01,2.914143601546845019e+01,1.704619670206859539e+01,2.402984908913295214e+01,1.000000000000000000e+00
5.353208177036995752e-02,8.332995289712464837e-01,1.857323279225822632e-01,-1.622442333597801323e+00,1.849648230424452366e+00,-3.864592173278010634e+00,-9.404479464744540385e-02,2.549884902477859896e-03,1.193445251660584638e+01,2.914161855593267347e+01,1.704614160225911590e+01,2.402992947027939863e+01,1.000000000000000000e+00
5.353835388375058346e-02,8.332998259608230818e-01,1.857379690642505798e-01,-1.622449228777621544e+00,1.853939434838910882e+00,-3.871975001780389558e+00,-9.094842530573900297e-02,2.549046858955911297e-03,1.193429602161575254e+01,2.914180024753757436e+01,1.704608678152803591e+01,2.403000948762528921e+01,1.000000000000000000e+00
5.354457604882120747e-02,8.333001222091326321e-01,1.857435653892786642e-01,-1.622456073800113918e+00,1.858095487086343534e+00,-3.879149302119015541e+00,-8.792543350349485420e-02,2.548209093784905253e-03,1.193414080753240469e+01,2.914198052756137969e+01,1.704603243201530560e+01,2.403008890307847878e+01,1.000000000000000000e+00
5.355073009440541876e-02,8.333004175987664963e-01,1.857491006003663403e-01,-1.622462850494174047e+00,1.862116915052285604e+00,-3.886113373094124857e+00,-8.497804832551100751e-02,2.547371606870452859e-03,1.193398734326306787e+01,2.914215888539616728e+01,1.704597872806386150e+01,2.403016750059537543e+01,1.000000000000000000e+00
5.355679955839842687e-02,8.333007120237416743e-01,1.857545599330258090e-01,-1.622469542397769304e+00,1.866004276236608028e+00,-3.892865721345217800e+00,-8.210832063165660055e-02,2.546534398118196867e-03,1.193383605361077571e+01,2.914233485845709382e+01,1.704592582761734931e+01,2.403024508445052021e+01,1.000000000000000000e+00
5.356276955704740439e-02,8.333010053886281687e-01,1.857599300383452612e-01,-1.622476134627219180e+00,1.869758165327423338e+00,-3.899405067266406455e+00,-7.931812471543094045e-02,2.545697467433818192e-03,1.193368732264828935e+01,2.914250802850992628e+01,1.704587387347506677e+01,2.403032147768314886e+01,1.000000000000000000e+00
5.356862666756620484e-02,8.333012976077668332e-01,1.857651988777115071e-01,-1.622482613759809622e+00,1.873379221493219893e+00,-3.905730350912647086e+00,-7.660915968986482805e-02,2.544860814723026374e-03,1.193354149674795650e+01,2.914267801837326388e+01,1.704582299441893412e+01,2.403039652070228627e+01,1.000000000000000000e+00
5.357435882269773880e-02,8.333015886045674891e-01,1.857703556282482571e-01,-1.622488967728355602e+00,1.876868135404839988e+00,-3.911840737879006102e+00,-7.398295063023389850e-02,2.544024439891567381e-03,1.193339888730325171e+01,2.914284448895646662e+01,1.704577330622583631e+01,2.403047007003388202e+01,1.000000000000000000e+00
5.357995521598326455e-02,8.333018783108793182e-01,1.857753905978569708e-01,-1.622495185726470446e+00,1.880225655998059242e+00,-3.917735625135299493e+00,-7.144084950199729167e-02,2.543188342845214504e-03,1.193325977317398845e+01,2.914300713659842756e+01,1.704572491257719946e+01,2.403054199719521478e+01,1.000000000000000000e+00
5.358540621662786357e-02,8.333021666664263138e-01,1.857802951488640164e-01,-1.622501258123431267e+00,1.883452596986637362e+00,-3.923414646798689898e+00,-6.898403590125117002e-02,2.542352523489782232e-03,1.193312440288388032e+01,2.914316569067596774e+01,1.704567790587648801e+01,2.403061218768335650e+01,1.000000000000000000e+00
5.359070329296681395e-02,8.333024536182992437e-01,1.857850616293819090e-01,-1.622507176387645522e+00,1.886549843135020499e+00,-3.928877679827381897e+00,-6.661351763373728196e-02,2.541516981731111510e-03,1.193299299659611279e+01,2.914331991145386525e+01,1.704563236798411197e+01,2.403068054006586607e+01,1.000000000000000000e+00
5.359583894364030460e-02,8.333027391205005685e-01,1.857896833115835755e-01,-1.622512933017825398e+00,1.889518356299092261e+00,-3.934124849618973574e+00,-6.433013115724067754e-02,2.540681717475081012e-03,1.193286574788997179e+01,2.914346958815146849e+01,1.704558837087836309e+01,2.403074696516307895e+01,1.000000000000000000e+00
5.360080663567542286e-02,8.333030231335348814e-01,1.857941543361714964e-01,-1.622518521481069786e+00,1.892359181242845301e+00,-3.939156535497860823e+00,-6.213454191085847345e-02,2.539846730627601940e-03,1.193274282535917230e+01,2.914361453720334083e+01,1.704554597725002907e+01,2.403081138531248939e+01,1.000000000000000000e+00
5.360560074875587305e-02,8.333033056240406466e-01,1.857984696623964094e-01,-1.622523936157134417e+00,1.895073451238300954e+00,-3.943973376076865378e+00,-6.002724455329046249e-02,2.539012021094617152e-03,1.193262437405048360e+01,2.914375460069375023e+01,1.704550524103759201e+01,2.403087373370664892e+01,1.000000000000000000e+00
5.361021652503267926e-02,8.333035865644590201e-01,1.858026250230453147e-01,-1.622529172288242227e+00,1.897662393455598506e+00,-3.948576274479240311e+00,-5.800856313092275091e-02,2.538177588782101601e-03,1.193251051675931684e+01,2.914388964494681389e+01,1.704546620790922873e+01,2.403093395379690733e+01,1.000000000000000000e+00
5.361465002389409484e-02,8.333038659327354214e-01,1.858066168838771737e-01,-1.622534225933853325e+00,1.900127334149843472e+00,-3.952966403408283202e+00,-5.607865119506438151e-02,2.537343433596065800e-03,1.193240135519729961e+01,2.914401955925593768e+01,1.704542891569717611e+01,2.403099199875606473e+01,1.000000000000000000e+00
5.361889808117105416e-02,8.333041437120506378e-01,1.858104424070365912e-01,-1.622539093929870724e+00,1.902469703651072042e+00,-3.957145210052973816e+00,-5.423749188627220719e-02,2.536509555442553656e-03,1.193229697104534459e+01,2.914414425473787063e+01,1.704539339478949955e+01,2.403104783099371744e+01,1.000000000000000000e+00
5.362295827230672413e-02,8.333044198905781297e-01,1.858140994180227101e-01,-1.622543773851809146e+00,1.904691041163512732e+00,-3.961114420819346726e+00,-5.248489800224113294e-02,2.535675954227639868e-03,1.193219742690437712e+01,2.914426366329808715e+01,1.704535966848378337e+01,2.403110142171868446e+01,1.000000000000000000e+00
5.362682887906543988e-02,8.333046944612647611e-01,1.858175863758321777e-01,-1.622548263981504979e+00,1.906792999380299891e+00,-3.964876045878769961e+00,-5.082051206423840450e-02,2.534842629857433829e-03,1.193210276715469398e+01,2.914437773669559917e+01,1.704532775330682171e+01,2.403115275054347677e+01,1.000000000000000000e+00
5.363050885939827511e-02,8.333049674216319591e-01,1.858209023459332643e-01,-1.622552563276981052e+00,1.908777348919696859e+00,-3.968432383525653862e+00,-4.924380639561860840e-02,2.534009582238078324e-03,1.193201301873381048e+01,2.914448644569640123e+01,1.704529765930396579e+01,2.403120180512625126e+01,1.000000000000000000e+00
5.363399782012058525e-02,8.333052387735957467e-01,1.858240469757617697e-01,-1.622556671345124490e+00,1.910645982589045166e+00,-3.971786024338855636e+00,-4.775408322436699993e-02,2.533176811275748234e-03,1.193192819184171150e+01,2.914458977930591388e+01,1.704526939030147048e+01,2.403124858084616022e+01,1.000000000000000000e+00
5.363729599209093174e-02,8.333055085233026515e-01,1.858270204724602193e-01,-1.622560588416865457e+00,1.912400919482644568e+00,-3.974939855142486600e+00,-4.635047482017370934e-02,2.532344316876653130e-03,1.193184828058150870e+01,2.914468774407166762e+01,1.704524294414478902e+01,2.403129308050839441e+01,1.000000000000000000e+00
5.364040420761197192e-02,8.333057766809804923e-01,1.858298235826097988e-01,-1.622564315324578343e+00,1.914044308920027415e+00,-3.977897062763710245e+00,-4.503194367490882810e-02,2.531512098947033378e-03,1.193177326354272161e+01,2.914478036344836553e+01,1.704521831291550171e+01,2.403133531407559431e+01,1.000000000000000000e+00
5.364332387980190464e-02,8.333060432608017098e-01,1.858324575737294593e-01,-1.622567853481453160e+00,1.915578434231159477e+00,-3.980661137586671838e+00,-4.379728273389536103e-02,2.530680157393164036e-03,1.193170310433366588e+01,2.914486767721831484e+01,1.704519548312931576e+01,2.403137529842267739e+01,1.000000000000000000e+00
5.364605698371092968e-02,8.333063082807581345e-01,1.858349242173399640e-01,-1.622571204862611749e+00,1.917005716395406623e+00,-3.983235876903656436e+00,-4.264511568371591455e-02,2.529848492121352689e-03,1.193163775206878618e+01,2.914494974096082558e+01,1.704517443591727499e+01,2.403141305711234921e+01,1.000000000000000000e+00
5.364860603898051472e-02,8.333065717625455227e-01,1.858372257734116906e-01,-1.622574371987767217e+00,1.918328717541191386e+00,-3.985625388066158514e+00,-4.157389730080077866e-02,2.529017103037939883e-03,1.193157714181612583e+01,2.914502662556493817e+01,1.704515514719214409e+01,2.403144862018893591e+01,1.000000000000000000e+00
5.365097409386505867e-02,8.333068337314569751e-01,1.858393649760339550e-01,-1.622577357905245377e+00,1.919550144313586282e+00,-3.987834091440543460e+00,-4.058191386335919387e-02,2.528185990049299989e-03,1.193152119500961916e+01,2.914509841678040658e+01,1.704513758780166199e+01,2.403148202398838151e+01,1.000000000000000000e+00
5.365316471045535746e-02,8.333070942162842387e-01,1.858413450201623629e-01,-1.622580166177208794e+00,1.920672851117211088e+00,-3.989866723174662955e+00,-3.966728362766161475e-02,2.527355153061838604e-03,1.193146981983033683e+01,2.914516521480240741e+01,1.704512172367026679e+01,2.403151331096249876e+01,1.000000000000000000e+00
5.365518195096191656e-02,8.333073532492251134e-01,1.858431695493164837e-01,-1.622582800865939534e+00,1.921699843241960082e+00,-3.991728337783547964e+00,-3.882795736807428261e-02,2.526524591981996019e-03,1.193142291156034851e+01,2.914522713388601716e+01,1.704510751593059581e+01,2.403154252951579295e+01,1.000000000000000000e+00
5.365703036493364025e-02,8.333076108657976322e-01,1.858448426441164647e-01,-1.622585266521058056e+00,1.922634279879311903e+00,-3.993424310564233970e+00,-3.806171897854286612e-02,2.525694306716244619e-03,1.193138035291242538e+01,2.914528430198693343e+01,1.704509492104600454e+01,2.403156973385337736e+01,1.000000000000000000e+00
5.365871497730359541e-02,8.333078671047590147e-01,1.858463688115611911e-01,-1.622587568167568772e+00,1.923479477036902585e+00,-3.994960339851222564e+00,-3.736618613170506614e-02,2.524864297171090181e-03,1.193134201433837305e+01,2.914533686042542016e+01,1.704508389092510967e+01,2.403159498383870840e+01,1.000000000000000000e+00
5.366024127716933351e-02,8.333081220080293949e-01,1.858477529749653634e-01,-1.622589711294641024e+00,1.924238910359256538e+00,-3.996342449126083718e+00,-3.673881099001860551e-02,2.524034563253071441e-03,1.193130775431839474e+01,2.914538496357086572e+01,1.704507437302926931e+01,2.403161834486001425e+01,1.000000000000000000e+00
5.366161520723011086e-02,8.333083756206197679e-01,1.858490004644854920e-01,-1.622591701845045309e+00,1.924916217862373990e+00,-3.997576988996054848e+00,-3.617688096174923734e-02,2.523205104868760096e-03,1.193127741963347077e+01,2.914542877854479030e+01,1.704506631047375009e+01,2.403163988770453230e+01,1.000000000000000000e+00
5.366284315381781439e-02,8.333086279905633775e-01,1.858501170081785780e-01,-1.622593546205184811e+00,1.925515202589883623e+00,-3.998670639058280241e+00,-3.567751949288481411e-02,2.522375921924760803e-03,1.193125084562241156e+01,2.914546848494051190e+01,1.704505964212316371e+01,2.403165968843977751e+01,1.000000000000000000e+00
5.366393193747261148e-02,8.333088791688515462e-01,1.858511087235489856e-01,-1.622595251195671384e+00,1.926039835198218642e+00,-3.999630409667731534e+00,-3.523768688439102986e-02,2.521547014327710310e-03,1.193122785642484196e+01,2.914550427455810322e+01,1.704505430268168098e+01,2.403167782830128019e+01,1.000000000000000000e+00
5.366488880402821987e-02,8.333091292093718350e-01,1.858519821095526159e-01,-1.622596824062410015e+00,1.926494256478038736e+00,-4.000463643628369148e+00,-3.485418112246996963e-02,2.520718381984279194e-03,1.193120826521101385e+01,2.914553635115367314e+01,1.704505022277833248e+01,2.403169439358637050e+01,1.000000000000000000e+00
5.366572141618559943e-02,8.333093781688496460e-01,1.858527440390389807e-01,-1.622598272468172897e+00,1.926882779818704705e+00,-4.001178017828416422e+00,-3.452363870776414129e-02,2.519890024801170556e-03,1.193119187439902085e+01,2.914556493020234740e+01,1.704504732904762676e+01,2.403170947555375747e+01,1.000000000000000000e+00
5.366643784556793251e-02,8.333096261067937105e-01,1.858534017516249859e-01,-1.622599604484654678e+00,1.927209893622264136e+00,-4.001781544842101468e+00,-3.424253546759658401e-02,2.519061942685120459e-03,1.193117847585958380e+01,2.914559023867478871e+01,1.704504554420554641e+01,2.403172317032884209e+01,1.000000000000000000e+00
5.366704656526358891e-02,8.333098730854440195e-01,1.858539628470061711e-01,-1.622600828585014865e+00,1.927480263672724403e+00,-4.002282574521288439e+00,-3.400718733361483836e-02,2.518234135542897923e-03,1.193116785110824551e+01,2.914561251482741255e+01,1.704504478712085458e+01,2.403173557881482125e+01,1.000000000000000000e+00
5.366755644287839883e-02,8.333101191697238619e-01,1.858544352787251386e-01,-1.622601953636930716e+00,1.927698735465879221e+00,-4.002689795601826361e+00,-3.381375106526769703e-02,2.517406603281304930e-03,1.193115977148442575e+01,2.914563200800693465e+01,1.704504497288152720e+01,2.403174680660985274e+01,1.000000000000000000e+00
5.366797673413283704e-02,8.333103644271951937e-01,1.858548273484283420e-01,-1.622602988896193921e+00,1.927870336504123872e+00,-4.003012237350438873e+00,-3.365822489773180604e-02,2.516579345807175988e-03,1.193115399831642875e+01,2.914564897847022706e+01,1.704504601285596976e+01,2.403175696393070737e+01,1.000000000000000000e+00
5.366831707705483484e-02,8.333106089280186701e-01,1.858551477006572528e-01,-1.622603944000903464e+00,1.928000278560002112e+00,-4.003259271279296705e+00,-3.353644909088399073e-02,2.515752363027378563e-03,1.193115028307108183e+01,2.914566369722093242e+01,1.704504781474851782e+01,2.403176616554351952e+01,1.000000000000000000e+00
5.366858748683392411e-02,8.333108527449184511e-01,1.858554053182327748e-01,-1.622604828966320190e+00,1.928093959911219457e+00,-4.003440612956271849e+00,-3.344410635406416116e-02,2.514925654848813082e-03,1.193114836748634211e+01,2.914567644586466599e+01,1.704505028264861721e+01,2.403177453070241398e+01,1.000000000000000000e+00
5.366879835141808580e-02,8.333110959531514483e-01,1.858556095183057921e-01,-1.622605654180463430e+00,1.928156967549105927e+00,-4.003566323940265903e+00,-3.337672211920501147e-02,2.514099221178412499e-03,1.193114798368474183e+01,2.914568751648512901e+01,1.704505331707290949e+01,2.403178218309698622e+01,1.000000000000000000e+00
5.366896042794995492e-02,8.333113386304838999e-01,1.858557699491604487e-01,-1.622606430400546751e+00,1.928195079361346931e+00,-4.003646813871748478e+00,-3.332966463302734078e-02,2.513273061923142725e-03,1.193114885426521532e+01,2.914569721154381554e+01,1.704505681499926695e+01,2.403178925080978701e+01,1.000000000000000000e+00
5.366908484015504160e-02,8.333115808571736061e-01,1.858558965878716884e-01,-1.622607168750366924e+00,1.928214266289017598e+00,-4.003692842750081304e+00,-3.329814483675062886e-02,2.512447176990002633e-03,1.193115069237037673e+01,2.914570584380650686e+01,1.704506066989175395e+01,2.403179586628515452e+01,1.000000000000000000e+00
5.366918307680981076e-02,8.333118227159612701e-01,1.858559997389305496e-01,-1.622607880718771378e+00,1.928220694456863171e+00,-4.003715523430130041e+00,-3.327721599975964201e-02,2.511621566286023621e-03,1.193115320172598004e+01,2.914571373630015927e+01,1.704506477171523571e+01,2.403180216631092847e+01,1.000000000000000000e+00
5.366926699143263757e-02,8.333120642920689436e-01,1.858560900339681632e-01,-1.622608578159349557e+00,1.928220727274890800e+00,-4.003726324371958079e+00,-3.326177307150339491e-02,2.510796229718270049e-03,1.193115607664885580e+01,2.914572122230417150e+01,1.704506900693831284e+01,2.403180829201474111e+01,1.000000000000000000e+00
5.366934673084861052e-02,8.333123056588236377e-01,1.858561765738739047e-01,-1.622609271218997673e+00,1.928219807896160987e+00,-4.003735056733135345e+00,-3.324744804697867678e-02,2.509971167193838799e-03,1.193115905547669264e+01,2.914572858711969516e+01,1.704507327838405217e+01,2.403181436421236583e+01,1.000000000000000000e+00
5.366942439594805936e-02,8.333125468336429753e-01,1.858562612430979255e-01,-1.622609961998676908e+00,1.928219034920176878e+00,-4.003743708490558717e+00,-3.323335154829813037e-02,2.509146378619859716e-03,1.193116208407968237e+01,2.914573588986518971e+01,1.704507756597918089e+01,2.403182040796572139e+01,0.000000000000000000e+00
5.366950004417665038e-02,8.333127878196856519e-01,1.858563440933117816e-01,-1.622610650555904144e+00,1.928218404224284033e+00,-4.003752281784327849e+00,-3.321947731221390476e-02,2.508321863903494736e-03,1.193116516103426683e+01,2.914574313221370616e+01,1.704508186923136392e+01,2.403182642401663571e+01,0.000000000000000000e+00
5.366957373138721982e-02,8.333130286200246539e-01,1.858564251747537310e-01,-1.622611336946603089e+00,1.928217911800901074e+00,-4.003760778696475064e+00,-3.320581924861768647e-02,2.507497622951939623e-03,1.193116828495639936e+01,2.914575031579195041e+01,1.704508618766196193e+01,2.403183241308641271e+01,0.000000000000000000e+00
5.366964551188399546e-02,8.333132692376495898e-01,1.858565045362699231e-01,-1.622612021225148693e+00,1.928217553754305147e+00,-4.003769201252540988e+00,-3.319237143575352184e-02,2.506673655672422233e-03,1.193117145450044703e+01,2.914575744218156217e+01,1.704509052080564047e+01,2.403183837587639360e+01,0.000000000000000000e+00
5.366971543846552756e-02,8.333135096754689108e-01,1.858565822253519240e-01,-1.622612703444410664e+00,1.928217326297506418e+00,-4.003777551423100434e+00,-3.317912811556326946e-02,2.505849961972202514e-03,1.193117466835812834e+01,2.914576451292036907e+01,1.704509486821001119e+01,2.403184431306851110e+01,0.000000000000000000e+00
5.366978356246648874e-02,8.333137499363124645e-01,1.858566582881746587e-01,-1.622613383655794550e+00,1.928217225749209618e+00,-4.003785831125250994e+00,-3.316608368916035970e-02,2.505026541758574241e-03,1.193117792525747056e+01,2.914577152950359817e+01,1.704509922943526234e+01,2.403185022532582948e+01,0.000000000000000000e+00
5.366984993379825958e-02,8.333139900229332708e-01,1.858567327696329097e-01,-1.622614061909282590e+00,1.928217248530861960e+00,-4.003794042224063432e+00,-3.315323271242909958e-02,2.504203394938862848e-03,1.193118122396180425e+01,2.914577849338505899e+01,1.704510360405381419e+01,2.403185611329307036e+01,0.000000000000000000e+00
5.366991460098843175e-02,8.333142299380097429e-01,1.858568057133768714e-01,-1.622614738253473021e+00,1.928217391163782768e+00,-4.003802186533987673e+00,-3.314056989174529039e-02,2.503380521420427163e-03,1.193118456326878274e+01,2.914578540597828749e+01,1.704510799164998147e+01,2.403186197759711362e+01,0.000000000000000000e+00
5.366997761121918009e-02,8.333144696841476851e-01,1.858568771618466509e-01,-1.622615412735618934e+00,1.928217650266373928e+00,-4.003810265820225922e+00,-3.312809007981559750e-02,2.502557921110658539e-03,1.193118794200943000e+01,2.914579226865766870e+01,1.704511239181963234e+01,2.403186781884749124e+01,0.000000000000000000e+00
5.367003901036459385e-02,8.333147092638822917e-01,1.858569471563057962e-01,-1.622616085401665353e+00,1.928218022551407840e+00,-4.003818281800067602e+00,-3.311578827163166178e-02,2.501735593916980423e-03,1.193119135904721517e+01,2.914579908275952036e+01,1.704511680416987929e+01,2.403187363763688111e+01,0.000000000000000000e+00
5.367009884302695322e-02,8.333149486796801453e-01,1.858570157368739928e-01,-1.622616756296285212e+00,1.928218504823392410e+00,-4.003826236144184314e+00,-3.310365960053639200e-02,2.500913539746849219e-03,1.193119481327714837e+01,2.914580584958314091e+01,1.704512122831875942e+01,2.403187943454155473e+01,0.000000000000000000e+00
5.367015715257200670e-02,8.333151879339411039e-01,1.858570829425587601e-01,-1.622617425462914875e+00,1.928219093976007770e+00,-4.003834130477895492e+00,-3.309169933439862210e-02,2.500091758507754294e-03,1.193119830362490674e+01,2.914581257039184692e+01,1.704512566389493244e+01,2.403188521012184609e+01,0.000000000000000000e+00
5.367021398116327002e-02,8.333154270289997445e-01,1.858571488112867598e-01,-1.622618092943788559e+00,1.928219786989617379e+00,-4.003841966382396755e+00,-3.307990287189394030e-02,2.499270250107216672e-03,1.193120182904598714e+01,2.914581924641396427e+01,1.704513011053738580e+01,2.403189096492258869e+01,0.000000000000000000e+00
5.367026936979537449e-02,8.333156659671278055e-01,1.858572133799323844e-01,-1.622618758779971637e+00,1.928220580928846406e+00,-4.003849745395956283e+00,-3.306826573888831111e-02,2.498449014452790769e-03,1.193120538852487300e+01,2.914582587884379450e+01,1.704513456789515047e+01,2.403189669947354190e+01,0.000000000000000000e+00
5.367032335832648549e-02,8.333159047505354078e-01,1.858572766843483437e-01,-1.622619423011393058e+00,1.928221472940228720e+00,-4.003857469015075665e+00,-3.305678358492133984e-02,2.497628051452063531e-03,1.193120898107423145e+01,2.914583246884256695e+01,1.704513903562701316e+01,2.403190241428981011e+01,0.000000000000000000e+00
5.367037598550980504e-02,8.333161433813729424e-01,1.858573387593935033e-01,-1.622620085676876434e+00,1.928222460249920500e+00,-4.003865138695625880e+00,-3.304545217978717420e-02,2.496807361012653992e-03,1.193121260573413345e+01,2.914583901753934825e+01,1.704514351340125700e+01,2.403190810987225134e+01,0.000000000000000000e+00
5.367042728902424870e-02,8.333163818617322915e-01,1.858573996389609739e-01,-1.622620746814171566e+00,1.928223540161476457e+00,-4.003872755853945975e+00,-3.303426741020980967e-02,2.495986943042213715e-03,1.193121626157129000e+01,2.914584552603193757e+01,1.704514800089538440e+01,2.403191378670787159e+01,0.000000000000000000e+00
5.367047730550420642e-02,8.333166201936492712e-01,1.858574593560033961e-01,-1.622621406459983096e+00,1.928224710053688895e+00,-4.003880321867915981e+00,-3.302322527661038370e-02,2.495166797448427221e-03,1.193121994767831495e+01,2.914585199538773352e+01,1.704515249779587194e+01,2.403191944527020141e+01,0.000000000000000000e+00
5.367052607056854024e-02,8.333168583791042971e-01,1.858575179425610568e-01,-1.622622064650000695e+00,1.928225967378487171e+00,-4.003887838077998751e+00,-3.301232188996373884e-02,2.494346924139011559e-03,1.193122366317300376e+01,2.914585842664456905e+01,1.704515700379791809e+01,2.403192508601967958e+01,0.000000000000000000e+00
5.367057361884871453e-02,8.333170964200246056e-01,1.858575754297850380e-01,-1.622622721418926162e+00,1.928227309658896216e+00,-4.003895305788256920e+00,-3.300155346874201340e-02,2.493527323021715435e-03,1.193122740719763719e+01,2.914586482081154273e+01,1.704516151860519813e+01,2.403193070940400489e+01,0.000000000000000000e+00
5.367061998401620460e-02,8.333173343182849191e-01,1.858576318479641110e-01,-1.622623376800501616e+00,1.928228734487051232e+00,-4.003902726267337009e+00,-3.299091633594260220e-02,2.492707994004321383e-03,1.193123117891830098e+01,2.914587117886980749e+01,1.704516604192962959e+01,2.403193631585850198e+01,0.000000000000000000e+00
5.367066519880910741e-02,8.333175720757097782e-01,1.858576872265463864e-01,-1.622624030827535480e+00,1.928230239522268796e+00,-4.003910100749432210e+00,-3.298040691619859993e-02,2.491888936994643595e-03,1.193123497752422502e+01,2.914587750177334513e+01,1.704517057349114495e+01,2.403194190580644829e+01,0.000000000000000000e+00
5.367070929505802362e-02,8.333178096940739854e-01,1.858577415941648769e-01,-1.622624683531928902e+00,1.928231822489171465e+00,-4.003917430435215863e+00,-3.297002173296858379e-02,2.491070151900528357e-03,1.193123880222714206e+01,2.914588379044972299e+01,1.704517511301746424e+01,2.403194747965942213e+01,0.000000000000000000e+00
5.367075230371122496e-02,8.333180471751049367e-01,1.858577949786578420e-01,-1.622625334944700626e+00,1.928233481175864572e+00,-4.003924716492750946e+00,-3.295975740580495139e-02,2.490251638629855345e-03,1.193124265226066072e+01,2.914589004580082232e+01,1.704517966024388542e+01,2.403195303781761893e+01,0.000000000000000000e+00
5.367079425485912075e-02,8.333182845204829547e-01,1.858578474070931297e-01,-1.622625985096011192e+00,1.928235213432164752e+00,-4.003931960058374706e+00,-3.294961064769653947e-02,2.489433397090536331e-03,1.193124652687965970e+01,2.914589626870355588e+01,1.704518421491307123e+01,2.403195858067016744e+01,0.000000000000000000e+00
5.367083517775803753e-02,8.333185217318432869e-01,1.858578989057877995e-01,-1.622626634015187586e+00,1.928237017167876877e+00,-4.003939162237559302e+00,-3.293957826248641862e-02,2.488615427190515178e-03,1.193125042535969982e+01,2.914590246001055363e+01,1.704518877677484312e+01,2.403196410859543519e+01,0.000000000000000000e+00
5.367087510085336022e-02,8.333187588107771049e-01,1.858579495003288562e-01,-1.622627281730745441e+00,1.928238890351120727e+00,-4.003946324105750243e+00,-3.292965714235937535e-02,2.487797728837768275e-03,1.193125434699644849e+01,2.914590862055083420e+01,1.704519334558597876e+01,2.403196962196132702e+01,0.000000000000000000e+00
5.367091405180200725e-02,8.333189957588325036e-01,1.858579992155953986e-01,-1.622627928270411912e+00,1.928240831006702072e+00,-4.003953446709179076e+00,-3.291984426539979608e-02,2.486980301940304536e-03,1.193125829110512193e+01,2.914591475113046570e+01,1.704519792111003085e+01,2.403197512112557988e+01,0.000000000000000000e+00
5.367095205749428805e-02,8.333192325775160558e-01,1.858580480757763831e-01,-1.622628573661147877e+00,1.928242837214532157e+00,-4.003960531065657413e+00,-3.291013669321718460e-02,2.486163146406165404e-03,1.193126225701993981e+01,2.914592085253320164e+01,1.704520250311712459e+01,2.403198060643603995e+01,0.000000000000000000e+00
5.367098914407517768e-02,8.333194692682938109e-01,1.858580961043896640e-01,-1.622629217929168366e+00,1.928244907108088491e+00,-4.003967578165348762e+00,-3.290053156863666228e-02,2.485346262143424845e-03,1.193126624409360304e+01,2.914592692552109199e+01,1.704520709138378365e+01,2.403198607823093624e+01,0.000000000000000000e+00
5.367102533696496702e-02,8.333197058325919615e-01,1.858581433243026715e-01,-1.622629861099963877e+00,1.928247038872920927e+00,-4.003974588971518145e+00,-3.289102611345377791e-02,2.484529649060188486e-03,1.193127025169677680e+01,2.914593297083509071e+01,1.704521168569274892e+01,2.403199153683914346e+01,0.000000000000000000e+00
5.367106066087935778e-02,8.333199422717987304e-01,1.858581897577484265e-01,-1.622630503198320362e+00,1.928249230745198162e+00,-4.003981564421262185e+00,-3.288161762625150392e-02,2.483713307064594911e-03,1.193127427921759676e+01,2.914593898919564197e+01,1.704521628583281156e+01,2.403199698258044847e+01,0.000000000000000000e+00
5.367109513984899549e-02,8.333201785872648149e-01,1.858582354263429715e-01,-1.622631144248338542e+00,1.928251481010295088e+00,-4.003988505426219646e+00,-3.287230348027731647e-02,2.482897236064814800e-03,1.193127832606118055e+01,2.914594498130323785e+01,1.704522089159863896e+01,2.403200241576580254e+01,0.000000000000000000e+00
5.367112879723847513e-02,8.333204147803046080e-01,1.858582803511047987e-01,-1.622631784273453448e+00,1.928253788001420110e+00,-4.003995412873262438e+00,-3.286308112137870802e-02,2.482081435969050922e-03,1.193128239164915527e+01,2.914595094783898688e+01,1.704522550279061122e+01,2.403200783669755225e+01,0.000000000000000000e+00
5.367116165576478470e-02,8.333206508521970868e-01,1.858583245524691729e-01,-1.622632423296451964e+00,1.928256150098279997e+00,-4.004002287625167966e+00,-3.285394806599676448e-02,2.481265906685539008e-03,1.193128647541920451e+01,2.914595688946513619e+01,1.704523011921466491e+01,2.403201324566969888e+01,0.000000000000000000e+00
5.367119373751528394e-02,8.333208868041869222e-01,1.858583680503050339e-01,-1.622633061339491700e+00,1.928258565725782914e+00,-4.004009130521272830e+00,-3.284490189921408093e-02,2.480450648122546446e-03,1.193129057682462069e+01,2.914596280682560447e+01,1.704523474068214028e+01,2.403201864296810797e+01,0.000000000000000000e+00
5.367122506396513476e-02,8.333211226374855896e-01,1.858584108639298182e-01,-1.622633698424117865e+00,1.928261033352776765e+00,-4.004015942378110537e+00,-3.283594027285730715e-02,2.479635660188373586e-03,1.193129469533386811e+01,2.914596870054648647e+01,1.704523936700962849e+01,2.403202402887075095e+01,0.000000000000000000e+00
5.367125565599430159e-02,8.333213583532717017e-01,1.858584530121272782e-01,-1.622634334571280590e+00,1.928263551490823291e+00,-4.004022723990029675e+00,-3.282706090365175577e-02,2.478820942791352434e-03,1.193129883043016903e+01,2.914597457123654323e+01,1.704524399801882595e+01,2.403202940364791473e+01,0.000000000000000000e+00
5.367128553390403817e-02,8.333215939526924521e-01,1.858584945131598332e-01,-1.622634969801350913e+00,1.928266118693006570e+00,-4.004029476129796095e+00,-3.281826157142767736e-02,2.478006495839847959e-03,1.193130298161108982e+01,2.914598041948768881e+01,1.704524863353638864e+01,2.403203476756241841e+01,0.000000000000000000e+00
5.367131471743291637e-02,8.333218294368641699e-01,1.858585353847837796e-01,-1.622635604134137655e+00,1.928268733552774616e+00,-4.004036199549179109e+00,-3.280954011737539228e-02,2.477192319242256351e-03,1.193130714838814477e+01,2.914598624587545217e+01,1.704525327339380780e+01,2.403204012086981933e+01,0.000000000000000000e+00
5.367134322577245265e-02,8.333220648068733194e-01,1.858585756442633352e-01,-1.622636237588902297e+00,1.928271394702813168e+00,-4.004042894979523481e+00,-3.280089444234914053e-02,2.476378412907006762e-03,1.193131133028640711e+01,2.914599205095943191e+01,1.704525791742725715e+01,2.403204546381861206e+01,0.000000000000000000e+00
5.367137107758225556e-02,8.333223000637773881e-01,1.858586153083834069e-01,-1.622636870184374303e+00,1.928274100813950342e+00,-4.004049563132300982e+00,-3.279232250521749853e-02,2.475564776742560872e-03,1.193131552684413421e+01,2.914599783528374033e+01,1.704526256547747920e+01,2.403205079665042732e+01,0.000000000000000000e+00
5.367139829100477100e-02,8.333225352086053306e-01,1.858586543934655499e-01,-1.622637501938766214e+00,1.928276850594093483e+00,-4.004056204699652177e+00,-3.278382232125952311e-02,2.474751410657411582e-03,1.193131973761240161e+01,2.914600359937743335e+01,1.704526721738965023e+01,2.403205611960021670e+01,0.000000000000000000e+00
5.367142488367963871e-02,8.333227702423586791e-01,1.858586929153781264e-01,-1.622638132869787420e+00,1.928279642787194437e+00,-4.004062820354912233e+00,-3.277539196060547111e-02,2.473938314560084756e-03,1.193132396215474955e+01,2.914600934375491903e+01,1.704527187301325242e+01,2.403206143289644814e+01,0.000000000000000000e+00
5.367145087275759785e-02,8.333230051660122095e-01,1.858587308895497947e-01,-1.622638762994658590e+00,1.928282476172243687e+00,-4.004069410753118952e+00,-3.276702954672047752e-02,2.473125488359138782e-03,1.193132820004683303e+01,2.914601506891637328e+01,1.704527653220196726e+01,2.403206673676126925e+01,0.000000000000000000e+00
5.367147627491406642e-02,8.333232399805147184e-01,1.858587683309816663e-01,-1.622639392330124997e+00,1.928285349562293582e+00,-4.004075976531512815e+00,-3.275873325492987403e-02,2.472312931963163273e-03,1.193133245087608962e+01,2.914602077534813063e+01,1.704528119481355120e+01,2.403207203141069925e+01,0.000000000000000000e+00
5.367150110636231125e-02,8.333234746867894671e-01,1.858588052542591296e-01,-1.622640020892469837e+00,1.928288261803507542e+00,-4.004082518310018379e+00,-3.275050131098570377e-02,2.471500645280780371e-03,1.193133671424141262e+01,2.914602646352306436e+01,1.704528586070971841e+01,2.403207731705478878e+01,0.000000000000000000e+00
5.367152538286625724e-02,8.333237092857352923e-01,1.858588416735634519e-01,-1.622640648697526666e+00,1.928291211774236569e+00,-4.004089036691715897e+00,-3.274233198967249625e-02,2.470688628220644740e-03,1.193134098975282775e+01,2.914603213390096670e+01,1.704529052975603776e+01,2.403208259389778689e+01,0.000000000000000000e+00
5.367154911975292875e-02,8.333239437782269388e-01,1.858588776026828815e-01,-1.622641275760692503e+00,1.928294198384121749e+00,-4.004095532263298729e+00,-3.273422361345197651e-02,2.469876880691442705e-03,1.193134527703119119e+01,2.914603778692890401e+01,1.704529520182182623e+01,2.403208786213830095e+01,0.000000000000000000e+00
5.367157233192458576e-02,8.333241781651160585e-01,1.858589130550225010e-01,-1.622641902096939148e+00,1.928297220573220949e+00,-4.004102005595517433e+00,-3.272617455114484181e-02,2.469065402601893118e-03,1.193134957570788579e+01,2.914604342304157569e+01,1.704529987678003877e+01,2.403209312196945291e+01,0.000000000000000000e+00
5.367159503387049224e-02,8.333244124472313219e-01,1.858589480436181329e-01,-1.622642527720825845e+00,1.928300277311160382e+00,-4.004108457243614083e+00,-3.271818321664893975e-02,2.468254193860746921e-03,1.193135388542452979e+01,2.914604904266165164e+01,1.704530455450717241e+01,2.403209837357903567e+01,0.000000000000000000e+00
5.367161723967834447e-02,8.333246466253795282e-01,1.858589825811433061e-01,-1.622643152646509712e+00,1.928303367596310380e+00,-4.004114887747744156e+00,-3.271024806769368826e-02,2.467443254376786715e-03,1.193135820583269080e+01,2.914605464620010267e+01,1.704530923488316674e+01,2.403210361714965515e+01,0.000000000000000000e+00
5.367163896304542187e-02,8.333248807003458269e-01,1.858590166799203580e-01,-1.622643776887757960e+00,1.928306490454983368e+00,-4.004121297633385090e+00,-3.270236760462810061e-02,2.466632584058827630e-03,1.193136253659361579e+01,2.914606023405653801e+01,1.704531391779130445e+01,2.403210885285887599e+01,0.000000000000000000e+00
5.367166021728940473e-02,8.333251146728948289e-01,1.858590503519302051e-01,-1.622644400457957881e+00,1.928309644940654488e+00,-4.004127687411735970e+00,-3.269454036924249185e-02,2.465822182815716884e-03,1.193136687737795576e+01,2.914606580661950730e+01,1.704531860311812608e+01,2.403211408087936363e+01,0.000000000000000000e+00
5.367168101535889357e-02,8.333253485437706054e-01,1.858590836088218068e-01,-1.622645023370127504e+00,1.928312830133203759e+00,-4.004134057580106543e+00,-3.268676494362297846e-02,2.465012050556333791e-03,1.193137122786550997e+01,2.914607136426680967e+01,1.704532329075333408e+01,2.403211930137901575e+01,0.000000000000000000e+00
5.367170136984363710e-02,8.333255823136975771e-01,1.858591164619212976e-01,-1.622645645636926481e+00,1.928316045138180002e+00,-4.004140408622291147e+00,-3.267903994903732789e-02,2.464202187189588888e-03,1.193137558774496831e+01,2.914607690736579571e+01,1.704532798058970400e+01,2.403212451452109022e+01,0.000000000000000000e+00
5.367172129298448252e-02,8.333258159833810685e-01,1.858591489222410076e-01,-1.622646267270664966e+00,1.928319289086084742e+00,-4.004146741008940857e+00,-3.267136404485193601e-02,2.463392592624426107e-03,1.193137995671366802e+01,2.914608243627365525e+01,1.704533267252300277e+01,2.403212972046435070e+01,0.000000000000000000e+00
5.367174079668305536e-02,8.333260495535075307e-01,1.858591810004881495e-01,-1.622646888283314270e+00,1.928322561131676105e+00,-4.004153055197916977e+00,-3.266373592747850996e-02,2.462583266769820603e-03,1.193138433447735025e+01,2.914608795133769448e+01,1.704533736645190345e+01,2.403213491936316970e+01,0.000000000000000000e+00
5.367175989251113388e-02,8.333262830247454289e-01,1.858592127070732292e-01,-1.622647508686515749e+00,1.928325860453292684e+00,-4.004159351634640096e+00,-3.265615432935001228e-02,2.461774209534779625e-03,1.193138872074993095e+01,2.914609345289561304e+01,1.704534206227790705e+01,2.403214011136766359e+01,0.000000000000000000e+00
5.367177859171982923e-02,8.333265163977453538e-01,1.858592440521183164e-01,-1.622648128491589903e+00,1.928329186252195404e+00,-4.004165630752428484e+00,-3.264861801792481866e-02,2.460965420828342513e-03,1.193139311525327173e+01,2.914609894127577405e+01,1.704534675990526083e+01,2.403214529662380983e+01,0.000000000000000000e+00
5.367179690524844643e-02,8.333267496731410207e-01,1.858592750454650389e-01,-1.622648747709545702e+00,1.928332537751928699e+00,-4.004171892972825830e+00,-3.264112579471851322e-02,2.460156900559580702e-03,1.193139751771695956e+01,2.914610441679745634e+01,1.704535145924088724e+01,2.403215047527355352e+01,0.000000000000000000e+00
5.367181484373313716e-02,8.333269828515494915e-01,1.858593056966808821e-01,-1.622649366351088585e+00,1.928335914197698786e+00,-4.004178138705923651e+00,-3.263367649436216961e-02,2.459348648637598150e-03,1.193140192787809539e+01,2.914610987977110668e+01,1.704535616019429867e+01,2.403215564745492827e+01,0.000000000000000000e+00
5.367183241751529582e-02,8.333272159335710638e-01,1.858593360150710694e-01,-1.622649984426629555e+00,1.928339314855769260e+00,-4.004184368350670375e+00,-3.262626898368682637e-02,2.458540664971529607e-03,1.193140634548107926e+01,2.914611533049859204e+01,1.704536086267754058e+01,2.403216081330215559e+01,0.000000000000000000e+00
5.367184963664974051e-02,8.333274489197906032e-01,1.858593660096816147e-01,-1.622650601946292515e+00,1.928342739012874452e+00,-4.004190582295175105e+00,-3.261890216083387223e-02,2.457732949470542352e-03,1.193141077027741481e+01,2.914612076927343054e+01,1.704536556660510982e+01,2.403216597294576218e+01,0.000000000000000000e+00
5.367186651091265109e-02,8.333276818107774320e-01,1.858593956893078991e-01,-1.622651218919923366e+00,1.928346185975648330e+00,-4.004196780917001597e+00,-3.261157495438914145e-02,2.456925502043835318e-03,1.193141520202550865e+01,2.914612619638101876e+01,1.704537027189388709e+01,2.403217112651266874e+01,0.000000000000000000e+00
5.367188304980927832e-02,8.333279146070861065e-01,1.858594250625016653e-01,-1.622651835357096450e+00,1.928349655070069613e+00,-4.004202964583456037e+00,-3.260428632254122605e-02,2.456118322600640402e-03,1.193141964049048021e+01,2.914613161209886982e+01,1.704537497846307659e+01,2.403217627412630009e+01,0.000000000000000000e+00
5.367189926258147253e-02,8.333281473092565284e-01,1.858594541375776787e-01,-1.622652451267123208e+00,1.928353145640921751e+00,-4.004209133651866814e+00,-3.259703525226316512e-02,2.455311411050220289e-03,1.193142408544397526e+01,2.914613701669681589e+01,1.704537968623414201e+01,2.403218141590667756e+01,0.000000000000000000e+00
5.367191515821497644e-02,8.333283799178144990e-01,1.858594829226203338e-01,-1.622653066659058396e+00,1.928356657051269352e+00,-4.004215288469851863e+00,-3.258982075851679650e-02,2.454504767301870193e-03,1.193142853666398473e+01,2.914614241043723553e+01,1.704538439513073556e+01,2.403218655197051135e+01,0.000000000000000000e+00
5.367193074544652359e-02,8.333286124332720535e-01,1.858595114254900649e-01,-1.622653681541708304e+00,1.928360188681947696e+00,-4.004221429375587782e+00,-3.258264188347882728e-02,2.453698391264916984e-03,1.193143299393466883e+01,2.914614779357525265e+01,1.704538910507864458e+01,2.403219168243129999e+01,0.000000000000000000e+00
5.367194603277074261e-02,8.333288448561277928e-01,1.858595396538295363e-01,-1.622654295923636525e+00,1.928363739931067800e+00,-4.004227556698062074e+00,-3.257549769578866466e-02,2.452892282848719626e-03,1.193143745704618475e+01,2.914615316635893194e+01,1.704539381600573122e+01,2.403219680739940856e+01,0.000000000000000000e+00
5.367196102844685318e-02,8.333290771868673286e-01,1.858595676150696374e-01,-1.622654909813171731e+00,1.928367310213533914e+00,-4.004233670757326280e+00,-3.256838728981673731e-02,2.452086441962668742e-03,1.193144192579452145e+01,2.914615852902948845e+01,1.704539852784187204e+01,2.403220192698216451e+01,0.000000000000000000e+00
5.367197574050521641e-02,8.333293094259637268e-01,1.858595953164354220e-01,-1.622655523218413443e+00,1.928370898960575897e+00,-4.004239771864737563e+00,-3.256130978495316158e-02,2.451280868516187046e-03,1.193144639998133982e+01,2.914616388182146878e+01,1.704540324051890110e+01,2.403220704128393592e+01,0.000000000000000000e+00
5.367199017675365613e-02,8.333295415738776191e-01,1.858596227649517707e-01,-1.622656136147238692e+00,1.928374505619293577e+00,-4.004245860323194961e+00,-3.255426432491621141e-02,2.450475562418728478e-03,1.193145087941381277e+01,2.914616922496293583e+01,1.704540795397056030e+01,2.403221215040621672e+01,0.000000000000000000e+00
5.367200434478363452e-02,8.333297736310576465e-01,1.858596499674489422e-01,-1.622656748607308019e+00,1.928378129652214445e+00,-4.004251936427369429e+00,-3.254725007707959250e-02,2.449670523579779938e-03,1.193145536390447425e+01,2.914617455867564644e+01,1.704541266813244604e+01,2.403221725444770485e+01,0.000000000000000000e+00
5.367201825197624732e-02,8.333300055979407928e-01,1.858596769305679852e-01,-1.622657360606071686e+00,1.928381770536863105e+00,-4.004258000463928546e+00,-3.254026623181859035e-02,2.448865751908859550e-03,1.193145985327106651e+01,2.914617988317523256e+01,1.704541738294194886e+01,2.403222235350438041e+01,0.000000000000000000e+00
5.367203190550805941e-02,8.333302374749528285e-01,1.858597036607659569e-01,-1.622657972150775230e+00,1.928385427765343385e+00,-4.004264052711752342e+00,-3.253331200187417616e-02,2.448061247315517098e-03,1.193146434733640149e+01,2.914618519867136825e+01,1.704542209833822142e+01,2.403222744766958030e+01,0.000000000000000000e+00
5.367204531235676701e-02,8.333304692625084220e-01,1.858597301643210298e-01,-1.622658583248465458e+00,1.928389100843932003e+00,-4.004270093442147349e+00,-3.252638662173475831e-02,2.447257009709334456e-03,1.193146884592821699e+01,2.914619050536793310e+01,1.704542681426211104e+01,2.403223253703406925e+01,0.000000000000000000e+00
5.367205847930670709e-02,8.333307009610115834e-01,1.858597564473374875e-01,-1.622659193905996000e+00,1.928392789292682652e+00,-4.004276122919051772e+00,-3.251948934703490640e-02,2.446453038999924726e-03,1.193147334887903810e+01,2.914619580346316852e+01,1.704543153065612060e+01,2.403223762168611799e+01,0.000000000000000000e+00
5.367207141295422118e-02,8.333309325708558868e-01,1.858597825157504435e-01,-1.622659804130031969e+00,1.928396492645042759e+00,-4.004282141399234440e+00,-3.251261945397082576e-02,2.445649335096933535e-03,1.193147785602605104e+01,2.914620109314984830e+01,1.704543624746436592e+01,2.403224270171156363e+01,0.000000000000000000e+00
5.367208411971287341e-02,8.333311640924248032e-01,1.858598083753306707e-01,-1.622660413927055956e+00,1.928400210447479113e+00,-4.004288149132491981e+00,-3.250577623873180527e-02,2.444845897910038167e-03,1.193148236721096644e+01,2.914620637461541364e+01,1.704544096463252600e+01,2.403224777719388427e+01,0.000000000000000000e+00
5.367209660581850200e-02,8.333313955260918116e-01,1.858598340316890141e-01,-1.622661023303372918e+00,1.928403942259115267e+00,-4.004294146361836226e+00,-3.249895901694771494e-02,2.444042727348947133e-03,1.193148688227989673e+01,2.914621164804213294e+01,1.704544568210780042e+01,2.403225284821425944e+01,0.000000000000000000e+00
5.367210887733415287e-02,8.333316268722208431e-01,1.858598594902809431e-01,-1.622661632265114839e+00,1.928407687651378932e+00,-4.004300133323681621e+00,-3.249216712315138034e-02,2.443239823323401470e-03,1.193149140108323714e+01,2.914621691360723688e+01,1.704545039983887023e+01,2.403225791485163398e+01,0.000000000000000000e+00
5.367212094015486046e-02,8.333318581311666140e-01,1.858598847564107981e-01,-1.622662240818245616e+00,1.928411446207658475e+00,-4.004306110248021078e+00,-3.248539991025616719e-02,2.442437185743173440e-03,1.193149592347554311e+01,2.914622217148306049e+01,1.704545511777584821e+01,2.403226297718278559e+01,0.000000000000000000e+00
5.367213280001231074e-02,8.333320893032747367e-01,1.858599098352359535e-01,-1.622662848968565941e+00,1.928415217522969405e+00,-4.004312077358604505e+00,-3.247865674904773514e-02,2.441634814518066961e-03,1.193150044931541665e+01,2.914622742183718174e+01,1.704545983587025404e+01,2.403226803528237454e+01,0.000000000000000000e+00
5.367214446247937920e-02,8.333323203888819419e-01,1.858599347317709261e-01,-1.622663456721717301e+00,1.928419001203630412e+00,-4.004318034873105780e+00,-3.247193702769003709e-02,2.440832709557918048e-03,1.193150497846539260e+01,2.914623266483254937e+01,1.704546455407496097e+01,2.403227308922301475e+01,0.000000000000000000e+00
5.367215593297450932e-02,8.333325513883163005e-01,1.858599594508913710e-01,-1.622664064083187307e+00,1.928422796866947841e+00,-4.004323983003288845e+00,-3.246524015124479384e-02,2.440030870772593938e-03,1.193150951079183208e+01,2.914623790062761444e+01,1.704546927234416387e+01,2.403227813907531996e+01,0.000000000000000000e+00
5.367216721676600771e-02,8.333327823018977787e-01,1.858599839973378298e-01,-1.622664671058312802e+00,1.928426604140909717e+00,-4.004329921955169347e+00,-3.245856554120447185e-02,2.439229298071994394e-03,1.193151404616481237e+01,2.914624312937645456e+01,1.704547399063334367e+01,2.403228318490796056e+01,0.000000000000000000e+00
5.367217831897620056e-02,8.333330131299380161e-01,1.858600083757195875e-01,-1.622665277652285187e+00,1.928430422663887756e+00,-4.004335851929169188e+00,-3.245191263503802159e-02,2.438427991366049971e-03,1.193151858445802738e+01,2.914624835122889124e+01,1.704547870889922834e+01,2.403228822678772758e+01,0.000000000000000000e+00
5.367218924458547896e-02,8.333332438727408809e-01,1.858600325905182538e-01,-1.622665883870153536e+00,1.928434252084347600e+00,-4.004341773120271064e+00,-3.244528088574915453e-02,2.437626950564722884e-03,1.193152312554868821e+01,2.914625356633061415e+01,1.704548342709976794e+01,2.403229326477957528e+01,0.000000000000000000e+00
5.367219999843623329e-02,8.333334745306024693e-01,1.858600566460912595e-01,-1.622666489716828808e+00,1.928438092060568154e+00,-4.004347685718164129e+00,-3.243866976144699210e-02,2.436826175578007438e-03,1.193152766931742192e+01,2.914625877482328775e+01,1.704548814519408140e+01,2.403229829894666736e+01,0.000000000000000000e+00
5.367221058523667654e-02,8.333337051038114396e-01,1.858600805466753825e-01,-1.622667095197088072e+00,1.928441942260366915e+00,-4.004353589907388766e+00,-3.243207874492835818e-02,2.436025666315930031e-03,1.193153221564817912e+01,2.914626397684466852e+01,1.704549286314244583e+01,2.403230332935044089e+01,0.000000000000000000e+00
5.367222100956457048e-02,8.333339355926495662e-01,1.858601042963875793e-01,-1.622667700315577832e+00,1.928445802360834627e+00,-4.004359485867478696e+00,-3.242550733327172890e-02,2.435225422688547855e-03,1.193153676442814337e+01,2.914626917252870797e+01,1.704549758090625033e+01,2.403230835605063831e+01,0.000000000000000000e+00
5.367223127587083392e-02,8.333341659973908522e-01,1.858601278992356165e-01,-1.622668305076817807e+00,1.928449672048076380e+00,-4.004365373773095094e+00,-3.241895503744199325e-02,2.434425444605949757e-03,1.193154131554763531e+01,2.914627436200566990e+01,1.704550229844797116e+01,2.403231337910537135e+01,0.000000000000000000e+00
5.367224138848305376e-02,8.333343963183027503e-01,1.858601513591138510e-01,-1.622668909485204036e+00,1.928453551016960921e+00,-4.004371253794158036e+00,-3.241242138190755795e-02,2.433625731978256244e-03,1.193154586890003266e+01,2.914627954540221566e+01,1.704550701573113614e+01,2.403231839857115304e+01,0.000000000000000000e+00
5.367225135160891974e-02,8.333346265556461629e-01,1.858601746798088372e-01,-1.622669513545012876e+00,1.928457438970875737e+00,-4.004377126095977957e+00,-3.240590590426648682e-02,2.432826284715620350e-03,1.193155042438168145e+01,2.914628472284151783e+01,1.704551173272029985e+01,2.403232341450294385e+01,0.000000000000000000e+00
5.367226116933952046e-02,8.333348567096753312e-01,1.858601978650022135e-01,-1.622670117260404110e+00,1.928461335621489914e+00,-4.004382990839379985e+00,-3.239940815488361048e-02,2.432027102728225466e-03,1.193155498189181607e+01,2.914628989444335261e+01,1.704551644938101518e+01,2.403232842695419791e+01,0.000000000000000000e+00
5.367227084565259071e-02,8.333350867806381679e-01,1.858602209182736720e-01,-1.622670720635424058e+00,1.928465240688522764e+00,-4.004388848180826521e+00,-3.239292769653757953e-02,2.431228185926287075e-03,1.193155954133247931e+01,2.914629506032418860e+01,1.704552116567980491e+01,2.403233343597690563e+01,0.000000000000000000e+00
5.367228038441566179e-02,8.333353167687765906e-01,1.858602438431037618e-01,-1.622671323674008681e+00,1.928469153899520006e+00,-4.004394698272535358e+00,-3.238646410407752807e-02,2.430429534220052319e-03,1.193156410260844069e+01,2.914630022059728276e+01,1.704552588158413684e+01,2.403233844162163280e+01,0.000000000000000000e+00
5.367228978938910072e-02,8.333355466743264106e-01,1.858602666428766648e-01,-1.622671926379986918e+00,1.928473074989635050e+00,-4.004400541262595148e+00,-3.238001696408965291e-02,2.429631147519799566e-03,1.193156866562712359e+01,2.914630537537277277e+01,1.704553059706238827e+01,2.403234344393755606e+01,0.000000000000000000e+00
5.367229906422908703e-02,8.333357764975176663e-01,1.858602893208828044e-01,-1.622672528757083343e+00,1.928477003701416947e+00,-4.004406377295078201e+00,-3.237358587457245251e-02,2.428833025735838841e-03,1.193157323029853245e+01,2.914631052475776229e+01,1.704553531208383532e+01,2.403234844297250561e+01,0.000000000000000000e+00
5.367230821249049932e-02,8.333360062385747336e-01,1.858603118803215104e-01,-1.622673130808921504e+00,1.928480939784604331e+00,-4.004412206510149730e+00,-3.236717044462140980e-02,2.428035168778511829e-03,1.193157779653517991e+01,2.914631566885639558e+01,1.704554002661861745e+01,2.403235343877300423e+01,0.000000000000000000e+00
5.367231723762971862e-02,8.333362358977165485e-01,1.858603343243034889e-01,-1.622673732539026137e+00,1.928484882995924909e+00,-4.004418029044173544e+00,-3.236077029412217504e-02,2.427237576558191872e-03,1.193158236425201935e+01,2.914632080776994982e+01,1.704554474063771252e+01,2.403235843138429928e+01,0.000000000000000000e+00
5.367232614300736226e-02,8.333364654751566070e-01,1.858603566558532927e-01,-1.622674333950826275e+00,1.928488833098900734e+00,-4.004423845029815965e+00,-3.235438505345221427e-02,2.426440248985283540e-03,1.193158693336637199e+01,2.914632594159690981e+01,1.704554945411292266e+01,2.403236342085040178e+01,0.000000000000000000e+00
5.367233493189093457e-02,8.333366949711032978e-01,1.858603788779117916e-01,-1.622674935047657918e+00,1.928492789863658574e+00,-4.004429654596147081e+00,-3.234801436319088841e-02,2.425643185970223058e-03,1.193159150379786837e+01,2.914633107043305316e+01,1.704555416701684578e+01,2.403236840721411482e+01,0.000000000000000000e+00
5.367234360745741506e-02,8.333369243857597919e-01,1.858604009933383372e-01,-1.622675535832766469e+00,1.928496753066745617e+00,-4.004435457868737558e+00,-3.234165787383723456e-02,2.424846387423477880e-03,1.193159607546837719e+01,2.914633619437151069e+01,1.704555887932285430e+01,2.403237339051707266e+01,0.000000000000000000e+00
5.367235217279576337e-02,8.333371537193244860e-01,1.858604230049131500e-01,-1.622676136309308959e+00,1.928500722490950947e+00,-4.004441254969754560e+00,-3.233531524553593522e-02,2.424049853255546682e-03,1.193160064830194855e+01,2.914634131350285529e+01,1.704556359100506668e+01,2.403237837079977268e+01,0.000000000000000000e+00
5.367236063090934789e-02,8.333373829719910031e-01,1.858604449153394567e-01,-1.622676736480357373e+00,1.928504697925131239e+00,-4.004447046018053236e+00,-3.232898614781051783e-02,2.423253583376960233e-03,1.193160522222475173e+01,2.914634642791515873e+01,1.704556830203834394e+01,2.403238334810160381e+01,0.000000000000000000e+00
5.367236898471833273e-02,8.333376121439481921e-01,1.858604667272456268e-01,-1.622677336348899990e+00,1.928508679164041562e+00,-4.004452831129269086e+00,-3.232267025930406906e-02,2.422457577698280528e-03,1.193160979716501657e+01,2.914635153769407339e+01,1.704557301239824696e+01,2.403238832246087853e+01,0.000000000000000000e+00
5.367237723706197450e-02,8.333378412353803499e-01,1.858604884431872550e-01,-1.622677935917844483e+00,1.928512666008170839e+00,-4.004458610415903230e+00,-3.231636726752724897e-02,2.421661836130100786e-03,1.193161437305297490e+01,2.914635664292288908e+01,1.704557772206104005e+01,2.403239329391486123e+01,0.000000000000000000e+00
5.367238539070087744e-02,8.333380702464675549e-01,1.858605100656491871e-01,-1.622678535190019700e+00,1.928516658263582428e+00,-4.004464383987409448e+00,-3.231007686861297329e-02,2.420866358583045885e-03,1.193161894982080540e+01,2.914636174368260768e+01,1.704558243100364834e+01,2.403239826249980382e+01,0.000000000000000000e+00
5.367239344831915143e-02,8.333382991773854442e-01,1.858605315970474625e-01,-1.622679134168177884e+00,1.928520655741758238e+00,-4.004470151950275891e+00,-3.230379876707824977e-02,2.420071144967772363e-03,1.193162352740258392e+01,2.914636684005199996e+01,1.704558713920366131e+01,2.403240322825096342e+01,0.000000000000000000e+00
5.367240141252654917e-02,8.333385280283055474e-01,1.858605530397312300e-01,-1.622679732854997114e+00,1.928524658259447744e+00,-4.004475914408106796e+00,-3.229753267559214852e-02,2.419276195194967113e-03,1.193162810573422483e+01,2.914637193210766597e+01,1.704559184663929727e+01,2.403240819120263794e+01,0.000000000000000000e+00
5.367240928586052007e-02,8.333387567993953970e-01,1.858605743959846068e-01,-1.622680331253082864e+00,1.928528665638521433e+00,-4.004481671461699754e+00,-3.229127831475070431e-02,2.418481509175349556e-03,1.193163268475343308e+01,2.914637701992410612e+01,1.704559655328939272e+01,2.403241315138818734e+01,0.000000000000000000e+00
5.367241707078821561e-02,8.333389854908185290e-01,1.858605956680284832e-01,-1.622680929364970659e+00,1.928532677705827814e+00,-4.004487423209122987e+00,-3.228503541285749484e-02,2.417687086819669904e-03,1.193163726439965266e+01,2.914638210357376380e+01,1.704560125913338808e+01,2.403241810884006924e+01,0.000000000000000000e+00
5.367242476970843917e-02,8.333392141027345934e-01,1.858606168580222151e-01,-1.622681527193127415e+00,1.928536694293054188e+00,-4.004493169745790837e+00,-3.227880370571080404e-02,2.416892928038710028e-03,1.193164184461402400e+01,2.914638718312709287e+01,1.704560596415130647e+01,2.403242306358984948e+01,0.000000000000000000e+00
5.367243238495354035e-02,8.333394426352995765e-01,1.858606379680654563e-01,-1.622682124739953435e+00,1.928540715236592762e+00,-4.004498911164533048e+00,-3.227258293639630182e-02,2.416099032743283023e-03,1.193164642533932707e+01,2.914639225865261096e+01,1.704561066832373939e+01,2.403242801566823772e+01,0.000000000000000000e+00
5.367243991879124682e-02,8.333396710886658010e-01,1.858606590001996572e-01,-1.622682722007784628e+00,1.928544740377408306e+00,-4.004504647555667596e+00,-3.226637285508561492e-02,2.415305400844233209e-03,1.193165100651994592e+01,2.914639733021695278e+01,1.704561537163183260e+01,2.403243296510510518e+01,0.000000000000000000e+00
5.367244737342646843e-02,8.333398994629820367e-01,1.858606799564098411e-01,-1.622683318998893842e+00,1.928548769560911813e+00,-4.004510379007068188e+00,-3.226017321884040723e-02,2.414512032252436134e-03,1.193165558810181892e+01,2.914640239788492337e+01,1.704562007405726476e+01,2.403243791192951306e+01,0.000000000000000000e+00
5.367245475100303198e-02,8.333401277583938338e-01,1.858607008386259918e-01,-1.622683915715493086e+00,1.928552802636835706e+00,-4.004516105604230880e+00,-3.225398379142191407e-02,2.413718926878799000e-03,1.193166017003239432e+01,2.914640746171954433e+01,1.704562477558224032e+01,2.403244285616973386e+01,0.000000000000000000e+00
5.367246205360537425e-02,8.333403559750431899e-01,1.858607216487247471e-01,-1.622684512159734638e+00,1.928556839459113714e+00,-4.004521827430338021e+00,-3.224780434310568072e-02,2.412926084634259803e-03,1.193166475226059475e+01,2.914641252178210351e+01,1.704562947618946822e+01,2.403244779785326557e+01,0.000000000000000000e+00
5.367246928326019351e-02,8.333405841130688829e-01,1.858607423885307863e-01,-1.622685108333713266e+00,1.928560879885763635e+00,-4.004527544566323094e+00,-3.224163465050161603e-02,2.412133505429788632e-03,1.193166933473676750e+01,2.914641757813221190e+01,1.704563417586215124e+01,2.403245273700686369e+01,0.000000000000000000e+00
5.367247644193803152e-02,8.333408121726065820e-01,1.858607630598182459e-01,-1.622685704239467563e+00,1.928564923778773421e+00,-4.004533257090929332e+00,-3.223547449637870210e-02,2.411341189176385933e-03,1.193167391741265426e+01,2.914642263082784268e+01,1.704563887458397176e+01,2.403245767365655894e+01,0.000000000000000000e+00
5.367248353155485568e-02,8.333410401537888479e-01,1.858607836643121902e-01,-1.622686299878981275e+00,1.928568971003990606e+00,-4.004538965080771895e+00,-3.222932366949484567e-02,2.410549135785083810e-03,1.193167850024134502e+01,2.914642767992537387e+01,1.704564357233908112e+01,2.403246260782767152e+01,0.000000000000000000e+00
5.367249055397355084e-02,8.333412680567453545e-01,1.858608042036899444e-01,-1.622686895254185302e+00,1.928573021431014833e+00,-4.004544668610394709e+00,-3.222318196443118427e-02,2.409757345166946025e-03,1.193168308317724424e+01,2.914643272547963804e+01,1.704564826911208542e+01,2.403246753954483239e+01,0.000000000000000000e+00
5.367249751100539729e-02,8.333414958816027784e-01,1.858608246795823704e-01,-1.622687490366958807e+00,1.928577074933092828e+00,-4.004550367752326423e+00,-3.221704918143127039e-02,2.408965817233067134e-03,1.193168766617603538e+01,2.914643776754396498e+01,1.704565296488802417e+01,2.403247246883201171e+01,0.000000000000000000e+00
5.367250440441150711e-02,8.333417236284850205e-01,1.858608450935752554e-01,-1.622688085219130549e+00,1.928581131387017145e+00,-4.004556062577136366e+00,-3.221092512624441906e-02,2.408174551894572916e-03,1.193169224919464178e+01,2.914644280617022432e+01,1.704565765965237034e+01,2.403247739571252950e+01,0.000000000000000000e+00
5.367251123590420503e-02,8.333419512975132060e-01,1.858608654472104771e-01,-1.622688679812480883e+00,1.928585190673027139e+00,-4.004561753153486947e+00,-3.220480960997346848e-02,2.407383549062619942e-03,1.193169683219119648e+01,2.914644784140885747e+01,1.704566235339101610e+01,2.403248232020906983e+01,0.000000000000000000e+00
5.367251800714838844e-02,8.333421788888057957e-01,1.858608857419872529e-01,-1.622689274148742644e+00,1.928589252674712817e+00,-4.004567439548185170e+00,-3.219870244892680117e-02,2.406592808648397308e-03,1.193170141512500315e+01,2.914645287330892387e+01,1.704566704609025507e+01,2.403248724234370570e+01,0.000000000000000000e+00
5.367252471976283190e-02,8.333424064024786970e-01,1.858609059793632778e-01,-1.622689868229602261e+00,1.928593317278921582e+00,-4.004573121826234150e+00,-3.219260346447462562e-02,2.405802330563124036e-03,1.193170599795651121e+01,2.914645790191814356e+01,1.704567173773677524e+01,2.403249216213790973e+01,0.000000000000000000e+00
5.367253137532147084e-02,8.333426338386451526e-01,1.858609261607559737e-01,-1.622690462056701310e+00,1.928597384375666968e+00,-4.004578800050882847e+00,-3.218651248290862327e-02,2.405012114718050806e-03,1.193171058064727674e+01,2.914646292728292565e+01,1.704567642831764829e+01,2.403249707961258252e+01,0.000000000000000000e+00
5.367253797535465054e-02,8.333428611974161848e-01,1.858609462875435159e-01,-1.622691055631638068e+00,1.928601453858041159e+00,-4.004584474283672257e+00,-3.218042933530633476e-02,2.404222161024459521e-03,1.193171516315993586e+01,2.914646794944840735e+01,1.704568111782031892e+01,2.403250199478805271e+01,0.000000000000000000e+00
5.367254452135031967e-02,8.333430884789001514e-01,1.858609663610659157e-01,-1.622691648955968180e+00,1.928605525622128614e+00,-4.004590144584482481e+00,-3.217435385739861320e-02,2.403432469393663312e-03,1.193171974545817449e+01,2.914647296845849311e+01,1.704568580623259422e+01,2.403250690768410180e+01,0.000000000000000000e+00
5.367255101475521678e-02,8.333433156832034117e-01,1.858609863826261865e-01,-1.622692242031205989e+00,1.928609599566922572e+00,-4.004595811011578022e+00,-3.216828588944091460e-02,2.402643039737006100e-03,1.193172432750669820e+01,2.914647798435588300e+01,1.704569049354262944e+01,2.403251181831998196e+01,0.000000000000000000e+00
5.367255745697601527e-02,8.333435428104297715e-01,1.858610063534912038e-01,-1.622692834858825872e+00,1.928613675594244237e+00,-4.004601473621651309e+00,-3.216222527608843251e-02,2.401853871965863030e-03,1.193172890927120555e+01,2.914648299718211177e+01,1.704569517973892445e+01,2.403251672671442307e+01,0.000000000000000000e+00
5.367256384938041969e-02,8.333437698606809274e-01,1.858610262748928710e-01,-1.622693427440263125e+00,1.928617753608663721e+00,-4.004607132469867103e+00,-3.215617186627432733e-02,2.401064965991640907e-03,1.193173349071835609e+01,2.914648800697757736e+01,1.704569986481031663e+01,2.403252163288565058e+01,0.000000000000000000e+00
5.367257019329825518e-02,8.333439968340564663e-01,1.858610461480289799e-01,-1.622694019776915075e+00,1.928621833517423667e+00,-4.004612787609902469e+00,-3.215012551309138350e-02,2.400276321725776894e-03,1.193173807181575086e+01,2.914649301378157276e+01,1.704570454874595953e+01,2.403252653685139961e+01,0.000000000000000000e+00
5.367257649002251524e-02,8.333442237306539768e-01,1.858610659740642101e-01,-1.622694611870142412e+00,1.928625915230364640e+00,-4.004618439093986737e+00,-3.214408607367728182e-02,2.399487939079739812e-03,1.193174265253190036e+01,2.914649801763231807e+01,1.704570923153532291e+01,2.403253143862892927e+01,0.000000000000000000e+00
5.367258274081038866e-02,8.333444505505688271e-01,1.858610857541309891e-01,-1.622695203721270074e+00,1.928629998659852296e+00,-4.004624086972944141e+00,-3.213805340910245306e-02,2.398699817965028840e-03,1.193174723283620153e+01,2.914650301856698889e+01,1.704571391316818563e+01,2.403253633823503677e+01,0.000000000000000000e+00
5.367258894688423793e-02,8.333446772938946090e-01,1.858611054893304637e-01,-1.622695795331587698e+00,1.928634083720707659e+00,-4.004629731296227568e+00,-3.213202738426159527e-02,2.397911958293175248e-03,1.193175181269891283e+01,2.914650801662174118e+01,1.704571859363462139e+01,2.403254123568606815e+01,0.000000000000000000e+00
5.367259510943257067e-02,8.333449039607228048e-01,1.858611251807333054e-01,-1.622696386702351612e+00,1.928638170330138291e+00,-4.004635372111959413e+00,-3.212600786776782791e-02,2.397124359975740665e-03,1.193175639209113115e+01,2.914651301183175036e+01,1.704572327292499168e+01,2.403254613099792536e+01,0.000000000000000000e+00
5.367260122961098334e-02,8.333451305511432317e-01,1.858611448293805979e-01,-1.622696977834784615e+00,1.928642258407671672e+00,-4.004641009466967105e+00,-3.211999473184990600e-02,2.396337022924317946e-03,1.193176097098476873e+01,2.914651800423123262e+01,1.704572795102994220e+01,2.403255102418609113e+01,0.000000000000000000e+00
5.367260730854307715e-02,8.333453570652438192e-01,1.858611644362846149e-01,-1.622697568730077977e+00,1.928646347875090816e+00,-4.004646643406815976e+00,-3.211398785225231395e-02,2.395549947050531168e-03,1.193176554935252831e+01,2.914652299385346268e+01,1.704573262794038868e+01,2.403255591526563251e+01,0.000000000000000000e+00
5.367261334732131850e-02,8.333455835031108316e-01,1.858611840024296524e-01,-1.622698159389391437e+00,1.928650438656370980e+00,-4.004652273975848331e+00,-3.210798710813795448e-02,2.394763132266035637e-03,1.193177012716788354e+01,2.914652798073081641e+01,1.704573730364751682e+01,2.403256080425121155e+01,0.000000000000000000e+00
5.367261934700794102e-02,8.333458098648285350e-01,1.858612035287727504e-01,-1.622698749813854757e+00,1.928654530677619050e+00,-4.004657901217210991e+00,-3.210199238199383520e-02,2.393976578482516580e-03,1.193177470440505594e+01,2.914653296489478507e+01,1.704574197814276815e+01,2.403256569115710306e+01,0.000000000000000000e+00
5.367262530863574355e-02,8.333460361504798630e-01,1.858612230162445533e-01,-1.622699340004568169e+00,1.928658623867013810e+00,-4.004663525172893479e+00,-3.209600355953899642e-02,2.393190285611691316e-03,1.193177928103899532e+01,2.914653794637600015e+01,1.704574665141783285e+01,2.403257057599719460e+01,0.000000000000000000e+00
5.367263123320893670e-02,8.333462623601459729e-01,1.858612424657499484e-01,-1.622699929962603038e+00,1.928662718154748212e+00,-4.004669145883754666e+00,-3.209002052963523532e-02,2.392404253565307958e-03,1.193178385704536026e+01,2.914654292520426182e+01,1.704575132346464628e+01,2.403257545878500778e+01,0.000000000000000000e+00
5.367263712170391998e-02,8.333464884939064676e-01,1.858612618781687875e-01,-1.622700519689003418e+00,1.928666813472973196e+00,-4.004674763389557413e+00,-3.208404318420027268e-02,2.391618482255145409e-03,1.193178843240049503e+01,2.914654790140855667e+01,1.704575599427538535e+01,2.403258033953369832e+01,0.000000000000000000e+00
5.367264297507005899e-02,8.333467145518392849e-01,1.858612812543566084e-01,-1.622701109184785828e+00,1.928670909755742846e+00,-4.004680377728996099e+00,-3.207807141812305668e-02,2.390832971593013362e-03,1.193179300708141710e+01,2.914655287501708614e+01,1.704576066384245081e+01,2.403258521825608085e+01,0.000000000000000000e+00
5.367264879423042784e-02,8.333469405340211411e-01,1.858613005951453290e-01,-1.622701698450940588e+00,1.928675006938962211e+00,-4.004685988939725938e+00,-3.207210512918193951e-02,2.390047721490752737e-03,1.193179758106579058e+01,2.914655784605728428e+01,1.704576533215847434e+01,2.403259009496462539e+01,0.000000000000000000e+00
5.367265458008253776e-02,8.333471664405270873e-01,1.858613199013438577e-01,-1.622702287488432482e+00,1.928679104960334456e+00,-4.004691597058392283e+00,-3.206614421796448455e-02,2.389262731860235245e-03,1.193180215433191194e+01,2.914656281455583553e+01,1.704576999921630431e+01,2.403259496967146802e+01,0.000000000000000000e+00
5.367266033349905180e-02,8.333473922714308424e-01,1.858613391737387599e-01,-1.622702876298201424e+00,1.928683203759312015e+00,-4.004697202120658162e+00,-3.206018858779008385e-02,2.388478002613364255e-03,1.193180672685869581e+01,2.914656778053870667e+01,1.704577466500899874e+01,2.403259984238842861e+01,0.000000000000000000e+00
5.367266605532847873e-02,8.333476180268047928e-01,1.858613584130948126e-01,-1.622703464881163349e+00,1.928687303277046849e+00,-4.004702804161229146e+00,-3.205423814463420618e-02,2.387693533662073059e-03,1.193181129862565193e+01,2.914657274403115395e+01,1.704577932952982167e+01,2.403260471312701085e+01,0.000000000000000000e+00
5.367267174639582528e-02,8.333478437067199929e-01,1.858613776201557266e-01,-1.622704053238210209e+00,1.928691403456343378e+00,-4.004708403213880885e+00,-3.204829279705510153e-02,2.386909324918326178e-03,1.193181586961287266e+01,2.914657770505775147e+01,1.704578399277223966e+01,2.403260958189841290e+01,0.000000000000000000e+00
5.367267740750325533e-02,8.333480693112460536e-01,1.858613967956446456e-01,-1.622704641370211531e+00,1.928695504241612513e+00,-4.004713999311484862e+00,-3.204235245612235827e-02,2.386125376294119353e-03,1.193182043980101525e+01,2.914658266364240902e+01,1.704578865472991467e+01,2.403261444871353802e+01,0.000000000000000000e+00
5.367268303943072832e-02,8.333482948404514756e-01,1.858614159402647015e-01,-1.622705229278014416e+00,1.928699605578826803e+00,-4.004719592486033264e+00,-3.203641703534744478e-02,2.385341687701479120e-03,1.193182500917128586e+01,2.914658761980838264e+01,1.704579331539669340e+01,2.403261931358300174e+01,0.000000000000000000e+00
5.367268864293660985e-02,8.333485202944035386e-01,1.858614350546996252e-01,-1.622705816962444203e+00,1.928703707415476920e+00,-4.004725182768660297e+00,-3.203048645061622179e-02,2.384558259052462371e-03,1.193182957770542529e+01,2.914659257357830313e+01,1.704579797476661440e+01,2.403262417651714244e+01,0.000000000000000000e+00
5.367269421875827534e-02,8.333487456731681897e-01,1.858614541396142739e-01,-1.622706404424305360e+00,1.928707809700529019e+00,-4.004730770189667943e+00,-3.202456062012336291e-02,2.383775090259157223e-03,1.193183414538569487e+01,2.914659752497419021e+01,1.704580263283388675e+01,2.403262903752602497e+01,0.000000000000000000e+00
5.367269976761267908e-02,8.333489709768103770e-01,1.858614731956551303e-01,-1.622706991664382148e+00,1.928711912384384330e+00,-4.004736354778548169e+00,-3.201863946430855146e-02,2.382992181233683018e-03,1.193183871219485859e+01,2.914660247401746673e+01,1.704580728959290070e+01,2.403263389661945126e+01,0.000000000000000000e+00
5.367270529019693009e-02,8.333491962053937163e-01,1.858614922234508304e-01,-1.622707578683438623e+00,1.928716015418838525e+00,-4.004741936564006011e+00,-3.201272290579407209e-02,2.382209531888189458e-03,1.193184327811617429e+01,2.914660742072897293e+01,1.704581194503821351e+01,2.403263875380696035e+01,0.000000000000000000e+00
5.367271078718884036e-02,8.333494213589810462e-01,1.858615112236126077e-01,-1.622708165482219522e+00,1.928720118757042856e+00,-4.004747515573977346e+00,-3.200681086932498365e-02,2.381427142134857032e-03,1.193184784313337587e+01,2.914661236512899478e+01,1.704581659916454583e+01,2.403264360909784969e+01,0.000000000000000000e+00
5.367271625924746603e-02,8.333496464376337620e-01,1.858615301967348754e-01,-1.622708752061450932e+00,1.928724222353466633e+00,-4.004753091835654644e+00,-3.200090328171012466e-02,2.380645011885897458e-03,1.193185240723065910e+01,2.914661730723726052e+01,1.704582125196678177e+01,2.403264846250116449e+01,0.000000000000000000e+00
5.367272170701360701e-02,8.333498714414124819e-01,1.858615491433956157e-01,-1.622709338421840730e+00,1.928728326163860141e+00,-4.004758665375503845e+00,-3.199500007176507566e-02,2.379863141053553243e-03,1.193185697039267623e+01,2.914662224707297611e+01,1.704582590343995463e+01,2.403265331402572258e+01,0.000000000000000000e+00
5.367272713111034127e-02,8.333500963703767139e-01,1.858615680641568513e-01,-1.622709924564079031e+00,1.928732430145219556e+00,-4.004764236219284790e+00,-3.198910117025675209e-02,2.379081529550097253e-03,1.193186153260451299e+01,2.914662718465482172e+01,1.704583055357925403e+01,2.403265816368010732e+01,0.000000000000000000e+00
5.367273253214348977e-02,8.333503212245850778e-01,1.858615869595650893e-01,-1.622710510488838409e+00,1.928736534255751645e+00,-4.004769804392071642e+00,-3.198320650984951691e-02,2.378300177287833144e-03,1.193186609385168495e+01,2.914663212000098369e+01,1.704583520238001526e+01,2.403266301147267825e+01,0.000000000000000000e+00
5.367273791070210909e-02,8.333505460040950830e-01,1.858616058301517382e-01,-1.622711096196774783e+00,1.928740638454840006e+00,-4.004775369918270655e+00,-3.197731602505245879e-02,2.377519084179095799e-03,1.193187065412012160e+01,2.914663705312915098e+01,1.704583984983771927e+01,2.403266785741157818e+01,0.000000000000000000e+00
5.367274326735896328e-02,8.333507707089634620e-01,1.858616246764335789e-01,-1.622711681688527863e+00,1.928744742703012660e+00,-4.004780932821638828e+00,-3.197142965216877297e-02,2.376738250136250889e-03,1.193187521339615564e+01,2.914664198405654005e+01,1.704584449594798201e+01,2.403267270150474033e+01,0.000000000000000000e+00
5.367274860267094716e-02,8.333509953392459479e-01,1.858616434989130983e-01,-1.622712266964721595e+00,1.928748846961909624e+00,-4.004786493125300773e+00,-3.196554732924584280e-02,2.375957675071694447e-03,1.193187977166651237e+01,2.914664691279990549e+01,1.704584914070655444e+01,2.403267754375989185e+01,0.000000000000000000e+00
5.367275391717955119e-02,8.333512198949973859e-01,1.858616622980789335e-01,-1.622712852025964159e+00,1.928752951194252496e+00,-4.004792050851765595e+00,-3.195966899602725730e-02,2.375177358897853294e-03,1.193188432891829898e+01,2.914665183937555071e+01,1.704585378410932250e+01,2.403268238418455738e+01,0.000000000000000000e+00
5.367275921141129169e-02,8.333514443762718438e-01,1.858616810744062320e-01,-1.622713436872848858e+00,1.928757055363813588e+00,-4.004797606022946432e+00,-3.195379459390567528e-02,2.374397301527185044e-03,1.193188888513899037e+01,2.914665676379934567e+01,1.704585842615229652e+01,2.403268722278606973e+01,0.000000000000000000e+00
5.367276448587809945e-02,8.333516687831223901e-01,1.858616998283570410e-01,-1.622714021505954340e+00,1.928761159435387507e+00,-4.004803158660172890e+00,-3.194792406587747269e-02,2.373617502872178101e-03,1.193189344031642563e+01,2.914666168608673402e+01,1.704586306683161467e+01,2.403269205957157340e+01,0.000000000000000000e+00
5.367276974107774989e-02,8.333518931156015386e-01,1.858617185603806676e-01,-1.622714605925845266e+00,1.928765263374761618e+00,-4.004808708784210580e+00,-3.194205735649818800e-02,2.372837962845351662e-03,1.193189799443879018e+01,2.914666660625274375e+01,1.704586770614353242e+01,2.403269689454802815e+01,0.000000000000000000e+00
5.367277497749423781e-02,8.333521173737608034e-01,1.858617372709140403e-01,-1.622715190133072305e+00,1.928769367148689406e+00,-4.004814256415272666e+00,-3.193619441183967456e-02,2.372058681359255281e-03,1.193190254749461410e+01,2.914667152431200137e+01,1.704587234408442242e+01,2.403270172772221969e+01,0.000000000000000000e+00
5.367278019559817287e-02,8.333523415576510329e-01,1.858617559603820135e-01,-1.622715774128172805e+00,1.928773470724862937e+00,-4.004819801573038518e+00,-3.193033517944798144e-02,2.371279658326469735e-03,1.193190709947275607e+01,2.914667644027874616e+01,1.704587698065077461e+01,2.403270655910075249e+01,0.000000000000000000e+00
5.367278539584714042e-02,8.333525656673222981e-01,1.858617746291977291e-01,-1.622716357911671237e+00,1.928777574071886658e+00,-4.004825344276666144e+00,-3.192447960830259446e-02,2.370500893659605729e-03,1.193191165036239809e+01,2.914668135416683370e+01,1.704588161583918904e+01,2.403271138869006762e+01,0.000000000000000000e+00
5.367279057868606928e-02,8.333527897028240039e-01,1.858617932777629767e-01,-1.622716941484078967e+00,1.928781677159252084e+00,-4.004830884544807290e+00,-3.191862764877698155e-02,2.369722387271305623e-03,1.193191620015303478e+01,2.914668626598975365e+01,1.704588624964637233e+01,2.403271621649643919e+01,0.000000000000000000e+00
5.367279574454757868e-02,8.333530136642047781e-01,1.858618119064684437e-01,-1.622717524845895376e+00,1.928785779957313373e+00,-4.004836422395619877e+00,-3.191277925259992237e-02,2.368944139074241270e-03,1.193192074883446452e+01,2.914669117576063329e+01,1.704589088206913772e+01,2.403272104252598496e+01,0.000000000000000000e+00
5.367280089385232517e-02,8.333532375515124713e-01,1.858618305156940487e-01,-1.622718107997607628e+00,1.928789882437262904e+00,-4.004841957846783096e+00,-3.190693437281798966e-02,2.368166148981116180e-03,1.193192529639678234e+01,2.914669608349225172e+01,1.704589551310439788e+01,2.403272586678466283e+01,0.000000000000000000e+00
5.367280602700931491e-02,8.333534613647944900e-01,1.858618491058092459e-01,-1.622718690939691344e+00,1.928793984571107734e+00,-4.004847490915510733e+00,-3.190109296375931436e-02,2.367388416904663787e-03,1.193192984283037283e+01,2.914670098919705055e+01,1.704590014274916498e+01,2.403273068927828504e+01,0.000000000000000000e+00
5.367281114441625756e-02,8.333536851040974636e-01,1.858618676771733036e-01,-1.622719273672610818e+00,1.928798086331647399e+00,-4.004853021618560938e+00,-3.189525498099791273e-02,2.366610942757648318e-03,1.193193438812589768e+01,2.914670589288714098e+01,1.704590477100055068e+01,2.403273551001251462e+01,0.000000000000000000e+00
5.367281624645985072e-02,8.333539087694674663e-01,1.858618862301356367e-01,-1.622719856196819244e+00,1.928802187692451486e+00,-4.004858549972251325e+00,-3.188942038131950540e-02,2.365833726452864789e-03,1.193193893227429037e+01,2.914671079457431091e+01,1.704590939785575543e+01,2.403274032899287249e+01,0.000000000000000000e+00
5.367282133351609918e-02,8.333541323609497953e-01,1.858619047650360012e-01,-1.622720438512759156e+00,1.928806288627838095e+00,-4.004864075992471406e+00,-3.188358912268778045e-02,2.365056767903138575e-03,1.193194347526675081e+01,2.914671569427003561e+01,1.704591402331207561e+01,2.403274514622474101e+01,0.000000000000000000e+00
5.367282640595061327e-02,8.333543558785893035e-01,1.858619232822047995e-01,-1.622721020620862875e+00,1.928810389112853185e+00,-4.004869599694691473e+00,-3.187776116421206507e-02,2.364280067021325843e-03,1.193194801709473474e+01,2.914672059198549192e+01,1.704591864736689288e+01,2.403274996171336397e+01,0.000000000000000000e+00
5.367283146411888639e-02,8.333545793224302889e-01,1.858619417819633302e-01,-1.622721602521552065e+00,1.928814489123250375e+00,-4.004875121093976809e+00,-3.187193646611531650e-02,2.363503623720313550e-03,1.193195255774995012e+01,2.914672548773155825e+01,1.704592327001767771e+01,2.403275477546386085e+01,0.000000000000000000e+00
5.367283650836659342e-02,8.333548026925162722e-01,1.858619602646240654e-01,-1.622722184215239061e+00,1.928818588635470954e+00,-4.004880640204996567e+00,-3.186611498970372269e-02,2.362727437913018577e-03,1.193195709722434472e+01,2.914673038151882523e+01,1.704592789126198227e+01,2.403275958748121965e+01,0.000000000000000000e+00
5.367284153902983357e-02,8.333550259888904410e-01,1.858619787304909010e-01,-1.622722765702326209e+00,1.928822687626624566e+00,-4.004886157042036210e+00,-3.186029669733650427e-02,2.361951509512388598e-03,1.193196163551010436e+01,2.914673527335760639e+01,1.704593251109744045e+01,2.403276439777030404e+01,0.000000000000000000e+00
5.367284655643542873e-02,8.333552492115953170e-01,1.858619971798593229e-01,-1.622723346983206971e+00,1.928826786074471222e+00,-4.004891671619007276e+00,-3.185448155239690993e-02,2.361175838431402076e-03,1.193196617259964576e+01,2.914674016325794526e+01,1.704593712952176787e+01,2.403276920633585689e+01,0.000000000000000000e+00
5.367285156090115944e-02,8.333554723606729775e-01,1.858620156130167123e-01,-1.622723928058265264e+00,1.928830883957402209e+00,-4.004897183949457151e+00,-3.184866951926386414e-02,2.360400424583067834e-03,1.193197070848560593e+01,2.914674505122961889e+01,1.704594174653275118e+01,2.403277401318250739e+01,0.000000000000000000e+00
5.367285655273602157e-02,8.333556954361650559e-01,1.858620340302425678e-01,-1.622724508927876563e+00,1.928834981254423431e+00,-4.004902694046579725e+00,-3.184286056328444747e-02,2.359625267880425051e-03,1.193197524316084213e+01,2.914674993728214858e+01,1.704594636212825876e+01,2.403277881831476748e+01,0.000000000000000000e+00
5.367286153224046924e-02,8.333559184381125196e-01,1.858620524318086720e-01,-1.622725089592407688e+00,1.928839077945137870e+00,-4.004908201923225164e+00,-3.183705465074715413e-02,2.358850368236543264e-03,1.193197977661842302e+01,2.914675482142481044e+01,1.704595097630622647e+01,2.403278362173703897e+01,0.000000000000000000e+00
5.367286649970664375e-02,8.333561413665558915e-01,1.858620708179793413e-01,-1.622725670052217017e+00,1.928843174009728711e+00,-4.004913707591907901e+00,-3.183125174885584330e-02,2.358075725564523235e-03,1.193198430885161976e+01,2.914675970366663194e+01,1.704595558906466479e+01,2.403278842345361710e+01,0.000000000000000000e+00
5.367287145541862342e-02,8.333563642215353617e-01,1.858620891890116478e-01,-1.622726250307654938e+00,1.928847269428943578e+00,-4.004919211064817297e+00,-3.182545182570452325e-02,2.357301339777495650e-03,1.193198883985390424e+01,2.914676458401640602e+01,1.704596020040164817e+01,2.403279322346869407e+01,0.000000000000000000e+00
5.367287639965263174e-02,8.333565870030905653e-01,1.858621075451555582e-01,-1.622726830359063843e+00,1.928851364184078321e+00,-4.004924712353824745e+00,-3.181965485025253781e-02,2.356527210788621554e-03,1.193199336961894375e+01,2.914676946248270184e+01,1.704596481031532207e+01,2.403279802178635549e+01,0.000000000000000000e+00
5.367288133267725941e-02,8.333568097112606932e-01,1.858621258866542392e-01,-1.622727410206778798e+00,1.928855458256962141e+00,-4.004930211470496104e+00,-3.181386079230092562e-02,2.355753338511092781e-03,1.193199789814059208e+01,2.914677433907386117e+01,1.704596941880389593e+01,2.403280281841058752e+01,0.000000000000000000e+00
5.367288625475367253e-02,8.333570323460846030e-01,1.858621442137441127e-01,-1.622727989851126873e+00,1.928859551629942715e+00,-4.004935708426094365e+00,-3.180806962246882086e-02,2.354979722858131525e-03,1.193200242541288958e+01,2.914677921379800907e+01,1.704597402586564314e+01,2.403280761334528748e+01,0.000000000000000000e+00
5.367289116613582073e-02,8.333572549076005975e-01,1.858621625266551336e-01,-1.622728569292428480e+00,1.928863644285871537e+00,-4.004941203231592972e+00,-3.180228131217118642e-02,2.354206363742990336e-03,1.193200695143005063e+01,2.914678408666306098e+01,1.704597863149889392e+01,2.403281240659424967e+01,0.000000000000000000e+00
5.367289606707063843e-02,8.333574773958466464e-01,1.858621808256109564e-01,-1.622729148530996479e+00,1.928867736208089934e+00,-4.004946695897681153e+00,-3.179649583359659554e-02,2.353433261078951688e-03,1.193201147618646729e+01,2.914678895767672984e+01,1.704598323570204244e+01,2.403281719816118667e+01,0.000000000000000000e+00
5.367290095779823911e-02,8.333576998108602751e-01,1.858621991108291016e-01,-1.622729727567137292e+00,1.928871827380415294e+00,-4.004952186434771022e+00,-3.179071315968587386e-02,2.352660414779329714e-03,1.193201599967669857e+01,2.914679382684652609e+01,1.704598783847354326e+01,2.403282198804971515e+01,0.000000000000000000e+00
5.367290583855210268e-02,8.333579221526786762e-01,1.858622173825210944e-01,-1.622730306401150457e+00,1.928875917787128191e+00,-4.004957674853008243e+00,-3.178493326411131054e-02,2.351887824757467604e-03,1.193202052189546691e+01,2.914679869417976832e+01,1.704599243981190071e+01,2.403282677626336650e+01,0.000000000000000000e+00
5.367291070955925586e-02,8.333581444213387091e-01,1.858622356408926868e-01,-1.622730885033329074e+00,1.928880007412958841e+00,-4.004963161162276464e+00,-3.177915612125659095e-02,2.351115490926739774e-03,1.193202504283765464e+01,2.914680355968358327e+01,1.704599703971567948e+01,2.403283156280559396e+01,0.000000000000000000e+00
5.367291557104046651e-02,8.333583666168767889e-01,1.858622538861439688e-01,-1.622731463463960022e+00,1.928884096243075108e+00,-4.004968645372204428e+00,-3.177338170619689595e-02,2.350343413200550562e-03,1.193202956249830038e+01,2.914680842336492006e+01,1.704600163818349401e+01,2.403283634767976196e+01,0.000000000000000000e+00
5.367290394659040426e-02,8.333585886228538353e-01,1.858622573403911904e-01,-1.622732025216703899e+00,1.928879295469464239e+00,-4.004958117274136420e+00,-3.177473141911325849e-02,2.349571591492335097e-03,1.193203450581861524e+01,2.914681282200624679e+01,1.704600639306535470e+01,2.403284093475954108e+01,0.000000000000000000e+00
5.367279545736004798e-02,8.333588098710129621e-01,1.858621739108761162e-01,-1.622732489912777742e+00,1.928822241884950106e+00,-4.004853472515678803e+00,-3.181794640475996139e-02,2.348800025715558869e-03,1.193204194583645972e+01,2.914681449583271089e+01,1.704601207441567468e+01,2.403284436725353146e+01,0.000000000000000000e+00
5.367249873710775582e-02,8.333590297152007054e-01,1.858619216500874971e-01,-1.622732766186006037e+00,1.928663625039436003e+00,-4.004565903256738224e+00,-3.194252405267133943e-02,2.348028715783717288e-03,1.193205423896021244e+01,2.914681087616583355e+01,1.704601955754796805e+01,2.403284555757811347e+01,0.000000000000000000e+00
5.367192841298376593e-02,8.333592475514194353e-01,1.858614239860384709e-01,-1.622732768663604830e+00,1.928357280548689046e+00,-4.004012306718109926e+00,-3.218540275735611023e-02,2.347257661610335690e-03,1.193207358702253806e+01,2.914679956282452977e+01,1.704602966035607281e+01,2.403284348949102878e+01,0.000000000000000000e+00
5.367100518254547259e-02,8.333594628184354258e-01,1.858606097913565181e-01,-1.622732418043197677e+00,1.927860119239468206e+00,-4.003115207347121896e+00,-3.258096889778335642e-02,2.346486863108971071e-03,1.193210203529895530e+01,2.914677832629517340e+01,1.704604314258117626e+01,2.403283721901298620e+01,0.000000000000000000e+00
5.366965595301347036e-02,8.333596749988497754e-01,1.858594135082026200e-01,-1.622731641232070920e+00,1.927132054637089587e+00,-4.001802691054161087e+00,-3.316105008842077512e-02,2.345716320193209480e-03,1.193214146892244720e+01,2.914674511165279114e+01,1.704606070448383548e+01,2.403282587609144016e+01,0.000000000000000000e+00
5.366781402916780824e-02,8.333598836205281524e-01,1.858577753168183522e-01,-1.622730371535070493e+00,1.926135928748513804e+00,-4.000008347462245872e+00,-3.395489871274763594e-02,2.344946032776668195e-03,1.193219360804437379e+01,2.914669804385050611e+01,1.704608298505079134e+01,2.403280866684412587e+01,0.000000000000000000e+00
5.366541934037566408e-02,8.333600882583156455e-01,1.858556413391715678e-01,-1.622728548881629429e+00,1.924837435845447420e+00,-3.997671216405649375e+00,-3.498916920773571804e-02,2.344176000772994414e-03,1.193226000198646553e+01,2.914663543410942381e+01,1.704611055982720202e+01,2.403278487626872462e+01,0.000000000000000000e+00
5.366241870123283908e-02,8.333602885359919776e-01,1.858529638727499933e-01,-1.622726120086409596e+00,1.923205043724145247e+00,-3.994735735207464611e+00,-3.628789204608546398e-02,2.343406224095865263e-03,1.193234202252572551e+01,2.914655578725338714e+01,1.704614393842667397e+01,2.403275387135247598e+01,0.000000000000000000e+00
5.365876610413380238e-02,8.333604841284477649e-01,1.858497016529904178e-01,-1.622723039141870993e+00,1.921209911728199549e+00,-3.991151683574934772e+00,-3.787244686368429480e-02,2.342636702658987789e-03,1.193244085635523710e+01,2.914645780994074897e+01,1.704618356173479299e+01,2.403271510456123039e+01,0.000000000000000000e+00
5.365442304577765914e-02,8.333606747640918133e-01,1.858458201461422321e-01,-1.622719267544778798e+00,1.918825804676664193e+00,-3.986874123285664151e+00,-3.976153670152015457e-02,2.341867436376099832e-03,1.193255749666868226e+01,2.914634041984913893e+01,1.704622979878646660e+01,2.403266811773139366e+01,0.000000000000000000e+00
5.364935889324488200e-02,8.333608602275228705e-01,1.858412918776183587e-01,-1.622714774662278980e+00,1.916029001745320981e+00,-3.981863330203340379e+00,-4.197116487122633938e-02,2.341098425160971323e-03,1.193269273372278505e+01,2.914620275597124532e+01,1.704628294326266769e+01,2.403261254643139821e+01,0.000000000000000000e+00
5.364355129895578833e-02,8.333610403625274499e-01,1.858360968041834760e-01,-1.622709538146857922e+00,1.912798199301937618e+00,-3.976084716559914689e+00,-4.451461550815813406e-02,2.340329668927399517e-03,1.193284714413714553e+01,2.914604419028293592e+01,1.704634320951697291e+01,2.403254812490314407e+01,0.000000000000000000e+00
5.363698667768849321e-02,8.333612150754926562e-01,1.858302227417974739e-01,-1.622703544413359289e+00,1.909114406691505117e+00,-3.969508741869887114e+00,-4.740243844234545700e-02,2.339561167589212891e-03,1.193302107859119232e+01,2.914586434115381053e+01,1.704641072800521329e+01,2.403247469173982509e+01,0.000000000000000000e+00
5.362966076305601681e-02,8.333613843393535836e-01,1.858236658647193229e-01,-1.622696789195461786e+00,1.904960833996534708e+00,-3.962110811295487256e+00,-5.064243859360903488e-02,2.338792921060269848e-03,1.193321464746909477e+01,2.914566308898893965e+01,1.704648553995117766e+01,2.403239219650689407e+01,0.000000000000000000e+00
5.362157926560887772e-02,8.333615481982280526e-01,1.858164312957512609e-01,-1.622689278203781837e+00,1.900322770850529697e+00,-3.953871160750267233e+00,-5.423966968143961037e-02,2.338024929254458716e-03,1.193342770388056806e+01,2.914544059472462578e+01,1.704656759103561114e+01,2.403230070756961823e+01,0.000000000000000000e+00
5.361275866025849018e-02,8.333617067729326422e-01,1.858085338124624564e-01,-1.622681027913296159e+00,1.895187455448650082e+00,-3.944774728501873273e+00,-5.819643163289061477e-02,2.337257192085701648e-03,1.193365982334286990e+01,2.914519732195636337e+01,1.704665672384275865e+01,2.403220042145650837e+01,0.000000000000000000e+00
5.360322713726624333e-02,8.333618602676197140e-01,1.857999987001058562e-01,-1.622672066514332156e+00,1.889543932966853967e+00,-3.934811013500103094e+00,-6.251227067366160739e-02,2.336489709467945517e-03,1.193391027924039527e+01,2.914493406366139183e+01,1.704675266873598716e+01,2.403209167416583014e+01,0.000000000000000000e+00
5.359302575892509191e-02,8.333620089778311923e-01,1.857908627890108577e-01,-1.622662435069248232e+00,1.883382902658174540e+00,-3.923973921100846862e+00,-6.718398070043583858e-02,2.335722481315169723e-03,1.193417801297493241e+01,2.914465197469974100e+01,1.704685503275846870e+01,2.403197495491623670e+01,0.000000000000000000e+00
5.358220987366081600e-02,8.333621533003326975e-01,1.857811757228453320e-01,-1.622652188926535732e+00,1.876696552931878204e+00,-3.912261597267491453e+00,-7.220560415863232218e-02,2.334955507541385325e-03,1.193446159747204405e+01,2.914435261154758194e+01,1.704696328606287281e+01,2.403185092295678515e+01,0.000000000000000000e+00
5.357085085108347772e-02,8.333622937451763413e-01,1.857710015147268912e-01,-1.622641399455870159e+00,1.869478383729138438e+00,-3.899676252697244827e+00,-7.756843029175698734e-02,2.334188788060629835e-03,1.193475919240457372e+01,2.914403798104848775e+01,1.704707674526099126e+01,2.403172042819210219e+01,0.000000000000000000e+00
5.355903821613976212e-02,8.333624309505426320e-01,1.857604204612765264e-01,-1.622630156182264027e+00,1.861723015480862831e+00,-3.886223978630531928e+00,-8.326098828983256872e-02,2.333422322786973726e-03,1.193506848911720120e+01,2.914371060037921879e+01,1.704719455294400277e+01,2.403158453655244742e+01,0.000000000000000000e+00
5.354688227873669742e-02,8.333625657010397259e-01,1.857495315010487535e-01,-1.622618569415689604e+00,1.853425983865718329e+00,-3.871914556348996506e+00,-8.926903254942314403e-02,2.332656111634518262e-03,1.193538664276606731e+01,2.914337357093892322e+01,1.704731565244970426e+01,2.403144456125531647e+01,0.000000000000000000e+00
5.353451737802355365e-02,8.333626989503014615e-01,1.857384551242376447e-01,-1.622606773495361754e+00,1.844583519479594313e+00,-3.856761262545429503e+00,-9.557551697316725436e-02,2.331890154517394197e-03,1.193571018859910993e+01,2.914303066951211463e+01,1.704743875673434417e+01,2.403130210137691236e+01,0.000000000000000000e+00
5.352210588920303797e-02,8.333628318489264553e-01,1.857273369662851281e-01,-1.622594930796548818e+00,1.835192311387660924e+00,-3.840780672852520450e+00,-1.021605549930863777e-01,2.331124451349761342e-03,1.193603493856312170e+01,2.914268646086243919e+01,1.704756230993221422e+01,2.403115908949337864e+01,0.000000000000000000e+00
5.350984317690861414e-02,8.333629657790563305e-01,1.857163522504572672e-01,-1.622583236683949437e+00,1.825249253370478719e+00,-3.823992465842906974e+00,-1.090013618166442294e-01,2.330359002045809431e-03,1.193635585349118244e+01,2.914234643693134430e+01,1.704768443983992299e+01,2.403101785058263218e+01,0.000000000000000000e+00
5.349796372486883417e-02,8.333631023972156715e-01,1.857057112854302583e-01,-1.622571925641357771e+00,1.814751171520926576e+00,-3.806419229756581757e+00,-1.160721752962682735e-01,2.329593806519758992e-03,1.193666688494656469e+01,2.914201718910083727e+01,1.704780289912539715e+01,2.403088117492203324e+01,0.000000000000000000e+00
5.348674872933402435e-02,8.333632436874441884e-01,1.856956662757324183e-01,-1.622561278865089607e+00,1.803694531739649776e+00,-3.788086274067314463e+00,-1.233441518583748286e-01,2.328828864685862643e-03,1.193696077931087451e+01,2.914170662160444181e+01,1.704791499250945819e+01,2.403075240840588478e+01,0.000000000000000000e+00
5.347653551672084532e-02,8.333633920272736084e-01,1.856865197683510438e-01,-1.622551633681626804e+00,1.792075125677307756e+00,-3.769021447757022969e+00,-1.307852341712469335e-01,2.328064176458395119e-03,1.193722883482407759e+01,2.914142421622427293e+01,1.704801748647082604e+01,2.403063556457754757e+01,0.000000000000000000e+00
5.346772923797020460e-02,8.333635502697570585e-01,1.856786351413751979e-01,-1.622543395241975661e+00,1.779887733880983092e+00,-3.749254965808022533e+00,-1.383599877991933680e-01,2.327299741751672792e-03,1.193746059991364916e+01,2.914118136100322332e+01,1.704810649714696780e+01,2.403053546376992955e+01,0.000000000000000000e+00
5.346081740774268065e-02,8.333637218455899331e-01,1.856724496442697103e-01,-1.622537051060862323e+00,1.767125765470250354e+00,-3.728819244917749298e+00,-1.460294051638941493e-01,2.326535560480028943e-03,1.193764349817357662e+01,2.914099175895764660e+01,1.704817735100110099e+01,2.403045790613014532e+01,0.000000000000000000e+00
5.345638800090762172e-02,8.333639108904017379e-01,1.856684906288559311e-01,-1.622533189113221086e+00,1.753780874823003932e+00,-3.707748748740640643e+00,-1.537506769883481839e-01,2.325771632557835453e-03,1.193776236164047866e+01,2.914087193684265742e+01,1.704822441145194034e+01,2.403040988703121883e+01,0.000000000000000000e+00
5.345515199715074328e-02,8.333641224035962525e-01,1.856673957700968047e-01,-1.622532520378803245e+00,1.739842557833131576e+00,-3.686079841992713213e+00,-1.614769344499681347e-01,2.325007957899499766e-03,1.193779884942828851e+01,2.914084187905132595e+01,1.704824086296832064e+01,2.403039986551131335e+01,0.000000000000000000e+00
5.345797148162872992e-02,8.333643624467098610e-01,1.856699382705736256e-01,-1.622535906942830675e+00,1.725297733818836221e+00,-3.663850651403873115e+00,-1.691569701365929768e-01,2.324244536419447539e-03,1.193773072320651707e+01,2.914092581785553904e+01,1.704821844207387826e+01,2.403043809898819916e+01,0.000000000000000000e+00
5.346589466776496130e-02,8.333646383911782474e-01,1.856770582741986420e-01,-1.622544397018791829e+00,1.710130324860254625e+00,-3.641100929607195447e+00,-1.767349534948266798e-01,2.323481368032142592e-03,1.193753094438496554e+01,2.914115321849052620e+01,1.704814710226969510e+01,2.403053706060581973e+01,0.000000000000000000e+00
5.348019950418041180e-02,8.333649592276475282e-01,1.856899019802684681e-01,-1.622559268555372913e+00,1.694320853319866371e+00,-3.617871915379838210e+00,-1.841501681095331078e-01,2.322718452652068263e-03,1.193716655029294138e+01,2.914156000596073071e+01,1.704801459710482803e+01,2.403071195914886715e+01,0.000000000000000000e+00
5.350244784649301616e-02,8.333653359514628933e-01,1.857098702351034081e-01,-1.622582083408257159e+00,1.677846092118951749e+00,-3.594206179874062101e+00,-1.913368157492744137e-01,2.321955790193749088e-03,1.193659725850914022e+01,2.914219008949437750e+01,1.704780596265957016e+01,2.403098138534397421e+01,0.000000000000000000e+00
5.353455247957537161e-02,8.333657820415159012e-01,1.857386786523485267e-01,-1.622614754362382339e+00,1.660678823220682165e+00,-3.570147443169272350e+00,-1.982239582973593373e-01,2.321193380571742564e-03,1.193577374077331932e+01,2.914309724928233436e+01,1.704750287792318986e+01,2.403136811213249047e+01,0.000000000000000000e+00
5.357885949108118911e-02,8.333663140517708623e-01,1.857784315066670910e-01,-1.622659627505467217e+00,1.642787790736941034e+00,-3.545740338096297073e+00,-2.047357070343859831e-01,2.320431223700623099e-03,1.193463550257171590e+01,2.914434745639910318e+01,1.704708287969757663e+01,2.403190007927327088e+01,0.000000000000000000e+00
5.363824847999855427e-02,8.333669523356513897e-01,1.858317116312101225e-01,-1.622719582436565222e+00,1.624137980114755297e+00,-3.521030088214069931e+00,-2.107918238479905559e-01,2.319669319494995028e-03,1.193310830524951349e+01,2.914602169664595621e+01,1.704651840914308636e+01,2.403261159275240999e+01,0.000000000000000000e+00
5.371625258187701785e-02,8.333677219214656873e-01,1.859016881003213717e-01,-1.622798152291290652e+00,1.604691418863660735e+00,-3.496062053475285314e+00,-2.163089762945575034e-01,2.318907667869508655e-03,1.193110108093387289e+01,2.914821935542019204e+01,1.704577567237368640e+01,2.403354476398040518e+01,0.000000000000000000e+00
5.381719887856899892e-02,8.333686535494765346e-01,1.859922422129699771e-01,-1.622899664151561172e+00,1.584408782584968645e+00,-3.470881080243051642e+00,-2.212029936118330431e-01,2.318146268738830763e-03,1.192850232771402830e+01,2.915106218166637575e+01,1.704481331175284708e+01,2.403475119762758183e+01,0.000000000000000000e+00
5.394636674754577782e-02,8.333697848636947292e-01,1.861081095931733098e-01,-1.623029397394913254e+00,1.563252207002359340e+00,-3.445530572577673922e+00,-2.253926074627357889e-01,2.317385122017653724e-03,1.192517605120723090e+01,2.915469876524416293e+01,1.704358091438525236e+01,2.403629390206616634e+01,0.000000000000000000e+00
5.411015604229201664e-02,8.333711617172264718e-01,1.862550311479408416e-01,-1.623193751874896451e+00,1.541189852404998284e+00,-3.420051181816729180e+00,-2.288053267983974348e-01,2.316624227620710675e-03,1.192095746599660089e+01,2.915930930411119348e+01,1.704201743984734918e+01,2.403824933026047006e+01,0.000000000000000000e+00
5.431624717121697615e-02,8.333728394892374602e-01,1.864398968167815529e-01,-1.623400407999984862e+00,1.518202930876821677e+00,-3.394478998147811843e+00,-2.313862735147039218e-01,2.315863585462764242e-03,1.191564892531182629e+01,2.916511016303930859e+01,1.704004974483146384e+01,2.404070934351969768e+01,0.000000000000000000e+00
5.457371918042423775e-02,8.333748842112516098e-01,1.866708517349738305e-01,-1.623658444816347357e+00,1.494296055962788694e+00,-3.368843134918099391e+00,-2.331109478089803122e-01,2.315103195458606544e-03,1.190901696037026447e+01,2.917235727819392110e+01,1.703759153667073534e+01,2.404378270189347688e+01,0.000000000000000000e+00
5.489306763471831635e-02,8.333773731452768230e-01,1.869573126300180799e-01,-1.623978357888853141e+00,1.469511833813749391e+00,-3.343162648874443477e+00,-2.340028990847694002e-01,2.314343057523046612e-03,1.190079193805299340e+01,2.918134677868369664e+01,1.703454332087570577e+01,2.404759539586101269e+01,0.000000000000000000e+00
5.528602979077248264e-02,8.333803942324210512e-01,1.873098114994998231e-01,-1.624371884474240524e+00,1.443950435850906322e+00,-3.317442878024989383e+00,-2.341569607546720722e-01,2.313583171570939012e-03,1.189067272727647051e+01,2.919241022891170445e+01,1.703079423347100985e+01,2.405228872271719709e+01,0.000000000000000000e+00
5.576508120593568624e-02,8.333840435358891297e-01,1.877395447100681236e-01,-1.624851500129923298e+00,1.417794210136567479e+00,-3.291671560963817633e+00,-2.337677422864604115e-01,2.312823537517170406e-03,1.187833987241408806e+01,2.920590066675193697e+01,1.702622705418074744e+01,2.405801348498530956e+01,0.000000000000000000e+00
5.634242348790467758e-02,8.333884194677954049e-01,1.882574657337720281e-01,-1.625429406463663184e+00,1.391335771916377029e+00,-3.265815591771963344e+00,-2.331609648442878602e-01,2.312064155276648703e-03,1.186348189498784578e+01,2.922216434000213425e+01,1.702072809900958106e+01,2.406491813598043095e+01,0.000000000000000000e+00
5.702826130115859482e-02,8.333936123281413533e-01,1.888727402448911741e-01,-1.626115808140004226e+00,1.365004866847352449e+00,-3.239819993315550928e+00,-2.328213512185922096e-01,2.311305024764303932e-03,1.184583985827157804e+01,2.924149239321475235e+01,1.701420385421343084e+01,2.407312839727293508e+01,0.000000000000000000e+00
5.782822315267716062e-02,8.333996877855572860e-01,1.895904326884890190e-01,-1.626916333665990866e+00,1.339384082836974743e+00,-3.213611545139011039e+00,-2.334047097719682828e-01,2.310546145895098647e-03,1.182527380971366071e+01,2.926404827786703322e+01,1.700660560830118229e+01,2.408271647927954717e+01,0.000000000000000000e+00
5.874001632460852662e-02,8.334066639921049457e-01,1.904085047389375285e-01,-1.627828690323836147e+00,1.315196614168913980e+00,-3.187109998364901386e+00,-2.357144836650733599e-01,2.309787518584045709e-03,1.180184856804751270e+01,2.928977322399725125e+01,1.699796101384318447e+01,2.409366077820161678e+01,0.000000000000000000e+00
5.974994541381304508e-02,8.334144849663557286e-01,1.913146895475334730e-01,-1.628839182710465128e+00,1.293244330719769630e+00,-3.160248823123933626e+00,-2.406190726433402316e-01,2.309029142746167086e-03,1.177592242418465673e+01,2.931828727336768381e+01,1.698840635205796090e+01,2.410580334549441872e+01,0.000000000000000000e+00
6.083075156897218422e-02,8.334229982503399414e-01,1.922845485557044543e-01,-1.629920551974624265e+00,1.274280854192116230e+00,-3.133003382797423075e+00,-2.488967350275729518e-01,2.308271018296524646e-03,1.174820118673487990e+01,2.934882684930677144e+01,1.697820555122865827e+01,2.411882248481303037e+01,0.000000000000000000e+00
6.194283854069463496e-02,8.334319506986285209e-01,1.932825653823259382e-01,-1.631033201866986637e+00,1.258834668782234045e+00,-3.105417132315421824e+00,-2.610325000835455045e-01,2.307513145150198904e-03,1.171970478400268156e+01,2.938027744879715186e+01,1.696773666361701416e+01,2.413224556918285657e+01,0.000000000000000000e+00
6.304021404529214223e-02,8.334410158970467775e-01,1.942674714685909965e-01,-1.632131140103928901e+00,1.247047852901204790e+00,-3.077610665072432639e+00,-2.770478528273824237e-01,2.306755523222313742e-03,1.169161317688264567e+01,2.941133982390991619e+01,1.695743409099256027e+01,2.414551890980004245e+01,0.000000000000000000e+00
6.407977487879013001e-02,8.334498527367985021e-01,1.952005763374171643e-01,-1.633171263481541180e+00,1.238623355835797968e+00,-3.049763343540135452e+00,-2.964663800737183386e-01,2.305998152428001720e-03,1.166502784745697596e+01,2.944079198341729153e+01,1.694770058981517380e+01,2.415811924105913278e+01,0.000000000000000000e+00
6.502974644127873516e-02,8.334581725589823575e-01,1.960533447253660355e-01,-1.634121797399978426e+00,1.232924466483847903e+00,-3.022074456942948739e+00,-3.184520814955152934e-01,2.305241032682466950e-03,1.164075669014347092e+01,2.946772901554129476e+01,1.693882897151464206e+01,2.416965673417016092e+01,0.000000000000000000e+00
6.587338361722565316e-02,8.334657837421768356e-01,1.968107247441713836e-01,-1.634965996743772632e+00,1.229169863867117574e+00,-2.994724875723716817e+00,-3.420427656712374254e-01,2.304484163900891430e-03,1.161922132925449525e+01,2.949166990104522768e+01,1.693096941326733074e+01,2.417992181703242593e+01,0.000000000000000000e+00
6.660746303338570262e-02,8.334725990905004211e-01,1.974698012025815352e-01,-1.635700638139743646e+00,1.226617657864658151e+00,-2.967855969135228200e+00,-3.663551732266934757e-01,2.303727545998523942e-03,1.160049765508401975e+01,2.951251677465474543e+01,1.692414555279039590e+01,2.418886887694840127e+01,0.000000000000000000e+00
6.723799914013940671e-02,8.334786151187270065e-01,1.980359545434792756e-01,-1.636331736038336260e+00,1.224671566826407654e+00,-2.941567310034554517e+00,-3.906934496542963653e-01,2.302971178890621945e-03,1.158442655404560107e+01,2.953043473104741068e+01,1.691829577390356576e+01,2.419656551118947974e+01,0.000000000000000000e+00
6.777582763363043661e-02,8.334838816978256126e-01,1.985188978622009492e-01,-1.636870126135758996e+00,1.222908426554594419e+00,-2.915924983563866313e+00,-4.145683456136500245e-01,2.302215062492480625e-03,1.157072718180818249e+01,2.954572702286092678e+01,1.691331488461326416e+01,2.420313932005587887e+01,0.000000000000000000e+00
6.823337285605558800e-02,8.334884753058868778e-01,1.989297748852031367e-01,-1.637328232774272863e+00,1.221058847738906383e+00,-2.890972332611499329e+00,-4.376671289056529579e-01,2.301459196719429431e-03,1.155907945350101507e+01,2.955874329797818589e+01,1.690908420517488153e+01,2.420873854630435318e+01,0.000000000000000000e+00
6.862274986828803547e-02,8.334924805885189913e-01,1.992794552851668843e-01,-1.637718171014815871e+00,1.218971233024607415e+00,-2.866738931298491888e+00,-4.598086280540778503e-01,2.300703581486827735e-03,1.154917222934231802e+01,2.956982547759646707e+01,1.690548898731974248e+01,2.421350871961907814e+01,0.000000000000000000e+00
6.895485954614362367e-02,8.334959796785117447e-01,1.995777213172814091e-01,-1.638050841733268204e+00,1.216576306105080496e+00,-2.843246751450536181e+00,-4.809015949261619127e-01,2.299948216710050522e-03,1.154072611680681248e+01,2.957928177966206817e+01,1.690242654745684447e+01,2.421758134901207171e+01,0.000000000000000000e+00
6.923908533479115890e-02,8.334990470136076635e-01,1.998329947335097945e-01,-1.638335628374863351e+00,1.213858626932626361e+00,-2.820513915871018629e+00,-5.009124666703662632e-01,2.299193102304515710e-03,1.153350096266254177e+01,2.958737786448809359e+01,1.689980884293906982e+01,2.422106998421159929e+01,0.000000000000000000e+00
6.948330417502328327e-02,8.335017474915381586e-01,2.000523459601266096e-01,-1.638580407880458223e+00,1.210835941538468630e+00,-2.798556763482555443e+00,-5.198426503948456734e-01,2.298438238185659434e-03,1.152729539137898485e+01,2.959433696214195209e+01,1.689756218759190531e+01,2.422407016592906359e+01,0.000000000000000000e+00
6.969403682739339079e-02,8.335041364236521755e-01,2.002416286149728275e-01,-1.638791701010670732e+00,1.207545085210578462e+00,-2.777390851962061813e+00,-5.377134237102031422e-01,2.297683624268962929e-03,1.152194284307798888e+01,2.960034401360180922e+01,1.689562572649775163e+01,2.422666113018208023e+01,0.000000000000000000e+00
6.987664323900377727e-02,8.335062603377338952e-01,2.004056546104673875e-01,-1.638974867712667649e+00,1.204032736526426950e+00,-2.757031334043180237e+00,-5.545563124598147375e-01,2.296929260469926948e-03,1.151730650497492192e+01,2.960555113342223521e+01,1.689394953443552794e+01,2.422890810396166472e+01,0.000000000000000000e+00
7.003551708478646110e-02,8.335081580970016280e-01,2.005483686195962956e-01,-1.639134301661445248e+00,1.200349537320488658e+00,-2.737492982465383307e+00,-5.704071857382301269e-01,2.296175146704085637e-03,1.151327429379513489e+01,2.961008307887630053e+01,1.689249275191369293e+01,2.423086462075777803e+01,0.000000000000000000e+00
7.017426012516489453e-02,8.335098620601094632e-01,2.006730044914990518e-01,-1.639273604617491387e+00,1.196546459700185805e+00,-2.718790027278922050e+00,-5.853027856021676412e-01,2.295421282886996994e-03,1.150975437316798100e+01,2.961404216607951767e+01,1.689122192899372621e+01,2.423257461025380977e+01,0.000000000000000000e+00
7.029583045287021714e-02,8.335113991543858791e-01,2.007822182710212455e-01,-1.639395734673601668e+00,1.192672634943900967e+00,-2.700935899357569170e+00,-5.992788124557852925e-01,2.294667668934258047e-03,1.150667135023764764e+01,2.961751245782846098e+01,1.689010962505987834e+01,2.423407418300626759e+01,0.000000000000000000e+00
7.040266495615249420e-02,8.335127918137940073e-01,2.008781980995794914e-01,-1.639503128718090341e+00,1.188774114753909039e+00,-2.683942932341398802e+00,-6.123689843608317585e-01,2.293914304761486209e-03,1.150396313844287199e+01,2.962056322774595429e+01,1.688913325679199318e+01,2.423539310939687041e+01,0.000000000000000000e+00
7.049677886628302748e-02,8.335140587730517359e-01,2.009627535612715510e-01,-1.639597801982292991e+00,1.184893216308652741e+00,-2.667822051233557534e+00,-6.246046934921510863e-01,2.293161190284330551e-03,1.150157841022108762e+01,2.962325177908201823e+01,1.688827416458706310e+01,2.423655602471608006e+01,0.000000000000000000e+00
7.057984598258205955e-02,8.335152157277471163e-01,2.010373876931921544e-01,-1.639681428265594265e+00,1.181068225419889872e+00,-2.652582462389505569e+00,-6.360150193055891243e-01,2.292408325418470501e-03,1.149947454598281738e+01,2.962562571820924973e+01,1.688751686202353497e+01,2.423758340216856766e+01,0.000000000000000000e+00
7.065326307212062285e-02,8.335162758773593250e-01,2.011033547951779354e-01,-1.639755404335129452e+00,1.177333313533161840e+00,-2.638231352246371397e+00,-6.466269468091075945e-01,2.291655710079621919e-03,1.149761598887245029e+01,2.962772478084221817e+01,1.688684843457516038e+01,2.423849233513954360e+01,0.000000000000000000e+00
7.071820152304306162e-02,8.335172503695329471e-01,2.011617068003883346e-01,-1.639820901579106982e+00,1.173718577506103866e+00,-2.624773598211338932e+00,-6.564656954527063881e-01,2.290903344183521477e-03,1.149597292596509668e+01,2.962958229760079121e+01,1.688625805813538960e+01,2.423929716543053203e+01,0.000000000000000000e+00
7.077564882887447950e-02,8.335181486628132630e-01,2.012133305188664179e-01,-1.639878907491116422e+00,1.170250145522420127e+00,-2.612211493127922335e+00,-6.655551005761237704e-01,2.290151227645933173e-03,1.149452022964259079e+01,2.963122637159301931e+01,1.688573661287583505e+01,2.424000998835980880e+01,0.000000000000000000e+00
7.082644200184770589e-02,8.335189788229062646e-01,2.012589776365582839e-01,-1.639930259083454578e+00,1.166950314617637652e+00,-2.600544483786849881e+00,-6.739180124237074132e-01,2.289399360382656998e-03,1.149323660530936309e+01,2.963268082727259767e+01,1.688527637260975212e+01,2.424064105997224061e+01,0.000000000000000000e+00
7.087129459611837823e-02,8.335197477651667963e-01,2.012992889781684558e-01,-1.639975669910341161e+00,1.163837699410026794e+00,-2.589768923542788759e+00,-6.815766922586093957e-01,2.288647742309519832e-03,1.149210390237138846e+01,2.963396597810114486e+01,1.688487075383153169e+01,2.424119912664103182e+01,0.000000000000000000e+00
7.091081867569949682e-02,8.335204614537972123e-01,2.013348142318299172e-01,-1.640015752035853591e+00,1.160927380568025580e+00,-2.579877838957367331e+00,-6.885531941871885220e-01,2.287896373342379348e-03,1.149110655430523309e+01,2.963509925079627649e+01,1.688451411189753415e+01,2.424169169320400741e+01,0.000000000000000000e+00
7.094554278258527469e-02,8.335211250662983851e-01,2.013660280829297211e-01,-1.640051034002049990e+00,1.158231047138340353e+00,-2.570860710356188683e+00,-6.948697269300976309e-01,2.287145253397120971e-03,1.149023112081900067e+01,2.963609569606221328e+01,1.688420157445976599e+01,2.424212524242147992e+01,0.000000000000000000e+00
7.097592673852363976e-02,8.335217431300816493e-01,2.013933435052182030e-01,-1.640081975630742317e+00,1.155757130293544765e+00,-2.562703266178826933e+00,-7.005489932198853964e-01,2.286394382389664390e-03,1.148946591080081703e+01,2.963696840942613875e+01,1.688392890435889981e+01,2.424250541586808794e+01,0.000000000000000000e+00
7.100237393901720484e-02,8.335223196368105603e-01,2.014171228003919234e-01,-1.640108980317497522e+00,1.153510928100370370e+00,-2.555387290972926717e+00,-7.056145065751884271e-01,2.285643760235949243e-03,1.148880066923068277e+01,2.963772888085676627e+01,1.688369238582834342e+01,2.424283716425913582e+01,0.000000000000000000e+00
7.102524166094525970e-02,8.335228581389557689e-01,2.014376868542149535e-01,-1.640132405339258748e+00,1.151494722053702180e+00,-2.548890446818358857e+00,-7.100908864105708318e-01,2.284893386851952896e-03,1.148822631474290645e+01,2.963838728795797905e+01,1.688348872914866305e+01,2.424312487355225088e+01,0.000000000000000000e+00
7.104484979762368257e-02,8.335233618321712390e-01,2.014553229806879675e-01,-1.640152570589406000e+00,1.149707886683688285e+00,-2.543186107859439549e+00,-7.140041331114139744e-01,2.284143262153680038e-03,1.148773471727773199e+01,2.963895274448285022e+01,1.688331498989911594e+01,2.424337247186149469e+01,0.000000000000000000e+00
7.106148835049447277e-02,8.335238336263970371e-01,2.014702916498119500e-01,-1.640169766069445201e+00,1.148146993727873655e+00,-2.538243207476517327e+00,-7.173818850344646503e-01,2.283393386057162248e-03,1.148731850742375471e+01,2.963943351351474931e+01,1.688316849974430767e+01,2.424358352119422477e+01,0.000000000000000000e+00
7.107542393957450022e-02,8.335242762080244949e-01,2.014828323342943428e-01,-1.640184258399457251e+00,1.146805912296034569e+00,-2.534026097450451154e+00,-7.202536595081903137e-01,2.282643758478462761e-03,1.148697091076578580e+01,2.963983719276019357e+01,1.688304680631984667e+01,2.424376129720616291e+01,0.000000000000000000e+00
7.108690554097045478e-02,8.335246920949945793e-01,2.014931686622259133e-01,-1.640196296555612721e+00,1.145675906223405649e+00,-2.530494418275249124e+00,-7.226510798733670748e-01,2.281894379333674304e-03,1.148668560192690613e+01,2.964017087787100024e+01,1.688294762028254326e+01,2.424390885951539332e+01,0.000000000000000000e+00
7.109616961570507099e-02,8.335250836863135060e-01,2.015015130231994356e-01,-1.640206116998998320e+00,1.144745729457596228e+00,-2.527602979567153962e+00,-7.246080904609127904e-01,2.281145248538918226e-03,1.148645657411774224e+01,2.964044130846234992e+01,1.688286876800065528e+01,2.424402911457946530e+01,0.000000000000000000e+00
7.110344475698418543e-02,8.335254533071353444e-01,2.015080707420170980e-01,-1.640213948322883697e+00,1.144001719883958268e+00,-2.525301649314210639e+00,-7.261611611676846989e-01,2.280396366010346235e-03,1.148627802095248462e+01,2.964065500043921730e+01,1.688280814870455515e+01,2.424412487268717697e+01,0.000000000000000000e+00
7.110895595056407337e-02,8.335258032502672609e-01,2.015130439049795108e-01,-1.640220015513089047e+00,1.143427891478008496e+00,-2.523535250519588935e+00,-7.273494829655806626e-01,2.279647731664136926e-03,1.148614422811876778e+01,2.964081836732085762e+01,1.688276369521939557e+01,2.424419890022026181e+01,0.000000000000000000e+00
7.111292851315931252e-02,8.335261358146768274e-01,2.015166348970623411e-01,-1.640224543886392938e+00,1.143006024087354300e+00,-2.522243463623925486e+00,-7.282151552611219048e-01,2.278899345416500553e-03,1.148604947324554715e+01,2.964093783240812385e+01,1.688273333767666529e+01,2.424425396797703414e+01,0.000000000000000000e+00
7.111559174531086047e-02,8.335264533413094812e-01,2.015190496826764488e-01,-1.640227762743400097e+00,1.142715749489604526e+00,-2.521360732953317640e+00,-7.288033655053715032e-01,2.278151207183675992e-03,1.148598793303932020e+01,2.964101993282710978e+01,1.688271496986531517e+01,2.424429289600114146e+01,0.000000000000000000e+00
7.111718230657942952e-02,8.335267582462563274e-01,2.015205008370636597e-01,-1.640229908743735088e+00,1.142534631645058418e+00,-2.520816175334522846e+00,-7.291625608314219464e-01,2.277403316881931178e-03,1.148595359748574118e+01,2.964107141567019710e+01,1.688270641814703765e+01,2.424431859500892728e+01,0.000000000000000000e+00
7.111794729144833849e-02,8.335270530510242581e-01,2.015212103089061013e-01,-1.640231228981944955e+00,1.142438238261940686e+00,-2.520533488947236833e+00,-7.293446107673540180e-01,2.276655674427563534e-03,1.148594019166381841e+01,2.964109932561643390e+01,1.688270541313246298e+01,2.424433410414781420e+01,0.000000000000000000e+00
7.111814695343098014e-02,8.335273404093629379e-01,2.015214118669852728e-01,-1.640231983711606834e+00,1.142400199919771708e+00,-2.520430860441307708e+00,-7.294049592423912376e-01,2.275908279736899541e-03,1.148594110650563493e+01,2.964111108253396409e+01,1.688270956460010197e+01,2.424434262443951837e+01,0.000000000000000000e+00
7.111805699261854186e-02,8.335276231297898963e-01,2.015213531547562775e-01,-1.640232448632875650e+00,1.142392252061753322e+00,-2.520420868324797947e+00,-7.294027631912243237e-01,2.275161132726295169e-03,1.148594934065507189e+01,2.964111454664875112e+01,1.688271634043742253e+01,2.424434754686642179e+01,0.000000000000000000e+00
