0.000000000000000000e+00,0.000000000000000000e+00,1.000000000000000000e+00,0.000000000000000000e+00,0.000000000000000000e+00,1.000000000000000000e+00,0.000000000000000000e+00,0.000000000000000000e+00,-1.000000000000000000e+00,0.000000000000000000e+00,0.000000000000000000e+00,5.000000000000000000e-01,0.000000000000000000e+00,0.000000000000000000e+00,0.000000000000000000e+00,1.000000000000000000e+00
0.000000000000000000e+00,0.000000000000000000e+00,1.000000000000000000e+00,1.655548148189580032e-07,0.000000000000000000e+00,1.000000000000000000e+00,0.000000000000000000e+00,0.000000000000000000e+00,-1.000000000000000000e+00,0.000000000000000000e+00,0.000000000000000000e+00,4.999999950886335198e-01,0.000000000000000000e+00,0.000000000000000000e+00,0.000000000000000000e+00,1.000000000000000000e+00
0.000000000000000000e+00,0.000000000000000000e+00,1.000000000000000000e+00,1.319455687421504674e-06,0.000000000000000000e+00,1.000000000000000000e+00,0.000000000000000000e+00,0.000000000000000000e+00,-1.000000000000000000e+00,0.000000000000000000e+00,0.000000000000000000e+00,4.999999608568891363e-01,0.000000000000000000e+00,0.000000000000000000e+00,0.000000000000000000e+00,1.000000000000000000e+00
-2.200557444252748648e-06,0.000000000000000000e+00,9.999999999975788256e-01,4.436379565295822745e-06,0.000000000000000000e+00,1.000000000000000000e+00,0.000000000000000000e+00,0.000000000000000000e+00,-9.999999999975788256e-01,0.000000000000000000e+00,-2.200557444252748648e-06,4.999998683850129244e-01,0.000000000000000000e+00,0.000000000000000000e+00,0.000000000000000000e+00,1.000000000000000000e+00
-5.196442802860254247e-06,0.000000000000000000e+00,9.999999999864984668e-01,1.047615989238450505e-05,0.000000000000000000e+00,1.000000000000000000e+00,0.000000000000000000e+00,0.000000000000000000e+00,-9.999999999864984668e-01,0.000000000000000000e+00,-5.196442802860254247e-06,4.999996891858981551e-01,0.000000000000000000e+00,0.000000000000000000e+00,0.000000000000000000e+00,1.000000000000000000e+00
-1.011091641797921984e-05,0.000000000000000000e+00,9.999999999488846658e-01,2.038386129710073624e-05,0.000000000000000000e+00,1.000000000000000000e+00,0.000000000000000000e+00,0.000000000000000000e+00,-9.999999999488846658e-01,0.000000000000000000e+00,-1.011091641797921984e-05,4.999993951870917441e-01,0.000000000000000000e+00,0.000000000000000000e+00,0.000000000000000000e+00,1.000000000000000000e+00
-1.740546688565786814e-05,0.000000000000000000e+00,9.999999998485248343e-01,3.508985434684577369e-05,0.000000000000000000e+00,1.000000000000000000e+00,0.000000000000000000e+00,0.000000000000000000e+00,-9.999999998485248343e-01,0.000000000000000000e+00,-1.740546688565786814e-05,4.999989587150530101e-01,0.000000000000000000e+00,0.000000000000000000e+00,0.000000000000000000e+00,1.000000000000000000e+00
-2.753433199569791542e-05,0.000000000000000000e+00,9.999999996209303355e-01,5.550989010830682449e-05,0.000000000000000000e+00,1.000000000000000000e+00,0.000000000000000000e+00,0.000000000000000000e+00,-9.999999996209303355e-01,0.000000000000000000e+00,-2.753433199569791542e-05,4.999983524728897066e-01,0.000000000000000000e+00,0.000000000000000000e+00,0.000000000000000000e+00,1.000000000000000000e+00
-4.094453600963414517e-05,0.000000000000000000e+00,9.999999991617725126e-01,8.254517460919719445e-05,0.000000000000000000e+00,1.000000000000000000e+00,0.000000000000000000e+00,0.000000000000000000e+00,-9.999999991617725126e-01,0.000000000000000000e+00,-4.094453600963414517e-05,4.999975495148148430e-01,0.000000000000000000e+00,0.000000000000000000e+00,0.000000000000000000e+00,1.000000000000000000e+00
-5.807592693765295196e-05,0.000000000000000000e+00,9.999999983135933190e-01,1.170824431946655388e-04,0.000000000000000000e+00,1.000000000000000000e+00,0.000000000000000000e+00,0.000000000000000000e+00,-9.999999983135933190e-01,0.000000000000000000e+00,-5.807592693765295196e-05,4.999965232171258989e-01,0.000000000000000000e+00,0.000000000000000000e+00,0.000000000000000000e+00,1.000000000000000000e+00
-7.936121381389122189e-05,0.000000000000000000e+00,9.999999968508989090e-01,1.599940347837283065e-04,0.000000000000000000e+00,1.000000000000000000e+00,0.000000000000000000e+00,0.000000000000000000e+00,-9.999999968508989090e-01,0.000000000000000000e+00,-7.936121381389122189e-05,4.999952472459235908e-01,0.000000000000000000e+00,0.000000000000000000e+00,0.000000000000000000e+00,1.000000000000000000e+00
-1.052260039694030382e-04,0.000000000000000000e+00,9.999999944637439908e-01,2.121379660307369226e-04,0.000000000000000000e+00,1.000000000000000000e+00,0.000000000000000000e+00,0.000000000000000000e+00,-9.999999944637439908e-01,0.000000000000000000e+00,-1.052260039694030382e-04,4.999936955217882395e-01,0.000000000000000000e+00,0.000000000000000000e+00,0.000000000000000000e+00,1.000000000000000000e+00
-1.360888403019180838e-04,0.000000000000000000e+00,9.999999907399137467e-01,2.743580053965002409e-04,0.000000000000000000e+00,1.000000000000000000e+00,0.000000000000000000e+00,0.000000000000000000e+00,-9.999999907399137467e-01,0.000000000000000000e+00,-1.360888403019180838e-04,4.999918421816293423e-01,0.000000000000000000e+00,0.000000000000000000e+00,0.000000000000000000e+00,1.000000000000000000e+00
-1.723612385413434962e-04,0.000000000000000000e+00,9.999999851458015732e-01,3.474837471328263571e-04,0.000000000000000000e+00,1.000000000000000000e+00,0.000000000000000000e+00,0.000000000000000000e+00,-9.999999851458015732e-01,0.000000000000000000e+00,-1.723612385413434962e-04,4.999896615379055276e-01,0.000000000000000000e+00,0.000000000000000000e+00,0.000000000000000000e+00,1.000000000000000000e+00
-2.144477245097823703e-04,0.000000000000000000e+00,9.999999770060864490e-01,4.323306851842182038e-04,0.000000000000000000e+00,1.000000000000000000e+00,0.000000000000000000e+00,0.000000000000000000e+00,-9.999999770060864490e-01,0.000000000000000000e+00,-2.144477245097823703e-04,4.999871280354253322e-01,0.000000000000000000e+00,0.000000000000000000e+00,0.000000000000000000e+00,1.000000000000000000e+00
-2.627458713746619800e-04,0.000000000000000000e+00,9.999999654823029660e-01,5.297002870094506301e-04,0.000000000000000000e+00,1.000000000000000000e+00,0.000000000000000000e+00,0.000000000000000000e+00,-9.999999654823029660e-01,0.000000000000000000e+00,-2.627458713746619800e-04,4.999842162059158768e-01,0.000000000000000000e+00,0.000000000000000000e+00,0.000000000000000000e+00,1.000000000000000000e+00
-3.176463368933797713e-04,0.000000000000000000e+00,9.999999495504010572e-01,6.403800673256240979e-04,0.000000000000000000e+00,1.000000000000000000e+00,0.000000000000000000e+00,0.000000000000000000e+00,-9.999999495504010572e-01,0.000000000000000000e+00,-3.176463368933797713e-04,4.999809006205550022e-01,0.000000000000000000e+00,0.000000000000000000e+00,0.000000000000000000e+00,1.000000000000000000e+00
-3.795329006476931685e-04,0.000000000000000000e+00,9.999999279773860161e-01,7.651436617765348600e-04,0.000000000000000000e+00,1.000000000000000000e+00,0.000000000000000000e+00,0.000000000000000000e+00,-9.999999279773860161e-01,0.000000000000000000e+00,-3.795329006476931685e-04,4.999771558406502225e-01,0.000000000000000000e+00,0.000000000000000000e+00,0.000000000000000000e+00,1.000000000000000000e+00
-4.487825012658965755e-04,0.000000000000000000e+00,9.999998992971281808e-01,9.047509005267648750e-04,0.000000000000000000e+00,1.000000000000000000e+00,0.000000000000000000e+00,0.000000000000000000e+00,-9.999998992971281808e-01,0.000000000000000000e+00,-4.487825012658965755e-04,4.999729563666442944e-01,0.000000000000000000e+00,0.000000000000000000e+00,0.000000000000000000e+00,1.000000000000000000e+00
-5.257652736306535953e-04,0.000000000000000000e+00,9.999998617854289895e-01,1.059947881782376386e-03,0.000000000000000000e+00,1.000000000000000000e+00,0.000000000000000000e+00,0.000000000000000000e+00,-9.999998617854289895e-01,0.000000000000000000e+00,-5.257652736306535953e-04,4.999682765856222622e-01,0.000000000000000000e+00,0.000000000000000000e+00,0.000000000000000000e+00,1.000000000000000000e+00
-6.108445860701736552e-04,0.000000000000000000e+00,9.999998134344284528e-01,1.231467045238640937e-03,0.000000000000000000e+00,1.000000000000000000e+00,0.000000000000000000e+00,0.000000000000000000e+00,-9.999998134344284528e-01,0.000000000000000000e+00,-6.108445860701736552e-04,4.999630907174920091e-01,0.000000000000000000e+00,0.000000000000000000e+00,0.000000000000000000e+00,1.000000000000000000e+00
-7.043770775302631969e-04,0.000000000000000000e+00,9.999997519264355317e-01,1.420027245454694685e-03,0.000000000000000000e+00,1.000000000000000000e+00,0.000000000000000000e+00,0.000000000000000000e+00,-9.999997519264355317e-01,0.000000000000000000e+00,-7.043770775302631969e-04,4.999573727600026829e-01,0.000000000000000000e+00,0.000000000000000000e+00,0.000000000000000000e+00,1.000000000000000000e+00
-8.067126947246129175e-04,0.000000000000000000e+00,9.999996746072611353e-01,1.626333825154574865e-03,0.000000000000000000e+00,1.000000000000000000e+00,0.000000000000000000e+00,0.000000000000000000e+00,-9.999996746072611353e-01,0.000000000000000000e+00,-8.067126947246129175e-04,4.999510964327610885e-01,0.000000000000000000e+00,0.000000000000000000e+00,0.000000000000000000e+00,1.000000000000000000e+00
-9.181947292605395407e-04,0.000000000000000000e+00,9.999995784591306780e-01,1.851078688453618041e-03,0.000000000000000000e+00,1.000000000000000000e+00,0.000000000000000000e+00,0.000000000000000000e+00,-9.999995784591306780e-01,0.000000000000000000e+00,-9.181947292605395407e-04,4.999442351204026469e-01,0.000000000000000000e+00,0.000000000000000000e+00,0.000000000000000000e+00,1.000000000000000000e+00
-1.039159854737251682e-03,0.000000000000000000e+00,9.999994600732523553e-01,2.094940374008883322e-03,0.000000000000000000e+00,1.000000000000000000e+00,0.000000000000000000e+00,0.000000000000000000e+00,-9.999994600732523553e-01,0.000000000000000000e+00,-1.039159854737251682e-03,4.999367618150694081e-01,0.000000000000000000e+00,0.000000000000000000e+00,0.000000000000000000e+00,1.000000000000000000e+00
-1.169938163813585884e-03,0.000000000000000000e+00,9.999993156221121948e-01,2.358584128091683468e-03,0.000000000000000000e+00,1.000000000000000000e+00,0.000000000000000000e+00,0.000000000000000000e+00,-9.999993156221121948e-01,0.000000000000000000e+00,-1.169938163813585884e-03,4.999286490583392806e-01,0.000000000000000000e+00,0.000000000000000000e+00,0.000000000000000000e+00,1.000000000000000000e+00
-1.310853205242027428e-03,0.000000000000000000e+00,9.999991408315680452e-01,2.642661977580115090e-03,0.000000000000000000e+00,1.000000000000000000e+00,0.000000000000000000e+00,0.000000000000000000e+00,-9.999991408315680452e-01,0.000000000000000000e+00,-1.310853205242027428e-03,4.999198688827519166e-01,0.000000000000000000e+00,0.000000000000000000e+00,0.000000000000000000e+00,1.000000000000000000e+00
-1.462222020865733404e-03,0.000000000000000000e+00,9.999989309528094505e-01,2.947812802868991517e-03,0.000000000000000000e+00,1.000000000000000000e+00,0.000000000000000000e+00,0.000000000000000000e+00,-9.999989309528094505e-01,0.000000000000000000e+00,-1.462222020865733404e-03,4.999103927530663127e-01,0.000000000000000000e+00,0.000000000000000000e+00,0.000000000000000000e+00,1.000000000000000000e+00
-1.624355182575182690e-03,0.000000000000000000e+00,9.999986807342502448e-01,3.274662410694341615e-03,0.000000000000000000e+00,1.000000000000000000e+00,0.000000000000000000e+00,0.000000000000000000e+00,-9.999986807342502448e-01,0.000000000000000000e+00,-1.624355182575182690e-03,4.999001915073854607e-01,0.000000000000000000e+00,0.000000000000000000e+00,0.000000000000000000e+00,1.000000000000000000e+00
-1.797556829220967349e-03,0.000000000000000000e+00,9.999983843934178163e-01,3.623823606869306518e-03,0.000000000000000000e+00,1.000000000000000000e+00,0.000000000000000000e+00,0.000000000000000000e+00,-9.999983843934178163e-01,0.000000000000000000e+00,-1.797556829220967349e-03,4.998892352982765019e-01,0.000000000000000000e+00,0.000000000000000000e+00,0.000000000000000000e+00,1.000000000000000000e+00
-1.982124703479217626e-03,0.000000000000000000e+00,9.999980355889004358e-01,3.995896268928006249e-03,0.000000000000000000e+00,1.000000000000000000e+00,0.000000000000000000e+00,0.000000000000000000e+00,-9.999980355889004358e-01,0.000000000000000000e+00,-1.982124703479217626e-03,4.998774935340111192e-01,0.000000000000000000e+00,0.000000000000000000e+00,0.000000000000000000e+00,1.000000000000000000e+00
-2.178350188666047967e-03,0.000000000000000000e+00,9.999976273924131576e-01,4.391467418673722888e-03,0.000000000000000000e+00,1.000000000000000000e+00,0.000000000000000000e+00,0.000000000000000000e+00,-9.999976273924131576e-01,0.000000000000000000e+00,-2.178350188666047967e-03,4.998649348200479015e-01,0.000000000000000000e+00,0.000000000000000000e+00,0.000000000000000000e+00,1.000000000000000000e+00
-2.386518345497413030e-03,0.000000000000000000e+00,9.999971522610384689e-01,4.811111294627490667e-03,0.000000000000000000e+00,1.000000000000000000e+00,0.000000000000000000e+00,0.000000000000000000e+00,-9.999971522610384689e-01,0.000000000000000000e+00,-2.386518345497413030e-03,4.998515269008702022e-01,0.000000000000000000e+00,0.000000000000000000e+00,0.000000000000000000e+00,1.000000000000000000e+00
-2.606907948790700407e-03,0.000000000000000000e+00,9.999966020097000863e-01,5.255389424373157342e-03,0.000000000000000000e+00,1.000000000000000000e+00,0.000000000000000000e+00,0.000000000000000000e+00,-9.999966020097000863e-01,0.000000000000000000e+00,-2.606907948790700407e-03,4.998372366022976188e-01,0.000000000000000000e+00,0.000000000000000000e+00,0.000000000000000000e+00,1.000000000000000000e+00
-2.839791524104415179e-03,0.000000000000000000e+00,9.999959677839204142e-01,5.724850696794609069e-03,0.000000000000000000e+00,1.000000000000000000e+00,0.000000000000000000e+00,0.000000000000000000e+00,-9.999959677839204142e-01,0.000000000000000000e+00,-2.839791524104415179e-03,4.998220297743730667e-01,0.000000000000000000e+00,0.000000000000000000e+00,0.000000000000000000e+00,1.000000000000000000e+00
-3.085435384312261355e-03,0.000000000000000000e+00,9.999952400329159552e-01,6.220031434200945161e-03,0.000000000000000000e+00,1.000000000000000000e+00,0.000000000000000000e+00,0.000000000000000000e+00,-9.999952400329159552e-01,0.000000000000000000e+00,-3.085435384312261355e-03,4.998058712349349175e-01,0.000000000000000000e+00,0.000000000000000000e+00,0.000000000000000000e+00,1.000000000000000000e+00
-3.344099666108008278e-03,0.000000000000000000e+00,9.999944084830790780e-01,6.741455464335229485e-03,0.000000000000000000e+00,1.000000000000000000e+00,0.000000000000000000e+00,0.000000000000000000e+00,-9.999944084830790780e-01,0.000000000000000000e+00,-3.344099666108008278e-03,4.997887247139723432e-01,0.000000000000000000e+00,0.000000000000000000e+00,0.000000000000000000e+00,1.000000000000000000e+00
-3.616038366437496036e-03,0.000000000000000000e+00,9.999934621118942157e-01,7.289634192262321212e-03,0.000000000000000000e+00,1.000000000000000000e+00,0.000000000000000000e+00,0.000000000000000000e+00,-9.999934621118942157e-01,0.000000000000000000e+00,-3.616038366437496036e-03,4.997705527988609009e-01,0.000000000000000000e+00,0.000000000000000000e+00,0.000000000000000000e+00,1.000000000000000000e+00
-3.901499378854242361e-03,0.000000000000000000e+00,9.999923891223356787e-01,7.865066672131508854e-03,0.000000000000000000e+00,1.000000000000000000e+00,0.000000000000000000e+00,0.000000000000000000e+00,-9.999923891223356787e-01,0.000000000000000000e+00,-3.901499378854242361e-03,4.997513168805733930e-01,0.000000000000000000e+00,0.000000000000000000e+00,0.000000000000000000e+00,1.000000000000000000e+00
-4.200724529795133409e-03,0.000000000000000000e+00,9.999911769177890486e-01,8.468239678809316717e-03,0.000000000000000000e+00,1.000000000000000000e+00,0.000000000000000000e+00,0.000000000000000000e+00,-9.999911769177890486e-01,0.000000000000000000e+00,-4.200724529795133409e-03,4.997309771009511570e-01,0.000000000000000000e+00,0.000000000000000000e+00,0.000000000000000000e+00,1.000000000000000000e+00
-4.513949614772767155e-03,0.000000000000000000e+00,9.999898120775407850e-01,9.099627779378286624e-03,0.000000000000000000e+00,1.000000000000000000e+00,0.000000000000000000e+00,0.000000000000000000e+00,-9.999898120775407850e-01,0.000000000000000000e+00,-4.513949614772767155e-03,4.997094923011261569e-01,0.000000000000000000e+00,0.000000000000000000e+00,0.000000000000000000e+00,1.000000000000000000e+00
-4.841404434481130434e-03,0.000000000000000000e+00,9.999882803328755676e-01,9.759693404497385080e-03,0.000000000000000000e+00,1.000000000000000000e+00,0.000000000000000000e+00,0.000000000000000000e+00,-9.999882803328755676e-01,0.000000000000000000e+00,-4.841404434481130434e-03,4.996868199711728686e-01,0.000000000000000000e+00,0.000000000000000000e+00,0.000000000000000000e+00,1.000000000000000000e+00
-5.183312830811369169e-03,0.000000000000000000e+00,9.999865665438201212e-01,1.044888691961981184e-02,0.000000000000000000e+00,1.000000000000000000e+00,0.000000000000000000e+00,0.000000000000000000e+00,-9.999865665438201212e-01,0.000000000000000000e+00,-5.183312830811369169e-03,4.996629162010696734e-01,0.000000000000000000e+00,0.000000000000000000e+00,0.000000000000000000e+00,1.000000000000000000e+00
-5.539892722774547064e-03,0.000000000000000000e+00,9.999846546765706057e-01,1.116764669606416967e-02,0.000000000000000000e+00,1.000000000000000000e+00,0.000000000000000000e+00,0.000000000000000000e+00,-9.999846546765706057e-01,0.000000000000000000e+00,-5.539892722774547064e-03,4.996377356330429786e-01,0.000000000000000000e+00,0.000000000000000000e+00,0.000000000000000000e+00,1.000000000000000000e+00
-5.911356142328409898e-03,0.000000000000000000e+00,9.999825277816400959e-01,1.191639918193519547e-02,0.000000000000000000e+00,1.000000000000000000e+00,0.000000000000000000e+00,0.000000000000000000e+00,-9.999825277816400959e-01,0.000000000000000000e+00,-5.911356142328409898e-03,4.996112314153695610e-01,0.000000000000000000e+00,0.000000000000000000e+00,0.000000000000000000e+00,1.000000000000000000e+00
-6.297909270105322629e-03,0.000000000000000000e+00,9.999801679727581272e-01,1.269555897289022066e-02,0.000000000000000000e+00,1.000000000000000000e+00,0.000000000000000000e+00,0.000000000000000000e+00,-9.999801679727581272e-01,0.000000000000000000e+00,-6.297909270105322629e-03,4.995833551577006926e-01,0.000000000000000000e+00,0.000000000000000000e+00,0.000000000000000000e+00,1.000000000000000000e+00
-6.699752471038716503e-03,0.000000000000000000e+00,9.999775564065559452e-01,1.350552888274800939e-02,0.000000000000000000e+00,1.000000000000000000e+00,0.000000000000000000e+00,0.000000000000000000e+00,-9.999775564065559452e-01,0.000000000000000000e+00,-6.699752471038716503e-03,4.995540568879761611e-01,0.000000000000000000e+00,0.000000000000000000e+00,0.000000000000000000e+00,1.000000000000000000e+00
-7.117080329885527336e-03,0.000000000000000000e+00,9.999746732630672152e-01,1.434670001393669424e-02,0.000000000000000000e+00,1.000000000000000000e+00,0.000000000000000000e+00,0.000000000000000000e+00,-9.999746732630672152e-01,0.000000000000000000e+00,-7.117080329885527336e-03,4.995232850109890266e-01,0.000000000000000000e+00,0.000000000000000000e+00,0.000000000000000000e+00,1.000000000000000000e+00
-7.550081686642321280e-03,0.000000000000000000e+00,9.999714977270727223e-01,1.521945182777785857e-02,0.000000000000000000e+00,1.000000000000000000e+00,0.000000000000000000e+00,0.000000000000000000e+00,-9.999714977270727223e-01,0.000000000000000000e+00,-7.550081686642321280e-03,4.994909862686575108e-01,0.000000000000000000e+00,0.000000000000000000e+00,0.000000000000000000e+00,1.000000000000000000e+00
-7.998939671852967406e-03,0.000000000000000000e+00,9.999680079703180402e-01,1.612415221460418435e-02,0.000000000000000000e+00,1.000000000000000000e+00,0.000000000000000000e+00,0.000000000000000000e+00,-9.999680079703180402e-01,0.000000000000000000e+00,-7.998939671852967406e-03,4.994571057020639748e-01,0.000000000000000000e+00,0.000000000000000000e+00,0.000000000000000000e+00,1.000000000000000000e+00
-8.463831741805939377e-03,0.000000000000000000e+00,9.999641811346275944e-01,1.706115756370818470e-02,0.000000000000000000e+00,1.000000000000000000e+00,0.000000000000000000e+00,0.000000000000000000e+00,-9.999641811346275944e-01,0.000000000000000000e+00,-8.463831741805939377e-03,4.994215866153073891e-01,0.000000000000000000e+00,0.000000000000000000e+00,0.000000000000000000e+00,1.000000000000000000e+00
-8.944929713619532291e-03,0.000000000000000000e+00,9.999599933159417642e-01,1.803081283312021194e-02,0.000000000000000000e+00,1.000000000000000000e+00,0.000000000000000000e+00,0.000000000000000000e+00,-9.999599933159417642e-01,0.000000000000000000e+00,-8.944929713619532291e-03,4.993843705412230882e-01,0.000000000000000000e+00,0.000000000000000000e+00,0.000000000000000000e+00,1.000000000000000000e+00
-9.442399800213547092e-03,0.000000000000000000e+00,9.999554195492981190e-01,1.903345161921400630e-02,0.000000000000000000e+00,1.000000000000000000e+00,0.000000000000000000e+00,0.000000000000000000e+00,-9.999554195492981190e-01,0.000000000000000000e+00,-9.442399800213547092e-03,4.993453972090133308e-01,0.000000000000000000e+00,0.000000000000000000e+00,0.000000000000000000e+00,1.000000000000000000e+00
-9.956402645166131937e-03,0.000000000000000000e+00,9.999504337947793253e-01,2.006939622613856250e-02,0.000000000000000000e+00,1.000000000000000000e+00,0.000000000000000000e+00,0.000000000000000000e+00,-9.999504337947793253e-01,0.000000000000000000e+00,-9.956402645166131937e-03,4.993046045138330169e-01,0.000000000000000000e+00,0.000000000000000000e+00,0.000000000000000000e+00,1.000000000000000000e+00
-1.048709335745484118e-02,0.000000000000000000e+00,9.999450089244468209e-01,2.113895773507550035e-02,0.000000000000000000e+00,1.000000000000000000e+00,0.000000000000000000e+00,0.000000000000000000e+00,-9.999450089244468209e-01,0.000000000000000000e+00,-1.048709335745484118e-02,4.992619284883698660e-01,0.000000000000000000e+00,0.000000000000000000e+00,0.000000000000000000e+00,1.000000000000000000e+00
-1.103462154608109667e-02,0.000000000000000000e+00,9.999391167102799072e-01,2.224243607332156841e-02,0.000000000000000000e+00,1.000000000000000000e+00,0.000000000000000000e+00,0.000000000000000000e+00,-9.999391167102799072e-01,0.000000000000000000e+00,-1.103462154608109667e-02,4.992173032764585239e-01,0.000000000000000000e+00,0.000000000000000000e+00,0.000000000000000000e+00,1.000000000000000000e+00
-1.159913135457760897e-02,0.000000000000000000e+00,9.999327278131360242e-01,2.338012008319617294e-02,0.000000000000000000e+00,1.000000000000000000e+00,0.000000000000000000e+00,0.000000000000000000e+00,-9.999327278131360242e-01,0.000000000000000000e+00,-1.159913135457760897e-02,4.991706611087605716e-01,0.000000000000000000e+00,0.000000000000000000e+00,0.000000000000000000e+00,1.000000000000000000e+00
-1.218076149539848441e-02,0.000000000000000000e+00,9.999258117727495287e-01,2.455228759077458453e-02,0.000000000000000000e+00,1.000000000000000000e+00,0.000000000000000000e+00,0.000000000000000000e+00,-9.999258117727495287e-01,0.000000000000000000e+00,-1.218076149539848441e-02,4.991219322805446890e-01,0.000000000000000000e+00,0.000000000000000000e+00,0.000000000000000000e+00,1.000000000000000000e+00
-1.277964528419208400e-02,0.000000000000000000e+00,9.999183369987821868e-01,2.575920547444764119e-02,0.000000000000000000e+00,1.000000000000000000e+00,0.000000000000000000e+00,0.000000000000000000e+00,-9.999183369987821868e-01,0.000000000000000000e+00,-1.277964528419208400e-02,4.990710451315947260e-01,0.000000000000000000e+00,0.000000000000000000e+00,0.000000000000000000e+00,1.000000000000000000e+00
-1.339591067395694279e-02,0.000000000000000000e+00,9.999102707629397013e-01,2.700112973330946395e-02,0.000000000000000000e+00,1.000000000000000000e+00,0.000000000000000000e+00,0.000000000000000000e+00,-9.999102707629397013e-01,0.000000000000000000e+00,-1.339591067395694279e-02,4.990179260282734952e-01,0.000000000000000000e+00,0.000000000000000000e+00,0.000000000000000000e+00,1.000000000000000000e+00
-1.402968028908131715e-02,0.000000000000000000e+00,9.999015791921653795e-01,2.827830555537494753e-02,0.000000000000000000e+00,1.000000000000000000e+00,0.000000000000000000e+00,0.000000000000000000e+00,-9.999015791921653795e-01,0.000000000000000000e+00,-1.402968028908131715e-02,4.989624993477652093e-01,0.000000000000000000e+00,0.000000000000000000e+00,0.000000000000000000e+00,1.000000000000000000e+00
-1.468107145926732249e-02,0.000000000000000000e+00,9.998922272629224839e-01,2.959096738562976697e-02,0.000000000000000000e+00,1.000000000000000000e+00,0.000000000000000000e+00,0.000000000000000000e+00,-9.998922272629224839e-01,0.000000000000000000e+00,-1.468107145926732249e-02,4.989046874645197693e-01,0.000000000000000000e+00,0.000000000000000000e+00,0.000000000000000000e+00,1.000000000000000000e+00
-1.535019625334074073e-02,0.000000000000000000e+00,9.998821787965739283e-01,3.093933899391544326e-02,0.000000000000000000e+00,1.000000000000000000e+00,0.000000000000000000e+00,0.000000000000000000e+00,-9.998821787965739283e-01,0.000000000000000000e+00,-1.535019625334074073e-02,4.988444107389157778e-01,0.000000000000000000e+00,0.000000000000000000e+00,0.000000000000000000e+00,1.000000000000000000e+00
-1.603716151294803591e-02,0.000000000000000000e+00,9.998713964558679779e-01,3.232363354265323230e-02,0.000000000000000000e+00,1.000000000000000000e+00,0.000000000000000000e+00,0.000000000000000000e+00,-9.998713964558679779e-01,0.000000000000000000e+00,-1.603716151294803591e-02,4.987815875081605954e-01,0.000000000000000000e+00,0.000000000000000000e+00,0.000000000000000000e+00,1.000000000000000000e+00
-1.674206888614226951e-02,0.000000000000000000e+00,9.998598417425372809e-01,3.374405365441055654e-02,0.000000000000000000e+00,1.000000000000000000e+00,0.000000000000000000e+00,0.000000000000000000e+00,-9.998598417425372809e-01,0.000000000000000000e+00,-1.674206888614226951e-02,4.987161340794409869e-01,0.000000000000000000e+00,0.000000000000000000e+00,0.000000000000000000e+00,1.000000000000000000e+00
-1.746501486086010288e-02,0.000000000000000000e+00,9.998474749960165608e-01,3.520079147931482605e-02,0.000000000000000000e+00,1.000000000000000000e+00,0.000000000000000000e+00,0.000000000000000000e+00,-9.998474749960165608e-01,0.000000000000000000e+00,-1.746501486086010288e-02,4.986479647253357905e-01,0.000000000000000000e+00,0.000000000000000000e+00,0.000000000000000000e+00,1.000000000000000000e+00
-1.820609079829206556e-02,0.000000000000000000e+00,9.998342553932848542e-01,3.669402876231929456e-02,0.000000000000000000e+00,1.000000000000000000e+00,0.000000000000000000e+00,0.000000000000000000e+00,-9.998342553932848542e-01,0.000000000000000000e+00,-1.820609079829206556e-02,4.985769916815023239e-01,0.000000000000000000e+00,0.000000000000000000e+00,0.000000000000000000e+00,1.000000000000000000e+00
-1.896538296614887903e-02,0.000000000000000000e+00,9.998201409498347347e-01,3.822393691032677926e-02,0.000000000000000000e+00,1.000000000000000000e+00,0.000000000000000000e+00,0.000000000000000000e+00,-9.998201409498347347e-01,0.000000000000000000e+00,-1.896538296614887903e-02,4.985031251466403579e-01,0.000000000000000000e+00,0.000000000000000000e+00,0.000000000000000000e+00,1.000000000000000000e+00
-1.974297257182676402e-02,0.000000000000000000e+00,9.998050885217718564e-01,3.979067705917737480e-02,0.000000000000000000e+00,1.000000000000000000e+00,0.000000000000000000e+00,0.000000000000000000e+00,-9.998050885217718564e-01,0.000000000000000000e+00,-1.974297257182676402e-02,4.984262732847418165e-01,0.000000000000000000e+00,0.000000000000000000e+00,0.000000000000000000e+00,1.000000000000000000e+00
-2.053893579547491285e-02,0.000000000000000000e+00,9.997890538090469237e-01,4.139440014050652789e-02,0.000000000000000000e+00,1.000000000000000000e+00,0.000000000000000000e+00,0.000000000000000000e+00,-9.997890538090469237e-01,0.000000000000000000e+00,-2.053893579547491285e-02,4.983463422296283696e-01,0.000000000000000000e+00,0.000000000000000000e+00,0.000000000000000000e+00,1.000000000000000000e+00
-2.135334382296881842e-02,0.000000000000000000e+00,9.997719913598190900e-01,4.303524694848116089e-02,0.000000000000000000e+00,1.000000000000000000e+00,0.000000000000000000e+00,0.000000000000000000e+00,-9.997719913598190900e-01,0.000000000000000000e+00,-2.135334382296881842e-02,4.982632360917763625e-01,0.000000000000000000e+00,0.000000000000000000e+00,0.000000000000000000e+00,1.000000000000000000e+00
-2.218626287879311987e-02,0.000000000000000000e+00,9.997538545759516726e-01,4.471334820642094282e-02,0.000000000000000000e+00,1.000000000000000000e+00,0.000000000000000000e+00,0.000000000000000000e+00,-9.997538545759516726e-01,0.000000000000000000e+00,-2.218626287879311987e-02,4.981768569674295266e-01,0.000000000000000000e+00,0.000000000000000000e+00,0.000000000000000000e+00,1.000000000000000000e+00
-2.303775425883821185e-02,0.000000000000000000e+00,9.997345957196386301e-01,4.642882463331345771e-02,0.000000000000000000e+00,1.000000000000000000e+00,0.000000000000000000e+00,0.000000000000000000e+00,-9.997345957196386301e-01,0.000000000000000000e+00,-2.303775425883821185e-02,4.980871049499968617e-01,0.000000000000000000e+00,0.000000000000000000e+00,0.000000000000000000e+00,1.000000000000000000e+00
-2.390787436311507877e-02,0.000000000000000000e+00,9.997141659211584708e-01,4.818178701023180521e-02,0.000000000000000000e+00,1.000000000000000000e+00,0.000000000000000000e+00,0.000000000000000000e+00,-9.997141659211584708e-01,0.000000000000000000e+00,-2.390787436311507877e-02,4.979938781437278639e-01,0.000000000000000000e+00,0.000000000000000000e+00,0.000000000000000000e+00,1.000000000000000000e+00
-2.479667472839294090e-02,0.000000000000000000e+00,9.996925151877522620e-01,4.997233624666401475e-02,0.000000000000000000e+00,1.000000000000000000e+00,0.000000000000000000e+00,0.000000000000000000e+00,-9.996925151877522620e-01,0.000000000000000000e+00,-2.479667472839294090e-02,4.978970726796588808e-01,0.000000000000000000e+00,0.000000000000000000e+00,0.000000000000000000e+00,1.000000000000000000e+00
-2.570420206076475325e-02,0.000000000000000000e+00,9.996695924136230760e-01,5.180056344676382124e-02,0.000000000000000000e+00,1.000000000000000000e+00,0.000000000000000000e+00,0.000000000000000000e+00,-9.996695924136230760e-01,0.000000000000000000e+00,-2.570420206076475325e-02,4.977965827338247662e-01,0.000000000000000000e+00,0.000000000000000000e+00,0.000000000000000000e+00,1.000000000000000000e+00
-2.663049826814589335e-02,0.000000000000000000e+00,9.996453453910493225e-01,5.366654997553362005e-02,0.000000000000000000e+00,1.000000000000000000e+00,0.000000000000000000e+00,0.000000000000000000e+00,-9.996453453910493225e-01,0.000000000000000000e+00,-2.663049826814589335e-02,4.976923005477197903e-01,0.000000000000000000e+00,0.000000000000000000e+00,0.000000000000000000e+00,1.000000000000000000e+00
-2.757560049271140165e-02,0.000000000000000000e+00,9.996197208226068609e-01,5.557036752494971116e-02,0.000000000000000000e+00,1.000000000000000000e+00,0.000000000000000000e+00,0.000000000000000000e+00,-9.996197208226068609e-01,0.000000000000000000e+00,-2.757560049271140165e-02,4.975841164509978154e-01,0.000000000000000000e+00,0.000000000000000000e+00,0.000000000000000000e+00,1.000000000000000000e+00
-2.853954114327776279e-02,0.000000000000000000e+00,9.995926643344933415e-01,5.751207818004164252e-02,0.000000000000000000e+00,1.000000000000000000e+00,0.000000000000000000e+00,0.000000000000000000e+00,-9.995926643344933415e-01,0.000000000000000000e+00,-2.853954114327776279e-02,4.974719188863977459e-01,0.000000000000000000e+00,0.000000000000000000e+00,0.000000000000000000e+00,1.000000000000000000e+00
-2.952234792763514318e-02,0.000000000000000000e+00,9.995641204909466726e-01,5.949173448493724065e-02,0.000000000000000000e+00,1.000000000000000000e+00,0.000000000000000000e+00,0.000000000000000000e+00,-9.995641204909466726e-01,0.000000000000000000e+00,-2.952234792763514318e-02,4.973555944368779347e-01,0.000000000000000000e+00,0.000000000000000000e+00,0.000000000000000000e+00,1.000000000000000000e+00
-3.052404388483641318e-02,0.000000000000000000e+00,9.995340328097470639e-01,6.150937950888514527e-02,0.000000000000000000e+00,1.000000000000000000e+00,0.000000000000000000e+00,0.000000000000000000e+00,-9.995340328097470639e-01,0.000000000000000000e+00,-3.052404388483641318e-02,4.972350278549375058e-01,0.000000000000000000e+00,0.000000000000000000e+00,0.000000000000000000e+00,1.000000000000000000e+00
-3.154464741744959777e-02,0.000000000000000000e+00,9.995023437787970977e-01,6.356504691226826098e-02,0.000000000000000000e+00,1.000000000000000000e+00,0.000000000000000000e+00,0.000000000000000000e+00,-9.995023437787970977e-01,0.000000000000000000e+00,-3.154464741744959777e-02,4.971101020941131043e-01,0.000000000000000000e+00,0.000000000000000000e+00,0.000000000000000000e+00,1.000000000000000000e+00
-3.258417232378040679e-02,0.000000000000000000e+00,9.994689948737650598e-01,6.565876101262037301e-02,0.000000000000000000e+00,1.000000000000000000e+00,0.000000000000000000e+00,0.000000000000000000e+00,-9.994689948737650598e-01,0.000000000000000000e+00,-3.258417232378040679e-02,4.969806983426215963e-01,0.000000000000000000e+00,0.000000000000000000e+00,0.000000000000000000e+00,1.000000000000000000e+00
-3.364262783007184593e-02,0.000000000000000000e+00,9.994339265767834268e-01,6.779053685065969392e-02,0.000000000000000000e+00,1.000000000000000000e+00,0.000000000000000000e+00,0.000000000000000000e+00,-9.994339265767834268e-01,0.000000000000000000e+00,-3.364262783007184593e-02,4.968466960591302328e-01,0.000000000000000000e+00,0.000000000000000000e+00,0.000000000000000000e+00,1.000000000000000000e+00
-3.472001862268840611e-02,0.000000000000000000e+00,9.993970783961899640e-01,6.996038025635369084e-02,0.000000000000000000e+00,1.000000000000000000e+00,0.000000000000000000e+00,0.000000000000000000e+00,-9.993970783961899640e-01,0.000000000000000000e+00,-3.472001862268840611e-02,4.967079730106310764e-01,0.000000000000000000e+00,0.000000000000000000e+00,0.000000000000000000e+00,1.000000000000000000e+00
-3.581634488029176305e-02,0.000000000000000000e+00,9.993583888872979992e-01,7.216828791502823137e-02,0.000000000000000000e+00,1.000000000000000000e+00,0.000000000000000000e+00,0.000000000000000000e+00,-9.993583888872979992e-01,0.000000000000000000e+00,-3.581634488029176305e-02,4.965644053123894897e-01,0.000000000000000000e+00,0.000000000000000000e+00,0.000000000000000000e+00,1.000000000000000000e+00
-3.693160230601612998e-02,0.000000000000000000e+00,9.993177956741841061e-01,7.441424743353722282e-02,0.000000000000000000e+00,1.000000000000000000e+00,0.000000000000000000e+00,0.000000000000000000e+00,-9.993177956741841061e-01,0.000000000000000000e+00,-3.693160230601612998e-02,4.964158674699445384e-01,0.000000000000000000e+00,0.000000000000000000e+00,0.000000000000000000e+00,1.000000000000000000e+00
-3.806578215965082668e-02,0.000000000000000000e+00,9.992752354724768749e-01,7.669823740650615063e-02,0.000000000000000000e+00,1.000000000000000000e+00,0.000000000000000000e+00,0.000000000000000000e+00,-9.992752354724768749e-01,0.000000000000000000e+00,-3.806578215965082668e-02,4.962622324231270587e-01,0.000000000000000000e+00,0.000000000000000000e+00,0.000000000000000000e+00,1.000000000000000000e+00
-3.921887128983798931e-02,0.000000000000000000e+00,9.992306441131352246e-01,7.902022748266575303e-02,0.000000000000000000e+00,1.000000000000000000e+00,0.000000000000000000e+00,0.000000000000000000e+00,-9.992306441131352246e-01,0.000000000000000000e+00,-3.921887128983798931e-02,4.961033715920715181e-01,0.000000000000000000e+00,0.000000000000000000e+00,0.000000000000000000e+00,1.000000000000000000e+00
-4.039085216629382386e-02,0.000000000000000000e+00,9.991839565671981616e-01,8.138017843129112527e-02,0.000000000000000000e+00,1.000000000000000000e+00,0.000000000000000000e+00,0.000000000000000000e+00,-9.991839565671981616e-01,0.000000000000000000e+00,-4.039085216629382386e-02,4.959391549251851439e-01,0.000000000000000000e+00,0.000000000000000000e+00,0.000000000000000000e+00,1.000000000000000000e+00
-4.158170291206150782e-02,0.000000000000000000e+00,9.991351069714911048e-01,8.377804220876175489e-02,0.000000000000000000e+00,1.000000000000000000e+00,0.000000000000000000e+00,0.000000000000000000e+00,-9.991351069714911048e-01,0.000000000000000000e+00,-4.158170291206150782e-02,4.957694509490435109e-01,0.000000000000000000e+00,0.000000000000000000e+00,0.000000000000000000e+00,1.000000000000000000e+00
-4.279139733580439309e-02,0.000000000000000000e+00,9.990840286552724603e-01,8.621376202525915522e-02,0.000000000000000000e+00,1.000000000000000000e+00,0.000000000000000000e+00,0.000000000000000000e+00,-9.990840286552724603e-01,0.000000000000000000e+00,-4.279139733580439309e-02,4.955941268201794481e-01,0.000000000000000000e+00,0.000000000000000000e+00,0.000000000000000000e+00,1.000000000000000000e+00
-4.401990496414782267e-02,0.000000000000000000e+00,9.990306541678024566e-01,8.868727241161758479e-02,0.000000000000000000e+00,1.000000000000000000e+00,0.000000000000000000e+00,0.000000000000000000e+00,-9.990306541678024566e-01,0.000000000000000000e+00,-4.401990496414782267e-02,4.954130483787281269e-01,0.000000000000000000e+00,0.000000000000000000e+00,0.000000000000000000e+00,1.000000000000000000e+00
-4.526719107407872061e-02,0.000000000000000000e+00,9.989749153068173682e-01,9.119849928634543579e-02,0.000000000000000000e+00,1.000000000000000000e+00,0.000000000000000000e+00,0.000000000000000000e+00,-9.989749153068173682e-01,0.000000000000000000e+00,-4.526719107407872061e-02,4.952260802038940812e-01,0.000000000000000000e+00,0.000000000000000000e+00,0.000000000000000000e+00,1.000000000000000000e+00
-4.653321672541127496e-02,0.000000000000000000e+00,9.989167431478891412e-01,9.374736002283279301e-02,0.000000000000000000e+00,1.000000000000000000e+00,0.000000000000000000e+00,0.000000000000000000e+00,-9.989167431478891412e-01,0.000000000000000000e+00,-4.653321672541127496e-02,4.950330856711992467e-01,0.000000000000000000e+00,0.000000000000000000e+00,0.000000000000000000e+00,1.000000000000000000e+00
-4.781793879332805336e-02,0.000000000000000000e+00,9.988560680746538800e-01,9.633376351676310734e-02,0.000000000000000000e+00,1.000000000000000000e+00,0.000000000000000000e+00,0.000000000000000000e+00,-9.988560680746538800e-01,0.000000000000000000e+00,-4.781793879332805336e-02,4.948339270114783250e-01,0.000000000000000000e+00,0.000000000000000000e+00,0.000000000000000000e+00,1.000000000000000000e+00
-4.912131000100528055e-02,0.000000000000000000e+00,9.987928198098868782e-01,9.895761025374494313e-02,0.000000000000000000e+00,1.000000000000000000e+00,0.000000000000000000e+00,0.000000000000000000e+00,-9.987928198098868782e-01,0.000000000000000000e+00,-4.912131000100528055e-02,4.946284653715752877e-01,0.000000000000000000e+00,0.000000000000000000e+00,0.000000000000000000e+00,1.000000000000000000e+00
-5.044327895233155501e-02,0.000000000000000000e+00,9.987269274474065428e-01,1.016187923771820489e-01,0.000000000000000000e+00,1.000000000000000000e+00,0.000000000000000000e+00,0.000000000000000000e+00,-9.987269274474065428e-01,0.000000000000000000e+00,-5.044327895233155501e-02,4.944165608767059905e-01,0.000000000000000000e+00,0.000000000000000000e+00,0.000000000000000000e+00,1.000000000000000000e+00
-5.178379016472885177e-02,0.000000000000000000e+00,9.986583194847852285e-01,1.043171937563975443e-01,0.000000000000000000e+00,1.000000000000000000e+00,0.000000000000000000e+00,0.000000000000000000e+00,-9.986583194847852285e-01,0.000000000000000000e+00,-5.178379016472885177e-02,4.941980726944407709e-01,0.000000000000000000e+00,0.000000000000000000e+00,0.000000000000000000e+00,1.000000000000000000e+00
-5.314278410208542192e-02,0.000000000000000000e+00,9.985869238568464423e-01,1.070526900550309579e-01,0.000000000000000000e+00,1.000000000000000000e+00,0.000000000000000000e+00,0.000000000000000000e+00,-9.985869238568464423e-01,0.000000000000000000e+00,-5.314278410208542192e-02,4.939728591002664482e-01,0.000000000000000000e+00,0.000000000000000000e+00,0.000000000000000000e+00,1.000000000000000000e+00
-5.452019720780934553e-02,0.000000000000000000e+00,9.985126679699269925e-01,1.098251487997240622e-01,0.000000000000000000e+00,1.000000000000000000e+00,0.000000000000000000e+00,0.000000000000000000e+00,-9.985126679699269925e-01,0.000000000000000000e+00,-5.452019720780934553e-02,4.937407775446823188e-01,0.000000000000000000e+00,0.000000000000000000e+00,0.000000000000000000e+00,1.000000000000000000e+00
-5.591596193801208481e-02,0.000000000000000000e+00,9.984354787368819872e-01,1.126344294491134213e-01,0.000000000000000000e+00,1.000000000000000000e+00,0.000000000000000000e+00,0.000000000000000000e+00,-9.984354787368819872e-01,0.000000000000000000e+00,-5.591596193801208481e-02,4.935016847217869040e-01,0.000000000000000000e+00,0.000000000000000000e+00,0.000000000000000000e+00,1.000000000000000000e+00
-5.733000679483158529e-02,0.000000000000000000e+00,9.983552826128103685e-01,1.154803834631472903e-01,0.000000000000000000e+00,1.000000000000000000e+00,0.000000000000000000e+00,0.000000000000000000e+00,-9.983552826128103685e-01,0.000000000000000000e+00,-5.733000679483158529e-02,4.932554366393084311e-01,0.000000000000000000e+00,0.000000000000000000e+00,0.000000000000000000e+00,1.000000000000000000e+00
-5.876225635990363350e-02,0.000000000000000000e+00,9.982720056314776658e-01,1.183628543727428956e-01,0.000000000000000000e+00,1.000000000000000000e+00,0.000000000000000000e+00,0.000000000000000000e+00,-9.982720056314776658e-01,0.000000000000000000e+00,-5.876225635990363350e-02,4.930018886900321418e-01,0.000000000000000000e+00,0.000000000000000000e+00,0.000000000000000000e+00,1.000000000000000000e+00
-6.021263132799088702e-02,0.000000000000000000e+00,9.981855734424133209e-01,1.212816778498023995e-01,0.000000000000000000e+00,1.000000000000000000e+00,0.000000000000000000e+00,0.000000000000000000e+00,-9.981855734424133209e-01,0.000000000000000000e+00,-6.021263132799088702e-02,4.927408957245781873e-01,0.000000000000000000e+00,0.000000000000000000e+00,0.000000000000000000e+00,1.000000000000000000e+00
-6.168104854077881977e-02,0.000000000000000000e+00,9.980959113486589374e-01,1.242366817776037469e-01,0.000000000000000000e+00,1.000000000000000000e+00,0.000000000000000000e+00,0.000000000000000000e+00,-9.980959113486589374e-01,0.000000000000000000e+00,-6.168104854077881977e-02,4.924723121254818703e-01,0.000000000000000000e+00,0.000000000000000000e+00,0.000000000000000000e+00,1.000000000000000000e+00
-6.316742102084758892e-02,0.000000000000000000e+00,9.980029443451431392e-01,1.272276863215841269e-01,0.000000000000000000e+00,1.000000000000000000e+00,0.000000000000000000e+00,0.000000000000000000e+00,-9.980029443451431392e-01,0.000000000000000000e+00,-6.316742102084758892e-02,4.921959918825263292e-01,0.000000000000000000e+00,0.000000000000000000e+00,0.000000000000000000e+00,1.000000000000000000e+00
-6.467165800582862223e-02,0.000000000000000000e+00,9.979065971576583927e-01,1.302545040005314569e-01,0.000000000000000000e+00,1.000000000000000000e+00,0.000000000000000000e+00,0.000000000000000000e+00,-9.979065971576583927e-01,0.000000000000000000e+00,-6.467165800582862223e-02,4.919117886692784269e-01,0.000000000000000000e+00,0.000000000000000000e+00,0.000000000000000000e+00,1.000000000000000000e+00
-6.619366498275539024e-02,0.000000000000000000e+00,9.978067942824155878e-01,1.333169397582022186e-01,0.000000000000000000e+00,1.000000000000000000e+00,0.000000000000000000e+00,0.000000000000000000e+00,-9.978067942824155878e-01,0.000000000000000000e+00,-6.619366498275539024e-02,4.916195559207768295e-01,0.000000000000000000e+00,0.000000000000000000e+00,0.000000000000000000e+00,1.000000000000000000e+00
-6.773334372261649583e-02,0.000000000000000000e+00,9.977034600261511788e-01,1.364147910353800675e-01,0.000000000000000000e+00,1.000000000000000000e+00,0.000000000000000000e+00,0.000000000000000000e+00,-9.977034600261511788e-01,0.000000000000000000e+00,-6.773334372261649583e-02,4.913191469123228683e-01,0.000000000000000000e+00,0.000000000000000000e+00,0.000000000000000000e+00,1.000000000000000000e+00
-6.929059231512060824e-02,0.000000000000000000e+00,9.975965185467617902e-01,1.395478478423929358e-01,0.000000000000000000e+00,1.000000000000000000e+00,0.000000000000000000e+00,0.000000000000000000e+00,-9.975965185467617902e-01,0.000000000000000000e+00,-6.929059231512060824e-02,4.910104148393215628e-01,0.000000000000000000e+00,0.000000000000000000e+00,0.000000000000000000e+00,1.000000000000000000e+00
-7.086530520368107544e-02,0.000000000000000000e+00,9.974858938944395348e-01,1.427158928321033138e-01,0.000000000000000000e+00,1.000000000000000000e+00,0.000000000000000000e+00,0.000000000000000000e+00,-9.974858938944395348e-01,0.000000000000000000e+00,-7.086530520368107544e-02,4.906932128981191243e-01,0.000000000000000000e+00,0.000000000000000000e+00,0.000000000000000000e+00,1.000000000000000000e+00
-7.245737322062952013e-02,0.000000000000000000e+00,9.973715100532831723e-01,1.459187013733881932e-01,0.000000000000000000e+00,1.000000000000000000e+00,0.000000000000000000e+00,0.000000000000000000e+00,-9.973715100532831723e-01,0.000000000000000000e+00,-7.245737322062952013e-02,4.903673943677860914e-01,0.000000000000000000e+00,0.000000000000000000e+00,0.000000000000000000e+00,1.000000000000000000e+00
-7.406668362266581596e-02,0.000000000000000000e+00,9.972532909833589088e-01,1.491560416251229426e-01,0.000000000000000000e+00,1.000000000000000000e+00,0.000000000000000000e+00,0.000000000000000000e+00,-9.972532909833589088e-01,0.000000000000000000e+00,-7.406668362266581596e-02,4.900328126927929184e-01,0.000000000000000000e+00,0.000000000000000000e+00,0.000000000000000000e+00,1.000000000000000000e+00
-7.569312012655350641e-02,0.000000000000000000e+00,9.971311606631833024e-01,1.524276746106846547e-01,0.000000000000000000e+00,1.000000000000000000e+00,0.000000000000000000e+00,0.000000000000000000e+00,-9.971311606631833024e-01,0.000000000000000000e+00,-7.569312012655350641e-02,4.896893215665213406e-01,0.000000000000000000e+00,0.000000000000000000e+00,0.000000000000000000e+00,1.000000000000000000e+00
-7.733656294506800755e-02,0.000000000000000000e+00,9.970050431326029639e-01,1.557333542929895120e-01,0.000000000000000000e+00,1.000000000000000000e+00,0.000000000000000000e+00,0.000000000000000000e+00,-9.970050431326029639e-01,0.000000000000000000e+00,-7.733656294506800755e-02,4.893367750155615536e-01,0.000000000000000000e+00,0.000000000000000000e+00,0.000000000000000000e+00,1.000000000000000000e+00
-7.899688882320565764e-02,0.000000000000000000e+00,9.968748625360427384e-01,1.590728276500774918e-01,0.000000000000000000e+00,1.000000000000000000e+00,0.000000000000000000e+00,0.000000000000000000e+00,-9.968748625360427384e-01,0.000000000000000000e+00,-7.899688882320565764e-02,4.889750274847354805e-01,0.000000000000000000e+00,0.000000000000000000e+00,0.000000000000000000e+00,1.000000000000000000e+00
-8.067397107466144079e-02,0.000000000000000000e+00,9.967405431660962822e-01,1.624458347512594547e-01,0.000000000000000000e+00,1.000000000000000000e+00,0.000000000000000000e+00,0.000000000000000000e+00,-9.967405431660962822e-01,0.000000000000000000e+00,-8.067397107466144079e-02,4.886039339227952194e-01,0.000000000000000000e+00,0.000000000000000000e+00,0.000000000000000000e+00,1.000000000000000000e+00
-8.236767961858203202e-02,0.000000000000000000e+00,9.966020095074314966e-01,1.658521088338381910e-01,0.000000000000000000e+00,1.000000000000000000e+00,0.000000000000000000e+00,0.000000000000000000e+00,-9.966020095074314966e-01,0.000000000000000000e+00,-8.236767961858203202e-02,4.882233498687393314e-01,0.000000000000000000e+00,0.000000000000000000e+00,0.000000000000000000e+00,1.000000000000000000e+00
-8.407788101660214342e-02,0.000000000000000000e+00,9.964591862809826228e-01,1.692913763804176075e-01,0.000000000000000000e+00,1.000000000000000000e+00,0.000000000000000000e+00,0.000000000000000000e+00,-9.964591862809826228e-01,0.000000000000000000e+00,-8.407788101660214342e-02,4.878331315386900680e-01,0.000000000000000000e+00,0.000000000000000000e+00,0.000000000000000000e+00,1.000000000000000000e+00
-8.580443851017079127e-02,0.000000000000000000e+00,9.963119984884023506e-01,1.727633571968120174e-01,0.000000000000000000e+00,1.000000000000000000e+00,0.000000000000000000e+00,0.000000000000000000e+00,-9.963119984884023506e-01,0.000000000000000000e+00,-8.580443851017079127e-02,4.874331359132775265e-01,0.000000000000000000e+00,0.000000000000000000e+00,0.000000000000000000e+00,1.000000000000000000e+00
-8.754721205817385388e-02,0.000000000000000000e+00,9.961603714567455192e-01,1.762677644905664975e-01,0.000000000000000000e+00,1.000000000000000000e+00,0.000000000000000000e+00,0.000000000000000000e+00,-9.961603714567455192e-01,0.000000000000000000e+00,-8.754721205817385388e-02,4.870232208254732797e-01,0.000000000000000000e+00,0.000000000000000000e+00,0.000000000000000000e+00,1.000000000000000000e+00
-8.930605837485958154e-02,0.000000000000000000e+00,9.960042308833563229e-01,1.798043049501005519e-01,0.000000000000000000e+00,1.000000000000000000e+00,0.000000000000000000e+00,0.000000000000000000e+00,-9.960042308833563229e-01,0.000000000000000000e+00,-8.930605837485958154e-02,4.866032450488155803e-01,0.000000000000000000e+00,0.000000000000000000e+00,0.000000000000000000e+00,1.000000000000000000e+00
-9.108083096807345624e-02,0.000000000000000000e+00,9.958435028809321521e-01,1.833726788244852690e-01,0.000000000000000000e+00,1.000000000000000000e+00,0.000000000000000000e+00,0.000000000000000000e+00,-9.958435028809321521e-01,0.000000000000000000e+00,-9.108083096807345624e-02,4.861730683859726287e-01,0.000000000000000000e+00,0.000000000000000000e+00,0.000000000000000000e+00,1.000000000000000000e+00
-9.287138017780748045e-02,0.000000000000000000e+00,9.956781140227343174e-01,1.869725800038641306e-01,0.000000000000000000e+00,1.000000000000000000e+00,0.000000000000000000e+00,0.000000000000000000e+00,-9.956781140227343174e-01,0.000000000000000000e+00,-9.287138017780748045e-02,4.857325517575829532e-01,0.000000000000000000e+00,0.000000000000000000e+00,0.000000000000000000e+00,1.000000000000000000e+00
-9.467755321507026478e-02,0.000000000000000000e+00,9.955079913879182341e-01,1.906036961005267705e-01,0.000000000000000000e+00,1.000000000000000000e+00,0.000000000000000000e+00,0.000000000000000000e+00,-9.955079913879182341e-01,0.000000000000000000e+00,-9.467755321507026478e-02,4.852815572913175557e-01,0.000000000000000000e+00,0.000000000000000000e+00,0.000000000000000000e+00,1.000000000000000000e+00
-9.649919420108260537e-02,0.000000000000000000e+00,9.953330626069555320e-01,1.942657085306450926e-01,0.000000000000000000e+00,1.000000000000000000e+00,0.000000000000000000e+00,0.000000000000000000e+00,-9.953330626069555320e-01,0.000000000000000000e+00,-9.649919420108260537e-02,4.848199484111076485e-01,0.000000000000000000e+00,0.000000000000000000e+00,0.000000000000000000e+00,1.000000000000000000e+00
-9.833614420680347745e-02,0.000000000000000000e+00,9.951532559071184503e-01,1.979582925966789086e-01,0.000000000000000000e+00,1.000000000000000000e+00,0.000000000000000000e+00,0.000000000000000000e+00,-9.951532559071184503e-01,0.000000000000000000e+00,-9.833614420680347745e-02,4.843475899264787499e-01,0.000000000000000000e+00,0.000000000000000000e+00,0.000000000000000000e+00,1.000000000000000000e+00
-1.001882412927918159e-01,0.000000000000000000e+00,9.949685001579986476e-01,2.016811175704605885e-01,0.000000000000000000e+00,1.000000000000000000e+00,0.000000000000000000e+00,0.000000000000000000e+00,-9.949685001579986476e-01,0.000000000000000000e+00,-1.001882412927918159e-01,4.838643481219333520e-01,0.000000000000000000e+00,0.000000000000000000e+00,0.000000000000000000e+00,1.000000000000000000e+00
-1.020553205494066779e-01,0.000000000000000000e+00,9.947787249170328971e-01,2.054338467769625809e-01,0.000000000000000000e+00,1.000000000000000000e+00,0.000000000000000000e+00,0.000000000000000000e+00,-9.947787249170328971e-01,0.000000000000000000e+00,-1.020553205494066779e-01,4.833700908463278711e-01,0.000000000000000000e+00,0.000000000000000000e+00,0.000000000000000000e+00,1.000000000000000000e+00
-1.039372141373517272e-01,0.000000000000000000e+00,9.945838604750060208e-01,2.092161376787573523e-01,0.000000000000000000e+00,1.000000000000000000e+00,0.000000000000000000e+00,0.000000000000000000e+00,-9.945838604750060208e-01,0.000000000000000000e+00,-1.039372141373517272e-01,4.828646876021825407e-01,0.000000000000000000e+00,0.000000000000000000e+00,0.000000000000000000e+00,1.000000000000000000e+00
-1.058337513285657755e-01,0.000000000000000000e+00,9.943838379015033091e-01,2.130276419611722982e-01,0.000000000000000000e+00,1.000000000000000000e+00,0.000000000000000000e+00,0.000000000000000000e+00,-9.943838379015033091e-01,0.000000000000000000e+00,-1.058337513285657755e-01,4.823480096348695678e-01,0.000000000000000000e+00,0.000000000000000000e+00,0.000000000000000000e+00,1.000000000000000000e+00
-1.077447585474640146e-01,0.000000000000000000e+00,9.941785890902844480e-01,2.168680056181467586e-01,0.000000000000000000e+00,1.000000000000000000e+00,0.000000000000000000e+00,0.000000000000000000e+00,-9.941785890902844480e-01,0.000000000000000000e+00,-1.077447585474640146e-01,4.818199300216210457e-01,0.000000000000000000e+00,0.000000000000000000e+00,0.000000000000000000e+00,1.000000000000000000e+00
-1.096700594125315092e-01,0.000000000000000000e+00,9.939680468045498651e-01,2.207368690387927768e-01,0.000000000000000000e+00,1.000000000000000000e+00,0.000000000000000000e+00,0.000000000000000000e+00,-9.939680468045498651e-01,0.000000000000000000e+00,-1.096700594125315092e-01,4.812803237602997775e-01,0.000000000000000000e+00,0.000000000000000000e+00,0.000000000000000000e+00,1.000000000000000000e+00
-1.116094747782725299e-01,0.000000000000000000e+00,9.937521447220720727e-01,2.246338670946654015e-01,0.000000000000000000e+00,1.000000000000000000e+00,0.000000000000000000e+00,0.000000000000000000e+00,-9.937521447220720727e-01,0.000000000000000000e+00,-1.116094747782725299e-01,4.807290678578762799e-01,0.000000000000000000e+00,0.000000000000000000e+00,0.000000000000000000e+00,1.000000000000000000e+00
-1.135628227775166005e-01,0.000000000000000000e+00,9.935308174801636971e-01,2.285586292277419773e-01,0.000000000000000000e+00,1.000000000000000000e+00,0.000000000000000000e+00,0.000000000000000000e+00,-9.935308174801636971e-01,0.000000000000000000e+00,-1.135628227775166005e-01,4.801660414185552339e-01,0.000000000000000000e+00,0.000000000000000000e+00,0.000000000000000000e+00,1.000000000000000000e+00
-1.155299188640842023e-01,0.000000000000000000e+00,9.933040007204532174e-01,2.325107795391153087e-01,0.000000000000000000e+00,1.000000000000000000e+00,0.000000000000000000e+00,0.000000000000000000e+00,-9.933040007204532174e-01,0.000000000000000000e+00,-1.155299188640842023e-01,4.795911257314925957e-01,0.000000000000000000e+00,0.000000000000000000e+00,0.000000000000000000e+00,1.000000000000000000e+00
-1.175105758558120106e-01,0.000000000000000000e+00,9.930716311334422119e-01,2.364899368783984768e-01,0.000000000000000000e+00,1.000000000000000000e+00,0.000000000000000000e+00,0.000000000000000000e+00,-9.930716311334422119e-01,0.000000000000000000e+00,-1.175105758558120106e-01,4.790042043580511888e-01,0.000000000000000000e+00,0.000000000000000000e+00,0.000000000000000000e+00,1.000000000000000000e+00
-1.195046039779400771e-01,0.000000000000000000e+00,9.928336465028145819e-01,2.404957149338446676e-01,0.000000000000000000e+00,1.000000000000000000e+00,0.000000000000000000e+00,0.000000000000000000e+00,-9.928336465028145819e-01,0.000000000000000000e+00,-1.195046039779400771e-01,4.784051632185342129e-01,0.000000000000000000e+00,0.000000000000000000e+00,0.000000000000000000e+00,1.000000000000000000e+00
-1.215118109068595992e-01,0.000000000000000000e+00,9.925899857494713263e-01,2.445277223231770436e-01,0.000000000000000000e+00,1.000000000000000000e+00,0.000000000000000000e+00,0.000000000000000000e+00,-9.925899857494713263e-01,0.000000000000000000e+00,-1.215118109068595992e-01,4.777938906783439355e-01,0.000000000000000000e+00,0.000000000000000000e+00,0.000000000000000000e+00,1.000000000000000000e+00
-1.235320018142229415e-01,0.000000000000000000e+00,9.923405889752624498e-01,2.485855626851316280e-01,0.000000000000000000e+00,1.000000000000000000e+00,0.000000000000000000e+00,0.000000000000000000e+00,-9.923405889752624498e-01,0.000000000000000000e+00,-1.235320018142229415e-01,4.771702776335083329e-01,0.000000000000000000e+00,0.000000000000000000e+00,0.000000000000000000e+00,1.000000000000000000e+00
-1.255649794114147844e-01,0.000000000000000000e+00,9.920853975063895769e-01,2.526688347717077066e-01,0.000000000000000000e+00,1.000000000000000000e+00,0.000000000000000000e+00,0.000000000000000000e+00,-9.920853975063895769e-01,0.000000000000000000e+00,-1.255649794114147844e-01,4.765342175955220583e-01,0.000000000000000000e+00,0.000000000000000000e+00,0.000000000000000000e+00,1.000000000000000000e+00
-1.276105439943830966e-01,0.000000000000000000e+00,9.918243539364506312e-01,2.567771325411228323e-01,0.000000000000000000e+00,1.000000000000000000e+00,0.000000000000000000e+00,0.000000000000000000e+00,-9.918243539364506312e-01,0.000000000000000000e+00,-1.276105439943830966e-01,4.758856067754445585e-01,0.000000000000000000e+00,0.000000000000000000e+00,0.000000000000000000e+00,1.000000000000000000e+00
-1.296684934888300555e-01,0.000000000000000000e+00,9.915574021691014872e-01,2.609100452514702684e-01,0.000000000000000000e+00,1.000000000000000000e+00,0.000000000000000000e+00,0.000000000000000000e+00,-9.915574021691014872e-01,0.000000000000000000e+00,-1.296684934888300555e-01,4.752243441672039936e-01,0.000000000000000000e+00,0.000000000000000000e+00,0.000000000000000000e+00,1.000000000000000000e+00
-1.317386234957597380e-01,0.000000000000000000e+00,9.912844874603065071e-01,2.650671575550710424e-01,0.000000000000000000e+00,1.000000000000000000e+00,0.000000000000000000e+00,0.000000000000000000e+00,-9.912844874603065071e-01,0.000000000000000000e+00,-1.317386234957597380e-01,4.745503316300515584e-01,0.000000000000000000e+00,0.000000000000000000e+00,0.000000000000000000e+00,1.000000000000000000e+00
-1.338207273373815398e-01,0.000000000000000000e+00,9.910055564601513156e-01,2.692480495935176132e-01,0.000000000000000000e+00,1.000000000000000000e+00,0.000000000000000000e+00,0.000000000000000000e+00,-9.910055564601513156e-01,0.000000000000000000e+00,-1.338207273373815398e-01,4.738634739701115262e-01,0.000000000000000000e+00,0.000000000000000000e+00,0.000000000000000000e+00,1.000000000000000000e+00
-1.359145961033664529e-01,0.000000000000000000e+00,9.907205572541930572e-01,2.734522970934001318e-01,0.000000000000000000e+00,1.000000000000000000e+00,0.000000000000000000e+00,0.000000000000000000e+00,-9.907205572541930572e-01,0.000000000000000000e+00,-1.359145961033664529e-01,4.731636790209781673e-01,0.000000000000000000e+00,0.000000000000000000e+00,0.000000000000000000e+00,1.000000000000000000e+00
-1.380200186974529786e-01,0.000000000000000000e+00,9.904294394043196004e-01,2.776794714627093819e-01,0.000000000000000000e+00,1.000000000000000000e+00,0.000000000000000000e+00,0.000000000000000000e+00,-9.904294394043196004e-01,0.000000000000000000e+00,-1.380200186974529786e-01,4.724508577233012541e-01,0.000000000000000000e+00,0.000000000000000000e+00,0.000000000000000000e+00,1.000000000000000000e+00
-1.401367818843997914e-01,0.000000000000000000e+00,9.901321539890945989e-01,2.819291398879070210e-01,0.000000000000000000e+00,1.000000000000000000e+00,0.000000000000000000e+00,0.000000000000000000e+00,-9.901321539890945989e-01,0.000000000000000000e+00,-1.401367818843997914e-01,4.717249242033149659e-01,0.000000000000000000e+00,0.000000000000000000e+00,0.000000000000000000e+00,1.000000000000000000e+00
-1.422646703372811572e-01,0.000000000000000000e+00,9.898286536435609850e-01,2.862008654316552381e-01,0.000000000000000000e+00,1.000000000000000000e+00,0.000000000000000000e+00,0.000000000000000000e+00,-9.898286536435609850e-01,0.000000000000000000e+00,-1.422646703372811572e-01,4.709857958502536301e-01,0.000000000000000000e+00,0.000000000000000000e+00,0.000000000000000000e+00,1.000000000000000000e+00
-1.444034666851201909e-01,0.000000000000000000e+00,9.895188925984785833e-01,2.904942071311933938e-01,0.000000000000000000e+00,1.000000000000000000e+00,0.000000000000000000e+00,0.000000000000000000e+00,-9.895188925984785833e-01,0.000000000000000000e+00,-1.444034666851201909e-01,4.702333933926075016e-01,0.000000000000000000e+00,0.000000000000000000e+00,0.000000000000000000e+00,1.000000000000000000e+00
-1.465529515608567368e-01,0.000000000000000000e+00,9.892028267189703072e-01,2.948087200973532607e-01,0.000000000000000000e+00,1.000000000000000000e+00,0.000000000000000000e+00,0.000000000000000000e+00,-9.892028267189703072e-01,0.000000000000000000e+00,-1.465529515608567368e-01,4.694676409731651789e-01,0.000000000000000000e+00,0.000000000000000000e+00,0.000000000000000000e+00,1.000000000000000000e+00
-1.487129036496427359e-01,0.000000000000000000e+00,9.888804135425537378e-01,2.991439556141988754e-01,0.000000000000000000e+00,1.000000000000000000e+00,0.000000000000000000e+00,0.000000000000000000e+00,-9.888804135425537378e-01,0.000000000000000000e+00,-1.487129036496427359e-01,4.686884662227979725e-01,0.000000000000000000e+00,0.000000000000000000e+00,0.000000000000000000e+00,1.000000000000000000e+00
-1.508830997374618066e-01,0.000000000000000000e+00,9.885516123165321023e-01,3.034994612392810653e-01,0.000000000000000000e+00,1.000000000000000000e+00,0.000000000000000000e+00,0.000000000000000000e+00,-9.885516123165321023e-01,0.000000000000000000e+00,-1.508830997374618066e-01,4.678958003329332094e-01,0.000000000000000000e+00,0.000000000000000000e+00,0.000000000000000000e+00,1.000000000000000000e+00
-1.530633147600645450e-01,0.000000000000000000e+00,9.882163840347221173e-01,3.078747809044882766e-01,0.000000000000000000e+00,1.000000000000000000e+00,0.000000000000000000e+00,0.000000000000000000e+00,-9.882163840347221173e-01,0.000000000000000000e+00,-1.530633147600645450e-01,4.670895781266719005e-01,0.000000000000000000e+00,0.000000000000000000e+00,0.000000000000000000e+00,1.000000000000000000e+00
-1.552533218522159641e-01,0.000000000000000000e+00,9.878746914734946039e-01,3.122694550174870409e-01,0.000000000000000000e+00,1.000000000000000000e+00,0.000000000000000000e+00,0.000000000000000000e+00,-9.878746914734946039e-01,0.000000000000000000e+00,-1.552533218522159641e-01,4.662697381285019760e-01,0.000000000000000000e+00,0.000000000000000000e+00,0.000000000000000000e+00,1.000000000000000000e+00
-1.574528923972452199e-01,0.000000000000000000e+00,9.875264992271050035e-01,3.166830205637276019e-01,0.000000000000000000e+00,1.000000000000000000e+00,0.000000000000000000e+00,0.000000000000000000e+00,-9.875264992271050035e-01,0.000000000000000000e+00,-1.574528923972452199e-01,4.654362226325622354e-01,0.000000000000000000e+00,0.000000000000000000e+00,0.000000000000000000e+00,1.000000000000000000e+00
-1.596617960768932365e-01,0.000000000000000000e+00,9.871717737422908145e-01,3.211150112090081499e-01,0.000000000000000000e+00,1.000000000000000000e+00,0.000000000000000000e+00,0.000000000000000000e+00,-9.871717737422908145e-01,0.000000000000000000e+00,-1.596617960768932365e-01,4.645889777694102163e-01,0.000000000000000000e+00,0.000000000000000000e+00,0.000000000000000000e+00,1.000000000000000000e+00
-1.618798009214480471e-01,0.000000000000000000e+00,9.868104833521137431e-01,3.255649574025720749e-01,0.000000000000000000e+00,1.000000000000000000e+00,0.000000000000000000e+00,0.000000000000000000e+00,-9.868104833521137431e-01,0.000000000000000000e+00,-1.618798009214480471e-01,4.637279535712506284e-01,0.000000000000000000e+00,0.000000000000000000e+00,0.000000000000000000e+00,1.000000000000000000e+00
-1.641066733601617977e-01,0.000000000000000000e+00,9.864425983090253647e-01,3.300323864807280239e-01,0.000000000000000000e+00,1.000000000000000000e+00,0.000000000000000000e+00,0.000000000000000000e+00,-9.864425983090253647e-01,0.000000000000000000e+00,-1.641066733601617977e-01,4.628531040355807757e-01,0.000000000000000000e+00,0.000000000000000000e+00,0.000000000000000000e+00,1.000000000000000000e+00
-1.663421782719398112e-01,0.000000000000000000e+00,9.860680908171333137e-01,3.345168227709699460e-01,0.000000000000000000e+00,1.000000000000000000e+00,0.000000000000000000e+00,0.000000000000000000e+00,-9.860680908171333137e-01,0.000000000000000000e+00,-1.663421782719398112e-01,4.619643871872090579e-01,0.000000000000000000e+00,0.000000000000000000e+00,0.000000000000000000e+00,1.000000000000000000e+00
-1.685860790362930517e-01,0.000000000000000000e+00,9.856869350636482396e-01,3.390177876965794201e-01,0.000000000000000000e+00,1.000000000000000000e+00,0.000000000000000000e+00,0.000000000000000000e+00,-9.856869350636482396e-01,0.000000000000000000e+00,-1.685860790362930517e-01,4.610617651386048066e-01,0.000000000000000000e+00,0.000000000000000000e+00,0.000000000000000000e+00,1.000000000000000000e+00
-1.708381375845449135e-01,0.000000000000000000e+00,9.852991072494911018e-01,3.435347998816902226e-01,0.000000000000000000e+00,1.000000000000000000e+00,0.000000000000000000e+00,0.000000000000000000e+00,-9.852991072494911018e-01,0.000000000000000000e+00,-1.708381375845449135e-01,4.601452041485413758e-01,0.000000000000000000e+00,0.000000000000000000e+00,0.000000000000000000e+00,1.000000000000000000e+00
-1.730981144512827030e-01,0.000000000000000000e+00,9.849045856190388193e-01,3.480673752567949308e-01,0.000000000000000000e+00,1.000000000000000000e+00,0.000000000000000000e+00,0.000000000000000000e+00,-9.849045856190388193e-01,0.000000000000000000e+00,-1.730981144512827030e-01,4.592146746789866896e-01,0.000000000000000000e+00,0.000000000000000000e+00,0.000000000000000000e+00,1.000000000000000000e+00
-1.753657688260430725e-01,0.000000000000000000e+00,9.845033504889918463e-01,3.526150271646708023e-01,0.000000000000000000e+00,1.000000000000000000e+00,0.000000000000000000e+00,0.000000000000000000e+00,-9.845033504889918463e-01,0.000000000000000000e+00,-1.753657688260430725e-01,4.582701514502096618e-01,0.000000000000000000e+00,0.000000000000000000e+00,0.000000000000000000e+00,1.000000000000000000e+00
-1.776408586052227179e-01,0.000000000000000000e+00,9.840953842763410231e-01,3.571772664667050567e-01,0.000000000000000000e+00,1.000000000000000000e+00,0.000000000000000000e+00,0.000000000000000000e+00,-9.840953842763410231e-01,0.000000000000000000e+00,-1.776408586052227179e-01,4.573116134940578559e-01,0.000000000000000000e+00,0.000000000000000000e+00,0.000000000000000000e+00,1.000000000000000000e+00
-1.799231404442017401e-01,0.000000000000000000e+00,9.836806715254173827e-01,3.617536016495954132e-01,0.000000000000000000e+00,1.000000000000000000e+00,0.000000000000000000e+00,0.000000000000000000e+00,-9.836806715254173827e-01,0.000000000000000000e+00,-1.799231404442017401e-01,4.563390442053727458e-01,0.000000000000000000e+00,0.000000000000000000e+00,0.000000000000000000e+00,1.000000000000000000e+00
-1.822123698096693167e-01,0.000000000000000000e+00,9.832591989340065952e-01,3.663435389324012914e-01,0.000000000000000000e+00,1.000000000000000000e+00,0.000000000000000000e+00,0.000000000000000000e+00,-9.832591989340065952e-01,0.000000000000000000e+00,-1.822123698096693167e-01,4.553524313915079946e-01,0.000000000000000000e+00,0.000000000000000000e+00,0.000000000000000000e+00,1.000000000000000000e+00
-1.845083010321402484e-01,0.000000000000000000e+00,9.828309553785091746e-01,3.709465823739237500e-01,0.000000000000000000e+00,1.000000000000000000e+00,0.000000000000000000e+00,0.000000000000000000e+00,-9.828309553785091746e-01,0.000000000000000000e+00,-1.845083010321402484e-01,4.543517673199118923e-01,0.000000000000000000e+00,0.000000000000000000e+00,0.000000000000000000e+00,1.000000000000000000e+00
-1.868106873586516670e-01,0.000000000000000000e+00,9.823959319381305733e-01,3.755622339803895704e-01,0.000000000000000000e+00,1.000000000000000000e+00,0.000000000000000000e+00,0.000000000000000000e+00,-9.823959319381305733e-01,0.000000000000000000e+00,-1.868106873586516670e-01,4.533370487637437551e-01,0.000000000000000000e+00,0.000000000000000000e+00,0.000000000000000000e+00,1.000000000000000000e+00
-1.891192810056249729e-01,0.000000000000000000e+00,9.819541219180840663e-01,3.801899938134103429e-01,0.000000000000000000e+00,1.000000000000000000e+00,0.000000000000000000e+00,0.000000000000000000e+00,-9.819541219180840663e-01,0.000000000000000000e+00,-1.891192810056249729e-01,4.523082770454898704e-01,0.000000000000000000e+00,0.000000000000000000e+00,0.000000000000000000e+00,1.000000000000000000e+00
-1.914338332118841746e-01,0.000000000000000000e+00,9.815055208717903268e-01,3.848293600981965157e-01,0.000000000000000000e+00,1.000000000000000000e+00,0.000000000000000000e+00,0.000000000000000000e+00,-9.815055208717903268e-01,0.000000000000000000e+00,-1.914338332118841746e-01,4.512654580785475100e-01,0.000000000000000000e+00,0.000000000000000000e+00,0.000000000000000000e+00,1.000000000000000000e+00
-1.937540942918144771e-01,0.000000000000000000e+00,9.810501266220593708e-01,3.894798293319932658e-01,0.000000000000000000e+00,1.000000000000000000e+00,0.000000000000000000e+00,0.000000000000000000e+00,-9.810501266220593708e-01,0.000000000000000000e+00,-1.937540942918144771e-01,4.502086024067490366e-01,0.000000000000000000e+00,0.000000000000000000e+00,0.000000000000000000e+00,1.000000000000000000e+00
-1.960798136886516829e-01,0.000000000000000000e+00,9.805879392812373307e-01,3.941408963927178766e-01,0.000000000000000000e+00,1.000000000000000000e+00,0.000000000000000000e+00,0.000000000000000000e+00,-9.805879392812373307e-01,0.000000000000000000e+00,-1.960798136886516829e-01,4.491377252417910748e-01,0.000000000000000000e+00,0.000000000000000000e+00,0.000000000000000000e+00,1.000000000000000000e+00
-1.984107400278855571e-01,0.000000000000000000e+00,9.801189612703076204e-01,3.988120546477651462e-01,0.000000000000000000e+00,1.000000000000000000e+00,0.000000000000000000e+00,0.000000000000000000e+00,-9.801189612703076204e-01,0.000000000000000000e+00,-1.984107400278855571e-01,4.480528464985492065e-01,0.000000000000000000e+00,0.000000000000000000e+00,0.000000000000000000e+00,1.000000000000000000e+00
-2.007466211707659709e-01,0.000000000000000000e+00,9.796431973369288393e-01,4.034927960629557386e-01,0.000000000000000000e+00,1.000000000000000000e+00,0.000000000000000000e+00,0.000000000000000000e+00,-9.796431973369288393e-01,0.000000000000000000e+00,-2.007466211707659709e-01,4.469539908282426643e-01,0.000000000000000000e+00,0.000000000000000000e+00,0.000000000000000000e+00,1.000000000000000000e+00
-2.030872042678976697e-01,0.000000000000000000e+00,9.791606545723992028e-01,4.081826113115991084e-01,0.000000000000000000e+00,1.000000000000000000e+00,0.000000000000000000e+00,0.000000000000000000e+00,-9.791606545723992028e-01,0.000000000000000000e+00,-2.030872042678976697e-01,4.458411876494294823e-01,0.000000000000000000e+00,0.000000000000000000e+00,0.000000000000000000e+00,1.000000000000000000e+00
-2.054322358129088977e-01,0.000000000000000000e+00,9.786713424275329531e-01,4.128809898836405257e-01,0.000000000000000000e+00,1.000000000000000000e+00,0.000000000000000000e+00,0.000000000000000000e+00,-9.786713424275329531e-01,0.000000000000000000e+00,-2.054322358129088977e-01,4.447144711768044600e-01,0.000000000000000000e+00,0.000000000000000000e+00,0.000000000000000000e+00,1.000000000000000000e+00
-2.077814616961801697e-01,0.000000000000000000e+00,9.781752727274385384e-01,4.175874201948634457e-01,0.000000000000000000e+00,1.000000000000000000e+00,0.000000000000000000e+00,0.000000000000000000e+00,-9.781752727274385384e-01,0.000000000000000000e+00,-2.077814616961801697e-01,4.435738804477784014e-01,0.000000000000000000e+00,0.000000000000000000e+00,0.000000000000000000e+00,1.000000000000000000e+00
-2.101346272586185893e-01,0.000000000000000000e+00,9.776724596851859017e-01,4.223013896961169689e-01,0.000000000000000000e+00,1.000000000000000000e+00,0.000000000000000000e+00,0.000000000000000000e+00,-9.776724596851859017e-01,0.000000000000000000e+00,-2.101346272586185893e-01,4.424194593468159242e-01,0.000000000000000000e+00,0.000000000000000000e+00,0.000000000000000000e+00,1.000000000000000000e+00
-2.124914773454631423e-01,0.000000000000000000e+00,9.771629199143521127e-01,4.270223849825398044e-01,0.000000000000000000e+00,1.000000000000000000e+00,0.000000000000000000e+00,0.000000000000000000e+00,-9.771629199143521127e-01,0.000000000000000000e+00,-2.124914773454631423e-01,4.412512566275096915e-01,0.000000000000000000e+00,0.000000000000000000e+00,0.000000000000000000e+00,1.000000000000000000e+00
-2.148517563601058111e-01,0.000000000000000000e+00,9.766466724404367916e-01,4.317498919027467075e-01,0.000000000000000000e+00,1.000000000000000000e+00,0.000000000000000000e+00,0.000000000000000000e+00,-9.766466724404367916e-01,0.000000000000000000e+00,-2.148517563601058111e-01,4.400693259323754658e-01,0.000000000000000000e+00,0.000000000000000000e+00,0.000000000000000000e+00,1.000000000000000000e+00
-2.172152083179141324e-01,0.000000000000000000e+00,9.761237387111355579e-01,4.364833956679513571e-01,0.000000000000000000e+00,1.000000000000000000e+00,0.000000000000000000e+00,0.000000000000000000e+00,-9.761237387111355579e-01,0.000000000000000000e+00,-2.172152083179141324e-01,4.388737258103442840e-01,0.000000000000000000e+00,0.000000000000000000e+00,0.000000000000000000e+00,1.000000000000000000e+00
-2.195815769000384332e-01,0.000000000000000000e+00,9.755941426054650645e-01,4.412223809609887026e-01,0.000000000000000000e+00,1.000000000000000000e+00,0.000000000000000000e+00,0.000000000000000000e+00,-9.755941426054650645e-01,0.000000000000000000e+00,-2.195815769000384332e-01,4.376645197319409819e-01,0.000000000000000000e+00,0.000000000000000000e+00,0.000000000000000000e+00,1.000000000000000000e+00
-2.219506055071913120e-01,0.000000000000000000e+00,9.750579104417291809e-01,4.459663320452116331e-01,0.000000000000000000e+00,1.000000000000000000e+00,0.000000000000000000e+00,0.000000000000000000e+00,-9.750579104417291809e-01,0.000000000000000000e+00,-2.219506055071913120e-01,4.364417761021278097e-01,0.000000000000000000e+00,0.000000000000000000e+00,0.000000000000000000e+00,1.000000000000000000e+00
-2.243220373133799628e-01,0.000000000000000000e+00,9.745150709843202197e-01,4.507147328732243330e-01,0.000000000000000000e+00,1.000000000000000000e+00,0.000000000000000000e+00,0.000000000000000000e+00,-9.745150709843202197e-01,0.000000000000000000e+00,-2.243220373133799628e-01,4.352055682708019790e-01,0.000000000000000000e+00,0.000000000000000000e+00,0.000000000000000000e+00,1.000000000000000000e+00
-2.266956153195801849e-01,0.000000000000000000e+00,9.739656554493474339e-01,4.554670671954265115e-01,0.000000000000000000e+00,1.000000000000000000e+00,0.000000000000000000e+00,0.000000000000000000e+00,-9.739656554493474339e-01,0.000000000000000000e+00,-2.266956153195801849e-01,4.339559745409330427e-01,0.000000000000000000e+00,0.000000000000000000e+00,0.000000000000000000e+00,1.000000000000000000e+00
-2.290710824073318719e-01,0.000000000000000000e+00,9.734096975090875681e-01,4.602228186683295363e-01,0.000000000000000000e+00,1.000000000000000000e+00,0.000000000000000000e+00,0.000000000000000000e+00,-9.734096975090875681e-01,0.000000000000000000e+00,-2.290710824073318719e-01,4.326930781743297816e-01,0.000000000000000000e+00,0.000000000000000000e+00,0.000000000000000000e+00,1.000000000000000000e+00
-2.314481813922447395e-01,0.000000000000000000e+00,9.728472332952500246e-01,4.649814709626206577e-01,0.000000000000000000e+00,1.000000000000000000e+00,0.000000000000000000e+00,0.000000000000000000e+00,-9.728472332952500246e-01,0.000000000000000000e+00,-2.314481813922447395e-01,4.314169673950227768e-01,0.000000000000000000e+00,0.000000000000000000e+00,0.000000000000000000e+00,1.000000000000000000e+00
-2.338266550773936692e-01,0.000000000000000000e+00,9.722783014010533131e-01,4.697425078709338564e-01,0.000000000000000000e+00,1.000000000000000000e+00,0.000000000000000000e+00,0.000000000000000000e+00,-9.722783014010533131e-01,0.000000000000000000e+00,-2.338266550773936692e-01,4.301277353902572820e-01,0.000000000000000000e+00,0.000000000000000000e+00,0.000000000000000000e+00,1.000000000000000000e+00
-2.362062463065929541e-01,0.000000000000000000e+00,9.717029428821079007e-01,4.745054134153041114e-01,0.000000000000000000e+00,1.000000000000000000e+00,0.000000000000000000e+00,0.000000000000000000e+00,-9.717029428821079007e-01,0.000000000000000000e+00,-2.362062463065929541e-01,4.288254803090866263e-01,0.000000000000000000e+00,0.000000000000000000e+00,0.000000000000000000e+00,1.000000000000000000e+00
-2.385866980175289642e-01,0.000000000000000000e+00,9.711212012561009077e-01,4.792696719542663963e-01,0.000000000000000000e+00,1.000000000000000000e+00,0.000000000000000000e+00,0.000000000000000000e+00,-9.711212012561009077e-01,0.000000000000000000e+00,-2.385866980175289642e-01,4.275103052585590424e-01,0.000000000000000000e+00,0.000000000000000000e+00,0.000000000000000000e+00,1.000000000000000000e+00
-2.409677532947383238e-01,0.000000000000000000e+00,9.705331225012807650e-01,4.840347682895694281e-01,0.000000000000000000e+00,1.000000000000000000e+00,0.000000000000000000e+00,0.000000000000000000e+00,-9.705331225012807650e-01,0.000000000000000000e+00,-2.409677532947383238e-01,4.261823182974940893e-01,0.000000000000000000e+00,0.000000000000000000e+00,0.000000000000000000e+00,1.000000000000000000e+00
-2.433491554224142261e-01,0.000000000000000000e+00,9.699387550537392766e-01,4.888001877724726385e-01,0.000000000000000000e+00,1.000000000000000000e+00,0.000000000000000000e+00,0.000000000000000000e+00,-9.699387550537392766e-01,0.000000000000000000e+00,-2.433491554224142261e-01,4.248416324278450062e-01,0.000000000000000000e+00,0.000000000000000000e+00,0.000000000000000000e+00,1.000000000000000000e+00
-2.457306479370249541e-01,0.000000000000000000e+00,9.693381498034883137e-01,4.935654164095914509e-01,0.000000000000000000e+00,1.000000000000000000e+00,0.000000000000000000e+00,0.000000000000000000e+00,-9.693381498034883137e-01,0.000000000000000000e+00,-2.457306479370249541e-01,4.234883655836423344e-01,0.000000000000000000e+00,0.000000000000000000e+00,0.000000000000000000e+00,1.000000000000000000e+00
-2.481119746797302295e-01,0.000000000000000000e+00,9.687313600893309173e-01,4.983299409682633851e-01,0.000000000000000000e+00,1.000000000000000000e+00,0.000000000000000000e+00,0.000000000000000000e+00,-9.687313600893309173e-01,0.000000000000000000e+00,-2.481119746797302295e-01,4.221226406175187518e-01,0.000000000000000000e+00,0.000000000000000000e+00,0.000000000000000000e+00,1.000000000000000000e+00
-2.504928798485775432e-01,0.000000000000000000e+00,9.681184416925265879e-01,5.030932490813982971e-01,0.000000000000000000e+00,1.000000000000000000e+00,0.000000000000000000e+00,0.000000000000000000e+00,-9.681184416925265879e-01,0.000000000000000000e+00,-2.504928798485775432e-01,4.207445852848168411e-01,0.000000000000000000e+00,0.000000000000000000e+00,0.000000000000000000e+00,1.000000000000000000e+00
-2.528731080504635353e-01,0.000000000000000000e+00,9.674994528292502061e-01,5.078548293517827217e-01,0.000000000000000000e+00,1.000000000000000000e+00,0.000000000000000000e+00,0.000000000000000000e+00,-9.674994528292502061e-01,0.000000000000000000e+00,-2.528731080504635353e-01,4.193543322252779593e-01,0.000000000000000000e+00,0.000000000000000000e+00,0.000000000000000000e+00,1.000000000000000000e+00
-2.552524043528452413e-01,0.000000000000000000e+00,9.668744541418454741e-01,5.126141714558082318e-01,0.000000000000000000e+00,1.000000000000000000e+00,0.000000000000000000e+00,0.000000000000000000e+00,-9.668744541418454741e-01,0.000000000000000000e+00,-2.552524043528452413e-01,4.179520189423165388e-01,0.000000000000000000e+00,0.000000000000000000e+00,0.000000000000000000e+00,1.000000000000000000e+00
-2.576305143351855786e-01,0.000000000000000000e+00,9.662435086888748748e-01,5.173707662465915069e-01,0.000000000000000000e+00,1.000000000000000000e+00,0.000000000000000000e+00,0.000000000000000000e+00,-9.662435086888748748e-01,0.000000000000000000e+00,-2.576305143351855786e-01,4.165377877798835948e-01,0.000000000000000000e+00,0.000000000000000000e+00,0.000000000000000000e+00,1.000000000000000000e+00
-2.600071841401155326e-01,0.000000000000000000e+00,9.656066819339683693e-01,5.221241058564513038e-01,0.000000000000000000e+00,1.000000000000000000e+00,0.000000000000000000e+00,0.000000000000000000e+00,-9.656066819339683693e-01,0.000000000000000000e+00,-2.600071841401155326e-01,4.151117858969254337e-01,0.000000000000000000e+00,0.000000000000000000e+00,0.000000000000000000e+00,1.000000000000000000e+00
-2.623821605243008004e-01,0.000000000000000000e+00,9.649640417334731657e-01,5.268736837987194610e-01,0.000000000000000000e+00,1.000000000000000000e+00,0.000000000000000000e+00,0.000000000000000000e+00,-9.649640417334731657e-01,0.000000000000000000e+00,-2.623821605243008004e-01,4.136741652394432256e-01,0.000000000000000000e+00,0.000000000000000000e+00,0.000000000000000000e+00,1.000000000000000000e+00
-2.647551909089961852e-01,0.000000000000000000e+00,9.643156583229067769e-01,5.316189950688481325e-01,0.000000000000000000e+00,1.000000000000000000e+00,0.000000000000000000e+00,0.000000000000000000e+00,-9.643156583229067769e-01,0.000000000000000000e+00,-2.647551909089961852e-01,4.122250825101585470e-01,0.000000000000000000e+00,0.000000000000000000e+00,0.000000000000000000e+00,1.000000000000000000e+00
-2.671260234302719749e-01,0.000000000000000000e+00,9.636616043022206979e-01,5.363595362447871606e-01,0.000000000000000000e+00,1.000000000000000000e+00,0.000000000000000000e+00,0.000000000000000000e+00,-9.636616043022206979e-01,0.000000000000000000e+00,-2.671260234302719749e-01,4.107646991358002708e-01,0.000000000000000000e+00,0.000000000000000000e+00,0.000000000000000000e+00,1.000000000000000000e+00
-2.694944069888973170e-01,0.000000000000000000e+00,9.630019546198764768e-01,5.410948055865975048e-01,0.000000000000000000e+00,1.000000000000000000e+00,0.000000000000000000e+00,0.000000000000000000e+00,-9.630019546198764768e-01,0.000000000000000000e+00,-2.694944069888973170e-01,4.092931812320185214e-01,0.000000000000000000e+00,0.000000000000000000e+00,0.000000000000000000e+00,1.000000000000000000e+00
-2.718600912998699881e-01,0.000000000000000000e+00,9.623367865557391765e-01,5.458243031352815189e-01,0.000000000000000000e+00,1.000000000000000000e+00,0.000000000000000000e+00,0.000000000000000000e+00,-9.623367865557391765e-01,0.000000000000000000e+00,-2.718600912998699881e-01,4.078106995659351863e-01,0.000000000000000000e+00,0.000000000000000000e+00,0.000000000000000000e+00,1.000000000000000000e+00
-2.742228269415710740e-01,0.000000000000000000e+00,9.616661797027974412e-01,5.505475308107862231e-01,0.000000000000000000e+00,1.000000000000000000e+00,0.000000000000000000e+00,0.000000000000000000e+00,-9.616661797027974412e-01,0.000000000000000000e+00,-2.742228269415710740e-01,4.063174295163509142e-01,0.000000000000000000e+00,0.000000000000000000e+00,0.000000000000000000e+00,1.000000000000000000e+00
-2.765823654045354019e-01,0.000000000000000000e+00,9.609902159477129446e-01,5.552639925091635842e-01,0.000000000000000000e+00,1.000000000000000000e+00,0.000000000000000000e+00,0.000000000000000000e+00,-9.609902159477129446e-01,0.000000000000000000e+00,-2.765823654045354019e-01,4.048135510316158148e-01,0.000000000000000000e+00,0.000000000000000000e+00,0.000000000000000000e+00,1.000000000000000000e+00
-2.789384591398239022e-01,0.000000000000000000e+00,9.603089794502084331e-01,5.599731941988562722e-01,0.000000000000000000e+00,1.000000000000000000e+00,0.000000000000000000e+00,0.000000000000000000e+00,-9.603089794502084331e-01,0.000000000000000000e+00,-2.789384591398239022e-01,4.032992485851821240e-01,0.000000000000000000e+00,0.000000000000000000e+00,0.000000000000000000e+00,1.000000000000000000e+00
-2.812908616069800805e-01,0.000000000000000000e+00,9.596225566213013591e-01,5.646746440160784752e-01,0.000000000000000000e+00,1.000000000000000000e+00,0.000000000000000000e+00,0.000000000000000000e+00,-9.596225566213013591e-01,0.000000000000000000e+00,-2.812908616069800805e-01,4.017747111288543782e-01,0.000000000000000000e+00,0.000000000000000000e+00,0.000000000000000000e+00,1.000000000000000000e+00
-2.836393273215619959e-01,0.000000000000000000e+00,9.589310361003922090e-01,5.693678523592705654e-01,0.000000000000000000e+00,1.000000000000000000e+00,0.000000000000000000e+00,0.000000000000000000e+00,-9.589310361003922090e-01,0.000000000000000000e+00,-2.836393273215619959e-01,4.002401320437562471e-01,0.000000000000000000e+00,0.000000000000000000e+00,0.000000000000000000e+00,1.000000000000000000e+00
-2.859836119022319822e-01,0.000000000000000000e+00,9.582345087312152954e-01,5.740523319825951987e-01,0.000000000000000000e+00,1.000000000000000000e+00,0.000000000000000000e+00,0.000000000000000000e+00,-9.582345087312152954e-01,0.000000000000000000e+00,-2.859836119022319822e-01,3.986957090890303479e-01,0.000000000000000000e+00,0.000000000000000000e+00,0.000000000000000000e+00,1.000000000000000000e+00
-2.883234721173954518e-01,0.000000000000000000e+00,9.575330675366618971e-01,5.787275980884567517e-01,0.000000000000000000e+00,1.000000000000000000e+00,0.000000000000000000e+00,0.000000000000000000e+00,-9.575330675366618971e-01,0.000000000000000000e+00,-2.883234721173954518e-01,3.971416443482916891e-01,0.000000000000000000e+00,0.000000000000000000e+00,0.000000000000000000e+00,1.000000000000000000e+00
-2.906586659313722953e-01,0.000000000000000000e+00,9.568268076924867360e-01,5.833931684190107880e-01,0.000000000000000000e+00,1.000000000000000000e+00,0.000000000000000000e+00,0.000000000000000000e+00,-9.568268076924867360e-01,0.000000000000000000e+00,-2.906586659313722953e-01,3.955781441738577819e-01,0.000000000000000000e+00,0.000000000000000000e+00,0.000000000000000000e+00,1.000000000000000000e+00
-2.929889525500920522e-01,0.000000000000000000e+00,9.561158264999067846e-01,5.880485633466485673e-01,0.000000000000000000e+00,1.000000000000000000e+00,0.000000000000000000e+00,0.000000000000000000e+00,-9.561158264999067846e-01,0.000000000000000000e+00,-2.929889525500920522e-01,3.940054191287745144e-01,0.000000000000000000e+00,0.000000000000000000e+00,0.000000000000000000e+00,1.000000000000000000e+00
-2.953140924662985833e-01,0.000000000000000000e+00,9.554002233571051717e-01,5.926933059634262868e-01,0.000000000000000000e+00,1.000000000000000000e+00,0.000000000000000000e+00,0.000000000000000000e+00,-9.554002233571051717e-01,0.000000000000000000e+00,-2.953140924662985833e-01,3.924236839266633803e-01,0.000000000000000000e+00,0.000000000000000000e+00,0.000000000000000000e+00,1.000000000000000000e+00
-2.976338475042527576e-01,0.000000000000000000e+00,9.546800997296503999e-01,5.973269221694174069e-01,0.000000000000000000e+00,1.000000000000000000e+00,0.000000000000000000e+00,0.000000000000000000e+00,-9.546800997296503999e-01,0.000000000000000000e+00,-2.976338475042527576e-01,3.908331573694124317e-01,0.000000000000000000e+00,0.000000000000000000e+00,0.000000000000000000e+00,1.000000000000000000e+00
-2.999479808639250455e-01,0.000000000000000000e+00,9.539555591198440876e-01,6.019489407599732944e-01,0.000000000000000000e+00,1.000000000000000000e+00,0.000000000000000000e+00,0.000000000000000000e+00,-9.539555591198440876e-01,0.000000000000000000e+00,-2.999479808639250455e-01,3.892340622827374919e-01,0.000000000000000000e+00,0.000000000000000000e+00,0.000000000000000000e+00,1.000000000000000000e+00
-3.022562571646615903e-01,0.000000000000000000e+00,9.532267070350105564e-01,6.065588935118582103e-01,0.000000000000000000e+00,1.000000000000000000e+00,0.000000000000000000e+00,0.000000000000000000e+00,-9.532267070350105564e-01,0.000000000000000000e+00,-3.022562571646615903e-01,3.876266254496417707e-01,0.000000000000000000e+00,0.000000000000000000e+00,0.000000000000000000e+00,1.000000000000000000e+00
-3.045584424883193142e-01,0.000000000000000000e+00,9.524936509547394792e-01,6.111563152682522038e-01,0.000000000000000000e+00,1.000000000000000000e+00,0.000000000000000000e+00,0.000000000000000000e+00,-9.524936509547394792e-01,0.000000000000000000e+00,-3.045584424883193142e-01,3.860110775417959772e-01,0.000000000000000000e+00,0.000000000000000000e+00,0.000000000000000000e+00,1.000000000000000000e+00
-3.068543044218550730e-01,0.000000000000000000e+00,9.517565002970977961e-01,6.157407440225900475e-01,0.000000000000000000e+00,1.000000000000000000e+00,0.000000000000000000e+00,0.000000000000000000e+00,-9.517565002970977961e-01,0.000000000000000000e+00,-3.068543044218550730e-01,3.843876530488740118e-01,0.000000000000000000e+00,0.000000000000000000e+00,0.000000000000000000e+00,1.000000000000000000e+00
-3.091436120993637515e-01,0.000000000000000000e+00,9.510153663838235572e-01,6.203117210012306648e-01,0.000000000000000000e+00,1.000000000000000000e+00,0.000000000000000000e+00,0.000000000000000000e+00,-9.510153663838235572e-01,0.000000000000000000e+00,-3.091436120993637515e-01,3.827565902058682745e-01,0.000000000000000000e+00,0.000000000000000000e+00,0.000000000000000000e+00,1.000000000000000000e+00
-3.114261362435519209e-01,0.000000000000000000e+00,9.502703624045173436e-01,6.248687907449267387e-01,0.000000000000000000e+00,1.000000000000000000e+00,0.000000000000000000e+00,0.000000000000000000e+00,-9.502703624045173436e-01,0.000000000000000000e+00,-3.114261362435519209e-01,3.811181309184186183e-01,0.000000000000000000e+00,0.000000000000000000e+00,0.000000000000000000e+00,1.000000000000000000e+00
-3.137016492066406204e-01,0.000000000000000000e+00,9.495216033798461464e-01,6.294115011890851763e-01,0.000000000000000000e+00,1.000000000000000000e+00,0.000000000000000000e+00,0.000000000000000000e+00,-9.495216033798461464e-01,0.000000000000000000e+00,-3.137016492066406204e-01,3.794725206861837008e-01,0.000000000000000000e+00,0.000000000000000000e+00,0.000000000000000000e+00,1.000000000000000000e+00
-3.159699250106899338e-01,0.000000000000000000e+00,9.487692061237753549e-01,6.339394037428036643e-01,0.000000000000000000e+00,1.000000000000000000e+00,0.000000000000000000e+00,0.000000000000000000e+00,-9.487692061237753549e-01,0.000000000000000000e+00,-3.159699250106899338e-01,3.778200085242882644e-01,0.000000000000000000e+00,0.000000000000000000e+00,0.000000000000000000e+00,1.000000000000000000e+00
-3.182307393873346490e-01,0.000000000000000000e+00,9.480132892048456217e-01,6.384520533666633302e-01,0.000000000000000000e+00,1.000000000000000000e+00,0.000000000000000000e+00,0.000000000000000000e+00,-9.480132892048456217e-01,0.000000000000000000e+00,-3.182307393873346490e-01,3.761608468828797625e-01,0.000000000000000000e+00,0.000000000000000000e+00,0.000000000000000000e+00,1.000000000000000000e+00
-3.204838698169263922e-01,0.000000000000000000e+00,9.472539729065101444e-01,6.429490086492674061e-01,0.000000000000000000e+00,1.000000000000000000e+00,0.000000000000000000e+00,0.000000000000000000e+00,-9.472539729065101444e-01,0.000000000000000000e+00,-3.204838698169263922e-01,3.744952915648264158e-01,0.000000000000000000e+00,0.000000000000000000e+00,0.000000000000000000e+00,1.000000000000000000e+00
-3.227290955670724659e-01,0.000000000000000000e+00,9.464913791865509074e-01,6.474298318825093546e-01,0.000000000000000000e+00,1.000000000000000000e+00,0.000000000000000000e+00,0.000000000000000000e+00,-9.464913791865509074e-01,0.000000000000000000e+00,-3.227290955670724659e-01,3.728236016415940046e-01,0.000000000000000000e+00,0.000000000000000000e+00,0.000000000000000000e+00,1.000000000000000000e+00
-3.249661977305702276e-01,0.000000000000000000e+00,9.457256316355902026e-01,6.518940891355688994e-01,0.000000000000000000e+00,1.000000000000000000e+00,0.000000000000000000e+00,0.000000000000000000e+00,-9.457256316355902026e-01,0.000000000000000000e+00,-3.249661977305702276e-01,3.711460393673360336e-01,0.000000000000000000e+00,0.000000000000000000e+00,0.000000000000000000e+00,1.000000000000000000e+00
-3.271949592627226844e-01,0.000000000000000000e+00,9.449568554347151927e-01,6.563413503276058769e-01,0.000000000000000000e+00,1.000000000000000000e+00,0.000000000000000000e+00,0.000000000000000000e+00,-9.449568554347151927e-01,0.000000000000000000e+00,-3.271949592627226844e-01,3.694628700912311325e-01,0.000000000000000000e+00,0.000000000000000000e+00,0.000000000000000000e+00,1.000000000000000000e+00
-3.294151650180403013e-01,0.000000000000000000e+00,9.441851773122353908e-01,6.607711892991670055e-01,0.000000000000000000e+00,1.000000000000000000e+00,0.000000000000000000e+00,0.000000000000000000e+00,-9.441851773122353908e-01,0.000000000000000000e+00,-3.294151650180403013e-01,3.677743621681106578e-01,0.000000000000000000e+00,0.000000000000000000e+00,0.000000000000000000e+00,1.000000000000000000e+00
-3.316266017863144788e-01,0.000000000000000000e+00,9.434107254995891534e-01,6.651831838822723775e-01,0.000000000000000000e+00,1.000000000000000000e+00,0.000000000000000000e+00,0.000000000000000000e+00,-9.434107254995891534e-01,0.000000000000000000e+00,-3.316266017863144788e-01,3.660807868674072485e-01,0.000000000000000000e+00,0.000000000000000000e+00,0.000000000000000000e+00,1.000000000000000000e+00
-3.338290583280646429e-01,0.000000000000000000e+00,9.426336296864215036e-01,6.695769159691922212e-01,0.000000000000000000e+00,1.000000000000000000e+00,0.000000000000000000e+00,0.000000000000000000e+00,-9.426336296864215036e-01,0.000000000000000000e+00,-3.338290583280646429e-01,3.643824182804706879e-01,0.000000000000000000e+00,0.000000000000000000e+00,0.000000000000000000e+00,1.000000000000000000e+00
-3.360223254093542833e-01,0.000000000000000000e+00,9.418540209748482717e-01,6.739519715799006105e-01,0.000000000000000000e+00,1.000000000000000000e+00,0.000000000000000000e+00,0.000000000000000000e+00,-9.418540209748482717e-01,0.000000000000000000e+00,-3.360223254093542833e-01,3.626795332262811034e-01,0.000000000000000000e+00,0.000000000000000000e+00,0.000000000000000000e+00,1.000000000000000000e+00
-3.382061958359678933e-01,0.000000000000000000e+00,9.410720318329319767e-01,6.783079409281954630e-01,0.000000000000000000e+00,1.000000000000000000e+00,0.000000000000000000e+00,0.000000000000000000e+00,-9.410720318329319767e-01,0.000000000000000000e+00,-3.382061958359678933e-01,3.609724111556106285e-01,0.000000000000000000e+00,0.000000000000000000e+00,0.000000000000000000e+00,1.000000000000000000e+00
-3.403804644869534157e-01,0.000000000000000000e+00,9.402877960473834396e-01,6.826444184864914888e-01,0.000000000000000000e+00,1.000000000000000000e+00,0.000000000000000000e+00,0.000000000000000000e+00,-9.402877960473834396e-01,0.000000000000000000e+00,-3.403804644869534157e-01,3.592613340536633948e-01,0.000000000000000000e+00,0.000000000000000000e+00,0.000000000000000000e+00,1.000000000000000000e+00
-3.425449283475222595e-01,0.000000000000000000e+00,9.395014486755147720e-01,6.869610030492742103e-01,0.000000000000000000e+00,1.000000000000000000e+00,0.000000000000000000e+00,0.000000000000000000e+00,-9.395014486755147720e-01,0.000000000000000000e+00,-3.425449283475222595e-01,3.575465863412430334e-01,0.000000000000000000e+00,0.000000000000000000e+00,0.000000000000000000e+00,1.000000000000000000e+00
-3.446993865413082725e-01,0.000000000000000000e+00,9.387131259964599517e-01,6.912572977952170517e-01,0.000000000000000000e+00,1.000000000000000000e+00,0.000000000000000000e+00,0.000000000000000000e+00,-9.387131259964599517e-01,0.000000000000000000e+00,-3.446993865413082725e-01,3.558284547744832160e-01,0.000000000000000000e+00,0.000000000000000000e+00,0.000000000000000000e+00,1.000000000000000000e+00
-3.468436403619831188e-01,0.000000000000000000e+00,9.379229654616882961e-01,6.955329103479597208e-01,0.000000000000000000e+00,1.000000000000000000e+00,0.000000000000000000e+00,0.000000000000000000e+00,-9.379229654616882961e-01,0.000000000000000000e+00,-3.468436403619831188e-01,3.541072283431907497e-01,0.000000000000000000e+00,0.000000000000000000e+00,0.000000000000000000e+00,1.000000000000000000e+00
-3.489774933042266714e-01,0.000000000000000000e+00,9.371311056448283772e-01,6.997874528355438883e-01,0.000000000000000000e+00,1.000000000000000000e+00,0.000000000000000000e+00,0.000000000000000000e+00,-9.371311056448283772e-01,0.000000000000000000e+00,-3.489774933042266714e-01,3.523831981678368086e-01,0.000000000000000000e+00,0.000000000000000000e+00,0.000000000000000000e+00,1.000000000000000000e+00
-3.511007510940575282e-01,0.000000000000000000e+00,9.363376861908254689e-01,7.040205419485195959e-01,0.000000000000000000e+00,1.000000000000000000e+00,0.000000000000000000e+00,0.000000000000000000e+00,-9.363376861908254689e-01,0.000000000000000000e+00,-3.511007510940575282e-01,3.506566573952433208e-01,0.000000000000000000e+00,0.000000000000000000e+00,0.000000000000000000e+00,1.000000000000000000e+00
-3.532132217185149914e-01,0.000000000000000000e+00,9.355428477644555096e-01,7.082317989967062966e-01,0.000000000000000000e+00,1.000000000000000000e+00,0.000000000000000000e+00,0.000000000000000000e+00,-9.355428477644555096e-01,0.000000000000000000e+00,-3.532132217185149914e-01,3.489279010930104175e-01,0.000000000000000000e+00,0.000000000000000000e+00,0.000000000000000000e+00,1.000000000000000000e+00
-3.553147154547051656e-01,0.000000000000000000e+00,9.347467319982145639e-01,7.124208499646321746e-01,0.000000000000000000e+00,1.000000000000000000e+00,0.000000000000000000e+00,0.000000000000000000e+00,-9.347467319982145639e-01,0.000000000000000000e+00,-3.553147154547051656e-01,3.471972261427229700e-01,0.000000000000000000e+00,0.000000000000000000e+00,0.000000000000000000e+00,1.000000000000000000e+00
-3.574050448982001305e-01,0.000000000000000000e+00,9.339494814396095412e-01,7.165873255656375340e-01,0.000000000000000000e+00,1.000000000000000000e+00,0.000000000000000000e+00,0.000000000000000000e+00,-9.339494814396095412e-01,0.000000000000000000e+00,-3.574050448982001305e-01,3.454649311319893945e-01,0.000000000000000000e+00,0.000000000000000000e+00,0.000000000000000000e+00,1.000000000000000000e+00
-3.594840249908063945e-01,0.000000000000000000e+00,9.331512394978690450e-01,7.207308612946680126e-01,0.000000000000000000e+00,1.000000000000000000e+00,0.000000000000000000e+00,0.000000000000000000e+00,-9.331512394978690450e-01,0.000000000000000000e+00,-3.594840249908063945e-01,3.437313162453478066e-01,0.000000000000000000e+00,0.000000000000000000e+00,0.000000000000000000e+00,1.000000000000000000e+00
-3.615514730476913630e-01,0.000000000000000000e+00,9.323521503901004426e-01,7.248510974797421902e-01,0.000000000000000000e+00,1.000000000000000000e+00,0.000000000000000000e+00,0.000000000000000000e+00,-9.323521503901004426e-01,0.000000000000000000e+00,-3.615514730476913630e-01,3.419966831540957042e-01,0.000000000000000000e+00,0.000000000000000000e+00,0.000000000000000000e+00,1.000000000000000000e+00
-3.636072087838828071e-01,0.000000000000000000e+00,9.315523590869134729e-01,7.289476793321233439e-01,0.000000000000000000e+00,1.000000000000000000e+00,0.000000000000000000e+00,0.000000000000000000e+00,-9.315523590869134729e-01,0.000000000000000000e+00,-3.636072087838828071e-01,3.402613349050804259e-01,0.000000000000000000e+00,0.000000000000000000e+00,0.000000000000000000e+00,1.000000000000000000e+00
-3.656510543401385593e-01,0.000000000000000000e+00,9.307520112575341509e-01,7.330202569951907998e-01,0.000000000000000000e+00,1.000000000000000000e+00,0.000000000000000000e+00,0.000000000000000000e+00,-9.307520112575341509e-01,0.000000000000000000e+00,-3.656510543401385593e-01,3.385255758085002897e-01,0.000000000000000000e+00,0.000000000000000000e+00,0.000000000000000000e+00,1.000000000000000000e+00
-3.676828343081925965e-01,0.000000000000000000e+00,9.299512532144328381e-01,7.370684855920252021e-01,0.000000000000000000e+00,1.000000000000000000e+00,0.000000000000000000e+00,0.000000000000000000e+00,-9.299512532144328381e-01,0.000000000000000000e+00,-3.676828343081925965e-01,3.367897113247636520e-01,0.000000000000000000e+00,0.000000000000000000e+00,0.000000000000000000e+00,1.000000000000000000e+00
-3.697023757553851153e-01,0.000000000000000000e+00,9.291502318574881292e-01,7.410920252717233536e-01,0.000000000000000000e+00,1.000000000000000000e+00,0.000000000000000000e+00,0.000000000000000000e+00,-9.291502318574881292e-01,0.000000000000000000e+00,-3.697023757553851153e-01,3.350540479504484082e-01,0.000000000000000000e+00,0.000000000000000000e+00,0.000000000000000000e+00,1.000000000000000000e+00
-3.717095082486762680e-01,0.000000000000000000e+00,9.283490946177128667e-01,7.450905412544456263e-01,0.000000000000000000e+00,1.000000000000000000e+00,0.000000000000000000e+00,0.000000000000000000e+00,-9.283490946177128667e-01,0.000000000000000000e+00,-3.717095082486762680e-01,3.333188931034165581e-01,0.000000000000000000e+00,0.000000000000000000e+00,0.000000000000000000e+00,1.000000000000000000e+00
-3.737040638780580459e-01,0.000000000000000000e+00,9.275479894005616011e-01,7.490637038752236965e-01,0.000000000000000000e+00,1.000000000000000000e+00,0.000000000000000000e+00,0.000000000000000000e+00,-9.275479894005616011e-01,0.000000000000000000e+00,-3.737040638780580459e-01,3.315845550071199188e-01,0.000000000000000000e+00,0.000000000000000000e+00,0.000000000000000000e+00,1.000000000000000000e+00
-3.756858772793623125e-01,0.000000000000000000e+00,9.267470645288475861e-01,7.530111886265281607e-01,0.000000000000000000e+00,1.000000000000000000e+00,0.000000000000000000e+00,0.000000000000000000e+00,-9.267470645288475861e-01,0.000000000000000000e+00,-3.756858772793623125e-01,3.298513425741556038e-01,0.000000000000000000e+00,0.000000000000000000e+00,0.000000000000000000e+00,1.000000000000000000e+00
-3.776547856564794747e-01,0.000000000000000000e+00,9.259464686852899584e-01,7.569326761996264530e-01,0.000000000000000000e+00,1.000000000000000000e+00,0.000000000000000000e+00,0.000000000000000000e+00,-9.259464686852899584e-01,0.000000000000000000e+00,-3.776547856564794747e-01,3.281195652891103487e-01,0.000000000000000000e+00,0.000000000000000000e+00,0.000000000000000000e+00,1.000000000000000000e+00
-3.796106288029921227e-01,0.000000000000000000e+00,9.251463508547158598e-01,7.608278525247389457e-01,0.000000000000000000e+00,1.000000000000000000e+00,0.000000000000000000e+00,0.000000000000000000e+00,-9.251463508547158598e-01,0.000000000000000000e+00,-3.796106288029921227e-01,3.263895330907453096e-01,0.000000000000000000e+00,0.000000000000000000e+00,0.000000000000000000e+00,1.000000000000000000e+00
-3.815532491232315193e-01,0.000000000000000000e+00,9.243468602659421496e-01,7.646964088100147716e-01,0.000000000000000000e+00,1.000000000000000000e+00,0.000000000000000000e+00,0.000000000000000000e+00,-9.243468602659421496e-01,0.000000000000000000e+00,-3.815532491232315193e-01,3.246615562535682953e-01,0.000000000000000000e+00,0.000000000000000000e+00,0.000000000000000000e+00,1.000000000000000000e+00
-3.834824916527666550e-01,0.000000000000000000e+00,9.235481463333602425e-01,7.685380415793436892e-01,0.000000000000000000e+00,1.000000000000000000e+00,0.000000000000000000e+00,0.000000000000000000e+00,-9.235481463333602425e-01,0.000000000000000000e+00,-3.834824916527666550e-01,3.229359452688419507e-01,0.000000000000000000e+00,0.000000000000000000e+00,0.000000000000000000e+00,1.000000000000000000e+00
-3.853982040783376362e-01,0.000000000000000000e+00,9.227503585982462786e-01,7.723524527090321889e-01,0.000000000000000000e+00,1.000000000000000000e+00,0.000000000000000000e+00,0.000000000000000000e+00,-9.227503585982462786e-01,0.000000000000000000e+00,-3.853982040783376362e-01,3.212130107250717459e-01,0.000000000000000000e+00,0.000000000000000000e+00,0.000000000000000000e+00,1.000000000000000000e+00
-3.873002367572394022e-01,0.000000000000000000e+00,9.219536466698238231e-01,7.761393494633572754e-01,0.000000000000000000e+00,1.000000000000000000e+00,0.000000000000000000e+00,0.000000000000000000e+00,-9.219536466698238231e-01,0.000000000000000000e+00,-3.873002367572394022e-01,3.194930631880272265e-01,0.000000000000000000e+00,0.000000000000000000e+00,0.000000000000000000e+00,1.000000000000000000e+00
-3.891884427361686494e-01,0.000000000000000000e+00,9.211581601661008589e-01,7.798984445290232381e-01,0.000000000000000000e+00,1.000000000000000000e+00,0.000000000000000000e+00,0.000000000000000000e+00,-9.211581601661008589e-01,0.000000000000000000e+00,-3.891884427361686494e-01,3.177764130803407694e-01,0.000000000000000000e+00,0.000000000000000000e+00,0.000000000000000000e+00,1.000000000000000000e+00
-3.910626777695442313e-01,0.000000000000000000e+00,9.203640486545058286e-01,7.836294560485466132e-01,0.000000000000000000e+00,1.000000000000000000e+00,0.000000000000000000e+00,0.000000000000000000e+00,-9.203640486545058286e-01,0.000000000000000000e+00,-3.910626777695442313e-01,3.160633705607328592e-01,0.000000000000000000e+00,0.000000000000000000e+00,0.000000000000000000e+00,1.000000000000000000e+00
-3.929228003373119171e-01,0.000000000000000000e+00,9.195714615923468171e-01,7.873321076525886530e-01,0.000000000000000000e+00,1.000000000000000000e+00,0.000000000000000000e+00,0.000000000000000000e+00,-9.195714615923468171e-01,0.000000000000000000e+00,-3.929228003373119171e-01,3.143542454029110700e-01,0.000000000000000000e+00,0.000000000000000000e+00,0.000000000000000000e+00,1.000000000000000000e+00
-3.947686716622496594e-01,0.000000000000000000e+00,9.187805482671164148e-01,7.910061284912739410e-01,0.000000000000000000e+00,1.000000000000000000e+00,0.000000000000000000e+00,0.000000000000000000e+00,-9.187805482671164148e-01,0.000000000000000000e+00,-3.947686716622496594e-01,3.126493468741885495e-01,0.000000000000000000e+00,0.000000000000000000e+00,0.000000000000000000e+00,1.000000000000000000e+00
-3.966001557267743727e-01,0.000000000000000000e+00,9.179914577366710127e-01,7.946512532644959270e-01,0.000000000000000000e+00,1.000000000000000000e+00,0.000000000000000000e+00,0.000000000000000000e+00,-9.179914577366710127e-01,0.000000000000000000e+00,-3.966001557267743727e-01,3.109489836138783492e-01,0.000000000000000000e+00,0.000000000000000000e+00,0.000000000000000000e+00,1.000000000000000000e+00
-3.984171192892824176e-01,0.000000000000000000e+00,9.172043387693005201e-01,7.982672222512738891e-01,0.000000000000000000e+00,1.000000000000000000e+00,0.000000000000000000e+00,0.000000000000000000e+00,-9.172043387693005201e-01,0.000000000000000000e+00,-3.984171192892824176e-01,3.092534635114956298e-01,0.000000000000000000e+00,0.000000000000000000e+00,0.000000000000000000e+00,1.000000000000000000e+00
-4.002194319000129674e-01,0.000000000000000000e+00,9.164193397837209210e-01,8.018537813381466650e-01,0.000000000000000000e+00,1.000000000000000000e+00,0.000000000000000000e+00,0.000000000000000000e+00,-9.164193397837209210e-01,0.000000000000000000e+00,-4.002194319000129674e-01,3.075630935848321368e-01,0.000000000000000000e+00,0.000000000000000000e+00,0.000000000000000000e+00,1.000000000000000000e+00
-4.020069659164736686e-01,0.000000000000000000e+00,9.156366087890059902e-01,8.054106820466774286e-01,0.000000000000000000e+00,1.000000000000000000e+00,0.000000000000000000e+00,0.000000000000000000e+00,-9.156366087890059902e-01,0.000000000000000000e+00,-4.020069659164736686e-01,3.058781798579344180e-01,0.000000000000000000e+00,0.000000000000000000e+00,0.000000000000000000e+00,1.000000000000000000e+00
-4.037795965184177160e-01,0.000000000000000000e+00,9.148562933244891449e-01,8.089376815600543003e-01,0.000000000000000000e+00,1.000000000000000000e+00,0.000000000000000000e+00,0.000000000000000000e+00,-9.148562933244891449e-01,0.000000000000000000e+00,-4.037795965184177160e-01,3.041990272390486805e-01,0.000000000000000000e+00,0.000000000000000000e+00,0.000000000000000000e+00,1.000000000000000000e+00
-4.055372017224084802e-01,0.000000000000000000e+00,9.140785403996521952e-01,8.124345427488579574e-01,0.000000000000000000e+00,1.000000000000000000e+00,0.000000000000000000e+00,0.000000000000000000e+00,-9.140785403996521952e-01,0.000000000000000000e+00,-4.055372017224084802e-01,3.025259393985639811e-01,0.000000000000000000e+00,0.000000000000000000e+00,0.000000000000000000e+00,1.000000000000000000e+00
-4.072796623959732409e-01,0.000000000000000000e+00,9.133034964340288608e-01,8.159010341960006851e-01,0.000000000000000000e+00,1.000000000000000000e+00,0.000000000000000000e+00,0.000000000000000000e+00,-9.133034964340288608e-01,0.000000000000000000e+00,-4.072796623959732409e-01,3.008592186470097074e-01,0.000000000000000000e+00,0.000000000000000000e+00,0.000000000000000000e+00,1.000000000000000000e+00
-4.090068622713660118e-01,0.000000000000000000e+00,9.125313071971459244e-01,8.193369302208814986e-01,0.000000000000000000e+00,1.000000000000000000e+00,0.000000000000000000e+00,0.000000000000000000e+00,-9.125313071971459244e-01,0.000000000000000000e+00,-4.090068622713660118e-01,2.991991658131523124e-01,0.000000000000000000e+00,0.000000000000000000e+00,0.000000000000000000e+00,1.000000000000000000e+00
-4.107186879589564410e-01,0.000000000000000000e+00,9.117621177485240036e-01,8.227420109027900885e-01,0.000000000000000000e+00,1.000000000000000000e+00,0.000000000000000000e+00,0.000000000000000000e+00,-9.117621177485240036e-01,0.000000000000000000e+00,-4.107186879589564410e-01,2.975460801222343798e-01,0.000000000000000000e+00,0.000000000000000000e+00,0.000000000000000000e+00,1.000000000000000000e+00
-4.124150289602576125e-01,0.000000000000000000e+00,9.109960723777627001e-01,8.261160621035873453e-01,0.000000000000000000e+00,1.000000000000000000e+00,0.000000000000000000e+00,0.000000000000000000e+00,-9.109960723777627001e-01,0.000000000000000000e+00,-4.124150289602576125e-01,2.959002590744060357e-01,0.000000000000000000e+00,0.000000000000000000e+00,0.000000000000000000e+00,1.000000000000000000e+00
-4.140957776806118984e-01,0.000000000000000000e+00,9.102333145447321083e-01,8.294588754897039840e-01,0.000000000000000000e+00,1.000000000000000000e+00,0.000000000000000000e+00,0.000000000000000000e+00,-9.102333145447321083e-01,0.000000000000000000e+00,-4.140957776806118984e-01,2.942619983233901171e-01,0.000000000000000000e+00,0.000000000000000000e+00,0.000000000000000000e+00,1.000000000000000000e+00
-4.157608294415548467e-01,0.000000000000000000e+00,9.094739868198926658e-01,8.327702485534962396e-01,0.000000000000000000e+00,1.000000000000000000e+00,0.000000000000000000e+00,0.000000000000000000e+00,-9.094739868198926658e-01,0.000000000000000000e+00,-4.157608294415548467e-01,2.926315915554267288e-01,0.000000000000000000e+00,0.000000000000000000e+00,0.000000000000000000e+00,1.000000000000000000e+00
-4.174100824928633213e-01,0.000000000000000000e+00,9.087182308247705453e-01,8.360499846339759511e-01,0.000000000000000000e+00,1.000000000000000000e+00,0.000000000000000000e+00,0.000000000000000000e+00,-9.087182308247705453e-01,0.000000000000000000e+00,-4.174100824928633213e-01,2.910093303685492572e-01,0.000000000000000000e+00,0.000000000000000000e+00,0.000000000000000000e+00,1.000000000000000000e+00
-4.190434380243179269e-01,0.000000000000000000e+00,9.079661871726059097e-01,8.392978929369745433e-01,0.000000000000000000e+00,1.000000000000000000e+00,0.000000000000000000e+00,0.000000000000000000e+00,-9.079661871726059097e-01,0.000000000000000000e+00,-4.190434380243179269e-01,2.893955041522259797e-01,0.000000000000000000e+00,0.000000000000000000e+00,0.000000000000000000e+00,1.000000000000000000e+00
-4.206608001771934280e-01,0.000000000000000000e+00,9.072179954091977860e-01,8.425137885547684391e-01,0.000000000000000000e+00,1.000000000000000000e+00,0.000000000000000000e+00,0.000000000000000000e+00,-9.072179954091977860e-01,0.000000000000000000e+00,-4.206608001771934280e-01,2.877903999674151225e-01,0.000000000000000000e+00,0.000000000000000000e+00,0.000000000000000000e+00,1.000000000000000000e+00
-4.222620760554908759e-01,0.000000000000000000e+00,9.064737939539713185e-01,8.456974924852009856e-01,0.000000000000000000e+00,1.000000000000000000e+00,0.000000000000000000e+00,0.000000000000000000e+00,-9.064737939539713185e-01,0.000000000000000000e+00,-4.222620760554908759e-01,2.861943024270828251e-01,0.000000000000000000e+00,0.000000000000000000e+00,0.000000000000000000e+00,1.000000000000000000e+00
-4.238471757369333126e-01,0.000000000000000000e+00,9.057337200412851619e-01,8.488488316503373099e-01,0.000000000000000000e+00,1.000000000000000000e+00,0.000000000000000000e+00,0.000000000000000000e+00,-9.057337200412851619e-01,0.000000000000000000e+00,-4.238471757369333126e-01,2.846074935772199277e-01,0.000000000000000000e+00,0.000000000000000000e+00,0.000000000000000000e+00,1.000000000000000000e+00
-4.254160122837482017e-01,0.000000000000000000e+00,9.049979096620023311e-01,8.519676389147100570e-01,0.000000000000000000e+00,1.000000000000000000e+00,0.000000000000000000e+00,0.000000000000000000e+00,-9.049979096620023311e-01,0.000000000000000000e+00,-4.254160122837482017e-01,2.830302527784023248e-01,0.000000000000000000e+00,0.000000000000000000e+00,0.000000000000000000e+00,1.000000000000000000e+00
-4.269685017532456883e-01,0.000000000000000000e+00,9.042664975053474885e-01,8.550537531031657812e-01,0.000000000000000000e+00,1.000000000000000000e+00,0.000000000000000000e+00,0.000000000000000000e+00,-9.042664975053474885e-01,0.000000000000000000e+00,-4.269685017532456883e-01,2.814628565879411237e-01,0.000000000000000000e+00,0.000000000000000000e+00,0.000000000000000000e+00,1.000000000000000000e+00
-4.285045632082201128e-01,0.000000000000000000e+00,9.035396169010700973e-01,8.581070190183771595e-01,0.000000000000000000e+00,1.000000000000000000e+00,0.000000000000000000e+00,0.000000000000000000e+00,-9.035396169010700973e-01,0.000000000000000000e+00,-4.285045632082201128e-01,2.799055786426599690e-01,0.000000000000000000e+00,0.000000000000000000e+00,0.000000000000000000e+00,1.000000000000000000e+00
-4.300241187271903187e-01,0.000000000000000000e+00,9.028173997619359792e-01,8.611272874580472303e-01,0.000000000000000000e+00,1.000000000000000000e+00,0.000000000000000000e+00,0.000000000000000000e+00,-9.028173997619359792e-01,0.000000000000000000e+00,-4.300241187271903187e-01,2.783586895423444396e-01,0.000000000000000000e+00,0.000000000000000000e+00,0.000000000000000000e+00,1.000000000000000000e+00
-4.315270934144984083e-01,0.000000000000000000e+00,9.020999765265681480e-01,8.641144152318505078e-01,0.000000000000000000e+00,1.000000000000000000e+00,0.000000000000000000e+00,0.000000000000000000e+00,-9.020999765265681480e-01,0.000000000000000000e+00,-4.315270934144984083e-01,2.768224567339031550e-01,0.000000000000000000e+00,0.000000000000000000e+00,0.000000000000000000e+00,1.000000000000000000e+00
-4.330134154102890931e-01,0.000000000000000000e+00,9.013874761026561266e-01,8.670682651781561612e-01,0.000000000000000000e+00,1.000000000000000000e+00,0.000000000000000000e+00,0.000000000000000000e+00,-9.013874761026561266e-01,0.000000000000000000e+00,-4.330134154102890931e-01,2.752971443962799469e-01,0.000000000000000000e+00,0.000000000000000000e+00,0.000000000000000000e+00,1.000000000000000000e+00
-4.344830159003861825e-01,0.000000000000000000e+00,9.006800258105565060e-01,8.699887061805638977e-01,0.000000000000000000e+00,1.000000000000000000e+00,0.000000000000000000e+00,0.000000000000000000e+00,-9.006800258105565060e-01,0.000000000000000000e+00,-4.344830159003861825e-01,2.737830133261603960e-01,0.000000000000000000e+00,0.000000000000000000e+00,0.000000000000000000e+00,1.000000000000000000e+00
-4.359358291260862495e-01,0.000000000000000000e+00,8.999777513273046203e-01,8.728756131843019572e-01,0.000000000000000000e+00,1.000000000000000000e+00,0.000000000000000000e+00,0.000000000000000000e+00,-8.999777513273046203e-01,0.000000000000000000e+00,-4.359358291260862495e-01,2.722803208245119233e-01,0.000000000000000000e+00,0.000000000000000000e+00,0.000000000000000000e+00,1.000000000000000000e+00
-4.373717923938944541e-01,0.000000000000000000e+00,8.992807766310542128e-01,8.757288672125302931e-01,0.000000000000000000e+00,1.000000000000000000e+00,0.000000000000000000e+00,0.000000000000000000e+00,-8.992807766310542128e-01,0.000000000000000000e+00,-4.373717923938944541e-01,2.707893205839908557e-01,0.000000000000000000e+00,0.000000000000000000e+00,0.000000000000000000e+00,1.000000000000000000e+00
-4.387908460852154580e-01,0.000000000000000000e+00,8.985892239459700725e-01,8.785483553825829128e-01,0.000000000000000000e+00,1.000000000000000000e+00,0.000000000000000000e+00,0.000000000000000000e+00,-8.985892239459700725e-01,0.000000000000000000e+00,-4.387908460852154580e-01,2.693102625772646475e-01,0.000000000000000000e+00,0.000000000000000000e+00,0.000000000000000000e+00,1.000000000000000000e+00
-4.401929336660260761e-01,0.000000000000000000e+00,8.979032136875876313e-01,8.813339709221995610e-01,0.000000000000000000e+00,1.000000000000000000e+00,0.000000000000000000e+00,0.000000000000000000e+00,-8.979032136875876313e-01,0.000000000000000000e+00,-4.401929336660260761e-01,2.678433929462772367e-01,0.000000000000000000e+00,0.000000000000000000e+00,0.000000000000000000e+00,1.000000000000000000e+00
-4.415780016965451527e-01,0.000000000000000000e+00,8.972228644086629457e-01,8.840856131857821598e-01,0.000000000000000000e+00,1.000000000000000000e+00,0.000000000000000000e+00,0.000000000000000000e+00,-8.972228644086629457e-01,0.000000000000000000e+00,-4.415780016965451527e-01,2.663889538925027223e-01,0.000000000000000000e+00,0.000000000000000000e+00,0.000000000000000000e+00,1.000000000000000000e+00
-4.429459998409221444e-01,0.000000000000000000e+00,8.965482927455307172e-01,8.868031876707188621e-01,0.000000000000000000e+00,1.000000000000000000e+00,0.000000000000000000e+00,0.000000000000000000e+00,-8.965482927455307172e-01,0.000000000000000000e+00,-4.429459998409221444e-01,2.649471835682222776e-01,0.000000000000000000e+00,0.000000000000000000e+00,0.000000000000000000e+00,1.000000000000000000e+00
-4.442968808769702793e-01,0.000000000000000000e+00,8.958796133649851168e-01,8.894866060338296743e-01,0.000000000000000000e+00,1.000000000000000000e+00,0.000000000000000000e+00,0.000000000000000000e+00,-8.958796133649851168e-01,0.000000000000000000e+00,-4.442968808769702793e-01,2.635183159688526677e-01,0.000000000000000000e+00,0.000000000000000000e+00,0.000000000000000000e+00,1.000000000000000000e+00
-4.456306007059540608e-01,0.000000000000000000e+00,8.952169389117089482e-01,8.921357861079546314e-01,0.000000000000000000e+00,1.000000000000000000e+00,0.000000000000000000e+00,0.000000000000000000e+00,-8.952169389117089482e-01,0.000000000000000000e+00,-4.456306007059540608e-01,2.621025808263763857e-01,0.000000000000000000e+00,0.000000000000000000e+00,0.000000000000000000e+00,1.000000000000000000e+00
-4.469471183624595945e-01,0.000000000000000000e+00,8.945603799562629188e-01,8.947506519187401475e-01,0.000000000000000000e+00,1.000000000000000000e+00,0.000000000000000000e+00,0.000000000000000000e+00,-8.945603799562629188e-01,0.000000000000000000e+00,-4.469471183624595945e-01,2.607002035038967769e-01,0.000000000000000000e+00,0.000000000000000000e+00,0.000000000000000000e+00,1.000000000000000000e+00
-4.482463960243685541e-01,0.000000000000000000e+00,8.939100449436536699e-01,8.973311337016730560e-01,0.000000000000000000e+00,1.000000000000000000e+00,0.000000000000000000e+00,0.000000000000000000e+00,-8.939100449436536699e-01,0.000000000000000000e+00,-4.482463960243685541e-01,2.593114048913529590e-01,0.000000000000000000e+00,0.000000000000000000e+00,0.000000000000000000e+00,1.000000000000000000e+00
-4.495283990229465565e-01,0.000000000000000000e+00,8.932660401425023267e-01,8.998771679193776629e-01,0.000000000000000000e+00,1.000000000000000000e+00,0.000000000000000000e+00,0.000000000000000000e+00,-8.932660401425023267e-01,0.000000000000000000e+00,-4.495283990229465565e-01,2.579364013024393887e-01,0.000000000000000000e+00,0.000000000000000000e+00,0.000000000000000000e+00,1.000000000000000000e+00
-4.507930958530785848e-01,0.000000000000000000e+00,8.926284695948236703e-01,9.023886972792467542e-01,0.000000000000000000e+00,1.000000000000000000e+00,0.000000000000000000e+00,0.000000000000000000e+00,-8.926284695948236703e-01,0.000000000000000000e+00,-4.507930958530785848e-01,2.565754043727468958e-01,0.000000000000000000e+00,0.000000000000000000e+00,0.000000000000000000e+00,1.000000000000000000e+00
-4.520404581836630631e-01,0.000000000000000000e+00,8.919974350664378049e-01,9.048656707514317610e-01,0.000000000000000000e+00,1.000000000000000000e+00,0.000000000000000000e+00,0.000000000000000000e+00,-8.919974350664378049e-01,0.000000000000000000e+00,-4.520404581836630631e-01,2.552286209591697608e-01,0.000000000000000000e+00,0.000000000000000000e+00,0.000000000000000000e+00,1.000000000000000000e+00
-4.532704608681851766e-01,0.000000000000000000e+00,8.913730359980287510e-01,9.073080435872307170e-01,0.000000000000000000e+00,1.000000000000000000e+00,0.000000000000000000e+00,0.000000000000000000e+00,-8.913730359980287510e-01,0.000000000000000000e+00,-4.532704608681851766e-01,2.538962530406064788e-01,0.000000000000000000e+00,0.000000000000000000e+00,0.000000000000000000e+00,1.000000000000000000e+00
-4.544830819554944723e-01,0.000000000000000000e+00,8.907553694568646208e-01,9.097157773379291879e-01,0.000000000000000000e+00,1.000000000000000000e+00,0.000000000000000000e+00,0.000000000000000000e+00,-8.907553694568646208e-01,0.000000000000000000e+00,-4.544830819554944723e-01,2.525784976199813570e-01,0.000000000000000000e+00,0.000000000000000000e+00,0.000000000000000000e+00,1.000000000000000000e+00
-4.556783027007990650e-01,0.000000000000000000e+00,8.901445300891979162e-01,9.120888398741173742e-01,0.000000000000000000e+00,1.000000000000000000e+00,0.000000000000000000e+00,0.000000000000000000e+00,-8.901445300891979162e-01,0.000000000000000000e+00,-4.556783027007990650e-01,2.512755466276254124e-01,0.000000000000000000e+00,0.000000000000000000e+00,0.000000000000000000e+00,1.000000000000000000e+00
-4.568561075769021484e-01,0.000000000000000000e+00,8.895406100733580512e-01,9.144272054055391230e-01,0.000000000000000000e+00,1.000000000000000000e+00,0.000000000000000000e+00,0.000000000000000000e+00,-8.895406100733580512e-01,0.000000000000000000e+00,-4.568561075769021484e-01,2.499875868260370004e-01,0.000000000000000000e+00,0.000000000000000000e+00,0.000000000000000000e+00,1.000000000000000000e+00
-4.580164842856950247e-01,0.000000000000000000e+00,8.889436990735530841e-01,9.167308545014974941e-01,0.000000000000000000e+00,1.000000000000000000e+00,0.000000000000000000e+00,0.000000000000000000e+00,-8.889436990735530841e-01,0.000000000000000000e+00,-4.580164842856950247e-01,2.487147997160580881e-01,0.000000000000000000e+00,0.000000000000000000e+00,0.000000000000000000e+00,1.000000000000000000e+00
-4.591594237699313519e-01,0.000000000000000000e+00,8.883538841943927622e-01,9.189997741118733909e-01,0.000000000000000000e+00,1.000000000000000000e+00,0.000000000000000000e+00,0.000000000000000000e+00,-8.883538841943927622e-01,0.000000000000000000e+00,-4.591594237699313519e-01,2.474573614444869896e-01,0.000000000000000000e+00,0.000000000000000000e+00,0.000000000000000000e+00,1.000000000000000000e+00
-4.602849202252925487e-01,0.000000000000000000e+00,8.877712499361510856e-01,9.212339575887733556e-01,0.000000000000000000e+00,1.000000000000000000e+00,0.000000000000000000e+00,0.000000000000000000e+00,-8.877712499361510856e-01,0.000000000000000000e+00,-4.602849202252925487e-01,2.462154427131653112e-01,0.000000000000000000e+00,0.000000000000000000e+00,0.000000000000000000e+00,1.000000000000000000e+00
-4.613929711127726097e-01,0.000000000000000000e+00,8.871958781507769398e-01,9.234334047088675890e-01,0.000000000000000000e+00,1.000000000000000000e+00,0.000000000000000000e+00,0.000000000000000000e+00,-8.871958781507769398e-01,0.000000000000000000e+00,-4.613929711127726097e-01,2.449892086895530952e-01,0.000000000000000000e+00,0.000000000000000000e+00,0.000000000000000000e+00,1.000000000000000000e+00
-4.624835771713957100e-01,0.000000000000000000e+00,8.866278479986683392e-01,9.255981216964422886e-01,0.000000000000000000e+00,1.000000000000000000e+00,0.000000000000000000e+00,0.000000000000000000e+00,-8.866278479986683392e-01,0.000000000000000000e+00,-4.624835771713957100e-01,2.437788189188246357e-01,0.000000000000000000e+00,0.000000000000000000e+00,0.000000000000000000e+00,1.000000000000000000e+00
-4.635567424312826978e-01,0.000000000000000000e+00,8.860672359062248260e-01,9.277281212472046068e-01,0.000000000000000000e+00,1.000000000000000000e+00,0.000000000000000000e+00,0.000000000000000000e+00,-8.860672359062248260e-01,0.000000000000000000e+00,-4.635567424312826978e-01,2.425844272375108357e-01,0.000000000000000000e+00,0.000000000000000000e+00,0.000000000000000000e+00,1.000000000000000000e+00
-4.646124742270871244e-01,0.000000000000000000e+00,8.855141155241876838e-01,9.298234225528780872e-01,0.000000000000000000e+00,1.000000000000000000e+00,0.000000000000000000e+00,0.000000000000000000e+00,-8.855141155241876838e-01,0.000000000000000000e+00,-4.646124742270871244e-01,2.414061816887089762e-01,0.000000000000000000e+00,0.000000000000000000e+00,0.000000000000000000e+00,1.000000000000000000e+00
-4.656507832118153556e-01,0.000000000000000000e+00,8.849685576867818426e-01,9.318840513266207770e-01,0.000000000000000000e+00,1.000000000000000000e+00,0.000000000000000000e+00,0.000000000000000000e+00,-8.849685576867818426e-01,0.000000000000000000e+00,-4.656507832118153556e-01,2.402442244388851011e-01,0.000000000000000000e+00,0.000000000000000000e+00,0.000000000000000000e+00,1.000000000000000000e+00
-4.666716833710559120e-01,0.000000000000000000e+00,8.844306303716673590e-01,9.339100398293166405e-01,0.000000000000000000e+00,1.000000000000000000e+00,0.000000000000000000e+00,0.000000000000000000e+00,-8.844306303716673590e-01,0.000000000000000000e+00,-4.666716833710559120e-01,2.390986916962838382e-01,0.000000000000000000e+00,0.000000000000000000e+00,0.000000000000000000e+00,1.000000000000000000e+00
-4.676751920376181482e-01,0.000000000000000000e+00,8.839003986607184560e-01,9.359014268967417172e-01,0.000000000000000000e+00,1.000000000000000000e+00,0.000000000000000000e+00,0.000000000000000000e+00,-8.839003986607184560e-01,0.000000000000000000e+00,-4.676751920376181482e-01,2.379697136309830152e-01,0.000000000000000000e+00,0.000000000000000000e+00,0.000000000000000000e+00,1.000000000000000000e+00
-4.686613299066114680e-01,0.000000000000000000e+00,8.833779247016343428e-01,9.378582579676679742e-01,0.000000000000000000e+00,1.000000000000000000e+00,0.000000000000000000e+00,0.000000000000000000e+00,-8.833779247016343428e-01,0.000000000000000000e+00,-4.686613299066114680e-01,2.368574142965976237e-01,0.000000000000000000e+00,0.000000000000000000e+00,0.000000000000000000e+00,1.000000000000000000e+00
-4.696301210509783441e-01,0.000000000000000000e+00,8.828632676703926929e-01,9.397805851129339416e-01,0.000000000000000000e+00,1.000000000000000000e+00,0.000000000000000000e+00,0.000000000000000000e+00,-8.828632676703926929e-01,0.000000000000000000e+00,-4.696301210509783441e-01,2.357619115536566112e-01,0.000000000000000000e+00,0.000000000000000000e+00,0.000000000000000000e+00,1.000000000000000000e+00
-4.705815929374840834e-01,0.000000000000000000e+00,8.823564837345617695e-01,9.416684670654845712e-01,0.000000000000000000e+00,1.000000000000000000e+00,0.000000000000000000e+00,0.000000000000000000e+00,-8.823564837345617695e-01,0.000000000000000000e+00,-4.705815929374840834e-01,2.346833169946825892e-01,0.000000000000000000e+00,0.000000000000000000e+00,0.000000000000000000e+00,1.000000000000000000e+00
-4.715157764431984200e-01,0.000000000000000000e+00,8.818576260174698644e-01,9.435219692514568157e-01,0.000000000000000000e+00,1.000000000000000000e+00,0.000000000000000000e+00,0.000000000000000000e+00,-8.818576260174698644e-01,0.000000000000000000e+00,-4.715157764431984200e-01,2.336217358709707925e-01,0.000000000000000000e+00,0.000000000000000000e+00,0.000000000000000000e+00,1.000000000000000000e+00
-4.724327058724639983e-01,0.000000000000000000e+00,8.813667445632504815e-01,9.453411638222973812e-01,0.000000000000000000e+00,1.000000000000000000e+00,0.000000000000000000e+00,0.000000000000000000e+00,-8.813667445632504815e-01,0.000000000000000000e+00,-4.724327058724639983e-01,2.325772670211044835e-01,0.000000000000000000e+00,0.000000000000000000e+00,0.000000000000000000e+00,1.000000000000000000e+00
-4.733324189743736699e-01,0.000000000000000000e+00,8.808838863027680377e-01,9.471261296879600611e-01,0.000000000000000000e+00,1.000000000000000000e+00,0.000000000000000000e+00,0.000000000000000000e+00,-8.808838863027680377e-01,0.000000000000000000e+00,-4.733324189743736699e-01,2.315500028012151823e-01,0.000000000000000000e+00,0.000000000000000000e+00,0.000000000000000000e+00,1.000000000000000000e+00
-4.742149569607784221e-01,0.000000000000000000e+00,8.804090950204268573e-01,9.488769525512241731e-01,0.000000000000000000e+00,1.000000000000000000e+00,0.000000000000000000e+00,0.000000000000000000e+00,-8.804090950204268573e-01,0.000000000000000000e+00,-4.742149569607784221e-01,2.305400290169915545e-01,0.000000000000000000e+00,0.000000000000000000e+00,0.000000000000000000e+00,1.000000000000000000e+00
-4.750803645248173335e-01,0.000000000000000000e+00,8.799424113218811128e-01,9.505937249431212210e-01,0.000000000000000000e+00,1.000000000000000000e+00,0.000000000000000000e+00,0.000000000000000000e+00,-8.799424113218811128e-01,0.000000000000000000e+00,-4.750803645248173335e-01,2.295474248574735920e-01,0.000000000000000000e+00,0.000000000000000000e+00,0.000000000000000000e+00,1.000000000000000000e+00
-4.759286898600045834e-01,0.000000000000000000e+00,8.794838726026416031e-01,9.522765462595363939e-01,0.000000000000000000e+00,1.000000000000000000e+00,0.000000000000000000e+00,0.000000000000000000e+00,-8.794838726026416031e-01,0.000000000000000000e+00,-4.759286898600045834e-01,2.285722628306215420e-01,0.000000000000000000e+00,0.000000000000000000e+00,0.000000000000000000e+00,1.000000000000000000e+00
-4.767599846798726282e-01,0.000000000000000000e+00,8.790335130175911393e-01,9.539255227989873465e-01,0.000000000000000000e+00,1.000000000000000000e+00,0.000000000000000000e+00,0.000000000000000000e+00,-8.790335130175911393e-01,0.000000000000000000e+00,-4.767599846798726282e-01,2.276146087006836183e-01,0.000000000000000000e+00,0.000000000000000000e+00,0.000000000000000000e+00,1.000000000000000000e+00
-4.775743042381805359e-01,0.000000000000000000e+00,8.785913634514157522e-01,9.555407678015956918e-01,0.000000000000000000e+00,1.000000000000000000e+00,0.000000000000000000e+00,0.000000000000000000e+00,-8.785913634514157522e-01,0.000000000000000000e+00,-4.775743042381805359e-01,2.266745214273753750e-01,0.000000000000000000e+00,0.000000000000000000e+00,0.000000000000000000e+00,1.000000000000000000e+00
-4.783717073497080752e-01,0.000000000000000000e+00,8.781574514899507244e-01,9.571224014892947274e-01,0.000000000000000000e+00,1.000000000000000000e+00,0.000000000000000000e+00,0.000000000000000000e+00,-8.781574514899507244e-01,0.000000000000000000e+00,-4.783717073497080752e-01,2.257520531068695213e-01,0.000000000000000000e+00,0.000000000000000000e+00,0.000000000000000000e+00,1.000000000000000000e+00
-4.791522564116350025e-01,0.000000000000000000e+00,8.777318013924519935e-01,9.586705511072720620e-01,0.000000000000000000e+00,1.000000000000000000e+00,0.000000000000000000e+00,0.000000000000000000e+00,-8.777318013924519935e-01,0.000000000000000000e+00,-4.791522564116350025e-01,2.248472489146154940e-01,0.000000000000000000e+00,0.000000000000000000e+00,0.000000000000000000e+00,1.000000000000000000e+00
-4.799160174255223676e-01,0.000000000000000000e+00,8.773144340647917039e-01,9.601853509666821163e-01,0.000000000000000000e+00,1.000000000000000000e+00,0.000000000000000000e+00,0.000000000000000000e+00,-8.773144340647917039e-01,0.000000000000000000e+00,-4.799160174255223676e-01,2.239601470499862357e-01,0.000000000000000000e+00,0.000000000000000000e+00,0.000000000000000000e+00,1.000000000000000000e+00
-4.806630600199015557e-01,0.000000000000000000e+00,8.769053670335839046e-01,9.616669424886381545e-01,0.000000000000000000e+00,1.000000000000000000e+00,0.000000000000000000e+00,0.000000000000000000e+00,-8.769053670335839046e-01,0.000000000000000000e+00,-4.806630600199015557e-01,2.230907786827640571e-01,0.000000000000000000e+00,0.000000000000000000e+00,0.000000000000000000e+00,1.000000000000000000e+00
-4.813934574734746175e-01,0.000000000000000000e+00,8.765046144212441659e-01,9.631154742494931753e-01,0.000000000000000000e+00,1.000000000000000000e+00,0.000000000000000000e+00,0.000000000000000000e+00,-8.765046144212441659e-01,0.000000000000000000e+00,-4.813934574734746175e-01,2.222391679014726340e-01,0.000000000000000000e+00,0.000000000000000000e+00,0.000000000000000000e+00,1.000000000000000000e+00
-4.821072867389443739e-01,0.000000000000000000e+00,8.761121869219793412e-01,9.645311020274458524e-01,0.000000000000000000e+00,1.000000000000000000e+00,0.000000000000000000e+00,0.000000000000000000e+00,-8.761121869219793412e-01,0.000000000000000000e+00,-4.821072867389443739e-01,2.214053316635466451e-01,0.000000000000000000e+00,0.000000000000000000e+00,0.000000000000000000e+00,1.000000000000000000e+00
-4.828046284674645805e-01,0.000000000000000000e+00,8.757280917787172436e-01,9.659139888504535421e-01,0.000000000000000000e+00,1.000000000000000000e+00,0.000000000000000000e+00,0.000000000000000000e+00,-8.757280917787172436e-01,0.000000000000000000e+00,-4.828046284674645805e-01,2.205892797473588129e-01,0.000000000000000000e+00,0.000000000000000000e+00,0.000000000000000000e+00,1.000000000000000000e+00
-4.834855670337312450e-01,0.000000000000000000e+00,8.753523327609696869e-01,9.672643050454919900e-01,0.000000000000000000e+00,1.000000000000000000e+00,0.000000000000000000e+00,0.000000000000000000e+00,-8.753523327609696869e-01,0.000000000000000000e+00,-4.834855670337312450e-01,2.197910147060909702e-01,0.000000000000000000e+00,0.000000000000000000e+00,0.000000000000000000e+00,1.000000000000000000e+00
-4.841501905617152102e-01,0.000000000000000000e+00,8.749849101436292242e-01,9.685822282891660695e-01,0.000000000000000000e+00,1.000000000000000000e+00,0.000000000000000000e+00,0.000000000000000000e+00,-8.749849101436292242e-01,0.000000000000000000e+00,-4.841501905617152102e-01,2.190105318234482623e-01,0.000000000000000000e+00,0.000000000000000000e+00,0.000000000000000000e+00,1.000000000000000000e+00
-4.847985909510308944e-01,0.000000000000000000e+00,8.746258206867065788e-01,9.698679436596567838e-01,0.000000000000000000e+00,1.000000000000000000e+00,0.000000000000000000e+00,0.000000000000000000e+00,-8.746258206867065788e-01,0.000000000000000000e+00,-4.847985909510308944e-01,2.182478190712329180e-01,0.000000000000000000e+00,0.000000000000000000e+00,0.000000000000000000e+00,1.000000000000000000e+00
-4.854308639039599527e-01,0.000000000000000000e+00,8.742750576159971088e-01,9.711216436900464988e-01,0.000000000000000000e+00,1.000000000000000000e+00,0.000000000000000000e+00,0.000000000000000000e+00,-8.742750576159971088e-01,0.000000000000000000e+00,-4.854308639039599527e-01,2.175028570687502216e-01,0.000000000000000000e+00,0.000000000000000000e+00,0.000000000000000000e+00,1.000000000000000000e+00
-4.860471089531266387e-01,0.000000000000000000e+00,8.739326106046778619e-01,9.723435284230109721e-01,0.000000000000000000e+00,1.000000000000000000e+00,0.000000000000000000e+00,0.000000000000000000e+00,-8.739326106046778619e-01,0.000000000000000000e+00,-4.860471089531266387e-01,2.167756190440534581e-01,0.000000000000000000e+00,0.000000000000000000e+00,0.000000000000000000e+00,1.000000000000000000e+00
-4.866474294898175401e-01,0.000000000000000000e+00,8.735984657558374389e-01,9.735338054668692953e-01,0.000000000000000000e+00,1.000000000000000000e+00,0.000000000000000000e+00,0.000000000000000000e+00,-8.735984657558374389e-01,0.000000000000000000e+00,-4.866474294898175401e-01,2.160660707970293859e-01,0.000000000000000000e+00,0.000000000000000000e+00,0.000000000000000000e+00,1.000000000000000000e+00
-4.872319327929609534e-01,0.000000000000000000e+00,8.732726055859278969e-01,9.746926900530175075e-01,0.000000000000000000e+00,1.000000000000000000e+00,0.000000000000000000e+00,0.000000000000000000e+00,-8.732726055859278969e-01,0.000000000000000000e+00,-4.872319327929609534e-01,2.153741706643034215e-01,0.000000000000000000e+00,0.000000000000000000e+00,0.000000000000000000e+00,1.000000000000000000e+00
-4.878007300587647865e-01,0.000000000000000000e+00,8.729550090091333647e-01,9.758204050947422159e-01,0.000000000000000000e+00,1.000000000000000000e+00,0.000000000000000000e+00,0.000000000000000000e+00,-8.729550090091333647e-01,0.000000000000000000e+00,-4.878007300587647865e-01,2.146998694859547085e-01,0.000000000000000000e+00,0.000000000000000000e+00,0.000000000000000000e+00,1.000000000000000000e+00
-4.883539364309955610e-01,0.000000000000000000e+00,8.726456513226609202e-01,9.769171812473872452e-01,0.000000000000000000e+00,1.000000000000000000e+00,0.000000000000000000e+00,0.000000000000000000e+00,-8.726456513226609202e-01,0.000000000000000000e+00,-4.883539364309955610e-01,2.140431105740501772e-01,0.000000000000000000e+00,0.000000000000000000e+00,0.000000000000000000e+00,1.000000000000000000e+00
-4.888916710319266556e-01,0.000000000000000000e+00,8.723445041929308585e-01,9.779832569699172806e-01,0.000000000000000000e+00,1.000000000000000000e+00,0.000000000000000000e+00,0.000000000000000000e+00,-8.723445041929308585e-01,0.000000000000000000e+00,-4.888916710319266556e-01,2.134038296829537940e-01,0.000000000000000000e+00,0.000000000000000000e+00,0.000000000000000000e+00,1.000000000000000000e+00
-4.894140569939205987e-01,0.000000000000000000e+00,8.720515356426771225e-01,9.790188785878192190e-01,0.000000000000000000e+00,1.000000000000000000e+00,0.000000000000000000e+00,0.000000000000000000e+00,-8.720515356426771225e-01,0.000000000000000000e+00,-4.894140569939205987e-01,2.127819549814310429e-01,0.000000000000000000e+00,0.000000000000000000e+00,0.000000000000000000e+00,1.000000000000000000e+00
-4.899212214916707775e-01,0.000000000000000000e+00,8.717667100389353552e-01,9.800243003573829714e-01,0.000000000000000000e+00,1.000000000000000000e+00,0.000000000000000000e+00,0.000000000000000000e+00,-8.717667100389353552e-01,0.000000000000000000e+00,-4.899212214916707775e-01,2.121774070265046719e-01,0.000000000000000000e+00,0.000000000000000000e+00,0.000000000000000000e+00,1.000000000000000000e+00
-4.904132957750863553e-01,0.000000000000000000e+00,8.714899880819158007e-01,9.809997845313325193e-01,0.000000000000000000e+00,1.000000000000000000e+00,0.000000000000000000e+00,0.000000000000000000e+00,-8.714899880819158007e-01,0.000000000000000000e+00,-4.904132957750863553e-01,2.115900987390553767e-01,0.000000000000000000e+00,0.000000000000000000e+00,0.000000000000000000e+00,1.000000000000000000e+00
-4.908904152028083501e-01,0.000000000000000000e+00,8.712213267947556128e-01,9.819456014257830212e-01,0.000000000000000000e+00,1.000000000000000000e+00,0.000000000000000000e+00,0.000000000000000000e+00,-8.712213267947556128e-01,0.000000000000000000e+00,-4.908904152028083501e-01,2.110199353811574308e-01,0.000000000000000000e+00,0.000000000000000000e+00,0.000000000000000000e+00,1.000000000000000000e+00
-4.913527192763684770e-01,0.000000000000000000e+00,8.709606795141318081e-01,9.828620294885438424e-01,0.000000000000000000e+00,1.000000000000000000e+00,0.000000000000000000e+00,0.000000000000000000e+00,-8.709606795141318081e-01,0.000000000000000000e+00,-4.913527192763684770e-01,2.104668145351117348e-01,0.000000000000000000e+00,0.000000000000000000e+00,0.000000000000000000e+00,1.000000000000000000e+00
-4.918003516749747117e-01,0.000000000000000000e+00,8.707079958817256493e-01,9.837493553687367553e-01,0.000000000000000000e+00,1.000000000000000000e+00,0.000000000000000000e+00,0.000000000000000000e+00,-8.707079958817256493e-01,0.000000000000000000e+00,-4.918003516749747117e-01,2.099306260841566352e-01,0.000000000000000000e+00,0.000000000000000000e+00,0.000000000000000000e+00,1.000000000000000000e+00
-4.922334602909100854e-01,0.000000000000000000e+00,8.704632218365329077e-01,9.846078739877018871e-01,0.000000000000000000e+00,1.000000000000000000e+00,0.000000000000000000e+00,0.000000000000000000e+00,-8.704632218365329077e-01,0.000000000000000000e+00,-4.922334602909100854e-01,2.094112521948486849e-01,0.000000000000000000e+00,0.000000000000000000e+00,0.000000000000000000e+00,1.000000000000000000e+00
-4.926521972655518167e-01,0.000000000000000000e+00,8.702262996079949131e-01,9.854378886112002967e-01,0.000000000000000000e+00,1.000000000000000000e+00,0.000000000000000000e+00,0.000000000000000000e+00,-8.702262996079949131e-01,0.000000000000000000e+00,-4.926521972655518167e-01,2.089085673010601663e-01,0.000000000000000000e+00,0.000000000000000000e+00,0.000000000000000000e+00,1.000000000000000000e+00
-4.930567190259954047e-01,0.000000000000000000e+00,8.699971677099418432e-01,9.862397109228895342e-01,0.000000000000000000e+00,1.000000000000000000e+00,0.000000000000000000e+00,0.000000000000000000e+00,-8.699971677099418432e-01,0.000000000000000000e+00,-4.930567190259954047e-01,2.084224380895781659e-01,0.000000000000000000e+00,0.000000000000000000e+00,0.000000000000000000e+00,1.000000000000000000e+00
-4.934471863222558707e-01,0.000000000000000000e+00,8.697757609353394814e-01,9.870136610990052350e-01,0.000000000000000000e+00,1.000000000000000000e+00,0.000000000000000000e+00,0.000000000000000000e+00,-8.697757609353394814e-01,0.000000000000000000e+00,-4.934471863222558707e-01,2.079527234872894370e-01,0.000000000000000000e+00,0.000000000000000000e+00,0.000000000000000000e+00,1.000000000000000000e+00
-4.938237642650777359e-01,0.000000000000000000e+00,8.695620103518028055e-01,9.877600678843218018e-01,0.000000000000000000e+00,1.000000000000000000e+00,0.000000000000000000e+00,0.000000000000000000e+00,-8.695620103518028055e-01,0.000000000000000000e+00,-4.938237642650777359e-01,2.074992746498734442e-01,0.000000000000000000e+00,0.000000000000000000e+00,0.000000000000000000e+00,1.000000000000000000e+00
-4.941866223642913392e-01,0.000000000000000000e+00,8.693558432978829575e-01,9.884792686692536190e-01,0.000000000000000000e+00,1.000000000000000000e+00,0.000000000000000000e+00,0.000000000000000000e+00,-8.693558432978829575e-01,0.000000000000000000e+00,-4.941866223642913392e-01,2.070619349520240182e-01,0.000000000000000000e+00,0.000000000000000000e+00,0.000000000000000000e+00,1.000000000000000000e+00
-4.945359345677384222e-01,0.000000000000000000e+00,8.691571833800912916e-01,9.891716095681567511e-01,0.000000000000000000e+00,1.000000000000000000e+00,0.000000000000000000e+00,0.000000000000000000e+00,-8.691571833800912916e-01,0.000000000000000000e+00,-4.945359345677384222e-01,2.066405399791206299e-01,0.000000000000000000e+00,0.000000000000000000e+00,0.000000000000000000e+00,1.000000000000000000e+00
-4.948718793007459427e-01,0.000000000000000000e+00,8.689659504706429560e-01,9.898374454987708404e-01,0.000000000000000000e+00,1.000000000000000000e+00,0.000000000000000000e+00,0.000000000000000000e+00,-8.689659504706429560e-01,0.000000000000000000e+00,-4.948718793007459427e-01,2.062349175203190277e-01,0.000000000000000000e+00,0.000000000000000000e+00,0.000000000000000000e+00,1.000000000000000000e+00
-4.951946395061223027e-01,0.000000000000000000e+00,8.687820607059065781e-01,9.904771402627601251e-01,0.000000000000000000e+00,1.000000000000000000e+00,0.000000000000000000e+00,0.000000000000000000e+00,-8.687820607059065781e-01,0.000000000000000000e+00,-4.951946395061223027e-01,2.058448875630338182e-01,0.000000000000000000e+00,0.000000000000000000e+00,0.000000000000000000e+00,1.000000000000000000e+00
-4.955044026846657790e-01,0.000000000000000000e+00,8.686054264855318507e-01,9.910910666273290426e-01,0.000000000000000000e+00,1.000000000000000000e+00,0.000000000000000000e+00,0.000000000000000000e+00,-8.686054264855318507e-01,0.000000000000000000e+00,-4.955044026846657790e-01,2.054702622887566998e-01,0.000000000000000000e+00,0.000000000000000000e+00,0.000000000000000000e+00,1.000000000000000000e+00
-4.958013609361818785e-01,0.000000000000000000e+00,8.684359564722259339e-01,9.916796064078992057e-01,0.000000000000000000e+00,1.000000000000000000e+00,0.000000000000000000e+00,0.000000000000000000e+00,-8.684359564722259339e-01,0.000000000000000000e+00,-4.958013609361818785e-01,2.051108460701526193e-01,0.000000000000000000e+00,0.000000000000000000e+00,0.000000000000000000e+00,1.000000000000000000e+00
-4.960857110009738169e-01,0.000000000000000000e+00,8.682735555921637927e-01,9.922431505517808059e-01,0.000000000000000000e+00,1.000000000000000000e+00,0.000000000000000000e+00,0.000000000000000000e+00,-8.682735555921637927e-01,0.000000000000000000e+00,-4.960857110009738169e-01,2.047664354694054278e-01,0.000000000000000000e+00,0.000000000000000000e+00,0.000000000000000000e+00,1.000000000000000000e+00
-4.963576543017912401e-01,0.000000000000000000e+00,8.681181250360019419e-01,9.927820992228019170e-01,0.000000000000000000e+00,1.000000000000000000e+00,0.000000000000000000e+00,0.000000000000000000e+00,-8.681181250360019419e-01,0.000000000000000000e+00,-4.963576543017912401e-01,2.044368192377532534e-01,0.000000000000000000e+00,0.000000000000000000e+00,0.000000000000000000e+00,1.000000000000000000e+00
-4.966173969862303084e-01,0.000000000000000000e+00,8.679695622604636229e-01,9.932968618868840416e-01,0.000000000000000000e+00,1.000000000000000000e+00,0.000000000000000000e+00,0.000000000000000000e+00,-8.679695622604636229e-01,0.000000000000000000e+00,-4.966173969862303084e-01,2.041217783161476951e-01,0.000000000000000000e+00,0.000000000000000000e+00,0.000000000000000000e+00,1.000000000000000000e+00
-4.968651499695525553e-01,0.000000000000000000e+00,8.678277609904709866e-01,9.937878573984926245e-01,0.000000000000000000e+00,1.000000000000000000e+00,0.000000000000000000e+00,0.000000000000000000e+00,-8.678277609904709866e-01,0.000000000000000000e+00,-4.968651499695525553e-01,2.038210858369919887e-01,0.000000000000000000e+00,0.000000000000000000e+00,0.000000000000000000e+00,1.000000000000000000e+00
-4.971011289779025399e-01,0.000000000000000000e+00,8.676926112217936415e-01,9.942555140879247855e-01,0.000000000000000000e+00,1.000000000000000000e+00,0.000000000000000000e+00,0.000000000000000000e+00,-8.676926112217936415e-01,0.000000000000000000e+00,-4.971011289779025399e-01,2.035345071268955253e-01,0.000000000000000000e+00,0.000000000000000000e+00,0.000000000000000000e+00,1.000000000000000000e+00
-4.973255545919085807e-01,0.000000000000000000e+00,8.675639992241785947e-01,9.947002698493939699e-01,0.000000000000000000e+00,1.000000000000000000e+00,0.000000000000000000e+00,0.000000000000000000e+00,-8.675639992241785947e-01,0.000000000000000000e+00,-4.973255545919085807e-01,2.032617997103766116e-01,0.000000000000000000e+00,0.000000000000000000e+00,0.000000000000000000e+00,1.000000000000000000e+00
-4.975386522906336539e-01,0.000000000000000000e+00,8.674418075449326082e-01,9.951225722298535636e-01,0.000000000000000000e+00,1.000000000000000000e+00,0.000000000000000000e+00,0.000000000000000000e+00,-8.674418075449326082e-01,0.000000000000000000e+00,-4.975386522906336539e-01,2.030027133144554630e-01,0.000000000000000000e+00,0.000000000000000000e+00,0.000000000000000000e+00,1.000000000000000000e+00
-4.977406524958694067e-01,0.000000000000000000e+00,8.673259150129126738e-01,9.955228785185310514e-01,0.000000000000000000e+00,1.000000000000000000e+00,0.000000000000000000e+00,0.000000000000000000e+00,-8.673259150129126738e-01,0.000000000000000000e+00,-4.977406524958694067e-01,2.027569898740503862e-01,0.000000000000000000e+00,0.000000000000000000e+00,0.000000000000000000e+00,1.000000000000000000e+00
-4.979317906167208263e-01,0.000000000000000000e+00,8.672161967429034002e-01,9.959016558370747951e-01,0.000000000000000000e+00,1.000000000000000000e+00,0.000000000000000000e+00,0.000000000000000000e+00,-8.672161967429034002e-01,0.000000000000000000e+00,-4.979317906167208263e-01,2.025243635381359653e-01,0.000000000000000000e+00,0.000000000000000000e+00,0.000000000000000000e+00,1.000000000000000000e+00
-4.981123070944838416e-01,0.000000000000000000e+00,8.671125241403278006e-01,9.962593812303095486e-01,0.000000000000000000e+00,1.000000000000000000e+00,0.000000000000000000e+00,0.000000000000000000e+00,-8.671125241403278006e-01,0.000000000000000000e+00,-4.981123070944838416e-01,2.023045606765563886e-01,0.000000000000000000e+00,0.000000000000000000e+00,0.000000000000000000e+00,1.000000000000000000e+00
-4.982824474477678400e-01,0.000000000000000000e+00,8.670147649062629469e-01,9.965965417575056717e-01,0.000000000000000000e+00,1.000000000000000000e+00,0.000000000000000000e+00,0.000000000000000000e+00,-8.670147649062629469e-01,0.000000000000000000e+00,-4.982824474477678400e-01,2.020972998874380755e-01,0.000000000000000000e+00,0.000000000000000000e+00,0.000000000000000000e+00,1.000000000000000000e+00
-4.984424623178572156e-01,0.000000000000000000e+00,8.669227830427064241e-01,9.969136345841421720e-01,0.000000000000000000e+00,1.000000000000000000e+00,0.000000000000000000e+00,0.000000000000000000e+00,-8.669227830427064241e-01,0.000000000000000000e+00,-4.984424623178572156e-01,2.019022920050943526e-01,0.000000000000000000e+00,0.000000000000000000e+00,0.000000000000000000e+00,1.000000000000000000e+00
-4.985926075142464442e-01,0.000000000000000000e+00,8.668364388580723778e-01,9.972111670740372302e-01,0.000000000000000000e+00,1.000000000000000000e+00,0.000000000000000000e+00,0.000000000000000000e+00,-8.668364388580723778e-01,0.000000000000000000e+00,-4.985926075142464442e-01,2.017192401083821585e-01,0.000000000000000000e+00,0.000000000000000000e+00,0.000000000000000000e+00,1.000000000000000000e+00
-4.987331440603625654e-01,0.000000000000000000e+00,8.667555889728462137e-01,9.974896568818629738e-01,0.000000000000000000e+00,1.000000000000000000e+00,0.000000000000000000e+00,0.000000000000000000e+00,-8.667555889728462137e-01,0.000000000000000000e+00,-4.987331440603625654e-01,2.015478395293674452e-01,0.000000000000000000e+00,0.000000000000000000e+00,0.000000000000000000e+00,1.000000000000000000e+00
-4.988643382394118975e-01,0.000000000000000000e+00,8.666800863253716347e-01,9.977496320459202650e-01,0.000000000000000000e+00,1.000000000000000000e+00,0.000000000000000000e+00,0.000000000000000000e+00,-8.666800863253716347e-01,0.000000000000000000e+00,-4.988643382394118975e-01,2.013877778622499282e-01,0.000000000000000000e+00,0.000000000000000000e+00,0.000000000000000000e+00,1.000000000000000000e+00
-4.989864616403357211e-01,0.000000000000000000e+00,8.666097801777093990e-01,9.979916310811364211e-01,0.000000000000000000e+00,1.000000000000000000e+00,0.000000000000000000e+00,0.000000000000000000e+00,-8.666097801777093990e-01,0.000000000000000000e+00,-4.989864616403357211e-01,2.012387349724263919e-01,0.000000000000000000e+00,0.000000000000000000e+00,0.000000000000000000e+00,1.000000000000000000e+00
-4.990997912038300233e-01,0.000000000000000000e+00,8.665445161215281633e-01,9.982162030721947188e-01,0.000000000000000000e+00,1.000000000000000000e+00,0.000000000000000000e+00,0.000000000000000000e+00,-8.665445161215281633e-01,0.000000000000000000e+00,-4.990997912038300233e-01,2.011003830056141695e-01,0.000000000000000000e+00,0.000000000000000000e+00,0.000000000000000000e+00,1.000000000000000000e+00
-4.992046092684043757e-01,0.000000000000000000e+00,8.664841360839675710e-01,9.984239077667418361e-01,0.000000000000000000e+00,1.000000000000000000e+00,0.000000000000000000e+00,0.000000000000000000e+00,-8.664841360839675710e-01,0.000000000000000000e+00,-4.992046092684043757e-01,2.009723863969162805e-01,0.000000000000000000e+00,0.000000000000000000e+00,0.000000000000000000e+00,1.000000000000000000e+00
-4.993012036164430345e-01,0.000000000000000000e+00,8.664284783334232909e-01,9.986153156685919630e-01,0.000000000000000000e+00,1.000000000000000000e+00,0.000000000000000000e+00,0.000000000000000000e+00,-8.664284783334232909e-01,0.000000000000000000e+00,-4.993012036164430345e-01,2.008544018797302488e-01,0.000000000000000000e+00,0.000000000000000000e+00,0.000000000000000000e+00,1.000000000000000000e+00
-4.993898675202331217e-01,0.000000000000000000e+00,8.663773774851949439e-01,9.987910081308609689e-01,0.000000000000000000e+00,1.000000000000000000e+00,0.000000000000000000e+00,0.000000000000000000e+00,-8.663773774851949439e-01,0.000000000000000000e+00,-4.993898675202331217e-01,2.007460784943806975e-01,0.000000000000000000e+00,0.000000000000000000e+00,0.000000000000000000e+00,1.000000000000000000e+00
-4.994708997879129253e-01,0.000000000000000000e+00,8.663306645069495104e-01,9.989515774489245992e-01,0.000000000000000000e+00,1.000000000000000000e+00,0.000000000000000000e+00,0.000000000000000000e+00,-8.663306645069495104e-01,0.000000000000000000e+00,-4.994708997879129253e-01,2.006470575963863467e-01,0.000000000000000000e+00,0.000000000000000000e+00,0.000000000000000000e+00,1.000000000000000000e+00
-4.995446048093223346e-01,0.000000000000000000e+00,8.662881667239245020e-01,9.990976269531661735e-01,0.000000000000000000e+00,1.000000000000000000e+00,0.000000000000000000e+00,0.000000000000000000e+00,-8.662881667239245020e-01,0.000000000000000000e+00,-4.995446048093223346e-01,2.005569728642071503e-01,0.000000000000000000e+00,0.000000000000000000e+00,0.000000000000000000e+00,1.000000000000000000e+00
-4.996112926016939015e-01,0.000000000000000000e+00,8.662497078238263759e-01,9.992297711013832240e-01,0.000000000000000000e+00,1.000000000000000000e+00,0.000000000000000000e+00,0.000000000000000000e+00,-8.662497078238263759e-01,0.000000000000000000e+00,-4.996112926016939015e-01,2.004754503063872484e-01,0.000000000000000000e+00,0.000000000000000000e+00,0.000000000000000000e+00,1.000000000000000000e+00
-4.996712788551597173e-01,0.000000000000000000e+00,8.662151078613494759e-01,9.993486355708010027e-01,0.000000000000000000e+00,1.000000000000000000e+00,0.000000000000000000e+00,0.000000000000000000e+00,-8.662151078613494759e-01,0.000000000000000000e+00,-4.996712788551597173e-01,2.004021082679432464e-01,0.000000000000000000e+00,0.000000000000000000e+00,0.000000000000000000e+00,1.000000000000000000e+00
-4.997248849780311919e-01,0.000000000000000000e+00,8.661841832622514392e-01,9.994548573496017108e-01,0.000000000000000000e+00,1.000000000000000000e+00,0.000000000000000000e+00,0.000000000000000000e+00,-8.661841832622514392e-01,0.000000000000000000e+00,-4.997248849780311919e-01,2.003365574358724754e-01,0.000000000000000000e+00,0.000000000000000000e+00,0.000000000000000000e+00,1.000000000000000000e+00
-4.997724381418012229e-01,0.000000000000000000e+00,8.661567468269236736e-01,9.995490848278630880e-01,0.000000000000000000e+00,1.000000000000000000e+00,0.000000000000000000e+00,0.000000000000000000e+00,-8.661567468269236736e-01,0.000000000000000000e+00,-4.997724381418012229e-01,2.002784008436598873e-01,0.000000000000000000e+00,0.000000000000000000e+00,0.000000000000000000e+00,1.000000000000000000e+00
-4.998142713258337810e-01,0.000000000000000000e+00,8.661326077333804108e-01,9.996319778878327567e-01,0.000000000000000000e+00,1.000000000000000000e+00,0.000000000000000000e+00,0.000000000000000000e+00,-8.661326077333804108e-01,0.000000000000000000e+00,-4.998142713258337810e-01,2.002272338746307612e-01,0.000000000000000000e+00,0.000000000000000000e+00,0.000000000000000000e+00,1.000000000000000000e+00
-4.998507233616965584e-01,0.000000000000000000e+00,8.661115715395959480e-01,9.997042079934436165e-01,0.000000000000000000e+00,1.000000000000000000e+00,0.000000000000000000e+00,0.000000000000000000e+00,-8.661115715395959480e-01,0.000000000000000000e+00,-4.998507233616965584e-01,2.001826442640119441e-01,0.000000000000000000e+00,0.000000000000000000e+00,0.000000000000000000e+00,1.000000000000000000e+00
-4.998821389770837231e-01,0.000000000000000000e+00,8.660934401851196895e-01,9.997664582789606014e-01,0.000000000000000000e+00,1.000000000000000000e+00,0.000000000000000000e+00,0.000000000000000000e+00,-8.660934401851196895e-01,0.000000000000000000e+00,-4.998821389770837231e-01,2.001442120995599594e-01,0.000000000000000000e+00,0.000000000000000000e+00,0.000000000000000000e+00,1.000000000000000000e+00
-4.999088688392958058e-01,0.000000000000000000e+00,8.660780119918850550e-01,9.998194236366840792e-01,0.000000000000000000e+00,1.000000000000000000e+00,0.000000000000000000e+00,0.000000000000000000e+00,-8.660780119918850550e-01,0.000000000000000000e+00,-4.999088688392958058e-01,2.001115098205922815e-01,0.000000000000000000e+00,0.000000000000000000e+00,0.000000000000000000e+00,1.000000000000000000e+00
-4.999312695982109367e-01,0.000000000000000000e+00,8.660650816641443095e-01,9.998638108035782235e-01,0.000000000000000000e+00,1.000000000000000000e+00,0.000000000000000000e+00,0.000000000000000000e+00,-8.660650816641443095e-01,0.000000000000000000e+00,-4.999312695982109367e-01,2.000841022152853310e-01,0.000000000000000000e+00,0.000000000000000000e+00,0.000000000000000000e+00,1.000000000000000000e+00
-4.999497039287198463e-01,0.000000000000000000e+00,8.660544402874367220e-01,9.999003384467594069e-01,0.000000000000000000e+00,1.000000000000000000e+00,0.000000000000000000e+00,0.000000000000000000e+00,-8.660544402874367220e-01,0.000000000000000000e+00,-4.999497039287198463e-01,2.000615464160566681e-01,0.000000000000000000e+00,0.000000000000000000e+00,0.000000000000000000e+00,1.000000000000000000e+00
-4.999645405725557379e-01,0.000000000000000000e+00,8.660458753265171117e-01,9.999297372477018442e-01,0.000000000000000000e+00,1.000000000000000000e+00,0.000000000000000000e+00,0.000000000000000000e+00,-8.660458753265171117e-01,0.000000000000000000e+00,-4.999645405725557379e-01,2.000433918928868349e-01,0.000000000000000000e+00,0.000000000000000000e+00,0.000000000000000000e+00,1.000000000000000000e+00
-4.999761543794809526e-01,0.000000000000000000e+00,8.660391706221522989e-01,9.999527499850789924e-01,0.000000000000000000e+00,1.000000000000000000e+00,0.000000000000000000e+00,0.000000000000000000e+00,-8.660391706221522989e-01,0.000000000000000000e+00,-4.999761543794809526e-01,2.000291804443979915e-01,0.000000000000000000e+00,0.000000000000000000e+00,0.000000000000000000e+00,1.000000000000000000e+00
-4.999849263477752492e-01,0.000000000000000000e+00,8.660341063866998645e-01,9.999701316161263565e-01,0.000000000000000000e+00,1.000000000000000000e+00,0.000000000000000000e+00,0.000000000000000000e+00,-8.660341063866998645e-01,0.000000000000000000e+00,-4.999849263477752492e-01,2.000184461865187613e-01,0.000000000000000000e+00,0.000000000000000000e+00,0.000000000000000000e+00,1.000000000000000000e+00
-4.999912436639689095e-01,0.000000000000000000e+00,8.660304591983803979e-01,9.999826493563993557e-01,0.000000000000000000e+00,1.000000000000000000e+00,0.000000000000000000e+00,0.000000000000000000e+00,-8.660304591983803979e-01,0.000000000000000000e+00,-4.999912436639689095e-01,2.000107155385608126e-01,0.000000000000000000e+00,0.000000000000000000e+00,0.000000000000000000e+00,1.000000000000000000e+00
-4.999954997417726532e-01,0.000000000000000000e+00,8.660280019941474228e-01,9.999910827578324390e-01,0.000000000000000000e+00,1.000000000000000000e+00,0.000000000000000000e+00,0.000000000000000000e+00,-8.660280019941474228e-01,0.000000000000000000e+00,-4.999954997417726532e-01,2.000055072065160533e-01,0.000000000000000000e+00,0.000000000000000000e+00,0.000000000000000000e+00,1.000000000000000000e+00
-4.999980942601392475e-01,0.000000000000000000e+00,8.660265040610644061e-01,9.999962237849555624e-01,0.000000000000000000e+00,1.000000000000000000e+00,0.000000000000000000e+00,0.000000000000000000e+00,-8.660265040610644061e-01,0.000000000000000000e+00,-4.999980942601392475e-01,2.000023321633960793e-01,0.000000000000000000e+00,0.000000000000000000e+00,0.000000000000000000e+00,1.000000000000000000e+00
-4.999994332004150666e-01,0.000000000000000000e+00,8.660257310260842667e-01,9.999988768891825419e-01,0.000000000000000000e+00,1.000000000000000000e+00,0.000000000000000000e+00,0.000000000000000000e+00,-8.660257310260842667e-01,0.000000000000000000e+00,-4.999994332004150666e-01,2.000006936264053237e-01,0.000000000000000000e+00,0.000000000000000000e+00,0.000000000000000000e+00,1.000000000000000000e+00
-4.999999288825039967e-01,0.000000000000000000e+00,8.660254448441402353e-01,9.999998590810049715e-01,0.000000000000000000e+00,1.000000000000000000e+00,0.000000000000000000e+00,0.000000000000000000e+00,-8.660254448441402353e-01,0.000000000000000000e+00,-4.999999288825039967e-01,2.000000870307694356e-01,0.000000000000000000e+00,0.000000000000000000e+00,0.000000000000000000e+00,1.000000000000000000e+00
-4.999999999999998335e-01,0.000000000000000000e+00,8.660254037844387076e-01,1.000000000000000000e+00,0.000000000000000000e+00,1.000000000000000000e+00,0.000000000000000000e+00,0.000000000000000000e+00,-8.660254037844387076e-01,0.000000000000000000e+00,-4.999999999999998335e-01,1.999999999999998446e-01,0.000000000000000000e+00,0.000000000000000000e+00,0.000000000000000000e+00,1.000000000000000000e+00
-4.999999999999999445e-01,0.000000000000000000e+00,8.660254037844387076e-01,1.000000000000000000e+00,0.000000000000000000e+00,1.000000000000000000e+00,0.000000000000000000e+00,0.000000000000000000e+00,-8.660254037844387076e-01,0.000000000000000000e+00,-4.999999999999999445e-01,2.000000000000000111e-01,0.000000000000000000e+00,0.000000000000000000e+00,0.000000000000000000e+00,1.000000000000000000e+00
-4.999999999999999445e-01,0.000000000000000000e+00,8.660254037844387076e-01,1.000000101505793992e+00,0.000000000000000000e+00,1.000000000000000000e+00,0.000000000000000000e+00,0.000000000000000000e+00,-8.660254037844387076e-01,0.000000000000000000e+00,-4.999999999999999445e-01,1.999980713899160434e-01,0.000000000000000000e+00,0.000000000000000000e+00,0.000000000000000000e+00,1.000000000000000000e+00
-4.999999999999999445e-01,0.000000000000000000e+00,8.660254037844387076e-01,1.000000799705528021e+00,0.000000000000000000e+00,1.000000000000000000e+00,0.000000000000000000e+00,0.000000000000000000e+00,-8.660254037844387076e-01,0.000000000000000000e+00,-4.999999999999999445e-01,1.999848055949675629e-01,0.000000000000000000e+00,0.000000000000000000e+00,0.000000000000000000e+00,1.000000000000000000e+00
-4.999999999999999445e-01,0.000000000000000000e+00,8.660254037844387076e-01,1.000002657696576591e+00,0.000000000000000000e+00,1.000000000000000000e+00,0.000000000000000000e+00,0.000000000000000000e+00,-8.660254037844387076e-01,0.000000000000000000e+00,-4.999999999999999445e-01,1.999495037650446116e-01,0.000000000000000000e+00,0.000000000000000000e+00,0.000000000000000000e+00,1.000000000000000000e+00
-4.999999999999999445e-01,0.000000000000000000e+00,8.660254037844387076e-01,1.000006202613792361e+00,0.000000000000000000e+00,1.000000000000000000e+00,0.000000000000000000e+00,0.000000000000000000e+00,-8.660254037844387076e-01,0.000000000000000000e+00,-4.999999999999999445e-01,1.998821503379433207e-01,0.000000000000000000e+00,0.000000000000000000e+00,0.000000000000000000e+00,1.000000000000000000e+00
-4.999999999999999445e-01,0.000000000000000000e+00,8.660254037844387076e-01,1.000011926386612737e+00,0.000000000000000000e+00,1.000000000000000000e+00,0.000000000000000000e+00,0.000000000000000000e+00,-8.660254037844387076e-01,0.000000000000000000e+00,-4.999999999999999445e-01,1.997733986543574758e-01,0.000000000000000000e+00,0.000000000000000000e+00,0.000000000000000000e+00,1.000000000000000000e+00
-4.999999999999999445e-01,0.000000000000000000e+00,8.660254037844387076e-01,1.000020286496164701e+00,0.000000000000000000e+00,1.000000000000000000e+00,0.000000000000000000e+00,0.000000000000000000e+00,-8.660254037844387076e-01,0.000000000000000000e+00,-4.999999999999999445e-01,1.996145565728700000e-01,0.000000000000000000e+00,0.000000000000000000e+00,0.000000000000000000e+00,1.000000000000000000e+00
-4.999999999999999445e-01,0.000000000000000000e+00,8.660254037844387076e-01,1.000031706732371406e+00,0.000000000000000000e+00,1.000000000000000000e+00,0.000000000000000000e+00,0.000000000000000000e+00,-8.660254037844387076e-01,0.000000000000000000e+00,-4.999999999999999445e-01,1.993975720849442690e-01,0.000000000000000000e+00,0.000000000000000000e+00,0.000000000000000000e+00,1.000000000000000000e+00
-4.999999999999999445e-01,0.000000000000000000e+00,8.660254037844387076e-01,1.000046577951057003e+00,0.000000000000000000e+00,1.000000000000000000e+00,0.000000000000000000e+00,0.000000000000000000e+00,-8.660254037844387076e-01,0.000000000000000000e+00,-4.999999999999999445e-01,1.991150189299157325e-01,0.000000000000000000e+00,0.000000000000000000e+00,0.000000000000000000e+00,1.000000000000000000e+00
-4.999999999999999445e-01,0.000000000000000000e+00,8.660254037844387076e-01,1.000065258831053461e+00,0.000000000000000000e+00,1.000000000000000000e+00,0.000000000000000000e+00,0.000000000000000000e+00,-8.660254037844387076e-01,0.000000000000000000e+00,-4.999999999999999445e-01,1.987600822099831743e-01,0.000000000000000000e+00,0.000000000000000000e+00,0.000000000000000000e+00,1.000000000000000000e+00
-4.999999999999999445e-01,0.000000000000000000e+00,8.660254037844387076e-01,1.000088076631305167e+00,0.000000000000000000e+00,1.000000000000000000e+00,0.000000000000000000e+00,0.000000000000000000e+00,-8.660254037844387076e-01,0.000000000000000000e+00,-4.999999999999999445e-01,1.983265440052003337e-01,0.000000000000000000e+00,0.000000000000000000e+00,0.000000000000000000e+00,1.000000000000000000e+00
-4.999999999999999445e-01,0.000000000000000000e+00,8.660254037844387076e-01,1.000115327947975308e+00,0.000000000000000000e+00,1.000000000000000000e+00,0.000000000000000000e+00,0.000000000000000000e+00,-8.660254037844387076e-01,0.000000000000000000e+00,-4.999999999999999445e-01,1.978087689884672207e-01,0.000000000000000000e+00,0.000000000000000000e+00,0.000000000000000000e+00,1.000000000000000000e+00
-4.999999999999999445e-01,0.000000000000000000e+00,8.660254037844387076e-01,1.000147279471551576e+00,0.000000000000000000e+00,1.000000000000000000e+00,0.000000000000000000e+00,0.000000000000000000e+00,-8.660254037844387076e-01,0.000000000000000000e+00,-4.999999999999999445e-01,1.972016900405216544e-01,0.000000000000000000e+00,0.000000000000000000e+00,0.000000000000000000e+00,1.000000000000000000e+00
-4.999999999999999445e-01,0.000000000000000000e+00,8.660254037844387076e-01,1.000184168743950996e+00,0.000000000000000000e+00,1.000000000000000000e+00,0.000000000000000000e+00,0.000000000000000000e+00,-8.660254037844387076e-01,0.000000000000000000e+00,-4.999999999999999445e-01,1.965007938649306340e-01,0.000000000000000000e+00,0.000000000000000000e+00,0.000000000000000000e+00,1.000000000000000000e+00
-4.999999999999999445e-01,0.000000000000000000e+00,8.660254037844387076e-01,1.000226204915627193e+00,0.000000000000000000e+00,1.000000000000000000e+00,0.000000000000000000e+00,0.000000000000000000e+00,-8.660254037844387076e-01,0.000000000000000000e+00,-4.999999999999999445e-01,1.957021066030819323e-01,0.000000000000000000e+00,0.000000000000000000e+00,0.000000000000000000e+00,1.000000000000000000e+00
-4.999999999999999445e-01,0.000000000000000000e+00,8.660254037844387076e-01,1.000273569502674986e+00,0.000000000000000000e+00,1.000000000000000000e+00,0.000000000000000000e+00,0.000000000000000000e+00,-8.660254037844387076e-01,0.000000000000000000e+00,-4.999999999999999445e-01,1.948021794491753278e-01,0.000000000000000000e+00,0.000000000000000000e+00,0.000000000000000000e+00,1.000000000000000000e+00
-4.999999999999999445e-01,0.000000000000000000e+00,8.660254037844387076e-01,1.000326417143936109e+00,0.000000000000000000e+00,1.000000000000000000e+00,0.000000000000000000e+00,0.000000000000000000e+00,-8.660254037844387076e-01,0.000000000000000000e+00,-4.999999999999999445e-01,1.937980742652142541e-01,0.000000000000000000e+00,0.000000000000000000e+00,0.000000000000000000e+00,1.000000000000000000e+00
-4.999999999999999445e-01,0.000000000000000000e+00,8.660254037844387076e-01,1.000384876358105357e+00,0.000000000000000000e+00,1.000000000000000000e+00,0.000000000000000000e+00,0.000000000000000000e+00,-8.660254037844387076e-01,0.000000000000000000e+00,-4.999999999999999445e-01,1.926873491959970874e-01,0.000000000000000000e+00,0.000000000000000000e+00,0.000000000000000000e+00,1.000000000000000000e+00
-4.999999999999999445e-01,0.000000000000000000e+00,8.660254037844387076e-01,1.000449050300836307e+00,0.000000000000000000e+00,1.000000000000000000e+00,0.000000000000000000e+00,0.000000000000000000e+00,-8.660254037844387076e-01,0.000000000000000000e+00,-4.999999999999999445e-01,1.914680442841087682e-01,0.000000000000000000e+00,0.000000000000000000e+00,0.000000000000000000e+00,1.000000000000000000e+00
-4.999999999999999445e-01,0.000000000000000000e+00,8.660254037844387076e-01,1.000519017521846799e+00,0.000000000000000000e+00,1.000000000000000000e+00,0.000000000000000000e+00,0.000000000000000000e+00,-8.660254037844387076e-01,0.000000000000000000e+00,-4.999999999999999445e-01,1.901386670849120608e-01,0.000000000000000000e+00,0.000000000000000000e+00,0.000000000000000000e+00,1.000000000000000000e+00
-4.999999999999999445e-01,0.000000000000000000e+00,8.660254037844387076e-01,1.000594832722024208e+00,0.000000000000000000e+00,1.000000000000000000e+00,0.000000000000000000e+00,0.000000000000000000e+00,-8.660254037844387076e-01,0.000000000000000000e+00,-4.999999999999999445e-01,1.886981782815391473e-01,0.000000000000000000e+00,0.000000000000000000e+00,0.000000000000000000e+00,1.000000000000000000e+00
-4.999999999999999445e-01,0.000000000000000000e+00,8.660254037844387076e-01,1.000676527510532487e+00,0.000000000000000000e+00,1.000000000000000000e+00,0.000000000000000000e+00,0.000000000000000000e+00,-8.660254037844387076e-01,0.000000000000000000e+00,-4.999999999999999445e-01,1.871459772998829985e-01,0.000000000000000000e+00,0.000000000000000000e+00,0.000000000000000000e+00,1.000000000000000000e+00
-4.999999999999999445e-01,0.000000000000000000e+00,8.660254037844387076e-01,1.000764111161916325e+00,0.000000000000000000e+00,1.000000000000000000e+00,0.000000000000000000e+00,0.000000000000000000e+00,-8.660254037844387076e-01,0.000000000000000000e+00,-4.999999999999999445e-01,1.854818879235888840e-01,0.000000000000000000e+00,0.000000000000000000e+00,0.000000000000000000e+00,1.000000000000000000e+00
-4.999999999999999445e-01,0.000000000000000000e+00,8.660254037844387076e-01,1.000857571373208188e+00,0.000000000000000000e+00,1.000000000000000000e+00,0.000000000000000000e+00,0.000000000000000000e+00,-8.660254037844387076e-01,0.000000000000000000e+00,-4.999999999999999445e-01,1.837061439090457438e-01,0.000000000000000000e+00,0.000000000000000000e+00,0.000000000000000000e+00,1.000000000000000000e+00
-4.999999999999999445e-01,0.000000000000000000e+00,8.660254037844387076e-01,1.000956875021032699e+00,0.000000000000000000e+00,1.000000000000000000e+00,0.000000000000000000e+00,0.000000000000000000e+00,-8.660254037844387076e-01,0.000000000000000000e+00,-4.999999999999999445e-01,1.818193746003777256e-01,0.000000000000000000e+00,0.000000000000000000e+00,0.000000000000000000e+00,1.000000000000000000e+00
-4.999999999999999445e-01,0.000000000000000000e+00,8.660254037844387076e-01,1.001061968918713907e+00,0.000000000000000000e+00,1.000000000000000000e+00,0.000000000000000000e+00,0.000000000000000000e+00,-8.660254037844387076e-01,0.000000000000000000e+00,-4.999999999999999445e-01,1.798225905444355288e-01,0.000000000000000000e+00,0.000000000000000000e+00,0.000000000000000000e+00,1.000000000000000000e+00
-4.999999999999999445e-01,0.000000000000000000e+00,8.660254037844387076e-01,1.001172780573379661e+00,0.000000000000000000e+00,1.000000000000000000e+00,0.000000000000000000e+00,0.000000000000000000e+00,-8.660254037844387076e-01,0.000000000000000000e+00,-4.999999999999999445e-01,1.777171691057879421e-01,0.000000000000000000e+00,0.000000000000000000e+00,0.000000000000000000e+00,1.000000000000000000e+00
-4.999999999999999445e-01,0.000000000000000000e+00,8.660254037844387076e-01,1.001289218943067771e+00,0.000000000000000000e+00,1.000000000000000000e+00,0.000000000000000000e+00,0.000000000000000000e+00,-8.660254037844387076e-01,0.000000000000000000e+00,-4.999999999999999445e-01,1.755048400817132426e-01,0.000000000000000000e+00,0.000000000000000000e+00,0.000000000000000000e+00,1.000000000000000000e+00
-4.999999999999999445e-01,0.000000000000000000e+00,8.660254037844387076e-01,1.001411175193832159e+00,0.000000000000000000e+00,1.000000000000000000e+00,0.000000000000000000e+00,0.000000000000000000e+00,-8.660254037844387076e-01,0.000000000000000000e+00,-4.999999999999999445e-01,1.731876713171907056e-01,0.000000000000000000e+00,0.000000000000000000e+00,0.000000000000000000e+00,1.000000000000000000e+00
-4.999999999999999445e-01,0.000000000000000000e+00,8.660254037844387076e-01,1.001538523456847685e+00,0.000000000000000000e+00,1.000000000000000000e+00,0.000000000000000000e+00,0.000000000000000000e+00,-8.660254037844387076e-01,0.000000000000000000e+00,-4.999999999999999445e-01,1.707680543198920042e-01,0.000000000000000000e+00,0.000000000000000000e+00,0.000000000000000000e+00,1.000000000000000000e+00
-4.999999999999999445e-01,0.000000000000000000e+00,8.660254037844387076e-01,1.001671121585517188e+00,0.000000000000000000e+00,1.000000000000000000e+00,0.000000000000000000e+00,0.000000000000000000e+00,-8.660254037844387076e-01,0.000000000000000000e+00,-4.999999999999999445e-01,1.682486898751726079e-01,0.000000000000000000e+00,0.000000000000000000e+00,0.000000000000000000e+00,1.000000000000000000e+00
-4.999999999999999445e-01,0.000000000000000000e+00,8.660254037844387076e-01,1.001808811912575647e+00,0.000000000000000000e+00,1.000000000000000000e+00,0.000000000000000000e+00,0.000000000000000000e+00,-8.660254037844387076e-01,0.000000000000000000e+00,-4.999999999999999445e-01,1.656325736610632926e-01,0.000000000000000000e+00,0.000000000000000000e+00,0.000000000000000000e+00,1.000000000000000000e+00
-4.999999999999999445e-01,0.000000000000000000e+00,8.660254037844387076e-01,1.001951422007196779e+00,0.000000000000000000e+00,1.000000000000000000e+00,0.000000000000000000e+00,0.000000000000000000e+00,-8.660254037844387076e-01,0.000000000000000000e+00,-4.999999999999999445e-01,1.629229818632616511e-01,0.000000000000000000e+00,0.000000000000000000e+00,0.000000000000000000e+00,1.000000000000000000e+00
-4.999999999999999445e-01,0.000000000000000000e+00,8.660254037844387076e-01,1.002098765432098748e+00,0.000000000000000000e+00,1.000000000000000000e+00,0.000000000000000000e+00,0.000000000000000000e+00,-8.660254037844387076e-01,0.000000000000000000e+00,-4.999999999999999445e-01,1.601234567901234640e-01,0.000000000000000000e+00,0.000000000000000000e+00,0.000000000000000000e+00,1.000000000000000000e+00
-4.999999999999999445e-01,0.000000000000000000e+00,8.660254037844387076e-01,1.002250642500649880e+00,0.000000000000000000e+00,1.000000000000000000e+00,0.000000000000000000e+00,0.000000000000000000e+00,-8.660254037844387076e-01,0.000000000000000000e+00,-4.999999999999999445e-01,1.572377924876540711e-01,0.000000000000000000e+00,0.000000000000000000e+00,0.000000000000000000e+00,1.000000000000000000e+00
-4.999999999999999445e-01,0.000000000000000000e+00,8.660254037844387076e-01,1.002406841033973706e+00,0.000000000000000000e+00,1.000000000000000000e+00,0.000000000000000000e+00,0.000000000000000000e+00,-8.660254037844387076e-01,0.000000000000000000e+00,-4.999999999999999445e-01,1.542700203545000204e-01,0.000000000000000000e+00,0.000000000000000000e+00,0.000000000000000000e+00,1.000000000000000000e+00
-4.999999999999999445e-01,0.000000000000000000e+00,8.660254037844387076e-01,1.002567137118055784e+00,0.000000000000000000e+00,1.000000000000000000e+00,0.000000000000000000e+00,0.000000000000000000e+00,-8.660254037844387076e-01,0.000000000000000000e+00,-4.999999999999999445e-01,1.512243947569403280e-01,0.000000000000000000e+00,0.000000000000000000e+00,0.000000000000000000e+00,1.000000000000000000e+00
-4.999999999999999445e-01,0.000000000000000000e+00,8.660254037844387076e-01,1.002731295860848526e+00,0.000000000000000000e+00,1.000000000000000000e+00,0.000000000000000000e+00,0.000000000000000000e+00,-8.660254037844387076e-01,0.000000000000000000e+00,-4.999999999999999445e-01,1.481053786438780717e-01,0.000000000000000000e+00,0.000000000000000000e+00,0.000000000000000000e+00,1.000000000000000000e+00
-4.999999999999999445e-01,0.000000000000000000e+00,8.660254037844387076e-01,1.002899072149377346e+00,0.000000000000000000e+00,1.000000000000000000e+00,0.000000000000000000e+00,0.000000000000000000e+00,-8.660254037844387076e-01,0.000000000000000000e+00,-4.999999999999999445e-01,1.449176291618316514e-01,0.000000000000000000e+00,0.000000000000000000e+00,0.000000000000000000e+00,1.000000000000000000e+00
-4.999999999999999445e-01,0.000000000000000000e+00,8.660254037844387076e-01,1.003070211406845935e+00,0.000000000000000000e+00,1.000000000000000000e+00,0.000000000000000000e+00,0.000000000000000000e+00,-8.660254037844387076e-01,0.000000000000000000e+00,-4.999999999999999445e-01,1.416659832699265209e-01,0.000000000000000000e+00,0.000000000000000000e+00,0.000000000000000000e+00,1.000000000000000000e+00
-4.999999999999999445e-01,0.000000000000000000e+00,8.660254037844387076e-01,1.003244450349742856e+00,0.000000000000000000e+00,1.000000000000000000e+00,0.000000000000000000e+00,0.000000000000000000e+00,-8.660254037844387076e-01,0.000000000000000000e+00,-4.999999999999999445e-01,1.383554433548863372e-01,0.000000000000000000e+00,0.000000000000000000e+00,0.000000000000000000e+00,1.000000000000000000e+00
-4.999999999999999445e-01,0.000000000000000000e+00,8.660254037844387076e-01,1.003421517744946145e+00,0.000000000000000000e+00,1.000000000000000000e+00,0.000000000000000000e+00,0.000000000000000000e+00,-8.660254037844387076e-01,0.000000000000000000e+00,-4.999999999999999445e-01,1.349911628460246371e-01,0.000000000000000000e+00,0.000000000000000000e+00,0.000000000000000000e+00,1.000000000000000000e+00
-4.999999999999999445e-01,0.000000000000000000e+00,8.660254037844387076e-01,1.003601135166829694e+00,0.000000000000000000e+00,1.000000000000000000e+00,0.000000000000000000e+00,0.000000000000000000e+00,-8.660254037844387076e-01,0.000000000000000000e+00,-4.999999999999999445e-01,1.315784318302361533e-01,0.000000000000000000e+00,0.000000000000000000e+00,0.000000000000000000e+00,1.000000000000000000e+00
-4.999999999999999445e-01,0.000000000000000000e+00,8.660254037844387076e-01,1.003783017754368956e+00,0.000000000000000000e+00,1.000000000000000000e+00,0.000000000000000000e+00,0.000000000000000000e+00,-8.660254037844387076e-01,0.000000000000000000e+00,-4.999999999999999445e-01,1.281226626669882407e-01,0.000000000000000000e+00,0.000000000000000000e+00,0.000000000000000000e+00,1.000000000000000000e+00
-4.999999999999999445e-01,0.000000000000000000e+00,8.660254037844387076e-01,1.003966874968246659e+00,0.000000000000000000e+00,1.000000000000000000e+00,0.000000000000000000e+00,0.000000000000000000e+00,-8.660254037844387076e-01,0.000000000000000000e+00,-4.999999999999999445e-01,1.246293756033124978e-01,0.000000000000000000e+00,0.000000000000000000e+00,0.000000000000000000e+00,1.000000000000000000e+00
-4.999999999999999445e-01,0.000000000000000000e+00,8.660254037844387076e-01,1.004152411347958074e+00,0.000000000000000000e+00,1.000000000000000000e+00,0.000000000000000000e+00,0.000000000000000000e+00,-8.660254037844387076e-01,0.000000000000000000e+00,-4.999999999999999445e-01,1.211041843887960962e-01,0.000000000000000000e+00,0.000000000000000000e+00,0.000000000000000000e+00,1.000000000000000000e+00
-4.999999999999999445e-01,0.000000000000000000e+00,8.660254037844387076e-01,1.004339327268917170e+00,0.000000000000000000e+00,1.000000000000000000e+00,0.000000000000000000e+00,0.000000000000000000e+00,-8.660254037844387076e-01,0.000000000000000000e+00,-4.999999999999999445e-01,1.175527818905731658e-01,0.000000000000000000e+00,0.000000000000000000e+00,0.000000000000000000e+00,1.000000000000000000e+00
-4.999999999999999445e-01,0.000000000000000000e+00,8.660254037844387076e-01,1.004527319699562327e+00,0.000000000000000000e+00,1.000000000000000000e+00,0.000000000000000000e+00,0.000000000000000000e+00,-8.660254037844387076e-01,0.000000000000000000e+00,-4.999999999999999445e-01,1.139809257083163885e-01,0.000000000000000000e+00,0.000000000000000000e+00,0.000000000000000000e+00,1.000000000000000000e+00
-4.999999999999999445e-01,0.000000000000000000e+00,8.660254037844387076e-01,1.004716082958461598e+00,0.000000000000000000e+00,1.000000000000000000e+00,0.000000000000000000e+00,0.000000000000000000e+00,-8.660254037844387076e-01,0.000000000000000000e+00,-4.999999999999999445e-01,1.103944237892283131e-01,0.000000000000000000e+00,0.000000000000000000e+00,0.000000000000000000e+00,1.000000000000000000e+00
-4.999999999999999445e-01,0.000000000000000000e+00,8.660254037844387076e-01,1.004905309471419317e+00,0.000000000000000000e+00,1.000000000000000000e+00,0.000000000000000000e+00,0.000000000000000000e+00,-8.660254037844387076e-01,0.000000000000000000e+00,-4.999999999999999445e-01,1.067991200430329080e-01,0.000000000000000000e+00,0.000000000000000000e+00,0.000000000000000000e+00,1.000000000000000000e+00
-4.999999999999999445e-01,0.000000000000000000e+00,8.660254037844387076e-01,1.005094690528580692e+00,0.000000000000000000e+00,1.000000000000000000e+00,0.000000000000000000e+00,0.000000000000000000e+00,-8.660254037844387076e-01,0.000000000000000000e+00,-4.999999999999999445e-01,1.032008799569670288e-01,0.000000000000000000e+00,0.000000000000000000e+00,0.000000000000000000e+00,1.000000000000000000e+00
-4.999999999999999445e-01,0.000000000000000000e+00,8.660254037844387076e-01,1.005283917041538411e+00,0.000000000000000000e+00,1.000000000000000000e+00,0.000000000000000000e+00,0.000000000000000000e+00,-8.660254037844387076e-01,0.000000000000000000e+00,-4.999999999999999445e-01,9.960557621077160972e-02,0.000000000000000000e+00,0.000000000000000000e+00,0.000000000000000000e+00,1.000000000000000000e+00
-4.999999999999999445e-01,0.000000000000000000e+00,8.660254037844387076e-01,1.005472680300437682e+00,0.000000000000000000e+00,1.000000000000000000e+00,0.000000000000000000e+00,0.000000000000000000e+00,-8.660254037844387076e-01,0.000000000000000000e+00,-4.999999999999999445e-01,9.601907429168361763e-02,0.000000000000000000e+00,0.000000000000000000e+00,0.000000000000000000e+00,1.000000000000000000e+00
-4.999999999999999445e-01,0.000000000000000000e+00,8.660254037844387076e-01,1.005660672731082839e+00,0.000000000000000000e+00,1.000000000000000000e+00,0.000000000000000000e+00,0.000000000000000000e+00,-8.660254037844387076e-01,0.000000000000000000e+00,-4.999999999999999445e-01,9.244721810942679863e-02,0.000000000000000000e+00,0.000000000000000000e+00,0.000000000000000000e+00,1.000000000000000000e+00
-4.999999999999999445e-01,0.000000000000000000e+00,8.660254037844387076e-01,1.005847588652041935e+00,0.000000000000000000e+00,1.000000000000000000e+00,0.000000000000000000e+00,0.000000000000000000e+00,-8.660254037844387076e-01,0.000000000000000000e+00,-4.999999999999999445e-01,8.889581561120385444e-02,0.000000000000000000e+00,0.000000000000000000e+00,0.000000000000000000e+00,1.000000000000000000e+00
-4.999999999999999445e-01,0.000000000000000000e+00,8.660254037844387076e-01,1.006033125031753350e+00,0.000000000000000000e+00,1.000000000000000000e+00,0.000000000000000000e+00,0.000000000000000000e+00,-8.660254037844387076e-01,0.000000000000000000e+00,-4.999999999999999445e-01,8.537062439668743896e-02,0.000000000000000000e+00,0.000000000000000000e+00,0.000000000000000000e+00,1.000000000000000000e+00
-4.999999999999999445e-01,0.000000000000000000e+00,8.660254037844387076e-01,1.006216982245631053e+00,0.000000000000000000e+00,1.000000000000000000e+00,0.000000000000000000e+00,0.000000000000000000e+00,-8.660254037844387076e-01,0.000000000000000000e+00,-4.999999999999999445e-01,8.187733733301176542e-02,0.000000000000000000e+00,0.000000000000000000e+00,0.000000000000000000e+00,1.000000000000000000e+00
-4.999999999999999445e-01,0.000000000000000000e+00,8.660254037844387076e-01,1.006398864833170315e+00,0.000000000000000000e+00,1.000000000000000000e+00,0.000000000000000000e+00,0.000000000000000000e+00,-8.660254037844387076e-01,0.000000000000000000e+00,-4.999999999999999445e-01,7.842156816976382505e-02,0.000000000000000000e+00,0.000000000000000000e+00,0.000000000000000000e+00,1.000000000000000000e+00
-4.999999999999999445e-01,0.000000000000000000e+00,8.660254037844387076e-01,1.006578482255053864e+00,0.000000000000000000e+00,1.000000000000000000e+00,0.000000000000000000e+00,0.000000000000000000e+00,-8.660254037844387076e-01,0.000000000000000000e+00,-4.999999999999999445e-01,7.500883715397539675e-02,0.000000000000000000e+00,0.000000000000000000e+00,0.000000000000000000e+00,1.000000000000000000e+00
-4.999999999999999445e-01,0.000000000000000000e+00,8.660254037844387076e-01,1.006755549650257153e+00,0.000000000000000000e+00,1.000000000000000000e+00,0.000000000000000000e+00,0.000000000000000000e+00,-8.660254037844387076e-01,0.000000000000000000e+00,-4.999999999999999445e-01,7.164455664511362731e-02,0.000000000000000000e+00,0.000000000000000000e+00,0.000000000000000000e+00,1.000000000000000000e+00
-4.999999999999999445e-01,0.000000000000000000e+00,8.660254037844387076e-01,1.006929788593154074e+00,0.000000000000000000e+00,1.000000000000000000e+00,0.000000000000000000e+00,0.000000000000000000e+00,-8.660254037844387076e-01,0.000000000000000000e+00,-4.999999999999999445e-01,6.833401673007344357e-02,0.000000000000000000e+00,0.000000000000000000e+00,0.000000000000000000e+00,1.000000000000000000e+00
-4.999999999999999445e-01,0.000000000000000000e+00,8.660254037844387076e-01,1.007100927850622663e+00,0.000000000000000000e+00,1.000000000000000000e+00,0.000000000000000000e+00,0.000000000000000000e+00,-8.660254037844387076e-01,0.000000000000000000e+00,-4.999999999999999445e-01,6.508237083816834079e-02,0.000000000000000000e+00,0.000000000000000000e+00,0.000000000000000000e+00,1.000000000000000000e+00
-4.999999999999999445e-01,0.000000000000000000e+00,8.660254037844387076e-01,1.007268704139151483e+00,0.000000000000000000e+00,1.000000000000000000e+00,0.000000000000000000e+00,0.000000000000000000e+00,-8.660254037844387076e-01,0.000000000000000000e+00,-4.999999999999999445e-01,6.189462135612192051e-02,0.000000000000000000e+00,0.000000000000000000e+00,0.000000000000000000e+00,1.000000000000000000e+00
-4.999999999999999445e-01,0.000000000000000000e+00,8.660254037844387076e-01,1.007432862881944224e+00,0.000000000000000000e+00,1.000000000000000000e+00,0.000000000000000000e+00,0.000000000000000000e+00,-8.660254037844387076e-01,0.000000000000000000e+00,-4.999999999999999445e-01,5.877560524305960876e-02,0.000000000000000000e+00,0.000000000000000000e+00,0.000000000000000000e+00,1.000000000000000000e+00
-4.999999999999999445e-01,0.000000000000000000e+00,8.660254037844387076e-01,1.007593158966026303e+00,0.000000000000000000e+00,1.000000000000000000e+00,0.000000000000000000e+00,0.000000000000000000e+00,-8.660254037844387076e-01,0.000000000000000000e+00,-4.999999999999999445e-01,5.572997964549997185e-02,0.000000000000000000e+00,0.000000000000000000e+00,0.000000000000000000e+00,1.000000000000000000e+00
-4.999999999999999445e-01,0.000000000000000000e+00,8.660254037844387076e-01,1.007749357499350129e+00,0.000000000000000000e+00,1.000000000000000000e+00,0.000000000000000000e+00,0.000000000000000000e+00,-8.660254037844387076e-01,0.000000000000000000e+00,-4.999999999999999445e-01,5.276220751234594886e-02,0.000000000000000000e+00,0.000000000000000000e+00,0.000000000000000000e+00,1.000000000000000000e+00
-4.999999999999999445e-01,0.000000000000000000e+00,8.660254037844387076e-01,1.007901234567901261e+00,0.000000000000000000e+00,1.000000000000000000e+00,0.000000000000000000e+00,0.000000000000000000e+00,-8.660254037844387076e-01,0.000000000000000000e+00,-4.999999999999999445e-01,4.987654320987663925e-02,0.000000000000000000e+00,0.000000000000000000e+00,0.000000000000000000e+00,1.000000000000000000e+00
-4.999999999999999445e-01,0.000000000000000000e+00,8.660254037844387076e-01,1.008048577992803230e+00,0.000000000000000000e+00,1.000000000000000000e+00,0.000000000000000000e+00,0.000000000000000000e+00,-8.660254037844387076e-01,0.000000000000000000e+00,-4.999999999999999445e-01,4.707701813673842439e-02,0.000000000000000000e+00,0.000000000000000000e+00,0.000000000000000000e+00,1.000000000000000000e+00
-4.999999999999999445e-01,0.000000000000000000e+00,8.660254037844387076e-01,1.008191188087424361e+00,0.000000000000000000e+00,1.000000000000000000e+00,0.000000000000000000e+00,0.000000000000000000e+00,-8.660254037844387076e-01,0.000000000000000000e+00,-4.999999999999999445e-01,4.436742633893672738e-02,0.000000000000000000e+00,0.000000000000000000e+00,0.000000000000000000e+00,1.000000000000000000e+00
-4.999999999999999445e-01,0.000000000000000000e+00,8.660254037844387076e-01,1.008328878414482821e+00,0.000000000000000000e+00,1.000000000000000000e+00,0.000000000000000000e+00,0.000000000000000000e+00,-8.660254037844387076e-01,0.000000000000000000e+00,-4.999999999999999445e-01,4.175131012482738435e-02,0.000000000000000000e+00,0.000000000000000000e+00,0.000000000000000000e+00,1.000000000000000000e+00
-4.999999999999999445e-01,0.000000000000000000e+00,8.660254037844387076e-01,1.008461476543152324e+00,0.000000000000000000e+00,1.000000000000000000e+00,0.000000000000000000e+00,0.000000000000000000e+00,-8.660254037844387076e-01,0.000000000000000000e+00,-4.999999999999999445e-01,3.923194568010801575e-02,0.000000000000000000e+00,0.000000000000000000e+00,0.000000000000000000e+00,1.000000000000000000e+00
-4.999999999999999445e-01,0.000000000000000000e+00,8.660254037844387076e-01,1.008588824806168072e+00,0.000000000000000000e+00,1.000000000000000000e+00,0.000000000000000000e+00,0.000000000000000000e+00,-8.660254037844387076e-01,0.000000000000000000e+00,-4.999999999999999445e-01,3.681232868280920334e-02,0.000000000000000000e+00,0.000000000000000000e+00,0.000000000000000000e+00,1.000000000000000000e+00
-4.999999999999999445e-01,0.000000000000000000e+00,8.660254037844387076e-01,1.008710781056932237e+00,0.000000000000000000e+00,1.000000000000000000e+00,0.000000000000000000e+00,0.000000000000000000e+00,-8.660254037844387076e-01,0.000000000000000000e+00,-4.999999999999999445e-01,3.449515991828663863e-02,0.000000000000000000e+00,0.000000000000000000e+00,0.000000000000000000e+00,1.000000000000000000e+00
-4.999999999999999445e-01,0.000000000000000000e+00,8.660254037844387076e-01,1.008827219426620347e+00,0.000000000000000000e+00,1.000000000000000000e+00,0.000000000000000000e+00,0.000000000000000000e+00,-8.660254037844387076e-01,0.000000000000000000e+00,-4.999999999999999445e-01,3.228283089421205010e-02,0.000000000000000000e+00,0.000000000000000000e+00,0.000000000000000000e+00,1.000000000000000000e+00
-4.999999999999999445e-01,0.000000000000000000e+00,8.660254037844387076e-01,1.008938031081286102e+00,0.000000000000000000e+00,1.000000000000000000e+00,0.000000000000000000e+00,0.000000000000000000e+00,-8.660254037844387076e-01,0.000000000000000000e+00,-4.999999999999999445e-01,3.017740945556446341e-02,0.000000000000000000e+00,0.000000000000000000e+00,0.000000000000000000e+00,1.000000000000000000e+00
-4.999999999999999445e-01,0.000000000000000000e+00,8.660254037844387076e-01,1.009043124978967310e+00,0.000000000000000000e+00,1.000000000000000000e+00,0.000000000000000000e+00,0.000000000000000000e+00,-8.660254037844387076e-01,0.000000000000000000e+00,-4.999999999999999445e-01,2.818062539962215562e-02,0.000000000000000000e+00,0.000000000000000000e+00,0.000000000000000000e+00,1.000000000000000000e+00
-4.999999999999999445e-01,0.000000000000000000e+00,8.660254037844387076e-01,1.009142428626791821e+00,0.000000000000000000e+00,1.000000000000000000e+00,0.000000000000000000e+00,0.000000000000000000e+00,-8.660254037844387076e-01,0.000000000000000000e+00,-4.999999999999999445e-01,2.629385609095416521e-02,0.000000000000000000e+00,0.000000000000000000e+00,0.000000000000000000e+00,1.000000000000000000e+00
-4.999999999999999445e-01,0.000000000000000000e+00,8.660254037844387076e-01,1.009235888838083683e+00,0.000000000000000000e+00,1.000000000000000000e+00,0.000000000000000000e+00,0.000000000000000000e+00,-8.660254037844387076e-01,0.000000000000000000e+00,-4.999999999999999445e-01,2.451811207641110824e-02,0.000000000000000000e+00,0.000000000000000000e+00,0.000000000000000000e+00,1.000000000000000000e+00
-4.999999999999999445e-01,0.000000000000000000e+00,8.660254037844387076e-01,1.009323472489467521e+00,0.000000000000000000e+00,1.000000000000000000e+00,0.000000000000000000e+00,0.000000000000000000e+00,-8.660254037844387076e-01,0.000000000000000000e+00,-4.999999999999999445e-01,2.285402270011704928e-02,0.000000000000000000e+00,0.000000000000000000e+00,0.000000000000000000e+00,1.000000000000000000e+00
-4.999999999999999445e-01,0.000000000000000000e+00,8.660254037844387076e-01,1.009405167277975801e+00,0.000000000000000000e+00,1.000000000000000000e+00,0.000000000000000000e+00,0.000000000000000000e+00,-8.660254037844387076e-01,0.000000000000000000e+00,-4.999999999999999445e-01,2.130182171846078942e-02,0.000000000000000000e+00,0.000000000000000000e+00,0.000000000000000000e+00,1.000000000000000000e+00
-4.999999999999999445e-01,0.000000000000000000e+00,8.660254037844387076e-01,1.009480982478153210e+00,0.000000000000000000e+00,1.000000000000000000e+00,0.000000000000000000e+00,0.000000000000000000e+00,-8.660254037844387076e-01,0.000000000000000000e+00,-4.999999999999999445e-01,1.986133291508790366e-02,0.000000000000000000e+00,0.000000000000000000e+00,0.000000000000000000e+00,1.000000000000000000e+00
-4.999999999999999445e-01,0.000000000000000000e+00,8.660254037844387076e-01,1.009550949699163702e+00,0.000000000000000000e+00,1.000000000000000000e+00,0.000000000000000000e+00,0.000000000000000000e+00,-8.660254037844387076e-01,0.000000000000000000e+00,-4.999999999999999445e-01,1.853195571589116852e-02,0.000000000000000000e+00,0.000000000000000000e+00,0.000000000000000000e+00,1.000000000000000000e+00
-4.999999999999999445e-01,0.000000000000000000e+00,8.660254037844387076e-01,1.009615123641894652e+00,0.000000000000000000e+00,1.000000000000000000e+00,0.000000000000000000e+00,0.000000000000000000e+00,-8.660254037844387076e-01,0.000000000000000000e+00,-4.999999999999999445e-01,1.731265080400312684e-02,0.000000000000000000e+00,0.000000000000000000e+00,0.000000000000000000e+00,1.000000000000000000e+00
-4.999999999999999445e-01,0.000000000000000000e+00,8.660254037844387076e-01,1.009673582856063900e+00,0.000000000000000000e+00,1.000000000000000000e+00,0.000000000000000000e+00,0.000000000000000000e+00,-8.660254037844387076e-01,0.000000000000000000e+00,-4.999999999999999445e-01,1.620192573478571041e-02,0.000000000000000000e+00,0.000000000000000000e+00,0.000000000000000000e+00,1.000000000000000000e+00
-4.999999999999999445e-01,0.000000000000000000e+00,8.660254037844387076e-01,1.009726430497325023e+00,0.000000000000000000e+00,1.000000000000000000e+00,0.000000000000000000e+00,0.000000000000000000e+00,-8.660254037844387076e-01,0.000000000000000000e+00,-4.999999999999999445e-01,1.519782055082483097e-02,0.000000000000000000e+00,0.000000000000000000e+00,0.000000000000000000e+00,1.000000000000000000e+00
-4.999999999999999445e-01,0.000000000000000000e+00,8.660254037844387076e-01,1.009773795084372816e+00,0.000000000000000000e+00,1.000000000000000000e+00,0.000000000000000000e+00,0.000000000000000000e+00,-8.660254037844387076e-01,0.000000000000000000e+00,-4.999999999999999445e-01,1.429789339691817096e-02,0.000000000000000000e+00,0.000000000000000000e+00,0.000000000000000000e+00,1.000000000000000000e+00
-4.999999999999999445e-01,0.000000000000000000e+00,8.660254037844387076e-01,1.009815831256049012e+00,0.000000000000000000e+00,1.000000000000000000e+00,0.000000000000000000e+00,0.000000000000000000e+00,-8.660254037844387076e-01,0.000000000000000000e+00,-4.999999999999999445e-01,1.349920613506927491e-02,0.000000000000000000e+00,0.000000000000000000e+00,0.000000000000000000e+00,1.000000000000000000e+00
-4.999999999999999445e-01,0.000000000000000000e+00,8.660254037844387076e-01,1.009852720528448433e+00,0.000000000000000000e+00,1.000000000000000000e+00,0.000000000000000000e+00,0.000000000000000000e+00,-8.660254037844387076e-01,0.000000000000000000e+00,-4.999999999999999445e-01,1.279830995947831007e-02,0.000000000000000000e+00,0.000000000000000000e+00,0.000000000000000000e+00,1.000000000000000000e+00
-4.999999999999999445e-01,0.000000000000000000e+00,8.660254037844387076e-01,1.009884672052024701e+00,0.000000000000000000e+00,1.000000000000000000e+00,0.000000000000000000e+00,0.000000000000000000e+00,-8.660254037844387076e-01,0.000000000000000000e+00,-4.999999999999999445e-01,1.219123101153277156e-02,0.000000000000000000e+00,0.000000000000000000e+00,0.000000000000000000e+00,1.000000000000000000e+00
-4.999999999999999445e-01,0.000000000000000000e+00,8.660254037844387076e-01,1.009911923368694842e+00,0.000000000000000000e+00,1.000000000000000000e+00,0.000000000000000000e+00,0.000000000000000000e+00,-8.660254037844387076e-01,0.000000000000000000e+00,-4.999999999999999445e-01,1.167345599479968632e-02,0.000000000000000000e+00,0.000000000000000000e+00,0.000000000000000000e+00,1.000000000000000000e+00
-4.999999999999999445e-01,0.000000000000000000e+00,8.660254037844387076e-01,1.009934741168946548e+00,0.000000000000000000e+00,1.000000000000000000e+00,0.000000000000000000e+00,0.000000000000000000e+00,-8.660254037844387076e-01,0.000000000000000000e+00,-4.999999999999999445e-01,1.123991779001692892e-02,0.000000000000000000e+00,0.000000000000000000e+00,0.000000000000000000e+00,1.000000000000000000e+00
-4.999999999999999445e-01,0.000000000000000000e+00,8.660254037844387076e-01,1.009953422048943006e+00,0.000000000000000000e+00,1.000000000000000000e+00,0.000000000000000000e+00,0.000000000000000000e+00,-8.660254037844387076e-01,0.000000000000000000e+00,-4.999999999999999445e-01,1.088498107008423199e-02,0.000000000000000000e+00,0.000000000000000000e+00,0.000000000000000000e+00,1.000000000000000000e+00
-4.999999999999999445e-01,0.000000000000000000e+00,8.660254037844387076e-01,1.009968293267628603e+00,0.000000000000000000e+00,1.000000000000000000e+00,0.000000000000000000e+00,0.000000000000000000e+00,-8.660254037844387076e-01,0.000000000000000000e+00,-4.999999999999999445e-01,1.060242791505569548e-02,0.000000000000000000e+00,0.000000000000000000e+00,0.000000000000000000e+00,1.000000000000000000e+00
-4.999999999999999445e-01,0.000000000000000000e+00,8.660254037844387076e-01,1.009979713503835308e+00,0.000000000000000000e+00,1.000000000000000000e+00,0.000000000000000000e+00,0.000000000000000000e+00,-8.660254037844387076e-01,0.000000000000000000e+00,-4.999999999999999445e-01,1.038544342712999224e-02,0.000000000000000000e+00,0.000000000000000000e+00,0.000000000000000000e+00,1.000000000000000000e+00
-4.999999999999999445e-01,0.000000000000000000e+00,8.660254037844387076e-01,1.009988073613387272e+00,0.000000000000000000e+00,1.000000000000000000e+00,0.000000000000000000e+00,0.000000000000000000e+00,-8.660254037844387076e-01,0.000000000000000000e+00,-4.999999999999999445e-01,1.022660134564284951e-02,0.000000000000000000e+00,0.000000000000000000e+00,0.000000000000000000e+00,1.000000000000000000e+00
-4.999999999999999445e-01,0.000000000000000000e+00,8.660254037844387076e-01,1.009993797386207648e+00,0.000000000000000000e+00,1.000000000000000000e+00,0.000000000000000000e+00,0.000000000000000000e+00,-8.660254037844387076e-01,0.000000000000000000e+00,-4.999999999999999445e-01,1.011784966205669933e-02,0.000000000000000000e+00,0.000000000000000000e+00,0.000000000000000000e+00,1.000000000000000000e+00
-4.999999999999999445e-01,0.000000000000000000e+00,8.660254037844387076e-01,1.009997342303423418e+00,0.000000000000000000e+00,1.000000000000000000e+00,0.000000000000000000e+00,0.000000000000000000e+00,-8.660254037844387076e-01,0.000000000000000000e+00,-4.999999999999999445e-01,1.005049623495504751e-02,0.000000000000000000e+00,0.000000000000000000e+00,0.000000000000000000e+00,1.000000000000000000e+00
-4.999999999999999445e-01,0.000000000000000000e+00,8.660254037844387076e-01,1.009999200294471988e+00,0.000000000000000000e+00,1.000000000000000000e+00,0.000000000000000000e+00,0.000000000000000000e+00,-8.660254037844387076e-01,0.000000000000000000e+00,-4.999999999999999445e-01,1.001519440503254033e-02,0.000000000000000000e+00,0.000000000000000000e+00,0.000000000000000000e+00,1.000000000000000000e+00
-4.999999999999999445e-01,0.000000000000000000e+00,8.660254037844387076e-01,1.009999898494206239e+00,0.000000000000000000e+00,1.000000000000000000e+00,0.000000000000000000e+00,0.000000000000000000e+00,-8.660254037844387076e-01,0.000000000000000000e+00,-4.999999999999999445e-01,1.000192861008367129e-02,0.000000000000000000e+00,0.000000000000000000e+00,0.000000000000000000e+00,1.000000000000000000e+00
-4.999999999999999445e-01,0.000000000000000000e+00,8.660254037844387076e-01,1.010000000000000009e+00,0.000000000000000000e+00,1.000000000000000000e+00,0.000000000000000000e+00,0.000000000000000000e+00,-8.660254037844387076e-01,0.000000000000000000e+00,-4.999999999999999445e-01,9.999999999999981126e-03,0.000000000000000000e+00,0.000000000000000000e+00,0.000000000000000000e+00,1.000000000000000000e+00
-4.999999999999999445e-01,0.000000000000000000e+00,8.660254037844387076e-01,1.010000000000000009e+00,0.000000000000000000e+00,1.000000000000000000e+00,0.000000000000000000e+00,0.000000000000000000e+00,-8.660254037844387076e-01,0.000000000000000000e+00,-4.999999999999999445e-01,1.000000000000000021e-02,0.000000000000000000e+00,0.000000000000000000e+00,0.000000000000000000e+00,1.000000000000000000e+00
-4.999999999999999445e-01,0.000000000000000000e+00,8.660254037844387076e-01,1.010000000000000009e+00,0.000000000000000000e+00,1.000000000000000000e+00,0.000000000000000000e+00,0.000000000000000000e+00,-8.660254037844387076e-01,0.000000000000000000e+00,-4.999999999999999445e-01,1.000000000000000021e-02,0.000000000000000000e+00,0.000000000000000000e+00,0.000000000000000000e+00,1.000000000000000000e+00
-4.999999999999999445e-01,0.000000000000000000e+00,8.660254037844387076e-01,1.010000000000000009e+00,0.000000000000000000e+00,1.000000000000000000e+00,0.000000000000000000e+00,0.000000000000000000e+00,-8.660254037844387076e-01,0.000000000000000000e+00,-4.999999999999999445e-01,1.000000000000000021e-02,0.000000000000000000e+00,0.000000000000000000e+00,0.000000000000000000e+00,1.000000000000000000e+00
-4.999999999999999445e-01,0.000000000000000000e+00,8.660254037844387076e-01,1.010000000000000009e+00,0.000000000000000000e+00,1.000000000000000000e+00,0.000000000000000000e+00,0.000000000000000000e+00,-8.660254037844387076e-01,0.000000000000000000e+00,-4.999999999999999445e-01,1.000000000000000021e-02,0.000000000000000000e+00,0.000000000000000000e+00,0.000000000000000000e+00,1.000000000000000000e+00
-4.999999999999999445e-01,0.000000000000000000e+00,8.660254037844387076e-01,1.010000000000000009e+00,0.000000000000000000e+00,1.000000000000000000e+00,0.000000000000000000e+00,0.000000000000000000e+00,-8.660254037844387076e-01,0.000000000000000000e+00,-4.999999999999999445e-01,1.000000000000000021e-02,0.000000000000000000e+00,0.000000000000000000e+00,0.000000000000000000e+00,1.000000000000000000e+00
-4.999999999999999445e-01,0.000000000000000000e+00,8.660254037844387076e-01,1.010000000000000009e+00,0.000000000000000000e+00,1.000000000000000000e+00,0.000000000000000000e+00,0.000000000000000000e+00,-8.660254037844387076e-01,0.000000000000000000e+00,-4.999999999999999445e-01,1.000000000000000021e-02,0.000000000000000000e+00,0.000000000000000000e+00,0.000000000000000000e+00,1.000000000000000000e+00
-4.999999999999999445e-01,0.000000000000000000e+00,8.660254037844387076e-01,1.010000000000000009e+00,0.000000000000000000e+00,1.000000000000000000e+00,0.000000000000000000e+00,0.000000000000000000e+00,-8.660254037844387076e-01,0.000000000000000000e+00,-4.999999999999999445e-01,1.000000000000000021e-02,0.000000000000000000e+00,0.000000000000000000e+00,0.000000000000000000e+00,1.000000000000000000e+00
-4.999999999999999445e-01,0.000000000000000000e+00,8.660254037844387076e-01,1.010000000000000009e+00,0.000000000000000000e+00,1.000000000000000000e+00,0.000000000000000000e+00,0.000000000000000000e+00,-8.660254037844387076e-01,0.000000000000000000e+00,-4.999999999999999445e-01,1.000000000000000021e-02,0.000000000000000000e+00,0.000000000000000000e+00,0.000000000000000000e+00,1.000000000000000000e+00
-4.999999999999999445e-01,0.000000000000000000e+00,8.660254037844387076e-01,1.010000000000000009e+00,0.000000000000000000e+00,1.000000000000000000e+00,0.000000000000000000e+00,0.000000000000000000e+00,-8.660254037844387076e-01,0.000000000000000000e+00,-4.999999999999999445e-01,1.000000000000000021e-02,0.000000000000000000e+00,0.000000000000000000e+00,0.000000000000000000e+00,1.000000000000000000e+00
-4.999999999999999445e-01,0.000000000000000000e+00,8.660254037844387076e-01,1.010000000000000009e+00,0.000000000000000000e+00,1.000000000000000000e+00,0.000000000000000000e+00,0.000000000000000000e+00,-8.660254037844387076e-01,0.000000000000000000e+00,-4.999999999999999445e-01,1.000000000000000021e-02,0.000000000000000000e+00,0.000000000000000000e+00,0.000000000000000000e+00,1.000000000000000000e+00
-4.999999999999999445e-01,0.000000000000000000e+00,8.660254037844387076e-01,1.010000000000000009e+00,0.000000000000000000e+00,1.000000000000000000e+00,0.000000000000000000e+00,0.000000000000000000e+00,-8.660254037844387076e-01,0.000000000000000000e+00,-4.999999999999999445e-01,1.000000000000000021e-02,0.000000000000000000e+00,0.000000000000000000e+00,0.000000000000000000e+00,1.000000000000000000e+00
-4.999999999999999445e-01,0.000000000000000000e+00,8.660254037844387076e-01,1.010000000000000009e+00,0.000000000000000000e+00,1.000000000000000000e+00,0.000000000000000000e+00,0.000000000000000000e+00,-8.660254037844387076e-01,0.000000000000000000e+00,-4.999999999999999445e-01,1.000000000000000021e-02,0.000000000000000000e+00,0.000000000000000000e+00,0.000000000000000000e+00,1.000000000000000000e+00
-4.999999999999999445e-01,0.000000000000000000e+00,8.660254037844387076e-01,1.010000000000000009e+00,0.000000000000000000e+00,1.000000000000000000e+00,0.000000000000000000e+00,0.000000000000000000e+00,-8.660254037844387076e-01,0.000000000000000000e+00,-4.999999999999999445e-01,1.000000000000000021e-02,0.000000000000000000e+00,0.000000000000000000e+00,0.000000000000000000e+00,1.000000000000000000e+00
-4.999999999999999445e-01,0.000000000000000000e+00,8.660254037844387076e-01,1.010000000000000009e+00,0.000000000000000000e+00,1.000000000000000000e+00,0.000000000000000000e+00,0.000000000000000000e+00,-8.660254037844387076e-01,0.000000000000000000e+00,-4.999999999999999445e-01,1.000000000000000021e-02,0.000000000000000000e+00,0.000000000000000000e+00,0.000000000000000000e+00,1.000000000000000000e+00
-4.999999999999999445e-01,0.000000000000000000e+00,8.660254037844387076e-01,1.010000000000000009e+00,0.000000000000000000e+00,1.000000000000000000e+00,0.000000000000000000e+00,0.000000000000000000e+00,-8.660254037844387076e-01,0.000000000000000000e+00,-4.999999999999999445e-01,1.000000000000000021e-02,0.000000000000000000e+00,0.000000000000000000e+00,0.000000000000000000e+00,1.000000000000000000e+00
-4.999999999999999445e-01,0.000000000000000000e+00,8.660254037844387076e-01,1.010000000000000009e+00,0.000000000000000000e+00,1.000000000000000000e+00,0.000000000000000000e+00,0.000000000000000000e+00,-8.660254037844387076e-01,0.000000000000000000e+00,-4.999999999999999445e-01,1.000000000000000021e-02,0.000000000000000000e+00,0.000000000000000000e+00,0.000000000000000000e+00,1.000000000000000000e+00
-4.999999999999999445e-01,0.000000000000000000e+00,8.660254037844387076e-01,1.010000000000000009e+00,0.000000000000000000e+00,1.000000000000000000e+00,0.000000000000000000e+00,0.000000000000000000e+00,-8.660254037844387076e-01,0.000000000000000000e+00,-4.999999999999999445e-01,1.000000000000000021e-02,0.000000000000000000e+00,0.000000000000000000e+00,0.000000000000000000e+00,1.000000000000000000e+00
-4.999999999999999445e-01,0.000000000000000000e+00,8.660254037844387076e-01,1.010000000000000009e+00,0.000000000000000000e+00,1.000000000000000000e+00,0.000000000000000000e+00,0.000000000000000000e+00,-8.660254037844387076e-01,0.000000000000000000e+00,-4.999999999999999445e-01,1.000000000000000021e-02,0.000000000000000000e+00,0.000000000000000000e+00,0.000000000000000000e+00,1.000000000000000000e+00
-4.999999999999999445e-01,0.000000000000000000e+00,8.660254037844387076e-01,1.010000000000000009e+00,0.000000000000000000e+00,1.000000000000000000e+00,0.000000000000000000e+00,0.000000000000000000e+00,-8.660254037844387076e-01,0.000000000000000000e+00,-4.999999999999999445e-01,1.000000000000000021e-02,0.000000000000000000e+00,0.000000000000000000e+00,0.000000000000000000e+00,1.000000000000000000e+00
-4.999999999999999445e-01,0.000000000000000000e+00,8.660254037844387076e-01,1.010000000000000009e+00,0.000000000000000000e+00,1.000000000000000000e+00,0.000000000000000000e+00,0.000000000000000000e+00,-8.660254037844387076e-01,0.000000000000000000e+00,-4.999999999999999445e-01,1.000000000000000021e-02,0.000000000000000000e+00,0.000000000000000000e+00,0.000000000000000000e+00,1.000000000000000000e+00
-4.999999999999999445e-01,0.000000000000000000e+00,8.660254037844387076e-01,1.010000000000000009e+00,0.000000000000000000e+00,1.000000000000000000e+00,0.000000000000000000e+00,0.000000000000000000e+00,-8.660254037844387076e-01,0.000000000000000000e+00,-4.999999999999999445e-01,1.000000000000000021e-02,0.000000000000000000e+00,0.000000000000000000e+00,0.000000000000000000e+00,1.000000000000000000e+00
-4.999999999999999445e-01,0.000000000000000000e+00,8.660254037844387076e-01,1.010000000000000009e+00,0.000000000000000000e+00,1.000000000000000000e+00,0.000000000000000000e+00,0.000000000000000000e+00,-8.660254037844387076e-01,0.000000000000000000e+00,-4.999999999999999445e-01,1.000000000000000021e-02,0.000000000000000000e+00,0.000000000000000000e+00,0.000000000000000000e+00,1.000000000000000000e+00
-4.999999999999999445e-01,0.000000000000000000e+00,8.660254037844387076e-01,1.010000000000000009e+00,0.000000000000000000e+00,1.000000000000000000e+00,0.000000000000000000e+00,0.000000000000000000e+00,-8.660254037844387076e-01,0.000000000000000000e+00,-4.999999999999999445e-01,1.000000000000000021e-02,0.000000000000000000e+00,0.000000000000000000e+00,0.000000000000000000e+00,1.000000000000000000e+00
-4.999999999999999445e-01,0.000000000000000000e+00,8.660254037844387076e-01,1.010000000000000009e+00,0.000000000000000000e+00,1.000000000000000000e+00,0.000000000000000000e+00,0.000000000000000000e+00,-8.660254037844387076e-01,0.000000000000000000e+00,-4.999999999999999445e-01,1.000000000000000021e-02,0.000000000000000000e+00,0.000000000000000000e+00,0.000000000000000000e+00,1.000000000000000000e+00
-4.999999999999999445e-01,0.000000000000000000e+00,8.660254037844387076e-01,1.010000000000000009e+00,0.000000000000000000e+00,1.000000000000000000e+00,0.000000000000000000e+00,0.000000000000000000e+00,-8.660254037844387076e-01,0.000000000000000000e+00,-4.999999999999999445e-01,1.000000000000000021e-02,0.000000000000000000e+00,0.000000000000000000e+00,0.000000000000000000e+00,1.000000000000000000e+00
-4.999999999999999445e-01,0.000000000000000000e+00,8.660254037844387076e-01,1.010000000000000009e+00,0.000000000000000000e+00,1.000000000000000000e+00,0.000000000000000000e+00,0.000000000000000000e+00,-8.660254037844387076e-01,0.000000000000000000e+00,-4.999999999999999445e-01,1.000000000000000021e-02,0.000000000000000000e+00,0.000000000000000000e+00,0.000000000000000000e+00,1.000000000000000000e+00
-4.999999999999999445e-01,0.000000000000000000e+00,8.660254037844387076e-01,1.010000000000000009e+00,0.000000000000000000e+00,1.000000000000000000e+00,0.000000000000000000e+00,0.000000000000000000e+00,-8.660254037844387076e-01,0.000000000000000000e+00,-4.999999999999999445e-01,1.000000000000000021e-02,0.000000000000000000e+00,0.000000000000000000e+00,0.000000000000000000e+00,1.000000000000000000e+00
-4.999999999999999445e-01,0.000000000000000000e+00,8.660254037844387076e-01,1.010000000000000009e+00,0.000000000000000000e+00,1.000000000000000000e+00,0.000000000000000000e+00,0.000000000000000000e+00,-8.660254037844387076e-01,0.000000000000000000e+00,-4.999999999999999445e-01,1.000000000000000021e-02,0.000000000000000000e+00,0.000000000000000000e+00,0.000000000000000000e+00,1.000000000000000000e+00
-4.999999999999999445e-01,0.000000000000000000e+00,8.660254037844387076e-01,1.010000000000000009e+00,0.000000000000000000e+00,1.000000000000000000e+00,0.000000000000000000e+00,0.000000000000000000e+00,-8.660254037844387076e-01,0.000000000000000000e+00,-4.999999999999999445e-01,1.000000000000000021e-02,0.000000000000000000e+00,0.000000000000000000e+00,0.000000000000000000e+00,1.000000000000000000e+00
-4.999999999999999445e-01,0.000000000000000000e+00,8.660254037844387076e-01,1.010000000000000009e+00,0.000000000000000000e+00,1.000000000000000000e+00,0.000000000000000000e+00,0.000000000000000000e+00,-8.660254037844387076e-01,0.000000000000000000e+00,-4.999999999999999445e-01,1.000000000000000021e-02,0.000000000000000000e+00,0.000000000000000000e+00,0.000000000000000000e+00,1.000000000000000000e+00
-4.999999999999999445e-01,0.000000000000000000e+00,8.660254037844387076e-01,1.010000000000000009e+00,0.000000000000000000e+00,1.000000000000000000e+00,0.000000000000000000e+00,0.000000000000000000e+00,-8.660254037844387076e-01,0.000000000000000000e+00,-4.999999999999999445e-01,1.000000000000000021e-02,0.000000000000000000e+00,0.000000000000000000e+00,0.000000000000000000e+00,1.000000000000000000e+00
-4.999999999999999445e-01,0.000000000000000000e+00,8.660254037844387076e-01,1.010000000000000009e+00,0.000000000000000000e+00,1.000000000000000000e+00,0.000000000000000000e+00,0.000000000000000000e+00,-8.660254037844387076e-01,0.000000000000000000e+00,-4.999999999999999445e-01,1.000000000000000021e-02,0.000000000000000000e+00,0.000000000000000000e+00,0.000000000000000000e+00,1.000000000000000000e+00
-4.999999999999999445e-01,0.000000000000000000e+00,8.660254037844387076e-01,1.010000000000000009e+00,0.000000000000000000e+00,1.000000000000000000e+00,0.000000000000000000e+00,0.000000000000000000e+00,-8.660254037844387076e-01,0.000000000000000000e+00,-4.999999999999999445e-01,1.000000000000000021e-02,0.000000000000000000e+00,0.000000000000000000e+00,0.000000000000000000e+00,1.000000000000000000e+00
-4.999999999999999445e-01,0.000000000000000000e+00,8.660254037844387076e-01,1.010000000000000009e+00,0.000000000000000000e+00,1.000000000000000000e+00,0.000000000000000000e+00,0.000000000000000000e+00,-8.660254037844387076e-01,0.000000000000000000e+00,-4.999999999999999445e-01,1.000000000000000021e-02,0.000000000000000000e+00,0.000000000000000000e+00,0.000000000000000000e+00,1.000000000000000000e+00
-4.999999999999999445e-01,0.000000000000000000e+00,8.660254037844387076e-01,1.010000000000000009e+00,0.000000000000000000e+00,1.000000000000000000e+00,0.000000000000000000e+00,0.000000000000000000e+00,-8.660254037844387076e-01,0.000000000000000000e+00,-4.999999999999999445e-01,1.000000000000000021e-02,0.000000000000000000e+00,0.000000000000000000e+00,0.000000000000000000e+00,1.000000000000000000e+00
-4.999999999999999445e-01,0.000000000000000000e+00,8.660254037844387076e-01,1.010000000000000009e+00,0.000000000000000000e+00,1.000000000000000000e+00,0.000000000000000000e+00,0.000000000000000000e+00,-8.660254037844387076e-01,0.000000000000000000e+00,-4.999999999999999445e-01,1.000000000000000021e-02,0.000000000000000000e+00,0.000000000000000000e+00,0.000000000000000000e+00,1.000000000000000000e+00
-4.999999999999999445e-01,0.000000000000000000e+00,8.660254037844387076e-01,1.010000000000000009e+00,0.000000000000000000e+00,1.000000000000000000e+00,0.000000000000000000e+00,0.000000000000000000e+00,-8.660254037844387076e-01,0.000000000000000000e+00,-4.999999999999999445e-01,1.000000000000000021e-02,0.000000000000000000e+00,0.000000000000000000e+00,0.000000000000000000e+00,1.000000000000000000e+00
-4.999999999999999445e-01,0.000000000000000000e+00,8.660254037844387076e-01,1.010000000000000009e+00,0.000000000000000000e+00,1.000000000000000000e+00,0.000000000000000000e+00,0.000000000000000000e+00,-8.660254037844387076e-01,0.000000000000000000e+00,-4.999999999999999445e-01,1.000000000000000021e-02,0.000000000000000000e+00,0.000000000000000000e+00,0.000000000000000000e+00,1.000000000000000000e+00
-4.999999999999999445e-01,0.000000000000000000e+00,8.660254037844387076e-01,1.010000000000000009e+00,0.000000000000000000e+00,1.000000000000000000e+00,0.000000000000000000e+00,0.000000000000000000e+00,-8.660254037844387076e-01,0.000000000000000000e+00,-4.999999999999999445e-01,1.000000000000000021e-02,0.000000000000000000e+00,0.000000000000000000e+00,0.000000000000000000e+00,1.000000000000000000e+00
-4.999999999999999445e-01,0.000000000000000000e+00,8.660254037844387076e-01,1.010000000000000009e+00,0.000000000000000000e+00,1.000000000000000000e+00,0.000000000000000000e+00,0.000000000000000000e+00,-8.660254037844387076e-01,0.000000000000000000e+00,-4.999999999999999445e-01,1.000000000000000021e-02,0.000000000000000000e+00,0.000000000000000000e+00,0.000000000000000000e+00,1.000000000000000000e+00
-4.999999999999999445e-01,0.000000000000000000e+00,8.660254037844387076e-01,1.010000000000000009e+00,0.000000000000000000e+00,1.000000000000000000e+00,0.000000000000000000e+00,0.000000000000000000e+00,-8.660254037844387076e-01,0.000000000000000000e+00,-4.999999999999999445e-01,1.000000000000000021e-02,0.000000000000000000e+00,0.000000000000000000e+00,0.000000000000000000e+00,1.000000000000000000e+00
-4.999999999999999445e-01,0.000000000000000000e+00,8.660254037844387076e-01,1.010000000000000009e+00,0.000000000000000000e+00,1.000000000000000000e+00,0.000000000000000000e+00,0.000000000000000000e+00,-8.660254037844387076e-01,0.000000000000000000e+00,-4.999999999999999445e-01,1.000000000000000021e-02,0.000000000000000000e+00,0.000000000000000000e+00,0.000000000000000000e+00,1.000000000000000000e+00
-4.999999999999999445e-01,0.000000000000000000e+00,8.660254037844387076e-01,1.010000000000000009e+00,0.000000000000000000e+00,1.000000000000000000e+00,0.000000000000000000e+00,0.000000000000000000e+00,-8.660254037844387076e-01,0.000000000000000000e+00,-4.999999999999999445e-01,1.000000000000000021e-02,0.000000000000000000e+00,0.000000000000000000e+00,0.000000000000000000e+00,1.000000000000000000e+00
-4.999999999999999445e-01,0.000000000000000000e+00,8.660254037844387076e-01,1.010000000000000009e+00,0.000000000000000000e+00,1.000000000000000000e+00,0.000000000000000000e+00,0.000000000000000000e+00,-8.660254037844387076e-01,0.000000000000000000e+00,-4.999999999999999445e-01,1.000000000000000021e-02,0.000000000000000000e+00,0.000000000000000000e+00,0.000000000000000000e+00,1.000000000000000000e+00
-4.999999999999999445e-01,0.000000000000000000e+00,8.660254037844387076e-01,1.010000000000000009e+00,0.000000000000000000e+00,1.000000000000000000e+00,0.000000000000000000e+00,0.000000000000000000e+00,-8.660254037844387076e-01,0.000000000000000000e+00,-4.999999999999999445e-01,1.000000000000000021e-02,0.000000000000000000e+00,0.000000000000000000e+00,0.000000000000000000e+00,1.000000000000000000e+00
-4.999999999999999445e-01,0.000000000000000000e+00,8.660254037844387076e-01,1.010000000000000009e+00,0.000000000000000000e+00,1.000000000000000000e+00,0.000000000000000000e+00,0.000000000000000000e+00,-8.660254037844387076e-01,0.000000000000000000e+00,-4.999999999999999445e-01,1.000000000000000021e-02,0.000000000000000000e+00,0.000000000000000000e+00,0.000000000000000000e+00,1.000000000000000000e+00
-4.999999999999999445e-01,0.000000000000000000e+00,8.660254037844387076e-01,1.010000000000000009e+00,0.000000000000000000e+00,1.000000000000000000e+00,0.000000000000000000e+00,0.000000000000000000e+00,-8.660254037844387076e-01,0.000000000000000000e+00,-4.999999999999999445e-01,1.000000000000000021e-02,0.000000000000000000e+00,0.000000000000000000e+00,0.000000000000000000e+00,1.000000000000000000e+00
-4.999999999999999445e-01,0.000000000000000000e+00,8.660254037844387076e-01,1.010000000000000009e+00,0.000000000000000000e+00,1.000000000000000000e+00,0.000000000000000000e+00,0.000000000000000000e+00,-8.660254037844387076e-01,0.000000000000000000e+00,-4.999999999999999445e-01,1.000000000000000021e-02,0.000000000000000000e+00,0.000000000000000000e+00,0.000000000000000000e+00,1.000000000000000000e+00
-4.999999999999999445e-01,0.000000000000000000e+00,8.660254037844387076e-01,1.010000000000000009e+00,0.000000000000000000e+00,1.000000000000000000e+00,0.000000000000000000e+00,0.000000000000000000e+00,-8.660254037844387076e-01,0.000000000000000000e+00,-4.999999999999999445e-01,1.000000000000000021e-02,0.000000000000000000e+00,0.000000000000000000e+00,0.000000000000000000e+00,1.000000000000000000e+00
-4.999999999999999445e-01,0.000000000000000000e+00,8.660254037844387076e-01,1.010000000000000009e+00,0.000000000000000000e+00,1.000000000000000000e+00,0.000000000000000000e+00,0.000000000000000000e+00,-8.660254037844387076e-01,0.000000000000000000e+00,-4.999999999999999445e-01,1.000000000000000021e-02,0.000000000000000000e+00,0.000000000000000000e+00,0.000000000000000000e+00,1.000000000000000000e+00
-4.999999999999999445e-01,0.000000000000000000e+00,8.660254037844387076e-01,1.010000000000000009e+00,0.000000000000000000e+00,1.000000000000000000e+00,0.000000000000000000e+00,0.000000000000000000e+00,-8.660254037844387076e-01,0.000000000000000000e+00,-4.999999999999999445e-01,1.000000000000000021e-02,0.000000000000000000e+00,0.000000000000000000e+00,0.000000000000000000e+00,1.000000000000000000e+00
-4.999999999999999445e-01,0.000000000000000000e+00,8.660254037844387076e-01,1.010000000000000009e+00,0.000000000000000000e+00,1.000000000000000000e+00,0.000000000000000000e+00,0.000000000000000000e+00,-8.660254037844387076e-01,0.000000000000000000e+00,-4.999999999999999445e-01,1.000000000000000021e-02,0.000000000000000000e+00,0.000000000000000000e+00,0.000000000000000000e+00,1.000000000000000000e+00
-4.999999999999999445e-01,0.000000000000000000e+00,8.660254037844387076e-01,1.010000000000000009e+00,0.000000000000000000e+00,1.000000000000000000e+00,0.000000000000000000e+00,0.000000000000000000e+00,-8.660254037844387076e-01,0.000000000000000000e+00,-4.999999999999999445e-01,1.000000000000000021e-02,0.000000000000000000e+00,0.000000000000000000e+00,0.000000000000000000e+00,1.000000000000000000e+00
-4.999999999999999445e-01,0.000000000000000000e+00,8.660254037844387076e-01,1.010000000000000009e+00,0.000000000000000000e+00,1.000000000000000000e+00,0.000000000000000000e+00,0.000000000000000000e+00,-8.660254037844387076e-01,0.000000000000000000e+00,-4.999999999999999445e-01,1.000000000000000021e-02,0.000000000000000000e+00,0.000000000000000000e+00,0.000000000000000000e+00,1.000000000000000000e+00
-4.999999999999999445e-01,0.000000000000000000e+00,8.660254037844387076e-01,1.010000000000000009e+00,0.000000000000000000e+00,1.000000000000000000e+00,0.000000000000000000e+00,0.000000000000000000e+00,-8.660254037844387076e-01,0.000000000000000000e+00,-4.999999999999999445e-01,1.000000000000000021e-02,0.000000000000000000e+00,0.000000000000000000e+00,0.000000000000000000e+00,1.000000000000000000e+00
-4.999999999999999445e-01,0.000000000000000000e+00,8.660254037844387076e-01,1.010000000000000009e+00,0.000000000000000000e+00,1.000000000000000000e+00,0.000000000000000000e+00,0.000000000000000000e+00,-8.660254037844387076e-01,0.000000000000000000e+00,-4.999999999999999445e-01,1.000000000000000021e-02,0.000000000000000000e+00,0.000000000000000000e+00,0.000000000000000000e+00,1.000000000000000000e+00
-4.999999999999999445e-01,0.000000000000000000e+00,8.660254037844387076e-01,1.010000000000000009e+00,0.000000000000000000e+00,1.000000000000000000e+00,0.000000000000000000e+00,0.000000000000000000e+00,-8.660254037844387076e-01,0.000000000000000000e+00,-4.999999999999999445e-01,1.000000000000000021e-02,0.000000000000000000e+00,0.000000000000000000e+00,0.000000000000000000e+00,1.000000000000000000e+00
-4.999999999999999445e-01,0.000000000000000000e+00,8.660254037844387076e-01,1.010000000000000009e+00,0.000000000000000000e+00,1.000000000000000000e+00,0.000000000000000000e+00,0.000000000000000000e+00,-8.660254037844387076e-01,0.000000000000000000e+00,-4.999999999999999445e-01,1.000000000000000021e-02,0.000000000000000000e+00,0.000000000000000000e+00,0.000000000000000000e+00,1.000000000000000000e+00
-4.999999999999999445e-01,0.000000000000000000e+00,8.660254037844387076e-01,1.010000000000000009e+00,0.000000000000000000e+00,1.000000000000000000e+00,0.000000000000000000e+00,0.000000000000000000e+00,-8.660254037844387076e-01,0.000000000000000000e+00,-4.999999999999999445e-01,1.000000000000000021e-02,0.000000000000000000e+00,0.000000000000000000e+00,0.000000000000000000e+00,1.000000000000000000e+00
-4.999999999999999445e-01,0.000000000000000000e+00,8.660254037844387076e-01,1.010000000000000009e+00,0.000000000000000000e+00,1.000000000000000000e+00,0.000000000000000000e+00,0.000000000000000000e+00,-8.660254037844387076e-01,0.000000000000000000e+00,-4.999999999999999445e-01,1.000000000000000021e-02,0.000000000000000000e+00,0.000000000000000000e+00,0.000000000000000000e+00,1.000000000000000000e+00
-4.999999999999999445e-01,0.000000000000000000e+00,8.660254037844387076e-01,1.010000000000000009e+00,0.000000000000000000e+00,1.000000000000000000e+00,0.000000000000000000e+00,0.000000000000000000e+00,-8.660254037844387076e-01,0.000000000000000000e+00,-4.999999999999999445e-01,1.000000000000000021e-02,0.000000000000000000e+00,0.000000000000000000e+00,0.000000000000000000e+00,1.000000000000000000e+00
-4.999999999999999445e-01,0.000000000000000000e+00,8.660254037844387076e-01,1.010000000000000009e+00,0.000000000000000000e+00,1.000000000000000000e+00,0.000000000000000000e+00,0.000000000000000000e+00,-8.660254037844387076e-01,0.000000000000000000e+00,-4.999999999999999445e-01,1.000000000000000021e-02,0.000000000000000000e+00,0.000000000000000000e+00,0.000000000000000000e+00,1.000000000000000000e+00
-4.999999999999999445e-01,0.000000000000000000e+00,8.660254037844387076e-01,1.010000000000000009e+00,0.000000000000000000e+00,1.000000000000000000e+00,0.000000000000000000e+00,0.000000000000000000e+00,-8.660254037844387076e-01,0.000000000000000000e+00,-4.999999999999999445e-01,1.000000000000000021e-02,0.000000000000000000e+00,0.000000000000000000e+00,0.000000000000000000e+00,1.000000000000000000e+00
-4.999999999999999445e-01,0.000000000000000000e+00,8.660254037844387076e-01,1.010000000000000009e+00,0.000000000000000000e+00,1.000000000000000000e+00,0.000000000000000000e+00,0.000000000000000000e+00,-8.660254037844387076e-01,0.000000000000000000e+00,-4.999999999999999445e-01,1.000000000000000021e-02,0.000000000000000000e+00,0.000000000000000000e+00,0.000000000000000000e+00,1.000000000000000000e+00
-4.999999999999999445e-01,0.000000000000000000e+00,8.660254037844387076e-01,1.010000000000000009e+00,0.000000000000000000e+00,1.000000000000000000e+00,0.000000000000000000e+00,0.000000000000000000e+00,-8.660254037844387076e-01,0.000000000000000000e+00,-4.999999999999999445e-01,1.000000000000000021e-02,0.000000000000000000e+00,0.000000000000000000e+00,0.000000000000000000e+00,1.000000000000000000e+00
-4.999999999999999445e-01,0.000000000000000000e+00,8.660254037844387076e-01,1.010000000000000009e+00,0.000000000000000000e+00,1.000000000000000000e+00,0.000000000000000000e+00,0.000000000000000000e+00,-8.660254037844387076e-01,0.000000000000000000e+00,-4.999999999999999445e-01,1.000000000000000021e-02,0.000000000000000000e+00,0.000000000000000000e+00,0.000000000000000000e+00,1.000000000000000000e+00
-4.999999999999999445e-01,0.000000000000000000e+00,8.660254037844387076e-01,1.010000000000000009e+00,0.000000000000000000e+00,1.000000000000000000e+00,0.000000000000000000e+00,0.000000000000000000e+00,-8.660254037844387076e-01,0.000000000000000000e+00,-4.999999999999999445e-01,1.000000000000000021e-02,0.000000000000000000e+00,0.000000000000000000e+00,0.000000000000000000e+00,1.000000000000000000e+00
-4.999999999999999445e-01,0.000000000000000000e+00,8.660254037844387076e-01,1.010000000000000009e+00,0.000000000000000000e+00,1.000000000000000000e+00,0.000000000000000000e+00,0.000000000000000000e+00,-8.660254037844387076e-01,0.000000000000000000e+00,-4.999999999999999445e-01,1.000000000000000021e-02,0.000000000000000000e+00,0.000000000000000000e+00,0.000000000000000000e+00,1.000000000000000000e+00
-4.999999999999999445e-01,0.000000000000000000e+00,8.660254037844387076e-01,1.010000000000000009e+00,0.000000000000000000e+00,1.000000000000000000e+00,0.000000000000000000e+00,0.000000000000000000e+00,-8.660254037844387076e-01,0.000000000000000000e+00,-4.999999999999999445e-01,1.000000000000000021e-02,0.000000000000000000e+00,0.000000000000000000e+00,0.000000000000000000e+00,1.000000000000000000e+00
-4.999999999999999445e-01,0.000000000000000000e+00,8.660254037844387076e-01,1.010000000000000009e+00,0.000000000000000000e+00,1.000000000000000000e+00,0.000000000000000000e+00,0.000000000000000000e+00,-8.660254037844387076e-01,0.000000000000000000e+00,-4.999999999999999445e-01,1.000000000000000021e-02,0.000000000000000000e+00,0.000000000000000000e+00,0.000000000000000000e+00,1.000000000000000000e+00
-4.999999999999999445e-01,0.000000000000000000e+00,8.660254037844387076e-01,1.010000000000000009e+00,0.000000000000000000e+00,1.000000000000000000e+00,0.000000000000000000e+00,0.000000000000000000e+00,-8.660254037844387076e-01,0.000000000000000000e+00,-4.999999999999999445e-01,1.000000000000000021e-02,0.000000000000000000e+00,0.000000000000000000e+00,0.000000000000000000e+00,1.000000000000000000e+00
-4.999999999999999445e-01,0.000000000000000000e+00,8.660254037844387076e-01,1.010000000000000009e+00,0.000000000000000000e+00,1.000000000000000000e+00,0.000000000000000000e+00,0.000000000000000000e+00,-8.660254037844387076e-01,0.000000000000000000e+00,-4.999999999999999445e-01,1.000000000000000021e-02,0.000000000000000000e+00,0.000000000000000000e+00,0.000000000000000000e+00,1.000000000000000000e+00
-4.999999999999999445e-01,0.000000000000000000e+00,8.660254037844387076e-01,1.010000000000000009e+00,0.000000000000000000e+00,1.000000000000000000e+00,0.000000000000000000e+00,0.000000000000000000e+00,-8.660254037844387076e-01,0.000000000000000000e+00,-4.999999999999999445e-01,1.000000000000000021e-02,0.000000000000000000e+00,0.000000000000000000e+00,0.000000000000000000e+00,1.000000000000000000e+00
-4.999999999999999445e-01,0.000000000000000000e+00,8.660254037844387076e-01,1.010000000000000009e+00,0.000000000000000000e+00,1.000000000000000000e+00,0.000000000000000000e+00,0.000000000000000000e+00,-8.660254037844387076e-01,0.000000000000000000e+00,-4.999999999999999445e-01,1.000000000000000021e-02,0.000000000000000000e+00,0.000000000000000000e+00,0.000000000000000000e+00,1.000000000000000000e+00
-4.999999999999999445e-01,0.000000000000000000e+00,8.660254037844387076e-01,1.010000000000000009e+00,0.000000000000000000e+00,1.000000000000000000e+00,0.000000000000000000e+00,0.000000000000000000e+00,-8.660254037844387076e-01,0.000000000000000000e+00,-4.999999999999999445e-01,1.000000000000000021e-02,0.000000000000000000e+00,0.000000000000000000e+00,0.000000000000000000e+00,1.000000000000000000e+00
-4.999999999999999445e-01,0.000000000000000000e+00,8.660254037844387076e-01,1.010000000000000009e+00,0.000000000000000000e+00,1.000000000000000000e+00,0.000000000000000000e+00,0.000000000000000000e+00,-8.660254037844387076e-01,0.000000000000000000e+00,-4.999999999999999445e-01,1.000000000000000021e-02,0.000000000000000000e+00,0.000000000000000000e+00,0.000000000000000000e+00,1.000000000000000000e+00
-4.999999999999999445e-01,0.000000000000000000e+00,8.660254037844387076e-01,1.010000000000000009e+00,0.000000000000000000e+00,1.000000000000000000e+00,0.000000000000000000e+00,0.000000000000000000e+00,-8.660254037844387076e-01,0.000000000000000000e+00,-4.999999999999999445e-01,1.000000000000000021e-02,0.000000000000000000e+00,0.000000000000000000e+00,0.000000000000000000e+00,1.000000000000000000e+00
-4.999999999999999445e-01,0.000000000000000000e+00,8.660254037844387076e-01,1.010000000000000009e+00,0.000000000000000000e+00,1.000000000000000000e+00,0.000000000000000000e+00,0.000000000000000000e+00,-8.660254037844387076e-01,0.000000000000000000e+00,-4.999999999999999445e-01,1.000000000000000021e-02,0.000000000000000000e+00,0.000000000000000000e+00,0.000000000000000000e+00,1.000000000000000000e+00
-4.999999999999999445e-01,0.000000000000000000e+00,8.660254037844387076e-01,1.010000000000000009e+00,0.000000000000000000e+00,1.000000000000000000e+00,0.000000000000000000e+00,0.000000000000000000e+00,-8.660254037844387076e-01,0.000000000000000000e+00,-4.999999999999999445e-01,1.000000000000000021e-02,0.000000000000000000e+00,0.000000000000000000e+00,0.000000000000000000e+00,1.000000000000000000e+00
-4.999999999999999445e-01,0.000000000000000000e+00,8.660254037844387076e-01,1.010000000000000009e+00,0.000000000000000000e+00,1.000000000000000000e+00,0.000000000000000000e+00,0.000000000000000000e+00,-8.660254037844387076e-01,0.000000000000000000e+00,-4.999999999999999445e-01,1.000000000000000021e-02,0.000000000000000000e+00,0.000000000000000000e+00,0.000000000000000000e+00,1.000000000000000000e+00
-4.999999999999999445e-01,0.000000000000000000e+00,8.660254037844387076e-01,1.010000000000000009e+00,0.000000000000000000e+00,1.000000000000000000e+00,0.000000000000000000e+00,0.000000000000000000e+00,-8.660254037844387076e-01,0.000000000000000000e+00,-4.999999999999999445e-01,1.000000000000000021e-02,0.000000000000000000e+00,0.000000000000000000e+00,0.000000000000000000e+00,1.000000000000000000e+00
-4.999999999999999445e-01,0.000000000000000000e+00,8.660254037844387076e-01,1.010000000000000009e+00,0.000000000000000000e+00,1.000000000000000000e+00,0.000000000000000000e+00,0.000000000000000000e+00,-8.660254037844387076e-01,0.000000000000000000e+00,-4.999999999999999445e-01,1.000000000000000021e-02,0.000000000000000000e+00,0.000000000000000000e+00,0.000000000000000000e+00,1.000000000000000000e+00
-4.999999999999999445e-01,0.000000000000000000e+00,8.660254037844387076e-01,1.010000000000000009e+00,0.000000000000000000e+00,1.000000000000000000e+00,0.000000000000000000e+00,0.000000000000000000e+00,-8.660254037844387076e-01,0.000000000000000000e+00,-4.999999999999999445e-01,1.000000000000000021e-02,0.000000000000000000e+00,0.000000000000000000e+00,0.000000000000000000e+00,1.000000000000000000e+00
-4.999999999999999445e-01,0.000000000000000000e+00,8.660254037844387076e-01,1.010000000000000009e+00,0.000000000000000000e+00,1.000000000000000000e+00,0.000000000000000000e+00,0.000000000000000000e+00,-8.660254037844387076e-01,0.000000000000000000e+00,-4.999999999999999445e-01,1.000000000000000021e-02,0.000000000000000000e+00,0.000000000000000000e+00,0.000000000000000000e+00,1.000000000000000000e+00
-4.999999999999999445e-01,0.000000000000000000e+00,8.660254037844387076e-01,1.010000000000000009e+00,0.000000000000000000e+00,1.000000000000000000e+00,0.000000000000000000e+00,0.000000000000000000e+00,-8.660254037844387076e-01,0.000000000000000000e+00,-4.999999999999999445e-01,1.000000000000000021e-02,0.000000000000000000e+00,0.000000000000000000e+00,0.000000000000000000e+00,1.000000000000000000e+00
-4.999999999999999445e-01,0.000000000000000000e+00,8.660254037844387076e-01,1.010000000000000009e+00,0.000000000000000000e+00,1.000000000000000000e+00,0.000000000000000000e+00,0.000000000000000000e+00,-8.660254037844387076e-01,0.000000000000000000e+00,-4.999999999999999445e-01,1.000000000000000021e-02,0.000000000000000000e+00,0.000000000000000000e+00,0.000000000000000000e+00,1.000000000000000000e+00
-4.999999999999999445e-01,0.000000000000000000e+00,8.660254037844387076e-01,1.010000000000000009e+00,0.000000000000000000e+00,1.000000000000000000e+00,0.000000000000000000e+00,0.000000000000000000e+00,-8.660254037844387076e-01,0.000000000000000000e+00,-4.999999999999999445e-01,1.000000000000000021e-02,0.000000000000000000e+00,0.000000000000000000e+00,0.000000000000000000e+00,1.000000000000000000e+00
-4.999999999999999445e-01,0.000000000000000000e+00,8.660254037844387076e-01,1.010000000000000009e+00,0.000000000000000000e+00,1.000000000000000000e+00,0.000000000000000000e+00,0.000000000000000000e+00,-8.660254037844387076e-01,0.000000000000000000e+00,-4.999999999999999445e-01,1.000000000000000021e-02,0.000000000000000000e+00,0.000000000000000000e+00,0.000000000000000000e+00,1.000000000000000000e+00
-4.999999999999999445e-01,0.000000000000000000e+00,8.660254037844387076e-01,1.010000000000000009e+00,0.000000000000000000e+00,1.000000000000000000e+00,0.000000000000000000e+00,0.000000000000000000e+00,-8.660254037844387076e-01,0.000000000000000000e+00,-4.999999999999999445e-01,1.000000000000000021e-02,0.000000000000000000e+00,0.000000000000000000e+00,0.000000000000000000e+00,1.000000000000000000e+00
-4.999999999999999445e-01,0.000000000000000000e+00,8.660254037844387076e-01,1.010000000000000009e+00,0.000000000000000000e+00,1.000000000000000000e+00,0.000000000000000000e+00,0.000000000000000000e+00,-8.660254037844387076e-01,0.000000000000000000e+00,-4.999999999999999445e-01,1.000000000000000021e-02,0.000000000000000000e+00,0.000000000000000000e+00,0.000000000000000000e+00,1.000000000000000000e+00
-4.999999999999999445e-01,0.000000000000000000e+00,8.660254037844387076e-01,1.010000000000000009e+00,0.000000000000000000e+00,1.000000000000000000e+00,0.000000000000000000e+00,0.000000000000000000e+00,-8.660254037844387076e-01,0.000000000000000000e+00,-4.999999999999999445e-01,1.000000000000000021e-02,0.000000000000000000e+00,0.000000000000000000e+00,0.000000000000000000e+00,1.000000000000000000e+00
-4.999999999999999445e-01,0.000000000000000000e+00,8.660254037844387076e-01,1.010000000000000009e+00,0.000000000000000000e+00,1.000000000000000000e+00,0.000000000000000000e+00,0.000000000000000000e+00,-8.660254037844387076e-01,0.000000000000000000e+00,-4.999999999999999445e-01,1.000000000000000021e-02,0.000000000000000000e+00,0.000000000000000000e+00,0.000000000000000000e+00,1.000000000000000000e+00
-4.999999999999999445e-01,0.000000000000000000e+00,8.660254037844387076e-01,1.010000000000000009e+00,0.000000000000000000e+00,1.000000000000000000e+00,0.000000000000000000e+00,0.000000000000000000e+00,-8.660254037844387076e-01,0.000000000000000000e+00,-4.999999999999999445e-01,1.000000000000000021e-02,0.000000000000000000e+00,0.000000000000000000e+00,0.000000000000000000e+00,1.000000000000000000e+00
-4.999999999999999445e-01,0.000000000000000000e+00,8.660254037844387076e-01,1.010000000000000009e+00,0.000000000000000000e+00,1.000000000000000000e+00,0.000000000000000000e+00,0.000000000000000000e+00,-8.660254037844387076e-01,0.000000000000000000e+00,-4.999999999999999445e-01,1.000000000000000021e-02,0.000000000000000000e+00,0.000000000000000000e+00,0.000000000000000000e+00,1.000000000000000000e+00
-4.999999999999999445e-01,0.000000000000000000e+00,8.660254037844387076e-01,1.010000000000000009e+00,0.000000000000000000e+00,1.000000000000000000e+00,0.000000000000000000e+00,0.000000000000000000e+00,-8.660254037844387076e-01,0.000000000000000000e+00,-4.999999999999999445e-01,1.000000000000000021e-02,0.000000000000000000e+00,0.000000000000000000e+00,0.000000000000000000e+00,1.000000000000000000e+00
-4.999999999999999445e-01,0.000000000000000000e+00,8.660254037844387076e-01,1.010000000000000009e+00,0.000000000000000000e+00,1.000000000000000000e+00,0.000000000000000000e+00,0.000000000000000000e+00,-8.660254037844387076e-01,0.000000000000000000e+00,-4.999999999999999445e-01,1.000000000000000021e-02,0.000000000000000000e+00,0.000000000000000000e+00,0.000000000000000000e+00,1.000000000000000000e+00
-4.999999999999999445e-01,0.000000000000000000e+00,8.660254037844387076e-01,1.010000000000000009e+00,0.000000000000000000e+00,1.000000000000000000e+00,0.000000000000000000e+00,0.000000000000000000e+00,-8.660254037844387076e-01,0.000000000000000000e+00,-4.999999999999999445e-01,1.000000000000000021e-02,0.000000000000000000e+00,0.000000000000000000e+00,0.000000000000000000e+00,1.000000000000000000e+00
-4.999999999999999445e-01,0.000000000000000000e+00,8.660254037844387076e-01,1.010000000000000009e+00,0.000000000000000000e+00,1.000000000000000000e+00,0.000000000000000000e+00,0.000000000000000000e+00,-8.660254037844387076e-01,0.000000000000000000e+00,-4.999999999999999445e-01,1.000000000000000021e-02,0.000000000000000000e+00,0.000000000000000000e+00,0.000000000000000000e+00,1.000000000000000000e+00
-4.999999999999999445e-01,0.000000000000000000e+00,8.660254037844387076e-01,1.010000000000000009e+00,0.000000000000000000e+00,1.000000000000000000e+00,0.000000000000000000e+00,0.000000000000000000e+00,-8.660254037844387076e-01,0.000000000000000000e+00,-4.999999999999999445e-01,1.000000000000000021e-02,0.000000000000000000e+00,0.000000000000000000e+00,0.000000000000000000e+00,1.000000000000000000e+00
-4.999999999999999445e-01,0.000000000000000000e+00,8.660254037844387076e-01,1.010000000000000009e+00,0.000000000000000000e+00,1.000000000000000000e+00,0.000000000000000000e+00,0.000000000000000000e+00,-8.660254037844387076e-01,0.000000000000000000e+00,-4.999999999999999445e-01,1.000000000000000021e-02,0.000000000000000000e+00,0.000000000000000000e+00,0.000000000000000000e+00,1.000000000000000000e+00
-4.999999999999999445e-01,0.000000000000000000e+00,8.660254037844387076e-01,1.010000000000000009e+00,0.000000000000000000e+00,1.000000000000000000e+00,0.000000000000000000e+00,0.000000000000000000e+00,-8.660254037844387076e-01,0.000000000000000000e+00,-4.999999999999999445e-01,1.000000000000000021e-02,0.000000000000000000e+00,0.000000000000000000e+00,0.000000000000000000e+00,1.000000000000000000e+00
-4.999999999999999445e-01,0.000000000000000000e+00,8.660254037844387076e-01,1.010000000000000009e+00,0.000000000000000000e+00,1.000000000000000000e+00,0.000000000000000000e+00,0.000000000000000000e+00,-8.660254037844387076e-01,0.000000000000000000e+00,-4.999999999999999445e-01,1.000000000000000021e-02,0.000000000000000000e+00,0.000000000000000000e+00,0.000000000000000000e+00,1.000000000000000000e+00
-4.999999999999999445e-01,0.000000000000000000e+00,8.660254037844387076e-01,1.010000000000000009e+00,0.000000000000000000e+00,1.000000000000000000e+00,0.000000000000000000e+00,0.000000000000000000e+00,-8.660254037844387076e-01,0.000000000000000000e+00,-4.999999999999999445e-01,1.000000000000000021e-02,0.000000000000000000e+00,0.000000000000000000e+00,0.000000000000000000e+00,1.000000000000000000e+00
-4.999999999999999445e-01,0.000000000000000000e+00,8.660254037844387076e-01,1.010000000000000009e+00,0.000000000000000000e+00,1.000000000000000000e+00,0.000000000000000000e+00,0.000000000000000000e+00,-8.660254037844387076e-01,0.000000000000000000e+00,-4.999999999999999445e-01,1.000000000000000021e-02,0.000000000000000000e+00,0.000000000000000000e+00,0.000000000000000000e+00,1.000000000000000000e+00
-4.999999999999999445e-01,0.000000000000000000e+00,8.660254037844387076e-01,1.010000000000000009e+00,0.000000000000000000e+00,1.000000000000000000e+00,0.000000000000000000e+00,0.000000000000000000e+00,-8.660254037844387076e-01,0.000000000000000000e+00,-4.999999999999999445e-01,1.000000000000000021e-02,0.000000000000000000e+00,0.000000000000000000e+00,0.000000000000000000e+00,1.000000000000000000e+00
-4.999999999999999445e-01,0.000000000000000000e+00,8.660254037844387076e-01,1.010000000000000009e+00,0.000000000000000000e+00,1.000000000000000000e+00,0.000000000000000000e+00,0.000000000000000000e+00,-8.660254037844387076e-01,0.000000000000000000e+00,-4.999999999999999445e-01,1.000000000000000021e-02,0.000000000000000000e+00,0.000000000000000000e+00,0.000000000000000000e+00,1.000000000000000000e+00
-4.999999999999999445e-01,0.000000000000000000e+00,8.660254037844387076e-01,1.010000000000000009e+00,0.000000000000000000e+00,1.000000000000000000e+00,0.000000000000000000e+00,0.000000000000000000e+00,-8.660254037844387076e-01,0.000000000000000000e+00,-4.999999999999999445e-01,1.000000000000000021e-02,0.000000000000000000e+00,0.000000000000000000e+00,0.000000000000000000e+00,1.000000000000000000e+00
-4.999999999999999445e-01,0.000000000000000000e+00,8.660254037844387076e-01,1.010000000000000009e+00,0.000000000000000000e+00,1.000000000000000000e+00,0.000000000000000000e+00,0.000000000000000000e+00,-8.660254037844387076e-01,0.000000000000000000e+00,-4.999999999999999445e-01,1.000000000000000021e-02,0.000000000000000000e+00,0.000000000000000000e+00,0.000000000000000000e+00,1.000000000000000000e+00
-4.999999999999999445e-01,0.000000000000000000e+00,8.660254037844387076e-01,1.010000000000000009e+00,0.000000000000000000e+00,1.000000000000000000e+00,0.000000000000000000e+00,0.000000000000000000e+00,-8.660254037844387076e-01,0.000000000000000000e+00,-4.999999999999999445e-01,1.000000000000000021e-02,0.000000000000000000e+00,0.000000000000000000e+00,0.000000000000000000e+00,1.000000000000000000e+00
-4.999999999999999445e-01,0.000000000000000000e+00,8.660254037844387076e-01,1.010000000000000009e+00,0.000000000000000000e+00,1.000000000000000000e+00,0.000000000000000000e+00,0.000000000000000000e+00,-8.660254037844387076e-01,0.000000000000000000e+00,-4.999999999999999445e-01,1.000000000000000021e-02,0.000000000000000000e+00,0.000000000000000000e+00,0.000000000000000000e+00,1.000000000000000000e+00
-4.999999999999999445e-01,0.000000000000000000e+00,8.660254037844387076e-01,1.010000000000000009e+00,0.000000000000000000e+00,1.000000000000000000e+00,0.000000000000000000e+00,0.000000000000000000e+00,-8.660254037844387076e-01,0.000000000000000000e+00,-4.999999999999999445e-01,1.000000000000000021e-02,0.000000000000000000e+00,0.000000000000000000e+00,0.000000000000000000e+00,1.000000000000000000e+00
-4.999999999999999445e-01,0.000000000000000000e+00,8.660254037844387076e-01,1.010000000000000009e+00,0.000000000000000000e+00,1.000000000000000000e+00,0.000000000000000000e+00,0.000000000000000000e+00,-8.660254037844387076e-01,0.000000000000000000e+00,-4.999999999999999445e-01,1.000000000000000021e-02,0.000000000000000000e+00,0.000000000000000000e+00,0.000000000000000000e+00,1.000000000000000000e+00
-4.999999999999999445e-01,0.000000000000000000e+00,8.660254037844387076e-01,1.010000000000000009e+00,0.000000000000000000e+00,1.000000000000000000e+00,0.000000000000000000e+00,0.000000000000000000e+00,-8.660254037844387076e-01,0.000000000000000000e+00,-4.999999999999999445e-01,1.000000000000000021e-02,0.000000000000000000e+00,0.000000000000000000e+00,0.000000000000000000e+00,1.000000000000000000e+00
-4.999999999999999445e-01,0.000000000000000000e+00,8.660254037844387076e-01,1.010000000000000009e+00,0.000000000000000000e+00,1.000000000000000000e+00,0.000000000000000000e+00,0.000000000000000000e+00,-8.660254037844387076e-01,0.000000000000000000e+00,-4.999999999999999445e-01,1.000000000000000021e-02,0.000000000000000000e+00,0.000000000000000000e+00,0.000000000000000000e+00,1.000000000000000000e+00
-4.999999999999999445e-01,0.000000000000000000e+00,8.660254037844387076e-01,1.010000000000000009e+00,0.000000000000000000e+00,1.000000000000000000e+00,0.000000000000000000e+00,0.000000000000000000e+00,-8.660254037844387076e-01,0.000000000000000000e+00,-4.999999999999999445e-01,1.000000000000000021e-02,0.000000000000000000e+00,0.000000000000000000e+00,0.000000000000000000e+00,1.000000000000000000e+00
-4.999999999999999445e-01,0.000000000000000000e+00,8.660254037844387076e-01,1.010000000000000009e+00,0.000000000000000000e+00,1.000000000000000000e+00,0.000000000000000000e+00,0.000000000000000000e+00,-8.660254037844387076e-01,0.000000000000000000e+00,-4.999999999999999445e-01,1.000000000000000021e-02,0.000000000000000000e+00,0.000000000000000000e+00,0.000000000000000000e+00,1.000000000000000000e+00
-4.999999999999999445e-01,0.000000000000000000e+00,8.660254037844387076e-01,1.010000000000000009e+00,0.000000000000000000e+00,1.000000000000000000e+00,0.000000000000000000e+00,0.000000000000000000e+00,-8.660254037844387076e-01,0.000000000000000000e+00,-4.999999999999999445e-01,1.000000000000000021e-02,0.000000000000000000e+00,0.000000000000000000e+00,0.000000000000000000e+00,1.000000000000000000e+00
-4.999999999999999445e-01,0.000000000000000000e+00,8.660254037844387076e-01,1.010000000000000009e+00,0.000000000000000000e+00,1.000000000000000000e+00,0.000000000000000000e+00,0.000000000000000000e+00,-8.660254037844387076e-01,0.000000000000000000e+00,-4.999999999999999445e-01,1.000000000000000021e-02,0.000000000000000000e+00,0.000000000000000000e+00,0.000000000000000000e+00,1.000000000000000000e+00
-4.999999999999999445e-01,0.000000000000000000e+00,8.660254037844387076e-01,1.010000000000000009e+00,0.000000000000000000e+00,1.000000000000000000e+00,0.000000000000000000e+00,0.000000000000000000e+00,-8.660254037844387076e-01,0.000000000000000000e+00,-4.999999999999999445e-01,1.000000000000000021e-02,0.000000000000000000e+00,0.000000000000000000e+00,0.000000000000000000e+00,1.000000000000000000e+00
-4.999999999999999445e-01,0.000000000000000000e+00,8.660254037844387076e-01,1.010000000000000009e+00,0.000000000000000000e+00,1.000000000000000000e+00,0.000000000000000000e+00,0.000000000000000000e+00,-8.660254037844387076e-01,0.000000000000000000e+00,-4.999999999999999445e-01,1.000000000000000021e-02,0.000000000000000000e+00,0.000000000000000000e+00,0.000000000000000000e+00,1.000000000000000000e+00
-4.999999999999999445e-01,0.000000000000000000e+00,8.660254037844387076e-01,1.010000000000000009e+00,0.000000000000000000e+00,1.000000000000000000e+00,0.000000000000000000e+00,0.000000000000000000e+00,-8.660254037844387076e-01,0.000000000000000000e+00,-4.999999999999999445e-01,1.000000000000000021e-02,0.000000000000000000e+00,0.000000000000000000e+00,0.000000000000000000e+00,1.000000000000000000e+00
-4.999999999999999445e-01,0.000000000000000000e+00,8.660254037844387076e-01,1.010000000000000009e+00,0.000000000000000000e+00,1.000000000000000000e+00,0.000000000000000000e+00,0.000000000000000000e+00,-8.660254037844387076e-01,0.000000000000000000e+00,-4.999999999999999445e-01,1.000000000000000021e-02,0.000000000000000000e+00,0.000000000000000000e+00,0.000000000000000000e+00,1.000000000000000000e+00
-4.999999999999999445e-01,0.000000000000000000e+00,8.660254037844387076e-01,1.010000000000000009e+00,0.000000000000000000e+00,1.000000000000000000e+00,0.000000000000000000e+00,0.000000000000000000e+00,-8.660254037844387076e-01,0.000000000000000000e+00,-4.999999999999999445e-01,1.000000000000000021e-02,0.000000000000000000e+00,0.000000000000000000e+00,0.000000000000000000e+00,1.000000000000000000e+00
-4.999999999999999445e-01,0.000000000000000000e+00,8.660254037844387076e-01,1.010000000000000009e+00,0.000000000000000000e+00,1.000000000000000000e+00,0.000000000000000000e+00,0.000000000000000000e+00,-8.660254037844387076e-01,0.000000000000000000e+00,-4.999999999999999445e-01,1.000000000000000021e-02,0.000000000000000000e+00,0.000000000000000000e+00,0.000000000000000000e+00,1.000000000000000000e+00
-4.999999999999999445e-01,0.000000000000000000e+00,8.660254037844387076e-01,1.010000000000000009e+00,0.000000000000000000e+00,1.000000000000000000e+00,0.000000000000000000e+00,0.000000000000000000e+00,-8.660254037844387076e-01,0.000000000000000000e+00,-4.999999999999999445e-01,1.000000000000000021e-02,0.000000000000000000e+00,0.000000000000000000e+00,0.000000000000000000e+00,1.000000000000000000e+00
-4.999999999999999445e-01,0.000000000000000000e+00,8.660254037844387076e-01,1.010000000000000009e+00,0.000000000000000000e+00,1.000000000000000000e+00,0.000000000000000000e+00,0.000000000000000000e+00,-8.660254037844387076e-01,0.000000000000000000e+00,-4.999999999999999445e-01,1.000000000000000021e-02,0.000000000000000000e+00,0.000000000000000000e+00,0.000000000000000000e+00,1.000000000000000000e+00
-4.999999999999999445e-01,0.000000000000000000e+00,8.660254037844387076e-01,1.010000000000000009e+00,0.000000000000000000e+00,1.000000000000000000e+00,0.000000000000000000e+00,0.000000000000000000e+00,-8.660254037844387076e-01,0.000000000000000000e+00,-4.999999999999999445e-01,1.000000000000000021e-02,0.000000000000000000e+00,0.000000000000000000e+00,0.000000000000000000e+00,1.000000000000000000e+00
-4.999999999999999445e-01,0.000000000000000000e+00,8.660254037844387076e-01,1.010000000000000009e+00,0.000000000000000000e+00,1.000000000000000000e+00,0.000000000000000000e+00,0.000000000000000000e+00,-8.660254037844387076e-01,0.000000000000000000e+00,-4.999999999999999445e-01,1.000000000000000021e-02,0.000000000000000000e+00,0.000000000000000000e+00,0.000000000000000000e+00,1.000000000000000000e+00
-4.999999999999999445e-01,0.000000000000000000e+00,8.660254037844387076e-01,1.010000000000000009e+00,0.000000000000000000e+00,1.000000000000000000e+00,0.000000000000000000e+00,0.000000000000000000e+00,-8.660254037844387076e-01,0.000000000000000000e+00,-4.999999999999999445e-01,1.000000000000000021e-02,0.000000000000000000e+00,0.000000000000000000e+00,0.000000000000000000e+00,1.000000000000000000e+00
-4.999999999999999445e-01,0.000000000000000000e+00,8.660254037844387076e-01,1.010000000000000009e+00,0.000000000000000000e+00,1.000000000000000000e+00,0.000000000000000000e+00,0.000000000000000000e+00,-8.660254037844387076e-01,0.000000000000000000e+00,-4.999999999999999445e-01,1.000000000000000021e-02,0.000000000000000000e+00,0.000000000000000000e+00,0.000000000000000000e+00,1.000000000000000000e+00
-4.999999999999999445e-01,0.000000000000000000e+00,8.660254037844387076e-01,1.010000000000000009e+00,0.000000000000000000e+00,1.000000000000000000e+00,0.000000000000000000e+00,0.000000000000000000e+00,-8.660254037844387076e-01,0.000000000000000000e+00,-4.999999999999999445e-01,1.000000000000000021e-02,0.000000000000000000e+00,0.000000000000000000e+00,0.000000000000000000e+00,1.000000000000000000e+00
-4.999999999999999445e-01,0.000000000000000000e+00,8.660254037844387076e-01,1.010000000000000009e+00,0.000000000000000000e+00,1.000000000000000000e+00,0.000000000000000000e+00,0.000000000000000000e+00,-8.660254037844387076e-01,0.000000000000000000e+00,-4.999999999999999445e-01,1.000000000000000021e-02,0.000000000000000000e+00,0.000000000000000000e+00,0.000000000000000000e+00,1.000000000000000000e+00
-4.999999999999999445e-01,0.000000000000000000e+00,8.660254037844387076e-01,1.010000000000000009e+00,0.000000000000000000e+00,1.000000000000000000e+00,0.000000000000000000e+00,0.000000000000000000e+00,-8.660254037844387076e-01,0.000000000000000000e+00,-4.999999999999999445e-01,1.000000000000000021e-02,0.000000000000000000e+00,0.000000000000000000e+00,0.000000000000000000e+00,1.000000000000000000e+00
-4.999999999999999445e-01,0.000000000000000000e+00,8.660254037844387076e-01,1.010000000000000009e+00,0.000000000000000000e+00,1.000000000000000000e+00,0.000000000000000000e+00,0.000000000000000000e+00,-8.660254037844387076e-01,0.000000000000000000e+00,-4.999999999999999445e-01,1.000000000000000021e-02,0.000000000000000000e+00,0.000000000000000000e+00,0.000000000000000000e+00,1.000000000000000000e+00
-4.999999999999999445e-01,0.000000000000000000e+00,8.660254037844387076e-01,1.010000000000000009e+00,0.000000000000000000e+00,1.000000000000000000e+00,0.000000000000000000e+00,0.000000000000000000e+00,-8.660254037844387076e-01,0.000000000000000000e+00,-4.999999999999999445e-01,1.000000000000000021e-02,0.000000000000000000e+00,0.000000000000000000e+00,0.000000000000000000e+00,1.000000000000000000e+00
-4.999999999999999445e-01,0.000000000000000000e+00,8.660254037844387076e-01,1.010000000000000009e+00,0.000000000000000000e+00,1.000000000000000000e+00,0.000000000000000000e+00,0.000000000000000000e+00,-8.660254037844387076e-01,0.000000000000000000e+00,-4.999999999999999445e-01,1.000000000000000021e-02,0.000000000000000000e+00,0.000000000000000000e+00,0.000000000000000000e+00,1.000000000000000000e+00
-4.999999999999999445e-01,0.000000000000000000e+00,8.660254037844387076e-01,1.010000000000000009e+00,0.000000000000000000e+00,1.000000000000000000e+00,0.000000000000000000e+00,0.000000000000000000e+00,-8.660254037844387076e-01,0.000000000000000000e+00,-4.999999999999999445e-01,1.000000000000000021e-02,0.000000000000000000e+00,0.000000000000000000e+00,0.000000000000000000e+00,1.000000000000000000e+00
-4.999999999999999445e-01,0.000000000000000000e+00,8.660254037844387076e-01,1.010000000000000009e+00,0.000000000000000000e+00,1.000000000000000000e+00,0.000000000000000000e+00,0.000000000000000000e+00,-8.660254037844387076e-01,0.000000000000000000e+00,-4.999999999999999445e-01,1.000000000000000021e-02,0.000000000000000000e+00,0.000000000000000000e+00,0.000000000000000000e+00,1.000000000000000000e+00
-4.999999999999999445e-01,0.000000000000000000e+00,8.660254037844387076e-01,1.010000000000000009e+00,0.000000000000000000e+00,1.000000000000000000e+00,0.000000000000000000e+00,0.000000000000000000e+00,-8.660254037844387076e-01,0.000000000000000000e+00,-4.999999999999999445e-01,1.000000000000000021e-02,0.000000000000000000e+00,0.000000000000000000e+00,0.000000000000000000e+00,1.000000000000000000e+00
-4.999999999999999445e-01,0.000000000000000000e+00,8.660254037844387076e-01,1.010000000000000009e+00,0.000000000000000000e+00,1.000000000000000000e+00,0.000000000000000000e+00,0.000000000000000000e+00,-8.660254037844387076e-01,0.000000000000000000e+00,-4.999999999999999445e-01,1.000000000000000021e-02,0.000000000000000000e+00,0.000000000000000000e+00,0.000000000000000000e+00,1.000000000000000000e+00
-4.999999999999999445e-01,0.000000000000000000e+00,8.660254037844387076e-01,1.010000000000000009e+00,0.000000000000000000e+00,1.000000000000000000e+00,0.000000000000000000e+00,0.000000000000000000e+00,-8.660254037844387076e-01,0.000000000000000000e+00,-4.999999999999999445e-01,1.000000000000000021e-02,0.000000000000000000e+00,0.000000000000000000e+00,0.000000000000000000e+00,1.000000000000000000e+00
-4.999999999999999445e-01,0.000000000000000000e+00,8.660254037844387076e-01,1.010000000000000009e+00,0.000000000000000000e+00,1.000000000000000000e+00,0.000000000000000000e+00,0.000000000000000000e+00,-8.660254037844387076e-01,0.000000000000000000e+00,-4.999999999999999445e-01,1.000000000000000021e-02,0.000000000000000000e+00,0.000000000000000000e+00,0.000000000000000000e+00,1.000000000000000000e+00
-4.999999999999999445e-01,0.000000000000000000e+00,8.660254037844387076e-01,1.010000000000000009e+00,0.000000000000000000e+00,1.000000000000000000e+00,0.000000000000000000e+00,0.000000000000000000e+00,-8.660254037844387076e-01,0.000000000000000000e+00,-4.999999999999999445e-01,1.000000000000000021e-02,0.000000000000000000e+00,0.000000000000000000e+00,0.000000000000000000e+00,1.000000000000000000e+00
-4.999999999999999445e-01,0.000000000000000000e+00,8.660254037844387076e-01,1.010000000000000009e+00,0.000000000000000000e+00,1.000000000000000000e+00,0.000000000000000000e+00,0.000000000000000000e+00,-8.660254037844387076e-01,0.000000000000000000e+00,-4.999999999999999445e-01,1.000000000000000021e-02,0.000000000000000000e+00,0.000000000000000000e+00,0.000000000000000000e+00,1.000000000000000000e+00
-4.999999999999999445e-01,0.000000000000000000e+00,8.660254037844387076e-01,1.010000000000000009e+00,0.000000000000000000e+00,1.000000000000000000e+00,0.000000000000000000e+00,0.000000000000000000e+00,-8.660254037844387076e-01,0.000000000000000000e+00,-4.999999999999999445e-01,1.000000000000000021e-02,0.000000000000000000e+00,0.000000000000000000e+00,0.000000000000000000e+00,1.000000000000000000e+00
-4.999999999999999445e-01,0.000000000000000000e+00,8.660254037844387076e-01,1.010000000000000009e+00,0.000000000000000000e+00,1.000000000000000000e+00,0.000000000000000000e+00,0.000000000000000000e+00,-8.660254037844387076e-01,0.000000000000000000e+00,-4.999999999999999445e-01,1.000000000000000021e-02,0.000000000000000000e+00,0.000000000000000000e+00,0.000000000000000000e+00,1.000000000000000000e+00
-4.999999999999999445e-01,0.000000000000000000e+00,8.660254037844387076e-01,1.010000000000000009e+00,0.000000000000000000e+00,1.000000000000000000e+00,0.000000000000000000e+00,0.000000000000000000e+00,-8.660254037844387076e-01,0.000000000000000000e+00,-4.999999999999999445e-01,1.000000000000000021e-02,0.000000000000000000e+00,0.000000000000000000e+00,0.000000000000000000e+00,1.000000000000000000e+00
-4.999999999999999445e-01,0.000000000000000000e+00,8.660254037844387076e-01,1.010000000000000009e+00,0.000000000000000000e+00,1.000000000000000000e+00,0.000000000000000000e+00,0.000000000000000000e+00,-8.660254037844387076e-01,0.000000000000000000e+00,-4.999999999999999445e-01,1.000000000000000021e-02,0.000000000000000000e+00,0.000000000000000000e+00,0.000000000000000000e+00,1.000000000000000000e+00
-4.999999999999999445e-01,0.000000000000000000e+00,8.660254037844387076e-01,1.010000000000000009e+00,0.000000000000000000e+00,1.000000000000000000e+00,0.000000000000000000e+00,0.000000000000000000e+00,-8.660254037844387076e-01,0.000000000000000000e+00,-4.999999999999999445e-01,1.000000000000000021e-02,0.000000000000000000e+00,0.000000000000000000e+00,0.000000000000000000e+00,1.000000000000000000e+00
-4.999999999999999445e-01,0.000000000000000000e+00,8.660254037844387076e-01,1.010000000000000009e+00,0.000000000000000000e+00,1.000000000000000000e+00,0.000000000000000000e+00,0.000000000000000000e+00,-8.660254037844387076e-01,0.000000000000000000e+00,-4.999999999999999445e-01,1.000000000000000021e-02,0.000000000000000000e+00,0.000000000000000000e+00,0.000000000000000000e+00,1.000000000000000000e+00
-4.999999999999999445e-01,0.000000000000000000e+00,8.660254037844387076e-01,1.010000000000000009e+00,0.000000000000000000e+00,1.000000000000000000e+00,0.000000000000000000e+00,0.000000000000000000e+00,-8.660254037844387076e-01,0.000000000000000000e+00,-4.999999999999999445e-01,1.000000000000000021e-02,0.000000000000000000e+00,0.000000000000000000e+00,0.000000000000000000e+00,1.000000000000000000e+00
-4.999999999999999445e-01,0.000000000000000000e+00,8.660254037844387076e-01,1.010000000000000009e+00,0.000000000000000000e+00,1.000000000000000000e+00,0.000000000000000000e+00,0.000000000000000000e+00,-8.660254037844387076e-01,0.000000000000000000e+00,-4.999999999999999445e-01,1.000000000000000021e-02,0.000000000000000000e+00,0.000000000000000000e+00,0.000000000000000000e+00,1.000000000000000000e+00
-4.999999999999999445e-01,0.000000000000000000e+00,8.660254037844387076e-01,1.010000000000000009e+00,0.000000000000000000e+00,1.000000000000000000e+00,0.000000000000000000e+00,0.000000000000000000e+00,-8.660254037844387076e-01,0.000000000000000000e+00,-4.999999999999999445e-01,1.000000000000000021e-02,0.000000000000000000e+00,0.000000000000000000e+00,0.000000000000000000e+00,1.000000000000000000e+00
-4.999999999999999445e-01,0.000000000000000000e+00,8.660254037844387076e-01,1.010000000000000009e+00,0.000000000000000000e+00,1.000000000000000000e+00,0.000000000000000000e+00,0.000000000000000000e+00,-8.660254037844387076e-01,0.000000000000000000e+00,-4.999999999999999445e-01,1.000000000000000021e-02,0.000000000000000000e+00,0.000000000000000000e+00,0.000000000000000000e+00,1.000000000000000000e+00
-4.999999999999999445e-01,0.000000000000000000e+00,8.660254037844387076e-01,1.010000000000000009e+00,0.000000000000000000e+00,1.000000000000000000e+00,0.000000000000000000e+00,0.000000000000000000e+00,-8.660254037844387076e-01,0.000000000000000000e+00,-4.999999999999999445e-01,1.000000000000000021e-02,0.000000000000000000e+00,0.000000000000000000e+00,0.000000000000000000e+00,1.000000000000000000e+00
-4.999999999999999445e-01,0.000000000000000000e+00,8.660254037844387076e-01,1.010000000000000009e+00,0.000000000000000000e+00,1.000000000000000000e+00,0.000000000000000000e+00,0.000000000000000000e+00,-8.660254037844387076e-01,0.000000000000000000e+00,-4.999999999999999445e-01,1.000000000000000021e-02,0.000000000000000000e+00,0.000000000000000000e+00,0.000000000000000000e+00,1.000000000000000000e+00
-4.999999999999999445e-01,0.000000000000000000e+00,8.660254037844387076e-01,1.010000000000000009e+00,0.000000000000000000e+00,1.000000000000000000e+00,0.000000000000000000e+00,0.000000000000000000e+00,-8.660254037844387076e-01,0.000000000000000000e+00,-4.999999999999999445e-01,1.000000000000000021e-02,0.000000000000000000e+00,0.000000000000000000e+00,0.000000000000000000e+00,1.000000000000000000e+00
-4.999999999999999445e-01,0.000000000000000000e+00,8.660254037844387076e-01,1.010000000000000009e+00,0.000000000000000000e+00,1.000000000000000000e+00,0.000000000000000000e+00,0.000000000000000000e+00,-8.660254037844387076e-01,0.000000000000000000e+00,-4.999999999999999445e-01,1.000000000000000021e-02,0.000000000000000000e+00,0.000000000000000000e+00,0.000000000000000000e+00,1.000000000000000000e+00
-4.999999999999999445e-01,0.000000000000000000e+00,8.660254037844387076e-01,1.010000000000000009e+00,0.000000000000000000e+00,1.000000000000000000e+00,0.000000000000000000e+00,0.000000000000000000e+00,-8.660254037844387076e-01,0.000000000000000000e+00,-4.999999999999999445e-01,1.000000000000000021e-02,0.000000000000000000e+00,0.000000000000000000e+00,0.000000000000000000e+00,1.000000000000000000e+00
-4.999999999999999445e-01,0.000000000000000000e+00,8.660254037844387076e-01,1.010000000000000009e+00,0.000000000000000000e+00,1.000000000000000000e+00,0.000000000000000000e+00,0.000000000000000000e+00,-8.660254037844387076e-01,0.000000000000000000e+00,-4.999999999999999445e-01,1.000000000000000021e-02,0.000000000000000000e+00,0.000000000000000000e+00,0.000000000000000000e+00,1.000000000000000000e+00
-4.999999999999999445e-01,0.000000000000000000e+00,8.660254037844387076e-01,1.010000000000000009e+00,0.000000000000000000e+00,1.000000000000000000e+00,0.000000000000000000e+00,0.000000000000000000e+00,-8.660254037844387076e-01,0.000000000000000000e+00,-4.999999999999999445e-01,1.000000000000000021e-02,0.000000000000000000e+00,0.000000000000000000e+00,0.000000000000000000e+00,1.000000000000000000e+00
-4.999999999999999445e-01,0.000000000000000000e+00,8.660254037844387076e-01,1.010000000000000009e+00,0.000000000000000000e+00,1.000000000000000000e+00,0.000000000000000000e+00,0.000000000000000000e+00,-8.660254037844387076e-01,0.000000000000000000e+00,-4.999999999999999445e-01,1.000000000000000021e-02,0.000000000000000000e+00,0.000000000000000000e+00,0.000000000000000000e+00,1.000000000000000000e+00
-4.999999999999999445e-01,0.000000000000000000e+00,8.660254037844387076e-01,1.010000000000000009e+00,0.000000000000000000e+00,1.000000000000000000e+00,0.000000000000000000e+00,0.000000000000000000e+00,-8.660254037844387076e-01,0.000000000000000000e+00,-4.999999999999999445e-01,1.000000000000000021e-02,0.000000000000000000e+00,0.000000000000000000e+00,0.000000000000000000e+00,1.000000000000000000e+00
-4.999999999999999445e-01,0.000000000000000000e+00,8.660254037844387076e-01,1.010000000000000009e+00,0.000000000000000000e+00,1.000000000000000000e+00,0.000000000000000000e+00,0.000000000000000000e+00,-8.660254037844387076e-01,0.000000000000000000e+00,-4.999999999999999445e-01,1.000000000000000021e-02,0.000000000000000000e+00,0.000000000000000000e+00,0.000000000000000000e+00,1.000000000000000000e+00
-4.999999999999999445e-01,0.000000000000000000e+00,8.660254037844387076e-01,1.010000000000000009e+00,0.000000000000000000e+00,1.000000000000000000e+00,0.000000000000000000e+00,0.000000000000000000e+00,-8.660254037844387076e-01,0.000000000000000000e+00,-4.999999999999999445e-01,1.000000000000000021e-02,0.000000000000000000e+00,0.000000000000000000e+00,0.000000000000000000e+00,1.000000000000000000e+00
-4.999999999999999445e-01,0.000000000000000000e+00,8.660254037844387076e-01,1.010000000000000009e+00,0.000000000000000000e+00,1.000000000000000000e+00,0.000000000000000000e+00,0.000000000000000000e+00,-8.660254037844387076e-01,0.000000000000000000e+00,-4.999999999999999445e-01,1.000000000000000021e-02,0.000000000000000000e+00,0.000000000000000000e+00,0.000000000000000000e+00,1.000000000000000000e+00
-4.999999999999999445e-01,0.000000000000000000e+00,8.660254037844387076e-01,1.010000000000000009e+00,0.000000000000000000e+00,1.000000000000000000e+00,0.000000000000000000e+00,0.000000000000000000e+00,-8.660254037844387076e-01,0.000000000000000000e+00,-4.999999999999999445e-01,1.000000000000000021e-02,0.000000000000000000e+00,0.000000000000000000e+00,0.000000000000000000e+00,1.000000000000000000e+00
-4.999999999999999445e-01,0.000000000000000000e+00,8.660254037844387076e-01,1.010000000000000009e+00,0.000000000000000000e+00,1.000000000000000000e+00,0.000000000000000000e+00,0.000000000000000000e+00,-8.660254037844387076e-01,0.000000000000000000e+00,-4.999999999999999445e-01,1.000000000000000021e-02,0.000000000000000000e+00,0.000000000000000000e+00,0.000000000000000000e+00,1.000000000000000000e+00
-4.999999999999999445e-01,0.000000000000000000e+00,8.660254037844387076e-01,1.010000000000000009e+00,0.000000000000000000e+00,1.000000000000000000e+00,0.000000000000000000e+00,0.000000000000000000e+00,-8.660254037844387076e-01,0.000000000000000000e+00,-4.999999999999999445e-01,1.000000000000000021e-02,0.000000000000000000e+00,0.000000000000000000e+00,0.000000000000000000e+00,1.000000000000000000e+00
-4.999999999999999445e-01,0.000000000000000000e+00,8.660254037844387076e-01,1.010000000000000009e+00,0.000000000000000000e+00,1.000000000000000000e+00,0.000000000000000000e+00,0.000000000000000000e+00,-8.660254037844387076e-01,0.000000000000000000e+00,-4.999999999999999445e-01,1.000000000000000021e-02,0.000000000000000000e+00,0.000000000000000000e+00,0.000000000000000000e+00,1.000000000000000000e+00
-4.999999999999999445e-01,0.000000000000000000e+00,8.660254037844387076e-01,1.010000000000000009e+00,0.000000000000000000e+00,1.000000000000000000e+00,0.000000000000000000e+00,0.000000000000000000e+00,-8.660254037844387076e-01,0.000000000000000000e+00,-4.999999999999999445e-01,1.000000000000000021e-02,0.000000000000000000e+00,0.000000000000000000e+00,0.000000000000000000e+00,1.000000000000000000e+00
-4.999999999999999445e-01,0.000000000000000000e+00,8.660254037844387076e-01,1.010000000000000009e+00,0.000000000000000000e+00,1.000000000000000000e+00,0.000000000000000000e+00,0.000000000000000000e+00,-8.660254037844387076e-01,0.000000000000000000e+00,-4.999999999999999445e-01,1.000000000000000021e-02,0.000000000000000000e+00,0.000000000000000000e+00,0.000000000000000000e+00,1.000000000000000000e+00
-4.999999999999999445e-01,0.000000000000000000e+00,8.660254037844387076e-01,1.010000000000000009e+00,0.000000000000000000e+00,1.000000000000000000e+00,0.000000000000000000e+00,0.000000000000000000e+00,-8.660254037844387076e-01,0.000000000000000000e+00,-4.999999999999999445e-01,1.000000000000000021e-02,0.000000000000000000e+00,0.000000000000000000e+00,0.000000000000000000e+00,1.000000000000000000e+00
-4.999999999999999445e-01,0.000000000000000000e+00,8.660254037844387076e-01,1.010000000000000009e+00,0.000000000000000000e+00,1.000000000000000000e+00,0.000000000000000000e+00,0.000000000000000000e+00,-8.660254037844387076e-01,0.000000000000000000e+00,-4.999999999999999445e-01,1.000000000000000021e-02,0.000000000000000000e+00,0.000000000000000000e+00,0.000000000000000000e+00,1.000000000000000000e+00
-4.999999999999999445e-01,0.000000000000000000e+00,8.660254037844387076e-01,1.010000000000000009e+00,0.000000000000000000e+00,1.000000000000000000e+00,0.000000000000000000e+00,0.000000000000000000e+00,-8.660254037844387076e-01,0.000000000000000000e+00,-4.999999999999999445e-01,1.000000000000000021e-02,0.000000000000000000e+00,0.000000000000000000e+00,0.000000000000000000e+00,1.000000000000000000e+00
-4.999999999999999445e-01,0.000000000000000000e+00,8.660254037844387076e-01,1.010000000000000009e+00,0.000000000000000000e+00,1.000000000000000000e+00,0.000000000000000000e+00,0.000000000000000000e+00,-8.660254037844387076e-01,0.000000000000000000e+00,-4.999999999999999445e-01,1.000000000000000021e-02,0.000000000000000000e+00,0.000000000000000000e+00,0.000000000000000000e+00,1.000000000000000000e+00
-4.999999999999999445e-01,0.000000000000000000e+00,8.660254037844387076e-01,1.010000000000000009e+00,0.000000000000000000e+00,1.000000000000000000e+00,0.000000000000000000e+00,0.000000000000000000e+00,-8.660254037844387076e-01,0.000000000000000000e+00,-4.999999999999999445e-01,1.000000000000000021e-02,0.000000000000000000e+00,0.000000000000000000e+00,0.000000000000000000e+00,1.000000000000000000e+00
-4.999999999999999445e-01,0.000000000000000000e+00,8.660254037844387076e-01,1.010000000000000009e+00,0.000000000000000000e+00,1.000000000000000000e+00,0.000000000000000000e+00,0.000000000000000000e+00,-8.660254037844387076e-01,0.000000000000000000e+00,-4.999999999999999445e-01,1.000000000000000021e-02,0.000000000000000000e+00,0.000000000000000000e+00,0.000000000000000000e+00,1.000000000000000000e+00
-4.999999999999999445e-01,0.000000000000000000e+00,8.660254037844387076e-01,1.010000000000000009e+00,0.000000000000000000e+00,1.000000000000000000e+00,0.000000000000000000e+00,0.000000000000000000e+00,-8.660254037844387076e-01,0.000000000000000000e+00,-4.999999999999999445e-01,1.000000000000000021e-02,0.000000000000000000e+00,0.000000000000000000e+00,0.000000000000000000e+00,1.000000000000000000e+00
-4.999999999999999445e-01,0.000000000000000000e+00,8.660254037844387076e-01,1.010000000000000009e+00,0.000000000000000000e+00,1.000000000000000000e+00,0.000000000000000000e+00,0.000000000000000000e+00,-8.660254037844387076e-01,0.000000000000000000e+00,-4.999999999999999445e-01,1.000000000000000021e-02,0.000000000000000000e+00,0.000000000000000000e+00,0.000000000000000000e+00,1.000000000000000000e+00
-4.999999999999999445e-01,0.000000000000000000e+00,8.660254037844387076e-01,1.010000000000000009e+00,0.000000000000000000e+00,1.000000000000000000e+00,0.000000000000000000e+00,0.000000000000000000e+00,-8.660254037844387076e-01,0.000000000000000000e+00,-4.999999999999999445e-01,1.000000000000000021e-02,0.000000000000000000e+00,0.000000000000000000e+00,0.000000000000000000e+00,1.000000000000000000e+00
-4.999999999999999445e-01,0.000000000000000000e+00,8.660254037844387076e-01,1.010000000000000009e+00,0.000000000000000000e+00,1.000000000000000000e+00,0.000000000000000000e+00,0.000000000000000000e+00,-8.660254037844387076e-01,0.000000000000000000e+00,-4.999999999999999445e-01,1.000000000000000021e-02,0.000000000000000000e+00,0.000000000000000000e+00,0.000000000000000000e+00,1.000000000000000000e+00
-4.999999999999999445e-01,0.000000000000000000e+00,8.660254037844387076e-01,1.010000000000000009e+00,0.000000000000000000e+00,1.000000000000000000e+00,0.000000000000000000e+00,0.000000000000000000e+00,-8.660254037844387076e-01,0.000000000000000000e+00,-4.999999999999999445e-01,1.000000000000000021e-02,0.000000000000000000e+00,0.000000000000000000e+00,0.000000000000000000e+00,1.000000000000000000e+00
-4.999999999999999445e-01,0.000000000000000000e+00,8.660254037844387076e-01,1.010000000000000009e+00,0.000000000000000000e+00,1.000000000000000000e+00,0.000000000000000000e+00,0.000000000000000000e+00,-8.660254037844387076e-01,0.000000000000000000e+00,-4.999999999999999445e-01,1.000000000000000021e-02,0.000000000000000000e+00,0.000000000000000000e+00,0.000000000000000000e+00,1.000000000000000000e+00
-4.999999999999999445e-01,0.000000000000000000e+00,8.660254037844387076e-01,1.010000000000000009e+00,0.000000000000000000e+00,1.000000000000000000e+00,0.000000000000000000e+00,0.000000000000000000e+00,-8.660254037844387076e-01,0.000000000000000000e+00,-4.999999999999999445e-01,1.000000000000000021e-02,0.000000000000000000e+00,0.000000000000000000e+00,0.000000000000000000e+00,1.000000000000000000e+00
-4.999999999999999445e-01,0.000000000000000000e+00,8.660254037844387076e-01,1.010000000000000009e+00,0.000000000000000000e+00,1.000000000000000000e+00,0.000000000000000000e+00,0.000000000000000000e+00,-8.660254037844387076e-01,0.000000000000000000e+00,-4.999999999999999445e-01,1.000000000000000021e-02,0.000000000000000000e+00,0.000000000000000000e+00,0.000000000000000000e+00,1.000000000000000000e+00
-4.999999999999999445e-01,0.000000000000000000e+00,8.660254037844387076e-01,1.010000000000000009e+00,0.000000000000000000e+00,1.000000000000000000e+00,0.000000000000000000e+00,0.000000000000000000e+00,-8.660254037844387076e-01,0.000000000000000000e+00,-4.999999999999999445e-01,1.000000000000000021e-02,0.000000000000000000e+00,0.000000000000000000e+00,0.000000000000000000e+00,1.000000000000000000e+00
-4.999999999999999445e-01,0.000000000000000000e+00,8.660254037844387076e-01,1.010000000000000009e+00,0.000000000000000000e+00,1.000000000000000000e+00,0.000000000000000000e+00,0.000000000000000000e+00,-8.660254037844387076e-01,0.000000000000000000e+00,-4.999999999999999445e-01,1.000000000000000021e-02,0.000000000000000000e+00,0.000000000000000000e+00,0.000000000000000000e+00,1.000000000000000000e+00
-4.999999999999999445e-01,0.000000000000000000e+00,8.660254037844387076e-01,1.010000000000000009e+00,0.000000000000000000e+00,1.000000000000000000e+00,0.000000000000000000e+00,0.000000000000000000e+00,-8.660254037844387076e-01,0.000000000000000000e+00,-4.999999999999999445e-01,1.000000000000000021e-02,0.000000000000000000e+00,0.000000000000000000e+00,0.000000000000000000e+00,1.000000000000000000e+00
-4.999999999999999445e-01,0.000000000000000000e+00,8.660254037844387076e-01,1.010000000000000009e+00,0.000000000000000000e+00,1.000000000000000000e+00,0.000000000000000000e+00,0.000000000000000000e+00,-8.660254037844387076e-01,0.000000000000000000e+00,-4.999999999999999445e-01,1.000000000000000021e-02,0.000000000000000000e+00,0.000000000000000000e+00,0.000000000000000000e+00,1.000000000000000000e+00
-4.999999999999999445e-01,0.000000000000000000e+00,8.660254037844387076e-01,1.010000000000000009e+00,0.000000000000000000e+00,1.000000000000000000e+00,0.000000000000000000e+00,0.000000000000000000e+00,-8.660254037844387076e-01,0.000000000000000000e+00,-4.999999999999999445e-01,1.000000000000000021e-02,0.000000000000000000e+00,0.000000000000000000e+00,0.000000000000000000e+00,1.000000000000000000e+00
-4.999999999999999445e-01,0.000000000000000000e+00,8.660254037844387076e-01,1.010000000000000009e+00,0.000000000000000000e+00,1.000000000000000000e+00,0.000000000000000000e+00,0.000000000000000000e+00,-8.660254037844387076e-01,0.000000000000000000e+00,-4.999999999999999445e-01,1.000000000000000021e-02,0.000000000000000000e+00,0.000000000000000000e+00,0.000000000000000000e+00,1.000000000000000000e+00
-4.999999999999999445e-01,0.000000000000000000e+00,8.660254037844387076e-01,1.010000000000000009e+00,0.000000000000000000e+00,1.000000000000000000e+00,0.000000000000000000e+00,0.000000000000000000e+00,-8.660254037844387076e-01,0.000000000000000000e+00,-4.999999999999999445e-01,1.000000000000000021e-02,0.000000000000000000e+00,0.000000000000000000e+00,0.000000000000000000e+00,1.000000000000000000e+00
-4.999999999999999445e-01,0.000000000000000000e+00,8.660254037844387076e-01,1.010000000000000009e+00,0.000000000000000000e+00,1.000000000000000000e+00,0.000000000000000000e+00,0.000000000000000000e+00,-8.660254037844387076e-01,0.000000000000000000e+00,-4.999999999999999445e-01,1.000000000000000021e-02,0.000000000000000000e+00,0.000000000000000000e+00,0.000000000000000000e+00,1.000000000000000000e+00
-4.999999999999999445e-01,0.000000000000000000e+00,8.660254037844387076e-01,1.010000000000000009e+00,0.000000000000000000e+00,1.000000000000000000e+00,0.000000000000000000e+00,0.000000000000000000e+00,-8.660254037844387076e-01,0.000000000000000000e+00,-4.999999999999999445e-01,1.000000000000000021e-02,0.000000000000000000e+00,0.000000000000000000e+00,0.000000000000000000e+00,1.000000000000000000e+00
-4.999999999999999445e-01,0.000000000000000000e+00,8.660254037844387076e-01,1.010000000000000009e+00,0.000000000000000000e+00,1.000000000000000000e+00,0.000000000000000000e+00,0.000000000000000000e+00,-8.660254037844387076e-01,0.000000000000000000e+00,-4.999999999999999445e-01,1.000000000000000021e-02,0.000000000000000000e+00,0.000000000000000000e+00,0.000000000000000000e+00,1.000000000000000000e+00
-4.999999999999999445e-01,0.000000000000000000e+00,8.660254037844387076e-01,1.010000000000000009e+00,0.000000000000000000e+00,1.000000000000000000e+00,0.000000000000000000e+00,0.000000000000000000e+00,-8.660254037844387076e-01,0.000000000000000000e+00,-4.999999999999999445e-01,1.000000000000000021e-02,0.000000000000000000e+00,0.000000000000000000e+00,0.000000000000000000e+00,1.000000000000000000e+00
-4.999999999999999445e-01,0.000000000000000000e+00,8.660254037844387076e-01,1.010000000000000009e+00,0.000000000000000000e+00,1.000000000000000000e+00,0.000000000000000000e+00,0.000000000000000000e+00,-8.660254037844387076e-01,0.000000000000000000e+00,-4.999999999999999445e-01,1.000000000000000021e-02,0.000000000000000000e+00,0.000000000000000000e+00,0.000000000000000000e+00,1.000000000000000000e+00
-4.999999999999999445e-01,0.000000000000000000e+00,8.660254037844387076e-01,1.010000000000000009e+00,0.000000000000000000e+00,1.000000000000000000e+00,0.000000000000000000e+00,0.000000000000000000e+00,-8.660254037844387076e-01,0.000000000000000000e+00,-4.999999999999999445e-01,1.000000000000000021e-02,0.000000000000000000e+00,0.000000000000000000e+00,0.000000000000000000e+00,1.000000000000000000e+00
-4.999999999999999445e-01,0.000000000000000000e+00,8.660254037844387076e-01,1.010000000000000009e+00,0.000000000000000000e+00,1.000000000000000000e+00,0.000000000000000000e+00,0.000000000000000000e+00,-8.660254037844387076e-01,0.000000000000000000e+00,-4.999999999999999445e-01,1.000000000000000021e-02,0.000000000000000000e+00,0.000000000000000000e+00,0.000000000000000000e+00,1.000000000000000000e+00
-4.999999999999999445e-01,0.000000000000000000e+00,8.660254037844387076e-01,1.010000000000000009e+00,0.000000000000000000e+00,1.000000000000000000e+00,0.000000000000000000e+00,0.000000000000000000e+00,-8.660254037844387076e-01,0.000000000000000000e+00,-4.999999999999999445e-01,1.000000000000000021e-02,0.000000000000000000e+00,0.000000000000000000e+00,0.000000000000000000e+00,1.000000000000000000e+00
-4.999999999999999445e-01,0.000000000000000000e+00,8.660254037844387076e-01,1.009999898494206017e+00,0.000000000000000000e+00,1.000000000000000000e+00,0.000000000000000000e+00,0.000000000000000000e+00,-8.660254037844387076e-01,0.000000000000000000e+00,-4.999999999999999445e-01,1.000192861008397834e-02,0.000000000000000000e+00,0.000000000000000000e+00,0.000000000000000000e+00,1.000000000000000000e+00
-4.999999999999999445e-01,0.000000000000000000e+00,8.660254037844387076e-01,1.009999200294471988e+00,0.000000000000000000e+00,1.000000000000000000e+00,0.000000000000000000e+00,0.000000000000000000e+00,-8.660254037844387076e-01,0.000000000000000000e+00,-4.999999999999999445e-01,1.001519440503243971e-02,0.000000000000000000e+00,0.000000000000000000e+00,0.000000000000000000e+00,1.000000000000000000e+00
-4.999999999999999445e-01,0.000000000000000000e+00,8.660254037844387076e-01,1.009997342303423418e+00,0.000000000000000000e+00,1.000000000000000000e+00,0.000000000000000000e+00,0.000000000000000000e+00,-8.660254037844387076e-01,0.000000000000000000e+00,-4.999999999999999445e-01,1.005049623495540313e-02,0.000000000000000000e+00,0.000000000000000000e+00,0.000000000000000000e+00,1.000000000000000000e+00
-4.999999999999999445e-01,0.000000000000000000e+00,8.660254037844387076e-01,1.009993797386207648e+00,0.000000000000000000e+00,1.000000000000000000e+00,0.000000000000000000e+00,0.000000000000000000e+00,-8.660254037844387076e-01,0.000000000000000000e+00,-4.999999999999999445e-01,1.011784966205670107e-02,0.000000000000000000e+00,0.000000000000000000e+00,0.000000000000000000e+00,1.000000000000000000e+00
-4.999999999999999445e-01,0.000000000000000000e+00,8.660254037844387076e-01,1.009988073613387272e+00,0.000000000000000000e+00,1.000000000000000000e+00,0.000000000000000000e+00,0.000000000000000000e+00,-8.660254037844387076e-01,0.000000000000000000e+00,-4.999999999999999445e-01,1.022660134564253379e-02,0.000000000000000000e+00,0.000000000000000000e+00,0.000000000000000000e+00,1.000000000000000000e+00
-4.999999999999999445e-01,0.000000000000000000e+00,8.660254037844387076e-01,1.009979713503835308e+00,0.000000000000000000e+00,1.000000000000000000e+00,0.000000000000000000e+00,0.000000000000000000e+00,-8.660254037844387076e-01,0.000000000000000000e+00,-4.999999999999999445e-01,1.038544342713001480e-02,0.000000000000000000e+00,0.000000000000000000e+00,0.000000000000000000e+00,1.000000000000000000e+00
-4.999999999999999445e-01,0.000000000000000000e+00,8.660254037844387076e-01,1.009968293267628603e+00,0.000000000000000000e+00,1.000000000000000000e+00,0.000000000000000000e+00,0.000000000000000000e+00,-8.660254037844387076e-01,0.000000000000000000e+00,-4.999999999999999445e-01,1.060242791505572844e-02,0.000000000000000000e+00,0.000000000000000000e+00,0.000000000000000000e+00,1.000000000000000000e+00
-4.999999999999999445e-01,0.000000000000000000e+00,8.660254037844387076e-01,1.009953422048943006e+00,0.000000000000000000e+00,1.000000000000000000e+00,0.000000000000000000e+00,0.000000000000000000e+00,-8.660254037844387076e-01,0.000000000000000000e+00,-4.999999999999999445e-01,1.088498107008427536e-02,0.000000000000000000e+00,0.000000000000000000e+00,0.000000000000000000e+00,1.000000000000000000e+00
-4.999999999999999445e-01,0.000000000000000000e+00,8.660254037844387076e-01,1.009934741168946548e+00,0.000000000000000000e+00,1.000000000000000000e+00,0.000000000000000000e+00,0.000000000000000000e+00,-8.660254037844387076e-01,0.000000000000000000e+00,-4.999999999999999445e-01,1.123991779001682831e-02,0.000000000000000000e+00,0.000000000000000000e+00,0.000000000000000000e+00,1.000000000000000000e+00
-4.999999999999999445e-01,0.000000000000000000e+00,8.660254037844387076e-01,1.009911923368694842e+00,0.000000000000000000e+00,1.000000000000000000e+00,0.000000000000000000e+00,0.000000000000000000e+00,-8.660254037844387076e-01,0.000000000000000000e+00,-4.999999999999999445e-01,1.167345599479967938e-02,0.000000000000000000e+00,0.000000000000000000e+00,0.000000000000000000e+00,1.000000000000000000e+00
-4.999999999999999445e-01,0.000000000000000000e+00,8.660254037844387076e-01,1.009884672052024701e+00,0.000000000000000000e+00,1.000000000000000000e+00,0.000000000000000000e+00,0.000000000000000000e+00,-8.660254037844387076e-01,0.000000000000000000e+00,-4.999999999999999445e-01,1.219123101153279584e-02,0.000000000000000000e+00,0.000000000000000000e+00,0.000000000000000000e+00,1.000000000000000000e+00
-4.999999999999999445e-01,0.000000000000000000e+00,8.660254037844387076e-01,1.009852720528448433e+00,0.000000000000000000e+00,1.000000000000000000e+00,0.000000000000000000e+00,0.000000000000000000e+00,-8.660254037844387076e-01,0.000000000000000000e+00,-4.999999999999999445e-01,1.279830995947836905e-02,0.000000000000000000e+00,0.000000000000000000e+00,0.000000000000000000e+00,1.000000000000000000e+00
-4.999999999999999445e-01,0.000000000000000000e+00,8.660254037844387076e-01,1.009815831256049012e+00,0.000000000000000000e+00,1.000000000000000000e+00,0.000000000000000000e+00,0.000000000000000000e+00,-8.660254037844387076e-01,0.000000000000000000e+00,-4.999999999999999445e-01,1.349920613506936512e-02,0.000000000000000000e+00,0.000000000000000000e+00,0.000000000000000000e+00,1.000000000000000000e+00
-4.999999999999999445e-01,0.000000000000000000e+00,8.660254037844387076e-01,1.009773795084372816e+00,0.000000000000000000e+00,1.000000000000000000e+00,0.000000000000000000e+00,0.000000000000000000e+00,-8.660254037844387076e-01,0.000000000000000000e+00,-4.999999999999999445e-01,1.429789339691807729e-02,0.000000000000000000e+00,0.000000000000000000e+00,0.000000000000000000e+00,1.000000000000000000e+00
-4.999999999999999445e-01,0.000000000000000000e+00,8.660254037844387076e-01,1.009726430497325023e+00,0.000000000000000000e+00,1.000000000000000000e+00,0.000000000000000000e+00,0.000000000000000000e+00,-8.660254037844387076e-01,0.000000000000000000e+00,-4.999999999999999445e-01,1.519782055082467311e-02,0.000000000000000000e+00,0.000000000000000000e+00,0.000000000000000000e+00,1.000000000000000000e+00
-4.999999999999999445e-01,0.000000000000000000e+00,8.660254037844387076e-01,1.009673582856063900e+00,0.000000000000000000e+00,1.000000000000000000e+00,0.000000000000000000e+00,0.000000000000000000e+00,-8.660254037844387076e-01,0.000000000000000000e+00,-4.999999999999999445e-01,1.620192573478575898e-02,0.000000000000000000e+00,0.000000000000000000e+00,0.000000000000000000e+00,1.000000000000000000e+00
-4.999999999999999445e-01,0.000000000000000000e+00,8.660254037844387076e-01,1.009615123641894652e+00,0.000000000000000000e+00,1.000000000000000000e+00,0.000000000000000000e+00,0.000000000000000000e+00,-8.660254037844387076e-01,0.000000000000000000e+00,-4.999999999999999445e-01,1.731265080400291173e-02,0.000000000000000000e+00,0.000000000000000000e+00,0.000000000000000000e+00,1.000000000000000000e+00
-4.999999999999999445e-01,0.000000000000000000e+00,8.660254037844387076e-01,1.009550949699163702e+00,0.000000000000000000e+00,1.000000000000000000e+00,0.000000000000000000e+00,0.000000000000000000e+00,-8.660254037844387076e-01,0.000000000000000000e+00,-4.999999999999999445e-01,1.853195571589124138e-02,0.000000000000000000e+00,0.000000000000000000e+00,0.000000000000000000e+00,1.000000000000000000e+00
-4.999999999999999445e-01,0.000000000000000000e+00,8.660254037844387076e-01,1.009480982478153210e+00,0.000000000000000000e+00,1.000000000000000000e+00,0.000000000000000000e+00,0.000000000000000000e+00,-8.660254037844387076e-01,0.000000000000000000e+00,-4.999999999999999445e-01,1.986133291508795223e-02,0.000000000000000000e+00,0.000000000000000000e+00,0.000000000000000000e+00,1.000000000000000000e+00
-4.999999999999999445e-01,0.000000000000000000e+00,8.660254037844387076e-01,1.009405167277975801e+00,0.000000000000000000e+00,1.000000000000000000e+00,0.000000000000000000e+00,0.000000000000000000e+00,-8.660254037844387076e-01,0.000000000000000000e+00,-4.999999999999999445e-01,2.130182171846086922e-02,0.000000000000000000e+00,0.000000000000000000e+00,0.000000000000000000e+00,1.000000000000000000e+00
-4.999999999999999445e-01,0.000000000000000000e+00,8.660254037844387076e-01,1.009323472489467521e+00,0.000000000000000000e+00,1.000000000000000000e+00,0.000000000000000000e+00,0.000000000000000000e+00,-8.660254037844387076e-01,0.000000000000000000e+00,-4.999999999999999445e-01,2.285402270011700071e-02,0.000000000000000000e+00,0.000000000000000000e+00,0.000000000000000000e+00,1.000000000000000000e+00
-4.999999999999999445e-01,0.000000000000000000e+00,8.660254037844387076e-01,1.009235888838083683e+00,0.000000000000000000e+00,1.000000000000000000e+00,0.000000000000000000e+00,0.000000000000000000e+00,-8.660254037844387076e-01,0.000000000000000000e+00,-4.999999999999999445e-01,2.451811207641111864e-02,0.000000000000000000e+00,0.000000000000000000e+00,0.000000000000000000e+00,1.000000000000000000e+00
-4.999999999999999445e-01,0.000000000000000000e+00,8.660254037844387076e-01,1.009142428626791821e+00,0.000000000000000000e+00,1.000000000000000000e+00,0.000000000000000000e+00,0.000000000000000000e+00,-8.660254037844387076e-01,0.000000000000000000e+00,-4.999999999999999445e-01,2.629385609095425541e-02,0.000000000000000000e+00,0.000000000000000000e+00,0.000000000000000000e+00,1.000000000000000000e+00
-4.999999999999999445e-01,0.000000000000000000e+00,8.660254037844387076e-01,1.009043124978967310e+00,0.000000000000000000e+00,1.000000000000000000e+00,0.000000000000000000e+00,0.000000000000000000e+00,-8.660254037844387076e-01,0.000000000000000000e+00,-4.999999999999999445e-01,2.818062539962228746e-02,0.000000000000000000e+00,0.000000000000000000e+00,0.000000000000000000e+00,1.000000000000000000e+00
-4.999999999999999445e-01,0.000000000000000000e+00,8.660254037844387076e-01,1.008938031081286102e+00,0.000000000000000000e+00,1.000000000000000000e+00,0.000000000000000000e+00,0.000000000000000000e+00,-8.660254037844387076e-01,0.000000000000000000e+00,-4.999999999999999445e-01,3.017740945556449117e-02,0.000000000000000000e+00,0.000000000000000000e+00,0.000000000000000000e+00,1.000000000000000000e+00
-4.999999999999999445e-01,0.000000000000000000e+00,8.660254037844387076e-01,1.008827219426620347e+00,0.000000000000000000e+00,1.000000000000000000e+00,0.000000000000000000e+00,0.000000000000000000e+00,-8.660254037844387076e-01,0.000000000000000000e+00,-4.999999999999999445e-01,3.228283089421207785e-02,0.000000000000000000e+00,0.000000000000000000e+00,0.000000000000000000e+00,1.000000000000000000e+00
-4.999999999999999445e-01,0.000000000000000000e+00,8.660254037844387076e-01,1.008710781056932237e+00,0.000000000000000000e+00,1.000000000000000000e+00,0.000000000000000000e+00,0.000000000000000000e+00,-8.660254037844387076e-01,0.000000000000000000e+00,-4.999999999999999445e-01,3.449515991828676353e-02,0.000000000000000000e+00,0.000000000000000000e+00,0.000000000000000000e+00,1.000000000000000000e+00
-4.999999999999999445e-01,0.000000000000000000e+00,8.660254037844387076e-01,1.008588824806167850e+00,0.000000000000000000e+00,1.000000000000000000e+00,0.000000000000000000e+00,0.000000000000000000e+00,-8.660254037844387076e-01,0.000000000000000000e+00,-4.999999999999999445e-01,3.681232868280929355e-02,0.000000000000000000e+00,0.000000000000000000e+00,0.000000000000000000e+00,1.000000000000000000e+00
-4.999999999999999445e-01,0.000000000000000000e+00,8.660254037844387076e-01,1.008461476543152324e+00,0.000000000000000000e+00,1.000000000000000000e+00,0.000000000000000000e+00,0.000000000000000000e+00,-8.660254037844387076e-01,0.000000000000000000e+00,-4.999999999999999445e-01,3.923194568010800187e-02,0.000000000000000000e+00,0.000000000000000000e+00,0.000000000000000000e+00,1.000000000000000000e+00
-4.999999999999999445e-01,0.000000000000000000e+00,8.660254037844387076e-01,1.008328878414482821e+00,0.000000000000000000e+00,1.000000000000000000e+00,0.000000000000000000e+00,0.000000000000000000e+00,-8.660254037844387076e-01,0.000000000000000000e+00,-4.999999999999999445e-01,4.175131012482741905e-02,0.000000000000000000e+00,0.000000000000000000e+00,0.000000000000000000e+00,1.000000000000000000e+00
-4.999999999999999445e-01,0.000000000000000000e+00,8.660254037844387076e-01,1.008191188087424361e+00,0.000000000000000000e+00,1.000000000000000000e+00,0.000000000000000000e+00,0.000000000000000000e+00,-8.660254037844387076e-01,0.000000000000000000e+00,-4.999999999999999445e-01,4.436742633893672738e-02,0.000000000000000000e+00,0.000000000000000000e+00,0.000000000000000000e+00,1.000000000000000000e+00
-4.999999999999999445e-01,0.000000000000000000e+00,8.660254037844387076e-01,1.008048577992803230e+00,0.000000000000000000e+00,1.000000000000000000e+00,0.000000000000000000e+00,0.000000000000000000e+00,-8.660254037844387076e-01,0.000000000000000000e+00,-4.999999999999999445e-01,4.707701813673834806e-02,0.000000000000000000e+00,0.000000000000000000e+00,0.000000000000000000e+00,1.000000000000000000e+00
-4.999999999999999445e-01,0.000000000000000000e+00,8.660254037844387076e-01,1.007901234567901261e+00,0.000000000000000000e+00,1.000000000000000000e+00,0.000000000000000000e+00,0.000000000000000000e+00,-8.660254037844387076e-01,0.000000000000000000e+00,-4.999999999999999445e-01,4.987654320987654211e-02,0.000000000000000000e+00,0.000000000000000000e+00,0.000000000000000000e+00,1.000000000000000000e+00
-4.999999999999999445e-01,0.000000000000000000e+00,8.660254037844387076e-01,1.007749357499350129e+00,0.000000000000000000e+00,1.000000000000000000e+00,0.000000000000000000e+00,0.000000000000000000e+00,-8.660254037844387076e-01,0.000000000000000000e+00,-4.999999999999999445e-01,5.276220751234593498e-02,0.000000000000000000e+00,0.000000000000000000e+00,0.000000000000000000e+00,1.000000000000000000e+00
-4.999999999999999445e-01,0.000000000000000000e+00,8.660254037844387076e-01,1.007593158966026303e+00,0.000000000000000000e+00,1.000000000000000000e+00,0.000000000000000000e+00,0.000000000000000000e+00,-8.660254037844387076e-01,0.000000000000000000e+00,-4.999999999999999445e-01,5.572997964549998573e-02,0.000000000000000000e+00,0.000000000000000000e+00,0.000000000000000000e+00,1.000000000000000000e+00
-4.999999999999999445e-01,0.000000000000000000e+00,8.660254037844387076e-01,1.007432862881944224e+00,0.000000000000000000e+00,1.000000000000000000e+00,0.000000000000000000e+00,0.000000000000000000e+00,-8.660254037844387076e-01,0.000000000000000000e+00,-4.999999999999999445e-01,5.877560524305967121e-02,0.000000000000000000e+00,0.000000000000000000e+00,0.000000000000000000e+00,1.000000000000000000e+00
-4.999999999999999445e-01,0.000000000000000000e+00,8.660254037844387076e-01,1.007268704139151483e+00,0.000000000000000000e+00,1.000000000000000000e+00,0.000000000000000000e+00,0.000000000000000000e+00,-8.660254037844387076e-01,0.000000000000000000e+00,-4.999999999999999445e-01,6.189462135612194132e-02,0.000000000000000000e+00,0.000000000000000000e+00,0.000000000000000000e+00,1.000000000000000000e+00
-4.999999999999999445e-01,0.000000000000000000e+00,8.660254037844387076e-01,1.007100927850622663e+00,0.000000000000000000e+00,1.000000000000000000e+00,0.000000000000000000e+00,0.000000000000000000e+00,-8.660254037844387076e-01,0.000000000000000000e+00,-4.999999999999999445e-01,6.508237083816834079e-02,0.000000000000000000e+00,0.000000000000000000e+00,0.000000000000000000e+00,1.000000000000000000e+00
-4.999999999999999445e-01,0.000000000000000000e+00,8.660254037844387076e-01,1.006929788593154074e+00,0.000000000000000000e+00,1.000000000000000000e+00,0.000000000000000000e+00,0.000000000000000000e+00,-8.660254037844387076e-01,0.000000000000000000e+00,-4.999999999999999445e-01,6.833401673007348520e-02,0.000000000000000000e+00,0.000000000000000000e+00,0.000000000000000000e+00,1.000000000000000000e+00
-4.999999999999999445e-01,0.000000000000000000e+00,8.660254037844387076e-01,1.006755549650257153e+00,0.000000000000000000e+00,1.000000000000000000e+00,0.000000000000000000e+00,0.000000000000000000e+00,-8.660254037844387076e-01,0.000000000000000000e+00,-4.999999999999999445e-01,7.164455664511366895e-02,0.000000000000000000e+00,0.000000000000000000e+00,0.000000000000000000e+00,1.000000000000000000e+00
-4.999999999999999445e-01,0.000000000000000000e+00,8.660254037844387076e-01,1.006578482255053864e+00,0.000000000000000000e+00,1.000000000000000000e+00,0.000000000000000000e+00,0.000000000000000000e+00,-8.660254037844387076e-01,0.000000000000000000e+00,-4.999999999999999445e-01,7.500883715397536899e-02,0.000000000000000000e+00,0.000000000000000000e+00,0.000000000000000000e+00,1.000000000000000000e+00
-4.999999999999999445e-01,0.000000000000000000e+00,8.660254037844387076e-01,1.006398864833170315e+00,0.000000000000000000e+00,1.000000000000000000e+00,0.000000000000000000e+00,0.000000000000000000e+00,-8.660254037844387076e-01,0.000000000000000000e+00,-4.999999999999999445e-01,7.842156816976386668e-02,0.000000000000000000e+00,0.000000000000000000e+00,0.000000000000000000e+00,1.000000000000000000e+00
-4.999999999999999445e-01,0.000000000000000000e+00,8.660254037844387076e-01,1.006216982245631053e+00,0.000000000000000000e+00,1.000000000000000000e+00,0.000000000000000000e+00,0.000000000000000000e+00,-8.660254037844387076e-01,0.000000000000000000e+00,-4.999999999999999445e-01,8.187733733301177930e-02,0.000000000000000000e+00,0.000000000000000000e+00,0.000000000000000000e+00,1.000000000000000000e+00
-4.999999999999999445e-01,0.000000000000000000e+00,8.660254037844387076e-01,1.006033125031753350e+00,0.000000000000000000e+00,1.000000000000000000e+00,0.000000000000000000e+00,0.000000000000000000e+00,-8.660254037844387076e-01,0.000000000000000000e+00,-4.999999999999999445e-01,8.537062439668750835e-02,0.000000000000000000e+00,0.000000000000000000e+00,0.000000000000000000e+00,1.000000000000000000e+00
-4.999999999999999445e-01,0.000000000000000000e+00,8.660254037844387076e-01,1.005847588652041935e+00,0.000000000000000000e+00,1.000000000000000000e+00,0.000000000000000000e+00,0.000000000000000000e+00,-8.660254037844387076e-01,0.000000000000000000e+00,-4.999999999999999445e-01,8.889581561120390996e-02,0.000000000000000000e+00,0.000000000000000000e+00,0.000000000000000000e+00,1.000000000000000000e+00
-4.999999999999999445e-01,0.000000000000000000e+00,8.660254037844387076e-01,1.005660672731082839e+00,0.000000000000000000e+00,1.000000000000000000e+00,0.000000000000000000e+00,0.000000000000000000e+00,-8.660254037844387076e-01,0.000000000000000000e+00,-4.999999999999999445e-01,9.244721810942684026e-02,0.000000000000000000e+00,0.000000000000000000e+00,0.000000000000000000e+00,1.000000000000000000e+00
-4.999999999999999445e-01,0.000000000000000000e+00,8.660254037844387076e-01,1.005472680300437682e+00,0.000000000000000000e+00,1.000000000000000000e+00,0.000000000000000000e+00,0.000000000000000000e+00,-8.660254037844387076e-01,0.000000000000000000e+00,-4.999999999999999445e-01,9.601907429168361763e-02,0.000000000000000000e+00,0.000000000000000000e+00,0.000000000000000000e+00,1.000000000000000000e+00
-4.999999999999999445e-01,0.000000000000000000e+00,8.660254037844387076e-01,1.005283917041538411e+00,0.000000000000000000e+00,1.000000000000000000e+00,0.000000000000000000e+00,0.000000000000000000e+00,-8.660254037844387076e-01,0.000000000000000000e+00,-4.999999999999999445e-01,9.960557621077169299e-02,0.000000000000000000e+00,0.000000000000000000e+00,0.000000000000000000e+00,1.000000000000000000e+00
-4.999999999999999445e-01,0.000000000000000000e+00,8.660254037844387076e-01,1.005094690528580692e+00,0.000000000000000000e+00,1.000000000000000000e+00,0.000000000000000000e+00,0.000000000000000000e+00,-8.660254037844387076e-01,0.000000000000000000e+00,-4.999999999999999445e-01,1.032008799569670981e-01,0.000000000000000000e+00,0.000000000000000000e+00,0.000000000000000000e+00,1.000000000000000000e+00
-4.999999999999999445e-01,0.000000000000000000e+00,8.660254037844387076e-01,1.004905309471419317e+00,0.000000000000000000e+00,1.000000000000000000e+00,0.000000000000000000e+00,0.000000000000000000e+00,-8.660254037844387076e-01,0.000000000000000000e+00,-4.999999999999999445e-01,1.067991200430329773e-01,0.000000000000000000e+00,0.000000000000000000e+00,0.000000000000000000e+00,1.000000000000000000e+00
-4.999999999999999445e-01,0.000000000000000000e+00,8.660254037844387076e-01,1.004716082958461598e+00,0.000000000000000000e+00,1.000000000000000000e+00,0.000000000000000000e+00,0.000000000000000000e+00,-8.660254037844387076e-01,0.000000000000000000e+00,-4.999999999999999445e-01,1.103944237892283964e-01,0.000000000000000000e+00,0.000000000000000000e+00,0.000000000000000000e+00,1.000000000000000000e+00
-4.999999999999999445e-01,0.000000000000000000e+00,8.660254037844387076e-01,1.004527319699562327e+00,0.000000000000000000e+00,1.000000000000000000e+00,0.000000000000000000e+00,0.000000000000000000e+00,-8.660254037844387076e-01,0.000000000000000000e+00,-4.999999999999999445e-01,1.139809257083163885e-01,0.000000000000000000e+00,0.000000000000000000e+00,0.000000000000000000e+00,1.000000000000000000e+00
-4.999999999999999445e-01,0.000000000000000000e+00,8.660254037844387076e-01,1.004339327268917170e+00,0.000000000000000000e+00,1.000000000000000000e+00,0.000000000000000000e+00,0.000000000000000000e+00,-8.660254037844387076e-01,0.000000000000000000e+00,-4.999999999999999445e-01,1.175527818905732075e-01,0.000000000000000000e+00,0.000000000000000000e+00,0.000000000000000000e+00,1.000000000000000000e+00
-4.999999999999999445e-01,0.000000000000000000e+00,8.660254037844387076e-01,1.004152411347958074e+00,0.000000000000000000e+00,1.000000000000000000e+00,0.000000000000000000e+00,0.000000000000000000e+00,-8.660254037844387076e-01,0.000000000000000000e+00,-4.999999999999999445e-01,1.211041843887961517e-01,0.000000000000000000e+00,0.000000000000000000e+00,0.000000000000000000e+00,1.000000000000000000e+00
-4.999999999999999445e-01,0.000000000000000000e+00,8.660254037844387076e-01,1.003966874968246659e+00,0.000000000000000000e+00,1.000000000000000000e+00,0.000000000000000000e+00,0.000000000000000000e+00,-8.660254037844387076e-01,0.000000000000000000e+00,-4.999999999999999445e-01,1.246293756033125671e-01,0.000000000000000000e+00,0.000000000000000000e+00,0.000000000000000000e+00,1.000000000000000000e+00
-4.999999999999999445e-01,0.000000000000000000e+00,8.660254037844387076e-01,1.003783017754368956e+00,0.000000000000000000e+00,1.000000000000000000e+00,0.000000000000000000e+00,0.000000000000000000e+00,-8.660254037844387076e-01,0.000000000000000000e+00,-4.999999999999999445e-01,1.281226626669882407e-01,0.000000000000000000e+00,0.000000000000000000e+00,0.000000000000000000e+00,1.000000000000000000e+00
-4.999999999999999445e-01,0.000000000000000000e+00,8.660254037844387076e-01,1.003601135166829694e+00,0.000000000000000000e+00,1.000000000000000000e+00,0.000000000000000000e+00,0.000000000000000000e+00,-8.660254037844387076e-01,0.000000000000000000e+00,-4.999999999999999445e-01,1.315784318302361811e-01,0.000000000000000000e+00,0.000000000000000000e+00,0.000000000000000000e+00,1.000000000000000000e+00
-4.999999999999999445e-01,0.000000000000000000e+00,8.660254037844387076e-01,1.003421517744946145e+00,0.000000000000000000e+00,1.000000000000000000e+00,0.000000000000000000e+00,0.000000000000000000e+00,-8.660254037844387076e-01,0.000000000000000000e+00,-4.999999999999999445e-01,1.349911628460246094e-01,0.000000000000000000e+00,0.000000000000000000e+00,0.000000000000000000e+00,1.000000000000000000e+00
-4.999999999999999445e-01,0.000000000000000000e+00,8.660254037844387076e-01,1.003244450349742856e+00,0.000000000000000000e+00,1.000000000000000000e+00,0.000000000000000000e+00,0.000000000000000000e+00,-8.660254037844387076e-01,0.000000000000000000e+00,-4.999999999999999445e-01,1.383554433548863927e-01,0.000000000000000000e+00,0.000000000000000000e+00,0.000000000000000000e+00,1.000000000000000000e+00
-4.999999999999999445e-01,0.000000000000000000e+00,8.660254037844387076e-01,1.003070211406845935e+00,0.000000000000000000e+00,1.000000000000000000e+00,0.000000000000000000e+00,0.000000000000000000e+00,-8.660254037844387076e-01,0.000000000000000000e+00,-4.999999999999999445e-01,1.416659832699265764e-01,0.000000000000000000e+00,0.000000000000000000e+00,0.000000000000000000e+00,1.000000000000000000e+00
-4.999999999999999445e-01,0.000000000000000000e+00,8.660254037844387076e-01,1.002899072149377346e+00,0.000000000000000000e+00,1.000000000000000000e+00,0.000000000000000000e+00,0.000000000000000000e+00,-8.660254037844387076e-01,0.000000000000000000e+00,-4.999999999999999445e-01,1.449176291618316792e-01,0.000000000000000000e+00,0.000000000000000000e+00,0.000000000000000000e+00,1.000000000000000000e+00
-4.999999999999999445e-01,0.000000000000000000e+00,8.660254037844387076e-01,1.002731295860848526e+00,0.000000000000000000e+00,1.000000000000000000e+00,0.000000000000000000e+00,0.000000000000000000e+00,-8.660254037844387076e-01,0.000000000000000000e+00,-4.999999999999999445e-01,1.481053786438780995e-01,0.000000000000000000e+00,0.000000000000000000e+00,0.000000000000000000e+00,1.000000000000000000e+00
-4.999999999999999445e-01,0.000000000000000000e+00,8.660254037844387076e-01,1.002567137118055784e+00,0.000000000000000000e+00,1.000000000000000000e+00,0.000000000000000000e+00,0.000000000000000000e+00,-8.660254037844387076e-01,0.000000000000000000e+00,-4.999999999999999445e-01,1.512243947569404112e-01,0.000000000000000000e+00,0.000000000000000000e+00,0.000000000000000000e+00,1.000000000000000000e+00
-4.999999999999999445e-01,0.000000000000000000e+00,8.660254037844387076e-01,1.002406841033973706e+00,0.000000000000000000e+00,1.000000000000000000e+00,0.000000000000000000e+00,0.000000000000000000e+00,-8.660254037844387076e-01,0.000000000000000000e+00,-4.999999999999999445e-01,1.542700203545000481e-01,0.000000000000000000e+00,0.000000000000000000e+00,0.000000000000000000e+00,1.000000000000000000e+00
-4.999999999999999445e-01,0.000000000000000000e+00,8.660254037844387076e-01,1.002250642500649880e+00,0.000000000000000000e+00,1.000000000000000000e+00,0.000000000000000000e+00,0.000000000000000000e+00,-8.660254037844387076e-01,0.000000000000000000e+00,-4.999999999999999445e-01,1.572377924876540711e-01,0.000000000000000000e+00,0.000000000000000000e+00,0.000000000000000000e+00,1.000000000000000000e+00
-4.999999999999999445e-01,0.000000000000000000e+00,8.660254037844387076e-01,1.002098765432098748e+00,0.000000000000000000e+00,1.000000000000000000e+00,0.000000000000000000e+00,0.000000000000000000e+00,-8.660254037844387076e-01,0.000000000000000000e+00,-4.999999999999999445e-01,1.601234567901233807e-01,0.000000000000000000e+00,0.000000000000000000e+00,0.000000000000000000e+00,1.000000000000000000e+00
-4.999999999999999445e-01,0.000000000000000000e+00,8.660254037844387076e-01,1.001951422007196779e+00,0.000000000000000000e+00,1.000000000000000000e+00,0.000000000000000000e+00,0.000000000000000000e+00,-8.660254037844387076e-01,0.000000000000000000e+00,-4.999999999999999445e-01,1.629229818632615956e-01,0.000000000000000000e+00,0.000000000000000000e+00,0.000000000000000000e+00,1.000000000000000000e+00
-4.999999999999999445e-01,0.000000000000000000e+00,8.660254037844387076e-01,1.001808811912575647e+00,0.000000000000000000e+00,1.000000000000000000e+00,0.000000000000000000e+00,0.000000000000000000e+00,-8.660254037844387076e-01,0.000000000000000000e+00,-4.999999999999999445e-01,1.656325736610632926e-01,0.000000000000000000e+00,0.000000000000000000e+00,0.000000000000000000e+00,1.000000000000000000e+00
-4.999999999999999445e-01,0.000000000000000000e+00,8.660254037844387076e-01,1.001671121585517188e+00,0.000000000000000000e+00,1.000000000000000000e+00,0.000000000000000000e+00,0.000000000000000000e+00,-8.660254037844387076e-01,0.000000000000000000e+00,-4.999999999999999445e-01,1.682486898751726356e-01,0.000000000000000000e+00,0.000000000000000000e+00,0.000000000000000000e+00,1.000000000000000000e+00
-4.999999999999999445e-01,0.000000000000000000e+00,8.660254037844387076e-01,1.001538523456847685e+00,0.000000000000000000e+00,1.000000000000000000e+00,0.000000000000000000e+00,0.000000000000000000e+00,-8.660254037844387076e-01,0.000000000000000000e+00,-4.999999999999999445e-01,1.707680543198920042e-01,0.000000000000000000e+00,0.000000000000000000e+00,0.000000000000000000e+00,1.000000000000000000e+00
-4.999999999999999445e-01,0.000000000000000000e+00,8.660254037844387076e-01,1.001411175193831937e+00,0.000000000000000000e+00,1.000000000000000000e+00,0.000000000000000000e+00,0.000000000000000000e+00,-8.660254037844387076e-01,0.000000000000000000e+00,-4.999999999999999445e-01,1.731876713171908166e-01,0.000000000000000000e+00,0.000000000000000000e+00,0.000000000000000000e+00,1.000000000000000000e+00
-4.999999999999999445e-01,0.000000000000000000e+00,8.660254037844387076e-01,1.001289218943067771e+00,0.000000000000000000e+00,1.000000000000000000e+00,0.000000000000000000e+00,0.000000000000000000e+00,-8.660254037844387076e-01,0.000000000000000000e+00,-4.999999999999999445e-01,1.755048400817133814e-01,0.000000000000000000e+00,0.000000000000000000e+00,0.000000000000000000e+00,1.000000000000000000e+00
-4.999999999999999445e-01,0.000000000000000000e+00,8.660254037844387076e-01,1.001172780573379661e+00,0.000000000000000000e+00,1.000000000000000000e+00,0.000000000000000000e+00,0.000000000000000000e+00,-8.660254037844387076e-01,0.000000000000000000e+00,-4.999999999999999445e-01,1.777171691057879699e-01,0.000000000000000000e+00,0.000000000000000000e+00,0.000000000000000000e+00,1.000000000000000000e+00
-4.999999999999999445e-01,0.000000000000000000e+00,8.660254037844387076e-01,1.001061968918713907e+00,0.000000000000000000e+00,1.000000000000000000e+00,0.000000000000000000e+00,0.000000000000000000e+00,-8.660254037844387076e-01,0.000000000000000000e+00,-4.999999999999999445e-01,1.798225905444355566e-01,0.000000000000000000e+00,0.000000000000000000e+00,0.000000000000000000e+00,1.000000000000000000e+00
-4.999999999999999445e-01,0.000000000000000000e+00,8.660254037844387076e-01,1.000956875021032699e+00,0.000000000000000000e+00,1.000000000000000000e+00,0.000000000000000000e+00,0.000000000000000000e+00,-8.660254037844387076e-01,0.000000000000000000e+00,-4.999999999999999445e-01,1.818193746003778644e-01,0.000000000000000000e+00,0.000000000000000000e+00,0.000000000000000000e+00,1.000000000000000000e+00
-4.999999999999999445e-01,0.000000000000000000e+00,8.660254037844387076e-01,1.000857571373208188e+00,0.000000000000000000e+00,1.000000000000000000e+00,0.000000000000000000e+00,0.000000000000000000e+00,-8.660254037844387076e-01,0.000000000000000000e+00,-4.999999999999999445e-01,1.837061439090458548e-01,0.000000000000000000e+00,0.000000000000000000e+00,0.000000000000000000e+00,1.000000000000000000e+00
-4.999999999999999445e-01,0.000000000000000000e+00,8.660254037844387076e-01,1.000764111161916325e+00,0.000000000000000000e+00,1.000000000000000000e+00,0.000000000000000000e+00,0.000000000000000000e+00,-8.660254037844387076e-01,0.000000000000000000e+00,-4.999999999999999445e-01,1.854818879235889117e-01,0.000000000000000000e+00,0.000000000000000000e+00,0.000000000000000000e+00,1.000000000000000000e+00
-4.999999999999999445e-01,0.000000000000000000e+00,8.660254037844387076e-01,1.000676527510532487e+00,0.000000000000000000e+00,1.000000000000000000e+00,0.000000000000000000e+00,0.000000000000000000e+00,-8.660254037844387076e-01,0.000000000000000000e+00,-4.999999999999999445e-01,1.871459772998829707e-01,0.000000000000000000e+00,0.000000000000000000e+00,0.000000000000000000e+00,1.000000000000000000e+00
-4.999999999999999445e-01,0.000000000000000000e+00,8.660254037844387076e-01,1.000594832722024208e+00,0.000000000000000000e+00,1.000000000000000000e+00,0.000000000000000000e+00,0.000000000000000000e+00,-8.660254037844387076e-01,0.000000000000000000e+00,-4.999999999999999445e-01,1.886981782815392306e-01,0.000000000000000000e+00,0.000000000000000000e+00,0.000000000000000000e+00,1.000000000000000000e+00
-4.999999999999999445e-01,0.000000000000000000e+00,8.660254037844387076e-01,1.000519017521846799e+00,0.000000000000000000e+00,1.000000000000000000e+00,0.000000000000000000e+00,0.000000000000000000e+00,-8.660254037844387076e-01,0.000000000000000000e+00,-4.999999999999999445e-01,1.901386670849121163e-01,0.000000000000000000e+00,0.000000000000000000e+00,0.000000000000000000e+00,1.000000000000000000e+00
-4.999999999999999445e-01,0.000000000000000000e+00,8.660254037844387076e-01,1.000449050300836307e+00,0.000000000000000000e+00,1.000000000000000000e+00,0.000000000000000000e+00,0.000000000000000000e+00,-8.660254037844387076e-01,0.000000000000000000e+00,-4.999999999999999445e-01,1.914680442841088515e-01,0.000000000000000000e+00,0.000000000000000000e+00,0.000000000000000000e+00,1.000000000000000000e+00
-4.999999999999999445e-01,0.000000000000000000e+00,8.660254037844387076e-01,1.000384876358105357e+00,0.000000000000000000e+00,1.000000000000000000e+00,0.000000000000000000e+00,0.000000000000000000e+00,-8.660254037844387076e-01,0.000000000000000000e+00,-4.999999999999999445e-01,1.926873491959968931e-01,0.000000000000000000e+00,0.000000000000000000e+00,0.000000000000000000e+00,1.000000000000000000e+00
-4.999999999999999445e-01,0.000000000000000000e+00,8.660254037844387076e-01,1.000326417143936109e+00,0.000000000000000000e+00,1.000000000000000000e+00,0.000000000000000000e+00,0.000000000000000000e+00,-8.660254037844387076e-01,0.000000000000000000e+00,-4.999999999999999445e-01,1.937980742652143096e-01,0.000000000000000000e+00,0.000000000000000000e+00,0.000000000000000000e+00,1.000000000000000000e+00
-4.999999999999999445e-01,0.000000000000000000e+00,8.660254037844387076e-01,1.000273569502674986e+00,0.000000000000000000e+00,1.000000000000000000e+00,0.000000000000000000e+00,0.000000000000000000e+00,-8.660254037844387076e-01,0.000000000000000000e+00,-4.999999999999999445e-01,1.948021794491751890e-01,0.000000000000000000e+00,0.000000000000000000e+00,0.000000000000000000e+00,1.000000000000000000e+00
-4.999999999999999445e-01,0.000000000000000000e+00,8.660254037844387076e-01,1.000226204915627193e+00,0.000000000000000000e+00,1.000000000000000000e+00,0.000000000000000000e+00,0.000000000000000000e+00,-8.660254037844387076e-01,0.000000000000000000e+00,-4.999999999999999445e-01,1.957021066030818490e-01,0.000000000000000000e+00,0.000000000000000000e+00,0.000000000000000000e+00,1.000000000000000000e+00
-4.999999999999999445e-01,0.000000000000000000e+00,8.660254037844387076e-01,1.000184168743950996e+00,0.000000000000000000e+00,1.000000000000000000e+00,0.000000000000000000e+00,0.000000000000000000e+00,-8.660254037844387076e-01,0.000000000000000000e+00,-4.999999999999999445e-01,1.965007938649307451e-01,0.000000000000000000e+00,0.000000000000000000e+00,0.000000000000000000e+00,1.000000000000000000e+00
-4.999999999999999445e-01,0.000000000000000000e+00,8.660254037844387076e-01,1.000147279471551576e+00,0.000000000000000000e+00,1.000000000000000000e+00,0.000000000000000000e+00,0.000000000000000000e+00,-8.660254037844387076e-01,0.000000000000000000e+00,-4.999999999999999445e-01,1.972016900405217099e-01,0.000000000000000000e+00,0.000000000000000000e+00,0.000000000000000000e+00,1.000000000000000000e+00
-4.999999999999999445e-01,0.000000000000000000e+00,8.660254037844387076e-01,1.000115327947975308e+00,0.000000000000000000e+00,1.000000000000000000e+00,0.000000000000000000e+00,0.000000000000000000e+00,-8.660254037844387076e-01,0.000000000000000000e+00,-4.999999999999999445e-01,1.978087689884672484e-01,0.000000000000000000e+00,0.000000000000000000e+00,0.000000000000000000e+00,1.000000000000000000e+00
-4.999999999999999445e-01,0.000000000000000000e+00,8.660254037844387076e-01,1.000088076631305167e+00,0.000000000000000000e+00,1.000000000000000000e+00,0.000000000000000000e+00,0.000000000000000000e+00,-8.660254037844387076e-01,0.000000000000000000e+00,-4.999999999999999445e-01,1.983265440052003337e-01,0.000000000000000000e+00,0.000000000000000000e+00,0.000000000000000000e+00,1.000000000000000000e+00
-4.999999999999999445e-01,0.000000000000000000e+00,8.660254037844387076e-01,1.000065258831053461e+00,0.000000000000000000e+00,1.000000000000000000e+00,0.000000000000000000e+00,0.000000000000000000e+00,-8.660254037844387076e-01,0.000000000000000000e+00,-4.999999999999999445e-01,1.987600822099830911e-01,0.000000000000000000e+00,0.000000000000000000e+00,0.000000000000000000e+00,1.000000000000000000e+00
-4.999999999999999445e-01,0.000000000000000000e+00,8.660254037844387076e-01,1.000046577951057003e+00,0.000000000000000000e+00,1.000000000000000000e+00,0.000000000000000000e+00,0.000000000000000000e+00,-8.660254037844387076e-01,0.000000000000000000e+00,-4.999999999999999445e-01,1.991150189299157880e-01,0.000000000000000000e+00,0.000000000000000000e+00,0.000000000000000000e+00,1.000000000000000000e+00
-4.999999999999999445e-01,0.000000000000000000e+00,8.660254037844387076e-01,1.000031706732371406e+00,0.000000000000000000e+00,1.000000000000000000e+00,0.000000000000000000e+00,0.000000000000000000e+00,-8.660254037844387076e-01,0.000000000000000000e+00,-4.999999999999999445e-01,1.993975720849443245e-01,0.000000000000000000e+00,0.000000000000000000e+00,0.000000000000000000e+00,1.000000000000000000e+00
-4.999999999999999445e-01,0.000000000000000000e+00,8.660254037844387076e-01,1.000020286496164701e+00,0.000000000000000000e+00,1.000000000000000000e+00,0.000000000000000000e+00,0.000000000000000000e+00,-8.660254037844387076e-01,0.000000000000000000e+00,-4.999999999999999445e-01,1.996145565728700277e-01,0.000000000000000000e+00,0.000000000000000000e+00,0.000000000000000000e+00,1.000000000000000000e+00
-4.999999999999999445e-01,0.000000000000000000e+00,8.660254037844387076e-01,1.000011926386612737e+00,0.000000000000000000e+00,1.000000000000000000e+00,0.000000000000000000e+00,0.000000000000000000e+00,-8.660254037844387076e-01,0.000000000000000000e+00,-4.999999999999999445e-01,1.997733986543571705e-01,0.000000000000000000e+00,0.000000000000000000e+00,0.000000000000000000e+00,1.000000000000000000e+00
-4.999999999999999445e-01,0.000000000000000000e+00,8.660254037844387076e-01,1.000006202613792361e+00,0.000000000000000000e+00,1.000000000000000000e+00,0.000000000000000000e+00,0.000000000000000000e+00,-8.660254037844387076e-01,0.000000000000000000e+00,-4.999999999999999445e-01,1.998821503379433207e-01,0.000000000000000000e+00,0.000000000000000000e+00,0.000000000000000000e+00,1.000000000000000000e+00
-4.999999999999999445e-01,0.000000000000000000e+00,8.660254037844387076e-01,1.000002657696576591e+00,0.000000000000000000e+00,1.000000000000000000e+00,0.000000000000000000e+00,0.000000000000000000e+00,-8.660254037844387076e-01,0.000000000000000000e+00,-4.999999999999999445e-01,1.999495037650449725e-01,0.000000000000000000e+00,0.000000000000000000e+00,0.000000000000000000e+00,1.000000000000000000e+00
-4.999999999999999445e-01,0.000000000000000000e+00,8.660254037844387076e-01,1.000000799705528021e+00,0.000000000000000000e+00,1.000000000000000000e+00,0.000000000000000000e+00,0.000000000000000000e+00,-8.660254037844387076e-01,0.000000000000000000e+00,-4.999999999999999445e-01,1.999848055949674797e-01,0.000000000000000000e+00,0.000000000000000000e+00,0.000000000000000000e+00,1.000000000000000000e+00
-4.999999999999999445e-01,0.000000000000000000e+00,8.660254037844387076e-01,1.000000101505793770e+00,0.000000000000000000e+00,1.000000000000000000e+00,0.000000000000000000e+00,0.000000000000000000e+00,-8.660254037844387076e-01,0.000000000000000000e+00,-4.999999999999999445e-01,1.999980713899163487e-01,0.000000000000000000e+00,0.000000000000000000e+00,0.000000000000000000e+00,1.000000000000000000e+00
-4.999999999999999445e-01,0.000000000000000000e+00,8.660254037844387076e-01,1.000000000000000000e+00,0.000000000000000000e+00,1.000000000000000000e+00,0.000000000000000000e+00,0.000000000000000000e+00,-8.660254037844387076e-01,0.000000000000000000e+00,-4.999999999999999445e-01,2.000000000000000389e-01,0.000000000000000000e+00,0.000000000000000000e+00,0.000000000000000000e+00,1.000000000000000000e+00
-4.999999999999999445e-01,0.000000000000000000e+00,8.660254037844387076e-01,1.000000000000000000e+00,0.000000000000000000e+00,1.000000000000000000e+00,0.000000000000000000e+00,0.000000000000000000e+00,-8.660254037844387076e-01,0.000000000000000000e+00,-4.999999999999999445e-01,2.000000000000000111e-01,0.000000000000000000e+00,0.000000000000000000e+00,0.000000000000000000e+00,1.000000000000000000e+00
-4.999999999999999445e-01,0.000000000000000000e+00,8.660254037844387076e-01,1.000000000000000000e+00,0.000000000000000000e+00,1.000000000000000000e+00,0.000000000000000000e+00,-1.260409968321918933e-07,-8.660254037844387076e-01,0.000000000000000000e+00,-4.999999999999999445e-01,2.000000020060047901e-01,0.000000000000000000e+00,0.000000000000000000e+00,0.000000000000000000e+00,1.000000000000000000e+00
-4.999999999997473132e-01,1.005295108205036155e-06,8.660254037840011687e-01,9.999999999994947375e-01,5.026475541025179715e-07,9.999999999994947375e-01,-8.706111020057874708e-07,-1.005295108205036155e-06,-8.660254037844385966e-01,-5.755049385973224546e-23,-4.999999999999999445e-01,2.000000159997685767e-01,0.000000000000000000e+00,0.000000000000000000e+00,0.000000000000000000e+00,1.000000000000000000e+00
-4.999999999971393438e-01,3.382651515767725056e-06,8.660254037794840043e-01,9.999999999942787987e-01,1.691325757883862316e-06,9.999999999942787987e-01,-2.929462144804787573e-06,-3.382651515767725903e-06,-8.660254037844387076e-01,1.626178161465034784e-22,-4.999999999999999445e-01,2.000000538365709624e-01,0.000000000000000000e+00,0.000000000000000000e+00,0.000000000000000000e+00,1.000000000000000000e+00
-4.999999999840241127e-01,7.993951979088788121e-06,8.660254037567677310e-01,9.999999999680483365e-01,3.996975989544394060e-06,9.999999999680483365e-01,-6.922965490523781038e-06,-7.993951979088789815e-06,-8.660254037844385966e-01,3.843017843132446342e-22,-4.999999999999999445e-01,2.000001272276972497e-01,0.000000000000000000e+00,0.000000000000000000e+00,0.000000000000000000e+00,1.000000000000000000e+00
-4.999999999394246220e-01,1.556602739063086014e-05,8.660254036795191901e-01,9.999999998788493549e-01,7.783013695315430072e-06,9.999999998788493549e-01,-1.348057515629072397e-05,-1.556602739063086353e-05,-8.660254037844387076e-01,7.483222461851914960e-22,-4.999999999999999445e-01,2.000002477410203761e-01,0.000000000000000000e+00,0.000000000000000000e+00,0.000000000000000000e+00,1.000000000000000000e+00
-4.999999998202157014e-01,2.681673433013232439e-05,8.660254034730431316e-01,9.999999996404314029e-01,1.340836716506616050e-05,9.999999996404314029e-01,-2.322397317643286603e-05,-2.681673433013232439e-05,-8.660254037844387076e-01,-4.048764073209606388e-22,-4.999999999999999445e-01,2.000004268015826980e-01,0.000000000000000000e+00,0.000000000000000000e+00,0.000000000000000000e+00,1.000000000000000000e+00
-4.999999995493933924e-01,4.245499161769810049e-05,8.660254030039652440e-01,9.999999990987868959e-01,2.122749580884904347e-05,9.999999990987868959e-01,-3.676710125838195765e-05,-4.245499161769810049e-05,-8.660254037844387076e-01,-4.735279459745391527e-21,-4.999999999999999445e-01,2.000006756921776929e-01,0.000000000000000000e+00,0.000000000000000000e+00,0.000000000000000000e+00,1.000000000000000000e+00
-4.999999990020460583e-01,6.318081686449941075e-05,8.660254020559319255e-01,9.999999980040922276e-01,3.159040843224969860e-05,9.999999980040922276e-01,-5.471619243650877436e-05,-6.318081686449941075e-05,-8.660254037844385966e-01,-3.507729558755571042e-22,-4.999999999999999445e-01,2.000010055539319376e-01,0.000000000000000000e+00,0.000000000000000000e+00,0.000000000000000000e+00,1.000000000000000000e+00
-4.999999979891338597e-01,8.968536301950290552e-05,8.660254003015165347e-01,9.999999959782678305e-01,4.484268150975143921e-05,9.999999959782678305e-01,-7.766980272251896688e-05,-8.968536301950289196e-05,-8.660254037844387076e-01,-2.464723413002691439e-21,-4.999999999999999445e-01,2.000014273868866710e-01,0.000000000000000000e+00,0.000000000000000000e+00,0.000000000000000000e+00,1.000000000000000000e+00
-4.999999962391857844e-01,1.226509549101012953e-04,8.660253972705173053e-01,9.999999924783715688e-01,6.132547745505063409e-05,9.999999924783715688e-01,-1.062188427505674567e-04,-1.226509549101012953e-04,-8.660254037844388186e-01,-7.656196912532861240e-21,-4.999999999999998890e-01,2.000019520505798010e-01,0.000000000000000000e+00,0.000000000000000000e+00,0.000000000000000000e+00,1.000000000000000000e+00
-4.999999933780176486e-01,1.627511257739095850e-04,8.660253923148288902e-01,9.999999867560354083e-01,8.137556288695476541e-05,9.999999867560354083e-01,-1.409466094147220300e-04,-1.627511257739095850e-04,-8.660254037844387076e-01,-1.928094576138394951e-20,-4.999999999999999445e-01,2.000025902646275222e-01,0.000000000000000000e+00,0.000000000000000000e+00,0.000000000000000000e+00,1.000000000000000000e+00
-4.999999889065753211e-01,2.106506537783314097e-04,8.660253845700636166e-01,9.999999778131507533e-01,1.053253268891656913e-04,9.999999778131507533e-01,-1.824288174958354526e-04,-2.106506537783314368e-04,-8.660254037844387076e-01,-3.425693479117949824e-21,-4.999999999999999445e-01,2.000033526093062397e-01,0.000000000000000000e+00,0.000000000000000000e+00,0.000000000000000000e+00,1.000000000000000000e+00
-4.999999821770022002e-01,2.670055985237965060e-04,8.660253729141010881e-01,9.999999643540045113e-01,1.335027992618982259e-04,9.999999643540045113e-01,-2.312336312742765997e-04,-2.670055985237965602e-04,-8.660254037844387076e-01,-1.426900923671833150e-20,-4.999999999999999445e-01,2.000042495261343256e-01,0.000000000000000000e+00,0.000000000000000000e+00,0.000000000000000000e+00,1.000000000000000000e+00
-4.999999723670315310e-01,3.324633375258269135e-04,8.660253559227333309e-01,9.999999447340630621e-01,1.662316687629134297e-04,9.999999447340630621e-01,-2.879216961243263786e-04,-3.324633375258269677e-04,-8.660254037844387076e-01,-1.112218949581986868e-20,-4.999999999999999445e-01,2.000052913184539038e-01,0.000000000000000000e+00,0.000000000000000000e+00,0.000000000000000000e+00,1.000000000000000000e+00
-4.999999584527988206e-01,4.076626026703213503e-04,8.660253318225753505e-01,9.999999169055977521e-01,2.038313013351606209e-04,9.999999169055977521e-01,-3.530461700853802223e-04,-4.076626026703213503e-04,-8.660254037844387076e-01,-7.507054972911696306e-21,-4.999999999999999445e-01,2.000064881520125792e-01,0.000000000000000000e+00,0.000000000000000000e+00,0.000000000000000000e+00,1.000000000000000000e+00
-4.999999391801707715e-01,4.932335166356523757e-04,8.660252984414045230e-01,9.999998783603416541e-01,2.466167583178261878e-04,9.999998783603416541e-01,-4.271527554044095222e-04,-4.932335166356524841e-04,-8.660254037844387076e-01,2.371174120410266107e-20,-4.999999999999999445e-01,2.000078500555454164e-01,0.000000000000000000e+00,0.000000000000000000e+00,0.000000000000000000e+00,1.000000000000000000e+00
-4.999999130346814979e-01,5.897976292743580765e-04,8.660252531560886924e-01,9.999998260693631069e-01,2.948988146371789841e-04,9.999998260693631069e-01,-5.107797300434305980e-04,-5.897976292743580765e-04,-8.660254037844387076e-01,2.835397084030192294e-20,-4.999999999999999445e-01,2.000093869213565301e-01,0.000000000000000000e+00,0.000000000000000000e+00,0.000000000000000000e+00,1.000000000000000000e+00
-4.999998782101690020e-01,6.979679539463863689e-04,8.660251928382636244e-01,9.999997564203380040e-01,3.489839769731931302e-04,9.999997564203380040e-01,-6.044579791450177542e-04,-6.979679539463865857e-04,-8.660254037844388186e-01,-2.065595033101565147e-20,-4.999999999999999445e-01,2.000111085059009808e-01,0.000000000000000000e+00,0.000000000000000000e+00,0.000000000000000000e+00,1.000000000000000000e+00
-4.999998325761988993e-01,8.183490037950309206e-04,8.660251137979089187e-01,9.999996651523979097e-01,4.091745018975153519e-04,9.999996651523979097e-01,-7.087110264481847862e-04,-8.183490037950310290e-04,-8.660254037844387076e-01,-1.486874365585007040e-20,-4.999999999999999445e-01,2.000130244303665872e-01,0.000000000000000000e+00,0.000000000000000000e+00,0.000000000000000000e+00,1.000000000000000000e+00
-4.999997736443649865e-01,9.515368279558510198e-04,8.660250117249783663e-01,9.999995472887300840e-01,4.757684139779254015e-04,9.999995472887300840e-01,-8.240550656462298498e-04,-9.515368279558510198e-04,-8.660254037844387076e-01,-6.267597187657847578e-20,-4.999999999999999445e-01,2.000151441812556274e-01,0.000000000000000000e+00,0.000000000000000000e+00,0.000000000000000000e+00,1.000000000000000000e+00
-4.999996985335483646e-01,1.098119047688065784e-03,8.660248816292277496e-01,9.999993970670968402e-01,5.490595238440327836e-04,9.999993970670968402e-01,-9.509989916774405682e-04,-1.098119047688066001e-03,-8.660254037844387076e-01,-1.098392770250455641e-19,-4.999999999999999445e-01,2.000174771109668181e-01,0.000000000000000000e+00,0.000000000000000000e+00,0.000000000000000000e+00,1.000000000000000000e+00
-4.999996039342219367e-01,1.258674892417083364e-03,8.660247177783879646e-01,9.999992078684438734e-01,6.293374462085415738e-04,9.999992078684438734e-01,-1.090044431938839596e-03,-1.258674892417083364e-03,-8.660254037844387076e-01,-4.791059593840298915e-20,-4.999999999999999445e-01,2.000200324383768491e-01,0.000000000000000000e+00,0.000000000000000000e+00,0.000000000000000000e+00,1.000000000000000000e+00
-4.999994860718792178e-01,1.433775235676026634e-03,8.660245136348221351e-01,9.999989721437585466e-01,7.168876178380131003e-04,9.999989721437585466e-01,-1.241685777412459678e-03,-1.433775235676026851e-03,-8.660254037844387076e-01,-3.949281027690545018e-20,-4.999999999999999445e-01,2.000228192494223622e-01,0.000000000000000000e+00,0.000000000000000000e+00,0.000000000000000000e+00,1.000000000000000000e+00
-4.999993406696688347e-01,1.623982630933349346e-03,8.660242617908061602e-01,9.999986813393377805e-01,8.119913154666744560e-04,9.999986813393377805e-01,-1.406410213692969001e-03,-1.623982630933349562e-03,-8.660254037844388186e-01,-1.387689844316048470e-19,-4.999999999999999445e-01,2.000258464976817641e-01,0.000000000000000000e+00,0.000000000000000000e+00,0.000000000000000000e+00,1.000000000000000000e+00
-4.999991629103109902e-01,1.829851347292846351e-03,8.660239539025669231e-01,9.999983258206219805e-01,9.149256736464230670e-04,9.999983258206219805e-01,-1.584697751904786409e-03,-1.829851347292846568e-03,-8.660254037844388186e-01,-2.045182068672954884e-20,-4.999999999999999445e-01,2.000291230049568991e-01,0.000000000000000000e+00,0.000000000000000000e+00,0.000000000000000000e+00,1.000000000000000000e+00
-4.999989473973730503e-01,2.051927405051665217e-03,8.660235806232087219e-01,9.999978947947462116e-01,1.025963702525832391e-03,9.999978947947462116e-01,-1.777021259496223710e-03,-2.051927405051665217e-03,-8.660254037844387076e-01,-9.775721371495310048e-21,-4.999999999999999445e-01,2.000326574618548625e-01,0.000000000000000000e+00,0.000000000000000000e+00,0.000000000000000000e+00,1.000000000000000000e+00
-4.999986881159791396e-01,2.290748611101173140e-03,8.660231315346609282e-01,9.999973762319582793e-01,1.145374305550586353e-03,9.999973762319582793e-01,-1.983846490897535775e-03,-2.290748611101173574e-03,-8.660254037844387076e-01,-1.067148319212876242e-19,-4.999999999999999445e-01,2.000364584283699232e-01,0.000000000000000000e+00,0.000000000000000000e+00,0.000000000000000000e+00,1.000000000000000000e+00
-4.999983783930236347e-01,2.546844594154913134e-03,8.660225950787657778e-01,9.999967567860473805e-01,1.273422297077456350e-03,9.999967567860473805e-01,-2.205632118029223453e-03,-2.546844594154913568e-03,-8.660254037844387076e-01,-9.440325643266115048e-20,-4.999999999999999445e-01,2.000405343344651976e-01,0.000000000000000000e+00,0.000000000000000000e+00,0.000000000000000000e+00,1.000000000000000000e+00
-4.999980108569634374e-01,2.820736839787185441e-03,8.660219584876359677e-01,9.999960217139269858e-01,1.410368419893592504e-03,9.999960217139269858e-01,-2.442829760646338978e-03,-2.820736839787186308e-03,-8.660254037844387076e-01,-8.123614222164460395e-20,-4.999999999999999445e-01,2.000448934806544066e-01,0.000000000000000000e+00,0.000000000000000000e+00,0.000000000000000000e+00,1.000000000000000000e+00
-4.999975773972541448e-01,3.112938725265233710e-03,8.660212077133964126e-01,9.999951547945084007e-01,1.556469362632616421e-03,9.999951547945084007e-01,-2.695884016504039842e-03,-3.112938725265234144e-03,-8.660254037844387076e-01,-2.840292436521152222e-19,-4.999999999999999445e-01,2.000495440385838541e-01,0.000000000000000000e+00,0.000000000000000000e+00,0.000000000000000000e+00,1.000000000000000000e+00
-4.999970691235006703e-01,3.423955554157427205e-03,8.660203273574312854e-01,9.999941382470014517e-01,1.711977777078713386e-03,9.999941382470014517e-01,-2.965232491329157418e-03,-3.423955554157427639e-03,-8.660254037844387076e-01,-5.223696523508861611e-20,-4.999999999999999445e-01,2.000544940516140457e-01,0.000000000000000000e+00,0.000000000000000000e+00,0.000000000000000000e+00,1.000000000000000000e+00
-4.999964763243866517e-01,3.754284590699307270e-03,8.660193005992471438e-01,9.999929526487734144e-01,1.877142295349653418e-03,9.999929526487734144e-01,-3.251305828582063545e-03,-3.754284590699308137e-03,-8.660254037844387076e-01,1.804837295494889662e-19,-4.999999999999999445e-01,2.000597514354015560e-01,0.000000000000000000e+00,0.000000000000000000e+00,0.000000000000000000e+00,1.000000000000000000e+00
-4.999957884264468744e-01,4.104415093898911363e-03,8.660181091250648278e-01,9.999915768528937488e-01,2.052207546949455248e-03,9.999915768528937488e-01,-3.554527738992749840e-03,-4.104415093898911363e-03,-8.660254037844388186e-01,-2.363649421192742883e-19,-4.999999999999998890e-01,2.000653239784807857e-01,0.000000000000000000e+00,0.000000000000000000e+00,0.000000000000000000e+00,1.000000000000000000e+00
-4.999949939527458809e-01,4.474828351362331730e-03,8.660167330562495991e-01,9.999899879054918728e-01,2.237414175681165431e-03,9.999899879054918728e-01,-3.875315029854617746e-03,-4.474828351362332597e-03,-8.660254037844387076e-01,-2.185576703031756470e-19,-4.999999999999999445e-01,2.000712193428458019e-01,0.000000000000000000e+00,0.000000000000000000e+00,0.000000000000000000e+00,1.000000000000000000e+00
-4.999940804815239392e-01,4.865997712820089791e-03,8.660151508776819940e-01,9.999881609630479895e-01,2.432998856410044028e-03,9.999881609630479895e-01,-4.214077634059173322e-03,-4.865997712820089791e-03,-8.660254037844387076e-01,-6.334334371438835975e-19,-4.999999999999999445e-01,2.000774450645321501e-01,0.000000000000000000e+00,0.000000000000000000e+00,0.000000000000000000e+00,1.000000000000000000e+00
-4.999930346048685470e-01,5.278388623334581177e-03,8.660133393661763046e-01,9.999860692097370940e-01,2.639194311667289721e-03,9.999860692097370940e-01,-4.571218638854518054e-03,-5.278388623334581177e-03,-8.660254037844388186e-01,-6.136081288158058392e-19,-4.999999999999999445e-01,2.000840085541985836e-01,0.000000000000000000e+00,0.000000000000000000e+00,0.000000000000000000e+00,1.000000000000000000e+00
-4.999918418874705894e-01,5.712458656168519812e-03,8.660112735190438338e-01,9.999836837749411789e-01,2.856229328084259472e-03,9.999836837749411789e-01,-4.947134314310254639e-03,-5.712458656168520679e-03,-8.660254037844387076e-01,-1.590597479111802360e-19,-4.999999999999999445e-01,2.000909170977088758e-01,0.000000000000000000e+00,0.000000000000000000e+00,0.000000000000000000e+00,1.000000000000000000e+00
-4.999904868255216628e-01,6.168657545294163255e-03,8.660089264829009537e-01,9.999809736510434366e-01,3.084328772647080760e-03,9.999809736510434366e-01,-5.342214141471302198e-03,-6.168657545294163255e-03,-8.660254037844388186e-01,-5.708092808714259430e-19,-4.999999999999999445e-01,2.000981778567136604e-01,0.000000000000000000e+00,0.000000000000000000e+00,0.000000000000000000e+00,1.000000000000000000e+00
-4.999889528058063526e-01,6.647427217522785398e-03,8.660062694828143393e-01,9.999779056116128162e-01,3.323713608761392265e-03,9.999779056116128162e-01,-5.756840840182838280e-03,-6.647427217522786265e-03,-8.660254037844387076e-01,-1.141120065005308670e-19,-4.999999999999999445e-01,2.001057978692321326e-01,0.000000000000000000e+00,0.000000000000000000e+00,0.000000000000000000e+00,1.000000000000000000e+00
-4.999872220650434240e-01,7.149201824233879926e-03,8.660032717518781897e-01,9.999744441300869591e-01,3.574600912116939096e-03,9.999744441300869591e-01,-6.191390396568591942e-03,-7.149201824233879926e-03,-8.660254037844387076e-01,-5.236705293527270687e-19,-4.999999999999999445e-01,2.001137840502339726e-01,0.000000000000000000e+00,0.000000000000000000e+00,0.000000000000000000e+00,1.000000000000000000e+00
-4.999852756495281048e-01,7.674407772683352474e-03,8.659999004613130325e-01,9.999705512990563205e-01,3.837203886341675370e-03,9.999705512990563205e-01,-6.646232090144535247e-03,-7.674407772683353342e-03,-8.660254037844387076e-01,-4.984217433143514001e-19,-4.999999999999999445e-01,2.001221431922210192e-01,0.000000000000000000e+00,0.000000000000000000e+00,0.000000000000000000e+00,1.000000000000000000e+00
-4.999830933751258644e-01,8.223463756870080799e-03,8.659961206511722631e-01,9.999661867502518398e-01,4.111731878435039532e-03,9.999661867502518398e-01,-7.121728520550108139e-03,-8.223463756870080799e-03,-8.660254037844387076e-01,-3.834552006198265531e-20,-4.999999999999999445e-01,2.001308819658091653e-01,0.000000000000000000e+00,0.000000000000000000e+00,0.000000000000000000e+00,1.000000000000000000e+00
-4.999806537876662627e-01,8.796780787940111299e-03,8.659918951617427973e-01,9.999613075753326363e-01,4.398390393970054782e-03,9.999613075753326363e-01,-7.618235633879028371e-03,-8.796780787940113033e-03,-8.660254037844387076e-01,-4.444647076007874692e-19,-4.999999999999999445e-01,2.001400069203100596e-01,0.000000000000000000e+00,0.000000000000000000e+00,0.000000000000000000e+00,1.000000000000000000e+00
-4.999779341237852170e-01,9.394762224107967505e-03,8.659871845657212130e-01,9.999558682475704341e-01,4.697381112053983752e-03,9.999558682475704341e-01,-8.136102748591894293e-03,-9.394762224107969240e-03,-8.660254037844387076e-01,4.516444301101371235e-19,-4.999999999999999445e-01,2.001495244843129739e-01,0.000000000000000000e+00,0.000000000000000000e+00,0.000000000000000000e+00,1.000000000000000000e+00
-4.999749102722613747e-01,1.001780380007457998e-02,8.659819471012473180e-01,9.999498205445227494e-01,5.008901900037288253e-03,9.999498205445227494e-01,-8.675672580992872460e-03,-1.001780380007457998e-02,-8.660254037844388186e-01,-1.253126903300434736e-18,-4.999999999999998890e-01,2.001594409662665608e-01,0.000000000000000000e+00,0.000000000000000000e+00,0.000000000000000000e+00,1.000000000000000000e+00
-4.999715567358921087e-01,1.066629365592162114e-02,8.659761386058708599e-01,9.999431134717843284e-01,5.333146827960809702e-03,9.999431134717843284e-01,-9.237281270252918966e-03,-1.066629365592162114e-02,-8.660254037844387076e-01,-3.545896204297283602e-19,-4.999999999999999445e-01,2.001697625550606374e-01,0.000000000000000000e+00,0.000000000000000000e+00,0.000000000000000000e+00,1.000000000000000000e+00
-4.999678465939524918e-01,1.134061236546222984e-02,8.659697124515280953e-01,9.999356931879050947e-01,5.670306182731113184e-03,9.999356931879050947e-01,-9.821258402962225464e-03,-1.134061236546222984e-02,-8.660254037844387076e-01,-3.221723775003057253e-19,-4.999999999999999445e-01,2.001804953206080540e-01,0.000000000000000000e+00,0.000000000000000000e+00,0.000000000000000000e+00,1.000000000000000000e+00
-4.999637514652793824e-01,1.204113296402840004e-02,8.659626194806026023e-01,9.999275029305587648e-01,6.020566482014198285e-03,9.999275029305587648e-01,-1.042792703719480976e-02,-1.204113296402840004e-02,-8.660254037844387076e-01,-2.884955031981600991e-19,-4.999999999999998890e-01,2.001916452144263947e-01,0.000000000000000000e+00,0.000000000000000000e+00,0.000000000000000000e+00,1.000000000000000000e+00
-4.999592414720214206e-01,1.276822097567567246e-02,8.659548079431381717e-01,9.999184829440429523e-01,6.384110487837834497e-03,9.999184829440429523e-01,-1.105760372606846322e-02,-1.276822097567567073e-02,-8.660254037844387076e-01,-2.535414252952970396e-19,-4.999999999999999445e-01,2.002032180702197905e-01,0.000000000000000000e+00,0.000000000000000000e+00,0.000000000000000000e+00,1.000000000000000000e+00
-4.999542852040962382e-01,1.352223443978623277e-02,8.659462234352758303e-01,9.999085704081925874e-01,6.761117219893115517e-03,9.999085704081925874e-01,-1.171059854078371557e-02,-1.352223443978623450e-02,-8.660254037844387076e-01,-2.172929313824114825e-19,-4.999999999999999445e-01,2.002152196044607868e-01,0.000000000000000000e+00,0.000000000000000000e+00,0.000000000000000000e+00,1.000000000000000000e+00
-4.999488496843906837e-01,1.430352393705186173e-02,8.659368088389802764e-01,9.998976993687814785e-01,7.151761968525929998e-03,9.998976993687814785e-01,-1.238721509312572244e-02,-1.430352393705186347e-02,-8.660254037844387076e-01,-1.797331676197820614e-19,-4.999999999999999445e-01,2.002276554169720724e-01,0.000000000000000000e+00,0.000000000000000000e+00,0.000000000000000000e+00,1.000000000000000000e+00
-4.999429003347438671e-01,1.511243261481869452e-02,8.659265042631199005e-01,9.998858006694877343e-01,7.556216307409346390e-03,9.998858006694877343e-01,-1.308775055741348038e-02,-1.511243261481869625e-02,-8.660254037844387076e-01,-1.408456375188449138e-19,-4.999999999999999445e-01,2.002405309915082920e-01,0.000000000000000000e+00,0.000000000000000000e+00,0.000000000000000000e+00,1.000000000000000000e+00
-4.999364009427471056e-01,1.594929621177652163e-02,8.659152469859633383e-01,9.998728018854943222e-01,7.974648105888259078e-03,9.998728018854943222e-01,-1.381249569188138134e-02,-1.594929621177652163e-02,-8.660254037844387076e-01,-9.679759387436826179e-19,-4.999999999999999445e-01,2.002538516963377757e-01,0.000000000000000000e+00,0.000000000000000000e+00,0.000000000000000000e+00,1.000000000000000000e+00
-4.999293136293976869e-01,1.681444308197562951e-02,8.659029713991529542e-01,9.998586272587954848e-01,8.407221540987813019e-03,9.998586272587954848e-01,-1.456173485947840490e-02,-1.681444308197562951e-02,-8.660254037844387076e-01,-5.902307201441887019e-20,-4.999999999999999445e-01,2.002676227848244894e-01,0.000000000000000000e+00,0.000000000000000000e+00,0.000000000000000000e+00,1.000000000000000000e+00
-4.999215988176376468e-01,1.770819421815508776e-02,8.658896089532135409e-01,9.998431976352752937e-01,8.854097109077542146e-03,9.998431976352752937e-01,-1.533574604807102192e-02,-1.770819421815509123e-02,-8.660254037844387076e-01,-1.605681986976848409e-20,-4.999999999999998890e-01,2.002818493960096813e-01,0.000000000000000000e+00,0.000000000000000000e+00,0.000000000000000000e+00,1.000000000000000000e+00
-4.999132152018117004e-01,1.863086327436701273e-02,8.658750881046520798e-01,9.998264304036235117e-01,9.315431637183504629e-03,9.998264304036235117e-01,-1.613480089003636181e-02,-1.863086327436701620e-02,-8.660254037844387076e-01,-8.390621036837652253e-19,-4.999999999999999445e-01,2.002965365551937493e-01,0.000000000000000000e+00,0.000000000000000000e+00,0.000000000000000000e+00,1.000000000000000000e+00
-4.999041197180764118e-01,1.958275658788203449e-02,8.658593342647030733e-01,9.998082394361529346e-01,9.791378293941013777e-03,9.998082394361529346e-01,-1.695916468123291609e-02,-1.958275658788203449e-02,-8.660254037844387076e-01,-2.528024196577887345e-18,-4.999999999999999445e-01,2.003116891745180261e-01,0.000000000000000000e+00,0.000000000000000000e+00,0.000000000000000000e+00,1.000000000000000000e+00
-4.998942675157881377e-01,2.056417320036207919e-02,8.658422697497731857e-01,9.997885350315762754e-01,1.028208660018103786e-02,9.997885350315762754e-01,-1.780909639933670255e-02,-2.056417320036208266e-02,-8.660254037844387076e-01,-7.461200324611781649e-19,-4.999999999999999445e-01,2.003273120535465357e-01,0.000000000000000000e+00,0.000000000000000000e+00,0.000000000000000000e+00,1.000000000000000000e+00
-4.998836119299015501e-01,2.157540487828736239e-02,8.658238137336333740e-01,9.997672238598032113e-01,1.078770243914367946e-02,9.997672238598032113e-01,-1.868484872153156062e-02,-2.157540487828736586e-02,-8.660254037844387076e-01,-6.975060128626941679e-19,-4.999999999999999445e-01,2.003434098798478336e-01,0.000000000000000000e+00,0.000000000000000000e+00,0.000000000000000000e+00,1.000000000000000000e+00
-4.998721044544062186e-01,2.261673613262537783e-02,8.658038822014084701e-01,9.997442089088124373e-01,1.130836806631268544e-02,9.997442089088124373e-01,-1.958666804154299626e-02,-2.261673613262537783e-02,-8.660254037844388186e-01,-6.474449842062692661e-19,-4.999999999999999445e-01,2.003599872295767914e-01,0.000000000000000000e+00,0.000000000000000000e+00,0.000000000000000000e+00,1.000000000000000000e+00
-4.998596947168264526e-01,2.368844423773048061e-02,8.657823879054118432e-01,9.997193894336530162e-01,1.184422211886523683e-02,9.997193894336530162e-01,-2.051479448600570035e-02,-2.368844423773047714e-02,-8.660254037844387076e-01,-2.330647092762777768e-18,-4.999999999999999445e-01,2.003770485680563818e-01,0.000000000000000000e+00,0.000000000000000000e+00,0.000000000000000000e+00,1.000000000000000000e+00
-4.998463304538137142e-01,2.479079924946393787e-02,8.657592403228681066e-01,9.996926609076275394e-01,1.239539962473196547e-02,9.996926609076275394e-01,-2.146946193015596485e-02,-2.479079924946393787e-02,-8.660254037844388186e-01,-5.429289279181867627e-19,-4.999999999999999445e-01,2.003945982503594903e-01,0.000000000000000000e+00,0.000000000000000000e+00,0.000000000000000000e+00,1.000000000000000000e+00
-4.998319574878530847e-01,2.592406402252492997e-02,8.657343456155688344e-01,9.996639149757062803e-01,1.296203201126246152e-02,9.996639149757062803e-01,-2.245089801284079131e-02,-2.592406402252492997e-02,-8.660254037844387076e-01,-4.884482811084560998e-19,-4.999999999999999445e-01,2.004126405218907003e-01,0.000000000000000000e+00,0.000000000000000000e+00,0.000000000000000000e+00,1.000000000000000000e+00
-4.998165197051099851e-01,2.708849422698422077e-02,8.657076065915015883e-01,9.996330394102200811e-01,1.354424711349210692e-02,9.996330394102200811e-01,-2.345932415083644765e-02,-2.708849422698422424e-02,-8.660254037844388186e-01,-2.167192861233433233e-18,-4.999999999999999445e-01,2.004311795189680223e-01,0.000000000000000000e+00,0.000000000000000000e+00,0.000000000000000000e+00,1.000000000000000000e+00
-4.997999590344395227e-01,2.828433836401331516e-02,8.656789226684930005e-01,9.995999180688791563e-01,1.414216918200665585e-02,9.995999180688791563e-01,-2.449495555247032177e-02,-2.828433836401331863e-02,-8.660254037844387076e-01,-3.749802939006884453e-19,-4.999999999999999445e-01,2.004502192694048168e-01,0.000000000000000000e+00,0.000000000000000000e+00,0.000000000000000000e+00,1.000000000000000000e+00
-4.997822154275798345e-01,2.951183778080297346e-02,8.656481898399024377e-01,9.995644308551597801e-01,1.475591889040148326e-02,9.995644308551597801e-01,-2.555800123054075002e-02,-2.951183778080297693e-02,-8.660254037844387076e-01,-2.050692880476392976e-18,-4.999999999999999445e-01,2.004697636930915239e-01,0.000000000000000000e+00,0.000000000000000000e+00,0.000000000000000000e+00,1.000000000000000000e+00
-4.997632268405511335e-01,3.077122668466595115e-02,8.656153006424047724e-01,9.995264536811023781e-01,1.538561334233297384e-02,9.995264536811023781e-01,-2.664866401453032385e-02,-3.077122668466595462e-02,-8.660254037844387076e-01,1.479298018221571134e-18,-4.999999999999999445e-01,2.004898166025774475e-01,0.000000000000000000e+00,0.000000000000000000e+00,0.000000000000000000e+00,1.000000000000000000e+00
-4.997429292162801628e-01,3.206273215632033519e-02,8.655801441258943463e-01,9.994858584325603257e-01,1.603136607816016412e-02,9.994858584325603257e-01,-2.776714056210962886e-02,-3.206273215632034213e-02,-8.660254037844388186e-01,-3.662784488927560015e-18,-4.999999999999999445e-01,2.005103817036525127e-01,0.000000000000000000e+00,0.000000000000000000e+00,0.000000000000000000e+00,1.000000000000000000e+00
-4.997212564684690994e-01,3.338657416235063513e-02,8.655426058255459854e-01,9.994425129369381988e-01,1.669328708117531410e-02,9.994425129369381988e-01,-2.891362136992881721e-02,-3.338657416235063513e-02,-8.660254037844387076e-01,-1.864418543444167508e-18,-4.999999999999998890e-01,2.005314625959291608e-01,0.000000000000000000e+00,0.000000000000000000e+00,0.000000000000000000e+00,1.000000000000000000e+00
-4.996981404667274473e-01,3.474296556684530746e-02,8.655025677360616010e-01,9.993962809334548947e-01,1.737148278342265026e-02,9.993962809334548947e-01,-3.008829078369605614e-02,-3.474296556684531440e-02,-8.660254037844387076e-01,-6.448781599299423845e-20,-4.999999999999999445e-01,2.005530627734241067e-01,0.000000000000000000e+00,0.000000000000000000e+00,0.000000000000000000e+00,1.000000000000000000e+00
-4.996735110229835186e-01,3.613211214221070944e-02,8.654599082881351269e-01,9.993470220459671483e-01,1.806605607110535472e-02,9.993470220459671483e-01,-3.129132700754264779e-02,-3.613211214221071638e-02,-8.660254037844385966e-01,1.737017585742442349e-18,-4.999999999999999445e-01,2.005751856251400678e-01,0.000000000000000000e+00,0.000000000000000000e+00,0.000000000000000000e+00,1.000000000000000000e+00
-4.996472958791928765e-01,3.755421257916200656e-02,8.654145023271619941e-01,9.992945917583858639e-01,1.877710628958099981e-02,9.992945917583858639e-01,-3.252290211267542391e-02,-3.755421257916201350e-02,-8.660254037844387076e-01,-1.664063214297494047e-18,-4.999999999999999445e-01,2.005978344356476040e-01,0.000000000000000000e+00,0.000000000000000000e+00,0.000000000000000000e+00,1.000000000000000000e+00
-4.996194206963578965e-01,3.900945849589416980e-02,8.653662210942213440e-01,9.992388413927157931e-01,1.950472924794707796e-02,9.992388413927157931e-01,-3.378318204531904900e-02,-3.900945849589416980e-02,-8.660254037844388186e-01,-1.594103624362794347e-18,-4.999999999999999445e-01,2.006210123856669858e-01,0.000000000000000000e+00,0.000000000000000000e+00,0.000000000000000000e+00,1.000000000000000000e+00
-4.995898090448741558e-01,4.049803444643618883e-02,8.653149322093555140e-01,9.991796180897483115e-01,2.024901722321809094e-02,9.991796180897483115e-01,-3.507232663395101063e-02,-4.049803444643619577e-02,-8.660254037844387076e-01,-1.522541724144287865e-18,-4.999999999999999445e-01,2.006447225526498401e-01,0.000000000000000000e+00,0.000000000000000000e+00,0.000000000000000000e+00,1.000000000000000000e+00
-4.995583823962171377e-01,4.202011792819383695e-02,8.652604996571700013e-01,9.991167647924343864e-01,2.101005896409691154e-02,9.991167647924343864e-01,-3.639048959583379705e-02,-4.202011792819383695e-02,-8.660254037844388186e-01,-1.449368980619769761e-18,-4.999999999999999445e-01,2.006689679113611013e-01,0.000000000000000000e+00,0.000000000000000000e+00,0.000000000000000000e+00,1.000000000000000000e+00
-4.995250601159821890e-01,4.357587938868710820e-02,8.652027837747791050e-01,9.990501202319644891e-01,2.178793969434354716e-02,9.990501202319644891e-01,-3.773781854284975062e-02,-4.357587938868710820e-02,-8.660254037844385966e-01,-1.374577199683715799e-18,-4.999999999999999445e-01,2.006937513344606572e-01,0.000000000000000000e+00,0.000000000000000000e+00,0.000000000000000000e+00,1.000000000000000000e+00
-4.994897594582887734e-01,4.516548223149023655e-02,8.651416412421135682e-01,9.989795189165776579e-01,2.258274111574511481e-02,9.989795189165776579e-01,-3.911445498664522374e-02,-4.516548223149025043e-02,-8.660254037844387076e-01,-1.298158525861724325e-18,-4.999999999999999445e-01,2.007190755930852999e-01,0.000000000000000000e+00,0.000000000000000000e+00,0.000000000000000000e+00,1.000000000000000000e+00
-4.994523955615624011e-01,4.678908282138338759e-02,8.650769250746146444e-01,9.989047911231249133e-01,2.339454141069169033e-02,9.989047911231249133e-01,-4.052053434309209334e-02,-4.678908282138339453e-02,-8.660254037844387076e-01,-1.220105442062852466e-18,-4.999999999999999445e-01,2.007449433574303166e-01,0.000000000000000000e+00,0.000000000000000000e+00,0.000000000000000000e+00,1.000000000000000000e+00
-4.994128814457022836e-01,4.844683048872633346e-02,8.650084846183287990e-01,9.988257628914046782e-01,2.422341524436316326e-02,9.988257628914046782e-01,-4.195618593607548102e-02,-4.844683048872633346e-02,-8.660254037844387076e-01,-1.140410769369355425e-18,-4.999999999999999445e-01,2.007713571973315236e-01,0.000000000000000000e+00,0.000000000000000000e+00,0.000000000000000000e+00,1.000000000000000000e+00
-4.993711280106463701e-01,5.013886753306621979e-02,8.649361655474213650e-01,9.987422560212928513e-01,2.506943376653310296e-02,9.987422560212928513e-01,-4.342153300061815657e-02,-5.013886753306621979e-02,-8.660254037844387076e-01,-4.528514618816861427e-18,-4.999999999999999445e-01,2.007983195828468848e-01,0.000000000000000000e+00,0.000000000000000000e+00,0.000000000000000000e+00,1.000000000000000000e+00
-4.993270440363407614e-01,5.186532922599237927e-02,8.648598098641244736e-01,9.986540880726816338e-01,2.593266461299618617e-02,9.986540880726816338e-01,-4.491669268535290055e-02,-5.186532922599238621e-02,-8.660254037844387076e-01,-9.760696314890570908e-19,-4.999999999999999445e-01,2.008258328848384067e-01,0.000000000000000000e+00,0.000000000000000000e+00,0.000000000000000000e+00,1.000000000000000000e+00
-4.992805361841232692e-01,5.362634381325327715e-02,8.647792559011329150e-01,9.985610723682466494e-01,2.681317190662663164e-02,9.985610723682466494e-01,-4.644177605435580170e-02,-5.362634381325327715e-02,-8.660254037844387076e-01,-8.914104979520608599e-19,-4.999999999999999445e-01,2.008538993755537849e-01,0.000000000000000000e+00,0.000000000000000000e+00,0.000000000000000000e+00,1.000000000000000000e+00
-4.992315089995267852e-01,5.542203251615109016e-02,8.646943383264596994e-01,9.984630179990536814e-01,2.771101625807553814e-02,9.984630179990536814e-01,-4.799688808835404080e-02,-5.542203251615109016e-02,-8.660254037844388186e-01,-4.274531390604850219e-18,-4.999999999999999445e-01,2.008825212292084661e-01,0.000000000000000000e+00,0.000000000000000000e+00,0.000000000000000000e+00,1.000000000000000000e+00
-4.991798649165101742e-01,5.725250953223213340e-02,8.646048881507646389e-01,9.983597298330204595e-01,2.862625476611606323e-02,9.983597298330204595e-01,-4.958212768532375969e-02,-5.725250953223214034e-02,-8.660254037844387076e-01,-7.170859636460713731e-19,-4.999999999999999445e-01,2.009117005225671271e-01,0.000000000000000000e+00,0.000000000000000000e+00,0.000000000000000000e+00,1.000000000000000000e+00
-4.991255042631214667e-01,5.911788203529128732e-02,8.645107327371628347e-01,9.982510085262430444e-01,2.955894101764563672e-02,9.982510085262430444e-01,-5.119758766049395393e-02,-5.911788203529129426e-02,-8.660254037844387076e-01,-4.096856872609968895e-18,-4.999999999999999445e-01,2.009414392355257095e-01,0.000000000000000000e+00,0.000000000000000000e+00,0.000000000000000000e+00,1.000000000000000000e+00
-4.990683252685989002e-01,6.101825017471108892e-02,8.644116958135239503e-01,9.981366505371979114e-01,3.050912508735553752e-02,9.981366505371979114e-01,-5.284335474577406960e-02,-6.101825017471109586e-02,-8.660254037844387076e-01,-4.005498447047558382e-18,-4.999999999999999445e-01,2.009717392516931211e-01,0.000000000000000000e+00,0.000000000000000000e+00,0.000000000000000000e+00,1.000000000000000000e+00
-4.990082240719136975e-01,6.295370707415728906e-02,8.643075974872694855e-01,9.980164481438275059e-01,3.147685353707864453e-02,9.980164481438275059e-01,-5.451950958862434443e-02,-6.295370707415730294e-02,-8.660254037844387076e-01,3.026440741828137184e-18,-4.999999999999999445e-01,2.010026023589729927e-01,0.000000000000000000e+00,0.000000000000000000e+00,0.000000000000000000e+00,1.000000000000000000e+00
-4.989450947317580765e-01,6.492433882965376046e-02,8.641982542626717168e-01,9.978901894635162639e-01,3.246216941482687329e-02,9.978901894635162639e-01,-5.622612675038860669e-02,-6.492433882965376046e-02,-8.660254037844387076e-01,-3.482699267649210401e-19,-4.999999999999999445e-01,2.010340302501456011e-01,0.000000000000000000e+00,0.000000000000000000e+00,0.000000000000000000e+00,1.000000000000000000e+00
-4.988788292379809919e-01,6.693022450706095916e-02,8.640834790606610749e-01,9.977576584759619838e-01,3.346511225353047958e-02,9.977576584759619838e-01,-5.796327470411060528e-02,-6.693022450706097304e-02,-8.660254037844387076e-01,3.217608107958825086e-18,-4.999999999999999445e-01,2.010660245234494881e-01,0.000000000000000000e+00,0.000000000000000000e+00,0.000000000000000000e+00,1.000000000000000000e+00
-4.988093175244738831e-01,6.897143613898470971e-02,8.639630812411457361e-01,9.976186350489478771e-01,3.448571806949235485e-02,9.976186350489478771e-01,-5.973101583185685959e-02,-6.897143613898472359e-02,-8.660254037844387076e-01,3.315737453038861670e-18,-4.999999999999999445e-01,2.010985866831634106e-01,0.000000000000000000e+00,0.000000000000000000e+00,0.000000000000000000e+00,1.000000000000000000e+00
-4.987364474835078165e-01,7.104803872114116847e-02,8.638368666278428698e-01,9.974728949670157441e-01,3.552401936057057730e-02,9.974728949670157441e-01,-6.152940642156871226e-02,-7.104803872114116847e-02,-8.660254037844387076e-01,-5.387876691638691874e-20,-4.999999999999999445e-01,2.011317181401880427e-01,0.000000000000000000e+00,0.000000000000000000e+00,0.000000000000000000e+00,1.000000000000000000e+00
-4.986601049815211351e-01,7.316009020820797570e-02,8.637046375356249861e-01,9.973202099630423811e-01,3.658004510410398091e-02,9.973202099630423811e-01,-6.335849666346926590e-02,-7.316009020820798958e-02,-8.660254037844387076e-01,3.517103090070986865e-18,-4.999999999999999445e-01,2.011654202126278157e-01,0.000000000000000000e+00,0.000000000000000000e+00,0.000000000000000000e+00,1.000000000000000000e+00
-4.985801738763594448e-01,7.530764150919026789e-02,8.635661928003797172e-01,9.971603477527188897e-01,3.765382075459512701e-02,9.971603477527188897e-01,-6.521833064605025987e-02,-7.530764150919028177e-02,-8.660254037844388186e-01,-3.318549288364155421e-18,-4.999999999999999445e-01,2.011996941263726746e-01,0.000000000000000000e+00,0.000000000000000000e+00,0.000000000000000000e+00,1.000000000000000000e+00
-4.984965360359651654e-01,7.749073648233349709e-02,8.634213278113815893e-01,9.969930720719304418e-01,3.874536824116673467e-02,9.969930720719304418e-01,-6.710894635166640698e-02,-7.749073648233349709e-02,-8.660254037844387076e-01,-1.015249293791673386e-17,-4.999999999999999445e-01,2.012345410156799463e-01,0.000000000000000000e+00,0.000000000000000000e+00,0.000000000000000000e+00,1.000000000000000000e+00
-4.984090713585164201e-01,7.970941192961555899e-02,8.632698345461725653e-01,9.968181427170328401e-01,3.985470596480776562e-02,9.968181427170328401e-01,-6.903037565176546597e-02,-7.970941192961555899e-02,-8.660254037844387076e-01,-3.106938281551537508e-18,-4.999999999999999445e-01,2.012699619237560134e-01,0.000000000000000000e+00,0.000000000000000000e+00,0.000000000000000000e+00,1.000000000000000000e+00
-4.983176577940108265e-01,8.196369759085141149e-02,8.631115016079479174e-01,9.966353155880216530e-01,4.098184879542569881e-02,9.966353155880216530e-01,-7.098264430178272133e-02,-8.196369759085142537e-02,-8.660254037844388186e-01,-2.998565601276386087e-18,-4.999999999999998890e-01,2.013059578033382646e-01,0.000000000000000000e+00,0.000000000000000000e+00,0.000000000000000000e+00,1.000000000000000000e+00
-4.982221713672936314e-01,8.425361613744632161e-02,8.629461142654406558e-01,9.964443427345873738e-01,4.212680806872314693e-02,9.964443427345873738e-01,-7.296577193573104692e-02,-8.425361613744632161e-02,-8.660254037844387076e-01,-2.888479903277394072e-18,-4.999999999999999445e-01,2.013425295172766860e-01,0.000000000000000000e+00,0.000000000000000000e+00,0.000000000000000000e+00,1.000000000000000000e+00
-4.981224862025245281e-01,8.657918316583278207e-02,8.627734544952996298e-01,9.962449724050491673e-01,4.328959158291638409e-02,9.962449724050491673e-01,-7.497977206051721633e-02,-8.657918316583279594e-02,-8.660254037844387076e-01,-2.776680437770616887e-18,-4.999999999999999445e-01,2.013796778391158948e-01,0.000000000000000000e+00,0.000000000000000000e+00,0.000000000000000000e+00,1.000000000000000000e+00
-4.980184745490785492e-01,8.894040719062971945e-02,8.625933010269520862e-01,9.960369490981572094e-01,4.447020359531485278e-02,9.960369490981572094e-01,-7.702465205001750304e-02,-8.894040719062970557e-02,-8.660254037844387076e-01,-2.663166795423693554e-18,-4.999999999999999445e-01,2.014174034536767577e-01,0.000000000000000000e+00,0.000000000000000000e+00,0.000000000000000000e+00,1.000000000000000000e+00
-4.979100068088770370e-01,9.133728963756200525e-02,8.624054293899408030e-01,9.958200136177541850e-01,4.566864481878099569e-02,9.958200136177541850e-01,-7.910041313894586312e-02,-9.133728963756201913e-02,-8.660254037844387076e-01,-2.547938907696230930e-18,-4.999999999999999445e-01,2.014557069576382309e-01,0.000000000000000000e+00,0.000000000000000000e+00,0.000000000000000000e+00,1.000000000000000000e+00
-4.977969515651415877e-01,9.376982483618064024e-02,8.622096119637289169e-01,9.955939031302832865e-01,4.688491241809030624e-02,9.955939031302832865e-01,-8.120705041654942280e-02,-9.376982483618064024e-02,-8.660254037844387076e-01,-2.430997047189774452e-18,-4.999999999999999445e-01,2.014945888601192003e-01,0.000000000000000000e+00,0.000000000000000000e+00,0.000000000000000000e+00,1.000000000000000000e+00
-4.976791756125648059e-01,9.623800001242352464e-02,8.620056180299561222e-01,9.953583512251297227e-01,4.811900000621175538e-02,9.953583512251297227e-01,-8.334455282016589583e-02,-9.623800001242353852e-02,-8.660254037844387076e-01,-2.312341828005443310e-18,-4.999999999999999445e-01,2.015340495832601830e-01,0.000000000000000000e+00,0.000000000000000000e+00,0.000000000000000000e+00,1.000000000000000000e+00
-4.975565439888899877e-01,9.874179528106098724e-02,8.617932138271366949e-01,9.951130879777800864e-01,4.937089764053047974e-02,9.951130879777800864e-01,-8.551290312868121968e-02,-9.874179528106098724e-02,-8.660254037844387076e-01,-2.191974206107104601e-18,-4.999999999999999445e-01,2.015740894628052227e-01,0.000000000000000000e+00,0.000000000000000000e+00,0.000000000000000000e+00,1.000000000000000000e+00
-4.974289200078921835e-01,1.012811836380666380e-01,8.615721626077842421e-01,9.948578400157844781e-01,5.064059181903330514e-02,9.948578400157844781e-01,-8.771207795592254886e-02,-1.012811836380666380e-01,-8.660254037844387076e-01,-9.008789383595363480e-18,-4.999999999999999445e-01,2.016147087486836742e-01,0.000000000000000000e+00,0.000000000000000000e+00,0.000000000000000000e+00,1.000000000000000000e+00
-4.972961652937516464e-01,1.038561309529597576e-01,8.613422246979485219e-01,9.945923305875034037e-01,5.192806547647986493e-02,9.945923305875034037e-01,-8.994204774402651814e-02,-1.038561309529597576e-01,-8.660254037844387076e-01,-8.885001193446788069e-18,-4.999999999999999445e-01,2.016559076055919053e-01,0.000000000000000000e+00,0.000000000000000000e+00,0.000000000000000000e+00,1.000000000000000000e+00
-4.971581398168097854e-01,1.064665959611633267e-01,8.611031575591462373e-01,9.943162796336195708e-01,5.323329798058164947e-02,9.943162796336195708e-01,-9.220277675682116147e-02,-1.064665959611633267e-01,-8.660254037844387076e-01,-8.759505523324653953e-18,-4.999999999999998890e-01,2.016976861135751642e-01,0.000000000000000000e+00,0.000000000000000000e+00,0.000000000000000000e+00,1.000000000000000000e+00
-4.970147019306975777e-01,1.091125302564242283e-01,8.608547158526697052e-01,9.940294038613952665e-01,5.455626512821210028e-02,9.940294038613952665e-01,-9.449422307326157955e-02,-1.091125302564242422e-01,-8.660254037844387076e-01,-8.632304700314420457e-18,-4.999999999999999445e-01,2.017400442686093642e-01,0.000000000000000000e+00,0.000000000000000000e+00,0.000000000000000000e+00,1.000000000000000000e+00
-4.968657084108262789e-01,1.117938782833424599e-01,8.605966515062540845e-01,9.937314168216526689e-01,5.589693914167122302e-02,9.937314168216526689e-01,-9.681633858096004575e-02,-1.117938782833424738e-01,-8.660254037844387076e-01,-1.564507491282893473e-18,-4.999999999999999445e-01,2.017829819831828964e-01,0.000000000000000000e+00,0.000000000000000000e+00,0.000000000000000000e+00,1.000000000000000000e+00
-4.967110144942269989e-01,1.145105773300571367e-01,8.603287137830823994e-01,9.934220289884541089e-01,5.725528866502855446e-02,9.934220289884541089e-01,-9.916906896985192010e-02,-1.145105773300571367e-01,-8.660254037844387076e-01,-1.433904718858740595e-18,-4.999999999999999445e-01,2.018264990868783859e-01,0.000000000000000000e+00,0.000000000000000000e+00,0.000000000000000000e+00,1.000000000000000000e+00
-4.965504739207288187e-01,1.172625575211389964e-01,8.600506493531071550e-01,9.931009478414576375e-01,5.863127876056948434e-02,9.931009478414576375e-01,-1.015523537260403647e-01,-1.172625575211389964e-01,-8.660254037844387076e-01,-1.301605838330812409e-18,-4.999999999999999445e-01,2.018705953269545328e-01,0.000000000000000000e+00,0.000000000000000000e+00,0.000000000000000000e+00,1.000000000000000000e+00
-4.963839389754606257e-01,1.200497418107368680e-01,8.597622023666670055e-01,9.927678779509213625e-01,6.002487090536842707e-02,9.927678779509213625e-01,-1.039661261258610081e-01,-1.200497418107368819e-01,-8.660254037844387076e-01,-1.167614553606532540e-18,-4.999999999999999445e-01,2.019152703689278128e-01,0.000000000000000000e+00,0.000000000000000000e+00,0.000000000000000000e+00,1.000000000000000000e+00
-4.962112605326646220e-01,1.228720459760314909e-01,8.594631145303724962e-01,9.924225210653293550e-01,6.143602298801573158e-02,9.924225210653293550e-01,-1.064103132302127858e-01,-1.228720459760315048e-01,-8.660254037844387076e-01,-1.031934913619370855e-18,-4.999999999999999445e-01,2.019605237971544009e-01,0.000000000000000000e+00,0.000000000000000000e+00,0.000000000000000000e+00,1.000000000000000000e+00
-4.960322881008051299e-01,1.257293786110437739e-01,8.591531251852376760e-01,9.920645762016103708e-01,6.286468930552187306e-02,9.920645762016103708e-01,-1.088848358791957571e-01,-1.257293786110438016e-01,-8.660254037844387076e-01,-7.833465216533732782e-18,-4.999999999999999445e-01,2.020063551154118731e-01,0.000000000000000000e+00,0.000000000000000000e+00,0.000000000000000000e+00,1.000000000000000000e+00
-4.958468698689592058e-01,1.286216411208534471e-01,8.588319713870309347e-01,9.916937397379185226e-01,6.431082056042670969e-02,9.916937397379185226e-01,-1.113896086871042773e-01,-1.286216411208534749e-01,-8.660254037844387076e-01,-7.694422394393979836e-18,-4.999999999999999445e-01,2.020527637474810734e-01,0.000000000000000000e+00,0.000000000000000000e+00,0.000000000000000000e+00,1.000000000000000000e+00
-4.956548527544718530e-01,1.315487277162763202e-01,8.584993879888160873e-01,9.913097055089438170e-01,6.577436385813813235e-02,9.913097055089438170e-01,-1.139245400378173789e-01,-1.315487277162763202e-01,-8.660254037844387076e-01,-1.449259934073091733e-17,-4.999999999999999445e-01,2.020997490377277883e-01,0.000000000000000000e+00,0.000000000000000000e+00,0.000000000000000000e+00,1.000000000000000000e+00
-4.954560824518605688e-01,1.345105254090559477e-01,8.581551077256575066e-01,9.909121649037212487e-01,6.725526270452794608e-02,9.909121649037212487e-01,-1.164895320806346724e-01,-1.345105254090559477e-01,-8.660254037844387076e-01,-1.435021367953511360e-17,-4.999999999999999445e-01,2.021473102516846976e-01,0.000000000000000000e+00,0.000000000000000000e+00,0.000000000000000000e+00,1.000000000000000000e+00
-4.952504034829502966e-01,1.375069140076214946e-01,8.577988613014565500e-01,9.905008069659007042e-01,6.875345700381073344e-02,9.905008069659007042e-01,-1.190844807266024930e-01,-1.375069140076215224e-01,-8.660254037844387076e-01,-7.267271188904217807e-18,-4.999999999999999445e-01,2.021954465766330478e-01,0.000000000000000000e+00,0.000000000000000000e+00,0.000000000000000000e+00,1.000000000000000000e+00
-4.950376592482223503e-01,1.405377661134662171e-01,8.574303774778904152e-01,9.900753184964448117e-01,7.026888305673309465e-02,9.900753184964448117e-01,-1.217092756453775904e-01,-1.405377661134662448e-01,-8.660254037844387076e-01,-7.121565801217056271e-18,-4.999999999999999445e-01,2.022441571221844925e-01,0.000000000000000000e+00,0.000000000000000000e+00,0.000000000000000000e+00,1.000000000000000000e+00
-4.948176920793574407e-01,1.436029471182002915e-01,8.570493831654193428e-01,9.896353841587149924e-01,7.180147355910013185e-02,9.896353841587149924e-01,-1.243638002626748090e-01,-1.436029471182003192e-01,-8.660254037844387076e-01,-6.974210083739174329e-18,-4.999999999999999445e-01,2.022934409208628770e-01,0.000000000000000000e+00,0.000000000000000000e+00,0.000000000000000000e+00,1.000000000000000000e+00
-4.945903432929540933e-01,1.467023152013324505e-01,8.566556035163295224e-01,9.891806865859082976e-01,7.335115760066621138e-02,9.891806865859082976e-01,-1.270479317583459444e-01,-1.467023152013324783e-01,-8.660254037844387076e-01,-6.825210854358390898e-18,-4.999999999999999445e-01,2.023432969286861061e-01,0.000000000000000000e+00,0.000000000000000000e+00,0.000000000000000000e+00,1.000000000000000000e+00
-4.943554532454018657e-01,1.498357213288368794e-01,8.562487620197768434e-01,9.887109064908038425e-01,7.491786066441842584e-02,9.887109064908038425e-01,-1.297615410651385970e-01,-1.498357213288369072e-01,-8.660254037844387076e-01,-6.674575277746475245e-18,-4.999999999999999445e-01,2.023937240257477621e-01,0.000000000000000000e+00,0.000000000000000000e+00,0.000000000000000000e+00,1.000000000000000000e+00
-4.941128613888889354e-01,1.530030092525575813e-01,8.558285805987939643e-01,9.882257227777779818e-01,7.650150462627877679e-02,9.882257227777779818e-01,-1.325044928681803902e-01,-1.530030092525576091e-01,-8.660254037844387076e-01,-6.522310865387770929e-18,-4.999999999999999445e-01,2.024447210167991118e-01,0.000000000000000000e+00,0.000000000000000000e+00,0.000000000000000000e+00,1.000000000000000000e+00
-4.938624063285219634e-01,1.562040155105086925e-01,8.553947797092256167e-01,9.877248126570440379e-01,7.810200775525433237e-02,9.877248126570440379e-01,-1.352766456052389987e-01,-1.562040155105086925e-01,-8.660254037844387076e-01,7.509362332249691559e-18,-4.999999999999999445e-01,2.024962866318307519e-01,0.000000000000000000e+00,0.000000000000000000e+00,0.000000000000000000e+00,1.000000000000000000e+00
-4.936039258805366425e-01,1.594385694281232335e-01,8.549470784405519552e-01,9.872078517610733961e-01,7.971928471406160288e-02,9.872078517610733961e-01,-1.380778514678036861e-01,-1.594385694281232335e-01,-8.660254037844387076e-01,-6.212927313298050806e-18,-4.999999999999999445e-01,2.025484195266544774e-01,0.000000000000000000e+00,0.000000000000000000e+00,0.000000000000000000e+00,1.000000000000000000e+00
-4.933372571315756683e-01,1.627064931205085552e-01,8.544851946185606506e-01,9.866745142631514476e-01,8.135324656025426371e-02,9.866745142631514476e-01,-1.409079564030384091e-01,-1.627064931205085829e-01,-8.660254037844387076e-01,7.821962877576549793e-18,-4.999999999999999445e-01,2.026011182834849822e-01,0.000000000000000000e+00,0.000000000000000000e+00,0.000000000000000000e+00,1.000000000000000000e+00
-4.930622364990104312e-01,1.660076014957613533e-01,8.540088449098279799e-01,9.861244729980209733e-01,8.300380074788064888e-02,9.861244729980209733e-01,-1.437668001166529097e-01,-1.660076014957613533e-01,-8.660254037844387076e-01,-5.897127224504921677e-18,-4.999999999999999445e-01,2.026543814115218112e-01,0.000000000000000000e+00,0.000000000000000000e+00,0.000000000000000000e+00,1.000000000000000000e+00
-4.927786997922820600e-01,1.693417022594007337e-01,8.535177449279636175e-01,9.855573995845642310e-01,8.467085112970035299e-02,9.855573995845642310e-01,-1.466542160767417280e-01,-1.693417022594007615e-01,-8.660254037844387076e-01,-5.736843440476883771e-18,-4.999999999999999445e-01,2.027082073475310331e-01,0.000000000000000000e+00,0.000000000000000000e+00,0.000000000000000000e+00,1.000000000000000000e+00
-4.924864822752376692e-01,1.727085959199709808e-01,8.530116093415811562e-01,9.849729645504754494e-01,8.635429795998546265e-02,9.849729645504754494e-01,-1.495700315186363205e-01,-1.727085959199709808e-01,-8.660254037844387076e-01,-5.574983168519436177e-18,-4.999999999999999445e-01,2.027625944564270810e-01,0.000000000000000000e+00,0.000000000000000000e+00,0.000000000000000000e+00,1.000000000000000000e+00
-4.921854187294343319e-01,1.761080757958739251e-01,8.524901519839429564e-01,9.843708374588687748e-01,8.805403789793693481e-02,9.843708374588687748e-01,-1.525140674508222438e-01,-1.761080757958739251e-01,-8.660254037844385966e-01,-5.411556344657606276e-18,-4.999999999999999445e-01,2.028175410318544536e-01,0.000000000000000000e+00,0.000000000000000000e+00,0.000000000000000000e+00,1.000000000000000000e+00
-4.918753435183865208e-01,1.795399280234812878e-01,8.519530859642404641e-01,9.837506870367731526e-01,8.976996401174063001e-02,9.837506870367731526e-01,-1.554861386619644514e-01,-1.795399280234813155e-01,-8.660254037844387076e-01,-5.246573250185823576e-18,-4.999999999999999445e-01,2.028730452967697218e-01,0.000000000000000000e+00,0.000000000000000000e+00,0.000000000000000000e+00,1.000000000000000000e+00
-4.915560906527282059e-01,1.830039315665852873e-01,8.514001237804581512e-01,9.831121813054564118e-01,9.150196578329262975e-02,9.831121813054564118e-01,-1.584860537290918026e-01,-1.830039315665853150e-01,-8.660254037844388186e-01,-5.080044511213588212e-18,-4.999999999999999445e-01,2.029291054040230913e-01,0.000000000000000000e+00,0.000000000000000000e+00,0.000000000000000000e+00,1.000000000000000000e+00
-4.912274938562628535e-01,1.864998582272402172e-01,8.508309774337760034e-01,9.824549877125258179e-01,9.324992911362008086e-02,9.824549877125258179e-01,-1.615136150269862736e-01,-1.864998582272402172e-01,-8.660254037844387076e-01,-4.911981098144265001e-18,-4.999999999999999445e-01,2.029857194369403262e-01,0.000000000000000000e+00,0.000000000000000000e+00,0.000000000000000000e+00,1.000000000000000000e+00
-4.908893866328732369e-01,1.900274726580495621e-01,8.502453585444590400e-01,9.817787732657465849e-01,9.501373632902476718e-02,9.817787732657465849e-01,-1.645686187388237520e-01,-1.900274726580496176e-01,-8.660254037844388186e-01,-4.742394325084400729e-18,-4.999999999999999445e-01,2.030428854099045610e-01,0.000000000000000000e+00,0.000000000000000000e+00,0.000000000000000000e+00,1.000000000000000000e+00
-4.905416023342602516e-01,1.935865323759524415e-01,8.496429784691866827e-01,9.810832046685206143e-01,9.679326618797619297e-02,9.810832046685206143e-01,-1.676508548681135413e-01,-1.935865323759524415e-01,-8.660254037844387076e-01,-1.844908365699540524e-17,-4.999999999999999445e-01,2.031006012689380025e-01,0.000000000000000000e+00,0.000000000000000000e+00,0.000000000000000000e+00,1.000000000000000000e+00
-4.901839742284834767e-01,1.971767877775618127e-01,8.490235484197666826e-01,9.803679484569670644e-01,9.858839388878087862e-02,9.803679484569670644e-01,-1.707601072519815411e-01,-1.971767877775618127e-01,-8.660254037844387076e-01,-4.398697669883903036e-18,-4.999999999999999445e-01,2.031588648922837415e-01,0.000000000000000000e+00,0.000000000000000000e+00,0.000000000000000000e+00,1.000000000000000000e+00
-4.898163355692710663e-01,2.007979821561081679e-01,8.483867795831843139e-01,9.796326711385422437e-01,1.003989910780540701e-01,9.796326711385422437e-01,-1.738961535758440924e-01,-2.007979821561081402e-01,-8.660254037844387076e-01,-4.224612128131738787e-18,-4.999999999999999445e-01,2.032176740909876766e-01,0.000000000000000000e+00,0.000000000000000000e+00,0.000000000000000000e+00,1.000000000000000000e+00
-4.894385196660694382e-01,2.044498517200392940e-01,8.477323832429315420e-01,9.788770393321389873e-01,1.022249258600196192e-01,9.788770393321389873e-01,-1.770587653895156488e-01,-2.044498517200392940e-01,-8.660254037844387076e-01,-1.792683971327171117e-17,-4.999999999999999445e-01,2.032770266094801048e-01,0.000000000000000000e+00,0.000000000000000000e+00,0.000000000000000000e+00,1.000000000000000000e+00
-4.890503599547999514e-01,2.081321256133283060e-01,8.470600709015615459e-01,9.781007199096000138e-01,1.040660628066641252e-01,9.781007199096000138e-01,-1.802477081247961521e-01,-2.081321256133283060e-01,-8.660254037844387076e-01,-3.872030023011277404e-18,-4.999999999999999445e-01,2.033369201261576997e-01,0.000000000000000000e+00,0.000000000000000000e+00,0.000000000000000000e+00,1.000000000000000000e+00
-4.886516900692912668e-01,2.118445259375399126e-01,8.463695544044127494e-01,9.773033801385826447e-01,1.059222629687699424e-01,9.773033801385826447e-01,-1.834627411145809961e-01,-2.118445259375399403e-01,-8.660254037844388186e-01,-3.693559840501847930e-18,-4.999999999999999445e-01,2.033973522539652135e-01,0.000000000000000000e+00,0.000000000000000000e+00,0.000000000000000000e+00,1.000000000000000000e+00
-4.882423439133541931e-01,2.155867677757049294e-01,8.456605460644467387e-01,9.764846878267084973e-01,1.077933838878524508e-01,9.764846878267084973e-01,-1.867036176135368764e-01,-2.155867677757049572e-01,-8.660254037844387076e-01,-3.513655055046478662e-18,-4.999999999999999445e-01,2.034583205409772333e-01,0.000000000000000000e+00,0.000000000000000000e+00,0.000000000000000000e+00,1.000000000000000000e+00
-4.878221557334650460e-01,2.193585592180522237e-01,8.449327587881388935e-01,9.756443114669302030e-01,1.096792796090260980e-01,9.756443114669302030e-01,-1.899700848203863812e-01,-2.193585592180522514e-01,-8.660254037844387076e-01,-3.332329699935111455e-18,-4.999999999999999445e-01,2.035198224709801051e-01,0.000000000000000000e+00,0.000000000000000000e+00,0.000000000000000000e+00,1.000000000000000000e+00
-4.873909601920247692e-01,2.231596013896429698e-01,8.441859062023672200e-01,9.747819203840496494e-01,1.115798006948214433e-01,9.747819203840496494e-01,-1.932618839018399315e-01,-2.231596013896429698e-01,-8.660254037844387076e-01,-1.702738595111608304e-17,-4.999999999999999445e-01,2.035818554640536071e-01,0.000000000000000000e+00,0.000000000000000000e+00,0.000000000000000000e+00,1.000000000000000000e+00
-4.869485924411575128e-01,2.269895884799604524e-01,8.434197027822351034e-01,9.738971848823151367e-01,1.134947942399801984e-01,9.738971848823151367e-01,-1.965787500182213376e-01,-2.269895884799604524e-01,-8.660254037844387076e-01,-1.684326289451580152e-17,-4.999999999999999445e-01,2.036444168771527896e-01,0.000000000000000000e+00,0.000000000000000000e+00,0.000000000000000000e+00,1.000000000000000000e+00
-4.864948881970149186e-01,2.308482077744932193e-01,8.426338639797704699e-01,9.729897763940299482e-01,1.154241038872465819e-01,9.729897763940299482e-01,-1.999204123508194764e-01,-2.308482077744932193e-01,-8.660254037844387076e-01,-2.779975563592691692e-18,-4.999999999999999445e-01,2.037075040046897600e-01,0.000000000000000000e+00,0.000000000000000000e+00,0.000000000000000000e+00,1.000000000000000000e+00
-4.860296838145495846e-01,2.347351396883638752e-01,8.418281063534368558e-01,9.720593676290992802e-01,1.173675698441819099e-01,9.720593676290992802e-01,-2.032865941310119384e-01,-2.347351396883638752e-01,-8.660254037844387076e-01,-2.593114937720523237e-18,-4.999999999999999445e-01,2.037711140791155784e-01,0.000000000000000000e+00,0.000000000000000000e+00,0.000000000000000000e+00,1.000000000000000000e+00
-4.855528163627214067e-01,2.386500578020402663e-01,8.410021476983945421e-01,9.711056327254429243e-01,1.193250289010201054e-01,9.711056327254429243e-01,-2.066770126711915401e-01,-2.386500578020402941e-01,-8.660254037844385966e-01,-2.404908901399352979e-18,-4.999999999999999445e-01,2.038352442715018198e-01,0.000000000000000000e+00,0.000000000000000000e+00,0.000000000000000000e+00,1.000000000000000000e+00
-4.850641237001004913e-01,2.425926288991781254e-01,8.401557071774490293e-01,9.701282474002010936e-01,1.212963144495890211e-01,9.701282474002010936e-01,-2.100913793975392185e-01,-2.425926288991780977e-01,-8.660254037844387076e-01,-1.609316128150855059e-17,-4.999999999999999445e-01,2.038998916921226368e-01,0.000000000000000000e+00,0.000000000000000000e+00,0.000000000000000000e+00,1.000000000000000000e+00
-4.845634445508286148e-01,2.465625130066288473e-01,8.392885054526197930e-01,9.691268891016573406e-01,1.232812565033143959e-01,9.691268891016573406e-01,-2.135293998846716501e-01,-2.465625130066288195e-01,-8.660254037844387076e-01,-2.024524998496721178e-18,-4.999999999999999445e-01,2.039650533910363217e-01,0.000000000000000000e+00,0.000000000000000000e+00,0.000000000000000000e+00,1.000000000000000000e+00
-4.840506185809019257e-01,2.505593634366605760e-01,8.384002648172659278e-01,9.681012371618039625e-01,1.252796817183302602e-01,9.681012371618039625e-01,-2.169907738922058904e-01,-2.505593634366605760e-01,-8.660254037844387076e-01,-1.832380142496542996e-18,-4.999999999999999445e-01,2.040307263586673414e-01,0.000000000000000000e+00,0.000000000000000000e+00,0.000000000000000000e+00,1.000000000000000000e+00
-4.835254864747365877e-01,2.545828268314211940e-01,8.374907093287017323e-01,9.670509729494731754e-01,1.272914134157105692e-01,9.670509729494731754e-01,-2.204751954032653782e-01,-2.545828268314211940e-01,-8.660254037844388186e-01,-1.551674370085712861e-17,-4.999999999999998890e-01,2.040969075263878163e-01,0.000000000000000000e+00,0.000000000000000000e+00,0.000000000000000000e+00,1.000000000000000000e+00
-4.829878900119772278e-01,2.586325432096906463e-01,8.365595649412334023e-01,9.659757800239545666e-01,1.293162716048452954e-01,9.659757800239545666e-01,-2.239823526649686036e-01,-2.586325432096906463e-01,-8.660254037844387076e-01,-1.444269555896460021e-18,-4.999999999999999445e-01,2.041635937670996936e-01,0.000000000000000000e+00,0.000000000000000000e+00,0.000000000000000000e+00,1.000000000000000000e+00
-4.824376721445122196e-01,2.627081460159474413e-01,8.356065596395517714e-01,9.648753442890245502e-01,1.313540730079736929e-01,9.648753442890245502e-01,-2.275119282309221447e-01,-2.627081460159474413e-01,-8.660254037844387076e-01,-1.248338752872660569e-18,-4.999999999999999445e-01,2.042307818958161714e-01,0.000000000000000000e+00,0.000000000000000000e+00,0.000000000000000000e+00,1.000000000000000000e+00
-4.818746770736514473e-01,2.668092621717925716e-01,8.346314235724101582e-01,9.637493541473030056e-01,1.334046310858962581e-01,9.637493541473030056e-01,-2.310635990057548494e-01,-2.668092621717925716e-01,-8.660254037844387076e-01,-1.492896922718174038e-17,-4.999999999999999445e-01,2.042984686702438157e-01,0.000000000000000000e+00,0.000000000000000000e+00,0.000000000000000000e+00,1.000000000000000000e+00
-4.812987503274309686e-01,2.709355121297556956e-01,8.336338891865182621e-01,9.625975006548619373e-01,1.354677560648778201e-01,9.625975006548619373e-01,-2.346370362917153674e-01,-2.709355121297557512e-01,-8.660254037844387076e-01,-1.473060360958536901e-17,-4.999999999999999445e-01,2.043666507913640684e-01,0.000000000000000000e+00,0.000000000000000000e+00,0.000000000000000000e+00,1.000000000000000000e+00
-4.807097388380009995e-01,2.750865099295188299e-01,8.326136913605839407e-01,9.614194776760021099e-01,1.375432549647593872e-01,9.614194776760021099e-01,-2.382319058373635612e-01,-2.750865099295188299e-01,-8.660254037844387076e-01,-1.453104826258025209e-17,-4.999999999999999445e-01,2.044353249040153364e-01,0.000000000000000000e+00,0.000000000000000000e+00,0.000000000000000000e+00,1.000000000000000000e+00
-4.801074910190583078e-01,2.792618632565844194e-01,8.315705675394275964e-01,9.602149820381167267e-01,1.396309316282921820e-01,9.602149820381167267e-01,-2.418478678883782262e-01,-2.792618632565844750e-01,-8.660254037844387076e-01,-1.433032204631988779e-17,-4.999999999999999445e-01,2.045044875974744714e-01,0.000000000000000000e+00,0.000000000000000000e+00,0.000000000000000000e+00,1.000000000000000000e+00
-4.794918568432801620e-01,2.834611735034150426e-01,8.305042578681041121e-01,9.589837136865604350e-01,1.417305867517074935e-01,9.589837136865604350e-01,-2.454845772405058191e-01,-2.834611735034150426e-01,-8.660254037844387076e-01,-2.506563156753450165e-19,-4.999999999999999445e-01,2.045741354060388040e-01,0.000000000000000000e+00,0.000000000000000000e+00,0.000000000000000000e+00,1.000000000000000000e+00
-4.788626879197199204e-01,2.876840358330707281e-01,8.294145053259542877e-01,9.577253758394399519e-01,1.438420179165353363e-01,9.577253758394399519e-01,-2.491416832946719839e-01,-2.876840358330707281e-01,-8.660254037844387076e-01,-4.764614843377846087e-20,-4.999999999999999445e-01,2.046442648096079009e-01,0.000000000000000000e+00,0.000000000000000000e+00,0.000000000000000000e+00,1.000000000000000000e+00
-4.782198375711212979e-01,2.919300392453664794e-01,8.283010558605181650e-01,9.564396751422427068e-01,1.459650196226832120e-01,9.564396751422427068e-01,-2.528188301142755279e-01,-2.919300392453664794e-01,-8.660254037844387076e-01,-1.372131130304568414e-17,-4.999999999999999445e-01,2.047148722342652383e-01,0.000000000000000000e+00,0.000000000000000000e+00,0.000000000000000000e+00,1.000000000000000000e+00
-4.775631609111097298e-01,2.961987666455718204e-01,8.271636585212335246e-01,9.551263218222195706e-01,1.480993833227858825e-01,9.551263218222195706e-01,-2.565156564846840515e-01,-2.961987666455718760e-01,-8.660254037844387076e-01,-1.351609621532223463e-17,-4.999999999999999445e-01,2.047859540528600975e-01,0.000000000000000000e+00,0.000000000000000000e+00,0.000000000000000000e+00,1.000000000000000000e+00
-4.768925149212179249e-01,3.004897949156734027e-01,8.260020655928485001e-01,9.537850298424359607e-01,1.502448974578366736e-01,9.537850298424359607e-01,-2.602317959749492204e-01,-3.004897949156734027e-01,-8.660254037844387076e-01,-1.330980903408167546e-17,-4.999999999999999445e-01,2.048575065855893773e-01,0.000000000000000000e+00,0.000000000000000000e+00,0.000000000000000000e+00,1.000000000000000000e+00
-4.762077585277041392e-01,3.048026949882152725e-01,8.248160327284750348e-01,9.524155170554083893e-01,1.524013474941076085e-01,9.524155170554083893e-01,-2.639668770017542521e-01,-3.048026949882153280e-01,-8.660254037844387076e-01,-1.310247038634169958e-17,-4.999999999999999445e-01,2.049295261005792679e-01,0.000000000000000000e+00,0.000000000000000000e+00,0.000000000000000000e+00,1.000000000000000000e+00
-4.755087526781186513e-01,3.091370319227363384e-01,8.236053190822051340e-01,9.510175053562374137e-01,1.545685159613681137e-01,9.510175053562374137e-01,-2.677205228956106575e-01,-3.091370319227363384e-01,-8.660254037844387076e-01,-4.064967679708816020e-17,-4.999999999999999445e-01,2.050020088144672292e-01,0.000000000000000000e+00,0.000000000000000000e+00,0.000000000000000000e+00,1.000000000000000000e+00
-4.747953604175769726e-01,3.134923649848150307e-01,8.223696874412205204e-01,9.495907208351540563e-01,1.567461824924074598e-01,9.495907208351540563e-01,-2.714923519693130949e-01,-3.134923649848150307e-01,-8.660254037844387076e-01,-4.044029822295940908e-17,-4.999999999999999445e-01,2.050749508929835818e-01,0.000000000000000000e+00,0.000000000000000000e+00,0.000000000000000000e+00,1.000000000000000000e+00
-4.740674469646958267e-01,3.178682477277354756e-01,8.211089043573174262e-01,9.481348939293917644e-01,1.589341238638677101e-01,9.481348939293917644e-01,-2.752819775886641285e-01,-3.178682477277355312e-01,-8.660254037844387076e-01,-1.247435612646485123e-17,-4.999999999999999445e-01,2.051483484515334854e-01,0.000000000000000000e+00,0.000000000000000000e+00,0.000000000000000000e+00,1.000000000000000000e+00
-4.733248797871487112e-01,3.222642280767828993e-01,8.198227402777727990e-01,9.466497595742975335e-01,1.611321140383914219e-01,9.466497595742975335e-01,-2.790890082454763332e-01,-3.222642280767828993e-01,-8.660254037844387076e-01,1.549255214369639939e-17,-4.999999999999999445e-01,2.052221975557785849e-01,0.000000000000000000e+00,0.000000000000000000e+00,0.000000000000000000e+00,1.000000000000000000e+00
-4.725675286767977434e-01,3.266798484161760885e-01,8.185109696754762076e-01,9.451350573535954869e-01,1.633399242080880442e-01,9.451350573535954869e-01,-2.829130476328581278e-01,-3.266798484161761995e-01,-8.660254037844388186e-01,1.570482897244363673e-17,-4.999999999999999445e-01,2.052964942222189060e-01,0.000000000000000000e+00,0.000000000000000000e+00,0.000000000000000000e+00,1.000000000000000000e+00
-4.717952658243579900e-01,3.311146456786429049e-01,8.171733711782525056e-01,9.435905316487160910e-01,1.655573228393213969e-01,9.435905316487160910e-01,-2.867536947227880550e-01,-3.311146456786429049e-01,-8.660254037844387076e-01,-1.183754790175028631e-17,-4.999999999999999445e-01,2.053712344187746675e-01,0.000000000000000000e+00,0.000000000000000000e+00,0.000000000000000000e+00,1.000000000000000000e+00
-4.710079658935519831e-01,3.355681514376388508e-01,8.158097276973010903e-01,9.420159317871040772e-01,1.677840757188193699e-01,9.420159317871040772e-01,-2.906105438459788415e-01,-3.355681514376388508e-01,-8.660254037844387076e-01,-1.162344976679669842e-17,-4.999999999999999445e-01,2.054464140653678716e-01,0.000000000000000000e+00,0.000000000000000000e+00,0.000000000000000000e+00,1.000000000000000000e+00
-4.702055060947081810e-01,3.400398920022138505e-01,8.144198265546720439e-01,9.404110121894164731e-01,1.700199460011068697e-01,9.404110121894164731e-01,-2.944831847740341790e-01,-3.400398920022137950e-01,-8.660254037844387076e-01,-3.916405062620397651e-17,-4.999999999999999445e-01,2.055220290345044221e-01,0.000000000000000000e+00,0.000000000000000000e+00,0.000000000000000000e+00,1.000000000000000000e+00
-4.693877662577631282e-01,3.445293885145211954e-01,8.130034596097102106e-01,9.387755325155263675e-01,1.722646942572605699e-01,9.387755325155263675e-01,-2.983712028038939534e-01,-3.445293885145211954e-01,-8.660254037844387076e-01,1.656292896189925664e-17,-4.999999999999999445e-01,2.055980751518556304e-01,0.000000000000000000e+00,0.000000000000000000e+00,0.000000000000000000e+00,1.000000000000000000e+00
-4.685546289046213508e-01,3.490361570499682653e-01,8.115604233843851656e-01,9.371092578092428127e-01,1.745180785249841326e-01,9.371092578092428127e-01,-3.022741788445675315e-01,-3.490361570499683208e-01,-8.660254037844387076e-01,1.677958765514506353e-17,-4.999999999999999445e-01,2.056745481968402234e-01,0.000000000000000000e+00,0.000000000000000000e+00,0.000000000000000000e+00,1.000000000000000000e+00
-4.677059793208307448e-01,3.535597087199988109e-01,8.100905191874375744e-01,9.354119586416616006e-01,1.767798543599993499e-01,9.354119586416616006e-01,-3.061916895061455035e-01,-3.535597087199987554e-01,-8.660254037844388186e-01,-3.851409804932784378e-17,-4.999999999999999445e-01,2.057514439032059328e-01,0.000000000000000000e+00,0.000000000000000000e+00,0.000000000000000000e+00,1.000000000000000000e+00
-4.668417056265294351e-01,3.580995497775040226e-01,8.085935532372625634e-01,9.336834112530589813e-01,1.790497748887519835e-01,9.336834112530589813e-01,-3.101233071910886041e-01,-3.580995497775040226e-01,-8.660254037844387076e-01,1.721530180582234749e-17,-4.999999999999999445e-01,2.058287579596114747e-01,0.000000000000000000e+00,0.000000000000000000e+00,0.000000000000000000e+00,1.000000000000000000e+00
-4.659616988466218634e-01,3.626551817248450105e-01,8.070693367834574916e-01,9.319233976932437269e-01,1.813275908624224775e-01,9.319233976932437269e-01,-3.140686001877778799e-01,-3.626551817248450660e-01,-8.660254037844388186e-01,-1.032126605361572525e-17,-4.999999999999999445e-01,2.059064860102082506e-01,0.000000000000000000e+00,0.000000000000000000e+00,0.000000000000000000e+00,1.000000000000000000e+00
-4.650658529801391383e-01,3.672261014244798116e-01,8.055176862269588511e-01,9.301317059602783877e-01,1.836130507122398503e-01,9.301317059602783877e-01,-3.180271327663203862e-01,-3.672261014244798116e-01,-8.660254037844388186e-01,-3.785709896862330161e-17,-4.999999999999999445e-01,2.059846236552221599e-01,0.000000000000000000e+00,0.000000000000000000e+00,0.000000000000000000e+00,1.000000000000000000e+00
-4.641540650687441261e-01,3.718118012121722771e-01,8.039384232386956874e-01,9.283081301374882521e-01,1.859059006060860830e-01,9.283081301374883632e-01,-3.219984652765909283e-01,-3.718118012121722771e-01,-8.660254037844387076e-01,-9.881070113427152339e-18,-4.999999999999999445e-01,2.060631664515353845e-01,0.000000000000000000e+00,0.000000000000000000e+00,0.000000000000000000e+00,1.000000000000000000e+00
-4.632262352643344294e-01,3.764117690127737337e-01,8.023313748766812692e-01,9.264524705286689699e-01,1.882058845063868391e-01,9.264524705286689699e-01,-3.259821542485022428e-01,-3.764117690127738447e-01,-8.660254037844388186e-01,-9.659930952449089350e-18,-4.999999999999999445e-01,2.061421099132682011e-01,0.000000000000000000e+00,0.000000000000000000e+00,0.000000000000000000e+00,1.000000000000000000e+00
-4.622822668957043968e-01,3.810254884585475010e-01,8.006963737014761717e-01,9.245645337914089046e-01,1.905127442292736950e-01,9.245645337914089046e-01,-3.299777524944765839e-01,-3.810254884585475010e-01,-8.660254037844387076e-01,-3.719370630958637270e-17,-4.999999999999999445e-01,2.062214495123607938e-01,0.000000000000000000e+00,0.000000000000000000e+00,0.000000000000000000e+00,1.000000000000000000e+00
-4.613220665342222526e-01,3.856524390100214972e-01,7.990332578899431715e-01,9.226441330684445052e-01,1.928262195050107208e-01,9.226441330684446163e-01,-3.339848092141075031e-01,-3.856524390100215527e-01,-8.660254037844387076e-01,-9.215694362401799339e-18,-4.999999999999999445e-01,2.063011806791549829e-01,0.000000000000000000e+00,0.000000000000000000e+00,0.000000000000000000e+00,1.000000000000000000e+00
-4.603455440584812153e-01,3.902920960793384575e-01,7.973418713472266717e-01,9.206910881169625416e-01,1.951460480396691732e-01,9.206910881169625416e-01,-3.380028701009840097e-01,-3.902920960793384575e-01,-8.660254037844388186e-01,-8.992647176853995630e-18,-4.999999999999999445e-01,2.063812988029760653e-01,0.000000000000000000e+00,0.000000000000000000e+00,0.000000000000000000e+00,1.000000000000000000e+00
-4.593526127178828022e-01,3.949439311560804522e-01,7.956220638168828296e-01,9.187052254357657155e-01,1.974719655780401983e-01,9.187052254357657155e-01,-3.420314774516581280e-01,-3.949439311560804522e-01,-8.660254037844387076e-01,-8.769014544959367719e-18,-4.999999999999999445e-01,2.064617992327146545e-01,0.000000000000000000e+00,0.000000000000000000e+00,0.000000000000000000e+00,1.000000000000000000e+00
-4.583431891951118553e-01,3.996074119355337850e-01,7.938736909890883320e-01,9.166863783902237106e-01,1.998037059677668370e-01,9.166863783902238216e-01,-3.460701702767251531e-01,-3.996074119355337850e-01,-8.660254037844387076e-01,-8.544822056770476177e-18,-4.999999999999999445e-01,2.065426772774083819e-01,0.000000000000000000e+00,0.000000000000000000e+00,0.000000000000000000e+00,1.000000000000000000e+00
-4.573171936674620408e-01,4.042820024493645192e-01,7.920966146068604274e-01,9.146343873349241926e-01,2.021410012246822319e-01,9.146343873349241926e-01,-3.501184844139923480e-01,-4.042820024493645747e-01,-8.660254037844387076e-01,-8.320095478464997863e-18,-4.999999999999999445e-01,2.066239282068237371e-01,0.000000000000000000e+00,0.000000000000000000e+00,0.000000000000000000e+00,1.000000000000000000e+00
-4.562745498669720789e-01,4.089671631986703804e-01,7.902907025702150534e-01,9.125490997339441579e-01,2.044835815993351347e-01,9.125490997339442689e-01,-3.541759526437049388e-01,-4.089671631986703249e-01,-8.660254037844388186e-01,-8.094860745949398262e-18,-4.999999999999999445e-01,2.067055472520378800e-01,0.000000000000000000e+00,0.000000000000000000e+00,0.000000000000000000e+00,1.000000000000000000e+00
-4.552151851393332893e-01,4.136623512893696231e-01,7.884558290381983303e-01,9.104303702786666896e-01,2.068311756446847560e-01,9.104303702786666896e-01,-3.582421048057966573e-01,-4.136623512893696231e-01,-8.660254037844387076e-01,-3.562471957397913240e-17,-4.999999999999999445e-01,2.067875296060203705e-01,0.000000000000000000e+00,0.000000000000000000e+00,0.000000000000000000e+00,1.000000000000000000e+00
-4.541390305015284845e-01,4.183670205698901690e-01,7.865918745287195923e-01,9.082780610030570800e-01,2.091835102849450567e-01,9.082780610030570800e-01,-3.623164679191316906e-01,-4.183670205698901690e-01,-8.660254037844387076e-01,-7.642971371394819380e-18,-4.999999999999999445e-01,2.068698704242150632e-01,0.000000000000000000e+00,0.000000000000000000e+00,0.000000000000000000e+00,1.000000000000000000e+00
-4.530460206981644644e-01,4.230806217711149397e-01,7.846987260161222277e-01,9.060920413963289288e-01,2.115403108855574144e-01,9.060920413963290398e-01,-3.663985663027011785e-01,-4.230806217711149397e-01,-8.660254037844387076e-01,-7.416369390683620414e-18,-4.999999999999999445e-01,2.069525648251218652e-01,0.000000000000000000e+00,0.000000000000000000e+00,0.000000000000000000e+00,1.000000000000000000e+00
-4.519360942564594197e-01,4.278026026485420852e-01,7.827762770264249381e-01,9.038721885129188394e-01,2.139013013242710148e-01,9.038721885129189504e-01,-3.704879216987374546e-01,-4.278026026485421407e-01,-8.660254037844387076e-01,-7.189364564855890449e-18,-4.999999999999999445e-01,2.070356078908783815e-01,0.000000000000000000e+00,0.000000000000000000e+00,0.000000000000000000e+00,1.000000000000000000e+00
-4.508091935398488292e-01,4.325324081266098131e-01,7.808244277301696901e-01,9.016183870796977695e-01,2.162662040633048788e-01,9.016183870796977695e-01,-3.745840533977028985e-01,-4.325324081266098686e-01,-8.660254037844385966e-01,-6.961983578651470631e-18,-4.999999999999999445e-01,2.071189946678420046e-01,0.000000000000000000e+00,0.000000000000000000e+00,0.000000000000000000e+00,1.000000000000000000e+00
-4.496652648001721042e-01,4.372694804451420225e-01,7.788430850328111887e-01,8.993305296003442084e-01,2.186347402225709557e-01,8.993305296003442084e-01,-3.786864783651158195e-01,-4.372694804451420225e-01,-8.660254037844388186e-01,-6.734253245870524013e-18,-4.999999999999999445e-01,2.072027201671714780e-01,0.000000000000000000e+00,0.000000000000000000e+00,0.000000000000000000e+00,1.000000000000000000e+00
-4.485042582284036738e-01,4.420132593078599514e-01,7.768321626625870335e-01,8.970085164568074587e-01,2.210066296539299202e-01,8.970085164568074587e-01,-3.827947113701652415e-01,-4.420132593078599514e-01,-8.660254037844387076e-01,-3.426177611786289118e-17,-4.999999999999999445e-01,2.072867793654087354e-01,0.000000000000000000e+00,0.000000000000000000e+00,0.000000000000000000e+00,1.000000000000000000e+00
-4.473261280038955956e-01,4.467631820329082681e-01,7.747915812558063831e-01,8.946522560077911912e-01,2.233815910164540786e-01,8.946522560077913022e-01,-3.869082651160700714e-01,-4.467631820329082681e-01,-8.660254037844387076e-01,-3.403342801377606719e-17,-4.999999999999998890e-01,2.073711672050607691e-01,0.000000000000000000e+00,0.000000000000000000e+00,0.000000000000000000e+00,1.000000000000000000e+00
-4.461308323420933308e-01,4.515186837053412616e-01,7.727212684394982878e-01,8.922616646841867727e-01,2.257593418526705753e-01,8.922616646841867727e-01,-3.910266503721364084e-01,-4.515186837053412616e-01,-8.660254037844387076e-01,-6.049236091369069678e-18,-4.999999999999999445e-01,2.074558785951813034e-01,0.000000000000000000e+00,0.000000000000000000e+00,0.000000000000000000e+00,1.000000000000000000e+00
-4.449183335406943218e-01,4.562791973315085681e-01,7.706211589113588500e-01,8.898366670813886437e-01,2.281395986657542285e-01,8.898366670813887547e-01,-3.951493761074593158e-01,-4.562791973315086236e-01,-8.660254037844387076e-01,-3.357595445521947156e-17,-4.999999999999999445e-01,2.075409084119527459e-01,0.000000000000000000e+00,0.000000000000000000e+00,0.000000000000000000e+00,1.000000000000000000e+00
-4.436885980242142313e-01,4.610441539952858658e-01,7.684911945169433656e-01,8.873771960484285737e-01,2.305220769976428774e-01,8.873771960484285737e-01,-3.992759496262223706e-01,-4.610441539952858658e-01,-8.660254037844387076e-01,-3.334688360855251495e-17,-4.999999999999999445e-01,2.076262514992678054e-01,0.000000000000000000e+00,0.000000000000000000e+00,0.000000000000000000e+00,1.000000000000000000e+00
-4.424415963869296475e-01,4.658129830160820384e-01,7.663313243240449379e-01,8.848831927738594061e-01,2.329064915080409359e-01,8.848831927738594061e-01,-4.034058767045363147e-01,-4.658129830160819829e-01,-8.660254037844387076e-01,-3.311762660193416281e-17,-4.999999999999999445e-01,2.077119026693114989e-01,0.000000000000000000e+00,0.000000000000000000e+00,0.000000000000000000e+00,1.000000000000000000e+00
-4.411773034341657240e-01,4.705851121085665167e-01,7.641415046942064970e-01,8.823546068683315591e-01,2.352925560542832029e-01,8.823546068683315591e-01,-4.075386617287666824e-01,-4.705851121085665723e-01,-8.660254037844385966e-01,-3.288821094744783641e-17,-4.999999999999999445e-01,2.077978567031426860e-01,0.000000000000000000e+00,0.000000000000000000e+00,0.000000000000000000e+00,1.000000000000000000e+00
-4.398956982218981682e-01,4.753599675440439709e-01,7.619216993513140412e-01,8.797913964437964474e-01,2.376799837720219577e-01,8.797913964437964474e-01,-4.116738078352883412e-01,-4.753599675440440264e-01,-8.660254037844387076e-01,-4.903088610936449032e-18,-4.999999999999999445e-01,2.078841083512761312e-01,0.000000000000000000e+00,0.000000000000000000e+00,0.000000000000000000e+00,1.000000000000000000e+00
-4.385967640946406010e-01,4.801369743134146217e-01,7.596718794472188119e-01,8.771935281892813130e-01,2.400684871567072831e-01,8.771935281892813130e-01,-4.158108170516135460e-01,-4.801369743134146773e-01,-8.660254037844387076e-01,2.308213714894500035e-17,-4.999999999999999445e-01,2.079706523342640945e-01,0.000000000000000000e+00,0.000000000000000000e+00,0.000000000000000000e+00,1.000000000000000000e+00
-4.372804887215879788e-01,4.849155562916460660e-01,7.573920236243399939e-01,8.745609774431760686e-01,2.424577781458229775e-01,8.745609774431760686e-01,-4.199491904388285013e-01,-4.849155562916460660e-01,-8.660254037844387076e-01,-3.219928821136372458e-17,-4.999999999999999445e-01,2.080574833432781989e-01,0.000000000000000000e+00,0.000000000000000000e+00,0.000000000000000000e+00,1.000000000000000000e+00
-4.359468641309900416e-01,4.896951364036856713e-01,7.550821180752010919e-01,8.718937282619801943e-01,2.448475682018427801e-01,8.718937282619801943e-01,-4.240884282352776480e-01,-4.896951364036856713e-01,-8.660254037844385966e-01,-4.213938740433984088e-18,-4.999999999999999445e-01,2.081445960406912987e-01,0.000000000000000000e+00,0.000000000000000000e+00,0.000000000000000000e+00,1.000000000000000000e+00
-4.345958867427262007e-01,4.944751367917438190e-01,7.527421565988514640e-01,8.691917734854524014e-01,2.472375683958718540e-01,8.691917734854525124e-01,-4.282280300014355001e-01,-4.944751367917439300e-01,-8.660254037844385966e-01,-3.173972029638452707e-17,-4.999999999999999445e-01,2.082319850606590972e-01,0.000000000000000000e+00,0.000000000000000000e+00,0.000000000000000000e+00,1.000000000000000000e+00
-4.332275573990582163e-01,4.992549789838680585e-01,7.503721406541310479e-01,8.664551147981165435e-01,2.496274894919339737e-01,8.664551147981165435e-01,-4.323674947658958101e-01,-4.992549789838681695e-01,-8.660254037844387076e-01,-3.150993384182811082e-17,-4.999999999999999445e-01,2.083196450097021535e-01,0.000000000000000000e+00,0.000000000000000000e+00,0.000000000000000000e+00,1.000000000000000000e+00
-4.318418813935356315e-01,5.040340840637325126e-01,7.479720794097367564e-01,8.636837627870712630e-01,2.520170420318662008e-01,8.636837627870713741e-01,-4.365063211724137249e-01,-5.040340840637326236e-01,-8.660254037844387076e-01,-5.903575843888488806e-17,-4.999999999999998890e-01,2.084075704672875284e-01,0.000000000000000000e+00,0.000000000000000000e+00,0.000000000000000000e+00,1.000000000000000000e+00
-4.304388684980299806e-01,5.088118728415663705e-01,7.455419897910467997e-01,8.608777369960599612e-01,2.544059364207831297e-01,8.608777369960600723e-01,-4.406440076279339868e-01,-5.088118728415663705e-01,-8.660254037844387076e-01,-3.105049508467605597e-17,-4.999999999999999445e-01,2.084957559864105692e-01,0.000000000000000000e+00,0.000000000000000000e+00,0.000000000000000000e+00,1.000000000000000000e+00
-4.290185329878770659e-01,5.135877660261380928e-01,7.430818965236676288e-01,8.580370659757541318e-01,2.567938830130690464e-01,8.580370659757542429e-01,-4.447800524515340692e-01,-5.135877660261382038e-01,-8.660254037844387076e-01,2.469025275628389633e-17,-4.999999999999999445e-01,2.085841960941768602e-01,0.000000000000000000e+00,0.000000000000000000e+00,0.000000000000000000e+00,1.000000000000000000e+00
-4.275808936651045999e-01,5.183611843977149469e-01,7.405918321736668641e-01,8.551617873302091999e-01,2.591805921988574735e-01,8.551617873302093109e-01,-4.489139540242109705e-01,-5.183611843977150579e-01,-8.660254037844387076e-01,2.491973039165989837e-17,-4.999999999999999445e-01,2.086728852923838418e-01,0.000000000000000000e+00,0.000000000000000000e+00,0.000000000000000000e+00,1.000000000000000000e+00
-4.261259738797270602e-01,5.231315489819139408e-01,7.380718371844555703e-01,8.522519477594541204e-01,2.615657744909569149e-01,8.522519477594541204e-01,-4.530452109394408899e-01,-5.231315489819139408e-01,-8.660254037844388186e-01,-3.036209001220141782e-17,-4.999999999999998890e-01,2.087618180581027050e-01,0.000000000000000000e+00,0.000000000000000000e+00,0.000000000000000000e+00,1.000000000000000000e+00
-4.246538015490865514e-01,5.278982812243622202e-01,7.355219599102892358e-01,8.493076030981732139e-01,2.639491406121810546e-01,8.493076030981732139e-01,-4.571733221544394543e-01,-5.278982812243622202e-01,-8.660254037844387076e-01,-2.377358190617270588e-18,-4.999999999999999445e-01,2.088509888442601770e-01,0.000000000000000000e+00,0.000000000000000000e+00,0.000000000000000000e+00,1.000000000000000000e+00
-4.231644091752261305e-01,5.326608031660738929e-01,7.329422566463573707e-01,8.463288183504522610e-01,2.663304015830368909e-01,8.463288183504523721e-01,-4.612977871420425591e-01,-5.326608031660740039e-01,-8.660254037844387076e-01,-2.990398000657132329e-17,-4.999999999999999445e-01,2.089403920802202497e-01,0.000000000000000000e+00,0.000000000000000000e+00,0.000000000000000000e+00,1.000000000000000000e+00
-4.216578338602744447e-01,5.374185376194653418e-01,7.303327916554319676e-01,8.433156677205490004e-01,2.687092688097326154e-01,8.433156677205490004e-01,-4.654181060431400452e-01,-5.374185376194653418e-01,-8.660254037844387076e-01,-2.967525636093148760e-17,-4.999999999999999445e-01,2.090300221723660479e-01,0.000000000000000000e+00,0.000000000000000000e+00,0.000000000000000000e+00,1.000000000000000000e+00
-4.201341173198303025e-01,5.421709083449129940e-01,7.276936371910497359e-01,8.402682346396607160e-01,2.710854541724563860e-01,8.402682346396607160e-01,-4.695337798195791668e-01,-5.421709083449129940e-01,-8.660254037844387076e-01,-5.720236618713797010e-17,-4.999999999999999445e-01,2.091198735046816415e-01,0.000000000000000000e+00,0.000000000000000000e+00,0.000000000000000000e+00,1.000000000000000000e+00
-4.185933058943331897e-01,5.469173402277647256e-01,7.250248735172061254e-01,8.371866117886663794e-01,2.734586701138823073e-01,8.371866117886664904e-01,-4.736443104074611887e-01,-5.469173402277648366e-01,-8.660254037844387076e-01,-2.921861028640442036e-17,-4.999999999999999445e-01,2.092099404393337470e-01,0.000000000000000000e+00,0.000000000000000000e+00,0.000000000000000000e+00,1.000000000000000000e+00
-4.170354505584036309e-01,5.516572594557211939e-01,7.223265889245337190e-01,8.340709011168072617e-01,2.758286297278605415e-01,8.340709011168073728e-01,-4.777492008707578397e-01,-5.516572594557213050e-01,-8.660254037844387076e-01,-2.899074309110861812e-17,-4.999999999999999445e-01,2.093002173172535674e-01,0.000000000000000000e+00,0.000000000000000000e+00,0.000000000000000000e+00,1.000000000000000000e+00
-4.154606069281479019e-01,5.563900936964817356e-01,7.195988797429546668e-01,8.309212138562958039e-01,2.781950468482408123e-01,8.309212138562959149e-01,-4.818479555551573035e-01,-5.563900936964818467e-01,-8.660254037844385966e-01,-2.876321649996308688e-17,-4.999999999999999445e-01,2.093906984587186049e-01,0.000000000000000000e+00,0.000000000000000000e+00,0.000000000000000000e+00,1.000000000000000000e+00
-4.138688352664119385e-01,5.611152722755763378e-01,7.168418503507795192e-01,8.277376705328238771e-01,2.805576361377881134e-01,8.277376705328239881e-01,-4.859400802420712484e-01,-5.611152722755763378e-01,-8.660254037844387076e-01,-7.804823319817328683e-19,-4.999999999999998890e-01,2.094813781639344730e-01,0.000000000000000000e+00,0.000000000000000000e+00,0.000000000000000000e+00,1.000000000000000000e+00
-4.122602004859786673e-01,5.658322263542812092e-01,7.140556131802467954e-01,8.245204009719573346e-01,2.829161131771406046e-01,8.245204009719574456e-01,-4.900250823027142988e-01,-5.658322263542812092e-01,-8.660254037844388186e-01,2.720185645081553687e-17,-4.999999999999999445e-01,2.095722507136166257e-01,0.000000000000000000e+00,0.000000000000000000e+00,0.000000000000000000e+00,1.000000000000000000e+00
-4.106347721507013215e-01,5.705403891075251366e-01,7.112402887194843037e-01,8.212695443014027541e-01,2.852701945537625128e-01,8.212695443014027541e-01,-4.941024708521752351e-01,-5.705403891075251366e-01,-8.660254037844387076e-01,-2.808295424804456205e-17,-4.999999999999999445e-01,2.096633103695722533e-01,0.000000000000000000e+00,0.000000000000000000e+00,0.000000000000000000e+00,1.000000000000000000e+00
-4.089926244745663020e-01,5.752391959016921463e-01,7.083960055108872167e-01,8.179852489491326040e-01,2.876195979508460177e-01,8.179852489491327150e-01,-4.981717569033988213e-01,-5.752391959016922574e-01,-8.660254037844387076e-01,-2.785706349465184773e-17,-4.999999999999998890e-01,2.097545513752819279e-01,0.000000000000000000e+00,0.000000000000000000e+00,0.000000000000000000e+00,1.000000000000000000e+00
-4.073338363186805866e-01,5.799280844722258799e-01,7.055229001458996896e-01,8.146676726373611732e-01,2.899640422361128844e-01,8.146676726373612842e-01,-5.022324535209955476e-01,-5.799280844722259909e-01,-8.660254037844387076e-01,-2.763164955060817565e-17,-4.999999999999999445e-01,2.098459679564814717e-01,0.000000000000000000e+00,0.000000000000000000e+00,0.000000000000000000e+00,1.000000000000000000e+00
-4.056584911861813580e-01,5.846064951009379840e-01,7.026211172561978024e-01,8.113169823723628271e-01,2.923032475504689365e-01,8.113169823723628271e-01,-5.062840759747953001e-01,-5.846064951009379840e-01,-8.660254037844385966e-01,-2.740673932384333766e-17,-4.999999999999998890e-01,2.099375543217438800e-01,0.000000000000000000e+00,0.000000000000000000e+00,0.000000000000000000e+00,1.000000000000000000e+00
-4.039666772150664054e-01,5.892738707929221498e-01,6.996908095012718265e-01,8.079333544301328107e-01,2.946369353964610194e-01,8.079333544301328107e-01,-5.103261418930595816e-01,-5.892738707929222608e-01,-8.660254037844387076e-01,-2.718235959136785609e-17,-4.999999999999998890e-01,2.100293046630608840e-01,0.000000000000000000e+00,0.000000000000000000e+00,0.000000000000000000e+00,1.000000000000000000e+00
-4.022584871689430241e-01,5.939296574529789874e-01,6.967321375524027083e-01,8.045169743378860483e-01,2.969648287264894382e-01,8.045169743378861593e-01,-5.143581714152695161e-01,-5.939296574529790984e-01,-8.660254037844388186e-01,-2.695853699079156417e-17,-4.999999999999999445e-01,2.101212131564249019e-01,0.000000000000000000e+00,0.000000000000000000e+00,0.000000000000000000e+00,1.000000000000000000e+00
-4.005340184256991343e-01,5.985733040614547029e-01,6.937452700730399879e-01,8.010680368513983796e-01,2.992866520307272959e-01,8.010680368513984906e-01,-5.183796873444068698e-01,-5.985733040614547029e-01,-8.660254037844385966e-01,2.877585321938751882e-17,-4.999999999999999445e-01,2.102132739624108515e-01,0.000000000000000000e+00,0.000000000000000000e+00,0.000000000000000000e+00,1.000000000000000000e+00
-3.987933729640950609e-01,6.032042628493936576e-01,6.907303836955774878e-01,7.975867459281902327e-01,3.016021314246967733e-01,7.975867459281902327e-01,-5.223902152986408254e-01,-6.032042628493936576e-01,-8.660254037844385966e-01,-2.651266898808564002e-17,-4.999999999999999445e-01,2.103054812267577678e-01,0.000000000000000000e+00,0.000000000000000000e+00,0.000000000000000000e+00,1.000000000000000000e+00
-3.970366573482845829e-01,6.078219894729073314e-01,6.876876629945440911e-01,7.940733146965692768e-01,3.039109947364536657e-01,7.940733146965692768e-01,-5.263892838623354109e-01,-6.078219894729074424e-01,-8.660254037844387076e-01,2.922047514299560616e-17,-4.999999999999999445e-01,2.103978290809507268e-01,0.000000000000000000e+00,0.000000000000000000e+00,0.000000000000000000e+00,1.000000000000000000e+00
-3.952639827102659154e-01,6.124259431866634351e-01,6.846173004562069453e-01,7.905279654205319417e-01,3.062129715933316620e-01,7.905279654205319417e-01,-5.303764247362958706e-01,-6.124259431866635461e-01,-8.660254037844387076e-01,2.944180592303035474e-17,-4.999999999999999445e-01,2.104903116428028242e-01,0.000000000000000000e+00,0.000000000000000000e+00,0.000000000000000000e+00,1.000000000000000000e+00
-3.934754647302715624e-01,6.170155870163954726e-01,6.815194964446062986e-01,7.869509294605430139e-01,3.085077935081977363e-01,7.869509294605432359e-01,-5.343511728871663813e-01,-6.170155870163955836e-01,-8.660254037844387076e-01,2.966244876873949006e-17,-5.000000000000000000e-01,2.105829230170364885e-01,0.000000000000000000e+00,0.000000000000000000e+00,0.000000000000000000e+00,1.000000000000000000e+00
-3.916712236151044801e-01,6.215903879303372737e-01,6.783944591640321820e-01,7.833424472302090713e-01,3.107951939651685813e-01,7.833424472302090713e-01,-5.383130666958961807e-01,-6.215903879303372737e-01,-8.660254037844385966e-01,2.988237805511807403e-17,-4.999999999999999445e-01,2.106756572958657092e-01,0.000000000000000000e+00,0.000000000000000000e+00,0.000000000000000000e+00,1.000000000000000000e+00
-3.898513840744292080e-01,6.261498170094818017e-01,6.752424046179598127e-01,7.797027681488584161e-01,3.130749085047407898e-01,7.797027681488585271e-01,-5.422616481051888426e-01,-6.261498170094818017e-01,-8.660254037844387076e-01,-2.540958287637957488e-17,-4.999999999999999445e-01,2.107685085595777941e-01,0.000000000000000000e+00,0.000000000000000000e+00,0.000000000000000000e+00,1.000000000000000000e+00
-3.880160752950297942e-01,6.306933496165686437e-01,6.720635565644627052e-01,7.760321505900594774e-01,3.153466748082842108e-01,7.760321505900595884e-01,-5.461964627658489890e-01,-6.306933496165686437e-01,-8.660254037844387076e-01,-2.519115678468469904e-17,-4.999999999999999445e-01,2.108614708771147928e-01,0.000000000000000000e+00,0.000000000000000000e+00,0.000000000000000000e+00,1.000000000000000000e+00
-3.861654309130442830e-01,6.352204655637058162e-01,6.688581464681219169e-01,7.723308618260885661e-01,3.176102327818528526e-01,7.723308618260886771e-01,-5.501170601819475037e-01,-6.352204655637059272e-01,-8.660254037844387076e-01,-2.497351990860277573e-17,-4.999999999999999445e-01,2.109545383066557811e-01,0.000000000000000000e+00,0.000000000000000000e+00,0.000000000000000000e+00,1.000000000000000000e+00
-3.842995889841929746e-01,6.397306492785236331e-01,6.656264134484591866e-01,7.685991779683859493e-01,3.198653246392617056e-01,7.685991779683860603e-01,-5.540229938547145405e-01,-6.397306492785236331e-01,-8.660254037844387076e-01,-2.475669703379454242e-17,-4.999999999999999445e-01,2.110477048961983404e-01,0.000000000000000000e+00,0.000000000000000000e+00,0.000000000000000000e+00,1.000000000000000000e+00
-3.824186919520097261e-01,6.442233899687711540e-01,6.623686042249122830e-01,7.648373839040194522e-01,3.221116949843855215e-01,7.648373839040195632e-01,-5.579138214250849437e-01,-6.442233899687712650e-01,-8.660254037844387076e-01,-2.454071271612096352e-17,-4.999999999999999445e-01,2.111409646841403420e-01,0.000000000000000000e+00,0.000000000000000000e+00,0.000000000000000000e+00,1.000000000000000000e+00
-3.805228866140989985e-01,6.486981817852536247e-01,6.590849730583906441e-01,7.610457732281979970e-01,3.243490908926267569e-01,7.610457732281981080e-01,-5.617891048148054844e-01,-6.486981817852537358e-01,-8.660254037844387076e-01,-2.432559127381020511e-17,-4.999999999999999445e-01,2.112343116998620096e-01,0.000000000000000000e+00,0.000000000000000000e+00,0.000000000000000000e+00,1.000000000000000000e+00
-3.786123240864285866e-01,6.531545239830254257e-01,6.557757816894281833e-01,7.572246481728571732e-01,3.265772619915126573e-01,7.572246481728572842e-01,-5.656484103660324170e-01,-6.531545239830254257e-01,-8.660254037844387076e-01,-2.411135677970841401e-17,-4.999999999999999445e-01,2.113277399643074816e-01,0.000000000000000000e+00,0.000000000000000000e+00,0.000000000000000000e+00,1.000000000000000000e+00
-3.766871597656850090e-01,6.575919210807299464e-01,6.524412992729816674e-01,7.533743195313701291e-01,3.287959605403649732e-01,7.533743195313701291e-01,-5.694913089793238736e-01,-6.575919210807300574e-01,-8.660254037844387076e-01,3.161311817763822605e-17,-5.000000000000000000e-01,2.114212434905666238e-01,0.000000000000000000e+00,0.000000000000000000e+00,0.000000000000000000e+00,1.000000000000000000e+00
-3.747475532897033834e-01,6.620098830180132232e-01,6.490818023098917644e-01,7.494951065794067668e-01,3.310049415090065561e-01,7.494951065794068779e-01,-5.733173762499639281e-01,-6.620098830180132232e-01,-8.660254037844387076e-01,-2.368564365473813504e-17,-4.999999999999999445e-01,2.115148162844569524e-01,0.000000000000000000e+00,0.000000000000000000e+00,0.000000000000000000e+00,1.000000000000000000e+00
-3.727936684959998193e-01,6.664079253109000955e-01,6.456975745750610507e-01,7.455873369919996385e-01,3.332039626554499923e-01,7.455873369919997495e-01,-5.771261926025222921e-01,-6.664079253109000955e-01,-8.660254037844387076e-01,-2.347421187417917986e-17,-4.999999999999999445e-01,2.116084523451051969e-01,0.000000000000000000e+00,0.000000000000000000e+00,0.000000000000000000e+00,1.000000000000000000e+00
-3.708256733784242587e-01,6.707855692050571639e-01,6.422889070423726254e-01,7.416513467568486284e-01,3.353927846025285264e-01,7.416513467568486284e-01,-5.809173434235841427e-01,-6.707855692050572749e-01,-8.660254037844385966e-01,3.224739050364711882e-17,-4.999999999999999445e-01,2.117021456655293621e-01,0.000000000000000000e+00,0.000000000000000000e+00,0.000000000000000000e+00,1.000000000000000000e+00
-3.688437400419611323e-01,6.751423418268422960e-01,6.388560978064039553e-01,7.376874800839222646e-01,3.375711709134210370e-01,7.376874800839223756e-01,-5.846904191925625938e-01,-6.751423418268422960e-01,-8.660254037844388186e-01,-2.305431294799195098e-17,-4.999999999999999445e-01,2.117958902332204574e-01,0.000000000000000000e+00,0.000000000000000000e+00,0.000000000000000000e+00,1.000000000000000000e+00
-3.668480446557004226e-01,6.794777763320569708e-01,6.353994520009695890e-01,7.336960893114008453e-01,3.397388881660284299e-01,7.336960893114009563e-01,-5.884450156105222041e-01,-6.794777763320570818e-01,-8.660254037844388186e-01,-2.284589097842225613e-17,-4.999999999999999445e-01,2.118896800307240591e-01,0.000000000000000000e+00,0.000000000000000000e+00,0.000000000000000000e+00,1.000000000000000000e+00
-3.648387674040065032e-01,6.837914120523166384e-01,6.319192817145432572e-01,7.296775348080128953e-01,3.418957060261582082e-01,7.296775348080131174e-01,-5.921807337269390237e-01,-6.837914120523166384e-01,-8.660254037844387076e-01,-7.814966819636231328e-17,-4.999999999999998890e-01,2.119835090362224839e-01,0.000000000000000000e+00,0.000000000000000000e+00,0.000000000000000000e+00,1.000000000000000000e+00
-3.628160924359123962e-01,6.880827946389459493e-01,6.284159059026065419e-01,7.256321848718247924e-01,3.440413973194728636e-01,7.256321848718247924e-01,-5.958971800643181327e-01,-6.880827946389460603e-01,-8.660254037844387076e-01,-2.243221275042738646e-17,-4.999999999999998890e-01,2.120773712241161846e-01,0.000000000000000000e+00,0.000000000000000000e+00,0.000000000000000000e+00,1.000000000000000000e+00
-3.607802078127682055e-01,6.923514762043213588e-01,6.248896502969727429e-01,7.215604156255364110e-01,3.461757381021606239e-01,7.215604156255365220e-01,-5.995939667405996154e-01,-6.923514762043214699e-01,-8.660254037844387076e-01,-2.222699986617062610e-17,-4.999999999999999445e-01,2.121712605656058126e-01,0.000000000000000000e+00,0.000000000000000000e+00,0.000000000000000000e+00,1.000000000000000000e+00
-3.587313054541729773e-01,6.965970154605739539e-01,6.213408473121381226e-01,7.174626109083459546e-01,3.482985077302869215e-01,7.174626109083460657e-01,-6.032707115892784744e-01,-6.965970154605739539e-01,-8.660254037844387076e-01,-2.202289952683686578e-17,-4.999999999999999445e-01,2.122651710292740856e-01,0.000000000000000000e+00,0.000000000000000000e+00,0.000000000000000000e+00,1.000000000000000000e+00
-3.566695810822217982e-01,7.008189778555724558e-01,6.177698359487155955e-01,7.133391621644435965e-01,3.504094889277861724e-01,7.133391621644437075e-01,-6.069270382771697614e-01,-7.008189778555725669e-01,-8.660254037844387076e-01,-2.181993262311444851e-17,-4.999999999999999445e-01,2.123590965816672116e-01,0.000000000000000000e+00,0.000000000000000000e+00,0.000000000000000000e+00,1.000000000000000000e+00
-3.545952341640991601e-01,7.050169357061080166e-01,6.141769616940032650e-01,7.091904683281984312e-01,3.525084678530538973e-01,7.091904683281984312e-01,-6.105625764197498695e-01,-7.050169357061079056e-01,-8.660254037844385966e-01,-7.712927094673249881e-17,-4.999999999999999445e-01,2.124530311878771727e-01,0.000000000000000000e+00,0.000000000000000000e+00,0.000000000000000000e+00,1.000000000000000000e+00
-3.525084678530538418e-01,7.091904683281988753e-01,6.105625764197495364e-01,7.050169357061076836e-01,3.545952341640993266e-01,7.050169357061077946e-01,-6.141769616940035981e-01,-7.091904683281988753e-01,-8.660254037844387076e-01,-7.692863225916537495e-17,-4.999999999999999445e-01,2.125469688121229828e-01,0.000000000000000000e+00,0.000000000000000000e+00,0.000000000000000000e+00,1.000000000000000000e+00
-3.504094889277863389e-01,7.133391621644434855e-01,6.069270382771699834e-01,7.008189778555726779e-01,3.566695810822217427e-01,7.008189778555726779e-01,-6.177698359487153734e-01,-7.133391621644437075e-01,-8.660254037844387076e-01,3.429311478945847721e-17,-5.000000000000000000e-01,2.126409034183328051e-01,0.000000000000000000e+00,0.000000000000000000e+00,0.000000000000000000e+00,1.000000000000000000e+00
-3.482985077302870880e-01,7.174626109083459546e-01,6.032707115892788075e-01,6.965970154605741760e-01,3.587313054541728663e-01,6.965970154605742870e-01,-6.213408473121379005e-01,-7.174626109083459546e-01,-8.660254037844387076e-01,-2.101980548995586170e-17,-4.999999999999999445e-01,2.127348289707260143e-01,0.000000000000000000e+00,0.000000000000000000e+00,0.000000000000000000e+00,1.000000000000000000e+00
-3.461757381021607349e-01,7.215604156255365220e-01,5.995939667405998375e-01,6.923514762043214699e-01,3.607802078127681500e-01,6.923514762043215809e-01,-6.248896502969726319e-01,-7.215604156255363000e-01,-8.660254037844387076e-01,-2.082280735077476175e-17,-4.999999999999999445e-01,2.128287394343942873e-01,0.000000000000000000e+00,0.000000000000000000e+00,0.000000000000000000e+00,1.000000000000000000e+00
-3.440413973194726971e-01,7.256321848718252365e-01,5.958971800643177996e-01,6.880827946389453942e-01,3.628160924359125628e-01,6.880827946389455052e-01,-6.284159059026068750e-01,-7.256321848718251255e-01,-8.660254037844387076e-01,3.488409038868749840e-17,-4.999999999999998890e-01,2.129226287758839153e-01,0.000000000000000000e+00,0.000000000000000000e+00,0.000000000000000000e+00,1.000000000000000000e+00
-3.418957060261583747e-01,7.296775348080127843e-01,5.921807337269392457e-01,6.837914120523166384e-01,3.648387674040063366e-01,6.837914120523167494e-01,-6.319192817145430352e-01,-7.296775348080128953e-01,-8.660254037844388186e-01,3.507856681320381727e-17,-4.999999999999999445e-01,2.130164909637776161e-01,0.000000000000000000e+00,0.000000000000000000e+00,0.000000000000000000e+00,1.000000000000000000e+00
-3.397388881660283744e-01,7.336960893114009563e-01,5.884450156105219820e-01,6.794777763320567487e-01,3.668480446557004226e-01,6.794777763320568598e-01,-6.353994520009695890e-01,-7.336960893114009563e-01,-8.660254037844385966e-01,-2.023939615897365546e-17,-4.999999999999999445e-01,2.131103199692760131e-01,0.000000000000000000e+00,0.000000000000000000e+00,0.000000000000000000e+00,1.000000000000000000e+00
-3.375711709134210370e-01,7.376874800839223756e-01,5.846904191925625938e-01,6.751423418268420740e-01,3.688437400419611323e-01,6.751423418268421850e-01,-6.388560978064039553e-01,-7.376874800839223756e-01,-8.660254037844387076e-01,-2.004751377091529533e-17,-4.999999999999999445e-01,2.132041097667796425e-01,0.000000000000000000e+00,0.000000000000000000e+00,0.000000000000000000e+00,1.000000000000000000e+00
-3.353927846025286374e-01,7.416513467568486284e-01,5.809173434235844757e-01,6.707855692050572749e-01,3.708256733784242587e-01,6.707855692050573859e-01,-6.422889070423726254e-01,-7.416513467568486284e-01,-8.660254037844387076e-01,-1.985695457826937985e-17,-4.999999999999999445e-01,2.132978543344707101e-01,0.000000000000000000e+00,0.000000000000000000e+00,0.000000000000000000e+00,1.000000000000000000e+00
-3.332039626554501033e-01,7.455873369919996385e-01,5.771261926025225142e-01,6.664079253109002066e-01,3.727936684959997637e-01,6.664079253109003176e-01,-6.456975745750608286e-01,-7.455873369919995275e-01,-8.660254037844387076e-01,-1.966773551936524652e-17,-4.999999999999999445e-01,2.133915476548949031e-01,0.000000000000000000e+00,0.000000000000000000e+00,0.000000000000000000e+00,1.000000000000000000e+00
-3.310049415090065561e-01,7.494951065794068779e-01,5.733173762499638171e-01,6.620098830180130012e-01,3.747475532897033834e-01,6.620098830180132232e-01,-6.490818023098917644e-01,-7.494951065794068779e-01,-8.660254037844387076e-01,-1.947987314177602933e-17,-4.999999999999998890e-01,2.134851837155431753e-01,0.000000000000000000e+00,0.000000000000000000e+00,0.000000000000000000e+00,1.000000000000000000e+00
-3.287959605403651397e-01,7.533743195313697960e-01,5.694913089793242067e-01,6.575919210807302795e-01,3.766871597656847870e-01,6.575919210807303905e-01,-6.524412992729812233e-01,-7.533743195313697960e-01,-8.660254037844387076e-01,-1.929338359779701899e-17,-4.999999999999998890e-01,2.135787565094334761e-01,0.000000000000000000e+00,0.000000000000000000e+00,0.000000000000000000e+00,1.000000000000000000e+00
-3.265772619915125463e-01,7.572246481728575063e-01,5.656484103660321949e-01,6.531545239830250926e-01,3.786123240864286421e-01,6.531545239830252036e-01,-6.557757816894284053e-01,-7.572246481728575063e-01,-8.660254037844385966e-01,-1.910828264009964942e-17,-4.999999999999998890e-01,2.136722600356926183e-01,0.000000000000000000e+00,0.000000000000000000e+00,0.000000000000000000e+00,1.000000000000000000e+00
-3.243490908926269234e-01,7.610457732281978860e-01,5.617891048148058175e-01,6.486981817852538468e-01,3.805228866140988320e-01,6.486981817852539578e-01,-6.590849730583904220e-01,-7.610457732281978860e-01,-8.660254037844387076e-01,-1.892458561756402580e-17,-4.999999999999999445e-01,2.137656883001381181e-01,0.000000000000000000e+00,0.000000000000000000e+00,0.000000000000000000e+00,1.000000000000000000e+00
-3.221116949843855770e-01,7.648373839040195632e-01,5.579138214250850547e-01,6.442233899687712650e-01,3.824186919520096706e-01,6.442233899687712650e-01,-6.623686042249122830e-01,-7.648373839040195632e-01,-8.660254037844387076e-01,-7.425345870254939240e-17,-4.999999999999999445e-01,2.138590353158597301e-01,0.000000000000000000e+00,0.000000000000000000e+00,0.000000000000000000e+00,1.000000000000000000e+00
-3.198653246392618721e-01,7.685991779683858383e-01,5.540229938547146515e-01,6.397306492785237442e-01,3.842995889841928081e-01,6.397306492785237442e-01,-6.656264134484589645e-01,-7.685991779683858383e-01,-8.660254037844387076e-01,-1.856146273080067274e-17,-4.999999999999998890e-01,2.139522951038017873e-01,0.000000000000000000e+00,0.000000000000000000e+00,0.000000000000000000e+00,1.000000000000000000e+00
-3.176102327818529636e-01,7.723308618260884550e-01,5.501170601819476147e-01,6.352204655637059272e-01,3.861654309130441720e-01,6.352204655637060382e-01,-6.688581464681218058e-01,-7.723308618260885661e-01,-8.660254037844387076e-01,-1.838206551040711923e-17,-4.999999999999999445e-01,2.140454616933442633e-01,0.000000000000000000e+00,0.000000000000000000e+00,0.000000000000000000e+00,1.000000000000000000e+00
-3.153466748082842108e-01,7.760321505900595884e-01,5.461964627658488780e-01,6.306933496165683106e-01,3.880160752950296832e-01,6.306933496165684216e-01,-6.720635565644627052e-01,-7.760321505900595884e-01,-8.660254037844387076e-01,-7.371528073704877203e-17,-4.999999999999999445e-01,2.141385291228853349e-01,0.000000000000000000e+00,0.000000000000000000e+00,0.000000000000000000e+00,1.000000000000000000e+00
-3.130749085047407898e-01,7.797027681488584161e-01,5.422616481051889537e-01,6.261498170094816906e-01,3.898513840744291525e-01,6.261498170094816906e-01,-6.752424046179597017e-01,-7.797027681488584161e-01,-8.660254037844387076e-01,-1.802766799075207750e-17,-5.000000000000000000e-01,2.142314914404222781e-01,0.000000000000000000e+00,0.000000000000000000e+00,0.000000000000000000e+00,1.000000000000000000e+00
-3.107951939651686923e-01,7.833424472302088493e-01,5.383130666958964028e-01,6.215903879303373847e-01,3.916712236151043136e-01,6.215903879303374957e-01,-6.783944591640319599e-01,-7.833424472302088493e-01,-8.660254037844385966e-01,-1.785269381415588664e-17,-4.999999999999998890e-01,2.143243427041344185e-01,0.000000000000000000e+00,0.000000000000000000e+00,0.000000000000000000e+00,1.000000000000000000e+00
-3.085077935081977363e-01,7.869509294605432359e-01,5.343511728871663813e-01,6.170155870163953615e-01,3.934754647302715624e-01,6.170155870163954726e-01,-6.815194964446062986e-01,-7.869509294605433469e-01,-8.660254037844388186e-01,-1.767921939707060582e-17,-5.000000000000000000e-01,2.144170769829636114e-01,0.000000000000000000e+00,0.000000000000000000e+00,0.000000000000000000e+00,1.000000000000000000e+00
-3.062129715933316065e-01,7.905279654205320528e-01,5.303764247362957596e-01,6.124259431866629910e-01,3.952639827102659154e-01,6.124259431866632131e-01,-6.846173004562070563e-01,-7.905279654205321638e-01,-8.660254037844387076e-01,-7.301840796135566601e-17,-4.999999999999998890e-01,2.145096883571973589e-01,0.000000000000000000e+00,0.000000000000000000e+00,0.000000000000000000e+00,1.000000000000000000e+00
-3.039109947364537212e-01,7.940733146965691658e-01,5.263892838623356329e-01,6.078219894729073314e-01,3.970366573482845274e-01,6.078219894729075534e-01,-6.876876629945439801e-01,-7.940733146965692768e-01,-8.660254037844387076e-01,-1.733681737089742935e-17,-4.999999999999999445e-01,2.146021709190493731e-01,0.000000000000000000e+00,0.000000000000000000e+00,0.000000000000000000e+00,1.000000000000000000e+00
-3.016021314246969953e-01,7.975867459281900107e-01,5.223902152986411584e-01,6.032042628493939906e-01,3.987933729640948943e-01,6.032042628493939906e-01,-6.907303836955772658e-01,-7.975867459281900107e-01,-8.660254037844387076e-01,-7.267906367316571265e-17,-4.999999999999999445e-01,2.146945187732423321e-01,0.000000000000000000e+00,0.000000000000000000e+00,0.000000000000000000e+00,1.000000000000000000e+00
-2.992866520307274625e-01,8.010680368513981575e-01,5.183796873444070918e-01,5.985733040614549250e-01,4.005340184256989677e-01,5.985733040614549250e-01,-6.937452700730397659e-01,-8.010680368513981575e-01,-8.660254037844387076e-01,-7.251170385952133891e-17,-4.999999999999998890e-01,2.147867260375892762e-01,0.000000000000000000e+00,0.000000000000000000e+00,0.000000000000000000e+00,1.000000000000000000e+00
-2.969648287264895492e-01,8.045169743378861593e-01,5.143581714152696271e-01,5.939296574529789874e-01,4.022584871689429686e-01,5.939296574529790984e-01,-6.967321375524028193e-01,-8.045169743378861593e-01,-8.660254037844388186e-01,-7.234589940716669674e-17,-4.999999999999998890e-01,2.148787868435751980e-01,0.000000000000000000e+00,0.000000000000000000e+00,0.000000000000000000e+00,1.000000000000000000e+00
-2.946369353964610194e-01,8.079333544301328107e-01,5.103261418930594706e-01,5.892738707929219277e-01,4.039666772150662943e-01,5.892738707929220388e-01,-6.996908095012718265e-01,-8.079333544301326997e-01,-8.660254037844387076e-01,-7.218166012116934896e-17,-4.999999999999999445e-01,2.149706953369391882e-01,0.000000000000000000e+00,0.000000000000000000e+00,0.000000000000000000e+00,1.000000000000000000e+00
-2.923032475504689365e-01,8.113169823723628271e-01,5.062840759747953001e-01,5.846064951009378730e-01,4.056584911861813025e-01,5.846064951009379840e-01,-7.026211172561979135e-01,-8.113169823723629381e-01,-8.660254037844385966e-01,-7.201899536423151935e-17,-4.999999999999999445e-01,2.150624456782562199e-01,0.000000000000000000e+00,0.000000000000000000e+00,0.000000000000000000e+00,1.000000000000000000e+00
-2.899640422361128844e-01,8.146676726373612842e-01,5.022324535209954366e-01,5.799280844722258799e-01,4.073338363186805311e-01,5.799280844722258799e-01,-7.055229001458996896e-01,-8.146676726373613953e-01,-8.660254037844387076e-01,-1.634676282414317452e-17,-4.999999999999998890e-01,2.151540320435186560e-01,0.000000000000000000e+00,0.000000000000000000e+00,0.000000000000000000e+00,1.000000000000000000e+00
-2.876195979508461287e-01,8.179852489491326040e-01,4.981717569033988768e-01,5.752391959016920353e-01,4.089926244745661910e-01,5.752391959016922574e-01,-7.083960055108872167e-01,-8.179852489491327150e-01,-8.660254037844387076e-01,-7.169842466898183454e-17,-4.999999999999998890e-01,2.152454486247182275e-01,0.000000000000000000e+00,0.000000000000000000e+00,0.000000000000000000e+00,1.000000000000000000e+00
-2.852701945537629014e-01,8.212695443014024210e-01,4.941024708521757902e-01,5.705403891075258027e-01,4.106347721507010995e-01,5.705403891075258027e-01,-7.112402887194839707e-01,-8.212695443014024210e-01,-8.660254037844387076e-01,-1.602938400238707202e-17,-4.999999999999998890e-01,2.153366896304278466e-01,0.000000000000000000e+00,0.000000000000000000e+00,0.000000000000000000e+00,1.000000000000000000e+00
-2.829161131771406046e-01,8.245204009719573346e-01,4.900250823027144098e-01,5.658322263542810981e-01,4.122602004859786118e-01,5.658322263542813202e-01,-7.140556131802466844e-01,-8.245204009719574456e-01,-8.660254037844387076e-01,-1.587310210048061363e-17,-4.999999999999999445e-01,2.154277492863834464e-01,0.000000000000000000e+00,0.000000000000000000e+00,0.000000000000000000e+00,1.000000000000000000e+00
-2.805576361377880579e-01,8.277376705328240991e-01,4.859400802420710819e-01,5.611152722755760047e-01,4.138688352664119385e-01,5.611152722755761157e-01,-7.168418503507796302e-01,-8.277376705328240991e-01,-8.660254037844387076e-01,-1.571843486754100737e-17,-4.999999999999998890e-01,2.155186218360656270e-01,0.000000000000000000e+00,0.000000000000000000e+00,0.000000000000000000e+00,1.000000000000000000e+00
-2.781950468482408678e-01,8.309212138562960259e-01,4.818479555551571369e-01,5.563900936964816246e-01,4.154606069281479019e-01,5.563900936964816246e-01,-7.195988797429546668e-01,-8.309212138562959149e-01,-8.660254037844388186e-01,-1.556538899200295607e-17,-4.999999999999998890e-01,2.156093015412814951e-01,0.000000000000000000e+00,0.000000000000000000e+00,0.000000000000000000e+00,1.000000000000000000e+00
-2.758286297278605970e-01,8.340709011168073728e-01,4.777492008707577842e-01,5.516572594557210829e-01,4.170354505584035754e-01,5.516572594557211939e-01,-7.223265889245337190e-01,-8.340709011168073728e-01,-8.660254037844387076e-01,-1.541397071510943079e-17,-4.999999999999999445e-01,2.156997826827465881e-01,0.000000000000000000e+00,0.000000000000000000e+00,0.000000000000000000e+00,1.000000000000000000e+00
-2.734586701138824183e-01,8.371866117886664904e-01,4.736443104074612442e-01,5.469173402277647256e-01,4.185933058943331342e-01,5.469173402277648366e-01,-7.250248735172060144e-01,-8.371866117886664904e-01,-8.660254037844387076e-01,-7.077533706227845309e-17,-4.999999999999998890e-01,2.157900595606663530e-01,0.000000000000000000e+00,0.000000000000000000e+00,0.000000000000000000e+00,1.000000000000000000e+00
-2.710854541724564415e-01,8.402682346396608271e-01,4.695337798195790557e-01,5.421709083449128830e-01,4.201341173198303025e-01,5.421709083449128830e-01,-7.276936371910497359e-01,-8.402682346396607160e-01,-8.660254037844387076e-01,-7.062719091837923320e-17,-4.999999999999999445e-01,2.158801264953184029e-01,0.000000000000000000e+00,0.000000000000000000e+00,0.000000000000000000e+00,1.000000000000000000e+00
-2.687092688097326709e-01,8.433156677205490004e-01,4.654181060431400452e-01,5.374185376194653418e-01,4.216578338602743337e-01,5.374185376194653418e-01,-7.303327916554319676e-01,-8.433156677205487783e-01,-8.660254037844387076e-01,-7.048068841578424955e-17,-4.999999999999998890e-01,2.159699778276340798e-01,0.000000000000000000e+00,0.000000000000000000e+00,0.000000000000000000e+00,1.000000000000000000e+00
-2.663304015830371130e-01,8.463288183504521500e-01,4.612977871420428366e-01,5.326608031660740039e-01,4.231644091752259640e-01,5.326608031660742260e-01,-7.329422566463571487e-01,-8.463288183504523721e-01,-8.660254037844387076e-01,-1.482468277878250814e-17,-4.999999999999999445e-01,2.160596079197798502e-01,0.000000000000000000e+00,0.000000000000000000e+00,0.000000000000000000e+00,1.000000000000000000e+00
-2.639491406121809991e-01,8.493076030981734359e-01,4.571733221544392323e-01,5.278982812243619982e-01,4.246538015490866069e-01,5.278982812243619982e-01,-7.355219599102894579e-01,-8.493076030981733249e-01,-8.660254037844387076e-01,-7.019263171202442548e-17,-4.999999999999998890e-01,2.161490111557398952e-01,0.000000000000000000e+00,0.000000000000000000e+00,0.000000000000000000e+00,1.000000000000000000e+00
-2.615657744909570259e-01,8.522519477594541204e-01,4.530452109394410565e-01,5.231315489819139408e-01,4.261259738797270047e-01,5.231315489819141629e-01,-7.380718371844555703e-01,-8.522519477594540094e-01,-8.660254037844387076e-01,4.097121737347861727e-17,-4.999999999999999445e-01,2.162381819418973394e-01,0.000000000000000000e+00,0.000000000000000000e+00,0.000000000000000000e+00,1.000000000000000000e+00
-2.591805921988577510e-01,8.551617873302089778e-01,4.489139540242114146e-01,5.183611843977153910e-01,4.275808936651043779e-01,5.183611843977155020e-01,-7.405918321736665311e-01,-8.551617873302091999e-01,-8.660254037844387076e-01,-6.991119726608892903e-17,-4.999999999999998890e-01,2.163271147076162026e-01,0.000000000000000000e+00,0.000000000000000000e+00,0.000000000000000000e+00,1.000000000000000000e+00
-2.567938830130692129e-01,8.580370659757540208e-01,4.447800524515344023e-01,5.135877660261383149e-01,4.290185329878768994e-01,5.135877660261384259e-01,-7.430818965236674067e-01,-8.580370659757540208e-01,-8.660254037844388186e-01,-1.426181969612264584e-17,-4.999999999999999445e-01,2.164158039058232674e-01,0.000000000000000000e+00,0.000000000000000000e+00,0.000000000000000000e+00,1.000000000000000000e+00
-2.544059364207832408e-01,8.608777369960600723e-01,4.406440076279340978e-01,5.088118728415662595e-01,4.304388684980299251e-01,5.088118728415664815e-01,-7.455419897910467997e-01,-8.608777369960602943e-01,-8.660254037844387076e-01,-6.963640831797198235e-17,-4.999999999999998890e-01,2.165042440135895307e-01,0.000000000000000000e+00,0.000000000000000000e+00,0.000000000000000000e+00,1.000000000000000000e+00
-2.520170420318662008e-01,8.636837627870713741e-01,4.365063211724136139e-01,5.040340840637322906e-01,4.318418813935356315e-01,5.040340840637324016e-01,-7.479720794097368675e-01,-8.636837627870713741e-01,-8.660254037844388186e-01,-1.399036001438553514e-17,-4.999999999999999445e-01,2.165924295327125437e-01,0.000000000000000000e+00,0.000000000000000000e+00,0.000000000000000000e+00,1.000000000000000000e+00
-2.496274894919340570e-01,8.664551147981165435e-01,4.323674947658959211e-01,4.992549789838680585e-01,4.332275573990582163e-01,4.992549789838681695e-01,-7.503721406541310479e-01,-8.664551147981166546e-01,-8.660254037844387076e-01,-1.385712985168368894e-17,-4.999999999999999445e-01,2.166803549902979187e-01,0.000000000000000000e+00,0.000000000000000000e+00,0.000000000000000000e+00,1.000000000000000000e+00
-2.472375683958722703e-01,8.691917734854519573e-01,4.282280300014362218e-01,4.944751367917444851e-01,4.345958867427259231e-01,4.944751367917447071e-01,-7.527421565988509089e-01,-8.691917734854520683e-01,-8.660254037844387076e-01,-1.372556753815585235e-17,-4.999999999999999445e-01,2.167680149393409472e-01,0.000000000000000000e+00,0.000000000000000000e+00,0.000000000000000000e+00,1.000000000000000000e+00
-2.448475682018426136e-01,8.718937282619804163e-01,4.240884282352773149e-01,4.896951364036852272e-01,4.359468641309900971e-01,4.896951364036852272e-01,-7.550821180752013140e-01,-8.718937282619804163e-01,-8.660254037844387076e-01,-6.910682481402466854e-17,-4.999999999999998890e-01,2.168554039593088012e-01,0.000000000000000000e+00,0.000000000000000000e+00,0.000000000000000000e+00,1.000000000000000000e+00
-2.424577781458229497e-01,8.745609774431761796e-01,4.199491904388284458e-01,4.849155562916458440e-01,4.372804887215879788e-01,4.849155562916459550e-01,-7.573920236243399939e-01,-8.745609774431761796e-01,-8.660254037844387076e-01,-1.346744806649868876e-17,-4.999999999999999445e-01,2.169425166567218455e-01,0.000000000000000000e+00,0.000000000000000000e+00,0.000000000000000000e+00,1.000000000000000000e+00
-2.400684871567072831e-01,8.771935281892813130e-01,4.158108170516136015e-01,4.801369743134143997e-01,4.385967640946405455e-01,4.801369743134146217e-01,-7.596718794472187009e-01,-8.771935281892813130e-01,-8.660254037844387076e-01,-1.334089064512940510e-17,-4.999999999999999445e-01,2.170293476657359777e-01,0.000000000000000000e+00,0.000000000000000000e+00,0.000000000000000000e+00,1.000000000000000000e+00
-2.376799837720223185e-01,8.797913964437961143e-01,4.116738078352888963e-01,4.753599675440444150e-01,4.398956982218979461e-01,4.753599675440446370e-01,-7.619216993513137082e-01,-8.797913964437962253e-01,-8.660254037844387076e-01,-6.872715178344791402e-17,-4.999999999999998890e-01,2.171158916487239687e-01,0.000000000000000000e+00,0.000000000000000000e+00,0.000000000000000000e+00,1.000000000000000000e+00
-2.352925560542831473e-01,8.823546068683316701e-01,4.075386617287664048e-01,4.705851121085661282e-01,4.411773034341657240e-01,4.705851121085662392e-01,-7.641415046942066081e-01,-8.823546068683316701e-01,-8.660254037844388186e-01,-6.860392783335463829e-17,-4.999999999999998890e-01,2.172021432968574695e-01,0.000000000000000000e+00,0.000000000000000000e+00,0.000000000000000000e+00,1.000000000000000000e+00
-2.329064915080410469e-01,8.848831927738594061e-01,4.034058767045363703e-01,4.658129830160818718e-01,4.424415963869295920e-01,4.658129830160820939e-01,-7.663313243240449379e-01,-8.848831927738596281e-01,-8.660254037844387076e-01,-6.848236842471349956e-17,-4.999999999999998890e-01,2.172880973306885732e-01,0.000000000000000000e+00,0.000000000000000000e+00,0.000000000000000000e+00,1.000000000000000000e+00
-2.305220769976429329e-01,8.873771960484284627e-01,3.992759496262223706e-01,4.610441539952857548e-01,4.436885980242141203e-01,4.610441539952858658e-01,-7.684911945169432546e-01,-8.873771960484283516e-01,-8.660254037844387076e-01,-1.285132031253781423e-17,-4.999999999999998890e-01,2.173737485007322667e-01,0.000000000000000000e+00,0.000000000000000000e+00,0.000000000000000000e+00,1.000000000000000000e+00
-2.281395986657548114e-01,8.898366670813881996e-01,3.951493761074603150e-01,4.562791973315094562e-01,4.449183335406939888e-01,4.562791973315096783e-01,-7.706211589113584060e-01,-8.898366670813883106e-01,-8.660254037844385966e-01,-6.824423476818006113e-17,-4.999999999999999445e-01,2.174590915880473263e-01,0.000000000000000000e+00,0.000000000000000000e+00,0.000000000000000000e+00,1.000000000000000000e+00
-2.257593418526707696e-01,8.922616646841865506e-01,3.910266503721366860e-01,4.515186837053414282e-01,4.461308323420931643e-01,4.515186837053415392e-01,-7.727212684394980657e-01,-8.922616646841865506e-01,-8.660254037844387076e-01,-1.261650403930347410e-17,-4.999999999999998890e-01,2.175441214048187966e-01,0.000000000000000000e+00,0.000000000000000000e+00,0.000000000000000000e+00,1.000000000000000000e+00
-2.233815910164542728e-01,8.946522560077909692e-01,3.869082651160704045e-01,4.467631820329085457e-01,4.473261280038954291e-01,4.467631820329086567e-01,-7.747915812558061610e-01,-8.946522560077911912e-01,-8.660254037844387076e-01,4.300957263979644291e-17,-4.999999999999998890e-01,2.176288327949393031e-01,0.000000000000000000e+00,0.000000000000000000e+00,0.000000000000000000e+00,1.000000000000000000e+00
-2.210066296539301978e-01,8.970085164568071256e-01,3.827947113701656856e-01,4.420132593078602845e-01,4.485042582284033963e-01,4.420132593078605066e-01,-7.768321626625867005e-01,-8.970085164568073477e-01,-8.660254037844387076e-01,-6.789945479964772376e-17,-4.999999999999999445e-01,2.177132206345913645e-01,0.000000000000000000e+00,0.000000000000000000e+00,0.000000000000000000e+00,1.000000000000000000e+00
-2.186347402225712333e-01,8.993305296003440974e-01,3.786864783651161526e-01,4.372694804451422446e-01,4.496652648001718822e-01,4.372694804451423556e-01,-7.788430850328110777e-01,-8.993305296003442084e-01,-8.660254037844388186e-01,-6.778782618383987275e-17,-4.999999999999998890e-01,2.177972798328286497e-01,0.000000000000000000e+00,0.000000000000000000e+00,0.000000000000000000e+00,1.000000000000000000e+00
-2.162662040633048510e-01,9.016183870796977695e-01,3.745840533977028430e-01,4.325324081266097576e-01,4.508091935398487737e-01,4.325324081266097576e-01,-7.808244277301695790e-01,-9.016183870796976585e-01,-8.660254037844387076e-01,-1.216668833846803582e-17,-4.999999999999999445e-01,2.178810053321580398e-01,0.000000000000000000e+00,0.000000000000000000e+00,0.000000000000000000e+00,1.000000000000000000e+00
-2.139013013242710426e-01,9.038721885129189504e-01,3.704879216987373991e-01,4.278026026485420852e-01,4.519360942564593642e-01,4.278026026485420852e-01,-7.827762770264249381e-01,-9.038721885129188394e-01,-8.660254037844388186e-01,-6.756949016826080128e-17,-4.999999999999998890e-01,2.179643921091216907e-01,0.000000000000000000e+00,0.000000000000000000e+00,0.000000000000000000e+00,1.000000000000000000e+00
-2.115403108855575254e-01,9.060920413963290398e-01,3.663985663027012341e-01,4.230806217711150508e-01,4.530460206981643534e-01,4.230806217711150508e-01,-7.846987260161222277e-01,-9.060920413963289288e-01,-8.660254037844387076e-01,-1.229739240429171571e-16,-4.999999999999998335e-01,2.180474351748782624e-01,0.000000000000000000e+00,0.000000000000000000e+00,0.000000000000000000e+00,1.000000000000000000e+00
-2.091835102849447792e-01,9.082780610030574131e-01,3.623164679191311355e-01,4.183670205698893918e-01,4.541390305015285955e-01,4.183670205698895028e-01,-7.865918745287198144e-01,-9.082780610030573021e-01,-8.660254037844387076e-01,-1.184653072701547991e-17,-4.999999999999998890e-01,2.181301295757850089e-01,0.000000000000000000e+00,0.000000000000000000e+00,0.000000000000000000e+00,1.000000000000000000e+00
-2.068311756446850336e-01,9.104303702786664676e-01,3.582421048057969348e-01,4.136623512893699006e-01,4.552151851393331228e-01,4.136623512893700116e-01,-7.884558290381982193e-01,-9.104303702786665786e-01,-8.660254037844388186e-01,-6.725421169760946620e-17,-4.999999999999998890e-01,2.182124703939797572e-01,0.000000000000000000e+00,0.000000000000000000e+00,0.000000000000000000e+00,1.000000000000000000e+00
-2.044835815993352734e-01,9.125490997339441579e-01,3.541759526437051608e-01,4.089671631986703249e-01,4.562745498669719679e-01,4.089671631986705469e-01,-7.902907025702150534e-01,-9.125490997339443799e-01,-8.660254037844387076e-01,-6.715235575548344752e-17,-4.999999999999998890e-01,2.182944527479621921e-01,0.000000000000000000e+00,0.000000000000000000e+00,0.000000000000000000e+00,1.000000000000000000e+00
-2.021410012246825372e-01,9.146343873349239706e-01,3.501184844139927366e-01,4.042820024493649633e-01,4.573171936674618188e-01,4.042820024493650743e-01,-7.920966146068602054e-01,-9.146343873349239706e-01,-8.660254037844387076e-01,-6.705210749930688966e-17,-4.999999999999998335e-01,2.183760717931763906e-01,0.000000000000000000e+00,0.000000000000000000e+00,0.000000000000000000e+00,1.000000000000000000e+00
-1.998037059677670313e-01,9.166863783902237106e-01,3.460701702767253751e-01,3.996074119355339516e-01,4.583431891951116888e-01,3.996074119355340626e-01,-7.938736909890882210e-01,-9.166863783902237106e-01,-8.660254037844387076e-01,-6.695345994350353375e-17,-4.999999999999998335e-01,2.184573227225916903e-01,0.000000000000000000e+00,0.000000000000000000e+00,0.000000000000000000e+00,1.000000000000000000e+00
-1.974719655780399485e-01,9.187052254357659375e-01,3.420314774516576839e-01,3.949439311560797305e-01,4.593526127178829133e-01,3.949439311560799526e-01,-7.956220638168829407e-01,-9.187052254357660486e-01,-8.660254037844385966e-01,4.416589670746445488e-17,-4.999999999999998890e-01,2.185382007672855009e-01,0.000000000000000000e+00,0.000000000000000000e+00,0.000000000000000000e+00,1.000000000000000000e+00
-1.951460480396690345e-01,9.206910881169626526e-01,3.380028701009836767e-01,3.902920960793377914e-01,4.603455440584812153e-01,3.902920960793380134e-01,-7.973418713472267827e-01,-9.206910881169628746e-01,-8.660254037844387076e-01,-1.124978602788779909e-17,-4.999999999999998890e-01,2.186187011970240623e-01,0.000000000000000000e+00,0.000000000000000000e+00,0.000000000000000000e+00,1.000000000000000000e+00
-1.928262195050104433e-01,9.226441330684449493e-01,3.339848092141070035e-01,3.856524390100205535e-01,4.613220665342223081e-01,3.856524390100208866e-01,-7.990332578899433935e-01,-9.226441330684449493e-01,-8.660254037844387076e-01,-6.666704644498237617e-17,-4.999999999999998890e-01,2.186988193208452003e-01,0.000000000000000000e+00,0.000000000000000000e+00,0.000000000000000000e+00,1.000000000000000000e+00
-1.905127442292740281e-01,9.245645337914086825e-01,3.299777524944769724e-01,3.810254884585478896e-01,4.622822668957042302e-01,3.810254884585480006e-01,-8.006963737014760607e-01,-9.245645337914084605e-01,-8.660254037844387076e-01,-6.657472497165328403e-17,-4.999999999999998890e-01,2.187785504876393061e-01,0.000000000000000000e+00,0.000000000000000000e+00,0.000000000000000000e+00,1.000000000000000000e+00
-1.882058845063868668e-01,9.264524705286689699e-01,3.259821542485023538e-01,3.764117690127737337e-01,4.632262352643344294e-01,3.764117690127739557e-01,-8.023313748766812692e-01,-9.264524705286690809e-01,-8.660254037844387076e-01,4.453833828836247062e-17,-4.999999999999999445e-01,2.188578900867319266e-01,0.000000000000000000e+00,0.000000000000000000e+00,0.000000000000000000e+00,1.000000000000000000e+00
-1.859059006060862496e-01,9.283081301374883632e-01,3.219984652765910393e-01,3.718118012121721661e-01,4.641540650687440150e-01,3.718118012121723881e-01,-8.039384232386956874e-01,-9.283081301374882521e-01,-8.660254037844387076e-01,-1.219059063007512829e-16,-4.999999999999998335e-01,2.189368335484647432e-01,0.000000000000000000e+00,0.000000000000000000e+00,0.000000000000000000e+00,1.000000000000000000e+00
-1.836130507122396560e-01,9.301317059602784987e-01,3.180271327663199421e-01,3.672261014244792010e-01,4.650658529801391383e-01,3.672261014244793120e-01,-8.055176862269589622e-01,-9.301317059602783877e-01,-8.660254037844387076e-01,-1.079593713166021806e-17,-4.999999999999998890e-01,2.190153763447779955e-01,0.000000000000000000e+00,0.000000000000000000e+00,0.000000000000000000e+00,1.000000000000000000e+00
-1.813275908624227550e-01,9.319233976932435048e-01,3.140686001877783240e-01,3.626551817248453435e-01,4.659616988466216414e-01,3.626551817248454546e-01,-8.070693367834572696e-01,-9.319233976932433938e-01,-8.660254037844388186e-01,-6.622095445421819601e-17,-4.999999999999999445e-01,2.190935139897919048e-01,0.000000000000000000e+00,0.000000000000000000e+00,0.000000000000000000e+00,1.000000000000000000e+00
-1.790497748887517615e-01,9.336834112530593144e-01,3.101233071910883821e-01,3.580995497775034675e-01,4.668417056265296017e-01,3.580995497775036895e-01,-8.085935532372627854e-01,-9.336834112530592034e-01,-8.660254037844387076e-01,4.488595901837382137e-17,-5.000000000000000000e-01,2.191712420403885420e-01,0.000000000000000000e+00,0.000000000000000000e+00,0.000000000000000000e+00,1.000000000000000000e+00
-1.767798543599995165e-01,9.354119586416614895e-01,3.061916895061456700e-01,3.535597087199988664e-01,4.677059793208305782e-01,3.535597087199990884e-01,-8.100905191874375744e-01,-9.354119586416614895e-01,-8.660254037844387076e-01,-1.215643963721514572e-16,-4.999999999999998890e-01,2.192485560967942504e-01,0.000000000000000000e+00,0.000000000000000000e+00,0.000000000000000000e+00,1.000000000000000000e+00
-1.745180785249843269e-01,9.371092578092427017e-01,3.022741788445678091e-01,3.490361570499684873e-01,4.685546289046212398e-01,3.490361570499685984e-01,-8.115604233843850546e-01,-9.371092578092428127e-01,-8.660254037844387076e-01,-1.046049783546359721e-17,-4.999999999999998890e-01,2.193254518031597933e-01,0.000000000000000000e+00,0.000000000000000000e+00,0.000000000000000000e+00,1.000000000000000000e+00
-1.722646942572606255e-01,9.387755325155262565e-01,2.983712028038940645e-01,3.445293885145211954e-01,4.693877662577630727e-01,3.445293885145213064e-01,-8.130034596097100996e-01,-9.387755325155267005e-01,-8.660254037844387076e-01,-1.038039323332739518e-17,-4.999999999999999445e-01,2.194019248481443862e-01,0.000000000000000000e+00,0.000000000000000000e+00,0.000000000000000000e+00,1.000000000000000000e+00
-1.700199460011070640e-01,9.404110121894163621e-01,2.944831847740344011e-01,3.400398920022139615e-01,4.702055060947080700e-01,3.400398920022141835e-01,-8.144198265546720439e-01,-9.404110121894165841e-01,-8.660254037844387076e-01,-6.581292030490448509e-17,-4.999999999999998890e-01,2.194779709654956223e-01,0.000000000000000000e+00,0.000000000000000000e+00,0.000000000000000000e+00,1.000000000000000000e+00
-1.677840757188192033e-01,9.420159317871041882e-01,2.906105438459783974e-01,3.355681514376381847e-01,4.710079658935519276e-01,3.355681514376384067e-01,-8.158097276973012013e-01,-9.420159317871040772e-01,-8.660254037844387076e-01,-1.212469165236373207e-16,-4.999999999999998335e-01,2.195535859346322283e-01,0.000000000000000000e+00,0.000000000000000000e+00,0.000000000000000000e+00,1.000000000000000000e+00
-1.655573228393217855e-01,9.435905316487159800e-01,2.867536947227884436e-01,3.311146456786432379e-01,4.717952658243578234e-01,3.311146456786434600e-01,-8.171733711782525056e-01,-9.435905316487159800e-01,-8.660254037844387076e-01,-1.211712191041407202e-16,-4.999999999999998335e-01,2.196287655812254880e-01,0.000000000000000000e+00,0.000000000000000000e+00,0.000000000000000000e+00,1.000000000000000000e+00
-1.633399242080882108e-01,9.451350573535953759e-01,2.829130476328583499e-01,3.266798484161762550e-01,4.725675286767975769e-01,3.266798484161763660e-01,-8.185109696754760966e-01,-9.451350573535955979e-01,-8.660254037844387076e-01,-6.558581624041680504e-17,-4.999999999999998890e-01,2.197035057777811107e-01,0.000000000000000000e+00,0.000000000000000000e+00,0.000000000000000000e+00,1.000000000000000000e+00
-1.611321140383916439e-01,9.466497595742975335e-01,2.790890082454766663e-01,3.222642280767832323e-01,4.733248797871486002e-01,3.222642280767832323e-01,-8.198227402777727990e-01,-9.466497595742973115e-01,-8.660254037844387076e-01,-6.551299834413200696e-17,-4.999999999999999445e-01,2.197778024442214317e-01,0.000000000000000000e+00,0.000000000000000000e+00,0.000000000000000000e+00,1.000000000000000000e+00
-1.589341238638679044e-01,9.481348939293916533e-01,2.752819775886645171e-01,3.178682477277356977e-01,4.740674469646957156e-01,3.178682477277359197e-01,-8.211089043573173152e-01,-9.481348939293916533e-01,-8.660254037844387076e-01,-9.930450664146366614e-18,-5.000000000000000000e-01,2.198516515484665590e-01,0.000000000000000000e+00,0.000000000000000000e+00,0.000000000000000000e+00,1.000000000000000000e+00
-1.567461824924076264e-01,9.495907208351540563e-01,2.714923519693130949e-01,3.134923649848150307e-01,4.747953604175768616e-01,3.134923649848151417e-01,-8.223696874412205204e-01,-9.495907208351541673e-01,-8.660254037844388186e-01,-1.208827656062216582e-16,-4.999999999999998890e-01,2.199250491070165736e-01,0.000000000000000000e+00,0.000000000000000000e+00,0.000000000000000000e+00,1.000000000000000000e+00
-1.545685159613683080e-01,9.510175053562374137e-01,2.677205228956107685e-01,3.091370319227363384e-01,4.755087526781185403e-01,3.091370319227365604e-01,-8.236053190822051340e-01,-9.510175053562375247e-01,-8.660254037844388186e-01,-1.208141742713328279e-16,-4.999999999999998890e-01,2.199979911855328985e-01,0.000000000000000000e+00,0.000000000000000000e+00,0.000000000000000000e+00,1.000000000000000000e+00
-1.524013474941076085e-01,9.524155170554083893e-01,2.639668770017541966e-01,3.048026949882151060e-01,4.762077585277040837e-01,3.048026949882151060e-01,-8.248160327284750348e-01,-9.524155170554083893e-01,-8.660254037844387076e-01,-6.523581493175917096e-17,-4.999999999999999445e-01,2.200704738994208320e-01,0.000000000000000000e+00,0.000000000000000000e+00,0.000000000000000000e+00,1.000000000000000000e+00
-1.502448974578366458e-01,9.537850298424360718e-01,2.602317959749490539e-01,3.004897949156731807e-01,4.768925149212178694e-01,3.004897949156732917e-01,-8.260020655928486111e-01,-9.537850298424362938e-01,-8.660254037844387076e-01,-1.206811281133175268e-16,-4.999999999999998890e-01,2.201424934144108059e-01,0.000000000000000000e+00,0.000000000000000000e+00,0.000000000000000000e+00,1.000000000000000000e+00
-1.480993833227862988e-01,9.551263218222192375e-01,2.565156564846847176e-01,2.961987666455723200e-01,4.775631609111095077e-01,2.961987666455725421e-01,-8.271636585212331916e-01,-9.551263218222193485e-01,-8.660254037844387076e-01,-6.510549552134297138e-17,-4.999999999999999445e-01,2.202140459471400302e-01,0.000000000000000000e+00,0.000000000000000000e+00,0.000000000000000000e+00,1.000000000000000000e+00
-1.459650196226834618e-01,9.564396751422425957e-01,2.528188301142758609e-01,2.919300392453666460e-01,4.782198375711211868e-01,2.919300392453668680e-01,-8.283010558605180540e-01,-9.564396751422428178e-01,-8.660254037844387076e-01,-6.504235728563189295e-17,-4.999999999999998890e-01,2.202851277657348616e-01,0.000000000000000000e+00,0.000000000000000000e+00,0.000000000000000000e+00,1.000000000000000000e+00
-1.438420179165350310e-01,9.577253758394400629e-01,2.491416832946714843e-01,2.876840358330698955e-01,4.788626879197199759e-01,2.876840358330700065e-01,-8.294145053259543987e-01,-9.577253758394401739e-01,-8.660254037844387076e-01,-9.469397192709871974e-18,-5.000000000000000000e-01,2.203557351903921158e-01,0.000000000000000000e+00,0.000000000000000000e+00,0.000000000000000000e+00,1.000000000000000000e+00
-1.417305867517079376e-01,9.589837136865603240e-01,2.454845772405066517e-01,2.834611735034158198e-01,4.794918568432800510e-01,2.834611735034160418e-01,-8.305042578681038901e-01,-9.589837136865598799e-01,-8.660254037844387076e-01,-9.408903774537963890e-18,-4.999999999999999445e-01,2.204258645939613237e-01,0.000000000000000000e+00,0.000000000000000000e+00,0.000000000000000000e+00,1.000000000000000000e+00
-1.396309316282922652e-01,9.602149820381166156e-01,2.418478678883783928e-01,2.792618632565843084e-01,4.801074910190582523e-01,2.792618632565845305e-01,-8.315705675394274854e-01,-9.602149820381168377e-01,-8.660254037844388186e-01,-9.349711697113766962e-18,-5.000000000000000000e-01,2.204955124025256008e-01,0.000000000000000000e+00,0.000000000000000000e+00,0.000000000000000000e+00,1.000000000000000000e+00
-1.375432549647593317e-01,9.614194776760021099e-01,2.382319058373634779e-01,2.750865099295186633e-01,4.807097388380010550e-01,2.750865099295187743e-01,-8.326136913605838297e-01,-9.614194776760022210e-01,-8.660254037844387076e-01,4.621934453833319743e-17,-5.000000000000000000e-01,2.205646750959846802e-01,0.000000000000000000e+00,0.000000000000000000e+00,0.000000000000000000e+00,1.000000000000000000e+00
-1.354677560648779588e-01,9.625975006548619373e-01,2.346370362917155339e-01,2.709355121297556401e-01,4.812987503274308576e-01,2.709355121297558622e-01,-8.336338891865182621e-01,-9.625975006548621593e-01,-8.660254037844385966e-01,-9.235174337123382865e-18,-4.999999999999999445e-01,2.206333492086360593e-01,0.000000000000000000e+00,0.000000000000000000e+00,0.000000000000000000e+00,1.000000000000000000e+00
-1.334046310858961748e-01,9.637493541473031167e-01,2.310635990057546552e-01,2.668092621717922386e-01,4.818746770736514473e-01,2.668092621717923496e-01,-8.346314235724101582e-01,-9.637493541473032277e-01,-8.660254037844387076e-01,-9.179800054969757915e-18,-4.999999999999999445e-01,2.207015313297563119e-01,0.000000000000000000e+00,0.000000000000000000e+00,0.000000000000000000e+00,1.000000000000000000e+00
-1.313540730079739982e-01,9.648753442890243281e-01,2.275119282309227275e-01,2.627081460159479409e-01,4.824376721445121086e-01,2.627081460159480519e-01,-8.356065596395515493e-01,-9.648753442890245502e-01,-8.660254037844387076e-01,4.638548210198220885e-17,-5.000000000000000000e-01,2.207692181041837898e-01,0.000000000000000000e+00,0.000000000000000000e+00,0.000000000000000000e+00,1.000000000000000000e+00
-1.293162716048453786e-01,9.659757800239545666e-01,2.239823526649687424e-01,2.586325432096905352e-01,4.829878900119771723e-01,2.586325432096907573e-01,-8.365595649412334023e-01,-9.659757800239544556e-01,-8.660254037844387076e-01,-6.458391793910759336e-17,-4.999999999999999445e-01,2.208364062329004340e-01,0.000000000000000000e+00,0.000000000000000000e+00,0.000000000000000000e+00,1.000000000000000000e+00
-1.272914134157104304e-01,9.670509729494732865e-01,2.204751954032649897e-01,2.545828268314206388e-01,4.835254864747365322e-01,2.545828268314207499e-01,-8.374907093287019544e-01,-9.670509729494732865e-01,-8.660254037844387076e-01,-6.453222904219669579e-17,-4.999999999999998890e-01,2.209030924736122559e-01,0.000000000000000000e+00,0.000000000000000000e+00,0.000000000000000000e+00,1.000000000000000000e+00
-1.252796817183305100e-01,9.681012371618038514e-01,2.169907738922062790e-01,2.505593634366608535e-01,4.840506185809018147e-01,2.505593634366609646e-01,-8.384002648172658168e-01,-9.681012371618036294e-01,-8.660254037844385966e-01,-6.448173856991779430e-17,-4.999999999999999445e-01,2.209692736413327585e-01,0.000000000000000000e+00,0.000000000000000000e+00,0.000000000000000000e+00,1.000000000000000000e+00
-1.232812565033149649e-01,9.691268891016568965e-01,2.135293998846727326e-01,2.465625130066297910e-01,4.845634445508283927e-01,2.465625130066301240e-01,-8.392885054526193489e-01,-9.691268891016570075e-01,-8.660254037844387076e-01,-8.921280078421114984e-18,-5.000000000000000000e-01,2.210349466089638060e-01,0.000000000000000000e+00,0.000000000000000000e+00,0.000000000000000000e+00,1.000000000000000000e+00
-1.212963144495891599e-01,9.701282474002009826e-01,2.100913793975393851e-01,2.425926288991782087e-01,4.850641237001003803e-01,2.425926288991783197e-01,-8.401557071774489183e-01,-9.701282474002008716e-01,-8.660254037844387076e-01,-6.438429194358392631e-17,-4.999999999999999445e-01,2.211001083078774354e-01,0.000000000000000000e+00,0.000000000000000000e+00,0.000000000000000000e+00,1.000000000000000000e+00
-1.193250289010204385e-01,9.711056327254427023e-01,2.066770126711921507e-01,2.386500578020406271e-01,4.855528163627212956e-01,2.386500578020409602e-01,-8.410021476983943201e-01,-9.711056327254427023e-01,-8.660254037844387076e-01,-8.826153824559628266e-18,-5.000000000000000000e-01,2.211647557284982801e-01,0.000000000000000000e+00,0.000000000000000000e+00,0.000000000000000000e+00,1.000000000000000000e+00
-1.173675698441821041e-01,9.720593676290991692e-01,2.032865941310122437e-01,2.347351396883641250e-01,4.860296838145495291e-01,2.347351396883642360e-01,-8.418281063534367448e-01,-9.720593676290992802e-01,-8.660254037844387076e-01,-8.780303908748801913e-18,-4.999999999999999445e-01,2.212288859208845493e-01,0.000000000000000000e+00,0.000000000000000000e+00,0.000000000000000000e+00,1.000000000000000000e+00
-1.154241038872464015e-01,9.729897763940300592e-01,1.999204123508191988e-01,2.308482077744927752e-01,4.864948881970149741e-01,2.308482077744928862e-01,-8.426338639797705810e-01,-9.729897763940300592e-01,-8.660254037844387076e-01,-8.735575375297644998e-18,-5.000000000000000000e-01,2.212924959953102844e-01,0.000000000000000000e+00,0.000000000000000000e+00,0.000000000000000000e+00,1.000000000000000000e+00
-1.134947942399802817e-01,9.738971848823151367e-01,1.965787500182213099e-01,2.269895884799604246e-01,4.869485924411574018e-01,2.269895884799605357e-01,-8.434197027822351034e-01,-9.738971848823152477e-01,-8.660254037844387076e-01,-6.420310378994847953e-17,-4.999999999999998890e-01,2.213555831228473381e-01,0.000000000000000000e+00,0.000000000000000000e+00,0.000000000000000000e+00,1.000000000000000000e+00
-1.115798006948213877e-01,9.747819203840497604e-01,1.932618839018397927e-01,2.231596013896427477e-01,4.873909601920247692e-01,2.231596013896428587e-01,-8.441859062023672200e-01,-9.747819203840497604e-01,-8.660254037844385966e-01,-8.649419724761785444e-18,-4.999999999999999445e-01,2.214181445359465206e-01,0.000000000000000000e+00,0.000000000000000000e+00,0.000000000000000000e+00,1.000000000000000000e+00
-1.096792796090256261e-01,9.756443114669304251e-01,1.899700848203854375e-01,2.193585592180511412e-01,4.878221557334650460e-01,2.193585592180512522e-01,-8.449327587881391155e-01,-9.756443114669304251e-01,-8.660254037844387076e-01,-1.196302635404412060e-16,-4.999999999999998890e-01,2.214801775290200780e-01,0.000000000000000000e+00,0.000000000000000000e+00,0.000000000000000000e+00,1.000000000000000000e+00
-1.077933838878528811e-01,9.764846878267083863e-01,1.867036176135375425e-01,2.155867677757056233e-01,4.882423439133540821e-01,2.155867677757057344e-01,-8.456605460644466277e-01,-9.764846878267081642e-01,-8.660254037844388186e-01,-8.567560768366254261e-18,-4.999999999999999445e-01,2.215416794590228944e-01,0.000000000000000000e+00,0.000000000000000000e+00,0.000000000000000000e+00,1.000000000000000000e+00
-1.059222629687693318e-01,9.773033801385829777e-01,1.834627411145798026e-01,2.118445259375384415e-01,4.886516900692913223e-01,2.118445259375386636e-01,-8.463695544044130825e-01,-9.773033801385830888e-01,-8.660254037844387076e-01,-6.403935413043997418e-17,-4.999999999999998890e-01,2.216026477460349697e-01,0.000000000000000000e+00,0.000000000000000000e+00,0.000000000000000000e+00,1.000000000000000000e+00
-1.040660628066636950e-01,9.781007199096002358e-01,1.802477081247954582e-01,2.081321256133273900e-01,4.890503599548000069e-01,2.081321256133275011e-01,-8.470600709015616570e-01,-9.781007199096001248e-01,-8.660254037844387076e-01,-8.489871533481260393e-18,-5.000000000000000000e-01,2.216630798738424002e-01,0.000000000000000000e+00,0.000000000000000000e+00,0.000000000000000000e+00,1.000000000000000000e+00
-1.022249258600196192e-01,9.788770393321389873e-01,1.770587653895155655e-01,2.044498517200390442e-01,4.894385196660694382e-01,2.044498517200392662e-01,-8.477323832429315420e-01,-9.788770393321387653e-01,-8.660254037844387076e-01,-8.452550701424835666e-18,-4.999999999999999445e-01,2.217229733905200229e-01,0.000000000000000000e+00,0.000000000000000000e+00,0.000000000000000000e+00,1.000000000000000000e+00
-1.003989910780540840e-01,9.796326711385423547e-01,1.738961535758441201e-01,2.007979821561080014e-01,4.898163355692710663e-01,2.007979821561082234e-01,-8.483867795831843139e-01,-9.796326711385423547e-01,-8.660254037844387076e-01,-8.416224407215882390e-18,-5.000000000000000000e-01,2.217823259090123955e-01,0.000000000000000000e+00,0.000000000000000000e+00,0.000000000000000000e+00,1.000000000000000000e+00
-9.858839388878114229e-02,9.803679484569668423e-01,1.707601072519819019e-01,1.971767877775619793e-01,4.901839742284833101e-01,1.971767877775622013e-01,-8.490235484197664606e-01,-9.803679484569670644e-01,-8.660254037844387076e-01,-8.380876636029018744e-18,-4.999999999999998890e-01,2.218411351077162752e-01,0.000000000000000000e+00,0.000000000000000000e+00,0.000000000000000000e+00,1.000000000000000000e+00
-9.679326618797545745e-02,9.810832046685209473e-01,1.676508548681122368e-01,1.935865323759506929e-01,4.905416023342603626e-01,1.935865323759509149e-01,-8.496429784691870157e-01,-9.810832046685208363e-01,-8.660254037844387076e-01,-6.385764259213627582e-17,-4.999999999999999445e-01,2.218993987310622085e-01,0.000000000000000000e+00,0.000000000000000000e+00,0.000000000000000000e+00,1.000000000000000000e+00
-9.501373632902461452e-02,9.817787732657465849e-01,1.645686187388235022e-01,1.900274726580492013e-01,4.908893866328732369e-01,1.900274726580493123e-01,-8.502453585444590400e-01,-9.817787732657464739e-01,-8.660254037844387076e-01,4.719809868183650004e-17,-4.999999999999999445e-01,2.219571145900955667e-01,0.000000000000000000e+00,0.000000000000000000e+00,0.000000000000000000e+00,1.000000000000000000e+00
-9.324992911361972003e-02,9.824549877125260400e-01,1.615136150269854964e-01,1.864998582272391348e-01,4.912274938562628535e-01,1.864998582272393568e-01,-8.508309774337761144e-01,-9.824549877125259290e-01,-8.660254037844387076e-01,-6.379169540195039265e-17,-4.999999999999998890e-01,2.220142805630598015e-01,0.000000000000000000e+00,0.000000000000000000e+00,0.000000000000000000e+00,1.000000000000000000e+00
-9.150196578329253261e-02,9.831121813054564118e-01,1.584860537290916360e-01,1.830039315665847877e-01,4.915560906527281504e-01,1.830039315665851207e-01,-8.514001237804581512e-01,-9.831121813054564118e-01,-8.660254037844388186e-01,4.726220102948864583e-17,-4.999999999999999445e-01,2.220708945959769254e-01,0.000000000000000000e+00,0.000000000000000000e+00,0.000000000000000000e+00,1.000000000000000000e+00
-8.976996401174006102e-02,9.837506870367732636e-01,1.554861386619633967e-01,1.795399280234798445e-01,4.918753435183865208e-01,1.795399280234800665e-01,-8.519530859642405751e-01,-9.837506870367734857e-01,-8.660254037844387076e-01,-6.372940586561789549e-17,-4.999999999999998890e-01,2.221269547032303504e-01,0.000000000000000000e+00,0.000000000000000000e+00,0.000000000000000000e+00,1.000000000000000000e+00
-8.805403789793692093e-02,9.843708374588688859e-01,1.525140674508221605e-01,1.761080757958736198e-01,4.921854187294343319e-01,1.761080757958738419e-01,-8.524901519839429564e-01,-9.843708374588688859e-01,-8.660254037844388186e-01,-8.188441481319199886e-18,-4.999999999999999445e-01,2.221824589681455908e-01,0.000000000000000000e+00,0.000000000000000000e+00,0.000000000000000000e+00,1.000000000000000000e+00
-8.635429795998537938e-02,9.849729645504755604e-01,1.495700315186361262e-01,1.727085959199704535e-01,4.924864822752376692e-01,1.727085959199707865e-01,-8.530116093415811562e-01,-9.849729645504755604e-01,-8.660254037844388186e-01,-8.159494783078693679e-18,-4.999999999999999445e-01,2.222374055435731854e-01,0.000000000000000000e+00,0.000000000000000000e+00,0.000000000000000000e+00,1.000000000000000000e+00
-8.467085112970043626e-02,9.855573995845642310e-01,1.466542160767418113e-01,1.693417022594008170e-01,4.927786997922820600e-01,1.693417022594009280e-01,-8.535177449279636175e-01,-9.855573995845641200e-01,-8.660254037844387076e-01,-8.131398613999495512e-18,-4.999999999999999445e-01,2.222917926524691223e-01,0.000000000000000000e+00,0.000000000000000000e+00,0.000000000000000000e+00,1.000000000000000000e+00
-8.300380074788084317e-02,9.861244729980209733e-01,1.437668001166532428e-01,1.660076014957616586e-01,4.930622364990103756e-01,1.660076014957617696e-01,-8.540088449098278689e-01,-9.861244729980207513e-01,-8.660254037844387076e-01,-8.104137088636561076e-18,-5.000000000000000000e-01,2.223456185884782332e-01,0.000000000000000000e+00,0.000000000000000000e+00,0.000000000000000000e+00,1.000000000000000000e+00
-8.135324656025402779e-02,9.866745142631516696e-01,1.409079564030379095e-01,1.627064931205076670e-01,4.933372571315757238e-01,1.627064931205080001e-01,-8.544851946185608726e-01,-9.866745142631515586e-01,-8.660254037844387076e-01,-6.358884559917395087e-17,-4.999999999999999445e-01,2.223988817165151732e-01,0.000000000000000000e+00,0.000000000000000000e+00,0.000000000000000000e+00,1.000000000000000000e+00
-7.971928471406161676e-02,9.872078517610733961e-01,1.380778514678037416e-01,1.594385694281230670e-01,4.936039258805366425e-01,1.594385694281232890e-01,-8.549470784405518442e-01,-9.872078517610736181e-01,-8.660254037844387076e-01,4.745909656603552153e-17,-5.000000000000000000e-01,2.224515804733456226e-01,0.000000000000000000e+00,0.000000000000000000e+00,0.000000000000000000e+00,1.000000000000000000e+00
-7.810200775525523442e-02,9.877248126570438158e-01,1.352766456052403865e-01,1.562040155105101080e-01,4.938624063285217414e-01,1.562040155105103301e-01,-8.553947797092253946e-01,-9.877248126570439268e-01,-8.660254037844387076e-01,-6.353835348364836907e-17,-4.999999999999998890e-01,2.225037133681693757e-01,0.000000000000000000e+00,0.000000000000000000e+00,0.000000000000000000e+00,1.000000000000000000e+00
-7.650150462627915149e-02,9.882257227777778708e-01,1.325044928681809453e-01,1.530030092525579422e-01,4.941128613888888799e-01,1.530030092525582752e-01,-8.558285805987938533e-01,-9.882257227777778708e-01,-8.660254037844387076e-01,-8.003121465605453163e-18,-4.999999999999999445e-01,2.225552789832009881e-01,0.000000000000000000e+00,0.000000000000000000e+00,0.000000000000000000e+00,1.000000000000000000e+00
-7.491786066441850911e-02,9.887109064908039535e-01,1.297615410651389023e-01,1.498357213288369350e-01,4.943554532454019212e-01,1.498357213288372680e-01,-8.562487620197768434e-01,-9.887109064908037315e-01,-8.660254037844385966e-01,4.753135452005712544e-17,-5.000000000000000000e-01,2.226062759742523101e-01,0.000000000000000000e+00,0.000000000000000000e+00,0.000000000000000000e+00,1.000000000000000000e+00
-7.335115760066628077e-02,9.891806865859081865e-01,1.270479317583459444e-01,1.467023152013322562e-01,4.945903432929539822e-01,1.467023152013324783e-01,-8.566556035163294114e-01,-9.891806865859084086e-01,-8.660254037844388186e-01,-7.957212471358420725e-18,-4.999999999999998890e-01,2.226567030713140216e-01,0.000000000000000000e+00,0.000000000000000000e+00,0.000000000000000000e+00,1.000000000000000000e+00
-7.180147355909979878e-02,9.896353841587151035e-01,1.243638002626742539e-01,1.436029471181994310e-01,4.948176920793574962e-01,1.436029471181996531e-01,-8.570493831654193428e-01,-9.896353841587151035e-01,-8.660254037844387076e-01,-7.935353309705997902e-18,-5.000000000000000000e-01,2.227065590791372229e-01,0.000000000000000000e+00,0.000000000000000000e+00,0.000000000000000000e+00,1.000000000000000000e+00
-7.026888305673339996e-02,9.900753184964449227e-01,1.217092756453780206e-01,1.405377661134664669e-01,4.950376592482222948e-01,1.405377661134667999e-01,-8.574303774778904152e-01,-9.900753184964445897e-01,-8.660254037844387076e-01,-6.342535510806599412e-17,-4.999999999999998890e-01,2.227558428778157462e-01,0.000000000000000000e+00,0.000000000000000000e+00,0.000000000000000000e+00,1.000000000000000000e+00
-6.875345700381081671e-02,9.905008069659007042e-01,1.190844807266026595e-01,1.375069140076213836e-01,4.952504034829502411e-01,1.375069140076216057e-01,-8.577988613014565500e-01,-9.905008069659009262e-01,-8.660254037844387076e-01,-6.340490014680973613e-17,-4.999999999999999445e-01,2.228045534233671354e-01,0.000000000000000000e+00,0.000000000000000000e+00,0.000000000000000000e+00,1.000000000000000000e+00
-6.725526270452764077e-02,9.909121649037214707e-01,1.164895320806340340e-01,1.345105254090550595e-01,4.954560824518606243e-01,1.345105254090552815e-01,-8.581551077256577287e-01,-9.909121649037214707e-01,-8.660254037844387076e-01,-6.338512449768031583e-17,-4.999999999999998890e-01,2.228526897483154579e-01,0.000000000000000000e+00,0.000000000000000000e+00,0.000000000000000000e+00,1.000000000000000000e+00
-6.577436385813838216e-02,9.913097055089438170e-01,1.139245400378178091e-01,1.315487277162766810e-01,4.956548527544718530e-01,1.315487277162769031e-01,-8.584993879888160873e-01,-9.913097055089439280e-01,-8.660254037844387076e-01,-7.854861872668367925e-18,-4.999999999999999445e-01,2.229002509622722839e-01,0.000000000000000000e+00,0.000000000000000000e+00,0.000000000000000000e+00,1.000000000000000000e+00
-6.431082056042597417e-02,9.916937397379186336e-01,1.113896086871030700e-01,1.286216411208517263e-01,4.958468698689592613e-01,1.286216411208520594e-01,-8.588319713870310457e-01,-9.916937397379188557e-01,-8.660254037844387076e-01,-7.836399785353051724e-18,-5.000000000000000000e-01,2.229472362525190543e-01,0.000000000000000000e+00,0.000000000000000000e+00,0.000000000000000000e+00,1.000000000000000000e+00
-6.286468930552215062e-02,9.920645762016102598e-01,1.088848358791962151e-01,1.257293786110440514e-01,4.960322881008050189e-01,1.257293786110442735e-01,-8.591531251852375650e-01,-9.920645762016103708e-01,-8.660254037844385966e-01,-6.332972339955014379e-17,-4.999999999999999445e-01,2.229936448845881714e-01,0.000000000000000000e+00,0.000000000000000000e+00,0.000000000000000000e+00,1.000000000000000000e+00
-6.143602298801653649e-02,9.924225210653290219e-01,1.064103132302141874e-01,1.228720459760328509e-01,4.962112605326643999e-01,1.228720459760330730e-01,-8.594631145303721631e-01,-9.924225210653292439e-01,-8.660254037844387076e-01,-7.801364302874471518e-18,-4.999999999999999445e-01,2.230394762028456435e-01,0.000000000000000000e+00,0.000000000000000000e+00,0.000000000000000000e+00,1.000000000000000000e+00
-6.002487090536864911e-02,9.927678779509212514e-01,1.039661261258614383e-01,1.200497418107371317e-01,4.963839389754605702e-01,1.200497418107373537e-01,-8.597622023666668944e-01,-9.927678779509214735e-01,-8.660254037844387076e-01,4.772638963849534202e-17,-5.000000000000000000e-01,2.230847296310722316e-01,0.000000000000000000e+00,0.000000000000000000e+00,0.000000000000000000e+00,1.000000000000000000e+00
-5.863127876056915821e-02,9.931009478414576375e-01,1.015523537260397541e-01,1.172625575211382332e-01,4.965504739207287077e-01,1.172625575211382332e-01,-8.600506493531071550e-01,-9.931009478414576375e-01,-8.660254037844388186e-01,-6.327990079973383231e-17,-4.999999999999999445e-01,2.231294046730455949e-01,0.000000000000000000e+00,0.000000000000000000e+00,0.000000000000000000e+00,1.000000000000000000e+00
-5.725528866502895692e-02,9.934220289884541089e-01,9.916906896985260012e-02,1.145105773300576502e-01,4.967110144942269434e-01,1.145105773300579832e-01,-8.603287137830822884e-01,-9.934220289884539978e-01,-8.660254037844387076e-01,-7.753313891851615992e-18,-4.999999999999999445e-01,2.231735009131216585e-01,0.000000000000000000e+00,0.000000000000000000e+00,0.000000000000000000e+00,1.000000000000000000e+00
-5.589693914167084832e-02,9.937314168216527799e-01,9.681633858095940737e-02,1.117938782833416411e-01,4.968657084108263344e-01,1.117938782833417521e-01,-8.605966515062541955e-01,-9.937314168216526689e-01,-8.660254037844387076e-01,-7.738440360380061362e-18,-5.000000000000000000e-01,2.232170180168172036e-01,0.000000000000000000e+00,0.000000000000000000e+00,0.000000000000000000e+00,1.000000000000000000e+00
-5.455626512821282192e-02,9.940294038613951555e-01,9.449422307326278692e-02,1.091125302564254218e-01,4.970147019306975222e-01,1.091125302564256438e-01,-8.608547158526695942e-01,-9.940294038613951555e-01,-8.660254037844387076e-01,4.778703631983902656e-17,-4.999999999999999445e-01,2.232599557313906802e-01,0.000000000000000000e+00,0.000000000000000000e+00,0.000000000000000000e+00,1.000000000000000000e+00
-5.323329798058127477e-02,9.943162796336197928e-01,9.220277675682043983e-02,1.064665959611623691e-01,4.971581398168097854e-01,1.064665959611624801e-01,-8.611031575591464593e-01,-9.943162796336196818e-01,-8.660254037844387076e-01,-6.322147485753623229e-17,-4.999999999999998890e-01,2.233023138864249080e-01,0.000000000000000000e+00,0.000000000000000000e+00,0.000000000000000000e+00,1.000000000000000000e+00
-5.192806547648018412e-02,9.945923305875034037e-01,8.994204774402703162e-02,1.038561309529602017e-01,4.972961652937515908e-01,1.038561309529604237e-01,-8.613422246979485219e-01,-9.945923305875034037e-01,-8.660254037844388186e-01,-7.697052734181946024e-18,-4.999999999999999445e-01,2.233440923944081669e-01,0.000000000000000000e+00,0.000000000000000000e+00,0.000000000000000000e+00,1.000000000000000000e+00
-5.064059181903390189e-02,9.948578400157842561e-01,8.771207795592349254e-02,1.012811836380675956e-01,4.974289200078920170e-01,1.012811836380677066e-01,-8.615721626077840201e-01,-9.948578400157843671e-01,-8.660254037844387076e-01,-7.684288616095268362e-18,-4.999999999999998890e-01,2.233852912513163425e-01,0.000000000000000000e+00,0.000000000000000000e+00,0.000000000000000000e+00,1.000000000000000000e+00
-4.937089764053057689e-02,9.951130879777800864e-01,8.551290312868123356e-02,9.874179528106086234e-02,4.975565439888898767e-01,9.874179528106108439e-02,-8.617932138271366949e-01,-9.951130879777798643e-01,-8.660254037844387076e-01,-1.186943202709435698e-16,-4.999999999999998335e-01,2.234259105371949605e-01,0.000000000000000000e+00,0.000000000000000000e+00,0.000000000000000000e+00,1.000000000000000000e+00
-4.811900000621132517e-02,9.953583512251299448e-01,8.334455282016504929e-02,9.623800001242255320e-02,4.976791756125648614e-01,9.623800001242255320e-02,-8.620056180299563442e-01,-9.953583512251297227e-01,-8.660254037844387076e-01,-6.317137823786087263e-17,-4.999999999999998890e-01,2.234659504167400557e-01,0.000000000000000000e+00,0.000000000000000000e+00,0.000000000000000000e+00,1.000000000000000000e+00
-4.688491241808981358e-02,9.955939031302833975e-01,8.120705041654863177e-02,9.376982483617968267e-02,4.977969515651416432e-01,9.376982483617979369e-02,-8.622096119637290279e-01,-9.955939031302835085e-01,-8.660254037844387076e-01,-7.648903068495137131e-18,-4.999999999999999445e-01,2.235054111398808718e-01,0.000000000000000000e+00,0.000000000000000000e+00,0.000000000000000000e+00,1.000000000000000000e+00
-4.566864481878112753e-02,9.958200136177541850e-01,7.910041313894608517e-02,9.133728963756193586e-02,4.979100068088770370e-01,9.133728963756226893e-02,-8.624054293899408030e-01,-9.958200136177541850e-01,-8.660254037844387076e-01,-7.638033017734979612e-18,-4.999999999999999445e-01,2.235442930423618968e-01,0.000000000000000000e+00,0.000000000000000000e+00,0.000000000000000000e+00,1.000000000000000000e+00
-4.447020359531551198e-02,9.960369490981570983e-01,7.702465205001848836e-02,8.894040719063067701e-02,4.980184745490783826e-01,8.894040719063089906e-02,-8.625933010269519752e-01,-9.960369490981570983e-01,-8.660254037844387076e-01,-1.186499065093964302e-16,-4.999999999999998890e-01,2.235825965463233977e-01,0.000000000000000000e+00,0.000000000000000000e+00,0.000000000000000000e+00,1.000000000000000000e+00
-4.328959158291602327e-02,9.962449724050492783e-01,7.497977206051648080e-02,8.657918316583179674e-02,4.981224862025244726e-01,8.657918316583201879e-02,-8.627734544952998519e-01,-9.962449724050491673e-01,-8.660254037844387076e-01,-1.186399059829701479e-16,-4.999999999999998890e-01,2.236203221608842884e-01,0.000000000000000000e+00,0.000000000000000000e+00,0.000000000000000000e+00,1.000000000000000000e+00
-4.212680806872256406e-02,9.964443427345873738e-01,7.296577193572999220e-02,8.425361613744475342e-02,4.982221713672935759e-01,8.425361613744508649e-02,-8.629461142654406558e-01,-9.964443427345875959e-01,-8.660254037844387076e-01,-6.311917020910048050e-17,-4.999999999999999445e-01,2.236574704827234972e-01,0.000000000000000000e+00,0.000000000000000000e+00,0.000000000000000000e+00,1.000000000000000000e+00
-4.098184879542518533e-02,9.966353155880216530e-01,7.098264430178180540e-02,8.196369759085020412e-02,4.983176577940107710e-01,8.196369759085042617e-02,-8.631115016079479174e-01,-9.966353155880217640e-01,-8.660254037844388186e-01,-7.598838136060997039e-18,-4.999999999999999445e-01,2.236940421966617798e-01,0.000000000000000000e+00,0.000000000000000000e+00,0.000000000000000000e+00,1.000000000000000000e+00
-3.985470596480804317e-02,9.968181427170327291e-01,6.903037565176584067e-02,7.970941192961589206e-02,4.984090713585162535e-01,7.970941192961600308e-02,-8.632698345461724543e-01,-9.968181427170329512e-01,-8.660254037844387076e-01,-7.590048892382325369e-18,-4.999999999999998890e-01,2.237300380762440311e-01,0.000000000000000000e+00,0.000000000000000000e+00,0.000000000000000000e+00,1.000000000000000000e+00
-3.874536824116683875e-02,9.969930720719305528e-01,6.710894635166664290e-02,7.749073648233362199e-02,4.984965360359651654e-01,7.749073648233384404e-02,-8.634213278113815893e-01,-9.969930720719306638e-01,-8.660254037844387076e-01,-7.581639326826784028e-18,-4.999999999999999445e-01,2.237654589843200981e-01,0.000000000000000000e+00,0.000000000000000000e+00,0.000000000000000000e+00,1.000000000000000000e+00
-3.765382075459500211e-02,9.971603477527190007e-01,6.521833064604995456e-02,7.530764150918978217e-02,4.985801738763593893e-01,7.530764150919000421e-02,-8.635661928003798282e-01,-9.971603477527190007e-01,-8.660254037844387076e-01,-6.308474893577222147e-17,-4.999999999999998890e-01,2.238003058736275364e-01,0.000000000000000000e+00,0.000000000000000000e+00,0.000000000000000000e+00,1.000000000000000000e+00
-3.658004510410414745e-02,9.973202099630422701e-01,6.335849666346959896e-02,7.316009020820812836e-02,4.986601049815210795e-01,7.316009020820835040e-02,-8.637046375356248751e-01,-9.973202099630421591e-01,-8.660254037844387076e-01,-7.565912477879029037e-18,-4.999999999999999445e-01,2.238345797873722010e-01,0.000000000000000000e+00,0.000000000000000000e+00,0.000000000000000000e+00,1.000000000000000000e+00
-3.552401936057051485e-02,9.974728949670157441e-01,6.152940642156877471e-02,7.104803872114096031e-02,4.987364474835078165e-01,7.104803872114118235e-02,-8.638368666278427588e-01,-9.974728949670157441e-01,-8.660254037844387076e-01,4.795257894251407686e-17,-5.000000000000000000e-01,2.238682818598120017e-01,0.000000000000000000e+00,0.000000000000000000e+00,0.000000000000000000e+00,1.000000000000000000e+00
-3.448571806949208424e-02,9.976186350489478771e-01,5.973101583185650570e-02,6.897143613898404357e-02,4.988093175244739386e-01,6.897143613898426562e-02,-8.639630812411456251e-01,-9.976186350489482102e-01,-8.660254037844385966e-01,1.034707364922585540e-16,-5.000000000000000000e-01,2.239014133168366061e-01,0.000000000000000000e+00,0.000000000000000000e+00,0.000000000000000000e+00,1.000000000000000000e+00
-3.346511225353027835e-02,9.977576584759619838e-01,5.796327470411017507e-02,6.693022450706009874e-02,4.988788292379808809e-01,6.693022450706043180e-02,-8.640834790606610749e-01,-9.977576584759620948e-01,-8.660254037844388186e-01,-6.305603377994789122e-17,-4.999999999999999445e-01,2.239339754765506951e-01,0.000000000000000000e+00,0.000000000000000000e+00,0.000000000000000000e+00,1.000000000000000000e+00
-3.246216941482642226e-02,9.978901894635162639e-01,5.622612675038782953e-02,6.492433882965276126e-02,4.989450947317580765e-01,6.492433882965287228e-02,-8.641982542626717168e-01,-9.978901894635161529e-01,-8.660254037844387076e-01,-7.538511245093653293e-18,-4.999999999999999445e-01,2.239659697498544988e-01,0.000000000000000000e+00,0.000000000000000000e+00,0.000000000000000000e+00,1.000000000000000000e+00
-3.147685353707935924e-02,9.980164481438275059e-01,5.451950958862556568e-02,6.295370707415859357e-02,4.990082240719136419e-01,6.295370707415870459e-02,-8.643075974872694855e-01,-9.980164481438275059e-01,-8.660254037844387076e-01,-7.532441476816893158e-18,-4.999999999999999445e-01,2.239973976410269962e-01,0.000000000000000000e+00,0.000000000000000000e+00,0.000000000000000000e+00,1.000000000000000000e+00
-3.050912508735527731e-02,9.981366505371979114e-01,5.284335474577354919e-02,6.101825017471018686e-02,4.990683252685988447e-01,6.101825017471040891e-02,-8.644116958135239503e-01,-9.981366505371980224e-01,-8.660254037844388186e-01,-7.526662858885260746e-18,-4.999999999999999445e-01,2.240282607483071176e-01,0.000000000000000000e+00,0.000000000000000000e+00,0.000000000000000000e+00,1.000000000000000000e+00
-2.955894101764558468e-02,9.982510085262430444e-01,5.119758766049396781e-02,5.911788203529100283e-02,4.991255042631214667e-01,5.911788203529122487e-02,-8.645107327371627237e-01,-9.982510085262431554e-01,-8.660254037844387076e-01,4.798998602601815676e-17,-5.000000000000000000e-01,2.240585607644743349e-01,0.000000000000000000e+00,0.000000000000000000e+00,0.000000000000000000e+00,1.000000000000000000e+00
-2.862625476611645875e-02,9.983597298330205705e-01,4.958212768532430786e-02,5.725250953223270933e-02,4.991798649165101742e-01,5.725250953223282036e-02,-8.646048881507647499e-01,-9.983597298330204595e-01,-8.660254037844388186e-01,-7.515938529835966559e-18,-4.999999999999998890e-01,2.240882994774330839e-01,0.000000000000000000e+00,0.000000000000000000e+00,0.000000000000000000e+00,1.000000000000000000e+00
-2.771101625807488589e-02,9.984630179990537924e-01,4.799688808835293752e-02,5.542203251614963300e-02,4.992315089995268407e-01,5.542203251614985504e-02,-8.646943383264598104e-01,-9.984630179990539034e-01,-8.660254037844385966e-01,4.800017818365253155e-17,-4.999999999999999445e-01,2.241174787707916338e-01,0.000000000000000000e+00,0.000000000000000000e+00,0.000000000000000000e+00,1.000000000000000000e+00
-2.681317190662685715e-02,9.985610723682466494e-01,4.644177605435623885e-02,5.362634381325359634e-02,4.992805361841232692e-01,5.362634381325381838e-02,-8.647792559011329150e-01,-9.985610723682467604e-01,-8.660254037844387076e-01,-7.506259175275425134e-18,-4.999999999999999445e-01,2.241461006244462317e-01,0.000000000000000000e+00,0.000000000000000000e+00,0.000000000000000000e+00,1.000000000000000000e+00
-2.593266461299695638e-02,9.986540880726816338e-01,4.491669268535424669e-02,5.186532922599362827e-02,4.993270440363407614e-01,5.186532922599396134e-02,-8.648598098641244736e-01,-9.986540880726817448e-01,-8.660254037844387076e-01,4.800936369920430344e-17,-4.999999999999999445e-01,2.241741671151616377e-01,0.000000000000000000e+00,0.000000000000000000e+00,0.000000000000000000e+00,1.000000000000000000e+00
-2.506943376653320010e-02,9.987422560212928513e-01,4.342153300061811494e-02,5.013886753306606714e-02,4.993711280106462591e-01,5.013886753306628918e-02,-8.649361655474213650e-01,-9.987422560212928513e-01,-8.660254037844387076e-01,-6.300870017142849699e-17,-4.999999999999998335e-01,2.242016804171532707e-01,0.000000000000000000e+00,0.000000000000000000e+00,0.000000000000000000e+00,1.000000000000000000e+00
-2.422341524436389532e-02,9.988257628914046782e-01,4.195618593607659819e-02,4.844683048872744369e-02,4.994128814457021726e-01,4.844683048872766573e-02,-8.650084846183287990e-01,-9.988257628914046782e-01,-8.660254037844387076e-01,-1.185158368878042589e-16,-4.999999999999998890e-01,2.242286428026686873e-01,0.000000000000000000e+00,0.000000000000000000e+00,0.000000000000000000e+00,1.000000000000000000e+00
-2.339454141069205462e-02,9.989047911231248023e-01,4.052053434309277336e-02,4.678908282138394270e-02,4.994523955615623456e-01,4.678908282138416475e-02,-8.650769250746145334e-01,-9.989047911231248023e-01,-8.660254037844387076e-01,-7.489735216769403495e-18,-4.999999999999999445e-01,2.242550566425697833e-01,0.000000000000000000e+00,0.000000000000000000e+00,0.000000000000000000e+00,1.000000000000000000e+00
-2.258274111574511481e-02,9.989795189165776579e-01,3.911445498664506415e-02,4.516548223148997288e-02,4.994897594582886624e-01,4.516548223149008390e-02,-8.651416412421134572e-01,-9.989795189165776579e-01,-8.660254037844388186e-01,-6.299729397906608418e-17,-4.999999999999998890e-01,2.242809244069148833e-01,0.000000000000000000e+00,0.000000000000000000e+00,0.000000000000000000e+00,1.000000000000000000e+00
-2.178793969434392186e-02,9.990501202319643781e-01,3.773781854285022247e-02,4.357587938868756616e-02,4.995250601159820225e-01,4.357587938868778821e-02,-8.652027837747789940e-01,-9.990501202319643781e-01,-8.660254037844387076e-01,-1.185050511179464648e-16,-4.999999999999998890e-01,2.243062486655394983e-01,0.000000000000000000e+00,0.000000000000000000e+00,0.000000000000000000e+00,1.000000000000000000e+00
-2.101005896409816054e-02,9.991167647924342754e-01,3.639048959583571913e-02,4.202011792819593250e-02,4.995583823962169712e-01,4.202011792819615454e-02,-8.652604996571700013e-01,-9.991167647924343864e-01,-8.660254037844388186e-01,-1.185018472428706059e-16,-4.999999999999998890e-01,2.243310320886390818e-01,0.000000000000000000e+00,0.000000000000000000e+00,0.000000000000000000e+00,1.000000000000000000e+00
-2.024901722321799380e-02,9.991796180897482005e-01,3.507232663395080940e-02,4.049803444643573780e-02,4.995898090448739892e-01,4.049803444643595984e-02,-8.653149322093554030e-01,-9.991796180897484225e-01,-8.660254037844387076e-01,-7.476523166718684721e-18,-4.999999999999999445e-01,2.243552774473502875e-01,0.000000000000000000e+00,0.000000000000000000e+00,0.000000000000000000e+00,1.000000000000000000e+00
-1.950472924794618979e-02,9.992388413927159041e-01,3.378318204531730040e-02,3.900945849589210201e-02,4.996194206963577855e-01,3.900945849589221304e-02,-8.653662210942214550e-01,-9.992388413927159041e-01,-8.660254037844388186e-01,-6.298482729293222976e-17,-4.999999999999998335e-01,2.243789876143332251e-01,0.000000000000000000e+00,0.000000000000000000e+00,0.000000000000000000e+00,1.000000000000000000e+00
-1.877710628958221412e-02,9.992945917583857529e-01,3.252290211267769987e-02,3.755421257916424782e-02,4.996472958791928209e-01,3.755421257916458089e-02,-8.654145023271617720e-01,-9.992945917583858639e-01,-8.660254037844385966e-01,4.804015531640680581e-17,-5.000000000000000000e-01,2.244021655643523849e-01,0.000000000000000000e+00,0.000000000000000000e+00,0.000000000000000000e+00,1.000000000000000000e+00
-1.806605607110508063e-02,9.993470220459671483e-01,3.129132700754224533e-02,3.613211214220990453e-02,4.996735110229835186e-01,3.613211214221023759e-02,-8.654599082881350158e-01,-9.993470220459672593e-01,-8.660254037844387076e-01,4.804267585357319214e-17,-5.000000000000000000e-01,2.244248143748601154e-01,0.000000000000000000e+00,0.000000000000000000e+00,0.000000000000000000e+00,1.000000000000000000e+00
-1.737148278342257046e-02,9.993962809334550057e-01,3.008829078369580981e-02,3.474296556684486337e-02,4.996981404667273918e-01,3.474296556684508541e-02,-8.655025677360617120e-01,-9.993962809334546726e-01,-8.660254037844387076e-01,-6.297725853387716111e-17,-4.999999999999999445e-01,2.244469372265759932e-01,0.000000000000000000e+00,0.000000000000000000e+00,0.000000000000000000e+00,1.000000000000000000e+00
-1.669328708117472082e-02,9.994425129369381988e-01,2.891362136992779025e-02,3.338657416234924735e-02,4.997212564684690439e-01,3.338657416234946940e-02,-8.655426058255459854e-01,-9.994425129369381988e-01,-8.660254037844387076e-01,-7.463884742178961953e-18,-4.999999999999999445e-01,2.244685374040709114e-01,0.000000000000000000e+00,0.000000000000000000e+00,0.000000000000000000e+00,1.000000000000000000e+00
-1.603136607816064291e-02,9.994858584325603257e-01,2.776714056211053092e-02,3.206273215632116091e-02,4.997429292162801073e-01,3.206273215632138296e-02,-8.655801441258943463e-01,-9.994858584325605477e-01,-8.660254037844387076e-01,4.804935028334646731e-17,-5.000000000000000000e-01,2.244896182963475595e-01,0.000000000000000000e+00,0.000000000000000000e+00,0.000000000000000000e+00,1.000000000000000000e+00
-1.538561334233242914e-02,9.995264536811023781e-01,2.664866401452918240e-02,3.077122668466447664e-02,4.997632268405510225e-01,3.077122668466469868e-02,-8.656153006424047724e-01,-9.995264536811023781e-01,-8.660254037844387076e-01,-1.184821518317222393e-16,-4.999999999999998890e-01,2.245101833974227912e-01,0.000000000000000000e+00,0.000000000000000000e+00,0.000000000000000000e+00,1.000000000000000000e+00
-1.475591889040151101e-02,9.995644308551596691e-01,2.555800123054071879e-02,2.951183778080268549e-02,4.997822154275797235e-01,2.951183778080290754e-02,-8.656481898399023267e-01,-9.995644308551597801e-01,-8.660254037844387076e-01,-6.296917488324825698e-17,-4.999999999999998890e-01,2.245302363069086593e-01,0.000000000000000000e+00,0.000000000000000000e+00,0.000000000000000000e+00,1.000000000000000000e+00
-1.414216918200659687e-02,9.995999180688791563e-01,2.449495555247026279e-02,2.828433836401300638e-02,4.997999590344395227e-01,2.828433836401322843e-02,-8.656789226684928895e-01,-9.995999180688791563e-01,-8.660254037844387076e-01,-7.456317637294768735e-18,-4.999999999999999445e-01,2.245497807305951166e-01,0.000000000000000000e+00,0.000000000000000000e+00,0.000000000000000000e+00,1.000000000000000000e+00
-1.354424711349248855e-02,9.996330394102201922e-01,2.345932415083695072e-02,2.708849422698467180e-02,4.998165197051099851e-01,2.708849422698489384e-02,-8.657076065915016994e-01,-9.996330394102200811e-01,-8.660254037844388186e-01,-6.296587659096454796e-17,-4.999999999999998890e-01,2.245688204810321054e-01,0.000000000000000000e+00,0.000000000000000000e+00,0.000000000000000000e+00,1.000000000000000000e+00
-1.296203201126192549e-02,9.996639149757062803e-01,2.245089801283994130e-02,2.592406402252367403e-02,4.998319574878530847e-01,2.592406402252400710e-02,-8.657343456155688344e-01,-9.996639149757063914e-01,-8.660254037844387076e-01,-7.453241045697953961e-18,-4.999999999999999445e-01,2.245873594781094273e-01,0.000000000000000000e+00,0.000000000000000000e+00,0.000000000000000000e+00,1.000000000000000000e+00
-1.239539962473175383e-02,9.996926609076275394e-01,2.146946193015566648e-02,2.479079924946336888e-02,4.998463304538137142e-01,2.479079924946359093e-02,-8.657592403228681066e-01,-9.996926609076276504e-01,-8.660254037844387076e-01,-7.451859111836206162e-18,-5.000000000000000000e-01,2.246054017496405542e-01,0.000000000000000000e+00,0.000000000000000000e+00,0.000000000000000000e+00,1.000000000000000000e+00
-1.184422211886518826e-02,9.997193894336530162e-01,2.051479448600537422e-02,2.368844423773008856e-02,4.998596947168263416e-01,2.368844423773019958e-02,-8.657823879054118432e-01,-9.997193894336531272e-01,-8.660254037844388186e-01,-6.296172539413880980e-17,-4.999999999999998335e-01,2.246229514319437182e-01,0.000000000000000000e+00,0.000000000000000000e+00,0.000000000000000000e+00,1.000000000000000000e+00
-1.130836806631121093e-02,9.997442089088125483e-01,1.958666804154044275e-02,2.261673613262205063e-02,4.998721044544062186e-01,2.261673613262249471e-02,-8.658038822014085811e-01,-9.997442089088126593e-01,-8.660254037844387076e-01,4.806177024149252858e-17,-4.999999999999999445e-01,2.246400127704233918e-01,0.000000000000000000e+00,0.000000000000000000e+00,0.000000000000000000e+00,1.000000000000000000e+00
-1.078770243914255536e-02,9.997672238598034333e-01,1.868484872152952059e-02,2.157540487828479847e-02,4.998836119299016056e-01,2.157540487828502052e-02,-8.658238137336335960e-01,-9.997672238598033223e-01,-8.660254037844387076e-01,-6.295942579872351197e-17,-4.999999999999998890e-01,2.246565901201523219e-01,0.000000000000000000e+00,0.000000000000000000e+00,0.000000000000000000e+00,1.000000000000000000e+00
-1.028208660018071000e-02,9.997885350315764974e-01,1.780909639933599478e-02,2.056417320036119101e-02,4.998942675157881377e-01,2.056417320036130203e-02,-8.658422697497735188e-01,-9.997885350315762754e-01,-8.660254037844388186e-01,-6.295840128402044834e-17,-4.999999999999998890e-01,2.246726879464535642e-01,0.000000000000000000e+00,0.000000000000000000e+00,0.000000000000000000e+00,1.000000000000000000e+00
-9.791378293941600114e-03,9.998082394361529346e-01,1.695916468123389795e-02,1.958275658788299900e-02,4.999041197180764118e-01,1.958275658788322104e-02,-8.658593342647030733e-01,-9.998082394361530456e-01,-8.660254037844387076e-01,4.806484844936415442e-17,-4.999999999999999445e-01,2.246883108254820183e-01,0.000000000000000000e+00,0.000000000000000000e+00,0.000000000000000000e+00,1.000000000000000000e+00
-9.315431637183705857e-03,9.998264304036235117e-01,1.613480089003692733e-02,1.863086327436735967e-02,4.999132152018117004e-01,1.863086327436758172e-02,-8.658750881046519687e-01,-9.998264304036235117e-01,-8.660254037844387076e-01,4.806572296315603059e-17,-5.000000000000000000e-01,2.247034634448062951e-01,0.000000000000000000e+00,0.000000000000000000e+00,0.000000000000000000e+00,1.000000000000000000e+00
-8.854097109078321037e-03,9.998431976352751827e-01,1.533574604807215469e-02,1.770819421815639227e-02,4.999215988176374248e-01,1.770819421815650330e-02,-8.658896089532135409e-01,-9.998431976352751827e-01,-8.660254037844387076e-01,-1.184669246615969552e-16,-4.999999999999998335e-01,2.247181506039904186e-01,0.000000000000000000e+00,0.000000000000000000e+00,0.000000000000000000e+00,1.000000000000000000e+00
-8.407221540987424441e-03,9.998586272587955959e-01,1.456173485947764683e-02,1.681444308197466153e-02,4.999293136293976869e-01,1.681444308197477255e-02,-8.659029713991530652e-01,-9.998586272587955959e-01,-8.660254037844387076e-01,-6.295503166558174739e-17,-4.999999999999998890e-01,2.247323772151756383e-01,0.000000000000000000e+00,0.000000000000000000e+00,0.000000000000000000e+00,1.000000000000000000e+00
-7.974648105888982458e-03,9.998728018854944333e-01,1.381249569188266850e-02,1.594929621177787471e-02,4.999364009427471056e-01,1.594929621177798573e-02,-8.659152469859633383e-01,-9.998728018854943222e-01,-8.660254037844387076e-01,-7.443199002368042865e-18,-4.999999999999999445e-01,2.247461483036621854e-01,0.000000000000000000e+00,0.000000000000000000e+00,0.000000000000000000e+00,1.000000000000000000e+00
-7.556216307408732298e-03,9.998858006694878453e-01,1.308775055741222791e-02,1.511243261481720612e-02,4.999429003347438116e-01,1.511243261481731714e-02,-8.659265042631200116e-01,-9.998858006694877343e-01,-8.660254037844388186e-01,-6.295372532921116745e-17,-4.999999999999998890e-01,2.247594690084918634e-01,0.000000000000000000e+00,0.000000000000000000e+00,0.000000000000000000e+00,1.000000000000000000e+00
-7.151761968525316773e-03,9.998976993687817005e-01,1.238721509312469202e-02,1.430352393705036640e-02,4.999488496843907392e-01,1.430352393705069947e-02,-8.659368088389803875e-01,-9.998976993687815895e-01,-8.660254037844387076e-01,-7.442002079084387297e-18,-5.000000000000000000e-01,2.247723445830280276e-01,0.000000000000000000e+00,0.000000000000000000e+00,0.000000000000000000e+00,1.000000000000000000e+00
-6.761117219893613382e-03,9.999085704081926984e-01,1.171059854078450660e-02,1.352223443978695094e-02,4.999542852040962382e-01,1.352223443978717299e-02,-8.659462234352759413e-01,-9.999085704081925874e-01,-8.660254037844387076e-01,-6.295263069526347059e-17,-4.999999999999999445e-01,2.247847803955392854e-01,0.000000000000000000e+00,0.000000000000000000e+00,0.000000000000000000e+00,1.000000000000000000e+00
-6.384110487837996693e-03,9.999184829440429523e-01,1.105760372606882577e-02,1.276822097567575920e-02,4.999592414720214206e-01,1.276822097567609227e-02,-8.659548079431381717e-01,-9.999184829440430633e-01,-8.660254037844387076e-01,-7.441002928091457372e-18,-5.000000000000000000e-01,2.247967819297803094e-01,0.000000000000000000e+00,0.000000000000000000e+00,0.000000000000000000e+00,1.000000000000000000e+00
-6.020566482014441147e-03,9.999275029305586537e-01,1.042792703719514803e-02,1.204113296402864464e-02,4.999637514652792158e-01,1.204113296402875566e-02,-8.659626194806026023e-01,-9.999275029305588758e-01,-8.660254037844387076e-01,-6.295172053191175392e-17,-4.999999999999998890e-01,2.248083547855736497e-01,0.000000000000000000e+00,0.000000000000000000e+00,0.000000000000000000e+00,1.000000000000000000e+00
-5.670306182731632734e-03,9.999356931879052057e-01,9.821258402962943640e-03,1.134061236546313189e-02,4.999678465939524918e-01,1.134061236546313189e-02,-8.659697124515282063e-01,-9.999356931879052057e-01,-8.660254037844387076e-01,-6.295132679293001763e-17,-4.999999999999998890e-01,2.248195046793919905e-01,0.000000000000000000e+00,0.000000000000000000e+00,0.000000000000000000e+00,1.000000000000000000e+00
-5.333146827960781079e-03,9.999431134717842173e-01,9.237281270252748963e-03,1.066629365592142165e-02,4.999715567358919976e-01,1.066629365592142165e-02,-8.659761386058707489e-01,-9.999431134717842173e-01,-8.660254037844387076e-01,-6.295097006970447951e-17,-4.999999999999998890e-01,2.248302374449394070e-01,0.000000000000000000e+00,0.000000000000000000e+00,0.000000000000000000e+00,1.000000000000000000e+00
-5.008901900037323815e-03,9.999498205445227494e-01,8.675672580992966135e-03,1.001780380007444293e-02,4.999749102722613192e-01,1.001780380007477600e-02,-8.659819471012473180e-01,-9.999498205445227494e-01,-8.660254037844387076e-01,-7.439496402181371538e-18,-4.999999999999999445e-01,2.248405590337335114e-01,0.000000000000000000e+00,0.000000000000000000e+00,0.000000000000000000e+00,1.000000000000000000e+00
-4.697381112054243961e-03,9.999558682475704341e-01,8.136102748592511855e-03,9.394762224108288429e-03,4.999779341237851615e-01,9.394762224108621496e-03,-8.659871845657211020e-01,-9.999558682475704341e-01,-8.660254037844387076e-01,4.807194556675892805e-17,-5.000000000000000000e-01,2.248504755156870427e-01,0.000000000000000000e+00,0.000000000000000000e+00,0.000000000000000000e+00,1.000000000000000000e+00
-4.398390393970001873e-03,9.999613075753327474e-01,7.618235633879019697e-03,8.796780787939773028e-03,4.999806537876662627e-01,8.796780787940106094e-03,-8.659918951617427973e-01,-9.999613075753328584e-01,-8.660254037844387076e-01,-7.438944173890749281e-18,-5.000000000000000000e-01,2.248599930796900126e-01,0.000000000000000000e+00,0.000000000000000000e+00,0.000000000000000000e+00,1.000000000000000000e+00
-4.111731878434782793e-03,9.999661867502517287e-01,7.121728520549553895e-03,8.223463756869220376e-03,4.999830933751257533e-01,8.223463756869442420e-03,-8.659961206511721521e-01,-9.999661867502519508e-01,-8.660254037844388186e-01,-7.438709612108010289e-18,-4.999999999999998890e-01,2.248691180341910179e-01,0.000000000000000000e+00,0.000000000000000000e+00,0.000000000000000000e+00,1.000000000000000000e+00
-3.837203886340497059e-03,9.999705512990562095e-01,6.646232090142471793e-03,7.674407772680691409e-03,4.999852756495279937e-01,7.674407772680913453e-03,-8.659999004613129214e-01,-9.999705512990564316e-01,-8.660254037844385966e-01,-6.294965102175348146e-17,-4.999999999999998890e-01,2.248778568077791640e-01,0.000000000000000000e+00,0.000000000000000000e+00,0.000000000000000000e+00,1.000000000000000000e+00
-3.574600912116620340e-03,9.999744441300869591e-01,6.191390396568026422e-03,7.149201824233175628e-03,4.999872220650434240e-01,7.149201824233286651e-03,-8.660032717518781897e-01,-9.999744441300869591e-01,-8.660254037844387076e-01,-7.438312646275247479e-18,-4.999999999999998890e-01,2.248862159497660995e-01,0.000000000000000000e+00,0.000000000000000000e+00,0.000000000000000000e+00,1.000000000000000000e+00
-3.323713608761615611e-03,9.999779056116129272e-01,5.756840840183171347e-03,6.647427217522983156e-03,4.999889528058063526e-01,6.647427217523205201e-03,-8.660062694828143393e-01,-9.999779056116129272e-01,-8.660254037844387076e-01,-7.438146238779900262e-18,-4.999999999999999445e-01,2.248942021307678840e-01,0.000000000000000000e+00,0.000000000000000000e+00,0.000000000000000000e+00,1.000000000000000000e+00
-3.084328772647692250e-03,9.999809736510435476e-01,5.342214141472258898e-03,6.168657545295164191e-03,4.999904868255216628e-01,6.168657545295275213e-03,-8.660089264829011757e-01,-9.999809736510433256e-01,-8.660254037844387076e-01,-6.294914997690408544e-17,-4.999999999999998890e-01,2.249018221432864673e-01,0.000000000000000000e+00,0.000000000000000000e+00,0.000000000000000000e+00,1.000000000000000000e+00
-2.856229328084854049e-03,9.999836837749412899e-01,4.947134314311371801e-03,5.712458656169649984e-03,4.999918418874705339e-01,5.712458656169872029e-03,-8.660112735190439448e-01,-9.999836837749411789e-01,-8.660254037844387076e-01,-7.437868458967991936e-18,-4.999999999999999445e-01,2.249090829022911686e-01,0.000000000000000000e+00,0.000000000000000000e+00,0.000000000000000000e+00,1.000000000000000000e+00
-2.639194311667396407e-03,9.999860692097370940e-01,4.571218638854696731e-03,5.278388623334517860e-03,4.999930346048684915e-01,5.278388623334850926e-03,-8.660133393661761936e-01,-9.999860692097370940e-01,-8.660254037844387076e-01,4.807339744984241401e-17,-4.999999999999999445e-01,2.249159914458014331e-01,0.000000000000000000e+00,0.000000000000000000e+00,0.000000000000000000e+00,1.000000000000000000e+00
-2.432998856410802536e-03,9.999881609630479895e-01,4.214077634060502987e-03,4.865997712821368282e-03,4.999940804815239392e-01,4.865997712821701349e-03,-8.660151508776818829e-01,-9.999881609630481005e-01,-8.660254037844387076e-01,4.807349800893156349e-17,-4.999999999999999445e-01,2.249225549354679221e-01,0.000000000000000000e+00,0.000000000000000000e+00,0.000000000000000000e+00,1.000000000000000000e+00
-2.237414175681244795e-03,9.999899879054917617e-01,3.875315029854775172e-03,4.474828351362258871e-03,4.999949939527457698e-01,4.474828351362480916e-03,-8.660167330562494881e-01,-9.999899879054917617e-01,-8.660254037844387076e-01,-6.294871662503034320e-17,-4.999999999999999445e-01,2.249287806571542703e-01,0.000000000000000000e+00,0.000000000000000000e+00,0.000000000000000000e+00,1.000000000000000000e+00
-2.052207546948696306e-03,9.999915768528937488e-01,3.554527738991282697e-03,4.104415093897140210e-03,4.999957884264467078e-01,4.104415093897251232e-03,-8.660181091250648278e-01,-9.999915768528936377e-01,-8.660254037844387076e-01,-6.294864023786623026e-17,-4.999999999999998890e-01,2.249346760215194529e-01,0.000000000000000000e+00,0.000000000000000000e+00,0.000000000000000000e+00,1.000000000000000000e+00
-1.877142295350271413e-03,9.999929526487735254e-01,3.251305828583126497e-03,3.754284590700263102e-03,4.999964763243866517e-01,3.754284590700596169e-03,-8.660193005992471438e-01,-9.999929526487735254e-01,-8.660254037844387076e-01,-7.437422866504886722e-18,-4.999999999999999445e-01,2.249402485645985439e-01,0.000000000000000000e+00,0.000000000000000000e+00,0.000000000000000000e+00,1.000000000000000000e+00
-1.711977777079305143e-03,9.999941382470015627e-01,2.965232491330162257e-03,3.423955554158308878e-03,4.999970691235006703e-01,3.423955554158641945e-03,-8.660203273574312854e-01,-9.999941382470014517e-01,-8.660254037844388186e-01,-7.437365869976048902e-18,-4.999999999999999445e-01,2.249455059483859709e-01,0.000000000000000000e+00,0.000000000000000000e+00,0.000000000000000000e+00,1.000000000000000000e+00
-1.556469362631957227e-03,9.999951547945084007e-01,2.695884016502891022e-03,3.112938725263636464e-03,4.999975773972541448e-01,3.112938725263969530e-03,-8.660212077133964126e-01,-9.999951547945084007e-01,-8.660254037844387076e-01,-7.437317000402931389e-18,-4.999999999999999445e-01,2.249504559614162180e-01,0.000000000000000000e+00,0.000000000000000000e+00,0.000000000000000000e+00,1.000000000000000000e+00
-1.410368419893203058e-03,9.999960217139270968e-01,2.442829760645684987e-03,2.820736839786008865e-03,4.999980108569634374e-01,2.820736839786452954e-03,-8.660219584876359677e-01,-9.999960217139270968e-01,-8.660254037844388186e-01,-7.437275324060578910e-18,-4.999999999999999445e-01,2.249551065193456933e-01,0.000000000000000000e+00,0.000000000000000000e+00,0.000000000000000000e+00,1.000000000000000000e+00
-1.273422297078347998e-03,9.999967567860473805e-01,2.205632118030549215e-03,2.546844594156549846e-03,4.999983783930235237e-01,2.546844594156549846e-03,-8.660225950787657778e-01,-9.999967567860473805e-01,-8.660254037844387076e-01,-6.294839121741192040e-17,-4.999999999999998335e-01,2.249594656655349301e-01,0.000000000000000000e+00,0.000000000000000000e+00,0.000000000000000000e+00,1.000000000000000000e+00
-1.145374305552608824e-03,9.999973762319582793e-01,1.983846490901072009e-03,2.290748611105009047e-03,4.999986881159790841e-01,2.290748611105342114e-03,-8.660231315346609282e-01,-9.999973762319583903e-01,-8.660254037844387076e-01,-7.437210206869774953e-18,-4.999999999999999445e-01,2.249635415716301212e-01,0.000000000000000000e+00,0.000000000000000000e+00,0.000000000000000000e+00,1.000000000000000000e+00
-1.025963702525710961e-03,9.999978947947462116e-01,1.777021259496053057e-03,2.051927405051223730e-03,4.999989473973730503e-01,2.051927405051445774e-03,-8.660235806232087219e-01,-9.999978947947463226e-01,-8.660254037844387076e-01,-7.437185277447482151e-18,-4.999999999999999445e-01,2.249673425381452097e-01,0.000000000000000000e+00,0.000000000000000000e+00,0.000000000000000000e+00,1.000000000000000000e+00
-9.149256736469523746e-04,9.999983258206219805e-01,1.584697751905731833e-03,1.829851347293631747e-03,4.999991629103109347e-01,1.829851347293964814e-03,-8.660239539025668121e-01,-9.999983258206222025e-01,-8.660254037844388186e-01,-7.437164556280583701e-18,-5.000000000000000000e-01,2.249708769950431453e-01,0.000000000000000000e+00,0.000000000000000000e+00,0.000000000000000000e+00,1.000000000000000000e+00
-8.119913154665092236e-04,9.999986813393378915e-01,1.406410213692631597e-03,1.623982630932774285e-03,4.999993406696688347e-01,1.623982630932996329e-03,-8.660242617908062712e-01,-9.999986813393378915e-01,-8.660254037844387076e-01,-7.437147465049960758e-18,-4.999999999999999445e-01,2.249741535023183081e-01,0.000000000000000000e+00,0.000000000000000000e+00,0.000000000000000000e+00,1.000000000000000000e+00
-7.168876178379164979e-04,9.999989721437585466e-01,1.241685777412353210e-03,1.433775235675671667e-03,4.999994860718792178e-01,1.433775235675893711e-03,-8.660245136348221351e-01,-9.999989721437586576e-01,-8.660254037844387076e-01,-7.437133484898709452e-18,-5.000000000000000000e-01,2.249771807505777099e-01,0.000000000000000000e+00,0.000000000000000000e+00,0.000000000000000000e+00,1.000000000000000000e+00
-6.293374462086244068e-04,9.999992078684438734e-01,1.090044431939115200e-03,1.258674892417044333e-03,4.999996039342218812e-01,1.258674892417266378e-03,-8.660247177783878536e-01,-9.999992078684438734e-01,-8.660254037844387076e-01,4.807402907860346706e-17,-5.000000000000000000e-01,2.249799675616230843e-01,0.000000000000000000e+00,0.000000000000000000e+00,0.000000000000000000e+00,1.000000000000000000e+00
-5.490595238440418909e-04,9.999993970670968402e-01,9.509989916775464947e-04,1.098119047687751149e-03,4.999996985335484201e-01,1.098119047688306260e-03,-8.660248816292277496e-01,-9.999993970670971732e-01,-8.660254037844387076e-01,4.807403817415221989e-17,-5.000000000000000000e-01,2.249825228890331985e-01,0.000000000000000000e+00,0.000000000000000000e+00,0.000000000000000000e+00,1.000000000000000000e+00
-4.757684139773293614e-04,9.999995472887300840e-01,8.240550656451714516e-04,9.515368279544578201e-04,4.999997736443649865e-01,9.515368279546798647e-04,-8.660250117249783663e-01,-9.999995472887300840e-01,-8.660254037844387076e-01,-7.437105835340720098e-18,-4.999999999999999445e-01,2.249848558187444447e-01,0.000000000000000000e+00,0.000000000000000000e+00,0.000000000000000000e+00,1.000000000000000000e+00
-4.091745018976552140e-04,9.999996651523980207e-01,7.087110264484752439e-04,8.183490037951823837e-04,4.999998325761988993e-01,8.183490037954044283e-04,-8.660251137979089187e-01,-9.999996651523980207e-01,-8.660254037844387076e-01,-7.437100169154835591e-18,-4.999999999999999445e-01,2.249869755696335405e-01,0.000000000000000000e+00,0.000000000000000000e+00,0.000000000000000000e+00,1.000000000000000000e+00
-3.489839769729354154e-04,9.999997564203382261e-01,6.044579791444792309e-04,6.979679539457217530e-04,4.999998782101689465e-01,6.979679539458327753e-04,-8.660251928382637354e-01,-9.999997564203380040e-01,-8.660254037844387076e-01,-6.294824701279157917e-17,-4.999999999999998890e-01,2.249888914940992302e-01,0.000000000000000000e+00,0.000000000000000000e+00,0.000000000000000000e+00,1.000000000000000000e+00
-2.948988146375186646e-04,9.999998260693632179e-01,5.107797300440373176e-04,5.897976292746909266e-04,4.999999130346814979e-01,5.897976292751350158e-04,-8.660252531560886924e-01,-9.999998260693631069e-01,-8.660254037844387076e-01,-7.437092433221842858e-18,-4.999999999999999445e-01,2.249906130786435421e-01,0.000000000000000000e+00,0.000000000000000000e+00,0.000000000000000000e+00,1.000000000000000000e+00
-2.466167583168440633e-04,9.999998783603417651e-01,4.271527554026554457e-04,4.932335166334400611e-04,4.999999391801707715e-01,4.932335166336621057e-04,-8.660252984414045230e-01,-9.999998783603417651e-01,-8.660254037844387076e-01,-7.437089919381827231e-18,-4.999999999999999445e-01,2.249921499444546003e-01,0.000000000000000000e+00,0.000000000000000000e+00,0.000000000000000000e+00,1.000000000000000000e+00
-2.038313013346727300e-04,9.999999169055978632e-01,3.530461700846188413e-04,4.076626026690011173e-04,4.999999584527988206e-01,4.076626026694452065e-04,-8.660253318225754615e-01,-9.999999169055977521e-01,-8.660254037844388186e-01,-7.437088066354598986e-18,-5.000000000000000000e-01,2.249935118479874929e-01,0.000000000000000000e+00,0.000000000000000000e+00,0.000000000000000000e+00,1.000000000000000000e+00
-1.662316687628724739e-04,9.999999447340630621e-01,2.879216961242435455e-04,3.324633375255681145e-04,4.999999723670314755e-01,3.324633375257901591e-04,-8.660253559227333309e-01,-9.999999447340630621e-01,-8.660254037844387076e-01,-7.437086728527090803e-18,-4.999999999999998890e-01,2.249947086815461406e-01,0.000000000000000000e+00,0.000000000000000000e+00,0.000000000000000000e+00,1.000000000000000000e+00
-1.335027992617664953e-04,9.999999643540046224e-01,2.312336312740527933e-04,2.670055985233288354e-04,4.999999821770022002e-01,2.670055985235508800e-04,-8.660253729141010881e-01,-9.999999643540045113e-01,-8.660254037844388186e-01,-7.437085785316705605e-18,-4.999999999999999445e-01,2.249957504738657188e-01,0.000000000000000000e+00,0.000000000000000000e+00,0.000000000000000000e+00,1.000000000000000000e+00
-1.053253268901788105e-04,9.999999778131506423e-01,1.824288174976714677e-04,2.106506537801200452e-04,4.999999889065753211e-01,2.106506537803420898e-04,-8.660253845700635056e-01,-9.999999778131510864e-01,-8.660254037844387076e-01,4.807406609297701392e-17,-5.000000000000000000e-01,2.249966473906937492e-01,0.000000000000000000e+00,0.000000000000000000e+00,0.000000000000000000e+00,1.000000000000000000e+00
-8.137556288609020905e-05,9.999999867560355193e-01,1.409466094131262199e-04,1.627511257721314664e-04,4.999999933780176486e-01,1.627511257721314664e-04,-8.660253923148290012e-01,-9.999999867560354083e-01,-8.660254037844388186e-01,-6.294823593961778528e-17,-4.999999999999999445e-01,2.249974097353726332e-01,0.000000000000000000e+00,0.000000000000000000e+00,0.000000000000000000e+00,1.000000000000000000e+00
-6.132547745696946865e-05,9.999999924783716798e-01,1.062188427539105534e-04,1.226509549138166122e-04,4.999999962391857289e-01,1.226509549140386568e-04,-8.660253972705174164e-01,-9.999999924783716798e-01,-8.660254037844387076e-01,-7.437084433263995356e-18,-4.999999999999999445e-01,2.249980479494201879e-01,0.000000000000000000e+00,0.000000000000000000e+00,0.000000000000000000e+00,1.000000000000000000e+00
-4.484268150970560456e-05,9.999999959782678305e-01,7.766980272229800648e-05,8.968536301923180076e-05,4.999999979891337487e-01,8.968536301934282307e-05,-8.660254003015165347e-01,-9.999999959782679415e-01,-8.660254037844387076e-01,-1.184593867275254051e-16,-4.999999999999998335e-01,2.249985726131134012e-01,0.000000000000000000e+00,0.000000000000000000e+00,0.000000000000000000e+00,1.000000000000000000e+00
-3.159040843212505600e-05,9.999999980040923386e-01,5.471619243634459905e-05,6.318081686396137542e-05,4.999999990020460583e-01,6.318081686429444233e-05,-8.660254020559319255e-01,-9.999999980040924497e-01,-8.660254037844387076e-01,-7.437084167620126837e-18,-4.999999999999999445e-01,2.249989944460682456e-01,0.000000000000000000e+00,0.000000000000000000e+00,0.000000000000000000e+00,1.000000000000000000e+00
-2.122749580902779114e-05,9.999999990987870069e-01,3.676710125860964688e-05,4.245499161792398723e-05,4.999999995493933924e-01,4.245499161803500954e-05,-8.660254030039653550e-01,-9.999999990987867848e-01,-8.660254037844387076e-01,-6.294823534625152678e-17,-4.999999999999998890e-01,2.249993243078223792e-01,0.000000000000000000e+00,0.000000000000000000e+00,0.000000000000000000e+00,1.000000000000000000e+00
-1.340836716525326669e-05,9.999999996404314029e-01,2.322397317669809916e-05,2.681673433013731511e-05,4.999999998202156459e-01,2.681673433047038202e-05,-8.660254034730431316e-01,-9.999999996404314029e-01,-8.660254037844387076e-01,-7.437084088954652360e-18,-4.999999999999999445e-01,2.249995731984173464e-01,0.000000000000000000e+00,0.000000000000000000e+00,0.000000000000000000e+00,1.000000000000000000e+00
-7.783013694003267617e-06,9.999999998788494660e-01,1.348057515404217676e-05,1.556602738761458937e-05,4.999999999394246220e-01,1.556602738805867858e-05,-8.660254036795191901e-01,-9.999999998788493549e-01,-8.660254037844387076e-01,-7.437084077492928653e-18,-4.999999999999999445e-01,2.249997522589798349e-01,0.000000000000000000e+00,0.000000000000000000e+00,0.000000000000000000e+00,1.000000000000000000e+00
-3.996975989292780382e-06,9.999999999680483365e-01,6.922965489956987247e-06,7.993951978368940559e-06,4.999999999840240017e-01,7.993951978479962861e-06,-8.660254037567677310e-01,-9.999999999680484475e-01,-8.660254037844388186e-01,-6.294823530446260640e-17,-4.999999999999998890e-01,2.249998727723028780e-01,0.000000000000000000e+00,0.000000000000000000e+00,0.000000000000000000e+00,1.000000000000000000e+00
-1.691325757458596084e-06,9.999999999942787987e-01,2.929462143920586820e-06,3.382651514560741646e-06,4.999999999971392328e-01,3.382651514782786251e-06,-8.660254037794840043e-01,-9.999999999942789097e-01,-8.660254037844387076e-01,-1.184593865344594146e-16,-4.999999999999998890e-01,2.249999461634292208e-01,0.000000000000000000e+00,0.000000000000000000e+00,0.000000000000000000e+00,1.000000000000000000e+00
-5.026475534715142129e-07,9.999999999994948485e-01,8.706111009356523980e-07,1.005295106604187083e-06,4.999999999997473132e-01,1.005295107048276293e-06,-8.660254037840011687e-01,-9.999999999994949595e-01,-8.660254037844385966e-01,-7.437084071693013736e-18,-4.999999999999999445e-01,2.249999840002315787e-01,0.000000000000000000e+00,0.000000000000000000e+00,0.000000000000000000e+00,1.000000000000000000e+00
-6.302049770096087882e-08,9.999999999999918954e-01,1.091547039079233086e-07,1.260409950853969008e-07,4.999999999999958367e-01,1.260409953074415057e-07,-8.660254037844317132e-01,-9.999999999999921174e-01,-8.660254037844387076e-01,-6.294823530292694074e-17,-4.999999999999999445e-01,2.249999979939953931e-01,0.000000000000000000e+00,0.000000000000000000e+00,0.000000000000000000e+00,1.000000000000000000e+00
-4.345318932600586563e-17,1.000000000000000000e+00,8.326672684688674053e-17,-2.220446049250313081e-16,4.999999999999999445e-01,1.110223024625156540e-16,-8.660254037844387076e-01,-1.000000000000000000e+00,-8.660254037844387076e-01,-7.437084071668725448e-18,-4.999999999999999445e-01,2.250000000000000333e-01,0.000000000000000000e+00,0.000000000000000000e+00,0.000000000000000000e+00,1.000000000000000000e+00
-3.061616997868382402e-17,1.000000000000000000e+00,5.302876193624534574e-17,0.000000000000000000e+00,4.999999999999999445e-01,6.123233995736766036e-17,-8.660254037844387076e-01,-1.000000000000000000e+00,-8.660254037844387076e-01,0.000000000000000000e+00,-4.999999999999999445e-01,2.250000000000000056e-01,0.000000000000000000e+00,0.000000000000000000e+00,0.000000000000000000e+00,1.000000000000000000e+00
-3.061616997868382402e-17,1.000000000000000000e+00,5.302876193624534574e-17,1.243555081408951122e-39,4.999999999999999445e-01,6.123233995736766036e-17,-8.660254037844387076e-01,-1.000000012593934340e+00,-8.660254037844387076e-01,0.000000000000000000e+00,-4.999999999999999445e-01,2.249997355273791189e-01,0.000000000000000000e+00,0.000000000000000000e+00,0.000000000000000000e+00,1.000000000000000000e+00
-3.061616997868382402e-17,1.000000000000000000e+00,5.302876193624534574e-17,8.278926259301524618e-39,4.999999999999999445e-01,6.123233995736766036e-17,-8.660254037844387076e-01,-1.000000099990899338e+00,-8.660254037844387076e-01,0.000000000000000000e+00,-4.999999999999999445e-01,2.249979001911118215e-01,0.000000000000000000e+00,0.000000000000000000e+00,0.000000000000000000e+00,1.000000000000000000e+00
-3.061616997868382402e-17,1.000000000000000000e+00,5.302876193624534574e-17,-6.925150123117861515e-39,4.999999999999999445e-01,6.123233995736766036e-17,-8.660254037844387076e-01,-1.000000334912726219e+00,-8.660254037844387076e-01,0.000000000000000000e+00,-4.999999999999999445e-01,2.249929668327472487e-01,0.000000000000000000e+00,0.000000000000000000e+00,0.000000000000000000e+00,1.000000000000000000e+00
-3.061616997868382402e-17,1.000000000000000000e+00,5.302876193624534574e-17,-6.760190229687530575e-38,4.999999999999999445e-01,6.123233995736766036e-17,-8.660254037844387076e-01,-1.000000787831819782e+00,-8.660254037844387076e-01,0.000000000000000000e+00,-4.999999999999999445e-01,2.249834555317827001e-01,0.000000000000000000e+00,0.000000000000000000e+00,0.000000000000000000e+00,1.000000000000000000e+00
-3.061616997868382402e-17,1.000000000000000000e+00,5.302876193624534574e-17,1.083865418096296378e-37,4.999999999999999445e-01,6.123233995736766036e-17,-8.660254037844387076e-01,-1.000001526994229950e+00,-8.660254037844387076e-01,0.000000000000000000e+00,-4.999999999999999445e-01,2.249679331211717759e-01,0.000000000000000000e+00,0.000000000000000000e+00,0.000000000000000000e+00,1.000000000000000000e+00
-3.061616997868382402e-17,1.000000000000000000e+00,5.302876193624534574e-17,-2.380704722865249647e-38,4.999999999999999445e-01,6.123233995736766036e-17,-8.660254037844387076e-01,-1.000002618442722202e+00,-8.660254037844387076e-01,0.000000000000000000e+00,-4.999999999999999445e-01,2.249450127028326529e-01,0.000000000000000000e+00,0.000000000000000000e+00,0.000000000000000000e+00,1.000000000000000000e+00
-3.061616997868382402e-17,1.000000000000000000e+00,5.302876193624534574e-17,4.274450920976876560e-37,4.999999999999999445e-01,6.123233995736766036e-17,-8.660254037844387076e-01,-1.000004126039849783e+00,-8.660254037844387076e-01,0.000000000000000000e+00,-4.999999999999999445e-01,2.249133531631563321e-01,0.000000000000000000e+00,0.000000000000000000e+00,0.000000000000000000e+00,1.000000000000000000e+00
-3.061616997868382402e-17,1.000000000000000000e+00,5.302876193624534574e-17,7.953952105586212598e-37,4.999999999999999445e-01,6.123233995736766036e-17,-8.660254037844387076e-01,-1.000006111491023031e+00,-8.660254037844387076e-01,0.000000000000000000e+00,-4.999999999999999445e-01,2.248716586885147750e-01,0.000000000000000000e+00,0.000000000000000000e+00,0.000000000000000000e+00,1.000000000000000000e+00
-3.061616997868382402e-17,1.000000000000000000e+00,5.302876193624534574e-17,6.871364464108664061e-37,4.999999999999999445e-01,6.123233995736766036e-17,-8.660254037844387076e-01,-1.000008634367582472e+00,-8.660254037844387076e-01,0.000000000000000000e+00,-4.999999999999999445e-01,2.248186782807692075e-01,0.000000000000000000e+00,0.000000000000000000e+00,0.000000000000000000e+00,1.000000000000000000e+00
-3.061616997868382402e-17,1.000000000000000000e+00,5.302876193624534574e-17,2.002737519016380026e-36,4.999999999999999445e-01,6.123233995736766036e-17,-8.660254037844387076e-01,-1.000011752129867704e+00,-8.660254037844387076e-01,0.000000000000000000e+00,-4.999999999999999445e-01,2.247532052727783114e-01,0.000000000000000000e+00,0.000000000000000000e+00,0.000000000000000000e+00,1.000000000000000000e+00
-3.061616997868382402e-17,1.000000000000000000e+00,5.302876193624534574e-17,1.389897107478945530e-36,4.999999999999999445e-01,6.123233995736766036e-17,-8.660254037844387076e-01,-1.000015520150290271e+00,-8.660254037844387076e-01,0.000000000000000000e+00,-4.999999999999999445e-01,2.246740768439065006e-01,0.000000000000000000e+00,0.000000000000000000e+00,0.000000000000000000e+00,1.000000000000000000e+00
-3.061616997868382402e-17,1.000000000000000000e+00,5.302876193624534574e-17,1.585248331488005346e-36,4.999999999999999445e-01,6.123233995736766036e-17,-8.660254037844387076e-01,-1.000019991736403213e+00,-8.660254037844387076e-01,0.000000000000000000e+00,-4.999999999999999445e-01,2.245801735355319739e-01,0.000000000000000000e+00,0.000000000000000000e+00,0.000000000000000000e+00,1.000000000000000000e+00
-3.061616997868382402e-17,1.000000000000000000e+00,5.302876193624534574e-17,3.696879614159052190e-36,4.999999999999999445e-01,6.123233995736766036e-17,-8.660254037844387076e-01,-1.000025218153973494e+00,-8.660254037844387076e-01,0.000000000000000000e+00,-4.999999999999999445e-01,2.244704187665552408e-01,0.000000000000000000e+00,0.000000000000000000e+00,0.000000000000000000e+00,1.000000000000000000e+00
-3.061616997868382402e-17,1.000000000000000000e+00,5.302876193624534574e-17,4.511788267639360365e-36,4.999999999999999445e-01,6.123233995736766036e-17,-8.660254037844387076e-01,-1.000031248650051996e+00,-8.660254037844387076e-01,0.000000000000000000e+00,-4.999999999999999445e-01,2.243437783489070358e-01,0.000000000000000000e+00,0.000000000000000000e+00,0.000000000000000000e+00,1.000000000000000000e+00
-3.061616997868382402e-17,1.000000000000000000e+00,5.302876193624534574e-17,7.567738157276829707e-36,4.999999999999999445e-01,6.123233995736766036e-17,-8.660254037844387076e-01,-1.000038130476044840e+00,-8.660254037844387076e-01,0.000000000000000000e+00,-4.999999999999999445e-01,2.241992600030567329e-01,0.000000000000000000e+00,0.000000000000000000e+00,0.000000000000000000e+00,1.000000000000000000e+00
-3.061616997868382402e-17,1.000000000000000000e+00,5.302876193624534574e-17,2.750832947835365983e-36,4.999999999999999445e-01,6.123233995736766036e-17,-8.660254037844387076e-01,-1.000045908910784709e+00,-8.660254037844387076e-01,0.000000000000000000e+00,-4.999999999999999445e-01,2.240359128735204819e-01,0.000000000000000000e+00,0.000000000000000000e+00,0.000000000000000000e+00,1.000000000000000000e+00
-3.061616997868382402e-17,1.000000000000000000e+00,5.302876193624534574e-17,3.215272028217430212e-36,4.999999999999999445e-01,6.123233995736766036e-17,-8.660254037844387076e-01,-1.000054627283601505e+00,-8.660254037844387076e-01,0.000000000000000000e+00,-4.999999999999999445e-01,2.238528270443695400e-01,0.000000000000000000e+00,0.000000000000000000e+00,0.000000000000000000e+00,1.000000000000000000e+00
-3.061616997868382402e-17,1.000000000000000000e+00,5.302876193624534574e-17,8.233890838696434015e-36,4.999999999999999445e-01,6.123233995736766036e-17,-8.660254037844387076e-01,-1.000064326997393449e+00,-8.660254037844387076e-01,0.000000000000000000e+00,-4.999999999999999445e-01,2.236491330547383249e-01,0.000000000000000000e+00,0.000000000000000000e+00,0.000000000000000000e+00,1.000000000000000000e+00
-3.061616997868382402e-17,1.000000000000000000e+00,5.302876193624534574e-17,7.004429015302932781e-36,4.999999999999999445e-01,6.123233995736766036e-17,-8.660254037844387076e-01,-1.000075047551698404e+00,-8.660254037844387076e-01,0.000000000000000000e+00,-4.999999999999999445e-01,2.234240014143328290e-01,0.000000000000000000e+00,0.000000000000000000e+00,0.000000000000000000e+00,1.000000000000000000e+00
-3.061616997868382402e-17,1.000000000000000000e+00,5.302876193624534574e-17,5.917349218417218770e-36,4.999999999999999445e-01,6.123233995736766036e-17,-8.660254037844387076e-01,-1.000086826565764753e+00,-8.660254037844387076e-01,0.000000000000000000e+00,-4.999999999999999445e-01,2.231766421189386729e-01,0.000000000000000000e+00,0.000000000000000000e+00,0.000000000000000000e+00,1.000000000000000000e+00
-3.061616997868382402e-17,1.000000000000000000e+00,5.302876193624534574e-17,1.232509877222600408e-35,4.999999999999999445e-01,6.123233995736766036e-17,-8.660254037844387076e-01,-1.000099699801622499e+00,-8.660254037844387076e-01,0.000000000000000000e+00,-4.999999999999999445e-01,2.229063041659294642e-01,0.000000000000000000e+00,0.000000000000000000e+00,0.000000000000000000e+00,1.000000000000000000e+00
-3.061616997868382402e-17,1.000000000000000000e+00,5.302876193624534574e-17,9.893703270383908658e-36,4.999999999999999445e-01,6.123233995736766036e-17,-8.660254037844387076e-01,-1.000113701187153481e+00,-8.660254037844387076e-01,0.000000000000000000e+00,-4.999999999999999445e-01,2.226122750697749619e-01,0.000000000000000000e+00,0.000000000000000000e+00,0.000000000000000000e+00,1.000000000000000000e+00
-3.061616997868382402e-17,1.000000000000000000e+00,5.302876193624534574e-17,1.890066011656315492e-35,4.999999999999999445e-01,6.123233995736766036e-17,-8.660254037844387076e-01,-1.000128862839164245e+00,-8.660254037844387076e-01,0.000000000000000000e+00,-4.999999999999999445e-01,2.222938803775492411e-01,0.000000000000000000e+00,0.000000000000000000e+00,0.000000000000000000e+00,1.000000000000000000e+00
-3.061616997868382402e-17,1.000000000000000000e+00,5.302876193624534574e-17,1.167036255467466454e-35,4.999999999999999445e-01,6.123233995736766036e-17,-8.660254037844387076e-01,-1.000145215086455375e+00,-8.660254037844387076e-01,0.000000000000000000e+00,-4.999999999999999445e-01,2.219504831844390513e-01,0.000000000000000000e+00,0.000000000000000000e+00,0.000000000000000000e+00,1.000000000000000000e+00
-3.061616997868382402e-17,1.000000000000000000e+00,5.302876193624534574e-17,1.546570186889740595e-35,4.999999999999999445e-01,6.123233995736766036e-17,-8.660254037844387076e-01,-1.000162786492892808e+00,-8.660254037844387076e-01,0.000000000000000000e+00,-4.999999999999999445e-01,2.215814836492519813e-01,0.000000000000000000e+00,0.000000000000000000e+00,0.000000000000000000e+00,1.000000000000000000e+00
-3.061616997868382402e-17,1.000000000000000000e+00,5.302876193624534574e-17,2.924606362484165726e-35,4.999999999999999445e-01,6.123233995736766036e-17,-8.660254037844387076e-01,-1.000181603880479830e+00,-8.660254037844387076e-01,0.000000000000000000e+00,-4.999999999999999445e-01,2.211863185099246232e-01,0.000000000000000000e+00,0.000000000000000000e+00,0.000000000000000000e+00,1.000000000000000000e+00
-3.061616997868382402e-17,1.000000000000000000e+00,5.302876193624534574e-17,3.476354157613636761e-35,4.999999999999999445e-01,6.123233995736766036e-17,-8.660254037844387076e-01,-1.000201692352427063e+00,-8.660254037844387076e-01,0.000000000000000000e+00,-4.999999999999999445e-01,2.207644605990308484e-01,0.000000000000000000e+00,0.000000000000000000e+00,0.000000000000000000e+00,1.000000000000000000e+00
-3.061616997868382402e-17,1.000000000000000000e+00,5.302876193624534574e-17,3.227155824917842511e-35,4.999999999999999445e-01,6.123233995736766036e-17,-8.660254037844387076e-01,-1.000223075316224230e+00,-8.660254037844387076e-01,0.000000000000000000e+00,-4.999999999999999445e-01,2.203154183592900550e-01,0.000000000000000000e+00,0.000000000000000000e+00,0.000000000000000000e+00,1.000000000000000000e+00
-3.061616997868382402e-17,1.000000000000000000e+00,5.302876193624534574e-17,4.423370811784478031e-35,4.999999999999999445e-01,6.123233995736766036e-17,-8.660254037844387076e-01,-1.000245774506710594e+00,-8.660254037844387076e-01,0.000000000000000000e+00,-4.999999999999999445e-01,2.198387353590753879e-01,0.000000000000000000e+00,0.000000000000000000e+00,0.000000000000000000e+00,1.000000000000000000e+00
-3.061616997868382402e-17,1.000000000000000000e+00,5.302876193624534574e-17,4.612336299573658716e-35,4.999999999999999445e-01,6.123233995736766036e-17,-8.660254037844387076e-01,-1.000269810009146498e+00,-8.660254037844387076e-01,0.000000000000000000e+00,-4.999999999999999445e-01,2.193339898079219030e-01,0.000000000000000000e+00,0.000000000000000000e+00,0.000000000000000000e+00,1.000000000000000000e+00
-3.061616997868382402e-17,1.000000000000000000e+00,5.302876193624534574e-17,2.904641128700139068e-35,4.999999999999999445e-01,6.123233995736766036e-17,-8.660254037844387076e-01,-1.000295200282284025e+00,-8.660254037844387076e-01,0.000000000000000000e+00,-4.999999999999999445e-01,2.188007940720348432e-01,0.000000000000000000e+00,0.000000000000000000e+00,0.000000000000000000e+00,1.000000000000000000e+00
-3.061616997868382402e-17,1.000000000000000000e+00,5.302876193624534574e-17,3.799270794306450729e-35,4.999999999999999445e-01,6.123233995736766036e-17,-8.660254037844387076e-01,-1.000321962181438096e+00,-8.660254037844387076e-01,0.000000000000000000e+00,-4.999999999999999445e-01,2.182387941897978856e-01,0.000000000000000000e+00,0.000000000000000000e+00,0.000000000000000000e+00,1.000000000000000000e+00
-3.061616997868382402e-17,1.000000000000000000e+00,5.302876193624534574e-17,4.509551351465637751e-35,4.999999999999999445e-01,6.123233995736766036e-17,-8.660254037844387076e-01,-1.000350110981558016e+00,-8.660254037844387076e-01,0.000000000000000000e+00,-4.999999999999999445e-01,2.176476693872812507e-01,0.000000000000000000e+00,0.000000000000000000e+00,0.000000000000000000e+00,1.000000000000000000e+00
-3.061616997868382402e-17,1.000000000000000000e+00,5.302876193624534574e-17,3.926088695815359301e-35,4.999999999999999445e-01,6.123233995736766036e-17,-8.660254037844387076e-01,-1.000379660400297688e+00,-8.660254037844387076e-01,0.000000000000000000e+00,-4.999999999999999445e-01,2.170271315937501166e-01,0.000000000000000000e+00,0.000000000000000000e+00,0.000000000000000000e+00,1.000000000000000000e+00
-3.061616997868382402e-17,1.000000000000000000e+00,5.302876193624534574e-17,5.825691210170313533e-35,4.999999999999999445e-01,6.123233995736766036e-17,-8.660254037844387076e-01,-1.000410622621086931e+00,-8.660254037844387076e-01,0.000000000000000000e+00,-4.999999999999999445e-01,2.163769249571726450e-01,0.000000000000000000e+00,0.000000000000000000e+00,0.000000000000000000e+00,1.000000000000000000e+00
-3.061616997868382402e-17,1.000000000000000000e+00,5.302876193624534574e-17,6.666909556251767465e-35,4.999999999999999445e-01,6.123233995736766036e-17,-8.660254037844387076e-01,-1.000443008316203475e+00,-8.660254037844387076e-01,0.000000000000000000e+00,-4.999999999999999445e-01,2.156968253597283114e-01,0.000000000000000000e+00,0.000000000000000000e+00,0.000000000000000000e+00,1.000000000000000000e+00
-3.061616997868382402e-17,1.000000000000000000e+00,5.302876193624534574e-17,1.245341739653653547e-35,4.999999999999999445e-01,6.123233995736766036e-17,-8.660254037844387076e-01,-1.000476826669842056e+00,-8.660254037844387076e-01,0.000000000000000000e+00,-4.999999999999999445e-01,2.149866399333162092e-01,0.000000000000000000e+00,0.000000000000000000e+00,0.000000000000000000e+00,1.000000000000000000e+00
-3.061616997868382402e-17,1.000000000000000000e+00,5.302876193624534574e-17,8.723772353193569427e-35,4.999999999999999445e-01,6.123233995736766036e-17,-8.660254037844387076e-01,-1.000512085401187523e+00,-8.660254037844387076e-01,0.000000000000000000e+00,-4.999999999999999445e-01,2.142462065750630196e-01,0.000000000000000000e+00,0.000000000000000000e+00,0.000000000000000000e+00,1.000000000000000000e+00
-3.061616997868382402e-17,1.000000000000000000e+00,5.302876193624534574e-17,8.394577182102319107e-35,4.999999999999999445e-01,6.123233995736766036e-17,-8.660254037844387076e-01,-1.000548790787484155e+00,-8.660254037844387076e-01,0.000000000000000000e+00,-4.999999999999999445e-01,2.134753934628315364e-01,0.000000000000000000e+00,0.000000000000000000e+00,0.000000000000000000e+00,1.000000000000000000e+00
-3.061616997868382402e-17,1.000000000000000000e+00,5.302876193624534574e-17,5.089713132433963199e-35,4.999999999999999445e-01,6.123233995736766036e-17,-8.660254037844387076e-01,-1.000586947687108097e+00,-8.660254037844387076e-01,0.000000000000000000e+00,-4.999999999999999445e-01,2.126740985707286646e-01,0.000000000000000000e+00,0.000000000000000000e+00,0.000000000000000000e+00,1.000000000000000000e+00
-3.061616997868382402e-17,1.000000000000000000e+00,5.302876193624534574e-17,7.923860662050255804e-35,4.999999999999999445e-01,6.123233995736766036e-17,-8.660254037844387076e-01,-1.000626559562637352e+00,-8.660254037844387076e-01,0.000000000000000000e+00,-4.999999999999999445e-01,2.118422491846137790e-01,0.000000000000000000e+00,0.000000000000000000e+00,0.000000000000000000e+00,1.000000000000000000e+00
-3.061616997868382402e-17,1.000000000000000000e+00,5.302876193624534574e-17,9.683505059590830391e-35,4.999999999999999445e-01,6.123233995736766036e-17,-8.660254037844387076e-01,-1.000667628503923545e+00,-8.660254037844387076e-01,0.000000000000000000e+00,-4.999999999999999445e-01,2.109798014176068603e-01,0.000000000000000000e+00,0.000000000000000000e+00,0.000000000000000000e+00,1.000000000000000000e+00
-3.061616997868382402e-17,1.000000000000000000e+00,5.302876193624534574e-17,5.517928432763186843e-35,4.999999999999999445e-01,6.123233995736766036e-17,-8.660254037844387076e-01,-1.000710155251162137e+00,-8.660254037844387076e-01,0.000000000000000000e+00,-4.999999999999999445e-01,2.100867397255967717e-01,0.000000000000000000e+00,0.000000000000000000e+00,0.000000000000000000e+00,1.000000000000000000e+00
-3.061616997868382402e-17,1.000000000000000000e+00,5.302876193624534574e-17,7.479822661539506783e-35,4.999999999999999445e-01,6.123233995736766036e-17,-8.660254037844387076e-01,-1.000754139217964411e+00,-8.660254037844387076e-01,0.000000000000000000e+00,-4.999999999999999445e-01,2.091630764227494776e-01,0.000000000000000000e+00,0.000000000000000000e+00,0.000000000000000000e+00,1.000000000000000000e+00
-3.061616997868382402e-17,1.000000000000000000e+00,5.302876193624534574e-17,6.006381927076064707e-35,4.999999999999999445e-01,6.123233995736766036e-17,-8.660254037844387076e-01,-1.000799578514427690e+00,-8.660254037844387076e-01,0.000000000000000000e+00,-4.999999999999999445e-01,2.082088511970162648e-01,0.000000000000000000e+00,0.000000000000000000e+00,0.000000000000000000e+00,1.000000000000000000e+00
-3.061616997868382402e-17,1.000000000000000000e+00,5.302876193624534574e-17,1.047185651370774704e-34,4.999999999999999445e-01,6.123233995736766036e-17,-8.660254037844387076e-01,-1.000846469970207542e+00,-8.660254037844387076e-01,0.000000000000000000e+00,-4.999999999999999445e-01,2.072241306256419613e-01,0.000000000000000000e+00,0.000000000000000000e+00,0.000000000000000000e+00,1.000000000000000000e+00
-3.061616997868382402e-17,1.000000000000000000e+00,5.302876193624534574e-17,2.045417501128214443e-34,4.999999999999999445e-01,6.123233995736766036e-17,-8.660254037844387076e-01,-1.000894809157586884e+00,-8.660254037844387076e-01,0.000000000000000000e+00,-4.999999999999999445e-01,2.062090076906731573e-01,0.000000000000000000e+00,0.000000000000000000e+00,0.000000000000000000e+00,1.000000000000000000e+00
-3.061616997868382402e-17,1.000000000000000000e+00,5.302876193624534574e-17,7.707780986072738934e-35,4.999999999999999445e-01,6.123233995736766036e-17,-8.660254037844387076e-01,-1.000944590414549307e+00,-8.660254037844387076e-01,0.000000000000000000e+00,-4.999999999999999445e-01,2.051636012944664245e-01,0.000000000000000000e+00,0.000000000000000000e+00,0.000000000000000000e+00,1.000000000000000000e+00
-3.061616997868382402e-17,1.000000000000000000e+00,5.302876193624534574e-17,7.663503733725908496e-35,4.999999999999999445e-01,6.123233995736766036e-17,-8.660254037844387076e-01,-1.000995806867847726e+00,-8.660254037844387076e-01,0.000000000000000000e+00,-4.999999999999999445e-01,2.040880557751965640e-01,0.000000000000000000e+00,0.000000000000000000e+00,0.000000000000000000e+00,1.000000000000000000e+00
-3.061616997868382402e-17,1.000000000000000000e+00,5.302876193624534574e-17,1.328678980529848911e-34,4.999999999999999445e-01,6.123233995736766036e-17,-8.660254037844387076e-01,-1.001048450456077932e+00,-8.660254037844387076e-01,0.000000000000000000e+00,-4.999999999999999445e-01,2.029825404223647989e-01,0.000000000000000000e+00,0.000000000000000000e+00,0.000000000000000000e+00,1.000000000000000000e+00
-3.061616997868382402e-17,1.000000000000000000e+00,5.302876193624534574e-17,7.233051785437548269e-35,4.999999999999999445e-01,6.123233995736766036e-17,-8.660254037844387076e-01,-1.001102511952747243e+00,-8.660254037844387076e-01,0.000000000000000000e+00,-4.999999999999999445e-01,2.018472489923070767e-01,0.000000000000000000e+00,0.000000000000000000e+00,0.000000000000000000e+00,1.000000000000000000e+00
-3.061616997868382402e-17,1.000000000000000000e+00,5.302876193624534574e-17,1.193342486268264903e-34,4.999999999999999445e-01,6.123233995736766036e-17,-8.660254037844387076e-01,-1.001157980989347607e+00,-8.660254037844387076e-01,0.000000000000000000e+00,-4.999999999999999445e-01,2.006823992237021514e-01,0.000000000000000000e+00,0.000000000000000000e+00,0.000000000000000000e+00,1.000000000000000000e+00
-3.061616997868382402e-17,1.000000000000000000e+00,5.302876193624534574e-17,9.483446182190294467e-35,4.999999999999999445e-01,6.123233995736766036e-17,-8.660254037844387076e-01,-1.001214846078424703e+00,-8.660254037844387076e-01,0.000000000000000000e+00,-4.999999999999999445e-01,1.994882323530799695e-01,0.000000000000000000e+00,0.000000000000000000e+00,0.000000000000000000e+00,1.000000000000000000e+00
-3.061616997868382402e-17,1.000000000000000000e+00,5.302876193624534574e-17,2.962098736900894168e-35,4.999999999999999445e-01,6.123233995736766036e-17,-8.660254037844387076e-01,-1.001273094636651040e+00,-8.660254037844387076e-01,0.000000000000000000e+00,-4.999999999999999445e-01,1.982650126303297233e-01,0.000000000000000000e+00,0.000000000000000000e+00,0.000000000000000000e+00,1.000000000000000000e+00
-3.061616997868382402e-17,1.000000000000000000e+00,5.302876193624534574e-17,1.852519927963864342e-34,4.999999999999999445e-01,6.123233995736766036e-17,-8.660254037844387076e-01,-1.001332713007894837e+00,-8.660254037844387076e-01,0.000000000000000000e+00,-4.999999999999999445e-01,1.970130268342082658e-01,0.000000000000000000e+00,0.000000000000000000e+00,0.000000000000000000e+00,1.000000000000000000e+00
-3.061616997868382402e-17,1.000000000000000000e+00,5.302876193624534574e-17,6.740150077799431107e-35,4.999999999999999445e-01,6.123233995736766036e-17,-8.660254037844387076e-01,-1.001393686486292900e+00,-8.660254037844387076e-01,0.000000000000000000e+00,-4.999999999999999445e-01,1.957325837878481911e-01,0.000000000000000000e+00,0.000000000000000000e+00,0.000000000000000000e+00,1.000000000000000000e+00
-3.061616997868382402e-17,1.000000000000000000e+00,5.302876193624534574e-17,6.972628406694122583e-35,4.999999999999999445e-01,6.123233995736766036e-17,-8.660254037844387076e-01,-1.001455999339320613e+00,-8.660254037844387076e-01,0.000000000000000000e+00,-4.999999999999999445e-01,1.944240138742660551e-01,0.000000000000000000e+00,0.000000000000000000e+00,0.000000000000000000e+00,1.000000000000000000e+00
-3.061616997868382402e-17,1.000000000000000000e+00,5.302876193624534574e-17,2.355214227486391871e-34,4.999999999999999445e-01,6.123233995736766036e-17,-8.660254037844387076e-01,-1.001519634830863259e+00,-8.660254037844387076e-01,0.000000000000000000e+00,-4.999999999999999445e-01,1.930876685518707891e-01,0.000000000000000000e+00,0.000000000000000000e+00,0.000000000000000000e+00,1.000000000000000000e+00
-3.061616997868382402e-17,1.000000000000000000e+00,5.302876193624534574e-17,5.042245707350399075e-35,4.999999999999999445e-01,6.123233995736766036e-17,-8.660254037844387076e-01,-1.001584575244287123e+00,-8.660254037844387076e-01,0.000000000000000000e+00,-4.999999999999999445e-01,1.917239198699716429e-01,0.000000000000000000e+00,0.000000000000000000e+00,0.000000000000000000e+00,1.000000000000000000e+00
-3.061616997868382402e-17,1.000000000000000000e+00,5.302876193624534574e-17,1.117396967520343741e-34,4.999999999999999445e-01,6.123233995736766036e-17,-8.660254037844387076e-01,-1.001650801905510146e+00,-8.660254037844387076e-01,0.000000000000000000e+00,-4.999999999999999445e-01,1.903331599842865984e-01,0.000000000000000000e+00,0.000000000000000000e+00,0.000000000000000000e+00,1.000000000000000000e+00
-3.061616997868382402e-17,1.000000000000000000e+00,5.302876193624534574e-17,2.062371197422882857e-34,4.999999999999999445e-01,6.123233995736766036e-17,-8.660254037844387076e-01,-1.001718295206073694e+00,-8.660254037844387076e-01,0.000000000000000000e+00,-4.999999999999999445e-01,1.889158006724505900e-01,0.000000000000000000e+00,0.000000000000000000e+00,0.000000000000000000e+00,1.000000000000000000e+00
-3.061616997868382402e-17,1.000000000000000000e+00,5.302876193624534574e-17,2.799237866477831661e-34,4.999999999999999445e-01,6.123233995736766036e-17,-8.660254037844387076e-01,-1.001787034626213213e+00,-8.660254037844387076e-01,0.000000000000000000e+00,-4.999999999999999445e-01,1.874722728495236135e-01,0.000000000000000000e+00,0.000000000000000000e+00,0.000000000000000000e+00,1.000000000000000000e+00
-3.061616997868382402e-17,1.000000000000000000e+00,5.302876193624534574e-17,1.051342038240506758e-34,4.999999999999999445e-01,6.123233995736766036e-17,-8.660254037844387076e-01,-1.001856998757928663e+00,-8.660254037844387076e-01,0.000000000000000000e+00,-4.999999999999999445e-01,1.860030260834991123e-01,0.000000000000000000e+00,0.000000000000000000e+00,0.000000000000000000e+00,1.000000000000000000e+00
-3.061616997868382402e-17,1.000000000000000000e+00,5.302876193624534574e-17,3.188918941838338780e-35,4.999999999999999445e-01,6.123233995736766036e-17,-8.660254037844387076e-01,-1.001928165328056508e+00,-8.660254037844387076e-01,0.000000000000000000e+00,-4.999999999999999445e-01,1.845085281108120312e-01,0.000000000000000000e+00,0.000000000000000000e+00,0.000000000000000000e+00,1.000000000000000000e+00
-3.061616997868382402e-17,1.000000000000000000e+00,5.302876193624534574e-17,1.233774420555056617e-34,4.999999999999999445e-01,6.123233995736766036e-17,-8.660254037844387076e-01,-1.002000511221340595e+00,-8.660254037844387076e-01,0.000000000000000000e+00,-4.999999999999999445e-01,1.829892643518471473e-01,0.000000000000000000e+00,0.000000000000000000e+00,0.000000000000000000e+00,1.000000000000000000e+00
-3.061616997868382402e-17,1.000000000000000000e+00,5.302876193624534574e-17,3.178073065584360152e-34,4.999999999999999445e-01,6.123233995736766036e-17,-8.660254037844387076e-01,-1.002074012503502587e+00,-8.660254037844387076e-01,0.000000000000000000e+00,-4.999999999999999445e-01,1.814457374264473177e-01,0.000000000000000000e+00,0.000000000000000000e+00,0.000000000000000000e+00,1.000000000000000000e+00
-3.061616997868382402e-17,1.000000000000000000e+00,5.302876193624534574e-17,-4.745479593107928865e-36,4.999999999999999445e-01,6.123233995736766036e-17,-8.660254037844387076e-01,-1.002148644444313286e+00,-8.660254037844387076e-01,0.000000000000000000e+00,-4.999999999999999445e-01,1.798784666694215328e-01,0.000000000000000000e+00,0.000000000000000000e+00,0.000000000000000000e+00,1.000000000000000000e+00
-3.061616997868382402e-17,1.000000000000000000e+00,5.302876193624534574e-17,3.786121699081190479e-34,4.999999999999999445e-01,6.123233995736766036e-17,-8.660254037844387076e-01,-1.002224381540664178e+00,-8.660254037844387076e-01,0.000000000000000000e+00,-4.999999999999999445e-01,1.782879876460534418e-01,0.000000000000000000e+00,0.000000000000000000e+00,0.000000000000000000e+00,1.000000000000000000e+00
-3.061616997868382402e-17,1.000000000000000000e+00,5.302876193624534574e-17,3.636588805612565764e-34,4.999999999999999445e-01,6.123233995736766036e-17,-8.660254037844387076e-01,-1.002301197539637645e+00,-8.660254037844387076e-01,0.000000000000000000e+00,-4.999999999999999445e-01,1.766748516676092395e-01,0.000000000000000000e+00,0.000000000000000000e+00,0.000000000000000000e+00,1.000000000000000000e+00
-3.061616997868382402e-17,1.000000000000000000e+00,5.302876193624534574e-17,2.250971444335156161e-34,4.999999999999999445e-01,6.123233995736766036e-17,-8.660254037844387076e-01,-1.002379065461578733e+00,-8.660254037844387076e-01,0.000000000000000000e+00,-4.999999999999999445e-01,1.750396253068460806e-01,0.000000000000000000e+00,0.000000000000000000e+00,0.000000000000000000e+00,1.000000000000000000e+00
-3.061616997868382402e-17,1.000000000000000000e+00,5.302876193624534574e-17,3.496238640221154902e-34,4.999999999999999445e-01,6.123233995736766036e-17,-8.660254037844387076e-01,-1.002457957623165585e+00,-8.660254037844387076e-01,0.000000000000000000e+00,-4.999999999999999445e-01,1.733828899135204105e-01,0.000000000000000000e+00,0.000000000000000000e+00,0.000000000000000000e+00,1.000000000000000000e+00
-3.061616997868382402e-17,1.000000000000000000e+00,5.302876193624534574e-17,7.858630985308139326e-35,4.999999999999999445e-01,6.123233995736766036e-17,-8.660254037844387076e-01,-1.002537845660481208e+00,-8.660254037844387076e-01,0.000000000000000000e+00,-4.999999999999999445e-01,1.717052411298958803e-01,0.000000000000000000e+00,0.000000000000000000e+00,0.000000000000000000e+00,1.000000000000000000e+00
-3.061616997868382402e-17,1.000000000000000000e+00,5.302876193624534574e-17,2.208948103029362277e-34,4.999999999999999445e-01,6.123233995736766036e-17,-8.660254037844387076e-01,-1.002618700552083242e+00,-8.660254037844387076e-01,0.000000000000000000e+00,-4.999999999999999445e-01,1.700072884062518441e-01,0.000000000000000000e+00,0.000000000000000000e+00,0.000000000000000000e+00,1.000000000000000000e+00
-3.061616997868382402e-17,1.000000000000000000e+00,5.302876193624534574e-17,1.020541334369825030e-34,4.999999999999999445e-01,6.123233995736766036e-17,-8.660254037844387076e-01,-1.002700492642076613e+00,-8.660254037844387076e-01,0.000000000000000000e+00,-4.999999999999999445e-01,1.682896545163914404e-01,0.000000000000000000e+00,0.000000000000000000e+00,0.000000000000000000e+00,1.000000000000000000e+00
-3.061616997868382402e-17,1.000000000000000000e+00,5.302876193624534574e-17,-1.241293355808727470e-34,4.999999999999999445e-01,6.123233995736766036e-17,-8.660254037844387076e-01,-1.002783191663183304e+00,-8.660254037844387076e-01,0.000000000000000000e+00,-4.999999999999999445e-01,1.665529750731498115e-01,0.000000000000000000e+00,0.000000000000000000e+00,0.000000000000000000e+00,1.000000000000000000e+00
-3.061616997868382402e-17,1.000000000000000000e+00,5.302876193624534574e-17,2.204879215674369979e-34,4.999999999999999445e-01,6.123233995736766036e-17,-8.660254037844387076e-01,-1.002866766759814121e+00,-8.660254037844387076e-01,0.000000000000000000e+00,-4.999999999999999445e-01,1.647978980439025465e-01,0.000000000000000000e+00,0.000000000000000000e+00,0.000000000000000000e+00,1.000000000000000000e+00
-3.061616997868382402e-17,1.000000000000000000e+00,5.302876193624534574e-17,3.965630992813244712e-34,4.999999999999999445e-01,6.123233995736766036e-17,-8.660254037844387076e-01,-1.002951186511139348e+00,-8.660254037844387076e-01,0.000000000000000000e+00,-4.999999999999999445e-01,1.630250832660735671e-01,0.000000000000000000e+00,0.000000000000000000e+00,0.000000000000000000e+00,1.000000000000000000e+00
-3.061616997868382402e-17,1.000000000000000000e+00,5.302876193624534574e-17,-1.330981892122411429e-35,4.999999999999999445e-01,6.123233995736766036e-17,-8.660254037844387076e-01,-1.003036418954159847e+00,-8.660254037844387076e-01,0.000000000000000000e+00,-4.999999999999999445e-01,1.612352019626435706e-01,0.000000000000000000e+00,0.000000000000000000e+00,0.000000000000000000e+00,1.000000000000000000e+00
-3.061616997868382402e-17,1.000000000000000000e+00,5.302876193624534574e-17,4.343578193372786349e-34,4.999999999999999445e-01,6.123233995736766036e-17,-8.660254037844387076e-01,-1.003122431606778164e+00,-8.660254037844387076e-01,0.000000000000000000e+00,-4.999999999999999445e-01,1.594289362576582492e-01,0.000000000000000000e+00,0.000000000000000000e+00,0.000000000000000000e+00,1.000000000000000000e+00
-3.061616997868382402e-17,1.000000000000000000e+00,5.302876193624534574e-17,4.168137939660240348e-34,4.999999999999999445e-01,6.123233995736766036e-17,-8.660254037844387076e-01,-1.003209191490869623e+00,-8.660254037844387076e-01,0.000000000000000000e+00,-4.999999999999999445e-01,1.576069786917363991e-01,0.000000000000000000e+00,0.000000000000000000e+00,0.000000000000000000e+00,1.000000000000000000e+00
-3.061616997868382402e-17,1.000000000000000000e+00,5.302876193624534574e-17,2.494575747222616765e-34,4.999999999999999445e-01,6.123233995736766036e-17,-8.660254037844387076e-01,-1.003296665155353429e+00,-8.660254037844387076e-01,0.000000000000000000e+00,-4.999999999999999445e-01,1.557700317375782795e-01,0.000000000000000000e+00,0.000000000000000000e+00,0.000000000000000000e+00,1.000000000000000000e+00
-3.061616997868382402e-17,1.000000000000000000e+00,5.302876193624534574e-17,3.292028530159333241e-34,4.999999999999999445e-01,6.123233995736766036e-17,-8.660254037844387076e-01,-1.003384818699263104e+00,-8.660254037844387076e-01,0.000000000000000000e+00,-4.999999999999999445e-01,1.539188073154736935e-01,0.000000000000000000e+00,0.000000000000000000e+00,0.000000000000000000e+00,1.000000000000000000e+00
-3.061616997868382402e-17,1.000000000000000000e+00,5.302876193624534574e-17,7.553777161209407420e-34,4.999999999999999445e-01,6.123233995736766036e-17,-8.660254037844387076e-01,-1.003473617794818473e+00,-8.660254037844387076e-01,0.000000000000000000e+00,-4.999999999999999445e-01,1.520540263088103750e-01,0.000000000000000000e+00,0.000000000000000000e+00,0.000000000000000000e+00,1.000000000000000000e+00
-3.061616997868382402e-17,1.000000000000000000e+00,5.302876193624534574e-17,1.348129338517996349e-34,4.999999999999999445e-01,6.123233995736766036e-17,-8.660254037844387076e-01,-1.003563027710496103e+00,-8.660254037844387076e-01,0.000000000000000000e+00,-4.999999999999999445e-01,1.501764180795820969e-01,0.000000000000000000e+00,0.000000000000000000e+00,0.000000000000000000e+00,1.000000000000000000e+00
-3.061616997868382402e-17,1.000000000000000000e+00,5.302876193624534574e-17,2.226303843000016128e-34,4.999999999999999445e-01,6.123233995736766036e-17,-8.660254037844387076e-01,-1.003653013334100175e+00,-8.660254037844387076e-01,0.000000000000000000e+00,-4.999999999999999445e-01,1.482867199838969197e-01,0.000000000000000000e+00,0.000000000000000000e+00,0.000000000000000000e+00,1.000000000000000000e+00
-3.061616997868382402e-17,1.000000000000000000e+00,5.302876193624534574e-17,2.194395275461683044e-34,4.999999999999999445e-01,6.123233995736766036e-17,-8.660254037844387076e-01,-1.003743539195834034e+00,-8.660254037844387076e-01,0.000000000000000000e+00,-4.999999999999999445e-01,1.463856768874854386e-01,0.000000000000000000e+00,0.000000000000000000e+00,0.000000000000000000e+00,1.000000000000000000e+00
-3.061616997868382402e-17,1.000000000000000000e+00,5.302876193624534574e-17,1.532176490863517985e-34,4.999999999999999445e-01,6.123233995736766036e-17,-8.660254037844387076e-01,-1.003834569491371065e+00,-8.660254037844387076e-01,0.000000000000000000e+00,-4.999999999999999445e-01,1.444740406812089484e-01,0.000000000000000000e+00,0.000000000000000000e+00,0.000000000000000000e+00,1.000000000000000000e+00
-3.061616997868382402e-17,1.000000000000000000e+00,5.302876193624534574e-17,2.355992967898619810e-34,4.999999999999999445e-01,6.123233995736766036e-17,-8.660254037844387076e-01,-1.003926068104925351e+00,-8.660254037844387076e-01,0.000000000000000000e+00,-4.999999999999999445e-01,1.425525697965678296e-01,0.000000000000000000e+00,0.000000000000000000e+00,0.000000000000000000e+00,1.000000000000000000e+00
-3.061616997868382402e-17,1.000000000000000000e+00,5.302876193624534574e-17,4.091216714973819390e-34,4.999999999999999445e-01,6.123233995736766036e-17,-8.660254037844387076e-01,-1.004017998632323438e+00,-8.660254037844387076e-01,0.000000000000000000e+00,-4.999999999999999445e-01,1.406220287212095466e-01,0.000000000000000000e+00,0.000000000000000000e+00,0.000000000000000000e+00,1.000000000000000000e+00
-3.061616997868382402e-17,1.000000000000000000e+00,5.302876193624534574e-17,4.326014307652292244e-35,4.999999999999999445e-01,6.123233995736766036e-17,-8.660254037844387076e-01,-1.004110324404074328e+00,-8.660254037844387076e-01,0.000000000000000000e+00,-4.999999999999999445e-01,1.386831875144369786e-01,0.000000000000000000e+00,0.000000000000000000e+00,0.000000000000000000e+00,1.000000000000000000e+00
-3.061616997868382402e-17,1.000000000000000000e+00,5.302876193624534574e-17,2.171802748826490286e-34,4.999999999999999445e-01,6.123233995736766036e-17,-8.660254037844387076e-01,-1.004203008508442130e+00,-8.660254037844387076e-01,0.000000000000000000e+00,-4.999999999999999445e-01,1.367368213227167506e-01,0.000000000000000000e+00,0.000000000000000000e+00,0.000000000000000000e+00,1.000000000000000000e+00
-3.061616997868382402e-17,1.000000000000000000e+00,5.302876193624534574e-17,3.123057530205623813e-34,4.999999999999999445e-01,6.123233995736766036e-17,-8.660254037844387076e-01,-1.004296013814514943e+00,-8.660254037844387076e-01,0.000000000000000000e+00,-4.999999999999999445e-01,1.347837098951871759e-01,0.000000000000000000e+00,0.000000000000000000e+00,0.000000000000000000e+00,1.000000000000000000e+00
-3.061616997868382402e-17,1.000000000000000000e+00,5.302876193624534574e-17,4.094104643701940360e-34,4.999999999999999445e-01,6.123233995736766036e-17,-8.660254037844387076e-01,-1.004389302995277733e+00,-8.660254037844387076e-01,0.000000000000000000e+00,-4.999999999999999445e-01,1.328246370991669201e-01,0.000000000000000000e+00,0.000000000000000000e+00,0.000000000000000000e+00,1.000000000000000000e+00
-3.061616997868382402e-17,1.000000000000000000e+00,5.302876193624534574e-17,5.602633120441326848e-34,4.999999999999999445e-01,6.123233995736766036e-17,-8.660254037844387076e-01,-1.004482838550682766e+00,-8.660254037844387076e-01,0.000000000000000000e+00,-4.999999999999999445e-01,1.308603904356627490e-01,0.000000000000000000e+00,0.000000000000000000e+00,0.000000000000000000e+00,1.000000000000000000e+00
-3.061616997868382402e-17,1.000000000000000000e+00,5.302876193624534574e-17,3.568532817600324779e-34,4.999999999999999445e-01,6.123233995736766036e-17,-8.660254037844387076e-01,-1.004576582830720044e+00,-8.660254037844387076e-01,0.000000000000000000e+00,-4.999999999999999445e-01,1.288917605548780543e-01,0.000000000000000000e+00,0.000000000000000000e+00,0.000000000000000000e+00,1.000000000000000000e+00
-3.061616997868382402e-17,1.000000000000000000e+00,5.302876193624534574e-17,7.318404598054109851e-34,4.999999999999999445e-01,6.123233995736766036e-17,-8.660254037844387076e-01,-1.004670498058489514e+00,-8.660254037844387076e-01,0.000000000000000000e+00,-4.999999999999999445e-01,1.269195407717209900e-01,0.000000000000000000e+00,0.000000000000000000e+00,0.000000000000000000e+00,1.000000000000000000e+00
-3.061616997868382402e-17,1.000000000000000000e+00,5.302876193624534574e-17,2.223677210887529592e-34,4.999999999999999445e-01,6.123233995736766036e-17,-8.660254037844387076e-01,-1.004764546353270838e+00,-8.660254037844387076e-01,0.000000000000000000e+00,-4.999999999999999445e-01,1.249445265813126232e-01,0.000000000000000000e+00,0.000000000000000000e+00,0.000000000000000000e+00,1.000000000000000000e+00
-3.061616997868382402e-17,1.000000000000000000e+00,5.302876193624534574e-17,1.682855032161861587e-34,4.999999999999999445e-01,6.123233995736766036e-17,-8.660254037844387076e-01,-1.004858689753595380e+00,-8.660254037844387076e-01,0.000000000000000000e+00,-4.999999999999999445e-01,1.229675151744953204e-01,0.000000000000000000e+00,0.000000000000000000e+00,0.000000000000000000e+00,1.000000000000000000e+00
-3.061616997868382402e-17,1.000000000000000000e+00,5.302876193624534574e-17,4.467420200357041317e-34,4.999999999999999445e-01,6.123233995736766036e-17,-8.660254037844387076e-01,-1.004952890240317087e+00,-8.660254037844387076e-01,0.000000000000000000e+00,-4.999999999999999445e-01,1.209893049533409537e-01,0.000000000000000000e+00,0.000000000000000000e+00,0.000000000000000000e+00,1.000000000000000000e+00
-3.061616997868382402e-17,1.000000000000000000e+00,5.302876193624534574e-17,4.912724639599236269e-34,4.999999999999999445e-01,6.123233995736766036e-17,-8.660254037844387076e-01,-1.005047109759682922e+00,-8.660254037844387076e-01,0.000000000000000000e+00,-4.999999999999999445e-01,1.190106950466589542e-01,0.000000000000000000e+00,0.000000000000000000e+00,0.000000000000000000e+00,1.000000000000000000e+00
-3.061616997868382402e-17,1.000000000000000000e+00,5.302876193624534574e-17,7.352789088868682624e-34,4.999999999999999445e-01,6.123233995736766036e-17,-8.660254037844387076e-01,-1.005141310246404629e+00,-8.660254037844387076e-01,0.000000000000000000e+00,-4.999999999999999445e-01,1.170324848255045735e-01,0.000000000000000000e+00,0.000000000000000000e+00,0.000000000000000000e+00,1.000000000000000000e+00
-3.061616997868382402e-17,1.000000000000000000e+00,5.302876193624534574e-17,3.649108459220009661e-34,4.999999999999999445e-01,6.123233995736766036e-17,-8.660254037844387076e-01,-1.005235453646729171e+00,-8.660254037844387076e-01,0.000000000000000000e+00,-4.999999999999999445e-01,1.150554734186873124e-01,0.000000000000000000e+00,0.000000000000000000e+00,0.000000000000000000e+00,1.000000000000000000e+00
-3.061616997868382402e-17,1.000000000000000000e+00,5.302876193624534574e-17,2.061740241902167734e-34,4.999999999999999445e-01,6.123233995736766036e-17,-8.660254037844387076e-01,-1.005329501941510495e+00,-8.660254037844387076e-01,0.000000000000000000e+00,-4.999999999999999445e-01,1.130804592282789178e-01,0.000000000000000000e+00,0.000000000000000000e+00,0.000000000000000000e+00,1.000000000000000000e+00
-3.061616997868382402e-17,1.000000000000000000e+00,5.302876193624534574e-17,5.639361662893086119e-34,4.999999999999999445e-01,6.123233995736766036e-17,-8.660254037844387076e-01,-1.005423417169279965e+00,-8.660254037844387076e-01,0.000000000000000000e+00,-4.999999999999999445e-01,1.111082394451218258e-01,0.000000000000000000e+00,0.000000000000000000e+00,0.000000000000000000e+00,1.000000000000000000e+00
-3.061616997868382402e-17,1.000000000000000000e+00,5.302876193624534574e-17,3.777511719514950737e-34,4.999999999999999445e-01,6.123233995736766036e-17,-8.660254037844387076e-01,-1.005517161449317243e+00,-8.660254037844387076e-01,0.000000000000000000e+00,-4.999999999999999445e-01,1.091396095643371450e-01,0.000000000000000000e+00,0.000000000000000000e+00,0.000000000000000000e+00,1.000000000000000000e+00
-3.061616997868382402e-17,1.000000000000000000e+00,5.302876193624534574e-17,4.424788398940003792e-34,4.999999999999999445e-01,6.123233995736766036e-17,-8.660254037844387076e-01,-1.005610697004722276e+00,-8.660254037844387076e-01,0.000000000000000000e+00,-4.999999999999999445e-01,1.071753629008329184e-01,0.000000000000000000e+00,0.000000000000000000e+00,0.000000000000000000e+00,1.000000000000000000e+00
-3.061616997868382402e-17,1.000000000000000000e+00,5.302876193624534574e-17,6.257087309750653772e-34,4.999999999999999445e-01,6.123233995736766036e-17,-8.660254037844387076e-01,-1.005703986185485066e+00,-8.660254037844387076e-01,0.000000000000000000e+00,-4.999999999999999445e-01,1.052162901048127319e-01,0.000000000000000000e+00,0.000000000000000000e+00,0.000000000000000000e+00,1.000000000000000000e+00
-3.061616997868382402e-17,1.000000000000000000e+00,5.302876193624534574e-17,7.380592450592653986e-34,4.999999999999999445e-01,6.123233995736766036e-17,-8.660254037844387076e-01,-1.005796991491557879e+00,-8.660254037844387076e-01,0.000000000000000000e+00,-4.999999999999999445e-01,1.032631786772831711e-01,0.000000000000000000e+00,0.000000000000000000e+00,0.000000000000000000e+00,1.000000000000000000e+00
-3.061616997868382402e-17,1.000000000000000000e+00,5.302876193624534574e-17,5.267933879879443341e-34,4.999999999999999445e-01,6.123233995736766036e-17,-8.660254037844387076e-01,-1.005889675595925459e+00,-8.660254037844387076e-01,0.000000000000000000e+00,-4.999999999999999445e-01,1.013168124855629570e-01,0.000000000000000000e+00,0.000000000000000000e+00,0.000000000000000000e+00,1.000000000000000000e+00
-3.061616997868382402e-17,1.000000000000000000e+00,5.302876193624534574e-17,4.599926687130991449e-34,4.999999999999999445e-01,6.123233995736766036e-17,-8.660254037844387076e-01,-1.005982001367676570e+00,-8.660254037844387076e-01,0.000000000000000000e+00,-4.999999999999999445e-01,9.937797127879030579e-02,0.000000000000000000e+00,0.000000000000000000e+00,0.000000000000000000e+00,1.000000000000000000e+00
-3.061616997868382402e-17,1.000000000000000000e+00,5.302876193624534574e-17,1.070376140136926280e-33,4.999999999999999445e-01,6.123233995736766036e-17,-8.660254037844387076e-01,-1.006073931895074658e+00,-8.660254037844387076e-01,0.000000000000000000e+00,-4.999999999999999445e-01,9.744743020343207829e-02,0.000000000000000000e+00,0.000000000000000000e+00,0.000000000000000000e+00,1.000000000000000000e+00
-3.061616997868382402e-17,1.000000000000000000e+00,5.302876193624534574e-17,6.986716551778426167e-34,4.999999999999999445e-01,6.123233995736766036e-17,-8.660254037844387076e-01,-1.006165430508628944e+00,-8.660254037844387076e-01,0.000000000000000000e+00,-4.999999999999999445e-01,9.552595931879090396e-02,0.000000000000000000e+00,0.000000000000000000e+00,0.000000000000000000e+00,1.000000000000000000e+00
-3.061616997868382402e-17,1.000000000000000000e+00,5.302876193624534574e-17,4.367391832497322956e-34,4.999999999999999445e-01,6.123233995736766036e-17,-8.660254037844387076e-01,-1.006256460804165975e+00,-8.660254037844387076e-01,0.000000000000000000e+00,-4.999999999999999445e-01,9.361432311251455252e-02,0.000000000000000000e+00,0.000000000000000000e+00,0.000000000000000000e+00,1.000000000000000000e+00
-3.061616997868382402e-17,1.000000000000000000e+00,5.302876193624534574e-17,6.464839559104794711e-34,4.999999999999999445e-01,6.123233995736766036e-17,-8.660254037844387076e-01,-1.006346986665899834e+00,-8.660254037844387076e-01,0.000000000000000000e+00,-4.999999999999999445e-01,9.171328001610296043e-02,0.000000000000000000e+00,0.000000000000000000e+00,0.000000000000000000e+00,1.000000000000000000e+00
-3.061616997868382402e-17,1.000000000000000000e+00,5.302876193624534574e-17,7.515264423049681176e-34,4.999999999999999445e-01,6.123233995736766036e-17,-8.660254037844387076e-01,-1.006436972289503906e+00,-8.660254037844387076e-01,0.000000000000000000e+00,-4.999999999999999445e-01,8.982358192041778322e-02,0.000000000000000000e+00,0.000000000000000000e+00,0.000000000000000000e+00,1.000000000000000000e+00
-3.061616997868382402e-17,1.000000000000000000e+00,5.302876193624534574e-17,1.320969698560741860e-33,4.999999999999999445e-01,6.123233995736766036e-17,-8.660254037844387076e-01,-1.006526382205181536e+00,-8.660254037844387076e-01,0.000000000000000000e+00,-4.999999999999999445e-01,8.794597369118956065e-02,0.000000000000000000e+00,0.000000000000000000e+00,0.000000000000000000e+00,1.000000000000000000e+00
-3.061616997868382402e-17,1.000000000000000000e+00,5.302876193624534574e-17,9.767725839108549364e-34,4.999999999999999445e-01,6.123233995736766036e-17,-8.660254037844387076e-01,-1.006615181300736905e+00,-8.660254037844387076e-01,0.000000000000000000e+00,-4.999999999999999445e-01,8.608119268452621431e-02,0.000000000000000000e+00,0.000000000000000000e+00,0.000000000000000000e+00,1.000000000000000000e+00
-3.061616997868382402e-17,1.000000000000000000e+00,5.302876193624534574e-17,4.067211360736389235e-34,4.999999999999999445e-01,6.123233995736766036e-17,-8.660254037844387076e-01,-1.006703334844646580e+00,-8.660254037844387076e-01,0.000000000000000000e+00,-4.999999999999999445e-01,8.422996826242171164e-02,0.000000000000000000e+00,0.000000000000000000e+00,0.000000000000000000e+00,1.000000000000000000e+00
-3.061616997868382402e-17,1.000000000000000000e+00,5.302876193624534574e-17,8.030364632293308823e-34,4.999999999999999445e-01,6.123233995736766036e-17,-8.660254037844387076e-01,-1.006790808509130386e+00,-8.660254037844387076e-01,0.000000000000000000e+00,-4.999999999999999445e-01,8.239302130826345327e-02,0.000000000000000000e+00,0.000000000000000000e+00,0.000000000000000000e+00,1.000000000000000000e+00
-3.061616997868382402e-17,1.000000000000000000e+00,5.302876193624534574e-17,1.136228354842950115e-33,4.999999999999999445e-01,6.123233995736766036e-17,-8.660254037844387076e-01,-1.006877568393221845e+00,-8.660254037844387076e-01,0.000000000000000000e+00,-4.999999999999999445e-01,8.057106374234157542e-02,0.000000000000000000e+00,0.000000000000000000e+00,0.000000000000000000e+00,1.000000000000000000e+00
-3.061616997868382402e-17,1.000000000000000000e+00,5.302876193624534574e-17,4.800131343079713588e-34,4.999999999999999445e-01,6.123233995736766036e-17,-8.660254037844387076e-01,-1.006963581045840161e+00,-8.660254037844387076e-01,0.000000000000000000e+00,-4.999999999999999445e-01,7.876479803735625396e-02,0.000000000000000000e+00,0.000000000000000000e+00,0.000000000000000000e+00,1.000000000000000000e+00
-3.061616997868382402e-17,1.000000000000000000e+00,5.302876193624534574e-17,2.079405036757161227e-34,4.999999999999999445e-01,6.123233995736766036e-17,-8.660254037844387076e-01,-1.007048813488860661e+00,-8.660254037844387076e-01,0.000000000000000000e+00,-4.999999999999999445e-01,7.697491673392636846e-02,0.000000000000000000e+00,0.000000000000000000e+00,0.000000000000000000e+00,1.000000000000000000e+00
-3.061616997868382402e-17,1.000000000000000000e+00,5.302876193624534574e-17,3.151155376044569213e-34,4.999999999999999445e-01,6.123233995736766036e-17,-8.660254037844387076e-01,-1.007133233240185888e+00,-8.660254037844387076e-01,0.000000000000000000e+00,-4.999999999999999445e-01,7.520210195609733361e-02,0.000000000000000000e+00,0.000000000000000000e+00,0.000000000000000000e+00,1.000000000000000000e+00
-3.061616997868382402e-17,1.000000000000000000e+00,5.302876193624534574e-17,5.908326509676199915e-34,4.999999999999999445e-01,6.123233995736766036e-17,-8.660254037844387076e-01,-1.007216808336816705e+00,-8.660254037844387076e-01,0.000000000000000000e+00,-4.999999999999999445e-01,7.344702492685004080e-02,0.000000000000000000e+00,0.000000000000000000e+00,0.000000000000000000e+00,1.000000000000000000e+00
-3.061616997868382402e-17,1.000000000000000000e+00,5.302876193624534574e-17,1.149128596621375522e-33,4.999999999999999445e-01,6.123233995736766036e-17,-8.660254037844387076e-01,-1.007299507357923396e+00,-8.660254037844387076e-01,0.000000000000000000e+00,-4.999999999999999445e-01,7.171034548360857852e-02,0.000000000000000000e+00,0.000000000000000000e+00,0.000000000000000000e+00,1.000000000000000000e+00
-3.061616997868382402e-17,1.000000000000000000e+00,5.302876193624534574e-17,6.482195299075448562e-34,4.999999999999999445e-01,6.123233995736766036e-17,-8.660254037844387076e-01,-1.007381299447916767e+00,-8.660254037844387076e-01,0.000000000000000000e+00,-4.999999999999999445e-01,6.999271159374800821e-02,0.000000000000000000e+00,0.000000000000000000e+00,0.000000000000000000e+00,1.000000000000000000e+00
-3.061616997868382402e-17,1.000000000000000000e+00,5.302876193624534574e-17,9.455533538739797086e-34,4.999999999999999445e-01,6.123233995736766036e-17,-8.660254037844387076e-01,-1.007462154339518801e+00,-8.660254037844387076e-01,0.000000000000000000e+00,-4.999999999999999445e-01,6.829475887010411084e-02,0.000000000000000000e+00,0.000000000000000000e+00,0.000000000000000000e+00,1.000000000000000000e+00
-3.061616997868382402e-17,1.000000000000000000e+00,5.302876193624534574e-17,1.343044873109184230e-34,4.999999999999999445e-01,6.123233995736766036e-17,-8.660254037844387076e-01,-1.007542042376834202e+00,-8.660254037844387076e-01,0.000000000000000000e+00,-4.999999999999999445e-01,6.661711008647944188e-02,0.000000000000000000e+00,0.000000000000000000e+00,0.000000000000000000e+00,1.000000000000000000e+00
-3.061616997868382402e-17,1.000000000000000000e+00,5.302876193624534574e-17,3.363438686578083062e-34,4.999999999999999445e-01,6.123233995736766036e-17,-8.660254037844387076e-01,-1.007620934538421276e+00,-8.660254037844387076e-01,0.000000000000000000e+00,-4.999999999999999445e-01,6.496037469315382729e-02,0.000000000000000000e+00,0.000000000000000000e+00,0.000000000000000000e+00,1.000000000000000000e+00
-3.061616997868382402e-17,1.000000000000000000e+00,5.302876193624534574e-17,1.186584658643115275e-33,4.999999999999999445e-01,6.123233995736766036e-17,-8.660254037844387076e-01,-1.007698802460362364e+00,-8.660254037844387076e-01,0.000000000000000000e+00,-4.999999999999999445e-01,6.332514833239072383e-02,0.000000000000000000e+00,0.000000000000000000e+00,0.000000000000000000e+00,1.000000000000000000e+00
-3.061616997868382402e-17,1.000000000000000000e+00,5.302876193624534574e-17,8.897955960965256453e-34,4.999999999999999445e-01,6.123233995736766036e-17,-8.660254037844387076e-01,-1.007775618459335831e+00,-8.660254037844387076e-01,0.000000000000000000e+00,-4.999999999999999445e-01,6.171201235394657703e-02,0.000000000000000000e+00,0.000000000000000000e+00,0.000000000000000000e+00,1.000000000000000000e+00
-3.061616997868382402e-17,1.000000000000000000e+00,5.302876193624534574e-17,8.626280610240800280e-35,4.999999999999999445e-01,6.123233995736766036e-17,-8.660254037844387076e-01,-1.007851355555686723e+00,-8.660254037844387076e-01,0.000000000000000000e+00,-4.999999999999999445e-01,6.012153333057831950e-02,0.000000000000000000e+00,0.000000000000000000e+00,0.000000000000000000e+00,1.000000000000000000e+00
-3.061616997868382402e-17,1.000000000000000000e+00,5.302876193624534574e-17,7.352875101176253196e-34,4.999999999999999445e-01,6.123233995736766036e-17,-8.660254037844387076e-01,-1.007925987496497422e+00,-8.660254037844387076e-01,0.000000000000000000e+00,-4.999999999999999445e-01,5.855426257355256237e-02,0.000000000000000000e+00,0.000000000000000000e+00,0.000000000000000000e+00,1.000000000000000000e+00
-3.061616997868382402e-17,1.000000000000000000e+00,5.302876193624534574e-17,1.691476834402306851e-33,4.999999999999999445e-01,6.123233995736766036e-17,-8.660254037844387076e-01,-1.007999488778659414e+00,-8.660254037844387076e-01,0.000000000000000000e+00,-4.999999999999999445e-01,5.701073564815270500e-02,0.000000000000000000e+00,0.000000000000000000e+00,0.000000000000000000e+00,1.000000000000000000e+00
-3.061616997868382402e-17,1.000000000000000000e+00,5.302876193624534574e-17,8.200001148458110274e-34,4.999999999999999445e-01,6.123233995736766036e-17,-8.660254037844387076e-01,-1.008071834671943501e+00,-8.660254037844387076e-01,0.000000000000000000e+00,-4.999999999999999445e-01,5.549147188918782114e-02,0.000000000000000000e+00,0.000000000000000000e+00,0.000000000000000000e+00,1.000000000000000000e+00
-3.061616997868382402e-17,1.000000000000000000e+00,5.302876193624534574e-17,1.436496817407177842e-33,4.999999999999999445e-01,6.123233995736766036e-17,-8.660254037844387076e-01,-1.008143001242071346e+00,-8.660254037844387076e-01,0.000000000000000000e+00,-4.999999999999999445e-01,5.399697391650082334e-02,0.000000000000000000e+00,0.000000000000000000e+00,0.000000000000000000e+00,1.000000000000000000e+00
-3.061616997868382402e-17,1.000000000000000000e+00,5.302876193624534574e-17,1.385400085237022262e-33,4.999999999999999445e-01,6.123233995736766036e-17,-8.660254037844387076e-01,-1.008212965373786796e+00,-8.660254037844387076e-01,0.000000000000000000e+00,-4.999999999999999445e-01,5.252772715047626662e-02,0.000000000000000000e+00,0.000000000000000000e+00,0.000000000000000000e+00,1.000000000000000000e+00
-3.061616997868382402e-17,1.000000000000000000e+00,5.302876193624534574e-17,6.855971753580525712e-34,4.999999999999999445e-01,6.123233995736766036e-17,-8.660254037844387076e-01,-1.008281704793926314e+00,-8.660254037844387076e-01,0.000000000000000000e+00,-4.999999999999999445e-01,5.108419932754942883e-02,0.000000000000000000e+00,0.000000000000000000e+00,0.000000000000000000e+00,1.000000000000000000e+00
-3.061616997868382402e-17,1.000000000000000000e+00,5.302876193624534574e-17,1.660051989840061296e-33,4.999999999999999445e-01,6.123233995736766036e-17,-8.660254037844387076e-01,-1.008349198094489862e+00,-8.660254037844387076e-01,0.000000000000000000e+00,-4.999999999999999445e-01,4.966684001571322615e-02,0.000000000000000000e+00,0.000000000000000000e+00,0.000000000000000000e+00,1.000000000000000000e+00
-3.061616997868382402e-17,1.000000000000000000e+00,5.302876193624534574e-17,3.442631154985263492e-34,4.999999999999999445e-01,6.123233995736766036e-17,-8.660254037844387076e-01,-1.008415424755712886e+00,-8.660254037844387076e-01,0.000000000000000000e+00,-4.999999999999999445e-01,4.827608013002829268e-02,0.000000000000000000e+00,0.000000000000000000e+00,0.000000000000000000e+00,1.000000000000000000e+00
-3.061616997868382402e-17,1.000000000000000000e+00,5.302876193624534574e-17,8.175733939274221477e-34,4.999999999999999445e-01,6.123233995736766036e-17,-8.660254037844387076e-01,-1.008480365169136750e+00,-8.660254037844387076e-01,0.000000000000000000e+00,-4.999999999999999445e-01,4.691233144812906319e-02,0.000000000000000000e+00,0.000000000000000000e+00,0.000000000000000000e+00,1.000000000000000000e+00
-3.061616997868382402e-17,1.000000000000000000e+00,5.302876193624534574e-17,1.081223829343267017e-33,4.999999999999999445e-01,6.123233995736766036e-17,-8.660254037844387076e-01,-1.008544000660679396e+00,-8.660254037844387076e-01,0.000000000000000000e+00,-4.999999999999999445e-01,4.557598612573371399e-02,0.000000000000000000e+00,0.000000000000000000e+00,0.000000000000000000e+00,1.000000000000000000e+00
-3.061616997868382402e-17,1.000000000000000000e+00,5.302876193624534574e-17,7.758752855130567697e-34,4.999999999999999445e-01,6.123233995736766036e-17,-8.660254037844387076e-01,-1.008606313513707109e+00,-8.660254037844387076e-01,0.000000000000000000e+00,-4.999999999999999445e-01,4.426741621215166123e-02,0.000000000000000000e+00,0.000000000000000000e+00,0.000000000000000000e+00,1.000000000000000000e+00
-3.061616997868382402e-17,1.000000000000000000e+00,5.302876193624534574e-17,1.424090512262987321e-33,4.999999999999999445e-01,6.123233995736766036e-17,-8.660254037844387076e-01,-1.008667286992105172e+00,-8.660254037844387076e-01,0.000000000000000000e+00,-4.999999999999999445e-01,4.298697316579158656e-02,0.000000000000000000e+00,0.000000000000000000e+00,0.000000000000000000e+00,1.000000000000000000e+00
-3.061616997868382402e-17,1.000000000000000000e+00,5.302876193624534574e-17,1.198841787799489310e-33,4.999999999999999445e-01,6.123233995736766036e-17,-8.660254037844387076e-01,-1.008726905363348969e+00,-8.660254037844387076e-01,0.000000000000000000e+00,-4.999999999999999445e-01,4.173498736967012901e-02,0.000000000000000000e+00,0.000000000000000000e+00,0.000000000000000000e+00,1.000000000000000000e+00
-3.061616997868382402e-17,1.000000000000000000e+00,5.302876193624534574e-17,6.619470051799311151e-34,4.999999999999999445e-01,6.123233995736766036e-17,-8.660254037844387076e-01,-1.008785153921575306e+00,-8.660254037844387076e-01,0.000000000000000000e+00,-4.999999999999999445e-01,4.051176764692002163e-02,0.000000000000000000e+00,0.000000000000000000e+00,0.000000000000000000e+00,1.000000000000000000e+00
-3.061616997868382402e-17,1.000000000000000000e+00,5.302876193624534574e-17,6.734560897823660218e-34,4.999999999999999445e-01,6.123233995736766036e-17,-8.660254037844387076e-01,-1.008842019010652402e+00,-8.660254037844387076e-01,0.000000000000000000e+00,-4.999999999999999445e-01,3.931760077629781192e-02,0.000000000000000000e+00,0.000000000000000000e+00,0.000000000000000000e+00,1.000000000000000000e+00
-3.061616997868382402e-17,1.000000000000000000e+00,5.302876193624534574e-17,6.770270911313166800e-34,4.999999999999999445e-01,6.123233995736766036e-17,-8.660254037844387076e-01,-1.008897488047252766e+00,-8.660254037844387076e-01,0.000000000000000000e+00,-4.999999999999999445e-01,3.815275100769305316e-02,0.000000000000000000e+00,0.000000000000000000e+00,0.000000000000000000e+00,1.000000000000000000e+00
-3.061616997868382402e-17,1.000000000000000000e+00,5.302876193624534574e-17,5.550134251637024940e-34,4.999999999999999445e-01,6.123233995736766036e-17,-8.660254037844387076e-01,-1.008951549543922077e+00,-8.660254037844387076e-01,0.000000000000000000e+00,-4.999999999999999445e-01,3.701745957763513672e-02,0.000000000000000000e+00,0.000000000000000000e+00,0.000000000000000000e+00,1.000000000000000000e+00
-3.061616997868382402e-17,1.000000000000000000e+00,5.302876193624534574e-17,5.454637411238518553e-34,4.999999999999999445e-01,6.123233995736766036e-17,-8.660254037844387076e-01,-1.009004193132152283e+00,-8.660254037844387076e-01,0.000000000000000000e+00,-4.999999999999999445e-01,3.591194422480317727e-02,0.000000000000000000e+00,0.000000000000000000e+00,0.000000000000000000e+00,1.000000000000000000e+00
-3.061616997868382402e-17,1.000000000000000000e+00,5.302876193624534574e-17,1.187023697157345637e-33,4.999999999999999445e-01,6.123233995736766036e-17,-8.660254037844387076e-01,-1.009055409585450702e+00,-8.660254037844387076e-01,0.000000000000000000e+00,-4.999999999999999445e-01,3.483639870553359441e-02,0.000000000000000000e+00,0.000000000000000000e+00,0.000000000000000000e+00,1.000000000000000000e+00
-3.061616997868382402e-17,1.000000000000000000e+00,5.302876193624534574e-17,1.240792773899045281e-33,4.999999999999999445e-01,6.123233995736766036e-17,-8.660254037844387076e-01,-1.009105190842412902e+00,-8.660254037844387076e-01,0.000000000000000000e+00,-4.999999999999999445e-01,3.379099230932677833e-02,0.000000000000000000e+00,0.000000000000000000e+00,0.000000000000000000e+00,1.000000000000000000e+00
-3.061616997868382402e-17,1.000000000000000000e+00,5.302876193624534574e-17,4.007410811288147786e-34,4.999999999999999445e-01,6.123233995736766036e-17,-8.660254037844387076e-01,-1.009153530029792467e+00,-8.660254037844387076e-01,0.000000000000000000e+00,-4.999999999999999445e-01,3.277586937435789105e-02,0.000000000000000000e+00,0.000000000000000000e+00,0.000000000000000000e+00,1.000000000000000000e+00
-3.061616997868382402e-17,1.000000000000000000e+00,5.302876193624534574e-17,9.035365102368610156e-35,4.999999999999999445e-01,6.123233995736766036e-17,-8.660254037844387076e-01,-1.009200421485572097e+00,-8.660254037844387076e-01,0.000000000000000000e+00,-4.999999999999999445e-01,3.179114880298361534e-02,0.000000000000000000e+00,0.000000000000000000e+00,0.000000000000000000e+00,1.000000000000000000e+00
-3.061616997868382402e-17,1.000000000000000000e+00,5.302876193624534574e-17,1.037025416357884492e-33,4.999999999999999445e-01,6.123233995736766036e-17,-8.660254037844387076e-01,-1.009245860782035598e+00,-8.660254037844387076e-01,0.000000000000000000e+00,-4.999999999999999445e-01,3.083692357725051347e-02,0.000000000000000000e+00,0.000000000000000000e+00,0.000000000000000000e+00,1.000000000000000000e+00
-3.061616997868382402e-17,1.000000000000000000e+00,5.302876193624534574e-17,1.203427303746868053e-33,4.999999999999999445e-01,6.123233995736766036e-17,-8.660254037844387076e-01,-1.009289844748837872e+00,-8.660254037844387076e-01,0.000000000000000000e+00,-4.999999999999999445e-01,2.991326027440310842e-02,0.000000000000000000e+00,0.000000000000000000e+00,0.000000000000000000e+00,1.000000000000000000e+00
-3.061616997868382402e-17,1.000000000000000000e+00,5.302876193624534574e-17,1.651272211570043015e-33,4.999999999999999445e-01,6.123233995736766036e-17,-8.660254037844387076e-01,-1.009332371496076464e+00,-8.660254037844387076e-01,0.000000000000000000e+00,-4.999999999999999445e-01,2.902019858239296424e-02,0.000000000000000000e+00,0.000000000000000000e+00,0.000000000000000000e+00,1.000000000000000000e+00
-3.061616997868382402e-17,1.000000000000000000e+00,5.302876193624534574e-17,-6.818022341113427375e-35,4.999999999999999445e-01,6.123233995736766036e-17,-8.660254037844387076e-01,-1.009373440437362657e+00,-8.660254037844387076e-01,0.000000000000000000e+00,-4.999999999999999445e-01,2.815775081538610114e-02,0.000000000000000000e+00,0.000000000000000000e+00,0.000000000000000000e+00,1.000000000000000000e+00
-3.061616997868382402e-17,1.000000000000000000e+00,5.302876193624534574e-17,6.876948301949233628e-34,4.999999999999999445e-01,6.123233995736766036e-17,-8.660254037844387076e-01,-1.009413052312891912e+00,-8.660254037844387076e-01,0.000000000000000000e+00,-4.999999999999999445e-01,2.732590142927146526e-02,0.000000000000000000e+00,0.000000000000000000e+00,0.000000000000000000e+00,1.000000000000000000e+00
-3.061616997868382402e-17,1.000000000000000000e+00,5.302876193624534574e-17,2.936998345836123190e-34,4.999999999999999445e-01,6.123233995736766036e-17,-8.660254037844387076e-01,-1.009451209212515854e+00,-8.660254037844387076e-01,0.000000000000000000e+00,-4.999999999999999445e-01,2.652460653716828820e-02,0.000000000000000000e+00,0.000000000000000000e+00,0.000000000000000000e+00,1.000000000000000000e+00
-3.061616997868382402e-17,1.000000000000000000e+00,5.302876193624534574e-17,6.280399531189668088e-34,4.999999999999999445e-01,6.123233995736766036e-17,-8.660254037844387076e-01,-1.009487914598812486e+00,-8.660254037844387076e-01,0.000000000000000000e+00,-4.999999999999999445e-01,2.575379342493686052e-02,0.000000000000000000e+00,0.000000000000000000e+00,0.000000000000000000e+00,1.000000000000000000e+00
-3.061616997868382402e-17,1.000000000000000000e+00,5.302876193624534574e-17,9.030653021299484909e-34,4.999999999999999445e-01,6.123233995736766036e-17,-8.660254037844387076e-01,-1.009523173330157952e+00,-8.660254037844387076e-01,0.000000000000000000e+00,-4.999999999999999445e-01,2.501336006668383738e-02,0.000000000000000000e+00,0.000000000000000000e+00,0.000000000000000000e+00,1.000000000000000000e+00
-3.061616997868382402e-17,1.000000000000000000e+00,5.302876193624534574e-17,7.451292687284636620e-34,4.999999999999999445e-01,6.123233995736766036e-17,-8.660254037844387076e-01,-1.009556991683796534e+00,-8.660254037844387076e-01,0.000000000000000000e+00,-4.999999999999999445e-01,2.430317464027184626e-02,0.000000000000000000e+00,0.000000000000000000e+00,0.000000000000000000e+00,1.000000000000000000e+00
-3.061616997868382402e-17,1.000000000000000000e+00,5.302876193624534574e-17,8.284917242546734970e-34,4.999999999999999445e-01,6.123233995736766036e-17,-8.660254037844387076e-01,-1.009589377378913078e+00,-8.660254037844387076e-01,0.000000000000000000e+00,-4.999999999999999445e-01,2.362307504282740167e-02,0.000000000000000000e+00,0.000000000000000000e+00,0.000000000000000000e+00,1.000000000000000000e+00
-3.061616997868382402e-17,1.000000000000000000e+00,5.302876193624534574e-17,1.805737202405660590e-33,4.999999999999999445e-01,6.123233995736766036e-17,-8.660254037844387076e-01,-1.009620339599702321e+00,-8.660254037844387076e-01,0.000000000000000000e+00,-4.999999999999999445e-01,2.297286840624976345e-02,0.000000000000000000e+00,0.000000000000000000e+00,0.000000000000000000e+00,1.000000000000000000e+00
-3.061616997868382402e-17,1.000000000000000000e+00,5.302876193624534574e-17,1.020918080121119959e-33,4.999999999999999445e-01,6.123233995736766036e-17,-8.660254037844387076e-01,-1.009649889018441993e+00,-8.660254037844387076e-01,0.000000000000000000e+00,-4.999999999999999445e-01,2.235233061271862942e-02,0.000000000000000000e+00,0.000000000000000000e+00,0.000000000000000000e+00,1.000000000000000000e+00
-3.061616997868382402e-17,1.000000000000000000e+00,5.302876193624534574e-17,9.849778561479077584e-34,4.999999999999999445e-01,6.123233995736766036e-17,-8.660254037844387076e-01,-1.009678037818561691e+00,-8.660254037844387076e-01,0.000000000000000000e+00,-4.999999999999999445e-01,2.176120581020216105e-02,0.000000000000000000e+00,0.000000000000000000e+00,0.000000000000000000e+00,1.000000000000000000e+00
-3.061616997868382402e-17,1.000000000000000000e+00,5.302876193624534574e-17,9.029909189969110652e-34,4.999999999999999445e-01,6.123233995736766036e-17,-8.660254037844387076e-01,-1.009704799717715984e+00,-8.660254037844387076e-01,0.000000000000000000e+00,-4.999999999999999445e-01,2.119920592796498138e-02,0.000000000000000000e+00,0.000000000000000000e+00,0.000000000000000000e+00,1.000000000000000000e+00
-3.061616997868382402e-17,1.000000000000000000e+00,5.302876193624534574e-17,1.041143920904560327e-33,4.999999999999999445e-01,6.123233995736766036e-17,-8.660254037844387076e-01,-1.009730189990853511e+00,-8.660254037844387076e-01,0.000000000000000000e+00,-4.999999999999999445e-01,2.066601019207811585e-02,0.000000000000000000e+00,0.000000000000000000e+00,0.000000000000000000e+00,1.000000000000000000e+00
-3.061616997868382402e-17,1.000000000000000000e+00,5.302876193624534574e-17,7.893539954534200494e-34,4.999999999999999445e-01,6.123233995736766036e-17,-8.660254037844387076e-01,-1.009754225493289193e+00,-8.660254037844387076e-01,0.000000000000000000e+00,-4.999999999999999445e-01,2.016126464092443671e-02,0.000000000000000000e+00,0.000000000000000000e+00,0.000000000000000000e+00,1.000000000000000000e+00
-3.061616997868382402e-17,1.000000000000000000e+00,5.302876193624534574e-17,1.910416318390803257e-33,4.999999999999999445e-01,6.123233995736766036e-17,-8.660254037844387076e-01,-1.009776924683775778e+00,-8.660254037844387076e-01,0.000000000000000000e+00,-4.999999999999999445e-01,1.968458164071007488e-02,0.000000000000000000e+00,0.000000000000000000e+00,0.000000000000000000e+00,1.000000000000000000e+00
-3.061616997868382402e-17,1.000000000000000000e+00,5.302876193624534574e-17,1.188038805190809542e-33,4.999999999999999445e-01,6.123233995736766036e-17,-8.660254037844387076e-01,-1.009798307647572946e+00,-8.660254037844387076e-01,0.000000000000000000e+00,-4.999999999999999445e-01,1.923553940096914272e-02,0.000000000000000000e+00,0.000000000000000000e+00,0.000000000000000000e+00,1.000000000000000000e+00
-3.061616997868382402e-17,1.000000000000000000e+00,5.302876193624534574e-17,1.276359233744162926e-33,4.999999999999999445e-01,6.123233995736766036e-17,-8.660254037844387076e-01,-1.009818396119520179e+00,-8.660254037844387076e-01,0.000000000000000000e+00,-4.999999999999999445e-01,1.881368149007550672e-02,0.000000000000000000e+00,0.000000000000000000e+00,0.000000000000000000e+00,1.000000000000000000e+00
-3.061616997868382402e-17,1.000000000000000000e+00,5.302876193624534574e-17,1.196643972000152654e-33,4.999999999999999445e-01,6.123233995736766036e-17,-8.660254037844387076e-01,-1.009837213507107201e+00,-8.660254037844387076e-01,0.000000000000000000e+00,-4.999999999999999445e-01,1.841851635074776006e-02,0.000000000000000000e+00,0.000000000000000000e+00,0.000000000000000000e+00,1.000000000000000000e+00
-3.061616997868382402e-17,1.000000000000000000e+00,5.302876193624534574e-17,1.023829278617316324e-33,4.999999999999999445e-01,6.123233995736766036e-17,-8.660254037844387076e-01,-1.009854784913544634e+00,-8.660254037844387076e-01,0.000000000000000000e+00,-4.999999999999999445e-01,1.804951681556099530e-02,0.000000000000000000e+00,0.000000000000000000e+00,0.000000000000000000e+00,1.000000000000000000e+00
-3.061616997868382402e-17,1.000000000000000000e+00,5.302876193624534574e-17,5.377518592200469020e-34,4.999999999999999445e-01,6.123233995736766036e-17,-8.660254037844387076e-01,-1.009871137160835763e+00,-8.660254037844387076e-01,0.000000000000000000e+00,-4.999999999999999445e-01,1.770611962245075000e-02,0.000000000000000000e+00,0.000000000000000000e+00,0.000000000000000000e+00,1.000000000000000000e+00
-3.061616997868382402e-17,1.000000000000000000e+00,5.302876193624534574e-17,1.379403406310871883e-33,4.999999999999999445e-01,6.123233995736766036e-17,-8.660254037844387076e-01,-1.009886298812846528e+00,-8.660254037844387076e-01,0.000000000000000000e+00,-4.999999999999999445e-01,1.738772493022486265e-02,0.000000000000000000e+00,0.000000000000000000e+00,0.000000000000000000e+00,1.000000000000000000e+00
-3.061616997868382402e-17,1.000000000000000000e+00,5.302876193624534574e-17,1.960199645624050859e-33,4.999999999999999445e-01,6.123233995736766036e-17,-8.660254037844387076e-01,-1.009900300198377510e+00,-8.660254037844387076e-01,0.000000000000000000e+00,-4.999999999999999445e-01,1.709369583407052695e-02,0.000000000000000000e+00,0.000000000000000000e+00,0.000000000000000000e+00,1.000000000000000000e+00
-3.061616997868382402e-17,1.000000000000000000e+00,5.302876193624534574e-17,1.098962037149304100e-33,4.999999999999999445e-01,6.123233995736766036e-17,-8.660254037844387076e-01,-1.009913173434235256e+00,-8.660254037844387076e-01,0.000000000000000000e+00,-4.999999999999999445e-01,1.682335788106084640e-02,0.000000000000000000e+00,0.000000000000000000e+00,0.000000000000000000e+00,1.000000000000000000e+00
-3.061616997868382402e-17,1.000000000000000000e+00,5.302876193624534574e-17,1.465295371187587822e-33,4.999999999999999445e-01,6.123233995736766036e-17,-8.660254037844387076e-01,-1.009924952448301605e+00,-8.660254037844387076e-01,0.000000000000000000e+00,-4.999999999999999445e-01,1.657599858566713436e-02,0.000000000000000000e+00,0.000000000000000000e+00,0.000000000000000000e+00,1.000000000000000000e+00
-3.061616997868382402e-17,1.000000000000000000e+00,5.302876193624534574e-17,1.541582144523933208e-33,4.999999999999999445e-01,6.123233995736766036e-17,-8.660254037844387076e-01,-1.009935673002606560e+00,-8.660254037844387076e-01,0.000000000000000000e+00,-4.999999999999999445e-01,1.635086694526149964e-02,0.000000000000000000e+00,0.000000000000000000e+00,0.000000000000000000e+00,1.000000000000000000e+00
-3.061616997868382402e-17,1.000000000000000000e+00,5.302876193624534574e-17,6.041429955307400862e-34,4.999999999999999445e-01,6.123233995736766036e-17,-8.660254037844387076e-01,-1.009945372716398504e+00,-8.660254037844387076e-01,0.000000000000000000e+00,-4.999999999999999445e-01,1.614717295563056210e-02,0.000000000000000000e+00,0.000000000000000000e+00,0.000000000000000000e+00,1.000000000000000000e+00
-3.061616997868382402e-17,1.000000000000000000e+00,5.302876193624534574e-17,7.784762145954020911e-34,4.999999999999999445e-01,6.123233995736766036e-17,-8.660254037844387076e-01,-1.009954091089215300e+00,-8.660254037844387076e-01,0.000000000000000000e+00,-4.999999999999999445e-01,1.596408712647956474e-02,0.000000000000000000e+00,0.000000000000000000e+00,0.000000000000000000e+00,1.000000000000000000e+00
-3.061616997868382402e-17,1.000000000000000000e+00,5.302876193624534574e-17,5.271904934915889713e-34,4.999999999999999445e-01,6.123233995736766036e-17,-8.660254037844387076e-01,-1.009961869523955169e+00,-8.660254037844387076e-01,0.000000000000000000e+00,-4.999999999999999445e-01,1.580073999694303621e-02,0.000000000000000000e+00,0.000000000000000000e+00,0.000000000000000000e+00,1.000000000000000000e+00
-3.061616997868382402e-17,1.000000000000000000e+00,5.302876193624534574e-17,7.578825230122448104e-34,4.999999999999999445e-01,6.123233995736766036e-17,-8.660254037844387076e-01,-1.009968751349948013e+00,-8.660254037844387076e-01,0.000000000000000000e+00,-4.999999999999999445e-01,1.565622165109256669e-02,0.000000000000000000e+00,0.000000000000000000e+00,0.000000000000000000e+00,1.000000000000000000e+00
-3.061616997868382402e-17,1.000000000000000000e+00,5.302876193624534574e-17,6.500875843043846151e-34,4.999999999999999445e-01,6.123233995736766036e-17,-8.660254037844387076e-01,-1.009974781846026515e+00,-8.660254037844387076e-01,0.000000000000000000e+00,-4.999999999999999445e-01,1.552958123344477803e-02,0.000000000000000000e+00,0.000000000000000000e+00,0.000000000000000000e+00,1.000000000000000000e+00
-3.061616997868382402e-17,1.000000000000000000e+00,5.302876193624534574e-17,8.444103152893703618e-34,4.999999999999999445e-01,6.123233995736766036e-17,-8.660254037844387076e-01,-1.009980008263596796e+00,-8.660254037844387076e-01,0.000000000000000000e+00,-4.999999999999999445e-01,1.541982646446776739e-02,0.000000000000000000e+00,0.000000000000000000e+00,0.000000000000000000e+00,1.000000000000000000e+00
-3.061616997868382402e-17,1.000000000000000000e+00,5.302876193624534574e-17,8.607267722498231791e-34,4.999999999999999445e-01,6.123233995736766036e-17,-8.660254037844387076e-01,-1.009984479849709738e+00,-8.660254037844387076e-01,0.000000000000000000e+00,-4.999999999999999445e-01,1.532592315609337952e-02,0.000000000000000000e+00,0.000000000000000000e+00,0.000000000000000000e+00,1.000000000000000000e+00
-3.061616997868382402e-17,1.000000000000000000e+00,5.302876193624534574e-17,1.106503472246394427e-33,4.999999999999999445e-01,6.123233995736766036e-17,-8.660254037844387076e-01,-1.009988247870132305e+00,-8.660254037844387076e-01,0.000000000000000000e+00,-4.999999999999999445e-01,1.524679472722151319e-02,0.000000000000000000e+00,0.000000000000000000e+00,0.000000000000000000e+00,1.000000000000000000e+00
-3.061616997868382402e-17,1.000000000000000000e+00,5.302876193624534574e-17,1.275032980277281664e-33,4.999999999999999445e-01,6.123233995736766036e-17,-8.660254037844387076e-01,-1.009991365632417537e+00,-8.660254037844387076e-01,0.000000000000000000e+00,-4.999999999999999445e-01,1.518132171923086693e-02,0.000000000000000000e+00,0.000000000000000000e+00,0.000000000000000000e+00,1.000000000000000000e+00
-3.061616997868382402e-17,1.000000000000000000e+00,5.302876193624534574e-17,1.649320001262982642e-33,4.999999999999999445e-01,6.123233995736766036e-17,-8.660254037844387076e-01,-1.009993888508976978e+00,-8.660254037844387076e-01,0.000000000000000000e+00,-4.999999999999999445e-01,1.512834131148504957e-02,0.000000000000000000e+00,0.000000000000000000e+00,0.000000000000000000e+00,1.000000000000000000e+00
-3.061616997868382402e-17,1.000000000000000000e+00,5.302876193624534574e-17,5.045283125546168027e-35,4.999999999999999445e-01,6.123233995736766036e-17,-8.660254037844387076e-01,-1.009995873960150226e+00,-8.660254037844387076e-01,0.000000000000000000e+00,-4.999999999999999445e-01,1.508664683684385333e-02,0.000000000000000000e+00,0.000000000000000000e+00,0.000000000000000000e+00,1.000000000000000000e+00
-3.061616997868382402e-17,1.000000000000000000e+00,5.302876193624534574e-17,7.572905238746774019e-34,4.999999999999999445e-01,6.123233995736766036e-17,-8.660254037844387076e-01,-1.009997381557277807e+00,-8.660254037844387076e-01,0.000000000000000000e+00,-4.999999999999999445e-01,1.505498729716706063e-02,0.000000000000000000e+00,0.000000000000000000e+00,0.000000000000000000e+00,1.000000000000000000e+00
-3.061616997868382402e-17,1.000000000000000000e+00,5.302876193624534574e-17,1.102046074972131378e-33,4.999999999999999445e-01,6.123233995736766036e-17,-8.660254037844387076e-01,-1.009998473005770059e+00,-8.660254037844387076e-01,0.000000000000000000e+00,-4.999999999999999445e-01,1.503206687882849280e-02,0.000000000000000000e+00,0.000000000000000000e+00,0.000000000000000000e+00,1.000000000000000000e+00
-3.061616997868382402e-17,1.000000000000000000e+00,5.302876193624534574e-17,1.416927582650853903e-33,4.999999999999999445e-01,6.123233995736766036e-17,-8.660254037844387076e-01,-1.009999212168180005e+00,-8.660254037844387076e-01,0.000000000000000000e+00,-4.999999999999999445e-01,1.501654446821737432e-02,0.000000000000000000e+00,0.000000000000000000e+00,0.000000000000000000e+00,1.000000000000000000e+00
-3.061616997868382402e-17,1.000000000000000000e+00,5.302876193624534574e-17,7.708349493099647249e-34,4.999999999999999445e-01,6.123233995736766036e-17,-8.660254037844387076e-01,-1.009999665087273568e+00,-8.660254037844387076e-01,0.000000000000000000e+00,-4.999999999999999445e-01,1.500703316725254810e-02,0.000000000000000000e+00,0.000000000000000000e+00,0.000000000000000000e+00,1.000000000000000000e+00
-3.061616997868382402e-17,1.000000000000000000e+00,5.302876193624534574e-17,9.413330219381243540e-34,4.999999999999999445e-01,6.123233995736766036e-17,-8.660254037844387076e-01,-1.009999900009100449e+00,-8.660254037844387076e-01,0.000000000000000000e+00,-4.999999999999999445e-01,1.500209980888805861e-02,0.000000000000000000e+00,0.000000000000000000e+00,0.000000000000000000e+00,1.000000000000000000e+00
-3.061616997868382402e-17,1.000000000000000000e+00,5.302876193624534574e-17,4.032779770236628483e-34,4.999999999999999445e-01,6.123233995736766036e-17,-8.660254037844387076e-01,-1.009999987406065669e+00,-8.660254037844387076e-01,0.000000000000000000e+00,-4.999999999999999445e-01,1.500026447262067797e-02,0.000000000000000000e+00,0.000000000000000000e+00,0.000000000000000000e+00,1.000000000000000000e+00
-3.061616997868382402e-17,1.000000000000000000e+00,5.302876193624534574e-17,9.380144839956277585e-34,4.999999999999999445e-01,6.123233995736766036e-17,-8.660254037844387076e-01,-1.010000000000000009e+00,-8.660254037844387076e-01,0.000000000000000000e+00,-4.999999999999999445e-01,1.499999999999990230e-02,0.000000000000000000e+00,0.000000000000000000e+00,0.000000000000000000e+00,1.000000000000000000e+00
-3.061616997868382402e-17,1.000000000000000000e+00,5.302876193624534574e-17,0.000000000000000000e+00,4.999999999999999445e-01,6.123233995736766036e-17,-8.660254037844387076e-01,-1.010000000000000009e+00,-8.660254037844387076e-01,0.000000000000000000e+00,-4.999999999999999445e-01,1.500000000000000118e-02,0.000000000000000000e+00,0.000000000000000000e+00,0.000000000000000000e+00,1.000000000000000000e+00
-3.061616997868382402e-17,1.000000000000000000e+00,5.302876193624534574e-17,0.000000000000000000e+00,4.999999999999999445e-01,6.123233995736766036e-17,-8.660254037844387076e-01,-1.010000000000000009e+00,-8.660254037844387076e-01,0.000000000000000000e+00,-4.999999999999999445e-01,1.500000000000000118e-02,0.000000000000000000e+00,0.000000000000000000e+00,0.000000000000000000e+00,1.000000000000000000e+00
-3.061616997868382402e-17,1.000000000000000000e+00,5.302876193624534574e-17,0.000000000000000000e+00,4.999999999999999445e-01,6.123233995736766036e-17,-8.660254037844387076e-01,-1.010000000000000009e+00,-8.660254037844387076e-01,0.000000000000000000e+00,-4.999999999999999445e-01,1.500000000000000118e-02,0.000000000000000000e+00,0.000000000000000000e+00,0.000000000000000000e+00,1.000000000000000000e+00
-3.061616997868382402e-17,1.000000000000000000e+00,5.302876193624534574e-17,0.000000000000000000e+00,4.999999999999999445e-01,6.123233995736766036e-17,-8.660254037844387076e-01,-1.010000000000000009e+00,-8.660254037844387076e-01,0.000000000000000000e+00,-4.999999999999999445e-01,1.500000000000000118e-02,0.000000000000000000e+00,0.000000000000000000e+00,0.000000000000000000e+00,1.000000000000000000e+00
-3.061616997868382402e-17,1.000000000000000000e+00,5.302876193624534574e-17,0.000000000000000000e+00,4.999999999999999445e-01,6.123233995736766036e-17,-8.660254037844387076e-01,-1.010000000000000009e+00,-8.660254037844387076e-01,0.000000000000000000e+00,-4.999999999999999445e-01,1.500000000000000118e-02,0.000000000000000000e+00,0.000000000000000000e+00,0.000000000000000000e+00,1.000000000000000000e+00
-3.061616997868382402e-17,1.000000000000000000e+00,5.302876193624534574e-17,0.000000000000000000e+00,4.999999999999999445e-01,6.123233995736766036e-17,-8.660254037844387076e-01,-1.010000000000000009e+00,-8.660254037844387076e-01,0.000000000000000000e+00,-4.999999999999999445e-01,1.500000000000000118e-02,0.000000000000000000e+00,0.000000000000000000e+00,0.000000000000000000e+00,1.000000000000000000e+00
-3.061616997868382402e-17,1.000000000000000000e+00,5.302876193624534574e-17,0.000000000000000000e+00,4.999999999999999445e-01,6.123233995736766036e-17,-8.660254037844387076e-01,-1.010000000000000009e+00,-8.660254037844387076e-01,0.000000000000000000e+00,-4.999999999999999445e-01,1.500000000000000118e-02,0.000000000000000000e+00,0.000000000000000000e+00,0.000000000000000000e+00,1.000000000000000000e+00
-3.061616997868382402e-17,1.000000000000000000e+00,5.302876193624534574e-17,0.000000000000000000e+00,4.999999999999999445e-01,6.123233995736766036e-17,-8.660254037844387076e-01,-1.010000000000000009e+00,-8.660254037844387076e-01,0.000000000000000000e+00,-4.999999999999999445e-01,1.500000000000000118e-02,0.000000000000000000e+00,0.000000000000000000e+00,0.000000000000000000e+00,1.000000000000000000e+00
-3.061616997868382402e-17,1.000000000000000000e+00,5.302876193624534574e-17,0.000000000000000000e+00,4.999999999999999445e-01,6.123233995736766036e-17,-8.660254037844387076e-01,-1.010000000000000009e+00,-8.660254037844387076e-01,0.000000000000000000e+00,-4.999999999999999445e-01,1.500000000000000118e-02,0.000000000000000000e+00,0.000000000000000000e+00,0.000000000000000000e+00,1.000000000000000000e+00
-3.061616997868382402e-17,1.000000000000000000e+00,5.302876193624534574e-17,0.000000000000000000e+00,4.999999999999999445e-01,6.123233995736766036e-17,-8.660254037844387076e-01,-1.010000000000000009e+00,-8.660254037844387076e-01,0.000000000000000000e+00,-4.999999999999999445e-01,1.500000000000000118e-02,0.000000000000000000e+00,0.000000000000000000e+00,0.000000000000000000e+00,1.000000000000000000e+00
-3.061616997868382402e-17,1.000000000000000000e+00,5.302876193624534574e-17,0.000000000000000000e+00,4.999999999999999445e-01,6.123233995736766036e-17,-8.660254037844387076e-01,-1.010000000000000009e+00,-8.660254037844387076e-01,0.000000000000000000e+00,-4.999999999999999445e-01,1.500000000000000118e-02,0.000000000000000000e+00,0.000000000000000000e+00,0.000000000000000000e+00,1.000000000000000000e+00
-3.061616997868382402e-17,1.000000000000000000e+00,5.302876193624534574e-17,0.000000000000000000e+00,4.999999999999999445e-01,6.123233995736766036e-17,-8.660254037844387076e-01,-1.010000000000000009e+00,-8.660254037844387076e-01,0.000000000000000000e+00,-4.999999999999999445e-01,1.500000000000000118e-02,0.000000000000000000e+00,0.000000000000000000e+00,0.000000000000000000e+00,1.000000000000000000e+00
-3.061616997868382402e-17,1.000000000000000000e+00,5.302876193624534574e-17,0.000000000000000000e+00,4.999999999999999445e-01,6.123233995736766036e-17,-8.660254037844387076e-01,-1.010000000000000009e+00,-8.660254037844387076e-01,0.000000000000000000e+00,-4.999999999999999445e-01,1.500000000000000118e-02,0.000000000000000000e+00,0.000000000000000000e+00,0.000000000000000000e+00,1.000000000000000000e+00
-3.061616997868382402e-17,1.000000000000000000e+00,5.302876193624534574e-17,0.000000000000000000e+00,4.999999999999999445e-01,6.123233995736766036e-17,-8.660254037844387076e-01,-1.010000000000000009e+00,-8.660254037844387076e-01,0.000000000000000000e+00,-4.999999999999999445e-01,1.500000000000000118e-02,0.000000000000000000e+00,0.000000000000000000e+00,0.000000000000000000e+00,1.000000000000000000e+00
-3.061616997868382402e-17,1.000000000000000000e+00,5.302876193624534574e-17,0.000000000000000000e+00,4.999999999999999445e-01,6.123233995736766036e-17,-8.660254037844387076e-01,-1.010000000000000009e+00,-8.660254037844387076e-01,0.000000000000000000e+00,-4.999999999999999445e-01,1.500000000000000118e-02,0.000000000000000000e+00,0.000000000000000000e+00,0.000000000000000000e+00,1.000000000000000000e+00
-3.061616997868382402e-17,1.000000000000000000e+00,5.302876193624534574e-17,0.000000000000000000e+00,4.999999999999999445e-01,6.123233995736766036e-17,-8.660254037844387076e-01,-1.010000000000000009e+00,-8.660254037844387076e-01,0.000000000000000000e+00,-4.999999999999999445e-01,1.500000000000000118e-02,0.000000000000000000e+00,0.000000000000000000e+00,0.000000000000000000e+00,1.000000000000000000e+00
-3.061616997868382402e-17,1.000000000000000000e+00,5.302876193624534574e-17,0.000000000000000000e+00,4.999999999999999445e-01,6.123233995736766036e-17,-8.660254037844387076e-01,-1.010000000000000009e+00,-8.660254037844387076e-01,0.000000000000000000e+00,-4.999999999999999445e-01,1.500000000000000118e-02,0.000000000000000000e+00,0.000000000000000000e+00,0.000000000000000000e+00,1.000000000000000000e+00
-3.061616997868382402e-17,1.000000000000000000e+00,5.302876193624534574e-17,0.000000000000000000e+00,4.999999999999999445e-01,6.123233995736766036e-17,-8.660254037844387076e-01,-1.010000000000000009e+00,-8.660254037844387076e-01,0.000000000000000000e+00,-4.999999999999999445e-01,1.500000000000000118e-02,0.000000000000000000e+00,0.000000000000000000e+00,0.000000000000000000e+00,1.000000000000000000e+00
-3.061616997868382402e-17,1.000000000000000000e+00,5.302876193624534574e-17,0.000000000000000000e+00,4.999999999999999445e-01,6.123233995736766036e-17,-8.660254037844387076e-01,-1.010000000000000009e+00,-8.660254037844387076e-01,0.000000000000000000e+00,-4.999999999999999445e-01,1.500000000000000118e-02,0.000000000000000000e+00,0.000000000000000000e+00,0.000000000000000000e+00,1.000000000000000000e+00
-3.061616997868382402e-17,1.000000000000000000e+00,5.302876193624534574e-17,0.000000000000000000e+00,4.999999999999999445e-01,6.123233995736766036e-17,-8.660254037844387076e-01,-1.010000000000000009e+00,-8.660254037844387076e-01,0.000000000000000000e+00,-4.999999999999999445e-01,1.500000000000000118e-02,0.000000000000000000e+00,0.000000000000000000e+00,0.000000000000000000e+00,1.000000000000000000e+00
-3.061616997868382402e-17,1.000000000000000000e+00,5.302876193624534574e-17,0.000000000000000000e+00,4.999999999999999445e-01,6.123233995736766036e-17,-8.660254037844387076e-01,-1.010000000000000009e+00,-8.660254037844387076e-01,0.000000000000000000e+00,-4.999999999999999445e-01,1.500000000000000118e-02,0.000000000000000000e+00,0.000000000000000000e+00,0.000000000000000000e+00,1.000000000000000000e+00
-3.061616997868382402e-17,1.000000000000000000e+00,5.302876193624534574e-17,0.000000000000000000e+00,4.999999999999999445e-01,6.123233995736766036e-17,-8.660254037844387076e-01,-1.010000000000000009e+00,-8.660254037844387076e-01,0.000000000000000000e+00,-4.999999999999999445e-01,1.500000000000000118e-02,0.000000000000000000e+00,0.000000000000000000e+00,0.000000000000000000e+00,1.000000000000000000e+00
-3.061616997868382402e-17,1.000000000000000000e+00,5.302876193624534574e-17,0.000000000000000000e+00,4.999999999999999445e-01,6.123233995736766036e-17,-8.660254037844387076e-01,-1.010000000000000009e+00,-8.660254037844387076e-01,0.000000000000000000e+00,-4.999999999999999445e-01,1.500000000000000118e-02,0.000000000000000000e+00,0.000000000000000000e+00,0.000000000000000000e+00,1.000000000000000000e+00
-3.061616997868382402e-17,1.000000000000000000e+00,5.302876193624534574e-17,0.000000000000000000e+00,4.999999999999999445e-01,6.123233995736766036e-17,-8.660254037844387076e-01,-1.010000000000000009e+00,-8.660254037844387076e-01,0.000000000000000000e+00,-4.999999999999999445e-01,1.500000000000000118e-02,0.000000000000000000e+00,0.000000000000000000e+00,0.000000000000000000e+00,1.000000000000000000e+00
-3.061616997868382402e-17,1.000000000000000000e+00,5.302876193624534574e-17,0.000000000000000000e+00,4.999999999999999445e-01,6.123233995736766036e-17,-8.660254037844387076e-01,-1.010000000000000009e+00,-8.660254037844387076e-01,0.000000000000000000e+00,-4.999999999999999445e-01,1.500000000000000118e-02,0.000000000000000000e+00,0.000000000000000000e+00,0.000000000000000000e+00,1.000000000000000000e+00
-3.061616997868382402e-17,1.000000000000000000e+00,5.302876193624534574e-17,0.000000000000000000e+00,4.999999999999999445e-01,6.123233995736766036e-17,-8.660254037844387076e-01,-1.010000000000000009e+00,-8.660254037844387076e-01,0.000000000000000000e+00,-4.999999999999999445e-01,1.500000000000000118e-02,0.000000000000000000e+00,0.000000000000000000e+00,0.000000000000000000e+00,1.000000000000000000e+00
-3.061616997868382402e-17,1.000000000000000000e+00,5.302876193624534574e-17,0.000000000000000000e+00,4.999999999999999445e-01,6.123233995736766036e-17,-8.660254037844387076e-01,-1.010000000000000009e+00,-8.660254037844387076e-01,0.000000000000000000e+00,-4.999999999999999445e-01,1.500000000000000118e-02,0.000000000000000000e+00,0.000000000000000000e+00,0.000000000000000000e+00,1.000000000000000000e+00
-3.061616997868382402e-17,1.000000000000000000e+00,5.302876193624534574e-17,0.000000000000000000e+00,4.999999999999999445e-01,6.123233995736766036e-17,-8.660254037844387076e-01,-1.010000000000000009e+00,-8.660254037844387076e-01,0.000000000000000000e+00,-4.999999999999999445e-01,1.500000000000000118e-02,0.000000000000000000e+00,0.000000000000000000e+00,0.000000000000000000e+00,1.000000000000000000e+00
-3.061616997868382402e-17,1.000000000000000000e+00,5.302876193624534574e-17,0.000000000000000000e+00,4.999999999999999445e-01,6.123233995736766036e-17,-8.660254037844387076e-01,-1.010000000000000009e+00,-8.660254037844387076e-01,0.000000000000000000e+00,-4.999999999999999445e-01,1.500000000000000118e-02,0.000000000000000000e+00,0.000000000000000000e+00,0.000000000000000000e+00,1.000000000000000000e+00
-3.061616997868382402e-17,1.000000000000000000e+00,5.302876193624534574e-17,0.000000000000000000e+00,4.999999999999999445e-01,6.123233995736766036e-17,-8.660254037844387076e-01,-1.010000000000000009e+00,-8.660254037844387076e-01,0.000000000000000000e+00,-4.999999999999999445e-01,1.500000000000000118e-02,0.000000000000000000e+00,0.000000000000000000e+00,0.000000000000000000e+00,1.000000000000000000e+00
-3.061616997868382402e-17,1.000000000000000000e+00,5.302876193624534574e-17,0.000000000000000000e+00,4.999999999999999445e-01,6.123233995736766036e-17,-8.660254037844387076e-01,-1.010000000000000009e+00,-8.660254037844387076e-01,0.000000000000000000e+00,-4.999999999999999445e-01,1.500000000000000118e-02,0.000000000000000000e+00,0.000000000000000000e+00,0.000000000000000000e+00,1.000000000000000000e+00
-3.061616997868382402e-17,1.000000000000000000e+00,5.302876193624534574e-17,0.000000000000000000e+00,4.999999999999999445e-01,6.123233995736766036e-17,-8.660254037844387076e-01,-1.010000000000000009e+00,-8.660254037844387076e-01,0.000000000000000000e+00,-4.999999999999999445e-01,1.500000000000000118e-02,0.000000000000000000e+00,0.000000000000000000e+00,0.000000000000000000e+00,1.000000000000000000e+00
-3.061616997868382402e-17,1.000000000000000000e+00,5.302876193624534574e-17,0.000000000000000000e+00,4.999999999999999445e-01,6.123233995736766036e-17,-8.660254037844387076e-01,-1.010000000000000009e+00,-8.660254037844387076e-01,0.000000000000000000e+00,-4.999999999999999445e-01,1.500000000000000118e-02,0.000000000000000000e+00,0.000000000000000000e+00,0.000000000000000000e+00,1.000000000000000000e+00
-3.061616997868382402e-17,1.000000000000000000e+00,5.302876193624534574e-17,0.000000000000000000e+00,4.999999999999999445e-01,6.123233995736766036e-17,-8.660254037844387076e-01,-1.010000000000000009e+00,-8.660254037844387076e-01,0.000000000000000000e+00,-4.999999999999999445e-01,1.500000000000000118e-02,0.000000000000000000e+00,0.000000000000000000e+00,0.000000000000000000e+00,1.000000000000000000e+00
-3.061616997868382402e-17,1.000000000000000000e+00,5.302876193624534574e-17,0.000000000000000000e+00,4.999999999999999445e-01,6.123233995736766036e-17,-8.660254037844387076e-01,-1.010000000000000009e+00,-8.660254037844387076e-01,0.000000000000000000e+00,-4.999999999999999445e-01,1.500000000000000118e-02,0.000000000000000000e+00,0.000000000000000000e+00,0.000000000000000000e+00,1.000000000000000000e+00
-3.061616997868382402e-17,1.000000000000000000e+00,5.302876193624534574e-17,0.000000000000000000e+00,4.999999999999999445e-01,6.123233995736766036e-17,-8.660254037844387076e-01,-1.010000000000000009e+00,-8.660254037844387076e-01,0.000000000000000000e+00,-4.999999999999999445e-01,1.500000000000000118e-02,0.000000000000000000e+00,0.000000000000000000e+00,0.000000000000000000e+00,1.000000000000000000e+00
-3.061616997868382402e-17,1.000000000000000000e+00,5.302876193624534574e-17,0.000000000000000000e+00,4.999999999999999445e-01,6.123233995736766036e-17,-8.660254037844387076e-01,-1.010000000000000009e+00,-8.660254037844387076e-01,0.000000000000000000e+00,-4.999999999999999445e-01,1.500000000000000118e-02,0.000000000000000000e+00,0.000000000000000000e+00,0.000000000000000000e+00,1.000000000000000000e+00
-3.061616997868382402e-17,1.000000000000000000e+00,5.302876193624534574e-17,0.000000000000000000e+00,4.999999999999999445e-01,6.123233995736766036e-17,-8.660254037844387076e-01,-1.010000000000000009e+00,-8.660254037844387076e-01,0.000000000000000000e+00,-4.999999999999999445e-01,1.500000000000000118e-02,0.000000000000000000e+00,0.000000000000000000e+00,0.000000000000000000e+00,1.000000000000000000e+00
-3.061616997868382402e-17,1.000000000000000000e+00,5.302876193624534574e-17,0.000000000000000000e+00,4.999999999999999445e-01,6.123233995736766036e-17,-8.660254037844387076e-01,-1.010000000000000009e+00,-8.660254037844387076e-01,0.000000000000000000e+00,-4.999999999999999445e-01,1.500000000000000118e-02,0.000000000000000000e+00,0.000000000000000000e+00,0.000000000000000000e+00,1.000000000000000000e+00
-3.061616997868382402e-17,1.000000000000000000e+00,5.302876193624534574e-17,0.000000000000000000e+00,4.999999999999999445e-01,6.123233995736766036e-17,-8.660254037844387076e-01,-1.010000000000000009e+00,-8.660254037844387076e-01,0.000000000000000000e+00,-4.999999999999999445e-01,1.500000000000000118e-02,0.000000000000000000e+00,0.000000000000000000e+00,0.000000000000000000e+00,1.000000000000000000e+00
-3.061616997868382402e-17,1.000000000000000000e+00,5.302876193624534574e-17,0.000000000000000000e+00,4.999999999999999445e-01,6.123233995736766036e-17,-8.660254037844387076e-01,-1.010000000000000009e+00,-8.660254037844387076e-01,0.000000000000000000e+00,-4.999999999999999445e-01,1.500000000000000118e-02,0.000000000000000000e+00,0.000000000000000000e+00,0.000000000000000000e+00,1.000000000000000000e+00
-3.061616997868382402e-17,1.000000000000000000e+00,5.302876193624534574e-17,0.000000000000000000e+00,4.999999999999999445e-01,6.123233995736766036e-17,-8.660254037844387076e-01,-1.010000000000000009e+00,-8.660254037844387076e-01,0.000000000000000000e+00,-4.999999999999999445e-01,1.500000000000000118e-02,0.000000000000000000e+00,0.000000000000000000e+00,0.000000000000000000e+00,1.000000000000000000e+00
-3.061616997868382402e-17,1.000000000000000000e+00,5.302876193624534574e-17,0.000000000000000000e+00,4.999999999999999445e-01,6.123233995736766036e-17,-8.660254037844387076e-01,-1.010000000000000009e+00,-8.660254037844387076e-01,0.000000000000000000e+00,-4.999999999999999445e-01,1.500000000000000118e-02,0.000000000000000000e+00,0.000000000000000000e+00,0.000000000000000000e+00,1.000000000000000000e+00
-3.061616997868382402e-17,1.000000000000000000e+00,5.302876193624534574e-17,0.000000000000000000e+00,4.999999999999999445e-01,6.123233995736766036e-17,-8.660254037844387076e-01,-1.010000000000000009e+00,-8.660254037844387076e-01,0.000000000000000000e+00,-4.999999999999999445e-01,1.500000000000000118e-02,0.000000000000000000e+00,0.000000000000000000e+00,0.000000000000000000e+00,1.000000000000000000e+00
-3.061616997868382402e-17,1.000000000000000000e+00,5.302876193624534574e-17,0.000000000000000000e+00,4.999999999999999445e-01,6.123233995736766036e-17,-8.660254037844387076e-01,-1.010000000000000009e+00,-8.660254037844387076e-01,0.000000000000000000e+00,-4.999999999999999445e-01,1.500000000000000118e-02,0.000000000000000000e+00,0.000000000000000000e+00,0.000000000000000000e+00,1.000000000000000000e+00
-3.061616997868382402e-17,1.000000000000000000e+00,5.302876193624534574e-17,0.000000000000000000e+00,4.999999999999999445e-01,6.123233995736766036e-17,-8.660254037844387076e-01,-1.010000000000000009e+00,-8.660254037844387076e-01,0.000000000000000000e+00,-4.999999999999999445e-01,1.500000000000000118e-02,0.000000000000000000e+00,0.000000000000000000e+00,0.000000000000000000e+00,1.000000000000000000e+00
-3.061616997868382402e-17,1.000000000000000000e+00,5.302876193624534574e-17,0.000000000000000000e+00,4.999999999999999445e-01,6.123233995736766036e-17,-8.660254037844387076e-01,-1.010000000000000009e+00,-8.660254037844387076e-01,0.000000000000000000e+00,-4.999999999999999445e-01,1.500000000000000118e-02,0.000000000000000000e+00,0.000000000000000000e+00,0.000000000000000000e+00,1.000000000000000000e+00
-3.061616997868382402e-17,1.000000000000000000e+00,5.302876193624534574e-17,0.000000000000000000e+00,4.999999999999999445e-01,6.123233995736766036e-17,-8.660254037844387076e-01,-1.010000000000000009e+00,-8.660254037844387076e-01,0.000000000000000000e+00,-4.999999999999999445e-01,1.500000000000000118e-02,0.000000000000000000e+00,0.000000000000000000e+00,0.000000000000000000e+00,1.000000000000000000e+00
-3.061616997868382402e-17,1.000000000000000000e+00,5.302876193624534574e-17,0.000000000000000000e+00,4.999999999999999445e-01,6.123233995736766036e-17,-8.660254037844387076e-01,-1.010000000000000009e+00,-8.660254037844387076e-01,0.000000000000000000e+00,-4.999999999999999445e-01,1.500000000000000118e-02,0.000000000000000000e+00,0.000000000000000000e+00,0.000000000000000000e+00,1.000000000000000000e+00
-3.061616997868382402e-17,1.000000000000000000e+00,5.302876193624534574e-17,0.000000000000000000e+00,4.999999999999999445e-01,6.123233995736766036e-17,-8.660254037844387076e-01,-1.010000000000000009e+00,-8.660254037844387076e-01,0.000000000000000000e+00,-4.999999999999999445e-01,1.500000000000000118e-02,0.000000000000000000e+00,0.000000000000000000e+00,0.000000000000000000e+00,1.000000000000000000e+00
-3.061616997868382402e-17,1.000000000000000000e+00,5.302876193624534574e-17,0.000000000000000000e+00,4.999999999999999445e-01,6.123233995736766036e-17,-8.660254037844387076e-01,-1.010000000000000009e+00,-8.660254037844387076e-01,0.000000000000000000e+00,-4.999999999999999445e-01,1.500000000000000118e-02,0.000000000000000000e+00,0.000000000000000000e+00,0.000000000000000000e+00,1.000000000000000000e+00
-3.061616997868382402e-17,1.000000000000000000e+00,5.302876193624534574e-17,0.000000000000000000e+00,4.999999999999999445e-01,6.123233995736766036e-17,-8.660254037844387076e-01,-1.010000000000000009e+00,-8.660254037844387076e-01,0.000000000000000000e+00,-4.999999999999999445e-01,1.500000000000000118e-02,0.000000000000000000e+00,0.000000000000000000e+00,0.000000000000000000e+00,1.000000000000000000e+00
-3.061616997868382402e-17,1.000000000000000000e+00,5.302876193624534574e-17,0.000000000000000000e+00,4.999999999999999445e-01,6.123233995736766036e-17,-8.660254037844387076e-01,-1.010000000000000009e+00,-8.660254037844387076e-01,0.000000000000000000e+00,-4.999999999999999445e-01,1.500000000000000118e-02,0.000000000000000000e+00,0.000000000000000000e+00,0.000000000000000000e+00,1.000000000000000000e+00
-3.061616997868382402e-17,1.000000000000000000e+00,5.302876193624534574e-17,0.000000000000000000e+00,4.999999999999999445e-01,6.123233995736766036e-17,-8.660254037844387076e-01,-1.010000000000000009e+00,-8.660254037844387076e-01,0.000000000000000000e+00,-4.999999999999999445e-01,1.500000000000000118e-02,0.000000000000000000e+00,0.000000000000000000e+00,0.000000000000000000e+00,1.000000000000000000e+00
-3.061616997868382402e-17,1.000000000000000000e+00,5.302876193624534574e-17,0.000000000000000000e+00,4.999999999999999445e-01,6.123233995736766036e-17,-8.660254037844387076e-01,-1.010000000000000009e+00,-8.660254037844387076e-01,0.000000000000000000e+00,-4.999999999999999445e-01,1.500000000000000118e-02,0.000000000000000000e+00,0.000000000000000000e+00,0.000000000000000000e+00,1.000000000000000000e+00
-3.061616997868382402e-17,1.000000000000000000e+00,5.302876193624534574e-17,0.000000000000000000e+00,4.999999999999999445e-01,6.123233995736766036e-17,-8.660254037844387076e-01,-1.010000000000000009e+00,-8.660254037844387076e-01,0.000000000000000000e+00,-4.999999999999999445e-01,1.500000000000000118e-02,0.000000000000000000e+00,0.000000000000000000e+00,0.000000000000000000e+00,1.000000000000000000e+00
-3.061616997868382402e-17,1.000000000000000000e+00,5.302876193624534574e-17,0.000000000000000000e+00,4.999999999999999445e-01,6.123233995736766036e-17,-8.660254037844387076e-01,-1.010000000000000009e+00,-8.660254037844387076e-01,0.000000000000000000e+00,-4.999999999999999445e-01,1.500000000000000118e-02,0.000000000000000000e+00,0.000000000000000000e+00,0.000000000000000000e+00,1.000000000000000000e+00
-3.061616997868382402e-17,1.000000000000000000e+00,5.302876193624534574e-17,0.000000000000000000e+00,4.999999999999999445e-01,6.123233995736766036e-17,-8.660254037844387076e-01,-1.010000000000000009e+00,-8.660254037844387076e-01,0.000000000000000000e+00,-4.999999999999999445e-01,1.500000000000000118e-02,0.000000000000000000e+00,0.000000000000000000e+00,0.000000000000000000e+00,1.000000000000000000e+00
-3.061616997868382402e-17,1.000000000000000000e+00,5.302876193624534574e-17,0.000000000000000000e+00,4.999999999999999445e-01,6.123233995736766036e-17,-8.660254037844387076e-01,-1.010000000000000009e+00,-8.660254037844387076e-01,0.000000000000000000e+00,-4.999999999999999445e-01,1.500000000000000118e-02,0.000000000000000000e+00,0.000000000000000000e+00,0.000000000000000000e+00,1.000000000000000000e+00
-3.061616997868382402e-17,1.000000000000000000e+00,5.302876193624534574e-17,0.000000000000000000e+00,4.999999999999999445e-01,6.123233995736766036e-17,-8.660254037844387076e-01,-1.010000000000000009e+00,-8.660254037844387076e-01,0.000000000000000000e+00,-4.999999999999999445e-01,1.500000000000000118e-02,0.000000000000000000e+00,0.000000000000000000e+00,0.000000000000000000e+00,1.000000000000000000e+00
-3.061616997868382402e-17,1.000000000000000000e+00,5.302876193624534574e-17,0.000000000000000000e+00,4.999999999999999445e-01,6.123233995736766036e-17,-8.660254037844387076e-01,-1.010000000000000009e+00,-8.660254037844387076e-01,0.000000000000000000e+00,-4.999999999999999445e-01,1.500000000000000118e-02,0.000000000000000000e+00,0.000000000000000000e+00,0.000000000000000000e+00,1.000000000000000000e+00
-3.061616997868382402e-17,1.000000000000000000e+00,5.302876193624534574e-17,0.000000000000000000e+00,4.999999999999999445e-01,6.123233995736766036e-17,-8.660254037844387076e-01,-1.010000000000000009e+00,-8.660254037844387076e-01,0.000000000000000000e+00,-4.999999999999999445e-01,1.500000000000000118e-02,0.000000000000000000e+00,0.000000000000000000e+00,0.000000000000000000e+00,1.000000000000000000e+00
-3.061616997868382402e-17,1.000000000000000000e+00,5.302876193624534574e-17,0.000000000000000000e+00,4.999999999999999445e-01,6.123233995736766036e-17,-8.660254037844387076e-01,-1.010000000000000009e+00,-8.660254037844387076e-01,0.000000000000000000e+00,-4.999999999999999445e-01,1.500000000000000118e-02,0.000000000000000000e+00,0.000000000000000000e+00,0.000000000000000000e+00,1.000000000000000000e+00
-3.061616997868382402e-17,1.000000000000000000e+00,5.302876193624534574e-17,0.000000000000000000e+00,4.999999999999999445e-01,6.123233995736766036e-17,-8.660254037844387076e-01,-1.010000000000000009e+00,-8.660254037844387076e-01,0.000000000000000000e+00,-4.999999999999999445e-01,1.500000000000000118e-02,0.000000000000000000e+00,0.000000000000000000e+00,0.000000000000000000e+00,1.000000000000000000e+00
-3.061616997868382402e-17,1.000000000000000000e+00,5.302876193624534574e-17,0.000000000000000000e+00,4.999999999999999445e-01,6.123233995736766036e-17,-8.660254037844387076e-01,-1.010000000000000009e+00,-8.660254037844387076e-01,0.000000000000000000e+00,-4.999999999999999445e-01,1.500000000000000118e-02,0.000000000000000000e+00,0.000000000000000000e+00,0.000000000000000000e+00,1.000000000000000000e+00
-3.061616997868382402e-17,1.000000000000000000e+00,5.302876193624534574e-17,0.000000000000000000e+00,4.999999999999999445e-01,6.123233995736766036e-17,-8.660254037844387076e-01,-1.010000000000000009e+00,-8.660254037844387076e-01,0.000000000000000000e+00,-4.999999999999999445e-01,1.500000000000000118e-02,0.000000000000000000e+00,0.000000000000000000e+00,0.000000000000000000e+00,1.000000000000000000e+00
-3.061616997868382402e-17,1.000000000000000000e+00,5.302876193624534574e-17,0.000000000000000000e+00,4.999999999999999445e-01,6.123233995736766036e-17,-8.660254037844387076e-01,-1.010000000000000009e+00,-8.660254037844387076e-01,0.000000000000000000e+00,-4.999999999999999445e-01,1.500000000000000118e-02,0.000000000000000000e+00,0.000000000000000000e+00,0.000000000000000000e+00,1.000000000000000000e+00
-3.061616997868382402e-17,1.000000000000000000e+00,5.302876193624534574e-17,0.000000000000000000e+00,4.999999999999999445e-01,6.123233995736766036e-17,-8.660254037844387076e-01,-1.010000000000000009e+00,-8.660254037844387076e-01,0.000000000000000000e+00,-4.999999999999999445e-01,1.500000000000000118e-02,0.000000000000000000e+00,0.000000000000000000e+00,0.000000000000000000e+00,1.000000000000000000e+00
-3.061616997868382402e-17,1.000000000000000000e+00,5.302876193624534574e-17,0.000000000000000000e+00,4.999999999999999445e-01,6.123233995736766036e-17,-8.660254037844387076e-01,-1.010000000000000009e+00,-8.660254037844387076e-01,0.000000000000000000e+00,-4.999999999999999445e-01,1.500000000000000118e-02,0.000000000000000000e+00,0.000000000000000000e+00,0.000000000000000000e+00,1.000000000000000000e+00
-3.061616997868382402e-17,1.000000000000000000e+00,5.302876193624534574e-17,0.000000000000000000e+00,4.999999999999999445e-01,6.123233995736766036e-17,-8.660254037844387076e-01,-1.010000000000000009e+00,-8.660254037844387076e-01,0.000000000000000000e+00,-4.999999999999999445e-01,1.500000000000000118e-02,0.000000000000000000e+00,0.000000000000000000e+00,0.000000000000000000e+00,1.000000000000000000e+00
-3.061616997868382402e-17,1.000000000000000000e+00,5.302876193624534574e-17,0.000000000000000000e+00,4.999999999999999445e-01,6.123233995736766036e-17,-8.660254037844387076e-01,-1.010000000000000009e+00,-8.660254037844387076e-01,0.000000000000000000e+00,-4.999999999999999445e-01,1.500000000000000118e-02,0.000000000000000000e+00,0.000000000000000000e+00,0.000000000000000000e+00,1.000000000000000000e+00
-3.061616997868382402e-17,1.000000000000000000e+00,5.302876193624534574e-17,0.000000000000000000e+00,4.999999999999999445e-01,6.123233995736766036e-17,-8.660254037844387076e-01,-1.010000000000000009e+00,-8.660254037844387076e-01,0.000000000000000000e+00,-4.999999999999999445e-01,1.500000000000000118e-02,0.000000000000000000e+00,0.000000000000000000e+00,0.000000000000000000e+00,1.000000000000000000e+00
-3.061616997868382402e-17,1.000000000000000000e+00,5.302876193624534574e-17,0.000000000000000000e+00,4.999999999999999445e-01,6.123233995736766036e-17,-8.660254037844387076e-01,-1.010000000000000009e+00,-8.660254037844387076e-01,0.000000000000000000e+00,-4.999999999999999445e-01,1.500000000000000118e-02,0.000000000000000000e+00,0.000000000000000000e+00,0.000000000000000000e+00,1.000000000000000000e+00
-3.061616997868382402e-17,1.000000000000000000e+00,5.302876193624534574e-17,0.000000000000000000e+00,4.999999999999999445e-01,6.123233995736766036e-17,-8.660254037844387076e-01,-1.010000000000000009e+00,-8.660254037844387076e-01,0.000000000000000000e+00,-4.999999999999999445e-01,1.500000000000000118e-02,0.000000000000000000e+00,0.000000000000000000e+00,0.000000000000000000e+00,1.000000000000000000e+00
-3.061616997868382402e-17,1.000000000000000000e+00,5.302876193624534574e-17,0.000000000000000000e+00,4.999999999999999445e-01,6.123233995736766036e-17,-8.660254037844387076e-01,-1.010000000000000009e+00,-8.660254037844387076e-01,0.000000000000000000e+00,-4.999999999999999445e-01,1.500000000000000118e-02,0.000000000000000000e+00,0.000000000000000000e+00,0.000000000000000000e+00,1.000000000000000000e+00
-3.061616997868382402e-17,1.000000000000000000e+00,5.302876193624534574e-17,0.000000000000000000e+00,4.999999999999999445e-01,6.123233995736766036e-17,-8.660254037844387076e-01,-1.010000000000000009e+00,-8.660254037844387076e-01,0.000000000000000000e+00,-4.999999999999999445e-01,1.500000000000000118e-02,0.000000000000000000e+00,0.000000000000000000e+00,0.000000000000000000e+00,1.000000000000000000e+00
-3.061616997868382402e-17,1.000000000000000000e+00,5.302876193624534574e-17,0.000000000000000000e+00,4.999999999999999445e-01,6.123233995736766036e-17,-8.660254037844387076e-01,-1.010000000000000009e+00,-8.660254037844387076e-01,0.000000000000000000e+00,-4.999999999999999445e-01,1.500000000000000118e-02,0.000000000000000000e+00,0.000000000000000000e+00,0.000000000000000000e+00,1.000000000000000000e+00
-3.061616997868382402e-17,1.000000000000000000e+00,5.302876193624534574e-17,0.000000000000000000e+00,4.999999999999999445e-01,6.123233995736766036e-17,-8.660254037844387076e-01,-1.010000000000000009e+00,-8.660254037844387076e-01,0.000000000000000000e+00,-4.999999999999999445e-01,1.500000000000000118e-02,0.000000000000000000e+00,0.000000000000000000e+00,0.000000000000000000e+00,1.000000000000000000e+00
-3.061616997868382402e-17,1.000000000000000000e+00,5.302876193624534574e-17,0.000000000000000000e+00,4.999999999999999445e-01,6.123233995736766036e-17,-8.660254037844387076e-01,-1.010000000000000009e+00,-8.660254037844387076e-01,0.000000000000000000e+00,-4.999999999999999445e-01,1.500000000000000118e-02,0.000000000000000000e+00,0.000000000000000000e+00,0.000000000000000000e+00,1.000000000000000000e+00
-3.061616997868382402e-17,1.000000000000000000e+00,5.302876193624534574e-17,0.000000000000000000e+00,4.999999999999999445e-01,6.123233995736766036e-17,-8.660254037844387076e-01,-1.010000000000000009e+00,-8.660254037844387076e-01,0.000000000000000000e+00,-4.999999999999999445e-01,1.500000000000000118e-02,0.000000000000000000e+00,0.000000000000000000e+00,0.000000000000000000e+00,1.000000000000000000e+00
-3.061616997868382402e-17,1.000000000000000000e+00,5.302876193624534574e-17,0.000000000000000000e+00,4.999999999999999445e-01,6.123233995736766036e-17,-8.660254037844387076e-01,-1.010000000000000009e+00,-8.660254037844387076e-01,0.000000000000000000e+00,-4.999999999999999445e-01,1.500000000000000118e-02,0.000000000000000000e+00,0.000000000000000000e+00,0.000000000000000000e+00,1.000000000000000000e+00
-3.061616997868382402e-17,1.000000000000000000e+00,5.302876193624534574e-17,0.000000000000000000e+00,4.999999999999999445e-01,6.123233995736766036e-17,-8.660254037844387076e-01,-1.010000000000000009e+00,-8.660254037844387076e-01,0.000000000000000000e+00,-4.999999999999999445e-01,1.500000000000000118e-02,0.000000000000000000e+00,0.000000000000000000e+00,0.000000000000000000e+00,1.000000000000000000e+00
-3.061616997868382402e-17,1.000000000000000000e+00,5.302876193624534574e-17,0.000000000000000000e+00,4.999999999999999445e-01,6.123233995736766036e-17,-8.660254037844387076e-01,-1.010000000000000009e+00,-8.660254037844387076e-01,0.000000000000000000e+00,-4.999999999999999445e-01,1.500000000000000118e-02,0.000000000000000000e+00,0.000000000000000000e+00,0.000000000000000000e+00,1.000000000000000000e+00
-3.061616997868382402e-17,1.000000000000000000e+00,5.302876193624534574e-17,0.000000000000000000e+00,4.999999999999999445e-01,6.123233995736766036e-17,-8.660254037844387076e-01,-1.010000000000000009e+00,-8.660254037844387076e-01,0.000000000000000000e+00,-4.999999999999999445e-01,1.500000000000000118e-02,0.000000000000000000e+00,0.000000000000000000e+00,0.000000000000000000e+00,1.000000000000000000e+00
-3.061616997868382402e-17,1.000000000000000000e+00,5.302876193624534574e-17,0.000000000000000000e+00,4.999999999999999445e-01,6.123233995736766036e-17,-8.660254037844387076e-01,-1.010000000000000009e+00,-8.660254037844387076e-01,0.000000000000000000e+00,-4.999999999999999445e-01,1.500000000000000118e-02,0.000000000000000000e+00,0.000000000000000000e+00,0.000000000000000000e+00,1.000000000000000000e+00
-3.061616997868382402e-17,1.000000000000000000e+00,5.302876193624534574e-17,0.000000000000000000e+00,4.999999999999999445e-01,6.123233995736766036e-17,-8.660254037844387076e-01,-1.010000000000000009e+00,-8.660254037844387076e-01,0.000000000000000000e+00,-4.999999999999999445e-01,1.500000000000000118e-02,0.000000000000000000e+00,0.000000000000000000e+00,0.000000000000000000e+00,1.000000000000000000e+00
-3.061616997868382402e-17,1.000000000000000000e+00,5.302876193624534574e-17,0.000000000000000000e+00,4.999999999999999445e-01,6.123233995736766036e-17,-8.660254037844387076e-01,-1.010000000000000009e+00,-8.660254037844387076e-01,0.000000000000000000e+00,-4.999999999999999445e-01,1.500000000000000118e-02,0.000000000000000000e+00,0.000000000000000000e+00,0.000000000000000000e+00,1.000000000000000000e+00
-3.061616997868382402e-17,1.000000000000000000e+00,5.302876193624534574e-17,0.000000000000000000e+00,4.999999999999999445e-01,6.123233995736766036e-17,-8.660254037844387076e-01,-1.010000000000000009e+00,-8.660254037844387076e-01,0.000000000000000000e+00,-4.999999999999999445e-01,1.500000000000000118e-02,0.000000000000000000e+00,0.000000000000000000e+00,0.000000000000000000e+00,1.000000000000000000e+00
-3.061616997868382402e-17,1.000000000000000000e+00,5.302876193624534574e-17,0.000000000000000000e+00,4.999999999999999445e-01,6.123233995736766036e-17,-8.660254037844387076e-01,-1.010000000000000009e+00,-8.660254037844387076e-01,0.000000000000000000e+00,-4.999999999999999445e-01,1.500000000000000118e-02,0.000000000000000000e+00,0.000000000000000000e+00,0.000000000000000000e+00,1.000000000000000000e+00
-3.061616997868382402e-17,1.000000000000000000e+00,5.302876193624534574e-17,0.000000000000000000e+00,4.999999999999999445e-01,6.123233995736766036e-17,-8.660254037844387076e-01,-1.010000000000000009e+00,-8.660254037844387076e-01,0.000000000000000000e+00,-4.999999999999999445e-01,1.500000000000000118e-02,0.000000000000000000e+00,0.000000000000000000e+00,0.000000000000000000e+00,1.000000000000000000e+00
-3.061616997868382402e-17,1.000000000000000000e+00,5.302876193624534574e-17,0.000000000000000000e+00,4.999999999999999445e-01,6.123233995736766036e-17,-8.660254037844387076e-01,-1.010000000000000009e+00,-8.660254037844387076e-01,0.000000000000000000e+00,-4.999999999999999445e-01,1.500000000000000118e-02,0.000000000000000000e+00,0.000000000000000000e+00,0.000000000000000000e+00,1.000000000000000000e+00
-3.061616997868382402e-17,1.000000000000000000e+00,5.302876193624534574e-17,0.000000000000000000e+00,4.999999999999999445e-01,6.123233995736766036e-17,-8.660254037844387076e-01,-1.010000000000000009e+00,-8.660254037844387076e-01,0.000000000000000000e+00,-4.999999999999999445e-01,1.500000000000000118e-02,0.000000000000000000e+00,0.000000000000000000e+00,0.000000000000000000e+00,1.000000000000000000e+00
-3.061616997868382402e-17,1.000000000000000000e+00,5.302876193624534574e-17,0.000000000000000000e+00,4.999999999999999445e-01,6.123233995736766036e-17,-8.660254037844387076e-01,-1.010000000000000009e+00,-8.660254037844387076e-01,0.000000000000000000e+00,-4.999999999999999445e-01,1.500000000000000118e-02,0.000000000000000000e+00,0.000000000000000000e+00,0.000000000000000000e+00,1.000000000000000000e+00
-3.061616997868382402e-17,1.000000000000000000e+00,5.302876193624534574e-17,0.000000000000000000e+00,4.999999999999999445e-01,6.123233995736766036e-17,-8.660254037844387076e-01,-1.010000000000000009e+00,-8.660254037844387076e-01,0.000000000000000000e+00,-4.999999999999999445e-01,1.500000000000000118e-02,0.000000000000000000e+00,0.000000000000000000e+00,0.000000000000000000e+00,1.000000000000000000e+00
-3.061616997868382402e-17,1.000000000000000000e+00,5.302876193624534574e-17,0.000000000000000000e+00,4.999999999999999445e-01,6.123233995736766036e-17,-8.660254037844387076e-01,-1.010000000000000009e+00,-8.660254037844387076e-01,0.000000000000000000e+00,-4.999999999999999445e-01,1.500000000000000118e-02,0.000000000000000000e+00,0.000000000000000000e+00,0.000000000000000000e+00,1.000000000000000000e+00
-3.061616997868382402e-17,1.000000000000000000e+00,5.302876193624534574e-17,0.000000000000000000e+00,4.999999999999999445e-01,6.123233995736766036e-17,-8.660254037844387076e-01,-1.010000000000000009e+00,-8.660254037844387076e-01,0.000000000000000000e+00,-4.999999999999999445e-01,1.500000000000000118e-02,0.000000000000000000e+00,0.000000000000000000e+00,0.000000000000000000e+00,1.000000000000000000e+00
-3.061616997868382402e-17,1.000000000000000000e+00,5.302876193624534574e-17,0.000000000000000000e+00,4.999999999999999445e-01,6.123233995736766036e-17,-8.660254037844387076e-01,-1.010000000000000009e+00,-8.660254037844387076e-01,0.000000000000000000e+00,-4.999999999999999445e-01,1.500000000000000118e-02,0.000000000000000000e+00,0.000000000000000000e+00,0.000000000000000000e+00,1.000000000000000000e+00
-3.061616997868382402e-17,1.000000000000000000e+00,5.302876193624534574e-17,0.000000000000000000e+00,4.999999999999999445e-01,6.123233995736766036e-17,-8.660254037844387076e-01,-1.010000000000000009e+00,-8.660254037844387076e-01,0.000000000000000000e+00,-4.999999999999999445e-01,1.500000000000000118e-02,0.000000000000000000e+00,0.000000000000000000e+00,0.000000000000000000e+00,1.000000000000000000e+00
-3.061616997868382402e-17,1.000000000000000000e+00,5.302876193624534574e-17,0.000000000000000000e+00,4.999999999999999445e-01,6.123233995736766036e-17,-8.660254037844387076e-01,-1.010000000000000009e+00,-8.660254037844387076e-01,0.000000000000000000e+00,-4.999999999999999445e-01,1.500000000000000118e-02,0.000000000000000000e+00,0.000000000000000000e+00,0.000000000000000000e+00,1.000000000000000000e+00
-3.061616997868382402e-17,1.000000000000000000e+00,5.302876193624534574e-17,0.000000000000000000e+00,4.999999999999999445e-01,6.123233995736766036e-17,-8.660254037844387076e-01,-1.010000000000000009e+00,-8.660254037844387076e-01,0.000000000000000000e+00,-4.999999999999999445e-01,1.500000000000000118e-02,0.000000000000000000e+00,0.000000000000000000e+00,0.000000000000000000e+00,1.000000000000000000e+00
-3.061616997868382402e-17,1.000000000000000000e+00,5.302876193624534574e-17,0.000000000000000000e+00,4.999999999999999445e-01,6.123233995736766036e-17,-8.660254037844387076e-01,-1.010000000000000009e+00,-8.660254037844387076e-01,0.000000000000000000e+00,-4.999999999999999445e-01,1.500000000000000118e-02,0.000000000000000000e+00,0.000000000000000000e+00,0.000000000000000000e+00,1.000000000000000000e+00
-3.061616997868382402e-17,1.000000000000000000e+00,5.302876193624534574e-17,0.000000000000000000e+00,4.999999999999999445e-01,6.123233995736766036e-17,-8.660254037844387076e-01,-1.010000000000000009e+00,-8.660254037844387076e-01,0.000000000000000000e+00,-4.999999999999999445e-01,1.500000000000000118e-02,0.000000000000000000e+00,0.000000000000000000e+00,0.000000000000000000e+00,1.000000000000000000e+00
-3.061616997868382402e-17,1.000000000000000000e+00,5.302876193624534574e-17,0.000000000000000000e+00,4.999999999999999445e-01,6.123233995736766036e-17,-8.660254037844387076e-01,-1.010000000000000009e+00,-8.660254037844387076e-01,0.000000000000000000e+00,-4.999999999999999445e-01,1.500000000000000118e-02,0.000000000000000000e+00,0.000000000000000000e+00,0.000000000000000000e+00,1.000000000000000000e+00
-3.061616997868382402e-17,1.000000000000000000e+00,5.302876193624534574e-17,0.000000000000000000e+00,4.999999999999999445e-01,6.123233995736766036e-17,-8.660254037844387076e-01,-1.010000000000000009e+00,-8.660254037844387076e-01,0.000000000000000000e+00,-4.999999999999999445e-01,1.500000000000000118e-02,0.000000000000000000e+00,0.000000000000000000e+00,0.000000000000000000e+00,1.000000000000000000e+00
-3.061616997868382402e-17,1.000000000000000000e+00,5.302876193624534574e-17,0.000000000000000000e+00,4.999999999999999445e-01,6.123233995736766036e-17,-8.660254037844387076e-01,-1.010000000000000009e+00,-8.660254037844387076e-01,0.000000000000000000e+00,-4.999999999999999445e-01,1.500000000000000118e-02,0.000000000000000000e+00,0.000000000000000000e+00,0.000000000000000000e+00,1.000000000000000000e+00
-3.061616997868382402e-17,1.000000000000000000e+00,5.302876193624534574e-17,0.000000000000000000e+00,4.999999999999999445e-01,6.123233995736766036e-17,-8.660254037844387076e-01,-1.010000000000000009e+00,-8.660254037844387076e-01,0.000000000000000000e+00,-4.999999999999999445e-01,1.500000000000000118e-02,0.000000000000000000e+00,0.000000000000000000e+00,0.000000000000000000e+00,1.000000000000000000e+00
-3.061616997868382402e-17,1.000000000000000000e+00,5.302876193624534574e-17,0.000000000000000000e+00,4.999999999999999445e-01,6.123233995736766036e-17,-8.660254037844387076e-01,-1.010000000000000009e+00,-8.660254037844387076e-01,0.000000000000000000e+00,-4.999999999999999445e-01,1.500000000000000118e-02,0.000000000000000000e+00,0.000000000000000000e+00,0.000000000000000000e+00,1.000000000000000000e+00
-3.061616997868382402e-17,1.000000000000000000e+00,5.302876193624534574e-17,0.000000000000000000e+00,4.999999999999999445e-01,6.123233995736766036e-17,-8.660254037844387076e-01,-1.010000000000000009e+00,-8.660254037844387076e-01,0.000000000000000000e+00,-4.999999999999999445e-01,1.500000000000000118e-02,0.000000000000000000e+00,0.000000000000000000e+00,0.000000000000000000e+00,1.000000000000000000e+00
-3.061616997868382402e-17,1.000000000000000000e+00,5.302876193624534574e-17,0.000000000000000000e+00,4.999999999999999445e-01,6.123233995736766036e-17,-8.660254037844387076e-01,-1.010000000000000009e+00,-8.660254037844387076e-01,0.000000000000000000e+00,-4.999999999999999445e-01,1.500000000000000118e-02,0.000000000000000000e+00,0.000000000000000000e+00,0.000000000000000000e+00,1.000000000000000000e+00
-3.061616997868382402e-17,1.000000000000000000e+00,5.302876193624534574e-17,0.000000000000000000e+00,4.999999999999999445e-01,6.123233995736766036e-17,-8.660254037844387076e-01,-1.010000000000000009e+00,-8.660254037844387076e-01,0.000000000000000000e+00,-4.999999999999999445e-01,1.500000000000000118e-02,0.000000000000000000e+00,0.000000000000000000e+00,0.000000000000000000e+00,1.000000000000000000e+00
-3.061616997868382402e-17,1.000000000000000000e+00,5.302876193624534574e-17,0.000000000000000000e+00,4.999999999999999445e-01,6.123233995736766036e-17,-8.660254037844387076e-01,-1.010000000000000009e+00,-8.660254037844387076e-01,0.000000000000000000e+00,-4.999999999999999445e-01,1.500000000000000118e-02,0.000000000000000000e+00,0.000000000000000000e+00,0.000000000000000000e+00,1.000000000000000000e+00
-3.061616997868382402e-17,1.000000000000000000e+00,5.302876193624534574e-17,0.000000000000000000e+00,4.999999999999999445e-01,6.123233995736766036e-17,-8.660254037844387076e-01,-1.010000000000000009e+00,-8.660254037844387076e-01,0.000000000000000000e+00,-4.999999999999999445e-01,1.500000000000000118e-02,0.000000000000000000e+00,0.000000000000000000e+00,0.000000000000000000e+00,1.000000000000000000e+00
-3.061616997868382402e-17,1.000000000000000000e+00,5.302876193624534574e-17,0.000000000000000000e+00,4.999999999999999445e-01,6.123233995736766036e-17,-8.660254037844387076e-01,-1.010000000000000009e+00,-8.660254037844387076e-01,0.000000000000000000e+00,-4.999999999999999445e-01,1.500000000000000118e-02,0.000000000000000000e+00,0.000000000000000000e+00,0.000000000000000000e+00,1.000000000000000000e+00
-3.061616997868382402e-17,1.000000000000000000e+00,5.302876193624534574e-17,0.000000000000000000e+00,4.999999999999999445e-01,6.123233995736766036e-17,-8.660254037844387076e-01,-1.010000000000000009e+00,-8.660254037844387076e-01,0.000000000000000000e+00,-4.999999999999999445e-01,1.500000000000000118e-02,0.000000000000000000e+00,0.000000000000000000e+00,0.000000000000000000e+00,1.000000000000000000e+00
-3.061616997868382402e-17,1.000000000000000000e+00,5.302876193624534574e-17,0.000000000000000000e+00,4.999999999999999445e-01,6.123233995736766036e-17,-8.660254037844387076e-01,-1.010000000000000009e+00,-8.660254037844387076e-01,0.000000000000000000e+00,-4.999999999999999445e-01,1.500000000000000118e-02,0.000000000000000000e+00,0.000000000000000000e+00,0.000000000000000000e+00,1.000000000000000000e+00
-3.061616997868382402e-17,1.000000000000000000e+00,5.302876193624534574e-17,0.000000000000000000e+00,4.999999999999999445e-01,6.123233995736766036e-17,-8.660254037844387076e-01,-1.010000000000000009e+00,-8.660254037844387076e-01,0.000000000000000000e+00,-4.999999999999999445e-01,1.500000000000000118e-02,0.000000000000000000e+00,0.000000000000000000e+00,0.000000000000000000e+00,1.000000000000000000e+00
-3.061616997868382402e-17,1.000000000000000000e+00,5.302876193624534574e-17,0.000000000000000000e+00,4.999999999999999445e-01,6.123233995736766036e-17,-8.660254037844387076e-01,-1.010000000000000009e+00,-8.660254037844387076e-01,0.000000000000000000e+00,-4.999999999999999445e-01,1.500000000000000118e-02,0.000000000000000000e+00,0.000000000000000000e+00,0.000000000000000000e+00,1.000000000000000000e+00
-3.061616997868382402e-17,1.000000000000000000e+00,5.302876193624534574e-17,0.000000000000000000e+00,4.999999999999999445e-01,6.123233995736766036e-17,-8.660254037844387076e-01,-1.010000000000000009e+00,-8.660254037844387076e-01,0.000000000000000000e+00,-4.999999999999999445e-01,1.500000000000000118e-02,0.000000000000000000e+00,0.000000000000000000e+00,0.000000000000000000e+00,1.000000000000000000e+00
-3.061616997868382402e-17,1.000000000000000000e+00,5.302876193624534574e-17,0.000000000000000000e+00,4.999999999999999445e-01,6.123233995736766036e-17,-8.660254037844387076e-01,-1.010000000000000009e+00,-8.660254037844387076e-01,0.000000000000000000e+00,-4.999999999999999445e-01,1.500000000000000118e-02,0.000000000000000000e+00,0.000000000000000000e+00,0.000000000000000000e+00,1.000000000000000000e+00
-3.061616997868382402e-17,1.000000000000000000e+00,5.302876193624534574e-17,0.000000000000000000e+00,4.999999999999999445e-01,6.123233995736766036e-17,-8.660254037844387076e-01,-1.010000000000000009e+00,-8.660254037844387076e-01,0.000000000000000000e+00,-4.999999999999999445e-01,1.500000000000000118e-02,0.000000000000000000e+00,0.000000000000000000e+00,0.000000000000000000e+00,1.000000000000000000e+00
-3.061616997868382402e-17,1.000000000000000000e+00,5.302876193624534574e-17,0.000000000000000000e+00,4.999999999999999445e-01,6.123233995736766036e-17,-8.660254037844387076e-01,-1.010000000000000009e+00,-8.660254037844387076e-01,0.000000000000000000e+00,-4.999999999999999445e-01,1.500000000000000118e-02,0.000000000000000000e+00,0.000000000000000000e+00,0.000000000000000000e+00,1.000000000000000000e+00
-3.061616997868382402e-17,1.000000000000000000e+00,5.302876193624534574e-17,0.000000000000000000e+00,4.999999999999999445e-01,6.123233995736766036e-17,-8.660254037844387076e-01,-1.010000000000000009e+00,-8.660254037844387076e-01,0.000000000000000000e+00,-4.999999999999999445e-01,1.500000000000000118e-02,0.000000000000000000e+00,0.000000000000000000e+00,0.000000000000000000e+00,1.000000000000000000e+00
-3.061616997868382402e-17,1.000000000000000000e+00,5.302876193624534574e-17,0.000000000000000000e+00,4.999999999999999445e-01,6.123233995736766036e-17,-8.660254037844387076e-01,-1.010000000000000009e+00,-8.660254037844387076e-01,0.000000000000000000e+00,-4.999999999999999445e-01,1.500000000000000118e-02,0.000000000000000000e+00,0.000000000000000000e+00,0.000000000000000000e+00,1.000000000000000000e+00
-3.061616997868382402e-17,1.000000000000000000e+00,5.302876193624534574e-17,0.000000000000000000e+00,4.999999999999999445e-01,6.123233995736766036e-17,-8.660254037844387076e-01,-1.010000000000000009e+00,-8.660254037844387076e-01,0.000000000000000000e+00,-4.999999999999999445e-01,1.500000000000000118e-02,0.000000000000000000e+00,0.000000000000000000e+00,0.000000000000000000e+00,1.000000000000000000e+00
-3.061616997868382402e-17,1.000000000000000000e+00,5.302876193624534574e-17,0.000000000000000000e+00,4.999999999999999445e-01,6.123233995736766036e-17,-8.660254037844387076e-01,-1.010000000000000009e+00,-8.660254037844387076e-01,0.000000000000000000e+00,-4.999999999999999445e-01,1.500000000000000118e-02,0.000000000000000000e+00,0.000000000000000000e+00,0.000000000000000000e+00,1.000000000000000000e+00
-3.061616997868382402e-17,1.000000000000000000e+00,5.302876193624534574e-17,0.000000000000000000e+00,4.999999999999999445e-01,6.123233995736766036e-17,-8.660254037844387076e-01,-1.010000000000000009e+00,-8.660254037844387076e-01,0.000000000000000000e+00,-4.999999999999999445e-01,1.500000000000000118e-02,0.000000000000000000e+00,0.000000000000000000e+00,0.000000000000000000e+00,1.000000000000000000e+00
-3.061616997868382402e-17,1.000000000000000000e+00,5.302876193624534574e-17,0.000000000000000000e+00,4.999999999999999445e-01,6.123233995736766036e-17,-8.660254037844387076e-01,-1.010000000000000009e+00,-8.660254037844387076e-01,0.000000000000000000e+00,-4.999999999999999445e-01,1.500000000000000118e-02,0.000000000000000000e+00,0.000000000000000000e+00,0.000000000000000000e+00,1.000000000000000000e+00
-3.061616997868382402e-17,1.000000000000000000e+00,5.302876193624534574e-17,0.000000000000000000e+00,4.999999999999999445e-01,6.123233995736766036e-17,-8.660254037844387076e-01,-1.010000000000000009e+00,-8.660254037844387076e-01,0.000000000000000000e+00,-4.999999999999999445e-01,1.500000000000000118e-02,0.000000000000000000e+00,0.000000000000000000e+00,0.000000000000000000e+00,1.000000000000000000e+00
-3.061616997868382402e-17,1.000000000000000000e+00,5.302876193624534574e-17,0.000000000000000000e+00,4.999999999999999445e-01,6.123233995736766036e-17,-8.660254037844387076e-01,-1.010000000000000009e+00,-8.660254037844387076e-01,0.000000000000000000e+00,-4.999999999999999445e-01,1.500000000000000118e-02,0.000000000000000000e+00,0.000000000000000000e+00,0.000000000000000000e+00,1.000000000000000000e+00
-3.061616997868382402e-17,1.000000000000000000e+00,5.302876193624534574e-17,0.000000000000000000e+00,4.999999999999999445e-01,6.123233995736766036e-17,-8.660254037844387076e-01,-1.010000000000000009e+00,-8.660254037844387076e-01,0.000000000000000000e+00,-4.999999999999999445e-01,1.500000000000000118e-02,0.000000000000000000e+00,0.000000000000000000e+00,0.000000000000000000e+00,1.000000000000000000e+00
-3.061616997868382402e-17,1.000000000000000000e+00,5.302876193624534574e-17,0.000000000000000000e+00,4.999999999999999445e-01,6.123233995736766036e-17,-8.660254037844387076e-01,-1.010000000000000009e+00,-8.660254037844387076e-01,0.000000000000000000e+00,-4.999999999999999445e-01,1.500000000000000118e-02,0.000000000000000000e+00,0.000000000000000000e+00,0.000000000000000000e+00,1.000000000000000000e+00
-3.061616997868382402e-17,1.000000000000000000e+00,5.302876193624534574e-17,0.000000000000000000e+00,4.999999999999999445e-01,6.123233995736766036e-17,-8.660254037844387076e-01,-1.010000000000000009e+00,-8.660254037844387076e-01,0.000000000000000000e+00,-4.999999999999999445e-01,1.500000000000000118e-02,0.000000000000000000e+00,0.000000000000000000e+00,0.000000000000000000e+00,1.000000000000000000e+00
-3.061616997868382402e-17,1.000000000000000000e+00,5.302876193624534574e-17,0.000000000000000000e+00,4.999999999999999445e-01,6.123233995736766036e-17,-8.660254037844387076e-01,-1.010000000000000009e+00,-8.660254037844387076e-01,0.000000000000000000e+00,-4.999999999999999445e-01,1.500000000000000118e-02,0.000000000000000000e+00,0.000000000000000000e+00,0.000000000000000000e+00,1.000000000000000000e+00
-3.061616997868382402e-17,1.000000000000000000e+00,5.302876193624534574e-17,0.000000000000000000e+00,4.999999999999999445e-01,6.123233995736766036e-17,-8.660254037844387076e-01,-1.010000000000000009e+00,-8.660254037844387076e-01,0.000000000000000000e+00,-4.999999999999999445e-01,1.500000000000000118e-02,0.000000000000000000e+00,0.000000000000000000e+00,0.000000000000000000e+00,1.000000000000000000e+00
-3.061616997868382402e-17,1.000000000000000000e+00,5.302876193624534574e-17,0.000000000000000000e+00,4.999999999999999445e-01,6.123233995736766036e-17,-8.660254037844387076e-01,-1.010000000000000009e+00,-8.660254037844387076e-01,0.000000000000000000e+00,-4.999999999999999445e-01,1.500000000000000118e-02,0.000000000000000000e+00,0.000000000000000000e+00,0.000000000000000000e+00,1.000000000000000000e+00
-3.061616997868382402e-17,1.000000000000000000e+00,5.302876193624534574e-17,0.000000000000000000e+00,4.999999999999999445e-01,6.123233995736766036e-17,-8.660254037844387076e-01,-1.010000000000000009e+00,-8.660254037844387076e-01,0.000000000000000000e+00,-4.999999999999999445e-01,1.500000000000000118e-02,0.000000000000000000e+00,0.000000000000000000e+00,0.000000000000000000e+00,1.000000000000000000e+00
-3.061616997868382402e-17,1.000000000000000000e+00,5.302876193624534574e-17,0.000000000000000000e+00,4.999999999999999445e-01,6.123233995736766036e-17,-8.660254037844387076e-01,-1.010000000000000009e+00,-8.660254037844387076e-01,0.000000000000000000e+00,-4.999999999999999445e-01,1.500000000000000118e-02,0.000000000000000000e+00,0.000000000000000000e+00,0.000000000000000000e+00,1.000000000000000000e+00
-3.061616997868382402e-17,1.000000000000000000e+00,5.302876193624534574e-17,0.000000000000000000e+00,4.999999999999999445e-01,6.123233995736766036e-17,-8.660254037844387076e-01,-1.010000000000000009e+00,-8.660254037844387076e-01,0.000000000000000000e+00,-4.999999999999999445e-01,1.500000000000000118e-02,0.000000000000000000e+00,0.000000000000000000e+00,0.000000000000000000e+00,1.000000000000000000e+00
-3.061616997868382402e-17,1.000000000000000000e+00,5.302876193624534574e-17,0.000000000000000000e+00,4.999999999999999445e-01,6.123233995736766036e-17,-8.660254037844387076e-01,-1.010000000000000009e+00,-8.660254037844387076e-01,0.000000000000000000e+00,-4.999999999999999445e-01,1.500000000000000118e-02,0.000000000000000000e+00,0.000000000000000000e+00,0.000000000000000000e+00,1.000000000000000000e+00
-3.061616997868382402e-17,1.000000000000000000e+00,5.302876193624534574e-17,0.000000000000000000e+00,4.999999999999999445e-01,6.123233995736766036e-17,-8.660254037844387076e-01,-1.010000000000000009e+00,-8.660254037844387076e-01,0.000000000000000000e+00,-4.999999999999999445e-01,1.500000000000000118e-02,0.000000000000000000e+00,0.000000000000000000e+00,0.000000000000000000e+00,1.000000000000000000e+00
-3.061616997868382402e-17,1.000000000000000000e+00,5.302876193624534574e-17,0.000000000000000000e+00,4.999999999999999445e-01,6.123233995736766036e-17,-8.660254037844387076e-01,-1.010000000000000009e+00,-8.660254037844387076e-01,0.000000000000000000e+00,-4.999999999999999445e-01,1.500000000000000118e-02,0.000000000000000000e+00,0.000000000000000000e+00,0.000000000000000000e+00,1.000000000000000000e+00
-3.061616997868382402e-17,1.000000000000000000e+00,5.302876193624534574e-17,0.000000000000000000e+00,4.999999999999999445e-01,6.123233995736766036e-17,-8.660254037844387076e-01,-1.010000000000000009e+00,-8.660254037844387076e-01,0.000000000000000000e+00,-4.999999999999999445e-01,1.500000000000000118e-02,0.000000000000000000e+00,0.000000000000000000e+00,0.000000000000000000e+00,1.000000000000000000e+00
-3.061616997868382402e-17,1.000000000000000000e+00,5.302876193624534574e-17,0.000000000000000000e+00,4.999999999999999445e-01,6.123233995736766036e-17,-8.660254037844387076e-01,-1.010000000000000009e+00,-8.660254037844387076e-01,0.000000000000000000e+00,-4.999999999999999445e-01,1.500000000000000118e-02,0.000000000000000000e+00,0.000000000000000000e+00,0.000000000000000000e+00,1.000000000000000000e+00
-3.061616997868382402e-17,1.000000000000000000e+00,5.302876193624534574e-17,0.000000000000000000e+00,4.999999999999999445e-01,6.123233995736766036e-17,-8.660254037844387076e-01,-1.010000000000000009e+00,-8.660254037844387076e-01,0.000000000000000000e+00,-4.999999999999999445e-01,1.500000000000000118e-02,0.000000000000000000e+00,0.000000000000000000e+00,0.000000000000000000e+00,1.000000000000000000e+00
-3.061616997868382402e-17,1.000000000000000000e+00,5.302876193624534574e-17,0.000000000000000000e+00,4.999999999999999445e-01,6.123233995736766036e-17,-8.660254037844387076e-01,-1.010000000000000009e+00,-8.660254037844387076e-01,0.000000000000000000e+00,-4.999999999999999445e-01,1.500000000000000118e-02,0.000000000000000000e+00,0.000000000000000000e+00,0.000000000000000000e+00,1.000000000000000000e+00
-3.061616997868382402e-17,1.000000000000000000e+00,5.302876193624534574e-17,0.000000000000000000e+00,4.999999999999999445e-01,6.123233995736766036e-17,-8.660254037844387076e-01,-1.010000000000000009e+00,-8.660254037844387076e-01,0.000000000000000000e+00,-4.999999999999999445e-01,1.500000000000000118e-02,0.000000000000000000e+00,0.000000000000000000e+00,0.000000000000000000e+00,1.000000000000000000e+00
-3.061616997868382402e-17,1.000000000000000000e+00,5.302876193624534574e-17,0.000000000000000000e+00,4.999999999999999445e-01,6.123233995736766036e-17,-8.660254037844387076e-01,-1.010000000000000009e+00,-8.660254037844387076e-01,0.000000000000000000e+00,-4.999999999999999445e-01,1.500000000000000118e-02,0.000000000000000000e+00,0.000000000000000000e+00,0.000000000000000000e+00,1.000000000000000000e+00
-3.061616997868382402e-17,1.000000000000000000e+00,5.302876193624534574e-17,0.000000000000000000e+00,4.999999999999999445e-01,6.123233995736766036e-17,-8.660254037844387076e-01,-1.010000000000000009e+00,-8.660254037844387076e-01,0.000000000000000000e+00,-4.999999999999999445e-01,1.500000000000000118e-02,0.000000000000000000e+00,0.000000000000000000e+00,0.000000000000000000e+00,1.000000000000000000e+00
-3.061616997868382402e-17,1.000000000000000000e+00,5.302876193624534574e-17,0.000000000000000000e+00,4.999999999999999445e-01,6.123233995736766036e-17,-8.660254037844387076e-01,-1.010000000000000009e+00,-8.660254037844387076e-01,0.000000000000000000e+00,-4.999999999999999445e-01,1.500000000000000118e-02,0.000000000000000000e+00,0.000000000000000000e+00,0.000000000000000000e+00,1.000000000000000000e+00
-3.061616997868382402e-17,1.000000000000000000e+00,5.302876193624534574e-17,0.000000000000000000e+00,4.999999999999999445e-01,6.123233995736766036e-17,-8.660254037844387076e-01,-1.010000000000000009e+00,-8.660254037844387076e-01,0.000000000000000000e+00,-4.999999999999999445e-01,1.500000000000000118e-02,0.000000000000000000e+00,0.000000000000000000e+00,0.000000000000000000e+00,1.000000000000000000e+00
-3.061616997868382402e-17,1.000000000000000000e+00,5.302876193624534574e-17,0.000000000000000000e+00,4.999999999999999445e-01,6.123233995736766036e-17,-8.660254037844387076e-01,-1.010000000000000009e+00,-8.660254037844387076e-01,0.000000000000000000e+00,-4.999999999999999445e-01,1.500000000000000118e-02,0.000000000000000000e+00,0.000000000000000000e+00,0.000000000000000000e+00,1.000000000000000000e+00
-3.061616997868382402e-17,1.000000000000000000e+00,5.302876193624534574e-17,0.000000000000000000e+00,4.999999999999999445e-01,6.123233995736766036e-17,-8.660254037844387076e-01,-1.010000000000000009e+00,-8.660254037844387076e-01,0.000000000000000000e+00,-4.999999999999999445e-01,1.500000000000000118e-02,0.000000000000000000e+00,0.000000000000000000e+00,0.000000000000000000e+00,1.000000000000000000e+00
-3.061616997868382402e-17,1.000000000000000000e+00,5.302876193624534574e-17,0.000000000000000000e+00,4.999999999999999445e-01,6.123233995736766036e-17,-8.660254037844387076e-01,-1.010000000000000009e+00,-8.660254037844387076e-01,0.000000000000000000e+00,-4.999999999999999445e-01,1.500000000000000118e-02,0.000000000000000000e+00,0.000000000000000000e+00,0.000000000000000000e+00,1.000000000000000000e+00
-3.061616997868382402e-17,1.000000000000000000e+00,5.302876193624534574e-17,0.000000000000000000e+00,4.999999999999999445e-01,6.123233995736766036e-17,-8.660254037844387076e-01,-1.010000000000000009e+00,-8.660254037844387076e-01,0.000000000000000000e+00,-4.999999999999999445e-01,1.500000000000000118e-02,0.000000000000000000e+00,0.000000000000000000e+00,0.000000000000000000e+00,1.000000000000000000e+00
-3.061616997868382402e-17,1.000000000000000000e+00,5.302876193624534574e-17,0.000000000000000000e+00,4.999999999999999445e-01,6.123233995736766036e-17,-8.660254037844387076e-01,-1.010000000000000009e+00,-8.660254037844387076e-01,0.000000000000000000e+00,-4.999999999999999445e-01,1.500000000000000118e-02,0.000000000000000000e+00,0.000000000000000000e+00,0.000000000000000000e+00,1.000000000000000000e+00
-3.061616997868382402e-17,1.000000000000000000e+00,5.302876193624534574e-17,0.000000000000000000e+00,4.999999999999999445e-01,6.123233995736766036e-17,-8.660254037844387076e-01,-1.010000000000000009e+00,-8.660254037844387076e-01,0.000000000000000000e+00,-4.999999999999999445e-01,1.500000000000000118e-02,0.000000000000000000e+00,0.000000000000000000e+00,0.000000000000000000e+00,1.000000000000000000e+00
-3.061616997868382402e-17,1.000000000000000000e+00,5.302876193624534574e-17,0.000000000000000000e+00,4.999999999999999445e-01,6.123233995736766036e-17,-8.660254037844387076e-01,-1.010000000000000009e+00,-8.660254037844387076e-01,0.000000000000000000e+00,-4.999999999999999445e-01,1.500000000000000118e-02,0.000000000000000000e+00,0.000000000000000000e+00,0.000000000000000000e+00,1.000000000000000000e+00
-3.061616997868382402e-17,1.000000000000000000e+00,5.302876193624534574e-17,0.000000000000000000e+00,4.999999999999999445e-01,6.123233995736766036e-17,-8.660254037844387076e-01,-1.010000000000000009e+00,-8.660254037844387076e-01,0.000000000000000000e+00,-4.999999999999999445e-01,1.500000000000000118e-02,0.000000000000000000e+00,0.000000000000000000e+00,0.000000000000000000e+00,1.000000000000000000e+00
-3.061616997868382402e-17,1.000000000000000000e+00,5.302876193624534574e-17,0.000000000000000000e+00,4.999999999999999445e-01,6.123233995736766036e-17,-8.660254037844387076e-01,-1.010000000000000009e+00,-8.660254037844387076e-01,0.000000000000000000e+00,-4.999999999999999445e-01,1.500000000000000118e-02,0.000000000000000000e+00,0.000000000000000000e+00,0.000000000000000000e+00,1.000000000000000000e+00
-3.061616997868382402e-17,1.000000000000000000e+00,5.302876193624534574e-17,0.000000000000000000e+00,4.999999999999999445e-01,6.123233995736766036e-17,-8.660254037844387076e-01,-1.010000000000000009e+00,-8.660254037844387076e-01,0.000000000000000000e+00,-4.999999999999999445e-01,1.500000000000000118e-02,0.000000000000000000e+00,0.000000000000000000e+00,0.000000000000000000e+00,1.000000000000000000e+00
-3.061616997868382402e-17,1.000000000000000000e+00,5.302876193624534574e-17,0.000000000000000000e+00,4.999999999999999445e-01,6.123233995736766036e-17,-8.660254037844387076e-01,-1.010000000000000009e+00,-8.660254037844387076e-01,0.000000000000000000e+00,-4.999999999999999445e-01,1.500000000000000118e-02,0.000000000000000000e+00,0.000000000000000000e+00,0.000000000000000000e+00,1.000000000000000000e+00
-3.061616997868382402e-17,1.000000000000000000e+00,5.302876193624534574e-17,0.000000000000000000e+00,4.999999999999999445e-01,6.123233995736766036e-17,-8.660254037844387076e-01,-1.010000000000000009e+00,-8.660254037844387076e-01,0.000000000000000000e+00,-4.999999999999999445e-01,1.500000000000000118e-02,0.000000000000000000e+00,0.000000000000000000e+00,0.000000000000000000e+00,1.000000000000000000e+00
-3.061616997868382402e-17,1.000000000000000000e+00,5.302876193624534574e-17,0.000000000000000000e+00,4.999999999999999445e-01,6.123233995736766036e-17,-8.660254037844387076e-01,-1.010000000000000009e+00,-8.660254037844387076e-01,0.000000000000000000e+00,-4.999999999999999445e-01,1.500000000000000118e-02,0.000000000000000000e+00,0.000000000000000000e+00,0.000000000000000000e+00,1.000000000000000000e+00
-3.061616997868382402e-17,1.000000000000000000e+00,5.302876193624534574e-17,0.000000000000000000e+00,4.999999999999999445e-01,6.123233995736766036e-17,-8.660254037844387076e-01,-1.010000000000000009e+00,-8.660254037844387076e-01,0.000000000000000000e+00,-4.999999999999999445e-01,1.500000000000000118e-02,0.000000000000000000e+00,0.000000000000000000e+00,0.000000000000000000e+00,1.000000000000000000e+00
-3.061616997868382402e-17,1.000000000000000000e+00,5.302876193624534574e-17,0.000000000000000000e+00,4.999999999999999445e-01,6.123233995736766036e-17,-8.660254037844387076e-01,-1.010000000000000009e+00,-8.660254037844387076e-01,0.000000000000000000e+00,-4.999999999999999445e-01,1.500000000000000118e-02,0.000000000000000000e+00,0.000000000000000000e+00,0.000000000000000000e+00,1.000000000000000000e+00
-3.061616997868382402e-17,1.000000000000000000e+00,5.302876193624534574e-17,0.000000000000000000e+00,4.999999999999999445e-01,6.123233995736766036e-17,-8.660254037844387076e-01,-1.010000000000000009e+00,-8.660254037844387076e-01,0.000000000000000000e+00,-4.999999999999999445e-01,1.500000000000000118e-02,0.000000000000000000e+00,0.000000000000000000e+00,0.000000000000000000e+00,1.000000000000000000e+00
-3.061616997868382402e-17,1.000000000000000000e+00,5.302876193624534574e-17,0.000000000000000000e+00,4.999999999999999445e-01,6.123233995736766036e-17,-8.660254037844387076e-01,-1.010000000000000009e+00,-8.660254037844387076e-01,0.000000000000000000e+00,-4.999999999999999445e-01,1.500000000000000118e-02,0.000000000000000000e+00,0.000000000000000000e+00,0.000000000000000000e+00,1.000000000000000000e+00
-3.061616997868382402e-17,1.000000000000000000e+00,5.302876193624534574e-17,0.000000000000000000e+00,4.999999999999999445e-01,6.123233995736766036e-17,-8.660254037844387076e-01,-1.010000000000000009e+00,-8.660254037844387076e-01,0.000000000000000000e+00,-4.999999999999999445e-01,1.500000000000000118e-02,0.000000000000000000e+00,0.000000000000000000e+00,0.000000000000000000e+00,1.000000000000000000e+00
-3.061616997868382402e-17,1.000000000000000000e+00,5.302876193624534574e-17,0.000000000000000000e+00,4.999999999999999445e-01,6.123233995736766036e-17,-8.660254037844387076e-01,-1.010000000000000009e+00,-8.660254037844387076e-01,0.000000000000000000e+00,-4.999999999999999445e-01,1.500000000000000118e-02,0.000000000000000000e+00,0.000000000000000000e+00,0.000000000000000000e+00,1.000000000000000000e+00
-3.061616997868382402e-17,1.000000000000000000e+00,5.302876193624534574e-17,0.000000000000000000e+00,4.999999999999999445e-01,6.123233995736766036e-17,-8.660254037844387076e-01,-1.010000000000000009e+00,-8.660254037844387076e-01,0.000000000000000000e+00,-4.999999999999999445e-01,1.500000000000000118e-02,0.000000000000000000e+00,0.000000000000000000e+00,0.000000000000000000e+00,1.000000000000000000e+00
-3.061616997868382402e-17,1.000000000000000000e+00,5.302876193624534574e-17,0.000000000000000000e+00,4.999999999999999445e-01,6.123233995736766036e-17,-8.660254037844387076e-01,-1.010000000000000009e+00,-8.660254037844387076e-01,0.000000000000000000e+00,-4.999999999999999445e-01,1.500000000000000118e-02,0.000000000000000000e+00,0.000000000000000000e+00,0.000000000000000000e+00,1.000000000000000000e+00
-3.061616997868382402e-17,1.000000000000000000e+00,5.302876193624534574e-17,0.000000000000000000e+00,4.999999999999999445e-01,6.123233995736766036e-17,-8.660254037844387076e-01,-1.010000000000000009e+00,-8.660254037844387076e-01,0.000000000000000000e+00,-4.999999999999999445e-01,1.500000000000000118e-02,0.000000000000000000e+00,0.000000000000000000e+00,0.000000000000000000e+00,1.000000000000000000e+00
-3.061616997868382402e-17,1.000000000000000000e+00,5.302876193624534574e-17,0.000000000000000000e+00,4.999999999999999445e-01,6.123233995736766036e-17,-8.660254037844387076e-01,-1.010000000000000009e+00,-8.660254037844387076e-01,0.000000000000000000e+00,-4.999999999999999445e-01,1.500000000000000118e-02,0.000000000000000000e+00,0.000000000000000000e+00,0.000000000000000000e+00,1.000000000000000000e+00
-3.061616997868382402e-17,1.000000000000000000e+00,5.302876193624534574e-17,0.000000000000000000e+00,4.999999999999999445e-01,6.123233995736766036e-17,-8.660254037844387076e-01,-1.010000000000000009e+00,-8.660254037844387076e-01,0.000000000000000000e+00,-4.999999999999999445e-01,1.500000000000000118e-02,0.000000000000000000e+00,0.000000000000000000e+00,0.000000000000000000e+00,1.000000000000000000e+00
-3.061616997868382402e-17,1.000000000000000000e+00,5.302876193624534574e-17,0.000000000000000000e+00,4.999999999999999445e-01,6.123233995736766036e-17,-8.660254037844387076e-01,-1.010000000000000009e+00,-8.660254037844387076e-01,0.000000000000000000e+00,-4.999999999999999445e-01,1.500000000000000118e-02,0.000000000000000000e+00,0.000000000000000000e+00,0.000000000000000000e+00,1.000000000000000000e+00
-3.061616997868382402e-17,1.000000000000000000e+00,5.302876193624534574e-17,0.000000000000000000e+00,4.999999999999999445e-01,6.123233995736766036e-17,-8.660254037844387076e-01,-1.010000000000000009e+00,-8.660254037844387076e-01,0.000000000000000000e+00,-4.999999999999999445e-01,1.500000000000000118e-02,0.000000000000000000e+00,0.000000000000000000e+00,0.000000000000000000e+00,1.000000000000000000e+00
-3.061616997868382402e-17,1.000000000000000000e+00,5.302876193624534574e-17,0.000000000000000000e+00,4.999999999999999445e-01,6.123233995736766036e-17,-8.660254037844387076e-01,-1.010000000000000009e+00,-8.660254037844387076e-01,0.000000000000000000e+00,-4.999999999999999445e-01,1.500000000000000118e-02,0.000000000000000000e+00,0.000000000000000000e+00,0.000000000000000000e+00,1.000000000000000000e+00
-3.061616997868382402e-17,1.000000000000000000e+00,5.302876193624534574e-17,0.000000000000000000e+00,4.999999999999999445e-01,6.123233995736766036e-17,-8.660254037844387076e-01,-1.010000000000000009e+00,-8.660254037844387076e-01,0.000000000000000000e+00,-4.999999999999999445e-01,1.500000000000000118e-02,0.000000000000000000e+00,0.000000000000000000e+00,0.000000000000000000e+00,1.000000000000000000e+00
-3.061616997868382402e-17,1.000000000000000000e+00,5.302876193624534574e-17,0.000000000000000000e+00,4.999999999999999445e-01,6.123233995736766036e-17,-8.660254037844387076e-01,-1.010000000000000009e+00,-8.660254037844387076e-01,0.000000000000000000e+00,-4.999999999999999445e-01,1.500000000000000118e-02,0.000000000000000000e+00,0.000000000000000000e+00,0.000000000000000000e+00,1.000000000000000000e+00
-3.061616997868382402e-17,1.000000000000000000e+00,5.302876193624534574e-17,0.000000000000000000e+00,4.999999999999999445e-01,6.123233995736766036e-17,-8.660254037844387076e-01,-1.010000000000000009e+00,-8.660254037844387076e-01,0.000000000000000000e+00,-4.999999999999999445e-01,1.500000000000000118e-02,0.000000000000000000e+00,0.000000000000000000e+00,0.000000000000000000e+00,1.000000000000000000e+00
-3.061616997868382402e-17,1.000000000000000000e+00,5.302876193624534574e-17,0.000000000000000000e+00,4.999999999999999445e-01,6.123233995736766036e-17,-8.660254037844387076e-01,-1.010000000000000009e+00,-8.660254037844387076e-01,0.000000000000000000e+00,-4.999999999999999445e-01,1.500000000000000118e-02,0.000000000000000000e+00,0.000000000000000000e+00,0.000000000000000000e+00,1.000000000000000000e+00
-3.061616997868382402e-17,1.000000000000000000e+00,5.302876193624534574e-17,0.000000000000000000e+00,4.999999999999999445e-01,6.123233995736766036e-17,-8.660254037844387076e-01,-1.010000000000000009e+00,-8.660254037844387076e-01,0.000000000000000000e+00,-4.999999999999999445e-01,1.500000000000000118e-02,0.000000000000000000e+00,0.000000000000000000e+00,0.000000000000000000e+00,1.000000000000000000e+00
-3.061616997868382402e-17,1.000000000000000000e+00,5.302876193624534574e-17,0.000000000000000000e+00,4.999999999999999445e-01,6.123233995736766036e-17,-8.660254037844387076e-01,-1.010000000000000009e+00,-8.660254037844387076e-01,0.000000000000000000e+00,-4.999999999999999445e-01,1.500000000000000118e-02,0.000000000000000000e+00,0.000000000000000000e+00,0.000000000000000000e+00,1.000000000000000000e+00
-3.061616997868382402e-17,1.000000000000000000e+00,5.302876193624534574e-17,0.000000000000000000e+00,4.999999999999999445e-01,6.123233995736766036e-17,-8.660254037844387076e-01,-1.010000000000000009e+00,-8.660254037844387076e-01,0.000000000000000000e+00,-4.999999999999999445e-01,1.500000000000000118e-02,0.000000000000000000e+00,0.000000000000000000e+00,0.000000000000000000e+00,1.000000000000000000e+00
-3.061616997868382402e-17,1.000000000000000000e+00,5.302876193624534574e-17,0.000000000000000000e+00,4.999999999999999445e-01,6.123233995736766036e-17,-8.660254037844387076e-01,-1.010000000000000009e+00,-8.660254037844387076e-01,0.000000000000000000e+00,-4.999999999999999445e-01,1.500000000000000118e-02,0.000000000000000000e+00,0.000000000000000000e+00,0.000000000000000000e+00,1.000000000000000000e+00
-3.061616997868382402e-17,1.000000000000000000e+00,5.302876193624534574e-17,0.000000000000000000e+00,4.999999999999999445e-01,6.123233995736766036e-17,-8.660254037844387076e-01,-1.010000000000000009e+00,-8.660254037844387076e-01,0.000000000000000000e+00,-4.999999999999999445e-01,1.500000000000000118e-02,0.000000000000000000e+00,0.000000000000000000e+00,0.000000000000000000e+00,1.000000000000000000e+00
-3.061616997868382402e-17,1.000000000000000000e+00,5.302876193624534574e-17,0.000000000000000000e+00,4.999999999999999445e-01,6.123233995736766036e-17,-8.660254037844387076e-01,-1.010000000000000009e+00,-8.660254037844387076e-01,0.000000000000000000e+00,-4.999999999999999445e-01,1.500000000000000118e-02,0.000000000000000000e+00,0.000000000000000000e+00,0.000000000000000000e+00,1.000000000000000000e+00
-3.061616997868382402e-17,1.000000000000000000e+00,5.302876193624534574e-17,0.000000000000000000e+00,4.999999999999999445e-01,6.123233995736766036e-17,-8.660254037844387076e-01,-1.010000000000000009e+00,-8.660254037844387076e-01,0.000000000000000000e+00,-4.999999999999999445e-01,1.500000000000000118e-02,0.000000000000000000e+00,0.000000000000000000e+00,0.000000000000000000e+00,1.000000000000000000e+00
-3.061616997868382402e-17,1.000000000000000000e+00,5.302876193624534574e-17,0.000000000000000000e+00,4.999999999999999445e-01,6.123233995736766036e-17,-8.660254037844387076e-01,-1.010000000000000009e+00,-8.660254037844387076e-01,0.000000000000000000e+00,-4.999999999999999445e-01,1.500000000000000118e-02,0.000000000000000000e+00,0.000000000000000000e+00,0.000000000000000000e+00,1.000000000000000000e+00
-3.061616997868382402e-17,1.000000000000000000e+00,5.302876193624534574e-17,0.000000000000000000e+00,4.999999999999999445e-01,6.123233995736766036e-17,-8.660254037844387076e-01,-1.010000000000000009e+00,-8.660254037844387076e-01,0.000000000000000000e+00,-4.999999999999999445e-01,1.500000000000000118e-02,0.000000000000000000e+00,0.000000000000000000e+00,0.000000000000000000e+00,1.000000000000000000e+00
-3.061616997868382402e-17,1.000000000000000000e+00,5.302876193624534574e-17,0.000000000000000000e+00,4.999999999999999445e-01,6.123233995736766036e-17,-8.660254037844387076e-01,-1.010000000000000009e+00,-8.660254037844387076e-01,0.000000000000000000e+00,-4.999999999999999445e-01,1.500000000000000118e-02,0.000000000000000000e+00,0.000000000000000000e+00,0.000000000000000000e+00,1.000000000000000000e+00
-3.061616997868382402e-17,1.000000000000000000e+00,5.302876193624534574e-17,0.000000000000000000e+00,4.999999999999999445e-01,6.123233995736766036e-17,-8.660254037844387076e-01,-1.010000000000000009e+00,-8.660254037844387076e-01,0.000000000000000000e+00,-4.999999999999999445e-01,1.500000000000000118e-02,0.000000000000000000e+00,0.000000000000000000e+00,0.000000000000000000e+00,1.000000000000000000e+00
-3.061616997868382402e-17,1.000000000000000000e+00,5.302876193624534574e-17,0.000000000000000000e+00,4.999999999999999445e-01,6.123233995736766036e-17,-8.660254037844387076e-01,-1.010000000000000009e+00,-8.660254037844387076e-01,0.000000000000000000e+00,-4.999999999999999445e-01,1.500000000000000118e-02,0.000000000000000000e+00,0.000000000000000000e+00,0.000000000000000000e+00,1.000000000000000000e+00
-3.061616997868382402e-17,1.000000000000000000e+00,5.302876193624534574e-17,0.000000000000000000e+00,4.999999999999999445e-01,6.123233995736766036e-17,-8.660254037844387076e-01,-1.010000000000000009e+00,-8.660254037844387076e-01,0.000000000000000000e+00,-4.999999999999999445e-01,1.500000000000000118e-02,0.000000000000000000e+00,0.000000000000000000e+00,0.000000000000000000e+00,1.000000000000000000e+00
-3.061616997868382402e-17,1.000000000000000000e+00,5.302876193624534574e-17,0.000000000000000000e+00,4.999999999999999445e-01,6.123233995736766036e-17,-8.660254037844387076e-01,-1.010000000000000009e+00,-8.660254037844387076e-01,0.000000000000000000e+00,-4.999999999999999445e-01,1.500000000000000118e-02,0.000000000000000000e+00,0.000000000000000000e+00,0.000000000000000000e+00,1.000000000000000000e+00
-3.061616997868382402e-17,1.000000000000000000e+00,5.302876193624534574e-17,0.000000000000000000e+00,4.999999999999999445e-01,6.123233995736766036e-17,-8.660254037844387076e-01,-1.010000000000000009e+00,-8.660254037844387076e-01,0.000000000000000000e+00,-4.999999999999999445e-01,1.500000000000000118e-02,0.000000000000000000e+00,0.000000000000000000e+00,0.000000000000000000e+00,1.000000000000000000e+00
-3.061616997868382402e-17,1.000000000000000000e+00,5.302876193624534574e-17,0.000000000000000000e+00,4.999999999999999445e-01,6.123233995736766036e-17,-8.660254037844387076e-01,-1.010000000000000009e+00,-8.660254037844387076e-01,0.000000000000000000e+00,-4.999999999999999445e-01,1.500000000000000118e-02,0.000000000000000000e+00,0.000000000000000000e+00,0.000000000000000000e+00,1.000000000000000000e+00
-3.061616997868382402e-17,1.000000000000000000e+00,5.302876193624534574e-17,0.000000000000000000e+00,4.999999999999999445e-01,6.123233995736766036e-17,-8.660254037844387076e-01,-1.010000000000000009e+00,-8.660254037844387076e-01,0.000000000000000000e+00,-4.999999999999999445e-01,1.500000000000000118e-02,0.000000000000000000e+00,0.000000000000000000e+00,0.000000000000000000e+00,1.000000000000000000e+00
-3.061616997868382402e-17,1.000000000000000000e+00,5.302876193624534574e-17,0.000000000000000000e+00,4.999999999999999445e-01,6.123233995736766036e-17,-8.660254037844387076e-01,-1.010000000000000009e+00,-8.660254037844387076e-01,0.000000000000000000e+00,-4.999999999999999445e-01,1.500000000000000118e-02,0.000000000000000000e+00,0.000000000000000000e+00,0.000000000000000000e+00,1.000000000000000000e+00
-3.061616997868382402e-17,1.000000000000000000e+00,5.302876193624534574e-17,0.000000000000000000e+00,4.999999999999999445e-01,6.123233995736766036e-17,-8.660254037844387076e-01,-1.010000000000000009e+00,-8.660254037844387076e-01,0.000000000000000000e+00,-4.999999999999999445e-01,1.500000000000000118e-02,0.000000000000000000e+00,0.000000000000000000e+00,0.000000000000000000e+00,1.000000000000000000e+00
-3.061616997868382402e-17,1.000000000000000000e+00,5.302876193624534574e-17,0.000000000000000000e+00,4.999999999999999445e-01,6.123233995736766036e-17,-8.660254037844387076e-01,-1.010000000000000009e+00,-8.660254037844387076e-01,0.000000000000000000e+00,-4.999999999999999445e-01,1.500000000000000118e-02,0.000000000000000000e+00,0.000000000000000000e+00,0.000000000000000000e+00,1.000000000000000000e+00
-3.061616997868382402e-17,1.000000000000000000e+00,5.302876193624534574e-17,-7.351205960969346940e-38,4.999999999999999445e-01,6.123233995736766036e-17,-8.660254037844387076e-01,-1.009999898494206017e+00,-8.660254037844387076e-01,0.000000000000000000e+00,-4.999999999999999445e-01,1.500213162167176630e-02,0.000000000000000000e+00,0.000000000000000000e+00,0.000000000000000000e+00,1.000000000000000000e+00
-3.061616997868382402e-17,1.000000000000000000e+00,5.302876193624534574e-17,-5.457085578204906644e-37,4.999999999999999445e-01,6.123233995736766036e-17,-8.660254037844387076e-01,-1.009999200294471988e+00,-8.660254037844387076e-01,0.000000000000000000e+00,-4.999999999999999445e-01,1.501679381608848722e-02,0.000000000000000000e+00,0.000000000000000000e+00,0.000000000000000000e+00,1.000000000000000000e+00
-3.061616997868382402e-17,1.000000000000000000e+00,5.302876193624534574e-17,-1.999305382549011937e-36,4.999999999999999445e-01,6.123233995736766036e-17,-8.660254037844387076e-01,-1.009997342303423418e+00,-8.660254037844387076e-01,0.000000000000000000e+00,-4.999999999999999445e-01,1.505581162810860386e-02,0.000000000000000000e+00,0.000000000000000000e+00,0.000000000000000000e+00,1.000000000000000000e+00
-3.061616997868382402e-17,1.000000000000000000e+00,5.302876193624534574e-17,-4.045862693648650193e-36,4.999999999999999445e-01,6.123233995736766036e-17,-8.660254037844387076e-01,-1.009993797386207648e+00,-8.660254037844387076e-01,0.000000000000000000e+00,-4.999999999999999445e-01,1.513025488964161828e-02,0.000000000000000000e+00,0.000000000000000000e+00,0.000000000000000000e+00,1.000000000000000000e+00
-3.061616997868382402e-17,1.000000000000000000e+00,5.302876193624534574e-17,-7.711871974514332384e-36,4.999999999999999445e-01,6.123233995736766036e-17,-8.660254037844387076e-01,-1.009988073613387272e+00,-8.660254037844387076e-01,0.000000000000000000e+00,-4.999999999999999445e-01,1.525045411886806479e-02,0.000000000000000000e+00,0.000000000000000000e+00,0.000000000000000000e+00,1.000000000000000000e+00
-3.061616997868382402e-17,1.000000000000000000e+00,5.302876193624534574e-17,-1.529989958558760751e-35,4.999999999999999445e-01,6.123233995736766036e-17,-8.660254037844387076e-01,-1.009979713503835308e+00,-8.660254037844387076e-01,0.000000000000000000e+00,-4.999999999999999445e-01,1.542601641945949217e-02,0.000000000000000000e+00,0.000000000000000000e+00,0.000000000000000000e+00,1.000000000000000000e+00
-3.061616997868382402e-17,1.000000000000000000e+00,5.302876193624534574e-17,-2.103285727302902468e-35,4.999999999999999445e-01,6.123233995736766036e-17,-8.660254037844387076e-01,-1.009968293267628603e+00,-8.660254037844387076e-01,0.000000000000000000e+00,-4.999999999999999445e-01,1.566584137979843902e-02,0.000000000000000000e+00,0.000000000000000000e+00,0.000000000000000000e+00,1.000000000000000000e+00
-3.061616997868382402e-17,1.000000000000000000e+00,5.302876193624534574e-17,-3.243116693559834880e-35,4.999999999999999445e-01,6.123233995736766036e-17,-8.660254037844387076e-01,-1.009953422048943006e+00,-8.660254037844387076e-01,0.000000000000000000e+00,-4.999999999999999445e-01,1.597813697219841247e-02,0.000000000000000000e+00,0.000000000000000000e+00,0.000000000000000000e+00,1.000000000000000000e+00
-3.061616997868382402e-17,1.000000000000000000e+00,5.302876193624534574e-17,-4.217275483376506337e-35,4.999999999999999445e-01,6.123233995736766036e-17,-8.660254037844387076e-01,-1.009934741168946548e+00,-8.660254037844387076e-01,0.000000000000000000e+00,-4.999999999999999445e-01,1.637043545212386528e-02,0.000000000000000000e+00,0.000000000000000000e+00,0.000000000000000000e+00,1.000000000000000000e+00
-3.061616997868382402e-17,1.000000000000000000e+00,5.302876193624534574e-17,-6.011110860320630152e-35,4.999999999999999445e-01,6.123233995736766036e-17,-8.660254037844387076e-01,-1.009911923368694842e+00,-8.660254037844387076e-01,0.000000000000000000e+00,-4.999999999999999445e-01,1.684960925741017454e-02,0.000000000000000000e+00,0.000000000000000000e+00,0.000000000000000000e+00,1.000000000000000000e+00
-3.061616997868382402e-17,1.000000000000000000e+00,5.302876193624534574e-17,-8.167068994568894665e-35,4.999999999999999445e-01,6.123233995736766036e-17,-8.660254037844387076e-01,-1.009884672052024701e+00,-8.660254037844387076e-01,0.000000000000000000e+00,-4.999999999999999445e-01,1.742188690748362051e-02,0.000000000000000000e+00,0.000000000000000000e+00,0.000000000000000000e+00,1.000000000000000000e+00
-3.061616997868382402e-17,1.000000000000000000e+00,5.302876193624534574e-17,-9.388830621927384633e-35,4.999999999999999445e-01,6.123233995736766036e-17,-8.660254037844387076e-01,-1.009852720528448433e+00,-8.660254037844387076e-01,0.000000000000000000e+00,-4.999999999999999445e-01,1.809286890258135841e-02,0.000000000000000000e+00,0.000000000000000000e+00,0.000000000000000000e+00,1.000000000000000000e+00
-3.061616997868382402e-17,1.000000000000000000e+00,5.302876193624534574e-17,-1.153151140228208515e-34,4.999999999999999445e-01,6.123233995736766036e-17,-8.660254037844387076e-01,-1.009815831256049012e+00,-8.660254037844387076e-01,0.000000000000000000e+00,-4.999999999999999445e-01,1.886754362297140761e-02,0.000000000000000000e+00,0.000000000000000000e+00,0.000000000000000000e+00,1.000000000000000000e+00
-3.061616997868382402e-17,1.000000000000000000e+00,5.302876193624534574e-17,-1.871346668278172651e-34,4.999999999999999445e-01,6.123233995736766036e-17,-8.660254037844387076e-01,-1.009773795084372816e+00,-8.660254037844387076e-01,0.000000000000000000e+00,-4.999999999999999445e-01,1.975030322817261652e-02,0.000000000000000000e+00,0.000000000000000000e+00,0.000000000000000000e+00,1.000000000000000000e+00
-3.061616997868382402e-17,1.000000000000000000e+00,5.302876193624534574e-17,-1.644211561316432840e-34,4.999999999999999445e-01,6.123233995736766036e-17,-8.660254037844387076e-01,-1.009726430497325023e+00,-8.660254037844387076e-01,0.000000000000000000e+00,-4.999999999999999445e-01,2.074495955617464485e-02,0.000000000000000000e+00,0.000000000000000000e+00,0.000000000000000000e+00,1.000000000000000000e+00
-3.061616997868382402e-17,1.000000000000000000e+00,5.302876193624534574e-17,-2.139137679600542486e-34,4.999999999999999445e-01,6.123233995736766036e-17,-8.660254037844387076e-01,-1.009673582856063900e+00,-8.660254037844387076e-01,0.000000000000000000e+00,-4.999999999999999445e-01,2.185476002265794582e-02,0.000000000000000000e+00,0.000000000000000000e+00,0.000000000000000000e+00,1.000000000000000000e+00
-3.061616997868382402e-17,1.000000000000000000e+00,5.302876193624534574e-17,-2.465621964054242364e-34,4.999999999999999445e-01,6.123233995736766036e-17,-8.660254037844387076e-01,-1.009615123641894652e+00,-8.660254037844387076e-01,0.000000000000000000e+00,-4.999999999999999445e-01,2.308240352021374842e-02,0.000000000000000000e+00,0.000000000000000000e+00,0.000000000000000000e+00,1.000000000000000000e+00
-3.061616997868382402e-17,1.000000000000000000e+00,5.302876193624534574e-17,-3.506145804412077437e-34,4.999999999999999445e-01,6.123233995736766036e-17,-8.660254037844387076e-01,-1.009550949699163702e+00,-8.660254037844387076e-01,0.000000000000000000e+00,-4.999999999999999445e-01,2.443005631756401189e-02,0.000000000000000000e+00,0.000000000000000000e+00,0.000000000000000000e+00,1.000000000000000000e+00
-3.061616997868382402e-17,1.000000000000000000e+00,5.302876193624534574e-17,-3.900367431721818376e-34,4.999999999999999445e-01,6.123233995736766036e-17,-8.660254037844387076e-01,-1.009480982478153210e+00,-8.660254037844387076e-01,0.000000000000000000e+00,-4.999999999999999445e-01,2.589936795878142878e-02,0.000000000000000000e+00,0.000000000000000000e+00,0.000000000000000000e+00,1.000000000000000000e+00
-3.061616997868382402e-17,1.000000000000000000e+00,5.302876193624534574e-17,-4.260550814250861015e-34,4.999999999999999445e-01,6.123233995736766036e-17,-8.660254037844387076e-01,-1.009405167277975801e+00,-8.660254037844387076e-01,0.000000000000000000e+00,-4.999999999999999445e-01,2.749148716250938984e-02,0.000000000000000000e+00,0.000000000000000000e+00,0.000000000000000000e+00,1.000000000000000000e+00
-3.061616997868382402e-17,1.000000000000000000e+00,5.302876193624534574e-17,-4.578674213346219530e-34,4.999999999999999445e-01,6.123233995736766036e-17,-8.660254037844387076e-01,-1.009323472489467521e+00,-8.660254037844387076e-01,0.000000000000000000e+00,-4.999999999999999445e-01,2.920707772118195933e-02,0.000000000000000000e+00,0.000000000000000000e+00,0.000000000000000000e+00,1.000000000000000000e+00
-3.061616997868382402e-17,1.000000000000000000e+00,5.302876193624534574e-17,-4.913893963453782055e-34,4.999999999999999445e-01,6.123233995736766036e-17,-8.660254037844387076e-01,-1.009235888838083683e+00,-8.660254037844387076e-01,0.000000000000000000e+00,-4.999999999999999445e-01,3.104633440024388152e-02,0.000000000000000000e+00,0.000000000000000000e+00,0.000000000000000000e+00,1.000000000000000000e+00
-3.061616997868382402e-17,1.000000000000000000e+00,5.302876193624534574e-17,-5.856901305235066778e-34,4.999999999999999445e-01,6.123233995736766036e-17,-8.660254037844387076e-01,-1.009142428626791821e+00,-8.660254037844387076e-01,0.000000000000000000e+00,-4.999999999999999445e-01,3.300899883737050400e-02,0.000000000000000000e+00,0.000000000000000000e+00,0.000000000000000000e+00,1.000000000000000000e+00
-3.061616997868382402e-17,1.000000000000000000e+00,5.302876193624534574e-17,-5.731558290670600450e-34,4.999999999999999445e-01,6.123233995736766036e-17,-8.660254037844387076e-01,-1.009043124978967310e+00,-8.660254037844387076e-01,0.000000000000000000e+00,-4.999999999999999445e-01,3.509437544168780149e-02,0.000000000000000000e+00,0.000000000000000000e+00,0.000000000000000000e+00,1.000000000000000000e+00
-3.061616997868382402e-17,1.000000000000000000e+00,5.302876193624534574e-17,-6.701913379956215749e-34,4.999999999999999445e-01,6.123233995736766036e-17,-8.660254037844387076e-01,-1.008938031081286102e+00,-8.660254037844387076e-01,0.000000000000000000e+00,-4.999999999999999445e-01,3.730134729299234425e-02,0.000000000000000000e+00,0.000000000000000000e+00,0.000000000000000000e+00,1.000000000000000000e+00
-3.061616997868382402e-17,1.000000000000000000e+00,5.302876193624534574e-17,-8.243371229855188937e-34,4.999999999999999445e-01,6.123233995736766036e-17,-8.660254037844387076e-01,-1.008827219426620347e+00,-8.660254037844387076e-01,0.000000000000000000e+00,-4.999999999999999445e-01,3.962839204097125950e-02,0.000000000000000000e+00,0.000000000000000000e+00,0.000000000000000000e+00,1.000000000000000000e+00
-3.061616997868382402e-17,1.000000000000000000e+00,5.302876193624534574e-17,-8.448620726985379180e-34,4.999999999999999445e-01,6.123233995736766036e-17,-8.660254037844387076e-01,-1.008710781056932237e+00,-8.660254037844387076e-01,0.000000000000000000e+00,-4.999999999999999445e-01,4.207359780442222752e-02,0.000000000000000000e+00,0.000000000000000000e+00,0.000000000000000000e+00,1.000000000000000000e+00
-3.061616997868382402e-17,1.000000000000000000e+00,5.302876193624534574e-17,-1.062207637059734879e-33,4.999999999999999445e-01,6.123233995736766036e-17,-8.660254037844387076e-01,-1.008588824806167850e+00,-8.660254037844387076e-01,0.000000000000000000e+00,-4.999999999999999445e-01,4.463467907047345001e-02,0.000000000000000000e+00,0.000000000000000000e+00,0.000000000000000000e+00,1.000000000000000000e+00
-3.061616997868382402e-17,1.000000000000000000e+00,5.302876193624534574e-17,-1.003961854807795431e-33,4.999999999999999445e-01,6.123233995736766036e-17,-8.660254037844387076e-01,-1.008461476543152102e+00,-8.660254037844387076e-01,0.000000000000000000e+00,-4.999999999999999445e-01,4.730899259380360461e-02,0.000000000000000000e+00,0.000000000000000000e+00,0.000000000000000000e+00,1.000000000000000000e+00
-3.061616997868382402e-17,1.000000000000000000e+00,5.302876193624534574e-17,-9.714584146289610524e-34,4.999999999999999445e-01,6.123233995736766036e-17,-8.660254037844387076e-01,-1.008328878414482821e+00,-8.660254037844387076e-01,0.000000000000000000e+00,-4.999999999999999445e-01,5.009355329586191036e-02,0.000000000000000000e+00,0.000000000000000000e+00,0.000000000000000000e+00,1.000000000000000000e+00
-3.061616997868382402e-17,1.000000000000000000e+00,5.302876193624534574e-17,-1.523320191826642068e-33,4.999999999999999445e-01,6.123233995736766036e-17,-8.660254037844387076e-01,-1.008191188087424361e+00,-8.660254037844387076e-01,0.000000000000000000e+00,-4.999999999999999445e-01,5.298505016408797813e-02,0.000000000000000000e+00,0.000000000000000000e+00,0.000000000000000000e+00,1.000000000000000000e+00
-3.061616997868382402e-17,1.000000000000000000e+00,5.302876193624534574e-17,-1.435854004985313075e-33,4.999999999999999445e-01,6.123233995736766036e-17,-8.660254037844387076e-01,-1.008048577992803230e+00,-8.660254037844387076e-01,0.000000000000000000e+00,-4.999999999999999445e-01,5.597986215113188307e-02,0.000000000000000000e+00,0.000000000000000000e+00,0.000000000000000000e+00,1.000000000000000000e+00
-3.061616997868382402e-17,1.000000000000000000e+00,5.302876193624534574e-17,-1.523054126540976598e-33,4.999999999999999445e-01,6.123233995736766036e-17,-8.660254037844387076e-01,-1.007901234567901261e+00,-8.660254037844387076e-01,0.000000000000000000e+00,-4.999999999999999445e-01,5.907407407407409827e-02,0.000000000000000000e+00,0.000000000000000000e+00,0.000000000000000000e+00,1.000000000000000000e+00
-3.061616997868382402e-17,1.000000000000000000e+00,5.302876193624534574e-17,-1.435574014311360891e-33,4.999999999999999445e-01,6.123233995736766036e-17,-8.660254037844387076e-01,-1.007749357499350129e+00,-8.660254037844387076e-01,0.000000000000000000e+00,-4.999999999999999445e-01,6.226349251364553250e-02,0.000000000000000000e+00,0.000000000000000000e+00,0.000000000000000000e+00,1.000000000000000000e+00
-3.061616997868382402e-17,1.000000000000000000e+00,5.302876193624534574e-17,-1.395098155618211223e-33,4.999999999999999445e-01,6.123233995736766036e-17,-8.660254037844387076e-01,-1.007593158966026303e+00,-8.660254037844387076e-01,0.000000000000000000e+00,-4.999999999999999445e-01,6.554366171344737368e-02,0.000000000000000000e+00,0.000000000000000000e+00,0.000000000000000000e+00,1.000000000000000000e+00
-3.061616997868382402e-17,1.000000000000000000e+00,5.302876193624534574e-17,-1.868101278481625358e-33,4.999999999999999445e-01,6.123233995736766036e-17,-8.660254037844387076e-01,-1.007432862881944224e+00,-8.660254037844387076e-01,0.000000000000000000e+00,-4.999999999999999445e-01,6.890987947917125156e-02,0.000000000000000000e+00,0.000000000000000000e+00,0.000000000000000000e+00,1.000000000000000000e+00
-3.061616997868382402e-17,1.000000000000000000e+00,5.302876193624534574e-17,-1.936896511523041347e-33,4.999999999999999445e-01,6.123233995736766036e-17,-8.660254037844387076e-01,-1.007268704139151483e+00,-8.660254037844387076e-01,0.000000000000000000e+00,-4.999999999999999445e-01,7.235721307781901868e-02,0.000000000000000000e+00,0.000000000000000000e+00,0.000000000000000000e+00,1.000000000000000000e+00
-3.061616997868382402e-17,1.000000000000000000e+00,5.302876193624534574e-17,-2.256088018591016392e-33,4.999999999999999445e-01,6.123233995736766036e-17,-8.660254037844387076e-01,-1.007100927850622663e+00,-8.660254037844387076e-01,0.000000000000000000e+00,-4.999999999999999445e-01,7.588051513692295469e-02,0.000000000000000000e+00,0.000000000000000000e+00,0.000000000000000000e+00,1.000000000000000000e+00
-3.061616997868382402e-17,1.000000000000000000e+00,5.302876193624534574e-17,-1.865650167208139374e-33,4.999999999999999445e-01,6.123233995736766036e-17,-8.660254037844387076e-01,-1.006929788593154074e+00,-8.660254037844387076e-01,0.000000000000000000e+00,-4.999999999999999445e-01,7.947443954376547104e-02,0.000000000000000000e+00,0.000000000000000000e+00,0.000000000000000000e+00,1.000000000000000000e+00
-3.061616997868382402e-17,1.000000000000000000e+00,5.302876193624534574e-17,-2.093120099444140035e-33,4.999999999999999445e-01,6.123233995736766036e-17,-8.660254037844387076e-01,-1.006755549650257153e+00,-8.660254037844387076e-01,0.000000000000000000e+00,-4.999999999999999445e-01,8.313345734459937075e-02,0.000000000000000000e+00,0.000000000000000000e+00,0.000000000000000000e+00,1.000000000000000000e+00
-3.061616997868382402e-17,1.000000000000000000e+00,5.302876193624534574e-17,-2.438162000061758794e-33,4.999999999999999445e-01,6.123233995736766036e-17,-8.660254037844387076e-01,-1.006578482255053864e+00,-8.660254037844387076e-01,0.000000000000000000e+00,-4.999999999999999445e-01,8.685187264386756700e-02,0.000000000000000000e+00,0.000000000000000000e+00,0.000000000000000000e+00,1.000000000000000000e+00
-3.061616997868382402e-17,1.000000000000000000e+00,5.302876193624534574e-17,-2.557442240975763204e-33,4.999999999999999445e-01,6.123233995736766036e-17,-8.660254037844387076e-01,-1.006398864833170315e+00,-8.660254037844387076e-01,0.000000000000000000e+00,-4.999999999999999445e-01,9.062383850342327352e-02,0.000000000000000000e+00,0.000000000000000000e+00,0.000000000000000000e+00,1.000000000000000000e+00
-3.061616997868382402e-17,1.000000000000000000e+00,5.302876193624534574e-17,-2.722868007118892150e-33,4.999999999999999445e-01,6.123233995736766036e-17,-8.660254037844387076e-01,-1.006216982245630831e+00,-8.660254037844387076e-01,0.000000000000000000e+00,-4.999999999999999445e-01,9.444337284174993130e-02,0.000000000000000000e+00,0.000000000000000000e+00,0.000000000000000000e+00,1.000000000000000000e+00
-3.061616997868382402e-17,1.000000000000000000e+00,5.302876193624534574e-17,-2.646721589007438862e-33,4.999999999999999445e-01,6.123233995736766036e-17,-8.660254037844387076e-01,-1.006033125031753350e+00,-8.660254037844387076e-01,0.000000000000000000e+00,-4.999999999999999445e-01,9.830437433318099660e-02,0.000000000000000000e+00,0.000000000000000000e+00,0.000000000000000000e+00,1.000000000000000000e+00
-3.061616997868382402e-17,1.000000000000000000e+00,5.302876193624534574e-17,-2.785406328206377450e-33,4.999999999999999445e-01,6.123233995736766036e-17,-8.660254037844387076e-01,-1.005847588652041935e+00,-8.660254037844387076e-01,0.000000000000000000e+00,-4.999999999999999445e-01,1.022006383071201868e-01,0.000000000000000000e+00,0.000000000000000000e+00,0.000000000000000000e+00,1.000000000000000000e+00
-3.061616997868382402e-17,1.000000000000000000e+00,5.302876193624534574e-17,-2.923430406646931007e-33,4.999999999999999445e-01,6.123233995736766036e-17,-8.660254037844387076e-01,-1.005660672731082839e+00,-8.660254037844387076e-01,0.000000000000000000e+00,-4.999999999999999445e-01,1.061258726472613240e-01,0.000000000000000000e+00,0.000000000000000000e+00,0.000000000000000000e+00,1.000000000000000000e+00
-3.061616997868382402e-17,1.000000000000000000e+00,5.302876193624534574e-17,-2.872795975740530031e-33,4.999999999999999445e-01,6.123233995736766036e-17,-8.660254037844387076e-01,-1.005472680300437682e+00,-8.660254037844387076e-01,0.000000000000000000e+00,-4.999999999999999445e-01,1.100737136908082753e-01,0.000000000000000000e+00,0.000000000000000000e+00,0.000000000000000000e+00,1.000000000000000000e+00
-3.061616997868382402e-17,1.000000000000000000e+00,5.302876193624534574e-17,-2.903022908411325131e-33,4.999999999999999445e-01,6.123233995736766036e-17,-8.660254037844387076e-01,-1.005283917041538411e+00,-8.660254037844387076e-01,0.000000000000000000e+00,-4.999999999999999445e-01,1.140377421276951020e-01,0.000000000000000000e+00,0.000000000000000000e+00,0.000000000000000000e+00,1.000000000000000000e+00
-3.061616997868382402e-17,1.000000000000000000e+00,5.302876193624534574e-17,-3.491680392933242242e-33,4.999999999999999445e-01,6.123233995736766036e-17,-8.660254037844387076e-01,-1.005094690528580692e+00,-8.660254037844387076e-01,0.000000000000000000e+00,-4.999999999999999445e-01,1.180114988998058057e-01,0.000000000000000000e+00,0.000000000000000000e+00,0.000000000000000000e+00,1.000000000000000000e+00
-3.061616997868382402e-17,1.000000000000000000e+00,5.302876193624534574e-17,-3.264809194175806531e-33,4.999999999999999445e-01,6.123233995736766036e-17,-8.660254037844387076e-01,-1.004905309471419317e+00,-8.660254037844387076e-01,0.000000000000000000e+00,-4.999999999999999445e-01,1.219885011001944075e-01,0.000000000000000000e+00,0.000000000000000000e+00,0.000000000000000000e+00,1.000000000000000000e+00
-3.061616997868382402e-17,1.000000000000000000e+00,5.302876193624534574e-17,-3.801791570858863892e-33,4.999999999999999445e-01,6.123233995736766036e-17,-8.660254037844387076e-01,-1.004716082958461598e+00,-8.660254037844387076e-01,0.000000000000000000e+00,-4.999999999999999445e-01,1.259622578723051667e-01,0.000000000000000000e+00,0.000000000000000000e+00,0.000000000000000000e+00,1.000000000000000000e+00
-3.061616997868382402e-17,1.000000000000000000e+00,5.302876193624534574e-17,-3.584632802222505171e-33,4.999999999999999445e-01,6.123233995736766036e-17,-8.660254037844387076e-01,-1.004527319699562327e+00,-8.660254037844387076e-01,0.000000000000000000e+00,-4.999999999999999445e-01,1.299262863091918963e-01,0.000000000000000000e+00,0.000000000000000000e+00,0.000000000000000000e+00,1.000000000000000000e+00
-3.061616997868382402e-17,1.000000000000000000e+00,5.302876193624534574e-17,-4.218245169339564937e-33,4.999999999999999445e-01,6.123233995736766036e-17,-8.660254037844387076e-01,-1.004339327268917170e+00,-8.660254037844387076e-01,0.000000000000000000e+00,-4.999999999999999445e-01,1.338741273527389031e-01,0.000000000000000000e+00,0.000000000000000000e+00,0.000000000000000000e+00,1.000000000000000000e+00
-3.061616997868382402e-17,1.000000000000000000e+00,5.302876193624534574e-17,-3.603122305971511077e-33,4.999999999999999445e-01,6.123233995736766036e-17,-8.660254037844387076e-01,-1.004152411347958074e+00,-8.660254037844387076e-01,0.000000000000000000e+00,-4.999999999999999445e-01,1.377993616928800402e-01,0.000000000000000000e+00,0.000000000000000000e+00,0.000000000000000000e+00,1.000000000000000000e+00
-3.061616997868382402e-17,1.000000000000000000e+00,5.302876193624534574e-17,-4.477728951032770840e-33,4.999999999999999445e-01,6.123233995736766036e-17,-8.660254037844387076e-01,-1.003966874968246659e+00,-8.660254037844387076e-01,0.000000000000000000e+00,-4.999999999999999445e-01,1.416956256668192304e-01,0.000000000000000000e+00,0.000000000000000000e+00,0.000000000000000000e+00,1.000000000000000000e+00
-3.061616997868382402e-17,1.000000000000000000e+00,5.302876193624534574e-17,-4.085296687829017057e-33,4.999999999999999445e-01,6.123233995736766036e-17,-8.660254037844387076e-01,-1.003783017754368956e+00,-8.660254037844387076e-01,0.000000000000000000e+00,-4.999999999999999445e-01,1.455566271582502680e-01,0.000000000000000000e+00,0.000000000000000000e+00,0.000000000000000000e+00,1.000000000000000000e+00
-3.061616997868382402e-17,1.000000000000000000e+00,5.302876193624534574e-17,-4.601458370957020007e-33,4.999999999999999445e-01,6.123233995736766036e-17,-8.660254037844387076e-01,-1.003601135166829694e+00,-8.660254037844387076e-01,0.000000000000000000e+00,-4.999999999999999445e-01,1.493761614965769258e-01,0.000000000000000000e+00,0.000000000000000000e+00,0.000000000000000000e+00,1.000000000000000000e+00
-3.061616997868382402e-17,1.000000000000000000e+00,5.302876193624534574e-17,-4.421677802725010504e-33,4.999999999999999445e-01,6.123233995736766036e-17,-8.660254037844387076e-01,-1.003421517744945923e+00,-8.660254037844387076e-01,0.000000000000000000e+00,-4.999999999999999445e-01,1.531481273561325906e-01,0.000000000000000000e+00,0.000000000000000000e+00,0.000000000000000000e+00,1.000000000000000000e+00
-3.061616997868382402e-17,1.000000000000000000e+00,5.302876193624534574e-17,-4.295408534733748493e-33,4.999999999999999445e-01,6.123233995736766036e-17,-8.660254037844387076e-01,-1.003244450349742856e+00,-8.660254037844387076e-01,0.000000000000000000e+00,-4.999999999999999445e-01,1.568665426554008424e-01,0.000000000000000000e+00,0.000000000000000000e+00,0.000000000000000000e+00,1.000000000000000000e+00
-3.061616997868382402e-17,1.000000000000000000e+00,5.302876193624534574e-17,-4.522878466969749495e-33,4.999999999999999445e-01,6.123233995736766036e-17,-8.660254037844387076e-01,-1.003070211406845935e+00,-8.660254037844387076e-01,0.000000000000000000e+00,-4.999999999999999445e-01,1.605255604562347282e-01,0.000000000000000000e+00,0.000000000000000000e+00,0.000000000000000000e+00,1.000000000000000000e+00
-3.061616997868382402e-17,1.000000000000000000e+00,5.302876193624534574e-17,-4.569301712303179397e-33,4.999999999999999445e-01,6.123233995736766036e-17,-8.660254037844387076e-01,-1.002899072149377124e+00,-8.660254037844387076e-01,0.000000000000000000e+00,-4.999999999999999445e-01,1.641194848630772307e-01,0.000000000000000000e+00,0.000000000000000000e+00,0.000000000000000000e+00,1.000000000000000000e+00
-3.061616997868382402e-17,1.000000000000000000e+00,5.302876193624534574e-17,-5.046636141917304861e-33,4.999999999999999445e-01,6.123233995736766036e-17,-8.660254037844387076e-01,-1.002731295860848526e+00,-8.660254037844387076e-01,0.000000000000000000e+00,-4.999999999999999445e-01,1.676427869221811529e-01,0.000000000000000000e+00,0.000000000000000000e+00,0.000000000000000000e+00,1.000000000000000000e+00
-3.061616997868382402e-17,1.000000000000000000e+00,5.302876193624534574e-17,-4.888388308627423757e-33,4.999999999999999445e-01,6.123233995736766036e-17,-8.660254037844387076e-01,-1.002567137118055784e+00,-8.660254037844387076e-01,0.000000000000000000e+00,-4.999999999999999445e-01,1.710901205208289755e-01,0.000000000000000000e+00,0.000000000000000000e+00,0.000000000000000000e+00,1.000000000000000000e+00
-3.061616997868382402e-17,1.000000000000000000e+00,5.302876193624534574e-17,-5.263536134756691027e-33,4.999999999999999445e-01,6.123233995736766036e-17,-8.660254037844387076e-01,-1.002406841033973706e+00,-8.660254037844387076e-01,0.000000000000000000e+00,-4.999999999999999445e-01,1.744563382865527701e-01,0.000000000000000000e+00,0.000000000000000000e+00,0.000000000000000000e+00,1.000000000000000000e+00
-3.061616997868382402e-17,1.000000000000000000e+00,5.302876193624534574e-17,-4.487138370201220527e-33,4.999999999999999445e-01,6.123233995736766036e-17,-8.660254037844387076e-01,-1.002250642500649658e+00,-8.660254037844387076e-01,0.000000000000000000e+00,-4.999999999999999445e-01,1.777365074863546113e-01,0.000000000000000000e+00,0.000000000000000000e+00,0.000000000000000000e+00,1.000000000000000000e+00
-3.061616997868382402e-17,1.000000000000000000e+00,5.302876193624534574e-17,-4.301802961237457613e-33,4.999999999999999445e-01,6.123233995736766036e-17,-8.660254037844387076e-01,-1.002098765432098748e+00,-8.660254037844387076e-01,0.000000000000000000e+00,-4.999999999999999445e-01,1.809259259259259622e-01,0.000000000000000000e+00,0.000000000000000000e+00,0.000000000000000000e+00,1.000000000000000000e+00
-3.061616997868382402e-17,1.000000000000000000e+00,5.302876193624534574e-17,-5.317517983094165896e-33,4.999999999999999445e-01,6.123233995736766036e-17,-8.660254037844387076e-01,-1.001951422007196779e+00,-8.660254037844387076e-01,0.000000000000000000e+00,-4.999999999999999445e-01,1.840201378488681982e-01,0.000000000000000000e+00,0.000000000000000000e+00,0.000000000000000000e+00,1.000000000000000000e+00
-3.061616997868382402e-17,1.000000000000000000e+00,5.302876193624534574e-17,-4.750128109670813011e-33,4.999999999999999445e-01,6.123233995736766036e-17,-8.660254037844387076e-01,-1.001808811912575647e+00,-8.660254037844387076e-01,0.000000000000000000e+00,-4.999999999999999445e-01,1.870149498359121865e-01,0.000000000000000000e+00,0.000000000000000000e+00,0.000000000000000000e+00,1.000000000000000000e+00
-3.061616997868382402e-17,1.000000000000000000e+00,5.302876193624534574e-17,-6.003461720838241522e-33,4.999999999999999445e-01,6.123233995736766036e-17,-8.660254037844387076e-01,-1.001671121585517188e+00,-8.660254037844387076e-01,0.000000000000000000e+00,-4.999999999999999445e-01,1.899064467041382820e-01,0.000000000000000000e+00,0.000000000000000000e+00,0.000000000000000000e+00,1.000000000000000000e+00
-3.061616997868382402e-17,1.000000000000000000e+00,5.302876193624534574e-17,-6.818842920172591623e-33,4.999999999999999445e-01,6.123233995736766036e-17,-8.660254037844387076e-01,-1.001538523456847685e+00,-8.660254037844387076e-01,0.000000000000000000e+00,-4.999999999999999445e-01,1.926910074061965461e-01,0.000000000000000000e+00,0.000000000000000000e+00,0.000000000000000000e+00,1.000000000000000000e+00
-3.061616997868382402e-17,1.000000000000000000e+00,5.302876193624534574e-17,-6.132701846280406912e-33,4.999999999999999445e-01,6.123233995736766036e-17,-8.660254037844387076e-01,-1.001411175193831937e+00,-8.660254037844387076e-01,0.000000000000000000e+00,-4.999999999999999445e-01,1.953653209295267978e-01,0.000000000000000000e+00,0.000000000000000000e+00,0.000000000000000000e+00,1.000000000000000000e+00
-3.061616997868382402e-17,1.000000000000000000e+00,5.302876193624534574e-17,-6.390362541035533843e-33,4.999999999999999445e-01,6.123233995736766036e-17,-8.660254037844387076e-01,-1.001289218943067549e+00,-8.660254037844387076e-01,0.000000000000000000e+00,-4.999999999999999445e-01,1.979264021955780828e-01,0.000000000000000000e+00,0.000000000000000000e+00,0.000000000000000000e+00,1.000000000000000000e+00
-3.061616997868382402e-17,1.000000000000000000e+00,5.302876193624534574e-17,-6.330257229960692415e-33,4.999999999999999445e-01,6.123233995736766036e-17,-8.660254037844387076e-01,-1.001172780573379439e+00,-8.660254037844387076e-01,0.000000000000000000e+00,-4.999999999999999445e-01,2.003716079590289467e-01,0.000000000000000000e+00,0.000000000000000000e+00,0.000000000000000000e+00,1.000000000000000000e+00
-3.061616997868382402e-17,1.000000000000000000e+00,5.302876193624534574e-17,-5.874921419213631957e-33,4.999999999999999445e-01,6.123233995736766036e-17,-8.660254037844387076e-01,-1.001061968918713907e+00,-8.660254037844387076e-01,0.000000000000000000e+00,-4.999999999999999445e-01,2.026986527070078481e-01,0.000000000000000000e+00,0.000000000000000000e+00,0.000000000000000000e+00,1.000000000000000000e+00
-3.061616997868382402e-17,1.000000000000000000e+00,5.302876193624534574e-17,-6.950958276325097008e-33,4.999999999999999445e-01,6.123233995736766036e-17,-8.660254037844387076e-01,-1.000956875021032699e+00,-8.660254037844387076e-01,0.000000000000000000e+00,-4.999999999999999445e-01,2.049056245583124880e-01,0.000000000000000000e+00,0.000000000000000000e+00,0.000000000000000000e+00,1.000000000000000000e+00
-3.061616997868382402e-17,1.000000000000000000e+00,5.302876193624534574e-17,-6.880883808528433053e-33,4.999999999999999445e-01,6.123233995736766036e-17,-8.660254037844387076e-01,-1.000857571373207966e+00,-8.660254037844387076e-01,0.000000000000000000e+00,-4.999999999999999445e-01,2.069910011626297230e-01,0.000000000000000000e+00,0.000000000000000000e+00,0.000000000000000000e+00,1.000000000000000000e+00
-3.061616997868382402e-17,1.000000000000000000e+00,5.302876193624534574e-17,-6.793951525712767720e-33,4.999999999999999445e-01,6.123233995736766036e-17,-8.660254037844387076e-01,-1.000764111161916325e+00,-8.660254037844387076e-01,0.000000000000000000e+00,-4.999999999999999445e-01,2.089536655997562831e-01,0.000000000000000000e+00,0.000000000000000000e+00,0.000000000000000000e+00,1.000000000000000000e+00
-3.061616997868382402e-17,1.000000000000000000e+00,5.302876193624534574e-17,-5.926169884077802844e-33,4.999999999999999445e-01,6.123233995736766036e-17,-8.660254037844387076e-01,-1.000676527510532487e+00,-8.660254037844387076e-01,0.000000000000000000e+00,-4.999999999999999445e-01,2.107929222788181289e-01,0.000000000000000000e+00,0.000000000000000000e+00,0.000000000000000000e+00,1.000000000000000000e+00
-3.061616997868382402e-17,1.000000000000000000e+00,5.302876193624534574e-17,-6.304596951764532625e-33,4.999999999999999445e-01,6.123233995736766036e-17,-8.660254037844387076e-01,-1.000594832722024208e+00,-8.660254037844387076e-01,0.000000000000000000e+00,-4.999999999999999445e-01,2.125085128374908372e-01,0.000000000000000000e+00,0.000000000000000000e+00,0.000000000000000000e+00,1.000000000000000000e+00
-3.061616997868382402e-17,1.000000000000000000e+00,5.302876193624534574e-17,-6.552586449895732838e-33,4.999999999999999445e-01,6.123233995736766036e-17,-8.660254037844387076e-01,-1.000519017521846576e+00,-8.660254037844387076e-01,0.000000000000000000e+00,-4.999999999999999445e-01,2.141006320412187913e-01,0.000000000000000000e+00,0.000000000000000000e+00,0.000000000000000000e+00,1.000000000000000000e+00
-3.061616997868382402e-17,1.000000000000000000e+00,5.302876193624534574e-17,-7.012424073154120190e-33,4.999999999999999445e-01,6.123233995736766036e-17,-8.660254037844387076e-01,-1.000449050300836307e+00,-8.660254037844387076e-01,0.000000000000000000e+00,-4.999999999999999445e-01,2.155699436824362047e-01,0.000000000000000000e+00,0.000000000000000000e+00,0.000000000000000000e+00,1.000000000000000000e+00
-3.061616997868382402e-17,1.000000000000000000e+00,5.302876193624534574e-17,-6.240640254905828702e-33,4.999999999999999445e-01,6.123233995736766036e-17,-8.660254037844387076e-01,-1.000384876358105357e+00,-8.660254037844387076e-01,0.000000000000000000e+00,-4.999999999999999445e-01,2.169175964797861733e-01,0.000000000000000000e+00,0.000000000000000000e+00,0.000000000000000000e+00,1.000000000000000000e+00
-3.061616997868382402e-17,1.000000000000000000e+00,5.302876193624534574e-17,-5.970866524433985183e-33,4.999999999999999445e-01,6.123233995736766036e-17,-8.660254037844387076e-01,-1.000326417143936109e+00,-8.660254037844387076e-01,0.000000000000000000e+00,-4.999999999999999445e-01,2.181452399773422812e-01,0.000000000000000000e+00,0.000000000000000000e+00,0.000000000000000000e+00,1.000000000000000000e+00
-3.061616997868382402e-17,1.000000000000000000e+00,5.302876193624534574e-17,-6.754444637941594422e-33,4.999999999999999445e-01,6.123233995736766036e-17,-8.660254037844387076e-01,-1.000273569502674986e+00,-8.660254037844387076e-01,0.000000000000000000e+00,-4.999999999999999445e-01,2.192550404438253497e-01,0.000000000000000000e+00,0.000000000000000000e+00,0.000000000000000000e+00,1.000000000000000000e+00
-3.061616997868382402e-17,1.000000000000000000e+00,5.302876193624534574e-17,-6.349867367497347769e-33,4.999999999999999445e-01,6.123233995736766036e-17,-8.660254037844387076e-01,-1.000226204915627193e+00,-8.660254037844387076e-01,0.000000000000000000e+00,-4.999999999999999445e-01,2.202496967718274579e-01,0.000000000000000000e+00,0.000000000000000000e+00,0.000000000000000000e+00,1.000000000000000000e+00
-3.061616997868382402e-17,1.000000000000000000e+00,5.302876193624534574e-17,-6.828087478802487258e-33,4.999999999999999445e-01,6.123233995736766036e-17,-8.660254037844387076e-01,-1.000184168743950996e+00,-8.660254037844387076e-01,0.000000000000000000e+00,-4.999999999999999445e-01,2.211324563770288576e-01,0.000000000000000000e+00,0.000000000000000000e+00,0.000000000000000000e+00,1.000000000000000000e+00
-3.061616997868382402e-17,1.000000000000000000e+00,5.302876193624534574e-17,-6.689710249495195986e-33,4.999999999999999445e-01,6.123233995736766036e-17,-8.660254037844387076e-01,-1.000147279471551354e+00,-8.660254037844387076e-01,0.000000000000000000e+00,-4.999999999999999445e-01,2.219071310974188305e-01,0.000000000000000000e+00,0.000000000000000000e+00,0.000000000000000000e+00,1.000000000000000000e+00
-3.061616997868382402e-17,1.000000000000000000e+00,5.302876193624534574e-17,-6.826901911268805671e-33,4.999999999999999445e-01,6.123233995736766036e-17,-8.660254037844387076e-01,-1.000115327947975308e+00,-8.660254037844387076e-01,0.000000000000000000e+00,-4.999999999999999445e-01,2.225781130925165441e-01,0.000000000000000000e+00,0.000000000000000000e+00,0.000000000000000000e+00,1.000000000000000000e+00
-3.061616997868382402e-17,1.000000000000000000e+00,5.302876193624534574e-17,-6.915352199317546010e-33,4.999999999999999445e-01,6.123233995736766036e-17,-8.660254037844387076e-01,-1.000088076631305167e+00,-8.660254037844387076e-01,0.000000000000000000e+00,-4.999999999999999445e-01,2.231503907425899658e-01,0.000000000000000000e+00,0.000000000000000000e+00,0.000000000000000000e+00,1.000000000000000000e+00
-3.061616997868382402e-17,1.000000000000000000e+00,5.302876193624534574e-17,-5.683037582793343310e-33,4.999999999999999445e-01,6.123233995736766036e-17,-8.660254037844387076e-01,-1.000065258831053461e+00,-8.660254037844387076e-01,0.000000000000000000e+00,-4.999999999999999445e-01,2.236295645478761918e-01,0.000000000000000000e+00,0.000000000000000000e+00,0.000000000000000000e+00,1.000000000000000000e+00
-3.061616997868382402e-17,1.000000000000000000e+00,5.302876193624534574e-17,-7.457780929097763663e-33,4.999999999999999445e-01,6.123233995736766036e-17,-8.660254037844387076e-01,-1.000046577951057003e+00,-8.660254037844387076e-01,0.000000000000000000e+00,-4.999999999999999445e-01,2.240218630278018042e-01,0.000000000000000000e+00,0.000000000000000000e+00,0.000000000000000000e+00,1.000000000000000000e+00
-3.061616997868382402e-17,1.000000000000000000e+00,5.302876193624534574e-17,-6.784463559530634456e-33,4.999999999999999445e-01,6.123233995736766036e-17,-8.660254037844387076e-01,-1.000031706732371184e+00,-8.660254037844387076e-01,0.000000000000000000e+00,-4.999999999999999445e-01,2.243341586202017568e-01,0.000000000000000000e+00,0.000000000000000000e+00,0.000000000000000000e+00,1.000000000000000000e+00
-3.061616997868382402e-17,1.000000000000000000e+00,5.302876193624534574e-17,-7.495727709359732881e-33,4.999999999999999445e-01,6.123233995736766036e-17,-8.660254037844387076e-01,-1.000020286496164701e+00,-8.660254037844387076e-01,0.000000000000000000e+00,-4.999999999999999445e-01,2.245739835805407036e-01,0.000000000000000000e+00,0.000000000000000000e+00,0.000000000000000000e+00,1.000000000000000000e+00
-3.061616997868382402e-17,1.000000000000000000e+00,5.302876193624534574e-17,-6.593266677607085579e-33,4.999999999999999445e-01,6.123233995736766036e-17,-8.660254037844387076e-01,-1.000011926386612737e+00,-8.660254037844387076e-01,0.000000000000000000e+00,-4.999999999999999445e-01,2.247495458811317459e-01,0.000000000000000000e+00,0.000000000000000000e+00,0.000000000000000000e+00,1.000000000000000000e+00
-3.061616997868382402e-17,1.000000000000000000e+00,5.302876193624534574e-17,-7.064671645520055984e-33,4.999999999999999445e-01,6.123233995736766036e-17,-8.660254037844387076e-01,-1.000006202613792361e+00,-8.660254037844387076e-01,0.000000000000000000e+00,-4.999999999999999445e-01,2.248697451103585099e-01,0.000000000000000000e+00,0.000000000000000000e+00,0.000000000000000000e+00,1.000000000000000000e+00
-3.061616997868382402e-17,1.000000000000000000e+00,5.302876193624534574e-17,-6.762943367243053115e-33,4.999999999999999445e-01,6.123233995736766036e-17,-8.660254037844387076e-01,-1.000002657696576591e+00,-8.660254037844387076e-01,0.000000000000000000e+00,-4.999999999999999445e-01,2.249441883718919510e-01,0.000000000000000000e+00,0.000000000000000000e+00,0.000000000000000000e+00,1.000000000000000000e+00
-3.061616997868382402e-17,1.000000000000000000e+00,5.302876193624534574e-17,-6.024965179241521055e-33,4.999999999999999445e-01,6.123233995736766036e-17,-8.660254037844387076e-01,-1.000000799705528021e+00,-8.660254037844387076e-01,0.000000000000000000e+00,-4.999999999999999445e-01,2.249832061839115438e-01,0.000000000000000000e+00,0.000000000000000000e+00,0.000000000000000000e+00,1.000000000000000000e+00
-3.061616997868382402e-17,1.000000000000000000e+00,5.302876193624534574e-17,-7.025545802239797554e-33,4.999999999999999445e-01,6.123233995736766036e-17,-8.660254037844387076e-01,-1.000000101505793770e+00,-8.660254037844387076e-01,0.000000000000000000e+00,-4.999999999999999445e-01,2.249978683783287192e-01,0.000000000000000000e+00,0.000000000000000000e+00,0.000000000000000000e+00,1.000000000000000000e+00
-3.061616997868382402e-17,1.000000000000000000e+00,5.302876193624534574e-17,-6.825389730894195790e-33,4.999999999999999445e-01,6.123233995736766036e-17,-8.660254037844387076e-01,-9.999999999999998890e-01,-8.660254037844387076e-01,0.000000000000000000e+00,-4.999999999999999445e-01,2.250000000000001721e-01,0.000000000000000000e+00,0.000000000000000000e+00,0.000000000000000000e+00,1.000000000000000000e+00
