-1.022265802540126778e+00,4.744352100589659949e-01,2.739152962405806413e-01,-2.087984407340952309e-02,1.460963901317850755e-01,-2.717617308496791395e-01
-9.220488749972437503e-01,5.311564091262440668e-01,2.993433580430703289e-01,-3.898538365114433482e-03,1.131687655856826596e-01,-2.505910516389671661e-01
-8.364660980453365591e-01,4.896169375436639770e-01,2.747808469078447113e-01,-7.762518342315658827e-03,9.194578511180794000e-02,-2.365880368947549661e-01
-7.583331329353640848e-01,4.512193456089675925e-01,2.520212235283393887e-01,-9.766945382877430248e-03,7.612298554093818725e-02,-2.213905464364708808e-01
-6.897141919623244188e-01,4.154835116763954672e-01,2.316069380419010504e-01,-1.087415837952929523e-02,6.493746694113994300e-02,-2.057649134958650372e-01
-6.304123851397627210e-01,3.821947382323743203e-01,2.134262663866241527e-01,-1.145848816477867960e-02,5.753710069019788570e-02,-1.902080114966213653e-01
-5.785540707195917509e-01,3.512988579874249395e-01,1.970198497347002975e-01,-1.162125564500897379e-02,5.257815778085132841e-02,-1.747575087965343998e-01
-5.316492516964699266e-01,3.227836241949294527e-01,1.818849210129798444e-01,-1.152742297570714079e-02,4.848412501682862474e-02,-1.601697035633966315e-01
-4.885080423698290875e-01,2.965278055608851493e-01,1.678103773062227799e-01,-1.128600419214868117e-02,4.468241139744121015e-02,-1.467883722238148003e-01
-4.488152817886845725e-01,2.723548185090913787e-01,1.547382440136201853e-01,-1.094113583589016725e-02,4.115474587515897259e-02,-1.345002326186434116e-01
-4.122856322259306205e-01,2.501011348736741358e-01,1.426095318088520802e-01,-1.052764554136543379e-02,3.788530021966506761e-02,-1.232145572436914444e-01
-3.786599187089843555e-01,2.296155076340641310e-01,1.313656891249748992e-01,-1.007165903518899945e-02,3.485878106306666835e-02,-1.128531624116753257e-01
-3.477020963078739091e-01,2.107581954628328924e-01,1.209495737984308539e-01,-9.592025787069326931e-03,3.205986957063837461e-02,-1.033448884210813323e-01
-3.191967104263206956e-01,1.934002003461945673e-01,1.113060824276401184e-01,-9.102033994532561165e-03,2.947328369508867701e-02,-9.462307861066369952e-02
-2.929467454266756476e-01,1.774225279105195174e-01,1.023825384800840649e-01,-8.610969878784499598e-03,2.708404593420260867e-02,-8.662476671863443556e-02
-2.687717816299955986e-01,1.627154770510245430e-01,9.412891153596616989e-02,-8.125330548343214637e-03,2.487774883146624469e-02,-7.929063855441666198e-02
-2.465063998736607143e-01,1.491779632327662197e-01,8.649791907367303245e-02,-7.649683800924082268e-03,2.284074190437770588e-02,-7.256521646386973612e-02
-2.259987872499208961e-01,1.367168781235933994e-01,7.944504715858718980e-02,-7.187247308678782094e-03,2.096023174416861840e-02,-6.639700687299482373e-02
-2.071095084272100706e-01,1.252464868931530140e-01,7.292851572886424605e-02,-6.740271446738832495e-03,1.922431353611302532e-02,-6.073852646462041260e-02
-1.897104149823481412e-01,1.146878634958535675e-01,6.690920664404376161e-02,-6.310294141491230337e-03,1.762195708751470788e-02,-5.554620739266283996e-02
-1.736836711636664810e-01,1.049683634930223680e-01,6.135056735700935432e-02,-5.898315146381921670e-03,1.614296663945762392e-02,-5.078021257468928740e-02
-1.589208790023069473e-01,9.602113341339651997e-02,5.621849932629172097e-02,-5.504919892844026622e-03,1.477792796748639975e-02,-4.640419616768084315e-02
-1.453222890882186202e-01,8.778465526102692540e-02,5.148123763677077414e-02,-5.130371184205475416e-03,1.351815122821793148e-02,-4.238503814645019907e-02
-1.327960859176231245e-01,8.020232452083722596e-02,4.710922641496283203e-02,-4.774679570377021211e-03,1.235561436262039292e-02,-3.869257348088097487e-02
-1.212577387098942860e-01,7.322205985521867966e-02,4.307499328178343578e-02,-4.437658850637021465e-03,1.128290950286704210e-02,-3.529932896429231054e-02
-1.106294101366928906e-01,6.679594260593238464e-02,3.935302512178783657e-02,-4.118970640689453323e-03,1.029319341355837240e-02,-3.218027515657551768e-02
-1.008394166164633954e-01,6.087988419466269091e-02,3.591964675250577943e-02,-3.818160522779166875e-03,9.380142209633538994e-03,-2.931259708432721461e-02
-9.182173478508771913e-02,5.543331953715509297e-02,3.275290357317037215e-02,-3.534687492584088001e-03,8.537910191384348590e-03,-2.667548490156742072e-02
-8.351554951918004066e-02,5.041892463764837545e-02,2.983244890466918431e-02,-3.267947946310936942e-03,7.761092459520951489e-03,-2.424994425659439054e-02
-7.586483950724060010e-02,4.580235660273454523e-02,2.713943646378270610e-02,-3.017295162338669550e-03,7.044690918505474957e-03,-2.201862530584236879e-02
-6.881799686931805438e-02,4.155201439948803810e-02,2.465641821775055656e-02,-2.782055041292535655e-03,6.384083283834910902e-03,-1.996566892594927103e-02
-6.232747774323074696e-02,3.763881877619870697e-02,2.236724772074606682e-02,-2.561538733119577988e-03,5.774994744178321704e-03,-1.807656853783035089e-02
-5.634948110388549730e-02,3.403600986114530685e-02,2.025698892818603852e-02,-2.355052676830578402e-03,5.213471973679437328e-03,-1.633804596490392655e-02
-5.084365337629839082e-02,3.071896105260260579e-02,1.831183040803553708e-02,-2.161906496241507419e-03,4.695859233946099616e-03,-1.473793983435201481e-02
-4.577281665363742980e-02,2.766500790948263691e-02,1.651900481314072869e-02,-1.981419126893498202e-03,4.218776345073113783e-03,-1.326510515419996108e-02
-4.110271854745753406e-02,2.485329084519812687e-02,1.486671343981980399e-02,-1.812923491777904779e-03,3.779098339054034247e-03,-1.190932283560043083e-02
-3.680180188485443482e-02,2.226461051650021131e-02,1.334405567150369343e-02,-1.655769994336512294e-03,3.373936637104219764e-03,-1.066121806521608262e-02
-3.284099263157912174e-02,1.988129488358090016e-02,1.194096308918861371e-02,-1.509329054933590888e-03,3.000621615334360913e-03,-9.512186559740516689e-03
-2.919350456523890289e-02,1.768707699728123278e-02,1.064813802058718790e-02,-1.372992880536624480e-03,2.656686441691810847e-03,-8.454327850023412097e-03
-2.583465935164927507e-02,1.566698264370259761e-02,9.456996295442497355e-03,-1.246176625819573345e-03,2.339852081953514625e-03,-7.480384844953918977e-03
-2.274172079270113736e-02,1.380722704586724060e-02,8.359613974172269008e-03,-1.128319076632247663e-03,2.048013384543507717e-03,-6.583689015429939652e-03
-1.989374211773259696e-02,1.209511988646740782e-02,7.348677819825362618e-03,-1.018882963245491650e-03,1.779226163688837513e-03,-5.758110617316155103e-03
-1.727142528394310164e-02,1.051897797532718067e-02,6.417439288455476128e-03,-9.173549904983747255e-04,1.531695208422926939e-03,-4.998013440475870990e-03
-1.485699133616069818e-02,9.068044940229200851e-03,5.559671819832195591e-03,-8.232456546397073612e-04,1.303763151592687072e-03,-4.298213630039206083e-03
-1.263406095334479624e-02,7.732417370504165652e-03,4.769631218422641823e-03,-7.360889019286946840e-04,1.093900138635350676e-03,-3.653942177281850091e-03
-1.058754437945363079e-02,6.502976889463178180e-03,4.042018923407677232e-03,-6.554416717396859991e-04,9.006942406976238937e-04,-3.060810722004966844e-03
-8.703540000481919253e-03,5.371327674704533955e-03,3.371947975839737714e-03,-5.808833567144841515e-04,7.228425608426521749e-04,-2.514780347094193978e-03
-6.969240888218853312e-03,4.329738984768541528e-03,2.754911500673888711e-03,-5.120152042773383136e-04,5.591429857813518325e-04,-2.012133079918687704e-03
-5.372848685110934511e-03,3.371092286837622243e-03,2.186753531118287418e-03,-4.484596772715867511e-04,4.084865388471491435e-04,-1.549445845092368903e-03
-3.903494254035019123e-03,2.488832613415478418e-03,1.663642012420775895e-03,-3.898597864539860231e-04,2.698502929115990825e-04,-1.123566639507949739e-03
-2.551164562176896911e-03,1.676923806404068823e-03,1.182043831719656064e-03,-3.358784038135718400e-04,1.422908046438942878e-04,-7.315927239374884995e-04
-1.306635309955509394e-03,9.298073349783139100e-04,7.387017298588517689e-04,-2.861975629819109518e-04,2.493803401427940045e-05,-3.708506463064871581e-04
-1.614088543270051463e-04,2.423643992843578683e-04,3.306129600421728060e-04,-2.405177511612380432e-04,-8.301028475246937245e-05,-3.887793030209833045e-05
8.923429888425676859e-04,-3.901189444735221308e-04,-4.499043316797183661e-05,-1.985571958036966105e-04,-1.822938524117954841e-04,2.665937204410169840e-04
1.861831646104740879e-03,-9.719838804448579107e-04,-3.906598327422167779e-04,-1.600511486003571742e-04,-2.735946237529646402e-04,5.476538375067458624e-04
2.753700344230167792e-03,-1.507228374138379779e-03,-7.087468763321817409e-04,-1.247511689780517782e-04,-3.575412642022711830e-04,8.062273438725273134e-04
3.574068849644062695e-03,-1.999534362987004463e-03,-1.001418994568491379e-03,-9.242440919393018573e-05,-4.347132699315398312e-04,1.044087560874674796e-03
4.328574689180943180e-03,-2.452292784790569783e-03,-1.270673756334350559e-03,-6.285290310971597177e-05,-5.056447757404460269e-04,1.262868165125189453e-03
5.022411128389117109e-03,-2.868626617100852177e-03,-1.518352110168990623e-03,-3.583286079702619999e-05,-5.708280733923088357e-04,1.464074185033628931e-03
5.660362161980765985e-03,-3.251412086597065855e-03,-1.746150604674892755e-03,-1.117397117765913057e-05,-6.307168615823866226e-04,1.649092118092416060e-03
6.246834751083346279e-03,-3.603298194657583459e-03,-1.955632664905251200e-03,1.130128506036015261e-05,-6.857292472939523990e-04,1.819199242493087752e-03
6.785888523565561901e-03,-3.926724693526541243e-03,-2.148238996176134001e-03,3.175831005252499200e-05,-7.362505169566888616e-04,1.975572189841446908e-03
7.281263136772331800e-03,-4.223938636652928291e-03,-2.325297181572299771e-03,5.035104870327720310e-05,-7.826356945577481791e-04,2.119294839667084859e-03
7.736403486370204731e-03,-4.497009616832599484e-03,-2.488030534577248369e-03,6.722263196175994201e-05,-8.252119026564264494e-04,2.251365590985315770e-03
8.154482930611868172e-03,-4.747843796650538795e-03,-2.637566263742514416e-03,8.250600157908504709e-05,-8.642805411361605518e-04,2.372704061286687316e-03
8.538424686047952142e-03,-4.978196827335403148e-03,-2.774943002101716138e-03,9.632451470642652228e-05,-9.001192974677247206e-04,2.484157258954013472e-03
8.890921538473312360e-03,-5.189685744430055231e-03,-2.901117750114952723e-03,1.087925269260559951e-04,-9.329840012665933675e-04,2.586505271173208682e-03
9.214454001617113088e-03,-5.383799921609682543e-03,-3.016972277282059436e-03,1.200159525649883903e-04,-9.631103350018181556e-04,2.680466505846869005e-03
9.511307045682390257e-03,-5.561911157460536041e-03,-3.123319024173424382e-03,1.300928013934084758e-04,-9.907154118440077671e-04,2.766702522824235084e-03
9.783585508253150528e-03,-5.725282964066541816e-03,-3.220906543478515606e-03,1.391136910645239186e-04,-1.015999230829395163e-03,2.845822486850160035e-03
1.003322829125609557e-02,-5.875079120742519347e-03,-3.310424515750292913e-03,1.471623348969419091e-04,-1.039146018759336655e-03,2.918387272018054066e-03
1.026202143951067750e-02,-6.012371551209753050e-03,-3.392508372813414930e-03,1.543160048222790416e-04,-1.060325467556873626e-03,2.984913245097935066e-03
1.047161018890623366e-02,-6.138147577852558386e-03,-3.467743559291599706e-03,1.606459695362513903e-04,-1.079693875134640161e-03,3.045875752953302977e-03
1.066351006531154541e-02,-6.253316602433716710e-03,-3.536669460382277971e-03,1.662179080646041668e-04,-1.097395197233956088e-03,3.101712337249899407e-03
1.083911710896041936e-02,-6.358716258703990022e-03,-3.599783021850341477e-03,1.710922991268210719e-04,-1.113562017121496510e-03,3.152825697848428508e-03
1.099971729317153132e-02,-6.455118078739889749e-03,-3.657542086219627529e-03,1.753247868077140647e-04,-1.128316439502695390e-03,3.199586424604054530e-03
1.114649520084766074e-02,-6.543232711505212774e-03,-3.710368467292838451e-03,1.789665231699396556e-04,-1.141770914532213481e-03,3.242335515762468593e-03
1.128054201720856548e-02,-6.623714729087184019e-03,-3.758650783424584852e-03,1.820644885244201191e-04,-1.154028997356943429e-03,3.281386699726272435e-03
1.140286289261694015e-02,-6.697167053229452494e-03,-3.802747068394076412e-03,1.846617901499736077e-04,-1.165186048176347806e-03,3.317028575705625610e-03
1.151438372511126053e-02,-6.764145032208538841e-03,-3.842987177264086188e-03,1.867979403087824104e-04,-1.175329877487614819e-03,3.349526587511877061e-03
1.161595740836226208e-02,-6.825160195702408526e-03,-3.879675003265684128e-03,1.885091144350787434e-04,-1.184541340744922405e-03,3.379124843730847184e-03
1.170836958716897289e-02,-6.880683713124087844e-03,-3.913090520502506692e-03,1.898283903957523864e-04,-1.192894886392344188e-03,3.406047796444808262e-03
1.179234395929051188e-02,-6.931149578859505632e-03,-3.943491666118632832e-03,1.907859697345159241e-04,-1.200459060891844376e-03,3.430501789769481013e-03
1.186854715936514273e-02,-6.976957545997039892e-03,-3.971116074511305341e-03,1.914093818021601694e-04,-1.207296974131461540e-03,3.452676488573706241e-03
1.193759325784205134e-02,-7.018475828432951293e-03,-3.996182675190973477e-03,1.917236716633321104e-04,-1.213466728258517143e-03,3.472746197018389529e-03
1.200004790526712842e-02,-7.056043589648732309e-03,-4.018893164984209398e-03,1.917515726519976673e-04,-1.219021812833696004e-03,3.490871075744262850e-03
1.205643214986845853e-02,-7.089973235022895524e-03,-4.039433364441984663e-03,1.915136644155652167e-04,-1.224011468912322926e-03,3.507198265913460955e-03
1.210722595419250550e-02,-7.120552523192169754e-03,-4.057974467544064878e-03,1.910285172560214500e-04,-1.228481024494483716e-03,3.521862927652615917e-03
1.215287143450488258e-02,-7.148046510761604799e-03,-4.074674193079114680e-03,1.903128235351513584e-04,-1.232472203575712359e-03,3.534989199879237827e-03
1.219377584481040611e-02,-7.172699343519965340e-03,-4.089677845426605354e-03,1.893815168660212234e-04,-1.236023410865564384e-03,3.546691087956971387e-03
1.223031432561976634e-02,-7.194735906288994218e-03,-4.103119291858115490e-03,1.882478797701276545e-04,-1.239169994074588955e-03,3.557073285126754678e-03
1.226283243600625669e-02,-7.214363342564514628e-03,-4.115121862921546081e-03,1.869236404145233857e-04,-1.241944485528295771e-03,3.566231933209087265e-03
1.229164848603484482e-02,-7.231772454232864890e-03,-4.125799181955078047e-03,1.854190590025315741e-04,-1.244376824723748658e-03,3.574255327649007025e-03
1.231705568529905918e-02,-7.247138990832361662e-03,-4.135255929304105897e-03,1.837430043151930248e-04,-1.246494563325484901e-03,3.581224571580197708e-03
1.233932412206180732e-02,-7.260624837076837777e-03,-4.143588546377232652e-03,1.819030208437521763e-04,-1.248323053973307995e-03,3.587214183243573121e-03
1.235870258635564205e-02,-7.272379106674809433e-03,-4.150885884273904959e-03,1.799053868772466621e-04,-1.249885624163468148e-03,3.592292660753241586e-03
1.237542024934003455e-02,-7.282539149841528274e-03,-4.157229801345423310e-03,1.777551638247059252e-04,-1.251203736387299439e-03,3.596523007897308583e-03
1.238968821025090809e-02,-7.291231481313545024e-03,-4.162695713707008534e-03,1.754562369756724788e-04,-1.252297135590783482e-03,3.599963224402946173e-03
1.240170092138006067e-02,-7.298572635143453155e-03,-4.167353102404648506e-03,1.730113477852923058e-04,-1.253183984954632122e-03,3.602666763830915213e-03
1.241163750069768264e-02,-7.304669952051092222e-03,-4.171265980648134267e-03,1.704221176747797671e-04,-1.253880990904867460e-03,3.604682962048714676e-03
1.241966294098162914e-02,-7.309622304655491801e-03,-4.174493324253510801e-03,1.676890631963375673e-04,-1.254403518203913012e-03,3.606057439024482319e-03
1.242592922360647584e-02,-7.313520765489095292e-03,-4.177089468191964514e-03,1.648116022730816720e-04,-1.254765695891417975e-03,3.606832476522550505e-03
1.243057634451365592e-02,-7.316449222309931791e-03,-4.179104471913539821e-03,1.617880510411521026e-04,-1.254980514791878337e-03,3.607047374128844169e-03
1.243373325928512699e-02,-7.318484944869178659e-03,-4.180584455903469700e-03,1.586156106255639457e-04,-1.255059917242168713e-03,3.606738785923754419e-03
1.243551875369766808e-02,-7.319699106966162314e-03,-4.181571911737863405e-03,1.552903429364438760e-04,-1.255014879655903717e-03,3.605941040023821157e-03
1.243604224563593132e-02,-7.320157267319491075e-03,-4.182105987724099756e-03,1.518071342756421784e-04,-1.254855488466416870e-03,3.604686443188488687e-03
1.243540452377166379e-02,-7.319919812500382331e-03,-4.182222752049421198e-03,1.481596452072135865e-04,-1.254591009959533411e-03,3.603005572669128968e-03
1.243369842800100614e-02,-7.319042364925078432e-03,-4.181955435208955900e-03,1.443402447036598048e-04,-1.254229954471554028e-03,3.600927557517890655e-03
1.243100947622573053e-02,-7.317576158662867682e-03,-4.181334653345048294e-03,1.403399260690133975e-04,-1.253780135369020159e-03,3.598480351690566247e-03
1.242741644171433540e-02,-7.315568385594956730e-03,-4.180388614000464347e-03,1.361482014931092238e-04,-1.253248723249404152e-03,3.595691001407098648e-03
1.242299188493637026e-02,-7.313062514270680242e-03,-4.179143305672178288e-03,1.317529712745446060e-04,-1.252642295574523616e-03,3.592585909642433996e-03
1.241780264345953080e-02,-7.310098583605925855e-03,-4.177622672439725189e-03,1.271403627680566212e-04,-1.251966882261409085e-03,3.589191100725570068e-03
1.241191028321991796e-02,-7.306713473417436600e-03,-4.175848774845103244e-03,1.222945328075133651e-04,-1.251228007357101536e-03,3.585532488826354176e-03
1.240537151420672939e-02,-7.302941153613849365e-03,-4.173841938106027938e-03,1.171974257504501498e-04,-1.250430727118407009e-03,3.581636154624687207e-03
1.239823857336936827e-02,-7.298812913731875761e-03,-4.171620888660947796e-03,1.118284771871720879e-04,-1.249579664710777317e-03,3.577528635453043875e-03
1.239055957733227464e-02,-7.294357574363008120e-03,-4.169202879964115788e-03,1.061642506491911899e-04,-1.248679041708147070e-03,3.573237235447347757e-03
1.238237884729583883e-02,-7.289601681906077331e-03,-4.166603808378007388e-03,1.001779910979593984e-04,-1.247732706550077220e-03,3.568790363893546876e-03
1.237373720831945467e-02,-7.284569687954527833e-03,-4.163838319942236334e-03,9.383907428977624236e-05,-1.246744160080272756e-03,3.564217912188583949e-03
1.236467226500387318e-02,-7.279284114534655646e-03,-4.160919908738252952e-03,8.711232486102115605e-05,-1.245716578231966442e-03,3.559551682831754455e-03
1.235521865543574155e-02,-7.273765706309638993e-03,-4.157861007511369673e-03,7.995716756056575787e-05,-1.244652831889912813e-03,3.554825887914189395e-03
1.234540828510701307e-02,-7.268033570777657909e-03,-4.154673071159619216e-03,7.232656461277191262e-05,-1.243555503901000057e-03,3.550077740113478323e-03
1.233527054239093486e-02,-7.262105307410342443e-03,-4.151366653651327593e-03,6.416567646147814806e-05,-1.242426903137113523e-03,3.545348166835156616e-03
1.232483249702410501e-02,-7.255997126606043499e-03,-4.147951478889473631e-03,5.541016126718616212e-05,-1.241269075424680964e-03,3.540682688781376410e-03
1.231411908294023465e-02,-7.249723959258356359e-03,-4.144436505998340056e-03,4.598399777155243591e-05,-1.240083811068834170e-03,3.536132519208329966e-03
1.230315326668435412e-02,-7.243299557684136636e-03,-4.140829989472888557e-03,3.579667235282315034e-05,-1.238872648559568267e-03,3.531755961524473027e-03
1.229195620254918547e-02,-7.236736588588074670e-03,-4.137139534594038923e-03,2.473950799886108739e-05,-1.237636873909522947e-03,3.527620213761974675e-03
1.228054737547713826e-02,-7.230046718696906197e-03,-4.133372148484353893e-03,1.268082082100917319e-05,-1.236377514900836687e-03,3.523803733703220840e-03
1.226894473269339418e-02,-7.223240693635590501e-03,-4.129534287145363719e-03,-5.405463458843375844e-07,-1.235095329361524021e-03,3.520399385593158108e-03
1.225716480496052974e-02,-7.216328410584321902e-03,-4.125631898794489619e-03,-1.512396717272639204e-05,-1.233790786519935569e-03,3.517518690390482490e-03
1.224522281827141422e-02,-7.209318985204140641e-03,-4.121670463792146202e-03,-3.131901296259002252e-05,-1.232464040699922337e-03,3.515297655358858454e-03
1.223313279673350976e-02,-7.202220813282509543e-03,-4.117655031427616165e-03,-4.944209903065201097e-05,-1.231114897635272052e-03,3.513904895317981631e-03
1.222090765734171365e-02,-7.195041627516794713e-03,-4.113590253811013307e-03,-6.989992928064340540e-05,-1.229742776778699987e-03,3.513553122789211079e-03
1.220855929727772925e-02,-7.187788549819620898e-03,-4.109480417099003330e-03,-9.322291549210632775e-05,-1.228346681396511432e-03,3.514515641934788485e-03
1.219609867432487789e-02,-7.180468139496506107e-03,-4.105329470264358280e-03,-1.201131836593430846e-04,-1.226925210455978837e-03,3.517150299543692071e-03
1.218353588094201953e-02,-7.173086437626096344e-03,-4.101141051602455803e-03,-1.515133265299663527e-04,-1.225476705286214062e-03,3.521934400121964209e-03
1.217088021249754411e-02,-7.165649007936628415e-03,-4.096918513153065787e-03,-1.887019367429487477e-04,-1.223999785032549087e-03,3.529514832832324027e-03
1.215814023012103985e-02,-7.158160974460687706e-03,-4.092664943201197031e-03,-2.334123391961548410e-04,-1.222494983967282621e-03,3.540775254678782315e-03
1.214532381860049075e-02,-7.150627056218753289e-03,-4.088383187008661282e-03,-2.879201980224213174e-04,-1.220969580575349432e-03,3.556904422000763382e-03
1.213243823971273810e-02,-7.143051599166271373e-03,-4.084075865914879241e-03,-3.548285109783164745e-04,-1.219452028312475837e-03,3.579366736161129076e-03
1.211949018134992478e-02,-7.135438605622171360e-03,-4.079745394935873140e-03,-4.354248838974476496e-04,-1.218035890900817219e-03,3.609336783481222055e-03
1.210648580277087251e-02,-7.127791761375501349e-03,-4.075393998979490347e-03,-5.227366819757968972e-04,-1.217006061990817071e-03,3.645039438874784696e-03
1.209343077628548084e-02,-7.120114460653707324e-03,-4.071023727785514149e-03,-5.838010601921587691e-04,-1.217061998801239166e-03,3.674626097322350980e-03
1.208033032565073925e-02,-7.112409829121211016e-03,-4.066636469691048417e-03,-5.696069241956853210e-04,-1.218870636204003694e-03,3.678899932367122108e-03
1.206718926144006304e-02,-7.104680745065571242e-03,-4.062233964313933555e-03,-5.066474023487232839e-04,-1.221519563979703987e-03,3.665535438604150108e-03
1.205401201362347324e-02,-7.096929858910046469e-03,-4.057817814238497828e-03,-4.394788533403090418e-04,-1.224022537201201015e-03,3.649793070786665292e-03
1.204080266157880191e-02,-7.089159611188429119e-03,-4.053389495783518530e-03,-3.767405648659302090e-04,-1.226212330814146221e-03,3.634704093952970290e-03
1.202756496173625414e-02,-7.081372249103186703e-03,-4.048950368922808914e-03,-3.188924322113346295e-04,-1.228096793672742680e-03,3.620491967608624722e-03
1.201430237304199067e-02,-7.073569841774455733e-03,-4.044501686426791968e-03,-2.656219591133010516e-04,-1.229699248173421596e-03,3.607111801329514547e-03
1.200101808041673795e-02,-7.065754294289128268e-03,-4.040044602284816218e-03,-2.165770680105271926e-04,-1.231042612649945649e-03,3.594500551625389503e-03
1.198771501636117752e-02,-7.057927360640149118e-03,-4.035580179466341511e-03,-1.714276943015557932e-04,-1.232148075960803803e-03,3.582598264806711487e-03
1.197439588086028281e-02,-7.050090655645957841e-03,-4.031109397071361636e-03,-1.298691676563949108e-04,-1.233035096587389943e-03,3.571349550367701204e-03
1.196106315971677374e-02,-7.042245665929325500e-03,-4.026633156919312562e-03,-9.162067638750728989e-05,-1.233721526638691546e-03,3.560703372479326161e-03
1.194771914143907474e-02,-7.034393760030089975e-03,-4.022152289620343525e-03,-5.642343899061494871e-05,-1.234223742133918125e-03,3.550612720785256866e-03
1.193436593279890295e-02,-7.026536197721010464e-03,-4.017667560169021351e-03,-2.403898072707571438e-05,-1.234556765516552860e-03,3.541034294877438201e-03
1.192100547315945447e-02,-7.018674138587677712e-03,-4.013179673098814064e-03,5.752458995922188482e-06,-1.234734378667606304e-03,3.531928212327017230e-03
1.190763954767721025e-02,-7.010808649932045999e-03,-4.008689277231742079e-03,3.315339539437532802e-05,-1.234769226650423400e-03,3.523257739380678336e-03
1.189426979945875859e-02,-7.002940714053127423e-03,-4.004196970054405523e-03,5.835045248808957481e-05,-1.234672912798655047e-03,3.514989042647372226e-03
1.188089774076338777e-02,-6.995071234953345249e-03,-3.999703301750407065e-03,8.151561151279724897e-05,-1.234456085826799105e-03,3.507090960162741883e-03
1.186752476331912227e-02,-6.987201044513877135e-03,-3.995208778916172973e-03,1.028073617485359185e-04,-1.234128519613159275e-03,3.499534790343198330e-03
1.185415214782586588e-02,-6.979330908186980216e-03,-3.990713867984701374e-03,1.223717613195456522e-04,-1.233699186263197568e-03,3.492294097452632723e-03
1.184078107271047293e-02,-6.971461530234570637e-03,-3.986218998380248839e-03,1.403434149458673743e-04,-1.233176323013516649e-03,3.485344532307472435e-03
1.182741262219049599e-02,-6.963593558557063141e-03,-3.981724565425266357e-03,1.568463750893192598e-04,-1.232567493492208854e-03,3.478663667043987648e-03
1.181404779370181721e-02,-6.955727589139750963e-03,-3.977230933019153258e-03,1.719949724466800862e-04,-1.231879643810406856e-03,3.472230842858821994e-03
1.180068750474218449e-02,-6.947864170148689185e-03,-3.972738436106267382e-03,1.858945812784977265e-04,-1.231119153917773195e-03,3.466027029715179966e-03
1.178733259917262577e-02,-6.940003805704107742e-03,-3.968247382950660165e-03,1.986423246463879923e-04,-1.230291884621276949e-03,3.460034697090133299e-03
1.177398385302443236e-02,-6.932146959355212600e-03,-3.963758057231458673e-03,2.103277242378116568e-04,-1.229403220634194731e-03,3.454237694896771828e-03
1.176064197984669213e-02,-6.924294057281829562e-03,-3.959270719974146251e-03,2.210332990977157070e-04,-1.228458109989705692e-03,3.448621143793483002e-03
1.174730763563269255e-02,-6.916445491242103651e-03,-3.954785611330001970e-03,2.308351172507153300e-04,-1.227461100127310743e-03,3.443171334146284072e-03
1.173398142335860088e-02,-6.908601621290135983e-03,-3.950302952215662376e-03,2.398033038984567137e-04,-1.226416370933990693e-03,3.437875632969211726e-03
1.172066389716237139e-02,-6.900762778276369955e-03,-3.945822945824206153e-03,2.480025095799252822e-04,-1.225327764999877478e-03,3.432722398214490492e-03
1.170735556619529466e-02,-6.892929266152832309e-03,-3.941345779017452720e-03,2.554923414282825236e-04,-1.224198815322281170e-03,3.427700899841483548e-03
1.169405689816824072e-02,-6.885101364095514397e-03,-3.936871623608759023e-03,2.623277604198836067e-04,-1.223032770679475731e-03,3.422801247132059663e-03
1.168076832261938716e-02,-6.877279328460229532e-03,-3.932400637545156383e-03,2.685594472708587250e-04,-1.221832618869968896e-03,3.418014321758536516e-03
1.166749023392344570e-02,-6.869463394582552528e-03,-3.927932965996913835e-03,2.742341394498178943e-04,-1.220601107999835615e-03,3.413331716156882412e-03
1.165422299406431578e-02,-6.861653778437464338e-03,-3.923468742361026218e-03,2.793949415695863797e-04,-1.219340765986244883e-03,3.408745676784950916e-03
1.164096693518843102e-02,-6.853850678168061511e-03,-3.919008089186413329e-03,2.840816112523304824e-04,-1.218053918427914857e-03,3.404249051882426991e-03
1.162772236195774682e-02,-6.846054275491927736e-03,-3.914551119025928491e-03,2.883308223965376418e-04,-1.216742704983351034e-03,3.399835243378317856e-03
1.161448955371594503e-02,-6.838264736998032195e-03,-3.910097935222026956e-03,2.921764076250664074e-04,-1.215409094383199150e-03,3.395498162618361751e-03
1.160126876648419868e-02,-6.830482215341703370e-03,-3.905648632630381954e-03,2.956495815574389664e-04,-1.214054898195631588e-03,3.391232189611416946e-03
1.158806023480142729e-02,-6.822706850344031730e-03,-3.901203298286493818e-03,2.987791464141603573e-04,-1.212681783449319484e-03,3.387032135516680233e-03
1.157486417341545108e-02,-6.814938770004699310e-03,-3.896762012020476857e-03,3.015916813536739815e-04,-1.211291284213074273e-03,3.382893208117316447e-03
1.156168077884537314e-02,-6.807178091436334733e-03,-3.892324847023045844e-03,3.041117168204864074e-04,-1.209884812220429848e-03,3.378810980044293436e-03
1.154851023081769797e-02,-6.799424921724048741e-03,-3.887891870367252319e-03,3.063618950973233585e-04,-1.208463666621124519e-03,3.374781359529674570e-03
1.153535269358981971e-02,-6.791679358716796837e-03,-3.883463143489404145e-03,3.083631181458997765e-04,-1.207029042934005614e-03,3.370800563494924518e-03
1.152220831716987796e-02,-6.783941491756729017e-03,-3.879038722631621226e-03,3.101346837482971803e-04,-1.205582041269144533e-03,3.366865092786816126e-03
1.150907723843979866e-02,-6.776211402352333608e-03,-3.874618659250524209e-03,3.116944108726102955e-04,-1.204123673881427308e-03,3.362971709388981340e-03
1.149595958219028387e-02,-6.768489164795833159e-03,-3.870203000392848959e-03,3.130587551191869704e-04,-1.202654872112569710e-03,3.359117415457818761e-03
1.148285546207324787e-02,-6.760774846733910194e-03,-3.865791789042297144e-03,3.142429150341835738e-04,-1.201176492772669004e-03,3.355299434031849912e-03
1.146976498148041118e-02,-6.753068509693426445e-03,-3.861385064438408333e-03,3.152609300161688267e-04,-1.199689324009703927e-03,3.351515191289657948e-03
1.145668823435128450e-02,-6.745370209563629135e-03,-3.856982862371490742e-03,3.161257704804165550e-04,-1.198194090707858841e-03,3.347762300226543933e-03
1.144362530591876322e-02,-6.737679997043408663e-03,-3.852585215452885518e-03,3.168494209024367257e-04,-1.196691459458882993e-03,3.344038545642438048e-03
1.143057627339488097e-02,-6.729997918049971696e-03,-3.848192153365101280e-03,3.174429562988579463e-04,-1.195182043136319315e-03,3.340341870334833860e-03
1.141754120660260288e-02,-6.722324014098792454e-03,-3.843803703091843663e-03,3.179166126752117896e-04,-1.193666405110015974e-03,3.336670362401939968e-03
1.140452016855899794e-02,-6.714658322649453247e-03,-3.839419889130026714e-03,3.182798519148568347e-04,-1.192145063129449508e-03,3.333022243568191812e-03
1.139151321601027458e-02,-6.707000877428466110e-03,-3.835040733685063721e-03,3.185414215545799652e-04,-1.190618492902744720e-03,3.329395858450997104e-03
1.137852039992655155e-02,-6.699351708723890429e-03,-3.830666256850820059e-03,3.187094098531027646e-04,-1.189087131397902021e-03,3.325789664694114422e-03
1.136554176595684119e-02,-6.691710843656922120e-03,-3.826296476775460555e-03,3.187912965248873988e-04,-1.187551379886962180e-03,3.322202223898910491e-03
1.135257735484788803e-02,-6.684078306433513528e-03,-3.821931409813916075e-03,3.187939994883458696e-04,-1.186011606756853581e-03,3.318632193290746001e-03
1.133962720283013086e-02,-6.676454118574336183e-03,-3.817571070668847148e-03,3.187239179424598682e-04,-1.184468150102393341e-03,3.315078318060875762e-03
1.132669134197354308e-02,-6.668838299128572455e-03,-3.813215472520256437e-03,3.185869720635531744e-04,-1.182921320122786975e-03,3.311539424331336624e-03
1.131376980051527689e-02,-6.661230864868903680e-03,-3.808864627144708040e-03,3.183886395938516920e-04,-1.181371401335226624e-03,3.308014412695583183e-03
1.130086260316084598e-02,-6.653631830471544960e-03,-3.804518545025130719e-03,3.181339895674824931e-04,-1.179818654618723390e-03,3.304502252282737196e-03
1.128796977136292505e-02,-6.646041208683937419e-03,-3.800177235452725528e-03,3.178277133988805154e-04,-1.178263319107744492e-03,3.301001975312960624e-03
1.127509132357552846e-02,-6.638459010476173948e-03,-3.795840706619736226e-03,3.174741535480405915e-04,-1.176705613938256898e-03,3.297512672096931767e-03
1.126222727549236122e-02,-6.630885245183817250e-03,-3.791508965705330230e-03,3.170773299520747500e-04,-1.175145739868070074e-03,3.294033486448667402e-03
1.124937764026158124e-02,-6.623319920635951930e-03,-3.787182018955250612e-03,3.166409643998061929e-04,-1.173583880772185398e-03,3.290563611477207665e-03
1.123654242868700644e-02,-6.615763043276217011e-03,-3.782859871754254248e-03,3.161685030134326366e-04,-1.172020205028534911e-03,3.287102285730157496e-03
1.122372164941206479e-02,-6.608214618271676319e-03,-3.778542528693383095e-03,3.156631369874740882e-04,-1.170454866801613801e-03,3.283648789655183812e-03
1.121091530908892818e-02,-6.600674649615935648e-03,-3.774229993631862158e-03,3.151278217238421891e-04,-1.168888007229269355e-03,3.280202442359725096e-03
1.119812341253578758e-02,-6.593143140221650357e-03,-3.769922269753854874e-03,3.145652944855270496e-04,-1.167319755524526617e-03,3.276762598643841434e-03
1.118534596288005278e-02,-6.585620092006319592e-03,-3.765619359620914642e-03,3.139780906916197090e-04,-1.165750229993010000e-03,3.273328646283120598e-03
1.117258296169071179e-02,-6.578105505973075827e-03,-3.761321265220477720e-03,3.133685589572144021e-04,-1.164179538978714519e-03,3.269900003543177100e-03
1.115983440910096880e-02,-6.570599382281663674e-03,-3.757027988009872289e-03,3.127388749784798744e-04,-1.162607781738601116e-03,3.266476116906189518e-03
1.114710030392004024e-02,-6.563101720317685711e-03,-3.752739528957619187e-03,3.120910543518071439e-04,-1.161035049253513743e-03,3.263056458994989441e-03
1.113438064373729192e-02,-6.555612518753014227e-03,-3.748455888580780934e-03,3.114269644135586796e-04,-1.159461424980746643e-03,3.259640526675477382e-03
1.112167542501692891e-02,-6.548131775604573192e-03,-3.744177066979743375e-03,3.107483351763386291e-04,-1.157886985549194019e-03,3.256227839326794257e-03
1.110898464318634676e-02,-6.540659488285324383e-03,-3.739903063870184032e-03,3.100567694315632368e-04,-1.156311801406800874e-03,3.252817937261833544e-03
1.109630829271666605e-02,-6.533195653653543072e-03,-3.735633878612226299e-03,3.093537520828200165e-04,-1.154735937417983565e-03,3.249410380292574226e-03
1.108364636719712595e-02,-6.525740268057459402e-03,-3.731369510237541025e-03,3.086406587739084161e-04,-1.153159453418742611e-03,3.246004746420406203e-03
1.107099885940335607e-02,-6.518293327376113722e-03,-3.727109957474556388e-03,3.079187638624016239e-04,-1.151582404731324146e-03,3.242600630648112721e-03
1.105836576136138248e-02,-6.510854827057395607e-03,-3.722855218770593829e-03,3.071892477909779246e-04,-1.150004842639349616e-03,3.239197643900160704e-03
1.104574706440485631e-02,-6.503424762152524956e-03,-3.718605292313799729e-03,3.064532039049202802e-04,-1.148426814830355233e-03,3.235795412045635103e-03
1.103314275922891857e-02,-6.496003127349042963e-03,-3.714360176051543887e-03,3.057116447551543373e-04,-1.146848365803944869e-03,3.232393575011379295e-03
1.102055283593931720e-02,-6.488589916999008313e-03,-3.710119867709096419e-03,3.049655079323370646e-04,-1.145269537250608125e-03,3.228991785982719947e-03
1.100797728409790358e-02,-6.481185125147973999e-03,-3.705884364805642726e-03,3.042156614595081928e-04,-1.143690368402111709e-03,3.225589710681526709e-03
1.099541609276424338e-02,-6.473788745558903962e-03,-3.701653664669262832e-03,3.034629087863557960e-04,-1.142110896356040390e-03,3.222187026716629831e-03
1.098286925053422111e-02,-6.466400771734506780e-03,-3.697427764450831288e-03,3.027079934118357438e-04,-1.140531156374773340e-03,3.218783422999077406e-03
1.097033674557522202e-02,-6.459021196941356138e-03,-3.693206661137146858e-03,3.019516031593608455e-04,-1.138951182164564925e-03,3.215378599221996314e-03
1.095781856565891839e-02,-6.451650014225975178e-03,-3.688990351562058609e-03,3.011943741407946428e-04,-1.137371006130206887e-03,3.211972265391428889e-03
1.094531469819085868e-02,-6.444287216436266411e-03,-3.684778832417757652e-03,3.004368944227376508e-04,-1.135790659613228424e-03,3.208564141413736311e-03
1.093282513023889797e-02,-6.436932796235443274e-03,-3.680572100264216644e-03,2.996797074264456176e-04,-1.134210173109015916e-03,3.205153956724397270e-03
1.092034984855735219e-02,-6.429586746118935020e-03,-3.676370151538930261e-03,2.989233150745322577e-04,-1.132629576469023139e-03,3.201741449965346802e-03
1.090788883961169020e-02,-6.422249058427693773e-03,-3.672172982564740097e-03,2.981681807087167846e-04,-1.131048899086388622e-03,3.198326368699215723e-03
1.089544208959934007e-02,-6.414919725361873694e-03,-3.667980589557700774e-03,2.974147317932766062e-04,-1.129468170066615746e-03,3.194908469158708186e-03
1.088300958446944064e-02,-6.407598738991992192e-03,-3.663792968634547488e-03,2.966633624216320005e-04,-1.127887418384691852e-03,3.191487516031609600e-03
1.087059130994171181e-02,-6.400286091270491855e-03,-3.659610115818535524e-03,2.959144356395980034e-04,-1.126306673029404655e-03,3.188063282275963115e-03
1.085818725152225099e-02,-6.392981774042677881e-03,-3.655432027046100294e-03,2.951682856007149564e-04,-1.124725963135398939e-03,3.184635548959728266e-03
1.084579739452042578e-02,-6.385685779054162646e-03,-3.651258698172107041e-03,2.944252195647740914e-04,-1.123145318104790645e-03,3.181204105129751235e-03
1.083342172406140044e-02,-6.378398097960640868e-03,-3.647090124974899754e-03,2.936855197522840900e-04,-1.121564767717516970e-03,3.177768747701030950e-03
1.082106022510093656e-02,-6.371118722336082708e-03,-3.642926303160943288e-03,2.929494450639892199e-04,-1.119984342232552927e-03,3.174329281369065239e-03
1.080871288243630095e-02,-6.363847643679659653e-03,-3.638767228369270326e-03,2.922172326791771927e-04,-1.118404072479382014e-03,3.170885518536546623e-03
1.079637968071820581e-02,-6.356584853422227177e-03,-3.634612896175516781e-03,2.914890995362530196e-04,-1.116823989942379884e-03,3.167437279263851137e-03
1.078406060446010506e-02,-6.349330342932787453e-03,-3.630463302095360018e-03,2.907652437097423405e-04,-1.115244126834802471e-03,3.163984391229598524e-03
1.077175563804879527e-02,-6.342084103524597317e-03,-3.626318441588062894e-03,2.900458456873031775e-04,-1.113664516168621620e-03,3.160526689706419888e-03
1.075946476575238321e-02,-6.334846126459422674e-03,-3.622178310059494342e-03,2.893310695570562260e-04,-1.112085191814660362e-03,3.157064017551405432e-03
1.074718797172843389e-02,-6.327616402953374977e-03,-3.618042902865221955e-03,2.886210641100012434e-04,-1.110506188557643711e-03,3.153596225204595253e-03
1.073492524003180106e-02,-6.320394924180714608e-03,-3.613912215312800949e-03,2.879159638637353237e-04,-1.108927542144260477e-03,3.150123170698026793e-03
1.072267655462105958e-02,-6.313181681278441822e-03,-3.609786242664606536e-03,2.872158900159183393e-04,-1.107349289327423224e-03,3.146644719674775159e-03
1.071044189936496902e-02,-6.305976665349420987e-03,-3.605664980139919491e-03,2.865209513274641394e-04,-1.105771467902698325e-03,3.143160745414406727e-03
1.069822125804834045e-02,-6.298779867466927293e-03,-3.601548422917247218e-03,2.858312449465710099e-04,-1.104194116741501414e-03,3.139671128864287859e-03
1.068601461437776803e-02,-6.291591278676600917e-03,-3.597436566136009029e-03,2.851468571740288158e-04,-1.102617275819275803e-03,3.136175758678168193e-03
1.067382195198631617e-02,-6.284410890000148922e-03,-3.593329404898430897e-03,2.844678641739021414e-04,-1.101040986238780708e-03,3.132674531256371582e-03
1.066164325443805759e-02,-6.277238692438427865e-03,-3.589226934271573782e-03,2.837943326376027656e-04,-1.099465290249605591e-03,3.129167350795010200e-03
1.064947850523301556e-02,-6.270074676972536669e-03,-3.585129149288673270e-03,2.831263203994195871e-04,-1.097890231264459643e-03,3.125654129330345758e-03
1.063732768781059171e-02,-6.262918834567749241e-03,-3.581036044950528224e-03,2.824638770103341965e-04,-1.096315853869857899e-03,3.122134786794487134e-03
1.062519078555349689e-02,-6.255771156174689748e-03,-3.576947616227212079e-03,2.818070442729462785e-04,-1.094742203835907032e-03,3.118609251063437018e-03
1.061306778179192493e-02,-6.248631632731385666e-03,-3.572863858059188713e-03,2.811558567404429674e-04,-1.093169328121017074e-03,3.115077458012457338e-03
1.060095865980542965e-02,-6.241500255164917493e-03,-3.568784765358748359e-03,2.805103421791385761e-04,-1.091597274874296208e-03,3.111539351569101060e-03
1.058886340282766576e-02,-6.234377014394043397e-03,-3.564710333010917467e-03,2.798705220020304024e-04,-1.090026093434472414e-03,3.107994883765328054e-03
1.057678199404781146e-02,-6.227261901329458546e-03,-3.560640555875015621e-03,2.792364116718153784e-04,-1.088455834327103607e-03,3.104444014789935809e-03
1.056471441661451134e-02,-6.220154906876029441e-03,-3.556575428785195472e-03,2.786080210797982392e-04,-1.086886549258156117e-03,3.100886713036622548e-03
1.055266065363778122e-02,-6.213056021933742804e-03,-3.552514946551935462e-03,2.779853548936049167e-04,-1.085318291105562662e-03,3.097322955155240500e-03
1.054062068819118167e-02,-6.205965237398684831e-03,-3.548459103962974849e-03,2.773684128895371808e-04,-1.083751113907944260e-03,3.093752726092441341e-03
1.052859450331528057e-02,-6.198882544165052605e-03,-3.544407895783896999e-03,2.767571902565224302e-04,-1.082185072852804566e-03,3.090176019137852795e-03
1.051658208201862628e-02,-6.191807933124683985e-03,-3.540361316759531914e-03,2.761516778855827698e-04,-1.080620224259521995e-03,3.086592835959174694e-03
1.050458340728068103e-02,-6.184741395169501832e-03,-3.536319361614560786e-03,2.755518626358899304e-04,-1.079056625563371181e-03,3.083003186638917821e-03
1.049259846205361293e-02,-6.177682921191367423e-03,-3.532282025054390290e-03,2.749577275888993302e-04,-1.077494335295659748e-03,3.079407089701612175e-03
1.048062722926411394e-02,-6.170632502083464761e-03,-3.528249301766368199e-03,2.743692522815022769e-04,-1.075933413062467748e-03,3.075804572141083767e-03
1.046866969181549194e-02,-6.163590128740412469e-03,-3.524221186420115580e-03,2.737864129284838704e-04,-1.074373919521950981e-03,3.072195669437772364e-03
1.045672583258971770e-02,-6.156555792059311555e-03,-3.520197673668675181e-03,2.732091826303209201e-04,-1.072815916359505604e-03,3.068580425574966332e-03
1.044479563444862882e-02,-6.149529482940635332e-03,-3.516178758149189273e-03,2.726375315661799066e-04,-1.071259466261352414e-03,3.064958893044772686e-03
1.043287908023638605e-02,-6.142511192288087167e-03,-3.512164434483878474e-03,2.720714271789031222e-04,-1.069704632886063966e-03,3.061331132849763343e-03
1.042097615278066505e-02,-6.135500911009452232e-03,-3.508154697280693127e-03,2.715108343465424652e-04,-1.068151480834808641e-03,3.057697214498557650e-03
1.040908683489485780e-02,-6.128498630017817014e-03,-3.504149541134000262e-03,2.709557155449870557e-04,-1.066600075621087747e-03,3.054057215993220050e-03
1.039721110937923652e-02,-6.121504340230871956e-03,-3.500148960625687304e-03,2.704060310003446516e-04,-1.065050483636242277e-03,3.050411223809234001e-03
1.038534895902293309e-02,-6.114518032571130031e-03,-3.496152950325800458e-03,2.698617388358671445e-04,-1.063502772116942021e-03,3.046759332868285899e-03
1.037350036660548112e-02,-6.107539697967578202e-03,-3.492161504793190457e-03,2.693227952058581463e-04,-1.061957009108113227e-03,3.043101646503193307e-03
1.036166531489881790e-02,-6.100569327355400730e-03,-3.488174618576445844e-03,2.687891544270035377e-04,-1.060413263426722560e-03,3.039438276415186088e-03
1.034984378666836333e-02,-6.093606911676471838e-03,-3.484192286214820179e-03,2.682607691004542045e-04,-1.058871604622532454e-03,3.035769342620985630e-03
1.033803576467490042e-02,-6.086652441878493552e-03,-3.480214502238733378e-03,2.677375902281138760e-04,-1.057332102938835861e-03,3.032094973393028876e-03
1.032624123167636895e-02,-6.079705908917423449e-03,-3.476241261170863288e-03,2.672195673231270792e-04,-1.055794829271013494e-03,3.028415305189486543e-03
1.031446017042941463e-02,-6.072767303755382574e-03,-3.472272557526714237e-03,2.667066485157874758e-04,-1.054259855123883260e-03,3.024730482577518958e-03
1.030269256369105435e-02,-6.065836617362540227e-03,-3.468308385815626650e-03,2.661987806529731338e-04,-1.052727252568260623e-03,3.021040658143115971e-03
1.029093839422015946e-02,-6.058913840717030687e-03,-3.464348740541340396e-03,2.656959093942317220e-04,-1.051197094195265545e-03,3.017345992395722726e-03
1.027919764477944198e-02,-6.051998964804465760e-03,-3.460393616203169195e-03,2.651979793022823896e-04,-1.049669453070831322e-03,3.013646653661346004e-03
1.026747029813696033e-02,-6.045091980618612186e-03,-3.456443007296549231e-03,2.647049339322620301e-04,-1.048144402687366293e-03,3.009942817964426486e-03
1.025575633706798072e-02,-6.038192879161371693e-03,-3.452496908313811529e-03,2.642167159128492454e-04,-1.046622016915585342e-03,3.006234668902982039e-03
1.024405574435629032e-02,-6.031301651443561618e-03,-3.448555313745476063e-03,2.637332670287963090e-04,-1.045102369954360125e-03,3.002522397511405393e-03
1.023236850279658945e-02,-6.024418288483994639e-03,-3.444618218080467732e-03,2.632545282958815799e-04,-1.043585536279207976e-03,2.998806202113853125e-03
1.022069459519558444e-02,-6.017542781310360016e-03,-3.440685615807436044e-03,2.627804400369463896e-04,-1.042071590590907442e-03,2.995086288166855064e-03
1.020903400437419943e-02,-6.010675120958693628e-03,-3.436757501415566973e-03,2.623109419511332236e-04,-1.040560607761282542e-03,2.991362868093730594e-03
1.019738671316920177e-02,-6.003815298474730194e-03,-3.432833869395033113e-03,2.618459731840880821e-04,-1.039052662779357599e-03,2.987636161105228227e-03
1.018575270443491769e-02,-5.996963304912372381e-03,-3.428914714238476876e-03,2.613854723924780997e-04,-1.037547830695035103e-03,2.983906393013407987e-03
1.017413196104512314e-02,-5.990119131334924185e-03,-3.425000030441317962e-03,2.609293778097011894e-04,-1.036046186563315897e-03,2.980173796032977839e-03
1.016252446589502832e-02,-5.983282768815089206e-03,-3.421089812503023183e-03,2.604776273046834653e-04,-1.034547805386432052e-03,2.976438608572652862e-03
1.015093020190270361e-02,-5.976454208434602879e-03,-3.417184054927800783e-03,2.600301584443147048e-04,-1.033052762054999631e-03,2.972701075017391940e-03
1.013934915201135725e-02,-5.969633441284025177e-03,-3.413282752225505531e-03,2.595869085493037343e-04,-1.031561131288058182e-03,2.968961445498784126e-03
1.012778129919100246e-02,-5.962820458464157883e-03,-3.409385898912469220e-03,2.591478147490148816e-04,-1.030072987573308002e-03,2.965219975656769192e-03
1.011622662644043151e-02,-5.956015251084160675e-03,-3.405493489512445657e-03,2.587128140369407458e-04,-1.028588405105104612e-03,2.961476926391585617e-03
1.010468511678881340e-02,-5.949217810263850506e-03,-3.401605518557599024e-03,2.582818433214859022e-04,-1.027107457722666170e-03,2.957732563603191270e-03
1.009315675329806698e-02,-5.942428127131720549e-03,-3.397721980589125772e-03,2.578548394765064989e-04,-1.025630218846139375e-03,2.953987157924344107e-03
1.008164151906424354e-02,-5.935646192825944599e-03,-3.393842870158467195e-03,2.574317393899436626e-04,-1.024156761413328679e-03,2.950240984443264127e-03
1.007013939721987904e-02,-5.928871998494739635e-03,-3.389968181827870183e-03,2.570124800107600202e-04,-1.022687157814650876e-03,2.946494322414964975e-03
1.005865037093568379e-02,-5.922105535295382230e-03,-3.386097910171289270e-03,2.565969983938651343e-04,-1.021221479828460493e-03,2.942747454966383909e-03
1.004717442342242112e-02,-5.915346794395717755e-03,-3.382232049775754038e-03,2.561852317455725215e-04,-1.019759798553732544e-03,2.939000668791282109e-03
1.003571153793269416e-02,-5.908595766972246990e-03,-3.378370595241599397e-03,2.557771174633731220e-04,-1.018302184344458544e-03,2.935254253836518633e-03
1.002426169776343343e-02,-5.901852444212144465e-03,-3.374513541183664280e-03,2.553725931793603067e-04,-1.016848706742247291e-03,2.931508502980970446e-03
1.001282488625707470e-02,-5.895116817311680732e-03,-3.370660882231957343e-03,2.549715967977488561e-04,-1.015399434409040152e-03,2.927763711705604500e-03
1.000140108680385061e-02,-5.888388877477205088e-03,-3.366812613032944129e-03,2.545740665337135216e-04,-1.013954435057924002e-03,2.924020177757197681e-03
9.989990282843511440e-03,-5.881668615925157717e-03,-3.362968728249897919e-03,2.541799409489942248e-04,-1.012513775385874256e-03,2.920278200803764785e-03
9.978592457867344404e-03,-5.874956023881222275e-03,-3.359129222563941430e-03,2.537891589878226687e-04,-1.011077521004822601e-03,2.916538082084975305e-03
9.967207595420109548e-03,-5.868251092581887145e-03,-3.355294090674922850e-03,2.534016600093929998e-04,-1.009645736372445429e-03,2.912800124053923495e-03
9.955835679101219388e-03,-5.861553813272631780e-03,-3.351463327302299684e-03,2.530173838202167324e-04,-1.008218484722567167e-03,2.909064630016350989e-03
9.944476692567644563e-03,-5.854864177209138411e-03,-3.347636927185493935e-03,2.526362707051335870e-04,-1.006795827997815493e-03,2.905331903760664108e-03
9.933130619534892222e-03,-5.848182175657500211e-03,-3.343814885085279881e-03,2.522582614551051208e-04,-1.005377826778725350e-03,2.901602249188067837e-03
9.921797443778740747e-03,-5.841507799893264595e-03,-3.339997195784448914e-03,2.518832973965467884e-04,-1.003964540215407548e-03,2.897875969933818435e-03
9.910477149137713465e-03,-5.834841041201977059e-03,-3.336183854088096198e-03,2.515113204160041114e-04,-1.002556025958636649e-03,2.894153368987827275e-03
9.899169719514020610e-03,-5.828181890878883671e-03,-3.332374854824865767e-03,2.511422729851593141e-04,-1.001152340091554472e-03,2.890434748311167257e-03
9.887875138875703435e-03,-5.821530340230135839e-03,-3.328570192847615794e-03,2.507760981845059620e-04,-9.997535370616004134e-04,2.886720408449356106e-03
9.876593391257848520e-03,-5.814886380571187424e-03,-3.324769863033949849e-03,2.504127397246995045e-04,-9.983596696117094920e-04,2.883010648146984954e-03
9.865324460764886283e-03,-5.808250003227158169e-03,-3.320973860287014003e-03,2.500521419662443266e-04,-9.969707887145860641e-04,2.879305763957156188e-03
9.854068331571355990e-03,-5.801621199533811210e-03,-3.317182179536199826e-03,2.496942499393045079e-04,-9.955869435050123100e-04,2.875606049853674743e-03
9.842824987923923241e-03,-5.794999960836976285e-03,-3.313394815737854323e-03,2.493390093602957476e-04,-9.942081812148635418e-04,2.871911796839613385e-03
9.831594414142873564e-03,-5.788386278491952121e-03,-3.309611763875747008e-03,2.489863666478364722e-04,-9.928345471080818763e-04,2.868223292561873639e-03
9.820376594623246927e-03,-5.781780143864465732e-03,-3.305833018961837084e-03,2.486362689369335370e-04,-9.914660844166944299e-04,2.864540820925316061e-03
9.809171513836079798e-03,-5.775181548330142467e-03,-3.302058576036888838e-03,2.482886640923918009e-04,-9.901028342777522164e-04,2.860864661704784137e-03
9.797979156330656816e-03,-5.768590483274797440e-03,-3.298288430170753533e-03,2.479435007198241996e-04,-9.887448356719660391e-04,2.857195090167703472e-03
9.786799506734411916e-03,-5.762006940094236904e-03,-3.294522576463331746e-03,2.476007281758931737e-04,-9.873921253637136814e-04,2.853532376696458952e-03
9.775632549755167849e-03,-5.755430910193715284e-03,-3.290761010044846151e-03,2.472602965774597082e-04,-9.860447378415156897e-04,2.849876786414230062e-03
9.764478270181826611e-03,-5.748862384989635206e-03,-3.287003726076248751e-03,2.469221568076624546e-04,-9.847027052612281669e-04,2.846228578818728750e-03
9.753336652885439759e-03,-5.742301355907387765e-03,-3.283250719749972006e-03,2.465862605232394021e-04,-9.833660573905804100e-04,2.842588007422268588e-03
9.742207682820453948e-03,-5.735747814383337917e-03,-3.279501986290067183e-03,2.462525601576563434e-04,-9.820348215544060042e-04,2.838955319395299916e-03
9.731091345025326758e-03,-5.729201751862826944e-03,-3.275757520952770306e-03,2.459210089261643518e-04,-9.807090225839151711e-04,2.835330755222162206e-03
9.719987624623491196e-03,-5.722663159802366881e-03,-3.272017319026909385e-03,2.455915608263308241e-04,-9.793886827655195592e-04,2.831714548360971580e-03
9.708896506824207448e-03,-5.716132029667555375e-03,-3.268281375834136433e-03,2.452641706387241540e-04,-9.780738217939910235e-04,2.828106924916281954e-03
9.697817976923388608e-03,-5.709608352934505970e-03,-3.264549686729293927e-03,2.449387939278601864e-04,-9.767644567270853794e-04,2.824508103320097149e-03
9.686752020303741190e-03,-5.703092121089076150e-03,-3.260822247100754814e-03,2.446153870396245811e-04,-9.754606019411678512e-04,2.820918294022097417e-03
9.675698622435823307e-03,-5.696583325627532605e-03,-3.257099052370523995e-03,2.442939070974222142e-04,-9.741622690920821552e-04,2.817337699194010902e-03
9.664657768878152228e-03,-5.690081958056103680e-03,-3.253380097994612585e-03,2.439743120002501719e-04,-9.728694670768494321e-04,2.813766512445412156e-03
9.653629445277974591e-03,-5.683588009890601193e-03,-3.249665379463059171e-03,2.436565604173725555e-04,-9.715822019983092698e-04,2.810204918550981111e-03
9.642613637370929872e-03,-5.677101472657227962e-03,-3.245954892300277183e-03,2.433406117812716225e-04,-9.703004771326504503e-04,2.806653093192108209e-03
9.631610330982068660e-03,-5.670622337891915998e-03,-3.242248632064983777e-03,2.430264262813184857e-04,-9.690242929007075647e-04,2.803111202714500191e-03
9.620619512024877751e-03,-5.664150597140867743e-03,-3.238546594350487362e-03,2.427139648563788265e-04,-9.677536468414875068e-04,2.799579403898233825e-03
9.609641166502551693e-03,-5.657686241960222136e-03,-3.234848774784400936e-03,2.424031891855848715e-04,-9.664885335897123930e-04,2.796057843743161939e-03
9.598675280506809709e-03,-5.651229263915953996e-03,-3.231155169029008550e-03,2.420940616795020175e-04,-9.652289448561840110e-04,2.792546659273531951e-03
9.587721840218350194e-03,-5.644779654584007600e-03,-3.227465772780972568e-03,2.417865454695692718e-04,-9.639748694114946576e-04,2.789045977356730249e-03
9.576780831906359787e-03,-5.638337405550383416e-03,-3.223780581771495003e-03,2.414806043964887205e-04,-9.627262930739639802e-04,2.785555914539702537e-03
9.565852241928417959e-03,-5.631902508410681872e-03,-3.220099591765871253e-03,2.411762030002306486e-04,-9.614831987014640924e-04,2.782076576904260988e-03
9.554936056729411084e-03,-5.625474954770939492e-03,-3.216422798563776334e-03,2.408733065067625528e-04,-9.602455661853096609e-04,2.778608059939283691e-03
9.544032262841702433e-03,-5.619054736247049500e-03,-3.212750197998717576e-03,2.405718808158454161e-04,-9.590133724508082469e-04,2.775150448433044703e-03
9.533140846883867564e-03,-5.612641844464276962e-03,-3.209081785938133497e-03,2.402718924881120776e-04,-9.577865914597419360e-04,2.771703816385309542e-03
9.522261795560446260e-03,-5.606236271058487840e-03,-3.205417558282785788e-03,2.399733087307584750e-04,-9.565651942175910525e-04,2.768268226935447808e-03
9.511395095660559948e-03,-5.599838007674792437e-03,-3.201757510966833468e-03,2.396760973851983488e-04,-9.553491487856545636e-04,2.764843732315768257e-03
9.500540734057375675e-03,-5.593447045968552404e-03,-3.198101639957195378e-03,2.393802269112186578e-04,-9.541384202962002866e-04,2.761430373821410506e-03
9.489698697706714856e-03,-5.587063377604672108e-03,-3.194449941253493797e-03,2.390856663744270931e-04,-9.529329709740451751e-04,2.758028181802917381e-03
9.478868973646394080e-03,-5.580686994258524103e-03,-3.190802410887169302e-03,2.387923854305368384e-04,-9.517327601603114886e-04,2.754637175678022794e-03
9.468051548994018546e-03,-5.574317887614582169e-03,-3.187159044921707585e-03,2.385003543114988381e-04,-9.505377443424737217e-04,2.751257363966229125e-03
9.457246410946754805e-03,-5.567956049367234900e-03,-3.183519839451478053e-03,2.382095438102562618e-04,-9.493478771888857809e-04,2.747888744344389490e-03
9.446453546778985425e-03,-5.561601471221143921e-03,-3.179884790601697833e-03,2.379199252676688899e-04,-9.481631095880484021e-04,2.744531303722065000e-03
9.435672943841205695e-03,-5.555254144889947183e-03,-3.176253894527636401e-03,2.376314705566195235e-04,-9.469833896919054635e-04,2.741185018341002044e-03
9.424904589558099829e-03,-5.548914062097815014e-03,-3.172627147414102539e-03,2.373441520678499399e-04,-9.458086629652584509e-04,2.737849853894059726e-03
9.414148471426839193e-03,-5.542581214578293052e-03,-3.169004545474914808e-03,2.370579426970855039e-04,-9.446388722405764556e-04,2.734525765667585560e-03
9.403404577015371871e-03,-5.536255594074295308e-03,-3.165386084951866789e-03,2.367728158304401530e-04,-9.434739577757829572e-04,2.731212698704008068e-03
9.392672893960255995e-03,-5.529937192339254293e-03,-3.161771762114459934e-03,2.364887453302275252e-04,-9.423138573197122536e-04,2.727910587986894474e-03
9.381953409964824409e-03,-5.523626001135482563e-03,-3.158161573258905230e-03,2.362057055239351105e-04,-9.411585061816896526e-04,2.724619358646667225e-03
9.371246112796629418e-03,-5.517322012235170194e-03,-3.154555514707469213e-03,2.359236711898245826e-04,-9.400078373064545047e-04,2.721338926188769571e-03
9.360550990285640416e-03,-5.511025217420417732e-03,-3.150953582807482570e-03,2.356426175458118961e-04,-9.388617813542735275e-04,2.718069196742619632e-03
9.349868030321444035e-03,-5.504735608482256952e-03,-3.147355773930845743e-03,2.353625202376289640e-04,-9.377202667867512876e-04,2.714810067331784472e-03
9.339197220851407077e-03,-5.498453177221962300e-03,-3.143762084472687124e-03,2.350833553282662938e-04,-9.365832199594464370e-04,2.711561426163168476e-03
9.328538549877515851e-03,-5.492177915450404714e-03,-3.140172510850798831e-03,2.348050992873677823e-04,-9.354505652179234600e-04,2.708323152940747634e-03
9.317892005453952756e-03,-5.485909814987431458e-03,-3.136587049504608454e-03,2.345277289821181047e-04,-9.343222250000721932e-04,2.705095119196098546e-03
9.307257575684813392e-03,-5.479648867662602514e-03,-3.133005696893990336e-03,2.342512216690783471e-04,-9.331981199456622269e-04,2.701877188639482605e-03
9.296635248720494862e-03,-5.473395065315179303e-03,-3.129428449498645841e-03,2.339755549854135371e-04,-9.320781690097066502e-04,2.698669217532713958e-03
9.286025012755433697e-03,-5.467148399793824581e-03,-3.125855303816692590e-03,2.337007069431637463e-04,-9.309622895823509593e-04,2.695471055078699045e-03
9.275426856025177635e-03,-5.460908862956047327e-03,-3.122286256363660927e-03,2.334266559223515736e-04,-9.298503976152110162e-04,2.692282543831984055e-03
9.264840766802602198e-03,-5.454676446669741441e-03,-3.118721303671665151e-03,2.331533806671375910e-04,-9.287424077525268176e-04,2.689103520126967951e-03
9.254266733395875855e-03,-5.448451142811952357e-03,-3.115160442287766372e-03,2.328808602813569543e-04,-9.276382334694579027e-04,2.685933814524801063e-03
9.243704744144093724e-03,-5.442232943268119835e-03,-3.111603668773230916e-03,2.326090742263176600e-04,-9.265377872147819230e-04,2.682773252276161174e-03
9.233154787414866310e-03,-5.436021839933976620e-03,-3.108050979702159031e-03,2.323380023192197510e-04,-9.254409805619094771e-04,2.679621653806051485e-03
9.222616851600430252e-03,-5.429817824714564846e-03,-3.104502371660276209e-03,2.320676247327056708e-04,-9.243477243633175426e-04,2.676478835209927624e-03
9.212090925114371429e-03,-5.423620889523674861e-03,-3.100957841243652102e-03,2.317979219964689489e-04,-9.232579289136456837e-04,2.673344608770617924e-03
9.201576996388139904e-03,-5.417431026285008354e-03,-3.097417385057453249e-03,2.315288749990090629e-04,-9.221715041169022522e-04,2.670218783489575545e-03
9.191075053867507616e-03,-5.411248226930927621e-03,-3.093880999714507165e-03,2.312604649929787782e-04,-9.210883596619830584e-04,2.667101165633367112e-03
9.180585086008550763e-03,-5.405072483403073128e-03,-3.090348681834209892e-03,2.309926735983538397e-04,-9.200084052019311901e-04,2.663991559297717616e-03
9.170107081274176883e-03,-5.398903787652333149e-03,-3.086820428040909243e-03,2.307254828111896395e-04,-9.189315505424434493e-04,2.660889766984125132e-03
9.159641028130495813e-03,-5.392742131638948722e-03,-3.083296234962674444e-03,2.304588750097490461e-04,-9.178577058338936159e-04,2.657795590192703426e-03
9.149186915042495025e-03,-5.386587507332170170e-03,-3.079776099229714938e-03,2.301928329672140513e-04,-9.167867817722691543e-04,2.654708830027359759e-03
9.138744730470453950e-03,-5.380439906710015111e-03,-3.076260017473089747e-03,2.299273398603319846e-04,-9.157186898046985402e-04,2.651629287818767482e-03
9.128314462865735543e-03,-5.374299321759836573e-03,-3.072747986323235130e-03,2.296623792851862638e-04,-9.146533423428877341e-04,2.648556765754789266e-03
9.117896100666687126e-03,-5.368165744478184224e-03,-3.069240002408317458e-03,2.293979352699059004e-04,-9.135906529825453537e-04,2.645491067530793706e-03
9.107489632294643589e-03,-5.362039166870685540e-03,-3.065736062352959496e-03,2.291339922933872052e-04,-9.125305367288168200e-04,2.642431999007648514e-03
9.097095046149809155e-03,-5.355919580951194921e-03,-3.062236162776277564e-03,2.288705353013924823e-04,-9.114729102303413804e-04,2.639379368886621627e-03
9.086712330606582302e-03,-5.349806978743435609e-03,-3.058740300290814246e-03,2.286075497293346736e-04,-9.104176920178516132e-04,2.636332989394603483e-03
9.076341474009482629e-03,-5.343701352279182568e-03,-3.055248471500690913e-03,2.283450215225365165e-04,-9.093648027511450332e-04,2.633292676982583458e-03
9.065982464669011809e-03,-5.337602693599808115e-03,-3.051760672999857382e-03,2.280829371611853545e-04,-9.083141654726320340e-04,2.630258253036567295e-03
9.055635290856428599e-03,-5.331510994755504773e-03,-3.048276901370890624e-03,2.278212836857567022e-04,-9.072657058672098243e-04,2.627229544600948128e-03
9.045299940800204802e-03,-5.325426247804775255e-03,-3.044797153182718374e-03,2.275600487244718549e-04,-9.062193525303638333e-04,2.624206385116561926e-03
9.034976402680715279e-03,-5.319348444815380494e-03,-3.041321424989469439e-03,2.272992205242160282e-04,-9.051750372424586079e-04,2.621188615167075256e-03
9.024664664625882057e-03,-5.313277577863750704e-03,-3.037849713328497851e-03,2.270387879804964084e-04,-9.041326952506231144e-04,2.618176083242949263e-03
9.014364714706415982e-03,-5.307213639034733844e-03,-3.034382014718602603e-03,2.267787406719732062e-04,-9.030922655580330078e-04,2.615168646514957201e-03
9.004076540427391820e-03,-5.301156620425913346e-03,-3.030918324801868194e-03,2.265190692139775711e-04,-9.020536909696105126e-04,2.612166171109139845e-03
8.993800127244369266e-03,-5.295106514154725684e-03,-3.027458635822152973e-03,2.262597480031015732e-04,-9.010169111092260772e-04,2.609168550382276030e-03
8.983535460215224394e-03,-5.289063312351302039e-03,-3.024002939432205231e-03,2.260004961562548796e-04,-8.999818438039446870e-04,2.606175959276515498e-03
8.973282524534208562e-03,-5.283027007153972762e-03,-3.020551227592664992e-03,2.257401390054438101e-04,-8.989484028262580270e-04,2.603189534073383285e-03
8.963041305521982430e-03,-5.276997590710056675e-03,-3.017103492548370292e-03,2.254759573347528585e-04,-8.979164999127478217e-04,2.600212066331420574e-03
8.952811788617060298e-03,-5.270975055175021462e-03,-3.013659726806266342e-03,2.252032452781580461e-04,-8.968860413799612571e-04,2.597248478967174000e-03
8.942593959367793957e-03,-5.264959392713475933e-03,-3.010219923115025568e-03,2.249150652892405232e-04,-8.958569261051862413e-04,2.594306100613275740e-03
8.932387803424623671e-03,-5.258950595497563670e-03,-3.006784074446545042e-03,2.246021715849951970e-04,-8.948290445120748874e-04,2.591394772312895396e-03
8.922193306533874810e-03,-5.252948655708727238e-03,-3.003352173978468716e-03,2.242530762207467238e-04,-8.938022782296231161e-04,2.588526816938365328e-03
8.912010454530834569e-03,-5.246953565536319544e-03,-2.999924215078673788e-03,2.238542341757134902e-04,-8.927765001694392506e-04,2.585716898234815143e-03
8.901839233334429835e-03,-5.240965317178178026e-03,-2.996500191290192485e-03,2.233903255993663849e-04,-8.917515748402723682e-04,2.582981793166546584e-03
8.891679628941280555e-03,-5.234983902840452917e-03,-2.993080096318240235e-03,2.228446148587012894e-04,-8.907273587760895783e-04,2.580340098235686056e-03
8.881531627421260580e-03,-5.229009314737407751e-03,-2.989663924017662774e-03,2.221993673260898110e-04,-8.897037010234618709e-04,2.577811887715465104e-03
8.871395214912942279e-03,-5.223041545091995294e-03,-2.986251668381324342e-03,2.214363060585999984e-04,-8.886804436901726920e-04,2.575418339231804864e-03
8.861270377619115748e-03,-5.217080586134867012e-03,-2.982843323529776533e-03,2.205370916966613109e-04,-8.876574225967514588e-04,2.573181339878017563e-03
8.851157101802816299e-03,-5.211126430105680191e-03,-2.979438883701699108e-03,2.194838101236576368e-04,-8.866344681164771901e-04,2.571123084017729217e-03
8.841055373784300828e-03,-5.205179069252275671e-03,-2.976038343244622689e-03,2.182594537067648649e-04,-8.856114063077878858e-04,2.569265672140836308e-03
8.830965179937432658e-03,-5.199238495830066364e-03,-2.972641696607027529e-03,2.168483832898691985e-04,-8.845880604493792888e-04,2.567630718526152205e-03
8.820886506686243314e-03,-5.193304702103673960e-03,-2.969248938330768407e-03,2.152367595823437166e-04,-8.835642530930916090e-04,2.566238974079627054e-03
8.810819340502967084e-03,-5.187377680345763194e-03,-2.965860063043813943e-03,2.134129341191429131e-04,-8.825398087261631871e-04,2.565109969473187371e-03
8.800763667904706877e-03,-5.181457422836550052e-03,-2.962475065454158590e-03,2.113677916003020563e-04,-8.815145571135604881e-04,2.564261682661520166e-03
8.790719475451692563e-03,-5.175543921865818388e-03,-2.959093940343714667e-03,2.090950370787972973e-04,-8.804883373533143546e-04,2.563710233916971590e-03
8.780686749744416944e-03,-5.169637169731101933e-03,-2.955716682562948595e-03,2.065914231647717522e-04,-8.794610026401558905e-04,2.563469610741767567e-03
8.770665477422003378e-03,-5.163737158738168284e-03,-2.952343287025850638e-03,2.038569140820636568e-04,-8.784324256845987442e-04,2.563551424342089529e-03
8.760655645160639327e-03,-5.157843881200776040e-03,-2.948973748705231625e-03,2.008947850478489847e-04,-8.774025046899775263e-04,2.563964698771429782e-03
8.750657239671059268e-03,-5.151957329441798905e-03,-2.945608062628513654e-03,1.977116569737849083e-04,-8.763711697482144290e-04,2.564715693368517513e-03
8.740670247697798767e-03,-5.146077495792394756e-03,-2.942246223873849938e-03,1.943174679316973265e-04,-8.753383894716655579e-04,2.565807758724129774e-03
8.730694656016908112e-03,-5.140204372591540734e-03,-2.938888227566631949e-03,1.907253840855889775e-04,-8.743041776462030963e-04,2.567241226065654098e-03
8.720730451435272298e-03,-5.134337952187153012e-03,-2.935534068875808329e-03,1.869516539338142230e-04,-8.732685996667660742e-04,2.569013329689892773e-03
8.710777620789068865e-03,-5.128478226935018203e-03,-2.932183743011123646e-03,1.830154106333818122e-04,-8.722317784966408544e-04,2.571118161853057273e-03
8.700836150942709707e-03,-5.122625189199443013e-03,-2.928837245220142042e-03,1.789384279525100315e-04,-8.711938998897329669e-04,2.573546659342636819e-03
8.690906028787569529e-03,-5.116778831353881347e-03,-2.925494570785832932e-03,1.747448359793209844e-04,-8.701552166168567823e-04,2.576286620820254260e-03
8.680987241241330116e-03,-5.110939145778752891e-03,-2.922155715023887386e-03,1.704608031228246911e-04,-8.691160514526250023e-04,2.579322753886711082e-03
8.671079775246733068e-03,-5.105106124864206528e-03,-2.918820673280727532e-03,1.661141912044802025e-04,-8.680767987074857438e-04,2.582636750707530994e-03
8.661183617771210305e-03,-5.099279761008070760e-03,-2.915489440931320810e-03,1.617341905253966952e-04,-8.670379241196903572e-04,2.586207390908787200e-03
8.651298755805458124e-03,-5.093460046617044601e-03,-2.912162013377602669e-03,1.573509417882458625e-04,-8.659999629658353274e-04,2.590010670324050836e-03
8.641425176363213417e-03,-5.087646974105943833e-03,-2.908838386046384058e-03,1.529951515766928287e-04,-8.649635162985216822e-04,2.594019954018669978e-03
8.631562866480681218e-03,-5.081840535898201477e-03,-2.905518554387924186e-03,1.486977078603636570e-04,-8.639292452698604536e-04,2.598206151850624562e-03
8.621711813215278755e-03,-5.076040724425423707e-03,-2.902202513874530595e-03,1.444893016144610054e-04,-8.628978635549594762e-04,2.602537914654846039e-03
8.611872003646004956e-03,-5.070247532127659593e-03,-2.898890259999035643e-03,1.404000601953851594e-04,-8.618701279499951491e-04,2.606981848954216356e-03
8.602043424872059599e-03,-5.064460951453938001e-03,-2.895581788273725744e-03,1.364591975745851535e-04,-8.608468272650475527e-04,2.611502747965586523e-03
8.592226064012848524e-03,-5.058680974861136555e-03,-2.892277094229153515e-03,1.326946858978778152e-04,-8.598287696932053114e-04,2.616063836553894802e-03
8.582419908207523929e-03,-5.052907594814464755e-03,-2.888976173412920873e-03,1.291329521719192014e-04,-8.588167688757670755e-04,2.620627027752005928e-03
8.572624944614283538e-03,-5.047140803787821331e-03,-2.885679021389001182e-03,1.257986031273645295e-04,-8.578116289275965157e-04,2.625153188522523842e-03
8.562841160410249175e-03,-5.041380594264188893e-03,-2.882385633736633812e-03,1.227141805797199643e-04,-8.568141287199407524e-04,2.629602412572362106e-03
8.553068542791213494e-03,-5.035626958733968594e-03,-2.879096006049350950e-03,1.198999488669442846e-04,-8.558250057410807330e-04,2.633934298272978900e-03
8.543307078970859350e-03,-5.029879889696503223e-03,-2.875810133934698747e-03,1.173737152598958833e-04,-8.548449398750301289e-04,2.638108230036656943e-03
8.533556756180803171e-03,-5.024139379659166467e-03,-2.872528013013130564e-03,1.151506836439272286e-04,-8.538745374494617971e-04,2.642083661863499269e-03
8.523817561670640058e-03,-5.018405421138190381e-03,-2.869249638917370764e-03,1.132433412814665201e-04,-8.529143159077216124e-04,2.645820402081446379e-03
8.514089482706821421e-03,-5.012678006658485841e-03,-2.865975007291994905e-03,1.116613780882330312e-04,-8.519646894547248418e-04,2.649278898635156875e-03
8.504372506573263865e-03,-5.006957128752570485e-03,-2.862704113792836902e-03,1.104116376291175802e-04,-8.510259560210142434e-04,2.652420524447643684e-03
8.494666620570554688e-03,-5.001242779961885369e-03,-2.859436954086399217e-03,1.094980988923135420e-04,-8.500982858731997646e-04,2.655207862468757576e-03
8.484971812015892900e-03,-4.995534952836248530e-03,-2.856173523849534976e-03,1.089218878702407310e-04,-8.491817121761936283e-04,2.657604989968254117e-03
8.475288068243306064e-03,-4.989833639933952125e-03,-2.852913818768718513e-03,1.086813179666043522e-04,-8.482761237929539906e-04,2.659577761421020627e-03
8.465615376602694461e-03,-4.984138833821320953e-03,-2.849657834540158998e-03,1.087719582722370532e-04,-8.473812605665190147e-04,2.661094089036141874e-03
8.455953724460492024e-03,-4.978450527073748078e-03,-2.846405566868774346e-03,1.091867287325911111e-04,-8.464967112979989838e-04,2.662124219583753178e-03
8.446303099199012343e-03,-4.972768712274171742e-03,-2.843157011468473109e-03,1.099160211714899586e-04,-8.456219145821557365e-04,2.662641005758987350e-03
8.436663488216256113e-03,-4.967093382015105862e-03,-2.839912164061432400e-03,1.109478449991320741e-04,-8.447561626163063806e-04,2.662620169904202777e-03
8.427034878926192157e-03,-4.961424528896323308e-03,-2.836671020377979496e-03,1.122679962341450522e-04,-8.438986080320507507e-04,2.662040557526358913e-03
8.417417258758131196e-03,-4.955762145526179489e-03,-2.833433576156381504e-03,1.138602481979799204e-04,-8.430482737445730125e-04,2.660884377753976616e-03
8.407810615157237585e-03,-4.950106224522104158e-03,-2.830199827142301089e-03,1.157065619363759507e-04,-8.422040657387873950e-04,2.659137427624777821e-03
8.398214935583590834e-03,-4.944456758509194541e-03,-2.826969769089114799e-03,1.177873140901532077e-04,-8.413647886421754801e-04,2.656789296940187829e-03
8.388630207512811840e-03,-4.938813740121348120e-03,-2.823743397757131138e-03,1.200815396010096854e-04,-8.405291638651464026e-04,2.653833550311890648e-03
8.379056418435814821e-03,-4.933177162000484603e-03,-2.820520708913674263e-03,1.225671863299463121e-04,-8.396958500153854470e-04,2.650267882964417281e-03
8.369493555858472517e-03,-4.927547016797114918e-03,-2.817301698332907046e-03,1.252213783788792129e-04,-8.388634652227095530e-04,2.646094246833667098e-03
8.359941607301579758e-03,-4.921923297169898855e-03,-2.814086361795662804e-03,1.280206846821071911e-04,-8.380306109505550370e-04,2.641318943477316810e-03
8.350400560300784078e-03,-4.916305995785811601e-03,-2.810874695089370275e-03,1.309413892354295377e-04,-8.371958968086480645e-04,2.635952680345088860e-03
8.340870402407229295e-03,-4.910695105320889674e-03,-2.807666694007505438e-03,1.339597592114248029e-04,-8.363579658352939331e-04,2.630010586978327822e-03
8.331351121186082731e-03,-4.905090618458404252e-03,-2.804462354350014796e-03,1.370523071293006990e-04,-8.355155196773707965e-04,2.623512187812435028e-03
8.321842704217721765e-03,-4.899492527890621923e-03,-2.801261671922951075e-03,1.401960432357942689e-04,-8.346673430713861695e-04,2.616481328394243584e-03
8.312345139097057287e-03,-4.893900826317940794e-03,-2.798064642538207816e-03,1.433687143094571244e-04,-8.338123270164274651e-04,2.608946052084742777e-03
8.302858413433547580e-03,-4.888315506448796810e-03,-2.794871262013784788e-03,1.465490252165333926e-04,-8.329494900333145281e-04,2.600938424675952945e-03
8.293382514851318013e-03,-4.882736561000636938e-03,-2.791681526173265399e-03,1.497168397695471554e-04,-8.320779969288988852e-04,2.592494304848634058e-03
8.283917430989110736e-03,-4.877163982698641542e-03,-2.788495430846014891e-03,1.528533577161257043e-04,-8.311971745211065412e-04,2.583653059069861840e-03
8.274463149499885692e-03,-4.871597764276336742e-03,-2.785312971867066282e-03,1.559412650880541451e-04,-8.303065238409615498e-04,2.574457220347079172e-03
8.265019658051134602e-03,-4.866037898475779160e-03,-2.782134145077073094e-03,1.589648556297348068e-04,-8.294057284058704155e-04,2.564952091260434656e-03
8.255586944324848006e-03,-4.860484378046672077e-03,-2.778958946322033531e-03,1.619101216010762135e-04,-8.284946582564757349e-04,2.555185292864371824e-03
8.246164996017405976e-03,-4.854937195747566735e-03,-2.775787371453352931e-03,1.647648129504612042e-04,-8.275733695579719652e-04,2.545206262353815699e-03
8.236753800839059433e-03,-4.849396344345325433e-03,-2.772619416327971702e-03,1.675184645814909985e-04,-8.266420996980610499e-04,2.535065703838691731e-03
8.227353346514894653e-03,-4.843861816614605451e-03,-2.769455076807917759e-03,1.701623922784319207e-04,-8.257012579493878436e-04,2.524814998091861554e-03
8.217963620783782022e-03,-4.838333605338375996e-03,-2.766294348760675592e-03,1.726896586675279763e-04,-8.247514119022280156e-04,2.514505578714794180e-03
8.208584611399052586e-03,-4.832811703308447296e-03,-2.763137228058784242e-03,1.750950114444969376e-04,-8.237932700259961022e-04,2.504188283732014953e-03
8.199216306128109463e-03,-4.827296103323662144e-03,-2.759983710580042864e-03,1.773747968752157700e-04,-8.228276608430814707e-04,2.493912693145281228e-03
8.189858692752457342e-03,-4.821786798191887366e-03,-2.756833792207324246e-03,1.795268522749412425e-04,-8.218555093380371579e-04,2.483726464376833764e-03
8.180511759067841254e-03,-4.816283780729591416e-03,-2.753687468828512359e-03,1.815503817427783877e-04,-8.208778113194870919e-04,2.473674678764737050e-03
8.171175492883993308e-03,-4.810787043760663892e-03,-2.750544736336651541e-03,1.834458198229695915e-04,-8.198956065519628000e-04,2.463799213285920199e-03
8.161849882024644828e-03,-4.805296580117049583e-03,-2.747405590629771726e-03,1.852146879580760647e-04,-8.189099515155504223e-04,2.454138152432178231e-03
8.152534914327486462e-03,-4.799812382639719911e-03,-2.744270027610877603e-03,1.868594485617634110e-04,-8.179218926945287490e-04,2.444725255627911657e-03
8.143230577644513385e-03,-4.794334444177001525e-03,-2.741138043187870982e-03,1.883833612608242631e-04,-8.169324412725606239e-04,2.435589495705805119e-03
8.133936859841352229e-03,-4.788862757586056021e-03,-2.738009633273667028e-03,1.897903453325520073e-04,-8.159425500801592134e-04,2.426754683816067723e-03
8.124653748797882116e-03,-4.783397315731034195e-03,-2.734884793785934045e-03,1.910848516034498970e-04,-8.149530935647307127e-04,2.418239195661559416e-03
8.115381232407571990e-03,-4.777938111485705887e-03,-2.731763520647400960e-03,1.922717461235379699e-04,-8.139648514506826662e-04,2.410055813241709140e-03
8.106119298578047874e-03,-4.772485137731313255e-03,-2.728645809785552444e-03,1.933562068149109780e-04,-8.129784966334488916e-04,2.402211695362450362e-03
8.096867935230692148e-03,-4.767038387356965431e-03,-2.725531657132672717e-03,1.943436330661885614e-04,-8.119945877160991135e-04,2.394708489104546961e-03
8.087627130300922840e-03,-4.761597853260223119e-03,-2.722421058625805641e-03,1.952395669989463484e-04,-8.110135664489685368e-04,2.387542593344948571e-03
8.078396871737600349e-03,-4.756163528346063832e-03,-2.719314010207068717e-03,1.960496239197909467e-04,-8.100357601921963748e-04,2.380705584319105575e-03
8.069177147503962463e-03,-4.750735405528741517e-03,-2.716210507822951377e-03,1.967794283799963596e-04,-8.090613893962285029e-04,2.374184812316219167e-03
8.059967945576325052e-03,-4.745313477729849738e-03,-2.713110547425076537e-03,1.974345514038442905e-04,-8.080905799935902880e-04,2.367964177892172960e-03
8.050769253945449025e-03,-4.739897737878753618e-03,-2.710014124969591705e-03,1.980204438793482400e-04,-8.071233805242454453e-04,2.362025095657022469e-03
8.041581060615636545e-03,-4.734488178913864864e-03,-2.706921236417277835e-03,1.985423609613054801e-04,-8.061597838058257763e-04,2.356347653834074945e-03
8.032403353604536736e-03,-4.729084793780943471e-03,-2.703831877733992549e-03,1.990052760923795999e-04,-8.051997388612196433e-04,2.350911941453838732e-03
8.023236120944287134e-03,-4.723687575433768195e-03,-2.700746044889848745e-03,1.994138136507717140e-04,-8.042431326007689653e-04,2.345699155625933716e-03
8.014079350679933350e-03,-4.718296516834564157e-03,-2.697663733860012573e-03,1.997722403367537241e-04,-8.032898412183375010e-04,2.340691940553701542e-03
8.004933030870678076e-03,-4.712911610953288144e-03,-2.694584940624080664e-03,2.000844897464844731e-04,-8.023397453071054236e-04,2.335874309679338966e-03
7.995797149589147293e-03,-4.707532850767923507e-03,-2.691509661166490829e-03,2.003541883720593515e-04,-8.013927299350307679e-04,2.331231537642524266e-03
7.986671694921971404e-03,-4.702160229264295416e-03,-2.688437891476112666e-03,2.005846795681347997e-04,-8.004486846804116955e-04,2.326750060764427169e-03
7.977556654968803382e-03,-4.696793739436874032e-03,-2.685369627546720702e-03,2.007790456530223204e-04,-7.995075036336137366e-04,2.322417385381095756e-03
7.968452017843352664e-03,-4.691433374287273111e-03,-2.682304865376539896e-03,2.009401282823362076e-04,-7.985690853699395830e-04,2.318222003416702676e-03
7.959357771672930654e-03,-4.686079126825995131e-03,-2.679243600968438631e-03,2.010705472326898785e-04,-7.976333328985357350e-04,2.314153314609770310e-03
7.950273904598180105e-03,-4.680730990070510952e-03,-2.676185830329933478e-03,2.011727177226794159e-04,-7.967001535905772263e-04,2.310201554883681545e-03
7.941200404773401250e-03,-4.675388957047547922e-03,-2.673131549473161880e-03,2.012488663773537648e-04,-7.957694590914353222e-04,2.306357730364048952e-03
7.932137260366563941e-03,-4.670053020790839067e-03,-2.670080754414745974e-03,2.013010459513857656e-04,-7.948411652189473712e-04,2.302613556605674974e-03
7.923084459558820195e-03,-4.664723174341666931e-03,-2.667033441176059304e-03,2.013311489009177602e-04,-7.939151918507392517e-04,2.298961402612522721e-03
7.914041990545210223e-03,-4.659399410750435233e-03,-2.663989605782907198e-03,2.013409198961592665e-04,-7.929914628036383462e-04,2.295394239277347148e-03
7.905009841534034465e-03,-4.654081723074692152e-03,-2.660949244265686797e-03,2.013319673579723045e-04,-7.920699057058530439e-04,2.291905591886355363e-03
7.895988000747157162e-03,-4.648770104380397540e-03,-2.657912352659392696e-03,2.013057740947022225e-04,-7.911504518655039031e-04,2.288489496376208254e-03
7.886976456419836357e-03,-4.643464547740860406e-03,-2.654878927003625176e-03,2.012637071077393600e-04,-7.902330361349780338e-04,2.285140459037187342e-03
7.877975196800673582e-03,-4.638165046237482242e-03,-2.651848963342444063e-03,2.012070266326465952e-04,-7.893175967742855790e-04,2.281853419400691179e-03
7.868984210152005915e-03,-4.632871592959485543e-03,-2.648822457724430736e-03,2.011368944732554805e-04,-7.884040753140467020e-04,2.278623716052664665e-03
7.860003484749371674e-03,-4.627584181004812391e-03,-2.645799406202710251e-03,2.010543816871019989e-04,-7.874924164176070902e-04,2.275447055145563783e-03
7.851033008881541653e-03,-4.622302803478010695e-03,-2.642779804835071900e-03,2.009604756706125453e-04,-7.865825677455954082e-04,2.272319481394109979e-03
7.842072770850827892e-03,-4.617027453492254276e-03,-2.639763649683620969e-03,2.008560866890675076e-04,-7.856744798215738439e-04,2.269237351359775813e-03
7.833122758973102770e-03,-4.611758124168511067e-03,-2.636750936815093586e-03,2.007420539003954149e-04,-7.847681059003446240e-04,2.266197308845012675e-03
7.824182961577252557e-03,-4.606494808635541380e-03,-2.633741662300650294e-03,2.006191509062298930e-04,-7.838634018390602766e-04,2.263196262227046372e-03
7.815253367005586815e-03,-4.601237500029890966e-03,-2.630735822216073369e-03,2.004880908693692620e-04,-7.829603259715424814e-04,2.260231363580383814e-03
7.806333963613762937e-03,-4.595986191496093110e-03,-2.627733412641526569e-03,2.003495312352524861e-04,-7.820588389863342626e-04,2.257299989448469275e-03
7.797424739770739306e-03,-4.590740876186209796e-03,-2.624734429661687400e-03,2.002040780802026186e-04,-7.811589038082499253e-04,2.254399723129339641e-03
7.788525683858732798e-03,-4.585501547260074570e-03,-2.621738869365753625e-03,2.000522901230128415e-04,-7.802604854842036877e-04,2.251528338364253319e-03
7.779636784273181484e-03,-4.580268197885830304e-03,-2.618746727847342647e-03,1.998946824234385260e-04,-7.793635510725347576e-04,2.248683784306678649e-03
7.770758029422846110e-03,-4.575040821239145100e-03,-2.615758001204556565e-03,1.997317297905718079e-04,-7.784680695372364709e-04,2.245864171683976691e-03
7.761889407729669586e-03,-4.569819410503350200e-03,-2.612772685539981737e-03,1.995638699261476513e-04,-7.775740116457932226e-04,2.243067760046020542e-03
7.753030907628847244e-03,-4.564603958869643818e-03,-2.609790776960605081e-03,1.993915063219032298e-04,-7.766813498713565902e-04,2.240292946023215125e-03
7.744182517568857192e-03,-4.559394459537406859e-03,-2.606812271577937240e-03,1.992150109316467919e-04,-7.757900582993827341e-04,2.237538252508808855e-03
7.735344226011121177e-03,-4.554190905712837689e-03,-2.603837165507836941e-03,1.990347266339582229e-04,-7.749001125374790347e-04,2.234802318696413152e-03
7.726516021430407909e-03,-4.548993290610537678e-03,-2.600865454870738246e-03,1.988509695023390144e-04,-7.740114896306942924e-04,2.232083890903174307e-03
7.717697892314676934e-03,-4.543801607452962153e-03,-2.597897135791392507e-03,1.986640308986356270e-04,-7.731241679796912796e-04,2.229381814116948666e-03
7.708889827165008382e-03,-4.538615849469846211e-03,-2.594932204399021895e-03,1.984741794024752948e-04,-7.722381272629778946e-04,2.226695024210372312e-03
7.700091814495313262e-03,-4.533436009899431164e-03,-2.591970656827247838e-03,1.982816625916822804e-04,-7.713533483634032410e-04,2.224022540768841143e-03
7.691303842833132308e-03,-4.528262081986621397e-03,-2.589012489214204214e-03,1.980867086819884052e-04,-7.704698132979258306e-04,2.221363460485960197e-03
7.682525900718665396e-03,-4.523094058984438066e-03,-2.586057697702321377e-03,1.978895280384735170e-04,-7.695875051507548468e-04,2.218716951078916928e-03
7.673757976705466305e-03,-4.517931934154078080e-03,-2.583106278438403788e-03,1.976903145707313743e-04,-7.687064080108377577e-04,2.216082245684117009e-03
7.665000059360048933e-03,-4.512775700763689384e-03,-2.580158227573832539e-03,1.974892470171070653e-04,-7.678265069111407659e-04,2.213458637695311232e-03
7.656252137261904643e-03,-4.507625352089546233e-03,-2.577213541264251808e-03,1.972864901309110037e-04,-7.669477877727066874e-04,2.210845476008992984e-03
7.647514199003666198e-03,-4.502480881415780317e-03,-2.574272215669686382e-03,1.970821957709681025e-04,-7.660702373505827532e-04,2.208242160644749257e-03
7.638786233191013214e-03,-4.497342282034335649e-03,-2.571334246954596735e-03,1.968765039107539614e-04,-7.651938431833669356e-04,2.205648138712110098e-03
7.630068228442360781e-03,-4.492209547243557373e-03,-2.568399631287904619e-03,1.966695435654858726e-04,-7.643185935452160651e-04,2.203062900693691060e-03
7.621360173389672178e-03,-4.487082670350689764e-03,-2.565468364842597975e-03,1.964614336483362222e-04,-7.634444774007591739e-04,2.200485977023739544e-03
7.612662056677212477e-03,-4.481961644669973238e-03,-2.562540443796497685e-03,1.962522837598007085e-04,-7.625714843619832211e-04,2.197916934935859046e-03
7.603973866962601517e-03,-4.476846463523817890e-03,-2.559615864331457429e-03,1.960421949146209605e-04,-7.616996046484995767e-04,2.195355375559266374e-03
7.595295592916509464e-03,-4.471737120242030676e-03,-2.556694622633701522e-03,1.958312602128664071e-04,-7.608288290494949219e-04,2.192800931243894021e-03
7.586627223222165012e-03,-4.466633608161531786e-03,-2.553776714893966730e-03,1.956195654585794405e-04,-7.599591488877870202e-04,2.190253263097693016e-03
7.577968746576032796e-03,-4.461535920627685177e-03,-2.550862137307186115e-03,1.954071897283823456e-04,-7.590905559863535528e-04,2.187712058717800230e-03
7.569320151687303384e-03,-4.456444050992573389e-03,-2.547950886072763120e-03,1.951942058988806428e-04,-7.582230426367519115e-04,2.185177030098452763e-03
7.560681427278080624e-03,-4.451357992617281309e-03,-2.545042957394356032e-03,1.949806811291898408e-04,-7.573566015691232277e-04,2.182647911709995059e-03
7.552052562083521291e-03,-4.446277738868714691e-03,-2.542138347479977727e-03,1.947666773089479393e-04,-7.564912259244203170e-04,2.180124458720980769e-03
7.543433544851257423e-03,-4.441203283122258615e-03,-2.539237052541959243e-03,1.945522514699453886e-04,-7.556269092279694092e-04,2.177606445368804669e-03
7.534824364342160470e-03,-4.436134618761045437e-03,-2.536339068796988807e-03,1.943374561641914283e-04,-7.547636453647731071e-04,2.175093663453437059e-03
7.526225009329758422e-03,-4.431071739174612979e-03,-2.533444392466035946e-03,1.941223398159599262e-04,-7.539014285564667531e-04,2.172585920951356723e-03
7.517635468600181170e-03,-4.426014637761770294e-03,-2.530553019774509343e-03,1.939069470428025606e-04,-7.530402533391186313e-04,2.170083040741364443e-03
7.509055730952888218e-03,-4.420963307927764860e-03,-2.527664946951834867e-03,1.936913189530346780e-04,-7.521801145435299055e-04,2.167584859427165896e-03
7.500485785199593157e-03,-4.415917743085613113e-03,-2.524780170232111300e-03,1.934754934213597875e-04,-7.513210072753695413e-04,2.165091226254815728e-03
7.491925620165095466e-03,-4.410877936655798609e-03,-2.521898685853366569e-03,1.932595053398342827e-04,-7.504629268973764776e-04,2.162602002116393012e-03
7.483375224686706316e-03,-4.405843882066592075e-03,-2.519020490058281134e-03,1.930433868518082927e-04,-7.496058690127750191e-04,2.160117058629652809e-03
7.474834587614754243e-03,-4.400815572753197930e-03,-2.516145579093567383e-03,1.928271675657321931e-04,-7.487498294494706382e-04,2.157636277293679874e-03
7.466303697812022230e-03,-4.395793002158799451e-03,-2.513273949210343902e-03,1.926108747560173647e-04,-7.478948042446298015e-04,2.155159548708294320e-03
7.457782544154276799e-03,-4.390776163733436412e-03,-2.510405596663918635e-03,1.923945335418437096e-04,-7.470407896318790111e-04,2.152686771855698723e-03
7.449271115529706826e-03,-4.385765050935497809e-03,-2.507540517713975365e-03,1.921781670571162030e-04,-7.461877820275242702e-04,2.150217853441205567e-03
7.440769400839378905e-03,-4.380759657230556998e-03,-2.504678708624398942e-03,1.919617966068807072e-04,-7.453357780185405077e-04,2.147752707281856081e-03
7.432277388996989288e-03,-4.375759976091466233e-03,-2.501820165663348142e-03,1.917454418075470370e-04,-7.444847743517539517e-04,2.145291253747487990e-03
7.423795068928889899e-03,-4.370766000998353197e-03,-2.498964885103199720e-03,1.915291207217683722e-04,-7.436347679226623783e-04,2.142833419242332494e-03
7.415322429573958235e-03,-4.365777725439006114e-03,-2.496112863220704536e-03,1.913128499773288505e-04,-7.427857557656141916e-04,2.140379135730404326e-03
7.406859459883780375e-03,-4.360795142909133955e-03,-2.493264096296807144e-03,1.910966448808949422e-04,-7.419377350445644078e-04,2.137928340294876790e-03
7.398406148822474042e-03,-4.355818246910531100e-03,-2.490418580616687427e-03,1.908805195215366730e-04,-7.410907030447208771e-04,2.135480974738230165e-03
7.389962485367081516e-03,-4.350847030953988205e-03,-2.487576312469652173e-03,1.906644868643184762e-04,-7.402446571639819057e-04,2.133036985205630665e-03
7.381528458506695332e-03,-4.345881488556730017e-03,-2.484737288149499370e-03,1.904485588387551550e-04,-7.393995949054262039e-04,2.130596321846065216e-03
7.373104057243493915e-03,-4.340921613243676515e-03,-2.481901503953979574e-03,1.902327464208852824e-04,-7.385555138705397673e-04,2.128158938494600395e-03
7.364689270591758853e-03,-4.335967398546879993e-03,-2.479068956185284233e-03,1.900170597063053908e-04,-7.377124117523196998e-04,2.125724792383298142e-03
7.356284087578563585e-03,-4.331018838006135685e-03,-2.476239641149756854e-03,1.898015079804777987e-04,-7.368702863291746010e-04,2.123293843871572936e-03
7.347888497243608603e-03,-4.326075925168235831e-03,-2.473413555157843134e-03,1.895860997805451787e-04,-7.360291354591651757e-04,2.120866056200994710e-03
7.339502488638706239e-03,-4.321138653588231689e-03,-2.470590694524368511e-03,1.893708429544173528e-04,-7.351889570747019431e-04,2.118441395268643324e-03
7.331126050828673177e-03,-4.316207016826992780e-03,-2.467771055568236758e-03,1.891557447150054162e-04,-7.343497491776077805e-04,2.116019829415905114e-03
7.322759172890324318e-03,-4.311281008454146378e-03,-2.464954634612707540e-03,1.889408116902921994e-04,-7.335115098338909840e-04,2.113601329238488577e-03
7.314401843913219577e-03,-4.306360622045796345e-03,-2.462141427985072885e-03,1.887260499673146371e-04,-7.326742371700778467e-04,2.111185867405555600e-03
7.306054052999357701e-03,-4.301445851185732236e-03,-2.459331432016881834e-03,1.885114651364187322e-04,-7.318379293689953290e-04,2.108773418499178438e-03
7.297715789263178009e-03,-4.296536689465634863e-03,-2.456524643043809901e-03,1.882970623285415825e-04,-7.310025846655098187e-04,2.106363958863351985e-03
7.289387041831346149e-03,-4.291633130483097844e-03,-2.453721057405872878e-03,1.880828462528488624e-04,-7.301682013433783910e-04,2.103957466462895703e-03
7.281067799843174773e-03,-4.286735167844115194e-03,-2.450920671447209993e-03,1.878688212276398710e-04,-7.293347777319583638e-04,2.101553920757579484e-03
7.272758052450192454e-03,-4.281842795161817580e-03,-2.448123481515929525e-03,1.876549912133799189e-04,-7.285023122030136709e-04,2.099153302585791362e-03
7.264457788816553949e-03,-4.276956006056342220e-03,-2.445329483964555923e-03,1.874413598376438634e-04,-7.276708031678487745e-04,2.096755594053668296e-03
7.256166998118505039e-03,-4.272074794155289110e-03,-2.442538675149696741e-03,1.872279304243065171e-04,-7.268402490746576818e-04,2.094360778436428570e-03
7.247885669544758096e-03,-4.267199153093343723e-03,-2.439751051432092945e-03,1.870147060151970382e-04,-7.260106484060738653e-04,2.091968840085276556e-03
7.239613792296383660e-03,-4.262329076512800900e-03,-2.436966609176662718e-03,1.868016893932201658e-04,-7.251819996767830661e-04,2.089579764344515461e-03
7.231351355586791360e-03,-4.257464558062858812e-03,-2.434185344752470229e-03,1.865888831017116403e-04,-7.243543014313036073e-04,2.087193537472664673e-03
7.223098348641751598e-03,-4.252605591400343207e-03,-2.431407254532655816e-03,1.863762894638104303e-04,-7.235275522422243482e-04,2.084810146569803478e-03
7.214854760699133604e-03,-4.247752170188339588e-03,-2.428632334894604249e-03,1.861639106005143576e-04,-7.227017507081530488e-04,2.082429579513124344e-03
7.206620581009243708e-03,-4.242904288099032077e-03,-2.425860582219835880e-03,1.859517484441931595e-04,-7.218768954517510361e-04,2.080051824894168459e-03
7.198395798834611101e-03,-4.238061938809939942e-03,-2.423091992893851385e-03,1.857398047555527834e-04,-7.210529851187418102e-04,2.077676871963045693e-03
7.190180403450030337e-03,-4.233225116006919531e-03,-2.420326563306440977e-03,1.855280811360685565e-04,-7.202300183756384479e-04,2.075304710579107745e-03
7.181974384142565671e-03,-4.228393813382915270e-03,-2.417564289851492718e-03,1.853165790409643052e-04,-7.194079939089422686e-04,2.072935331158396854e-03
7.173777730211276099e-03,-4.223568024637332566e-03,-2.414805168927034156e-03,1.851052997898905818e-04,-7.185869104233547685e-04,2.070568724635534798e-03
7.165590430968059310e-03,-4.218747743477553949e-03,-2.412049196934891015e-03,1.848942445790342803e-04,-7.177667666410666005e-04,2.068204882417840756e-03
7.157412475736174562e-03,-4.213932963617738649e-03,-2.409296370281557159e-03,1.846834144881465980e-04,-7.169475613001912275e-04,2.065843796352888513e-03
7.149243853851792660e-03,-4.209123678779402855e-03,-2.406546685377042739e-03,1.844728104928920168e-04,-7.161292931540060892e-04,2.063485458691172603e-03
7.141084554662633331e-03,-4.204319882691361608e-03,-2.403800138635961425e-03,1.842624334706603317e-04,-7.153119609695403206e-04,2.061129862054780944e-03
7.132934567529164785e-03,-4.199521569089166746e-03,-2.401056726476565473e-03,1.840522842087178993e-04,-7.144955635273120493e-04,2.058776999409840484e-03
7.124793881823535992e-03,-4.194728731715808602e-03,-2.398316445321626526e-03,1.838423634126911679e-04,-7.136800996199204510e-04,2.056426864037960191e-03
7.116662486930261898e-03,-4.189941364321270179e-03,-2.395579291597677539e-03,1.836326717110638932e-04,-7.128655680516286569e-04,2.054079449512681739e-03
7.108540372245879084e-03,-4.185159460663175068e-03,-2.392845261735483328e-03,1.834232096624520544e-04,-7.120519676370557719e-04,2.051734749676588539e-03
7.100427527179173880e-03,-4.180383014505176763e-03,-2.390114352169745663e-03,1.832139777604388530e-04,-7.112392972016298547e-04,2.049392758619865418e-03
7.092323941150704449e-03,-4.175612019619586758e-03,-2.387386559339468427e-03,1.830049764384177632e-04,-7.104275555793732174e-04,2.047053470661631697e-03
7.084229603593629118e-03,-4.170846469783993579e-03,-2.384661879687411615e-03,1.827962060765423217e-04,-7.096167416138609695e-04,2.044716880331273398e-03
7.076144503952514625e-03,-4.166086358784805953e-03,-2.381940309660747490e-03,1.825876670026921518e-04,-7.088068541566186747e-04,2.042382982353114790e-03
7.068068631684441133e-03,-4.161331680414667201e-03,-2.379221845710477283e-03,1.823793594984317659e-04,-7.079978920670221710e-04,2.040051771631418674e-03
7.060001976258349111e-03,-4.156582428473154338e-03,-2.376506484291611172e-03,1.821712838027494908e-04,-7.071898542118477352e-04,2.037723243234494577e-03
7.051944527155300409e-03,-4.151838596766918577e-03,-2.373794221863366905e-03,1.819634401145872366e-04,-7.063827394646485583e-04,2.035397392384481231e-03
7.043896273868305649e-03,-4.147100179110757394e-03,-2.371085054888835870e-03,1.817558285965871197e-04,-7.055765467056095705e-04,2.033074214444458017e-03
7.035857205902219282e-03,-4.142367169324833766e-03,-2.368378979835354323e-03,1.815484493780596294e-04,-7.047712748208642859e-04,2.030753704906996648e-03
7.027827312774058768e-03,-4.137639561238037195e-03,-2.365675993174115675e-03,1.813413025567427997e-04,-7.039669227022855511e-04,2.028435859385168370e-03
7.019806584012766061e-03,-4.132917348684974831e-03,-2.362976091380403817e-03,1.811343882019968382e-04,-7.031634892472154704e-04,2.026120673602984333e-03
7.011795009159361124e-03,-4.128200525508213606e-03,-2.360279270933489468e-03,1.809277063573389911e-04,-7.023609733581737558e-04,2.023808143386284387e-03
7.003792577766428454e-03,-4.123489085556172537e-03,-2.357585528316767653e-03,1.807212570420928038e-04,-7.015593739424406342e-04,2.021498264656740578e-03
6.995799279398903781e-03,-4.118783022685946864e-03,-2.354894860017482314e-03,1.805150402523687011e-04,-7.007586899118911812e-04,2.019191033422412015e-03
6.987815103633260479e-03,-4.114082330760705959e-03,-2.352207262526997359e-03,1.803090559650435238e-04,-6.999589201825846254e-04,2.016886445771520677e-03
6.979840040058212999e-03,-4.109387003649940528e-03,-2.349522732340723809e-03,1.801033041376395860e-04,-6.991600636747243415e-04,2.014584497868008358e-03
6.971874078274015174e-03,-4.104697035231527798e-03,-2.346841265957974512e-03,1.798977847098666004e-04,-6.983621193124209519e-04,2.012285185945315944e-03
6.963917207893137624e-03,-4.100012419389533619e-03,-2.344162859882042201e-03,1.796924976057132127e-04,-6.975650860235544162e-04,2.009988506299273652e-03
6.955969418539670150e-03,-4.095333150014938452e-03,-2.341487510620307490e-03,1.794874427352175579e-04,-6.967689627395009209e-04,2.007694455285651165e-03
6.948030699849536834e-03,-4.090659221006161250e-03,-2.338815214684068430e-03,1.792826199935673183e-04,-6.959737483947689126e-04,2.005403029314828996e-03
6.940101041470685996e-03,-4.085990626268069803e-03,-2.336145968588572604e-03,1.790780292638655233e-04,-6.951794419272691724e-04,2.003114224847688928e-03
6.932180433062699008e-03,-4.081327359713266163e-03,-2.333479768853171082e-03,1.788736704186776245e-04,-6.943860422777670778e-04,2.000828038392384826e-03
6.924268864297005409e-03,-4.076669415260614736e-03,-2.330816612001127171e-03,1.786695433185769301e-04,-6.935935483899770358e-04,1.998544466499684903e-03
6.916366324856845597e-03,-4.072016786836022903e-03,-2.328156494559557865e-03,1.784656478156942288e-04,-6.928019592104550390e-04,1.996263505761740505e-03
6.908472804437229206e-03,-4.067369468372381176e-03,-2.325499413059743063e-03,1.782619837527082344e-04,-6.920112736883286993e-04,1.993985152807205893e-03
6.900588292744892598e-03,-4.062727453809193701e-03,-2.322845364036761704e-03,1.780585509639505783e-04,-6.912214907752991990e-04,1.991709404299565975e-03
6.892712779498387336e-03,-4.058090737093665926e-03,-2.320194344029744178e-03,1.778553492767347697e-04,-6.904326094255363406e-04,1.989436256935137037e-03
6.884846254427885899e-03,-4.053459312179249173e-03,-2.317546349581685837e-03,1.776523785106814697e-04,-6.896446285954644165e-04,1.987165707440068704e-03
6.876988707275447088e-03,-4.048833173026684940e-03,-2.314901377239585341e-03,1.774496384797108483e-04,-6.888575472438507883e-04,1.984897752567009802e-03
6.869140127794629187e-03,-4.044212313603010901e-03,-2.312259423554439454e-03,1.772471289920431810e-04,-6.880713643316160432e-04,1.982632389096438894e-03
6.861300505750853387e-03,-4.039596727882945222e-03,-2.309620485081044852e-03,1.770448498499690515e-04,-6.872860788217734955e-04,1.980369613832224686e-03
6.853469830921230313e-03,-4.034986409848022662e-03,-2.306984558378248357e-03,1.768428008508435929e-04,-6.865016896794526053e-04,1.978109423600177968e-03
6.845648093094277263e-03,-4.030381353485570223e-03,-2.304351640008781704e-03,1.766409817880834111e-04,-6.857181958716338909e-04,1.975851815247497371e-03
6.837835282070674550e-03,-4.025781552791117546e-03,-2.301721726539153554e-03,1.764393924501660832e-04,-6.849355963673287983e-04,1.973596785641324770e-03
6.830031387662222932e-03,-4.021187001765695948e-03,-2.299094814540060625e-03,1.762380326236196826e-04,-6.841538901374405977e-04,1.971344331666187010e-03
6.822236399692581735e-03,-4.016597694418823014e-03,-2.296470900585980898e-03,1.760369020890294991e-04,-6.833730761543762395e-04,1.969094450224890581e-03
6.814450307997015586e-03,-4.012013624765623822e-03,-2.293849981255278135e-03,1.758360006253590463e-04,-6.825931533925146209e-04,1.966847138235404326e-03
6.806673102422332831e-03,-4.007434786828260355e-03,-2.291232053130240476e-03,1.756353280080634948e-04,-6.818141208281267886e-04,1.964602392630864208e-03
6.798904772827061606e-03,-4.002861174636335694e-03,-2.288617112797013652e-03,1.754348840100865964e-04,-6.810359774388074919e-04,1.962360210358680794e-03
6.791145309081113302e-03,-3.998292782225531389e-03,-2.286005156845819994e-03,1.752346684025239720e-04,-6.802587222039245844e-04,1.960120588379762104e-03
6.783394701066144256e-03,-3.993729603638323904e-03,-2.283396181870520417e-03,1.750346809537312736e-04,-6.794823541045550558e-04,1.957883523666736382e-03
6.775652938675279062e-03,-3.989171632924754830e-03,-2.280790184469014704e-03,1.748349214298817089e-04,-6.787068721231862261e-04,1.955649013204842877e-03
6.767920011813081081e-03,-3.984618864140741269e-03,-2.278187161243130053e-03,1.746353895952912198e-04,-6.779322752437776534e-04,1.953417053989261239e-03
6.760195910395826527e-03,-3.980071291349297075e-03,-2.275587108798389491e-03,1.744360852137553312e-04,-6.771585624520131026e-04,1.951187643026668214e-03
6.752480624351159255e-03,-3.975528908621037659e-03,-2.272990023744350142e-03,1.742370080457707746e-04,-6.763857327349348438e-04,1.948960777333906460e-03
6.744774143618200053e-03,-3.970991710032053222e-03,-2.270395902694406342e-03,1.740381578516363333e-04,-6.756137850809573134e-04,1.946736453935537939e-03
6.737076458147720978e-03,-3.966459689666225474e-03,-2.267804742265751468e-03,1.738395343902394844e-04,-6.748427184801176733e-04,1.944514669866509752e-03
6.729387557901853056e-03,-3.961932841613276940e-03,-2.265216539079555752e-03,1.736411374190485930e-04,-6.740725319236832210e-04,1.942295422169600843e-03
6.721707432854166081e-03,-3.957411159970345219e-03,-2.262631289760622371e-03,1.734429666951138474e-04,-6.733032244043417758e-04,1.940078707895640788e-03
6.714036072989567998e-03,-3.952894638841324658e-03,-2.260048990937947328e-03,1.732450219739562771e-04,-6.725347949161508297e-04,1.937864524103513489e-03
6.706373468304691748e-03,-3.948383272335809040e-03,-2.257469639244061559e-03,1.730473030108951415e-04,-6.717672424545366797e-04,1.935652867858598733e-03
6.698719608807341026e-03,-3.943877054571741370e-03,-2.254893231315544845e-03,1.728498095590548414e-04,-6.710005660162807672e-04,1.933443736234109018e-03
6.691074484516843293e-03,-3.939375979672796180e-03,-2.252319763792664121e-03,1.726525413733555954e-04,-6.702347645994626490e-04,1.931237126309527218e-03
6.683438085463845081e-03,-3.934880041769567814e-03,-2.249749233319624578e-03,1.724554982052966937e-04,-6.694698372033997154e-04,1.929033035171058693e-03
6.675810401690338014e-03,-3.930389234998872203e-03,-2.247181636544423079e-03,1.722586798087281121e-04,-6.687057828287159287e-04,1.926831459910955616e-03
6.668191423249814932e-03,-3.925903553504753868e-03,-2.244616970118911911e-03,1.720620859355187992e-04,-6.679426004774568571e-04,1.924632397626416507e-03
6.660581140206943765e-03,-3.921422991438158062e-03,-2.242055230698745440e-03,1.718657163366710467e-04,-6.671802891527133482e-04,1.922435845422244480e-03
6.652979542638041109e-03,-3.916947542955994885e-03,-2.239496414943269523e-03,1.716695707637565151e-04,-6.664188478591571247e-04,1.920241800407295396e-03
6.645386620630204001e-03,-3.912477202222782065e-03,-2.236940519515985982e-03,1.714736489674774974e-04,-6.656582756021788439e-04,1.918050259696697443e-03
6.637802364282597949e-03,-3.908011963408330840e-03,-2.234387541083750293e-03,1.712779506996601434e-04,-6.648985713889922489e-04,1.915861220409963324e-03
6.630226763704998895e-03,-3.903551820690675037e-03,-2.231837476317555680e-03,1.710824757099270704e-04,-6.641397342275586401e-04,1.913674679671880600e-03
6.622659809018725634e-03,-3.899096768253425618e-03,-2.229290321892110280e-03,1.708872237491369404e-04,-6.633817631273411551e-04,1.911490634612398719e-03
6.615101490356482816e-03,-3.894646800287046573e-03,-2.226746074485889178e-03,1.706921945671634991e-04,-6.626246570989835190e-04,1.909309082366185146e-03
6.607551797862184009e-03,-3.890201910988724376e-03,-2.224204730781102323e-03,1.704973879147817623e-04,-6.618684151541820004e-04,1.907130020072289470e-03
6.600010721690748733e-03,-3.885762094562298166e-03,-2.221666287463931310e-03,1.703028035415587549e-04,-6.611130363059387893e-04,1.904953444874148182e-03
6.592478252008779870e-03,-3.881327345218219850e-03,-2.219130741224069683e-03,1.701084411982968958e-04,-6.603585195685406388e-04,1.902779353920246684e-03
6.584954378993641659e-03,-3.876897657173785684e-03,-2.216598088755278913e-03,1.699143006343662647e-04,-6.596048639572087754e-04,1.900607744362898697e-03
6.577439092834204762e-03,-3.872473024651867327e-03,-2.214068326754915685e-03,1.697203816004798610e-04,-6.588520684885723708e-04,1.898438613358247344e-03
6.569932383730427324e-03,-3.868053441882987002e-03,-2.211541451924071977e-03,1.695266838470316033e-04,-6.581001321802232599e-04,1.896271958067705186e-03
6.562434241893511967e-03,-3.863638903104643987e-03,-2.209017460967821391e-03,1.693332071230927924e-04,-6.573490540512651973e-04,1.894107775655519323e-03
6.554944657545952631e-03,-3.859229402559332268e-03,-2.206496350594595954e-03,1.691399511797438636e-04,-6.565988331215895021e-04,1.891946063291201742e-03
6.547463620920998539e-03,-3.854824934497578029e-03,-2.203978117517100318e-03,1.689469157670750780e-04,-6.558494684123589375e-04,1.889786818146763732e-03
6.539991122263348958e-03,-3.850425493175770823e-03,-2.201462758451476487e-03,1.687541006356324405e-04,-6.551009589459834241e-04,1.887630037399484501e-03
6.532527151828950232e-03,-3.846031072856825363e-03,-2.198950270117518060e-03,1.685615055360805954e-04,-6.543533037460088015e-04,1.885475718229475415e-03
6.525071699884401645e-03,-3.841641667810390993e-03,-2.196440649239172430e-03,1.683691302189824885e-04,-6.536065018369951801e-04,1.883323857820893210e-03
6.517624756707912116e-03,-3.837257272312798347e-03,-2.193933892543626588e-03,1.681769744348007227e-04,-6.528605522447339989e-04,1.881174453362503135e-03
6.510186312588622792e-03,-3.832877880646440912e-03,-2.191429996762205706e-03,1.679850379358886411e-04,-6.521154539962473748e-04,1.879027502044449544e-03
6.502756357826588833e-03,-3.828503487100777276e-03,-2.188928958629703971e-03,1.677933204719489024e-04,-6.513712061196165817e-04,1.876883001063374412e-03
6.495334882733168856e-03,-3.824134085971672790e-03,-2.186430774884789638e-03,1.676018217945753118e-04,-6.506278076439707750e-04,1.874740947617633191e-03
6.487921877630595593e-03,-3.819769671561016634e-03,-2.183935442269809013e-03,1.674105416559235895e-04,-6.498852575996115662e-04,1.872601338909185217e-03
6.480517332852388755e-03,-3.815410238177732293e-03,-2.181442957530771269e-03,1.672194798073821115e-04,-6.491435550180888088e-04,1.870464172144706326e-03
6.473121238742666345e-03,-3.811055780136940550e-03,-2.178953317417508476e-03,1.670286360003430759e-04,-6.484026989318024793e-04,1.868329444533255211e-03
6.465733585657190696e-03,-3.806706291760603503e-03,-2.176466518683464833e-03,1.668380099875390525e-04,-6.476626883747171664e-04,1.866197153287827955e-03
6.458354363962064831e-03,-3.802361767376812897e-03,-2.173982558085880111e-03,1.666476015212631299e-04,-6.469235223814210917e-04,1.864067295624800098e-03
6.450983564034886049e-03,-3.798022201319813974e-03,-2.171501432385589733e-03,1.664574103541467220e-04,-6.461851999880095180e-04,1.861939868763597475e-03
6.443621176263995658e-03,-3.793687587931540272e-03,-2.169023138347149233e-03,1.662674362382743983e-04,-6.454477202314536349e-04,1.859814869928140589e-03
6.436267191048796431e-03,-3.789357921558962096e-03,-2.166547672738912324e-03,1.660776789271752648e-04,-6.447110821499567193e-04,1.857692296344394534e-03
6.428921598799513214e-03,-3.785033196556462660e-03,-2.164075032332833139e-03,1.658881381740523269e-04,-6.439752847826167321e-04,1.855572145242595505e-03
6.421584389937454868e-03,-3.780713407284815898e-03,-2.161605213904597630e-03,1.656988137318902315e-04,-6.432403271700023540e-04,1.853454413855586125e-03
6.414255554894723703e-03,-3.776398548110683831e-03,-2.159138214233541180e-03,1.655097053545663576e-04,-6.425062083534869607e-04,1.851339099420364325e-03
6.406935084114729825e-03,-3.772088613407287901e-03,-2.156674030102462541e-03,1.653208127964044232e-04,-6.417729273757198172e-04,1.849226199176199877e-03
6.399622968051212751e-03,-3.767783597554494410e-03,-2.154212658298298218e-03,1.651321358110674606e-04,-6.410404832804094538e-04,1.847115710366520249e-03
6.392319197169320406e-03,-3.763483494938466706e-03,-2.151754095611251201e-03,1.649436741528869938e-04,-6.403088751122101505e-04,1.845007630237691532e-03
6.385023761944557882e-03,-3.759188299951846026e-03,-2.149298338835439748e-03,1.647554285917684298e-04,-6.395780920424007409e-04,1.842901946874123250e-03
6.377736652863828272e-03,-3.754898006993506471e-03,-2.146845384768432050e-03,1.645673785493826887e-04,-6.388480917292006442e-04,1.840798931464559390e-03
6.370457860424760463e-03,-3.750612610469204224e-03,-2.144395230211531157e-03,1.643793837631399247e-04,-6.381188574093321370e-04,1.838700363367455669e-03
6.363187375135361326e-03,-3.746332104790553626e-03,-2.141947871969850439e-03,1.641910913099484538e-04,-6.373904297705349636e-04,1.836610677777206560e-03
6.355925187515197063e-03,-3.742056484375503363e-03,-2.139503306851815723e-03,1.640018704905609175e-04,-6.366629206261806197e-04,1.834537715965969470e-03
6.348671288093983740e-03,-3.737785743648919766e-03,-2.137061531669915120e-03,1.638107669476770707e-04,-6.359365200894940727e-04,1.832493143898741806e-03
6.341425667412831958e-03,-3.733519877041360790e-03,-2.134622543239881546e-03,1.636164690663009921e-04,-6.352114978076044919e-04,1.830492588925741043e-03
6.334188316023189533e-03,-3.729258878990447321e-03,-2.132186338381296831e-03,1.634172807506054461e-04,-6.344881987881600873e-04,1.828555539284446030e-03
6.326959224487616919e-03,-3.725002743939577303e-03,-2.129752913917308532e-03,1.632110960051855110e-04,-6.337670343929896824e-04,1.826705047094958007e-03
6.319738383379141025e-03,-3.720751466338941427e-03,-2.127322266674737481e-03,1.629953722276273904e-04,-6.330484691239791255e-04,1.824967272128744707e-03
6.312525783281712315e-03,-3.716505040644547779e-03,-2.124894393484027047e-03,1.627671006453756822e-04,-6.323330039078758728e-04,1.823370900743296729e-03
6.305321414790224753e-03,-3.712263461319033689e-03,-2.122469291179113898e-03,1.625227737549882093e-04,-6.316211566607652685e-04,1.821946471799392158e-03
6.298125268509972841e-03,-3.708026722831138811e-03,-2.120046956597651782e-03,1.622583509140782627e-04,-6.309134409749735323e-04,1.820725639020047415e-03
6.290937335056996822e-03,-3.703794819656477510e-03,-2.117627386580988973e-03,1.619692242957138453e-04,-6.302103438260529952e-04,1.819740396971827401e-03
6.283757605058340294e-03,-3.699567746276274677e-03,-2.115210577973872935e-03,1.616501882132767229e-04,-6.295123032103474951e-04,1.819022295569292132e-03
6.276586069151357181e-03,-3.695345497178790812e-03,-2.112796527624834133e-03,1.612954153186584450e-04,-6.288196866202957471e-04,1.818601665681689010e-03
6.269422717984492362e-03,-3.691128066857687039e-03,-2.110385232385856864e-03,1.608984433947583314e-04,-6.281327712227394210e-04,1.818506875978231256e-03
6.262267542216559159e-03,-3.686915449813653149e-03,-2.107976689112659417e-03,1.604521763622346320e-04,-6.274517265307516913e-04,1.818763638615616919e-03
6.255120532517100158e-03,-3.682707640553554984e-03,-2.105570894664373586e-03,1.599489027783011243e-04,-6.267766002570918657e-04,1.819394378716218327e-03
6.247981679566364660e-03,-3.678504633590016365e-03,-2.103167845903962298e-03,1.593803345126733480e-04,-6.261073079118547463e-04,1.820417679869702375e-03
6.240850974055243625e-03,-3.674306423442254797e-03,-2.100767539697688362e-03,1.587376675348596046e-04,-6.254436265553133239e-04,1.821847815099860790e-03
6.233728406685248857e-03,-3.670113004635706336e-03,-2.098369972915585437e-03,1.580116658517908884e-04,-6.247851929556725876e-04,1.823694370001320217e-03
6.226613968168297035e-03,-3.665924371702843944e-03,-2.095975142431238166e-03,1.571927686787375595e-04,-6.241315062403344745e-04,1.825961962041296530e-03
6.219507649227203235e-03,-3.661740519180474353e-03,-2.093583045121750943e-03,1.562712199709322385e-04,-6.234819349531454512e-04,1.828650057455808147e-03
6.212409440595379959e-03,-3.657561441613670257e-03,-2.091193677867698910e-03,1.552372184925643100e-04,-6.228357282836300942e-04,1.831752884792447284e-03
6.205319333016380903e-03,-3.653387133552325576e-03,-2.088807037553471434e-03,1.540810857901074441e-04,-6.221920310834972486e-04,1.835259441981643017e-03
6.198237317244876740e-03,-3.649217589553247973e-03,-2.086423121066762094e-03,1.527934486907573991e-04,-6.215499021697451542e-04,1.839153591951884483e-03
6.191163384045773009e-03,-3.645052804179388633e-03,-2.084041925298962903e-03,1.513654324011482648e-04,-6.209083353111269398e-04,1.843414240215280643e-03
6.184097524194576145e-03,-3.640892771999852673e-03,-2.081663447144964808e-03,1.497888598617594684e-04,-6.202662822253233663e-04,1.848015586609643617e-03
6.177039728477274651e-03,-3.636737487589997153e-03,-2.079287683503216674e-03,1.480564527876306112e-04,-6.196226768645234258e-04,1.852927442435126169e-03
6.169989987690444044e-03,-3.632586945530991759e-03,-2.076914631275670643e-03,1.461620297563629291e-04,-6.189764602591598091e-04,1.858115603637614530e-03
6.162948292641186147e-03,-3.628441140410713917e-03,-2.074544287367860625e-03,1.441006967767071117e-04,-6.183266051877037584e-04,1.863542270379258846e-03
6.155914634146978162e-03,-3.624300066822914827e-03,-2.072176648688847655e-03,1.418690260097720337e-04,-6.176721399794750508e-04,1.869166503303834170e-03
6.148889003036033495e-03,-3.620163719367211225e-03,-2.069811712151150077e-03,1.394652186153042385e-04,-6.170121708073447297e-04,1.874944707040235737e-03
6.141871390146599191e-03,-3.616032092650268460e-03,-2.067449474670959506e-03,1.368892481328764523e-04,-6.163459018978470092e-04,1.880831131886022195e-03
6.134861786327830240e-03,-3.611905181284186337e-03,-2.065089933167787387e-03,1.341429812742016964e-04,-6.156726531688861076e-04,1.886778385204159565e-03
6.127860182438964708e-03,-3.607782979887251117e-03,-2.062733084564906047e-03,1.312302735184401855e-04,-6.149918748967357412e-04,1.892737944759782364e-03
6.120866569349976000e-03,-3.603665483084523159e-03,-2.060378925788809625e-03,1.281570374469700037e-04,-6.143031591142257726e-04,1.898660666981585128e-03
6.113880937941108817e-03,-3.599552685506335076e-03,-2.058027453769684188e-03,1.249312822910013930e-04,-6.136062475421711617e-04,1.904497283935470842e-03
6.106903279102915590e-03,-3.595444581789552455e-03,-2.055678665441245095e-03,1.215631237137268457e-04,-6.129010359526807254e-04,1.910198883589550372e-03
6.099933583736490660e-03,-3.591341166577404712e-03,-2.053332557740619908e-03,1.180647633638456456e-04,-6.121875749660904030e-04,1.915717368714323554e-03
6.092971842753396559e-03,-3.587242434518791209e-03,-2.050989127608429056e-03,1.144504382672151933e-04,-6.114660673665222625e-04,1.921005890472757315e-03
6.086018047075180022e-03,-3.583148380268617351e-03,-2.048648371988895118e-03,1.107363406031164490e-04,-6.107368621116489576e-04,1.926019253415950068e-03
6.079072187634410214e-03,-3.579058998488794663e-03,-2.046310287829480271e-03,1.069405088858793341e-04,-6.100004452792896509e-04,1.930714289199428552e-03
6.072134255373163453e-03,-3.574974283846662614e-03,-2.043974872081544616e-03,1.030826920233486322e-04,-6.092574282646936578e-04,1.935050196884205344e-03
6.065204241244568847e-03,-3.570894231015255341e-03,-2.041642121699500934e-03,9.918418811695238555e-05,-6.085085335905433953e-04,1.938988848220990187e-03
6.058282136211773534e-03,-3.566818834674165533e-03,-2.039312033641470408e-03,9.526766022644881022e-05,-6.077545787325533714e-04,1.942495056804524655e-03
6.051367931248212428e-03,-3.562748089509416068e-03,-2.036984604869028926e-03,9.135693161516856490e-05,-6.069964583959507011e-04,1.945536810507843013e-03
6.044461617337736591e-03,-3.558681990212533668e-03,-2.034659832347145928e-03,8.747676319531654248e-05,-6.062351256928209505e-04,1.948085467103938652e-03
6.037563185474544708e-03,-3.554620531481277913e-03,-2.032337713044190912e-03,8.365261601894473527e-05,-6.054715726744412923e-04,1.950115913502813202e-03
6.030672626662698238e-03,-3.550563708019292136e-03,-2.030018243932344563e-03,7.991040168194891860e-05,-6.047068106704669467e-04,1.951606689531387977e-03
6.023789931917096323e-03,-3.546511514536714472e-03,-2.027701421986793841e-03,7.627622346525393692e-05,-6.039418508677200145e-04,1.952540077643208707e-03
6.016915092262658735e-03,-3.542463945749206849e-03,-2.025387244186404624e-03,7.277611088402439739e-05,-6.031776855394379222e-04,1.952902160347474081e-03
6.010048098734338887e-03,-3.538420996378718701e-03,-2.023075707513536953e-03,6.943575018282196511e-05,-6.024152703002223341e-04,1.952682847423291984e-03
6.003188942377502869e-03,-3.534382661153306557e-03,-2.020766808953894985e-03,6.628021310347488484e-05,-6.016555077297549257e-04,1.951875875159140086e-03
5.996337614247864399e-03,-3.530348934806768878e-03,-2.018460545496638444e-03,6.333368613609280547e-05,-6.008992326573141035e-04,1.950478779855691807e-03
5.989494105411166495e-03,-3.526319812079100995e-03,-2.016156914134377854e-03,6.061920237343547722e-05,-6.001471993629477935e-04,1.948492847707226049e-03
5.982658406943356690e-03,-3.522295287716151191e-03,-2.013855911863151986e-03,5.815837809794757832e-05,-5.994000708937837233e-04,1.945923042916012334e-03
5.975830509930684167e-03,-3.518275356470252149e-03,-2.011557535682417883e-03,5.597115634743441239e-05,-5.986584106488887676e-04,1.942777915547012684e-03
5.969010405469484665e-03,-3.514260013099135011e-03,-2.009261782595045658e-03,5.407555990244583143e-05,-5.979226763343516680e-04,1.939069490250747846e-03
5.962198084666263734e-03,-3.510249252366718677e-03,-2.006968649607394385e-03,5.248745641415245136e-05,-5.971932163369018292e-04,1.934813136606075698e-03
5.955393538637596129e-03,-3.506243069042909010e-03,-2.004678133729203247e-03,5.122033870220341734e-05,-5.964702685138682445e-04,1.930027421530686616e-03
5.948596758510329638e-03,-3.502241457903651316e-03,-2.002390231973597608e-03,5.028512354428635702e-05,-5.957539613429443503e-04,1.924733943999957933e-03
5.941807735421310993e-03,-3.498244413730877429e-03,-2.000104941357180085e-03,4.968997254024946241e-05,-5.950443173310186436e-04,1.918957152223488586e-03
5.935026460517758840e-03,-3.494251931312052951e-03,-1.997822258899802431e-03,4.944013878187921882e-05,-5.943412585192390770e-04,1.912724143476422995e-03
5.928252924956633162e-03,-3.490264005441522533e-03,-1.995542181624896435e-03,4.953784310481905624e-05,-5.936446138914427224e-04,1.906064446918121717e-03
5.921487119905301418e-03,-3.486280630918564376e-03,-1.993264706559240602e-03,4.998218360787330721e-05,-5.929541284364315493e-04,1.899009789971056348e-03
5.914729036540985162e-03,-3.482301802548889904e-03,-1.990989830732899871e-03,5.076908187672304738e-05,-5.922694735897254641e-04,1.891593849117215783e-03
5.907978666051164236e-03,-3.478327515144004952e-03,-1.988717551179454597e-03,5.189126898501326062e-05,-5.915902587398994255e-04,1.883851986246338692e-03
5.901235999633209009e-03,-3.474357763521383671e-03,-1.986447864935818406e-03,5.333831384679355486e-05,-5.909160434773914243e-04,1.875820971995494774e-03
5.894501028494699563e-03,-3.470392542504472429e-03,-1.984180769042298911e-03,5.509669588888313436e-05,-5.902463502370424928e-04,1.867538697736720148e-03
5.887773743852997219e-03,-3.466431846922419634e-03,-1.981916260542625034e-03,5.714992331720238284e-05,-5.895806769969397666e-04,1.859043878085406363e-03
5.881054136935725922e-03,-3.462475671610627369e-03,-1.979654336483806492e-03,5.947869748079224729e-05,-5.889185096979598520e-04,1.850375745917520265e-03
5.874342198980532850e-03,-3.458524011409973373e-03,-1.977394993916262167e-03,6.206112300178321176e-05,-5.882593340698413905e-04,1.841573742009938513e-03
5.867637921234785704e-03,-3.454576861167738249e-03,-1.975138229893853934e-03,6.487296245645106938e-05,-5.876026465798787251e-04,1.832677201450988056e-03
5.860941294956195473e-03,-3.450634215736810961e-03,-1.972884041473659845e-03,6.788793346144831112e-05,-5.869479642566532464e-04,1.823725039026485167e-03
5.854252311412266527e-03,-3.446696069975690568e-03,-1.970632425716195742e-03,7.107804506281360107e-05,-5.862948331911767589e-04,1.814755435821978043e-03
5.847570961880410242e-03,-3.442762418748969346e-03,-1.968383379685387062e-03,7.441396935221272302e-05,-5.856428355605599115e-04,1.805805529322837902e-03
5.840897237648189598e-03,-3.438833256927320212e-03,-1.966136900448419225e-03,7.786544325112986561e-05,-5.849915950894427671e-04,1.796911109359833900e-03
5.834231130012907177e-03,-3.434908579386744716e-03,-1.963892985075840411e-03,8.140169445789830719e-05,-5.843407809060530709e-04,1.788106322356433457e-03
5.827572630281839354e-03,-3.430988381009696282e-03,-1.961651630641603628e-03,8.499188462861664330e-05,-5.836901098193627950e-04,1.779423386431434190e-03
5.820921729772304820e-03,-3.427072656684039369e-03,-1.959412834222967834e-03,8.860556203389951917e-05,-5.830393470901489798e-04,1.770892320114947176e-03
5.814278419811443402e-03,-3.423161401303856551e-03,-1.957176592900497069e-03,9.221311518921020025e-05,-5.823883058222986729e-04,1.762540687611350828e-03
5.807642691736377392e-03,-3.419254609768413757e-03,-1.954942903758092980e-03,9.578621834787556788e-05,-5.817368451386769387e-04,1.754393363798869209e-03
5.801014536893895832e-03,-3.415352276983564094e-03,-1.952711763883004147e-03,9.929825929306378303e-05,-5.810848673414630234e-04,1.746472322443601548e-03
5.794393946640906401e-03,-3.411454397860335785e-03,-1.950483170365830852e-03,1.027247395837244776e-04,-5.804323142735344715e-04,1.738796451423609999e-03
5.787780912343980060e-03,-3.407560967316158179e-03,-1.948257120300461330e-03,1.060436373263701465e-04,-5.797791631157907244e-04,1.731381399122981996e-03
5.781175425379860185e-03,-3.403671980273791434e-03,-1.946033610784044443e-03,1.092357226462042902e-04,-5.791254218433275177e-04,1.724239456555434974e-03
5.774577477134709702e-03,-3.399787431661709016e-03,-1.943812638917141690e-03,1.122848163410663304e-04,-5.784711245580041001e-04,1.717379480203647894e-03
5.767987059004848344e-03,-3.395907316414850143e-03,-1.941594201803623554e-03,1.151779826705391229e-04,-5.778163268874771412e-04,1.710806861030241726e-03
5.761404162396185392e-03,-3.392031629473329143e-03,-1.939378296550554361e-03,1.179056478763977433e-04,-5.771611016057665239e-04,1.704523545587368141e-03
5.754828778724710610e-03,-3.388160365782846590e-03,-1.937164920268421480e-03,1.204616367809722554e-04,-5.765055345956438459e-04,1.698528115674536503e-03
5.748260899415899225e-03,-3.384293520295626918e-03,-1.934954070070954695e-03,1.228431206293554114e-04,-5.758497212205360063e-04,1.692815933484799300e-03
5.741700515905287863e-03,-3.380431087969371518e-03,-1.932745743075094981e-03,1.250504702053319226e-04,-5.751937631353021231e-04,1.687379359703561343e-03
5.735147619637984487e-03,-3.376573063767049267e-03,-1.930539936401287886e-03,1.270870090387256986e-04,-5.745377655159352196e-04,1.682208052511772198e-03
5.728602202068981512e-03,-3.372719442657738740e-03,-1.928336647173041832e-03,1.289586622290130893e-04,-5.738818346475772249e-04,1.677289355897852632e-03
5.722064254662958052e-03,-3.368870219616703666e-03,-1.926135872517282860e-03,1.306734969155316317e-04,-5.732260757831015045e-04,1.672608786098389632e-03
5.715533768894348436e-03,-3.365025389624062835e-03,-1.923937609564196124e-03,1.322411506676740664e-04,-5.725705911562338837e-04,1.668150625297284625e-03
5.709010736247335273e-03,-3.361184947666588565e-03,-1.921741855447218735e-03,1.336721439569262036e-04,-5.719154780309779629e-04,1.663898631950765181e-03
5.702495148215846847e-03,-3.357348888735702235e-03,-1.919548607303001812e-03,1.349770692970723312e-04,-5.712608223143860473e-04,1.659836880366383346e-03
5.695986996303348086e-03,-3.353517207829516487e-03,-1.917357862271632527e-03,1.361658612980907047e-04,-5.706066837962377094e-04,1.655950513477567540e-03
5.689486272023261230e-03,-3.349689899951453081e-03,-1.915169617496343757e-03,1.372476686479823422e-04,-5.699531135305420599e-04,1.652225852783034080e-03
5.682992966898572050e-03,-3.345866960110091548e-03,-1.912983870123524058e-03,1.382309223741679666e-04,-5.693001531724648520e-04,1.648650296202689531e-03
5.676507072461904439e-03,-3.342048383321158909e-03,-1.910800617303054201e-03,1.391233896290515460e-04,-5.686478403082070561e-04,1.645212237652582572e-03
5.670028580255665265e-03,-3.338234164604604072e-03,-1.908619856187852674e-03,1.399322276017812003e-04,-5.679962067100168075e-04,1.641900985492774799e-03
5.663557481831652321e-03,-3.334424298986880288e-03,-1.906441583934255805e-03,1.406640314057318634e-04,-5.673452794646117407e-04,1.638706690475998399e-03
5.657093768751568670e-03,-3.330618781499750797e-03,-1.904265797701814146e-03,1.413248784835334667e-04,-5.666950815386636057e-04,1.635620278900268938e-03
5.650637432586795399e-03,-3.326817607180899451e-03,-1.902092494653140472e-03,1.419203695125430915e-04,-5.660456322808774410e-04,1.632633391049805038e-03
5.644188464917907627e-03,-3.323020771073414200e-03,-1.899921671954373599e-03,1.424556660819121915e-04,-5.653969478698536982e-04,1.629738324517764807e-03
5.637746857335704936e-03,-3.319228268226205592e-03,-1.897753326774593349e-03,1.429355254005357267e-04,-5.647490417102872659e-04,1.626927982010428504e-03
5.631312601440068184e-03,-3.315440093693821592e-03,-1.895587456286369375e-03,1.433643322635316482e-04,-5.641019247861316912e-04,1.624195823296254023e-03
5.624885688840624773e-03,-3.311656242536180437e-03,-1.893424057665336587e-03,1.437461284982296508e-04,-5.634556059728086392e-04,1.621535820956689035e-03
5.618466111156695739e-03,-3.307876709819503481e-03,-1.891263128090431506e-03,1.440846400860950195e-04,-5.628100923143985980e-04,1.618942419648389773e-03
5.612053860017061566e-03,-3.304101490615007648e-03,-1.889104664743719445e-03,1.443833021415945838e-04,-5.621653892690992634e-04,1.616410498592989577e-03
5.605648927060122647e-03,-3.300330580000072900e-03,-1.886948664810595951e-03,1.446452819191949336e-04,-5.615215009256057299e-04,1.613935337045963774e-03
5.599251303933817751e-03,-3.296563973056736065e-03,-1.884795125479528117e-03,1.448735000068121926e-04,-5.608784301951134791e-04,1.611512582499738172e-03
5.592860982295301368e-03,-3.292801664873854037e-03,-1.882644043942448362e-03,1.450706498374580331e-04,-5.602361789801675812e-04,1.609138221414413254e-03
5.586477953811716524e-03,-3.289043650545302698e-03,-1.880495417394189130e-03,1.452392156658138171e-04,-5.595947483239911615e-04,1.606808552272447760e-03
5.580102210159516504e-03,-3.285289925170142150e-03,-1.878349243032975116e-03,1.453814891201992950e-04,-5.589541385408634214e-04,1.604520160769707347e-03
5.573733743024688637e-03,-3.281540483853791993e-03,-1.876205518060096705e-03,1.454995844454392802e-04,-5.583143493319577509e-04,1.602269896980463995e-03
5.567372544102650207e-03,-3.277795321707133603e-03,-1.874064239680202923e-03,1.455954525424736190e-04,-5.576753798858903122e-04,1.600054854336508932e-03
5.561018605098276210e-03,-3.274054433846156683e-03,-1.871925405101016295e-03,1.456708938927191556e-04,-5.570372289671467018e-04,1.597872350277009836e-03
5.554671917726027724e-03,-3.270317815392379500e-03,-1.869789011533473785e-03,1.457275704643160399e-04,-5.563998949933823129e-04,1.595719908439479891e-03
5.548332473709781040e-03,-3.266585461473773926e-03,-1.867655056191607323e-03,1.457670166705301792e-04,-5.557633761025592778e-04,1.593595242264731447e-03
5.542000264782789495e-03,-3.262857367223278345e-03,-1.865523536292845426e-03,1.457906494632765326e-04,-5.551276702116952639e-04,1.591496239910751608e-03
5.535675282687714700e-03,-3.259133527778987176e-03,-1.863394449057618118e-03,1.457997776257390066e-04,-5.544927750670097756e-04,1.589420950365798019e-03
5.529357519176719346e-03,-3.255413938285278003e-03,-1.861267791709602824e-03,1.457956103267681242e-04,-5.538586882881987427e-04,1.587367570671244970e-03
5.523046966011380468e-03,-3.251698593891532221e-03,-1.859143561475581907e-03,1.457792649969453006e-04,-5.532254074057379057e-04,1.585334434159807156e-03
5.516743614962893276e-03,-3.247987489752998062e-03,-1.857021755585476280e-03,1.457517745811419375e-04,-5.525929298934248186e-04,1.583319999634879563e-03
5.510447457811319151e-03,-3.244280621030474435e-03,-1.854902371272542294e-03,1.457140942125089637e-04,-5.519612531956851311e-04,1.581322841414540929e-03
5.504158486346551887e-03,-3.240577982890144402e-03,-1.852785405772971019e-03,1.456671073576181700e-04,-5.513303747509052700e-04,1.579341640167955052e-03
5.497876692367575230e-03,-3.236879570503510984e-03,-1.850670856326344042e-03,1.456116314715161079e-04,-5.507002920110525956e-04,1.577375174489934872e-03
5.491602067682969414e-03,-3.233185379047793552e-03,-1.848558720175158153e-03,1.455484232046442986e-04,-5.500710024583028339e-04,1.575422313143201407e-03
5.485334604110547740e-03,-3.229495403706014126e-03,-1.846448994565220861e-03,1.454781831919703741e-04,-5.494425036183103869e-04,1.573482007927644831e-03
5.479074293477537855e-03,-3.225809639666156470e-03,-1.844341676745363517e-03,1.454015604645299015e-04,-5.488147930713112126e-04,1.571553287118466645e-03
5.472821127620195771e-03,-3.222128082122094599e-03,-1.842236763967764401e-03,1.453191565052873631e-04,-5.481878684610505797e-04,1.569635249430847502e-03
5.466575098384471136e-03,-3.218450726272720219e-03,-1.840134253487421372e-03,1.452315289826616891e-04,-5.475617275020407170e-04,1.567727058472126976e-03
5.460336197625586564e-03,-3.214777567323239427e-03,-1.838034142562723020e-03,1.451391951875053126e-04,-5.469363679843592752e-04,1.565827937634370641e-03
5.454104417207667269e-03,-3.211108600483304418e-03,-1.835936428455155070e-03,1.450426351911440520e-04,-5.463117877781534281e-04,1.563937165404974058e-03
5.447879749004689957e-03,-3.207443820968812389e-03,-1.833841108429137964e-03,1.449422947550451962e-04,-5.456879848359311169e-04,1.562054071049075914e-03
5.441662184899370876e-03,-3.203783224000700779e-03,-1.831748179752467698e-03,1.448385880043953351e-04,-5.450649571943712345e-04,1.560178030643427421e-03
5.435451716784161537e-03,-3.200126804805351454e-03,-1.829657639695914670e-03,1.447318998880738278e-04,-5.444427029751058768e-04,1.558308463430385215e-03
5.429248336560324982e-03,-3.196474558615403864e-03,-1.827569485533391295e-03,1.446225884419619176e-04,-5.438212203845772287e-04,1.556444828466226754e-03
5.423052036138756304e-03,-3.192826480667399717e-03,-1.825483714541911891e-03,1.445109868687556706e-04,-5.432005077133544076e-04,1.554586621540349298e-03
5.416862807439329526e-03,-3.189182566204996992e-03,-1.823400324001580534e-03,1.443974054510163414e-04,-5.425805633348069427e-04,1.552733372344335637e-03
5.410680642391241940e-03,-3.185542810476128892e-03,-1.821319311195691024e-03,1.442821333111829463e-04,-5.419613857035991428e-04,1.550884641871769481e-03
5.404505532932912630e-03,-3.181907208734283642e-03,-1.819240673410546039e-03,1.441654400278472752e-04,-5.413429733534951297e-04,1.549040020030237677e-03
5.398337471011811599e-03,-3.178275756238628513e-03,-1.817164407935628872e-03,1.440475771229052498e-04,-5.407253248945271184e-04,1.547199123443851899e-03
5.392176448584886511e-03,-3.174648448254186774e-03,-1.815090512063340837e-03,1.439287794267913461e-04,-5.401084390112579833e-04,1.545361593440055647e-03
5.386022457617953806e-03,-3.171025280050681489e-03,-1.813018983089503908e-03,1.438092663344090946e-04,-5.394923144589797203e-04,1.543527094197379764e-03
5.379875490086268551e-03,-3.167406246903349543e-03,-1.810949818312618687e-03,1.436892429596321893e-04,-5.388769500613073849e-04,1.541695311047140129e-03
5.373735537974002295e-03,-3.163791344092936435e-03,-1.808883015034588220e-03,1.435689011946714101e-04,-5.382623447065742290e-04,1.539865948911632284e-03
5.367602593274572662e-03,-3.160180566905426095e-03,-1.806818570560269135e-03,1.434484206828469421e-04,-5.376484973451672736e-04,1.538038730873155435e-03
5.361476647990600850e-03,-3.156573910632478903e-03,-1.804756482197578333e-03,1.433279697140683808e-04,-5.370354069858280111e-04,1.536213396860733760e-03
5.355357694133894286e-03,-3.152971370570801114e-03,-1.802696747257505989e-03,1.432077060463338787e-04,-5.364230726926121941e-04,1.534389702442888513e-03
5.349245723725166470e-03,-3.149372942022905103e-03,-1.800639363054137897e-03,1.430877776587906553e-04,-5.358114935814464090e-04,1.532567417721329402e-03
5.343140728794254675e-03,-3.145778620296238101e-03,-1.798584326904748053e-03,1.429683234447802270e-04,-5.352006688170935032e-04,1.530746326318344671e-03
5.337042701380284755e-03,-3.142188400704014860e-03,-1.796531636129413984e-03,1.428494738480663218e-04,-5.345905976097834258e-04,1.528926224443339895e-03
5.330951633531349348e-03,-3.138602278564384552e-03,-1.794481288051436550e-03,1.427313514445790587e-04,-5.339812792119570444e-04,1.527106920042506453e-03
5.324867517304587676e-03,-3.135020249200568248e-03,-1.792433279997169508e-03,1.426140714798652671e-04,-5.333727129153153796e-04,1.525288232014744300e-03
5.318790344766294829e-03,-3.131442307942175571e-03,-1.790387609295971804e-03,1.424977423582490658e-04,-5.327648980479042940e-04,1.523469989495829192e-03
5.312720107991791667e-03,-3.127868450123193287e-03,-1.788344273280200207e-03,1.423824660950071333e-04,-5.321578339706962198e-04,1.521652031200599687e-03
5.306656799065361495e-03,-3.124298671083298052e-03,-1.786303269285440237e-03,1.422683387300078834e-04,-5.315515200750181059e-04,1.519834204821943766e-03
5.300600410080436552e-03,-3.120732966167515544e-03,-1.784264594650083547e-03,1.421554507047927249e-04,-5.309459557798009051e-04,1.518016366477915359e-03
5.294550933139277084e-03,-3.117171330726184898e-03,-1.782228246715812561e-03,1.420438872127643916e-04,-5.303411405285584452e-04,1.516198380208754089e-03
5.288508360353549875e-03,-3.113613760114655564e-03,-1.780194222827060106e-03,1.419337285165761238e-04,-5.297370737871482261e-04,1.514380117511590802e-03
5.282472683843421855e-03,-3.110060249694103496e-03,-1.778162520331571681e-03,1.418250502407254168e-04,-5.291337550408529641e-04,1.512561456918606407e-03
5.276443895738401439e-03,-3.106510794830373220e-03,-1.776133136579907809e-03,1.417179236405570486e-04,-5.285311837922968643e-04,1.510742283609098043e-03
5.270421988176972501e-03,-3.102965390895305771e-03,-1.774106068925743922e-03,1.416124158468957625e-04,-5.279293595586750498e-04,1.508922489053552210e-03
5.264406953306287329e-03,-3.099424033265297997e-03,-1.772081314725778862e-03,1.415085900909676946e-04,-5.273282818699643031e-04,1.507101970688181150e-03
5.258398783282890003e-03,-3.095886717322708561e-03,-1.770058871339713624e-03,1.414065059130511517e-04,-5.267279502665292564e-04,1.505280631618568328e-03
5.252397470271912353e-03,-3.092353438454497911e-03,-1.768038736130228160e-03,1.413062193494034737e-04,-5.261283642968377604e-04,1.503458380345556534e-03
5.246403006447587433e-03,-3.088824192053422207e-03,-1.766020906463089358e-03,1.412077831070209801e-04,-5.255295235159935250e-04,1.501635130517251166e-03
5.240415383993213098e-03,-3.085298973517466067e-03,-1.764005379706975194e-03,1.411112467229948969e-04,-5.249314274832800765e-04,1.499810800698696007e-03
5.234434595100801585e-03,-3.081777778249263165e-03,-1.761992153233602658e-03,1.410166567101393863e-04,-5.243340757608786883e-04,1.497985314164447567e-03
5.228460631971126350e-03,-3.078260601657086763e-03,-1.759981224417829461e-03,1.409240566902099075e-04,-5.237374679116047838e-04,1.496158598705379797e-03
5.222493486814280654e-03,-3.074747439155130734e-03,-1.757972590637255908e-03,1.408334875181586399e-04,-5.231416034978203728e-04,1.494330586453600620e-03
5.216533151849171018e-03,-3.071238286161680296e-03,-1.755966249272603941e-03,1.407449873934225513e-04,-5.225464820795574063e-04,1.492501213721491053e-03
5.210579619303147732e-03,-3.067733138101124725e-03,-1.753962197707674853e-03,1.406585919650178511e-04,-5.219521032128468041e-04,1.490670420853300272e-03
5.204632881412899967e-03,-3.064231990402354906e-03,-1.751960433329071516e-03,1.405743344249958064e-04,-5.213584664487901608e-04,1.488838152089303531e-03
5.198692930423805258e-03,-3.060734838499723064e-03,-1.749960953526549876e-03,1.404922455980357331e-04,-5.207655713318323949e-04,1.487004355442629209e-03
5.192759758590016241e-03,-3.057241677833388849e-03,-1.747963755692716684e-03,1.404123540202791259e-04,-5.201734173987821721e-04,1.485168982582315460e-03
5.186833358174765089e-03,-3.053752503847940655e-03,-1.745968837223216405e-03,1.403346860135208532e-04,-5.195820041774258614e-04,1.483331988729367969e-03
5.180913721449902955e-03,-3.050267311993500215e-03,-1.743976195516601987e-03,1.402592657549717669e-04,-5.189913311853457546e-04,1.481493332558927404e-03
5.175000840696122005e-03,-3.046786097724980130e-03,-1.741985827974557987e-03,1.401861153392628962e-04,-5.184013979290286352e-04,1.479652976110784135e-03
5.169094708202830527e-03,-3.043308856503202774e-03,-1.739997732001593743e-03,1.401152548369047617e-04,-5.178122039027288842e-04,1.477810884703888031e-03
5.163195316268519817e-03,-3.039835583794029891e-03,-1.738011905005175861e-03,1.400467023489918527e-04,-5.172237485876409087e-04,1.475967026864081393e-03
5.157302657200409438e-03,-3.036366275067977488e-03,-1.736028344395703065e-03,1.399804740573499053e-04,-5.166360314508831354e-04,1.474121374247286485e-03
5.151416723314258123e-03,-3.032900925800800004e-03,-1.734047047586700918e-03,1.399165842703745338e-04,-5.160490519447321310e-04,1.472273901576021159e-03
5.145537506934715066e-03,-3.029439531474009423e-03,-1.732068011994524750e-03,1.398550454672060450e-04,-5.154628095056278461e-04,1.470424586576142599e-03
5.139665000395442218e-03,-3.025982087573746843e-03,-1.730091235038385029e-03,1.397958683385818780e-04,-5.148773035539880001e-04,1.468573409919148682e-03
5.133799196038318045e-03,-3.022528589591444263e-03,-1.728116714140691922e-03,1.397390618235847426e-04,-5.142925334926579974e-04,1.466720355166144891e-03
5.127940086214485306e-03,-3.019079033023892682e-03,-1.726144446726542462e-03,1.396846331479546918e-04,-5.137084987072533179e-04,1.464865408717036651e-03
5.122087663283491493e-03,-3.015633413372491387e-03,-1.724174430224127133e-03,1.396325878544110851e-04,-5.131251985646693905e-04,1.463008559763057104e-03
5.116241919613831804e-03,-3.012191726144389844e-03,-1.722206662064464013e-03,1.395829298371948366e-04,-5.125426324130123116e-04,1.461149800238072984e-03
5.110402847582440865e-03,-3.008753966851443820e-03,-1.720241139681682628e-03,1.395356613711770471e-04,-5.119607995810749592e-04,1.459289124775116136e-03
5.104570439575122943e-03,-3.005320131010714123e-03,-1.718277860512626909e-03,1.394907831408601659e-04,-5.113796993774985793e-04,1.457426530664576681e-03
5.098744687986441794e-03,-3.001890214144569812e-03,-1.716316821997209297e-03,1.394482942674958115e-04,-5.107993310909129730e-04,1.455562017813963067e-03
5.092925585219556725e-03,-2.998464211780269267e-03,-1.714358021578129719e-03,1.394081923356455563e-04,-5.102196939889079141e-04,1.453695588707540039e-03
5.087113123686134129e-03,-2.995042119450386058e-03,-1.712401456701226647e-03,1.393704734187491785e-04,-5.096407873180538572e-04,1.451827248368422118e-03
5.081307295806879176e-03,-2.991623932692340140e-03,-1.710447124814927847e-03,1.393351321030302360e-04,-5.090626103036006381e-04,1.449957004323219716e-03
5.075508094010836718e-03,-2.988209647048785562e-03,-1.708495023370962046e-03,1.393021615127309533e-04,-5.084851621485568778e-04,1.448084866564345978e-03
5.069715510735622009e-03,-2.984799258067643863e-03,-1.706545149823666778e-03,1.392715533311324346e-04,-5.079084420342077971e-04,1.446210847513784920e-03
5.063929538427865661e-03,-2.981392761301459617e-03,-1.704597501630435077e-03,1.392432978248002440e-04,-5.073324491195850420e-04,1.444334961991842548e-03
5.058150169542505008e-03,-2.977990152308052692e-03,-1.702652076251436617e-03,1.392173838649351375e-04,-5.067571825409018143e-04,1.442457227179021759e-03
5.052377396543120645e-03,-2.974591426650801881e-03,-1.700708871149892018e-03,1.391937989489554358e-04,-5.061826414115443065e-04,1.440577662584004767e-03
5.046611211902137656e-03,-2.971196579897265790e-03,-1.698767883791769051e-03,1.391725292237415055e-04,-5.056088248223287659e-04,1.438696290010298921e-03
5.040851608100242742e-03,-2.967805607620694654e-03,-1.696829111646010971e-03,1.391535595038849416e-04,-5.050357318405800317e-04,1.436813133521560020e-03
5.035098577626793623e-03,-2.964418505399430987e-03,-1.694892552184527629e-03,1.391368732952672274e-04,-5.044633615104574453e-04,1.434928219407905284e-03
5.029352112979866736e-03,-2.961035268816403047e-03,-1.692958202881966485e-03,1.391224528147552426e-04,-5.038917128528904495e-04,1.433041576153677417e-03
5.023612206666055145e-03,-2.957655893459790967e-03,-1.691026061215868083e-03,1.391102790115605881e-04,-5.033207848651939133e-04,1.431153234403318699e-03
5.017878851200352312e-03,-2.954280374922981650e-03,-1.689096124666784665e-03,1.391003315873789938e-04,-5.027505765213569630e-04,1.429263226928133897e-03
5.012152039106430521e-03,-2.950908708804155910e-03,-1.687168390718011939e-03,1.390925890181911036e-04,-5.021810867715283122e-04,1.427371588590611558e-03
5.006431762916470872e-03,-2.947540890706765952e-03,-1.685242856855748671e-03,1.390870285739639466e-04,-5.016123145423504121e-04,1.425478356314405920e-03
5.000718015171178900e-03,-2.944176916238976354e-03,-1.683319520569135936e-03,1.390836263401161617e-04,-5.010442587367690661e-04,1.423583569046329338e-03
4.995010788419794109e-03,-2.940816781014200972e-03,-1.681398379350024664e-03,1.390823572378826480e-04,-5.004769182343833016e-04,1.421687267723671395e-03
4.989310075219917373e-03,-2.937460480650956347e-03,-1.679479430693355761e-03,1.390831950470057781e-04,-4.999102918903835027e-04,1.419789495239291927e-03
4.983615868137915988e-03,-2.934108010772189072e-03,-1.677562672096677638e-03,1.390861124239879416e-04,-4.993443785371408502e-04,1.417890296406397032e-03
4.977928159748356424e-03,-2.930759367006616298e-03,-1.675648101060579027e-03,1.390910809260068493e-04,-4.987791769829987617e-04,1.415989717924295193e-03
4.972246942634462284e-03,-2.927414544987087287e-03,-1.673735715088437229e-03,1.390980710306076267e-04,-4.982146860128746236e-04,1.414087808341282435e-03
4.966572209387723133e-03,-2.924073540352398366e-03,-1.671825511686504629e-03,1.391070521577315248e-04,-4.976509043881029073e-04,1.412184618019403587e-03
4.960903952608504246e-03,-2.920736348745781551e-03,-1.669917488363769709e-03,1.391179926921856582e-04,-4.970878308467496960e-04,1.410280199098223018e-03
4.955242164905093380e-03,-2.917402965815424527e-03,-1.668011642632229174e-03,1.391308600033376456e-04,-4.965254641034360684e-04,1.408374605458146724e-03
4.949586838894548188e-03,-2.914073387214201338e-03,-1.666107972006638811e-03,1.391456204693617858e-04,-4.959638028495793336e-04,1.406467892682967480e-03
4.943937967202191412e-03,-2.910747608600803421e-03,-1.664206474004548608e-03,1.391622394980475538e-04,-4.954028457534194853e-04,1.404560118024630660e-03
4.938295542461918798e-03,-2.907425625637779804e-03,-1.662307146146383861e-03,1.391806815495963336e-04,-4.948425914604757600e-04,1.402651340361785832e-03
4.932659557315872967e-03,-2.904107433993920184e-03,-1.660409985955480948e-03,1.392009101576556452e-04,-4.942830385928761658e-04,1.400741620166328499e-03
4.927030004414663725e-03,-2.900793029341932130e-03,-1.658514990957854441e-03,1.392228879550021594e-04,-4.937241857504172902e-04,1.398831019460837575e-03
4.921406876417469545e-03,-2.897482407359658427e-03,-1.656622158682353888e-03,1.392465766923543942e-04,-4.931660315100727231e-04,1.396919601784454455e-03
4.915790165991374035e-03,-2.894175563730343355e-03,-1.654731486660824700e-03,1.392719372643910465e-04,-4.926085744265586847e-04,1.395007432150100401e-03
4.910179865812403302e-03,-2.890872494141418815e-03,-1.652842972427735844e-03,1.392989297310008123e-04,-4.920518130320380382e-04,1.393094577007352808e-03
4.904575968564527620e-03,-2.887573194286157524e-03,-1.650956613520436142e-03,1.393275133408663591e-04,-4.914957458366645601e-04,1.391181104203996141e-03
4.898978466940154958e-03,-2.884277659861729255e-03,-1.649072407479155577e-03,1.393576465549284393e-04,-4.909403713286837698e-04,1.389267082943903067e-03
4.893387353640189959e-03,-2.880985886570977626e-03,-1.647190351846855669e-03,1.393892870689728578e-04,-4.903856879744189446e-04,1.387352583750248343e-03
4.887802621373647100e-03,-2.877697870121272150e-03,-1.645310444169289761e-03,1.394223918379826821e-04,-4.898316942186534085e-04,1.385437678421727213e-03
4.882224262858153759e-03,-2.874413606224885537e-03,-1.643432681994965935e-03,1.394569170992810531e-04,-4.892783884849452765e-04,1.383522439996434129e-03
4.876652270819205152e-03,-2.871133090599121192e-03,-1.641557062875431726e-03,1.394928183962197016e-04,-4.887257691753895805e-04,1.381606942708968897e-03
4.871086637991067260e-03,-2.867856318966569527e-03,-1.639683584364722913e-03,1.395300506010956748e-04,-4.881738346711211765e-04,1.379691261950654040e-03
4.865527357115957165e-03,-2.864583287053987324e-03,-1.637812244019916461e-03,1.395685679402862878e-04,-4.876225833326706342e-04,1.377775474228640218e-03
4.859974420944672760e-03,-2.861313990593106985e-03,-1.635943039400623768e-03,1.396083240169448351e-04,-4.870720135000827940e-04,1.375859657126121856e-03
4.854427822235972585e-03,-2.858048425321019041e-03,-1.634075968069478120e-03,1.396492718353569491e-04,-4.865221234924725158e-04,1.373943889259774840e-03
4.848887553757160428e-03,-2.854786586979259685e-03,-1.632211027591791213e-03,1.396913638246385220e-04,-4.859729116096548848e-04,1.372028250241091266e-03
4.843353608283481639e-03,-2.851528471314333790e-03,-1.630348215535670688e-03,1.397345518624246825e-04,-4.854243761307908806e-04,1.370112820633033468e-03
4.837825978598797073e-03,-2.848274074077632514e-03,-1.628487529471904982e-03,1.397787872995675423e-04,-4.848765153159840277e-04,1.368197681911035484e-03
4.832304657494892672e-03,-2.845023391025489675e-03,-1.626628966974256281e-03,1.398240209823867891e-04,-4.843293274054807419e-04,1.366282916421885122e-03
4.826789637771973854e-03,-2.841776417918996569e-03,-1.624772525619028142e-03,1.398702032781389242e-04,-4.837828106206791805e-04,1.364368607340944381e-03
4.821280912238336790e-03,-2.838533150523638113e-03,-1.622918202985525410e-03,1.399172840982717723e-04,-4.832369631640094925e-04,1.362454838633588060e-03
4.815778473710582638e-03,-2.835293584610652871e-03,-1.621065996655569582e-03,1.399652129218977568e-04,-4.826917832191153133e-04,1.360541695012980378e-03
4.810282315013471831e-03,-2.832057715955485239e-03,-1.619215904213919038e-03,1.400139388202675144e-04,-4.821472689513729357e-04,1.358629261899847599e-03
4.804792428980031622e-03,-2.828825540338162324e-03,-1.617367923248019031e-03,1.400634104792465443e-04,-4.816034185078870268e-04,1.356717625382144196e-03
4.799308808451195271e-03,-2.825597053544110122e-03,-1.615522051348097744e-03,1.401135762236791014e-04,-4.810602300180634124e-04,1.354806872173826499e-03
4.793831446276374496e-03,-2.822372251363705967e-03,-1.613678286107124221e-03,1.401643840413078915e-04,-4.805177015936234423e-04,1.352897089574074544e-03
4.788360335313065694e-03,-2.819151129591292333e-03,-1.611836625120778013e-03,1.402157816054753407e-04,-4.799758313289212821e-04,1.350988365428731561e-03
4.782895468426690347e-03,-2.815933684026695159e-03,-1.609997065987586653e-03,1.402677162980463666e-04,-4.794346173013515192e-04,1.349080788089305084e-03
4.777436838491249879e-03,-2.812719910474190382e-03,-1.608159606308703828e-03,1.403201352337739522e-04,-4.788940575716362598e-04,1.347174446372853204e-03
4.771984438388455693e-03,-2.809509804743213872e-03,-1.606324243688008694e-03,1.403729852825569486e-04,-4.783541501837841451e-04,1.345269429522316217e-03
4.766538261008429131e-03,-2.806303362647536576e-03,-1.604490975732250722e-03,1.404262130918115304e-04,-4.778148931659119067e-04,1.343365827168184218e-03
4.761098299249185394e-03,-2.803100580006183482e-03,-1.602659800050789058e-03,1.404797651110613072e-04,-4.772762845301300365e-04,1.341463729288937170e-03
4.755664546017004772e-03,-2.799901452642366336e-03,-1.600830714255728482e-03,1.405335876121969422e-04,-4.767383222728846905e-04,1.339563226171048248e-03
4.750236994226310350e-03,-2.796705976384193139e-03,-1.599003715961922877e-03,1.405876267139603104e-04,-4.762010043755714010e-04,1.337664408371759062e-03
4.744815636799340139e-03,-2.793514147065098360e-03,-1.597178802787009924e-03,1.406418284020961038e-04,-4.756643288043838308e-04,1.335767366680415272e-03
4.739400466666794133e-03,-2.790325960523036726e-03,-1.595355972351180599e-03,1.406961385536129418e-04,-4.751282935109500368e-04,1.333872192081016943e-03
4.733991476766875872e-03,-2.787141412600190916e-03,-1.593535222277595725e-03,1.407505029570464597e-04,-4.745928964326162061e-04,1.331978975713115059e-03
4.728588660046540576e-03,-2.783960499144197149e-03,-1.591716550191815032e-03,1.408048673341715407e-04,-4.740581354926971607e-04,1.330087808836363968e-03
4.723192009460354564e-03,-2.780783216006646377e-03,-1.589899953722375033e-03,1.408591773631531503e-04,-4.735240086007486550e-04,1.328198782792741920e-03
4.717801517970879495e-03,-2.777609559044774343e-03,-1.588085430500403702e-03,1.409133786972603696e-04,-4.729905136528537676e-04,1.326311988969446857e-03
4.712417178549167633e-03,-2.774439524120131915e-03,-1.586272978159720005e-03,1.409674169876893126e-04,-4.724576485324198443e-04,1.324427518764226654e-03
4.707038984173673307e-03,-2.771273107098520469e-03,-1.584462594336820884e-03,1.410212379036088583e-04,-4.719254111099184523e-04,1.322545463548603856e-03
4.701666927831387420e-03,-2.768110303851096035e-03,-1.582654276671012668e-03,1.410747871524315725e-04,-4.713937992432740663e-04,1.320665914632545429e-03
4.696301002516815697e-03,-2.764951110253599954e-03,-1.580848022804260799e-03,1.411280105007515758e-04,-4.708628107786122768e-04,1.318788963230018091e-03
4.690941201233113193e-03,-2.761795522186425225e-03,-1.579043830381072523e-03,1.411808537938387430e-04,-4.703324435504485494e-04,1.316914700424325936e-03
4.685587516990664426e-03,-2.758643535534655977e-03,-1.577241697048938377e-03,1.412332629753573049e-04,-4.698026953817875380e-04,1.315043217134222175e-03
4.680239942808383548e-03,-2.755495146187854523e-03,-1.575441620457667573e-03,1.412851841073058167e-04,-4.692735640849234969e-04,1.313174604080023919e-03
4.674898471713093313e-03,-2.752350350040536249e-03,-1.573643598260054781e-03,1.413365633890724447e-04,-4.687450474612105925e-04,1.311308951751390117e-03
4.669563096739292631e-03,-2.749209142992058152e-03,-1.571847628111364701e-03,1.413873471757100622e-04,-4.682171433020907813e-04,1.309446350372884052e-03
4.664233810929615393e-03,-2.746071520945843423e-03,-1.570053707669754250e-03,1.414374819977710766e-04,-4.676898493887516359e-04,1.307586889873751414e-03
4.658910607334653536e-03,-2.742937479810849018e-03,-1.568261834595819802e-03,1.414869145779212834e-04,-4.671631634933819588e-04,1.305730659855480541e-03
4.653593479012802653e-03,-2.739807015500084209e-03,-1.566472006552994869e-03,1.415355918514395270e-04,-4.666370833783882845e-04,1.303877749560579781e-03
4.648282419030593318e-03,-2.736680123931305771e-03,-1.564684221207317217e-03,1.415834609821687272e-04,-4.661116067980261156e-04,1.302028247842031182e-03
4.642977420462227924e-03,-2.733556801027054416e-03,-1.562898476227542709e-03,1.416304693802418523e-04,-4.655867314979130075e-04,1.300182243132624914e-03
4.637678476389975324e-03,-2.730437042714591901e-03,-1.561114769285031675e-03,1.416765647203660407e-04,-4.650624552157435997e-04,1.298339823415850178e-03
4.632385579903941855e-03,-2.727320844925621313e-03,-1.559333098053730052e-03,1.417216949569993442e-04,-4.645387756817302900e-04,1.296501076197569338e-03
4.627098724102007149e-03,-2.724208203596210302e-03,-1.557553460210449759e-03,1.417658083419662208e-04,-4.640156906186038849e-04,1.294666088475131824e-03
4.621817902090387918e-03,-2.721099114667900002e-03,-1.555775853434320953e-03,1.418088534418601731e-04,-4.634931977426953080e-04,1.292834946711821000e-03
4.616543106982580642e-03,-2.717993574086409632e-03,-1.554000275407528206e-03,1.418507791513306182e-04,-4.629712947637033642e-04,1.291007736806973338e-03
4.611274331900154337e-03,-2.714891577801797386e-03,-1.552226723814621821e-03,1.418915347114841025e-04,-4.624499793854002297e-04,1.289184544070425074e-03
4.606011569972834688e-03,-2.711793121769183381e-03,-1.550455196342805575e-03,1.419310697233986654e-04,-4.619292493065175705e-04,1.287365453194852039e-03
4.600754814337584646e-03,-2.708698201948377560e-03,-1.548685690682090029e-03,1.419693341645281430e-04,-4.614091022196930778e-04,1.285550548231881654e-03
4.595504058139768429e-03,-2.705606814303351901e-03,-1.546918204524969000e-03,1.420062784016609865e-04,-4.608895358136544298e-04,1.283739912563882420e-03
4.590259294532237321e-03,-2.702518954802501493e-03,-1.545152735566715767e-03,1.420418532081043240e-04,-4.603705477724185009e-04,1.281933628881184398e-03
4.585020516675791108e-03,-2.699434619419918691e-03,-1.543389281504966952e-03,1.420760097750930204e-04,-4.598521357766858077e-04,1.280131779156534755e-03
4.579787717738999404e-03,-2.696353804133107615e-03,-1.541627840040301917e-03,1.421086997271936425e-04,-4.593342975030331580e-04,1.278334444620543185e-03
4.574560890898160016e-03,-2.693276504924794774e-03,-1.539868408875724954e-03,1.421398751356079987e-04,-4.588170306256569397e-04,1.276541705740357174e-03
4.569340029337625939e-03,-2.690202717781764626e-03,-1.538110985716907271e-03,1.421694885310243774e-04,-4.583003328162399805e-04,1.274753642194777822e-03
4.564125126249246774e-03,-2.687132438696412592e-03,-1.536355568272103301e-03,1.421974929168097121e-04,-4.577842017441371633e-04,1.272970332853375075e-03
4.558916174832609858e-03,-2.684065663664699387e-03,-1.534602154252413288e-03,1.422238417819759082e-04,-4.572686350769514089e-04,1.271191855754161184e-03
4.553713168295310879e-03,-2.681002388687714864e-03,-1.532850741371150115e-03,1.422484891121517786e-04,-4.567536304816382066e-04,1.269418288082377203e-03
4.548516099852555755e-03,-2.677942609770703544e-03,-1.531101327344605838e-03,1.422713894035503327e-04,-4.562391856242097900e-04,1.267649706149050074e-03
4.543324962727184925e-03,-2.674886322923770206e-03,-1.529353909891508498e-03,1.422924976732773165e-04,-4.557252981703001143e-04,1.265886185372112546e-03
4.538139750150081003e-03,-2.671833524161374655e-03,-1.527608486733087389e-03,1.423117694710792746e-04,-4.552119657862590879e-04,1.264127800255076053e-03
4.532960455359633621e-03,-2.668784209502976165e-03,-1.525865055593347364e-03,1.423291608912082733e-04,-4.546991861388977301e-04,1.262374624369368842e-03
4.527787071601883408e-03,-2.665738374971626627e-03,-1.524123614198897962e-03,1.423446285817280953e-04,-4.541869568961246525e-04,1.260626730334121672e-03
4.522619592130728422e-03,-2.662696016596215708e-03,-1.522384160278884456e-03,1.423581297561599807e-04,-4.536752757277205043e-04,1.258884189799395863e-03
4.517458010207723793e-03,-2.659657130408805015e-03,-1.520646691564976139e-03,1.423696222041226616e-04,-4.531641403056369953e-04,1.257147073427410978e-03
4.512302319102223964e-03,-2.656621712447115695e-03,-1.518911205791486458e-03,1.423790643000897617e-04,-4.526535483044635908e-04,1.255415450874554882e-03
4.507152512090856211e-03,-2.653589758752844443e-03,-1.517177700695366725e-03,1.423864150141484423e-04,-4.521434974023144974e-04,1.253689390777273927e-03
4.502008582458315138e-03,-2.650561265371858231e-03,-1.515446174016102246e-03,1.423916339214190867e-04,-4.516339852803150762e-04,1.251968960732528476e-03
4.496870523497092063e-03,-2.647536228355212590e-03,-1.513716623495810773e-03,1.423946812095976881e-04,-4.511250096241718765e-04,1.250254227284465025e-03
4.491738328506899094e-03,-2.644514643758770836e-03,-1.511989046879034983e-03,1.423955176893788811e-04,-4.506165681245678811e-04,1.248545255907757218e-03
4.486611990795311838e-03,-2.641496507641711341e-03,-1.510263441913059067e-03,1.423941048043252447e-04,-4.501086584768769819e-04,1.246842110992609593e-03
4.481491503677500522e-03,-2.638481816068427924e-03,-1.508539806347694925e-03,1.423904046356347559e-04,-4.496012783824263168e-04,1.245144855831545284e-03
4.476376860476502344e-03,-2.635470565107922696e-03,-1.506818137935231642e-03,1.423843799135631307e-04,-4.490944255489641565e-04,1.243453552602413748e-03
4.471268054522675034e-03,-2.632462750833241411e-03,-1.505098434430567544e-03,1.423759940233046721e-04,-4.485880976905874803e-04,1.241768262359172446e-03
4.466165079153868595e-03,-2.629458369322473961e-03,-1.503380693591308860e-03,1.423652110138623451e-04,-4.480822925288821231e-04,1.240089045014895232e-03
4.461067927715846836e-03,-2.626457416657567833e-03,-1.501664913177489132e-03,1.423519956042591978e-04,-4.475770077931830919e-04,1.238415959330446551e-03
4.455976593561966452e-03,-2.623459888925574069e-03,-1.499951090951693895e-03,1.423363131914170694e-04,-4.470722412213345921e-04,1.236749062903267542e-03
4.450891070053015694e-03,-2.620465782217423854e-03,-1.498239224679004953e-03,1.423181298574736529e-04,-4.465679905599701308e-04,1.235088412152823877e-03
4.445811350557518811e-03,-2.617475092628652762e-03,-1.496529312127139804e-03,1.422974123747776864e-04,-4.460642535652085201e-04,1.233434062311618154e-03
4.440737428451112419e-03,-2.614487816259815790e-03,-1.494821351066510191e-03,1.422741282139850969e-04,-4.455610280025437773e-04,1.231786067411413596e-03
4.435669297117820521e-03,-2.611503949214855850e-03,-1.493115339269741578e-03,1.422482455499439415e-04,-4.450583116488158780e-04,1.230144480275912862e-03
4.430606949948370094e-03,-2.608523487603213627e-03,-1.491411274512299823e-03,1.422197332662393553e-04,-4.445561022911615747e-04,1.228509352507761937e-03
4.425550380341678608e-03,-2.605546427538240738e-03,-1.489709154572004587e-03,1.421885609636276693e-04,-4.440543977286623293e-04,1.226880734477892856e-03
4.420499581703636258e-03,-2.602572765137588316e-03,-1.488008977229224707e-03,1.421546989629241550e-04,-4.435531957724364160e-04,1.225258675318863016e-03
4.415454547448335008e-03,-2.599602496524023188e-03,-1.486310740266984882e-03,1.421181183115487602e-04,-4.430524942462992009e-04,1.223643222912753747e-03
4.410415270996509950e-03,-2.596635617823836711e-03,-1.484614441470744279e-03,1.420787907894090977e-04,-4.425522909868531848e-04,1.222034423883616673e-03
4.405381745777277487e-03,-2.593672125168329252e-03,-1.482920078628509070e-03,1.420366889123430860e-04,-4.420525838452083064e-04,1.220432323588710108e-03
4.400353965226607052e-03,-2.590712014692964082e-03,-1.481227649530850003e-03,1.419917859382209741e-04,-4.415533706861190263e-04,1.218836966108501627e-03
4.395331922788375811e-03,-2.587755282538093792e-03,-1.479537151970712226e-03,1.419440558706145262e-04,-4.410546493896408795e-04,1.217248394241899311e-03
4.390315611913749375e-03,-2.584801924847868713e-03,-1.477848583743835960e-03,1.418934734633445444e-04,-4.405564178504733940e-04,1.215666649496146331e-03
4.385305026061459346e-03,-2.581851937770772085e-03,-1.476161942648129615e-03,1.418400142260345864e-04,-4.400586739801284962e-04,1.214091772079386143e-03
4.380300158697368780e-03,-2.578905317460477870e-03,-1.474477226484404227e-03,1.417836544251122803e-04,-4.395614157061483664e-04,1.212523800894670751e-03
4.375301003295369029e-03,-2.575962060074398364e-03,-1.472794433055534718e-03,1.417243710919155789e-04,-4.390646409731491467e-04,1.210962773533629184e-03
4.370307553336467282e-03,-2.573022161774356827e-03,-1.471113560167337016e-03,1.416621420221367538e-04,-4.385683477435590658e-04,1.209408726267036886e-03
4.365319802308992997e-03,-2.570085618726707620e-03,-1.469434605627801529e-03,1.415969457826021013e-04,-4.380725339977665405e-04,1.207861694042596358e-03
4.360337743708997751e-03,-2.567152427102327092e-03,-1.467757567247645429e-03,1.415287617126036678e-04,-4.375771977349120776e-04,1.206321710476391043e-03
4.355361371039895291e-03,-2.564222583076198551e-03,-1.466082442839864233e-03,1.414575699292317630e-04,-4.370823369732073542e-04,1.204788807847557118e-03
4.350390677812243818e-03,-2.561296082827887576e-03,-1.464409230220228364e-03,1.413833513277125528e-04,-4.365879497508967969e-04,1.203263017093182761e-03
4.345425657544301108e-03,-2.558372922540763997e-03,-1.462737927206796996e-03,1.413060875868514868e-04,-4.360940341263611227e-04,1.201744367803313446e-03
4.340466303761767765e-03,-2.555453098403678933e-03,-1.461068531620090660e-03,1.412257611702591507e-04,-4.356005881790578848e-04,1.200232888215514888e-03
4.335512609997393442e-03,-2.552536606608501926e-03,-1.459401041283283577e-03,1.411423553303515393e-04,-4.351076100098130684e-04,1.198728605210436270e-03
4.330564569791362818e-03,-2.549623443352484493e-03,-1.457735454021994630e-03,1.410558541099106021e-04,-4.346150977409262046e-04,1.197231544307813872e-03
4.325622176691759635e-03,-2.546713604836737480e-03,-1.456071767664188481e-03,1.409662423444184504e-04,-4.341230495181341311e-04,1.195741729660154727e-03
4.320685424253265655e-03,-2.543807087266475656e-03,-1.454409980040506038e-03,1.408735056653966447e-04,-4.336314635093565161e-04,1.194259184052285597e-03
4.315754306038575329e-03,-2.540903886851945785e-03,-1.452750088983851585e-03,1.407776305011871731e-04,-4.331403379066138125e-04,1.192783928894926900e-03
4.310828815617362766e-03,-2.538003999807502895e-03,-1.451092092329700706e-03,1.406786040796211338e-04,-4.326496709256819387e-04,1.191315984220472999e-03
4.305908946566672918e-03,-2.535107422351096356e-03,-1.449435987916077723e-03,1.405764144305808399e-04,-4.321594608071543096e-04,1.189855368681776377e-03
4.300994692471075964e-03,-2.532214150706021960e-03,-1.447781773583376808e-03,1.404710503867834270e-04,-4.316697058164957750e-04,1.188402099548156255e-03
4.296086046922276136e-03,-2.529324181099158568e-03,-1.446129447174486883e-03,1.403625015858953181e-04,-4.311804042448100726e-04,1.186956192702070092e-03
4.291183003519335494e-03,-2.526437509761994635e-03,-1.444479006534690789e-03,1.402507584723166310e-04,-4.306915544099742285e-04,1.185517662636346916e-03
4.286285555868522140e-03,-2.523554132930115601e-03,-1.442830449511917253e-03,1.401358122980758615e-04,-4.302031546560568828e-04,1.184086522451968182e-03
4.281393697583739562e-03,-2.520674046843929001e-03,-1.441183773956398930e-03,1.400176551249458670e-04,-4.297152033540904041e-04,1.182662783854630632e-03
4.276507422285733863e-03,-2.517797247747539935e-03,-1.439538977720801428e-03,1.398962798246752620e-04,-4.292276989032492549e-04,1.181246457154089486e-03
4.271626723602743418e-03,-2.514923731889637942e-03,-1.437896058660377693e-03,1.397716800815477318e-04,-4.287406397304518177e-04,1.179837551260715664e-03
4.266751595170471985e-03,-2.512053495523113196e-03,-1.436255014632599383e-03,1.396438503919475926e-04,-4.282540242919045709e-04,1.178436073684508518e-03
4.261882030631602113e-03,-2.509186534905230408e-03,-1.434615843497640420e-03,1.395127860665863360e-04,-4.277678510720308420e-04,1.177042030532652250e-03
4.257018023636057087e-03,-2.506322846297216831e-03,-1.432978543118026580e-03,1.393784832297356648e-04,-4.272821185856782978e-04,1.175655426508749601e-03
4.252159567841424202e-03,-2.503462425964672524e-03,-1.431343111358572605e-03,1.392409388220090132e-04,-4.267968253773936674e-04,1.174276264909826636e-03
4.247306656911870558e-03,-2.500605270178241687e-03,-1.429709546086784877e-03,1.391001505998188227e-04,-4.263119700222165950e-04,1.172904547627670645e-03
4.242459284519356499e-03,-2.497751375211494998e-03,-1.428077845172381118e-03,1.389561171356040617e-04,-4.258275511263893043e-04,1.171540275146061962e-03
4.237617444342756980e-03,-2.494900737343136617e-03,-1.426448006487684387e-03,1.388088378195058870e-04,-4.253435673273826194e-04,1.170183446540001143e-03
4.232781130068372435e-03,-2.492053352855818065e-03,-1.424820027907321672e-03,1.386583128583771440e-04,-4.248600172949213490e-04,1.168834059474939836e-03
4.227950335389469086e-03,-2.489209218036579283e-03,-1.423193907308402568e-03,1.385045432767918131e-04,-4.243768997302735380e-04,1.167492110207448211e-03
4.223125054006619805e-03,-2.486368329176720689e-03,-1.421569642570461598e-03,1.383475309178300804e-04,-4.238942133683479101e-04,1.166157593582562140e-03
4.218305279627701521e-03,-2.483530682571845685e-03,-1.419947231575426549e-03,1.381872784415362498e-04,-4.234119569767995101e-04,1.164830503036450330e-03
4.213491005967538727e-03,-2.480696274521224445e-03,-1.418326672207694591e-03,1.380237893265908269e-04,-4.229301293567679369e-04,1.163510830593978123e-03
4.208682226748410894e-03,-2.477865101329015593e-03,-1.416707962353946871e-03,1.378570678687688104e-04,-4.224487293436337372e-04,1.162198566870048218e-03
4.203878935699544191e-03,-2.475037159303186338e-03,-1.415091099903448193e-03,1.376871191819461029e-04,-4.219677558067783086e-04,1.160893701068493704e-03
4.199081126557466237e-03,-2.472212444756071489e-03,-1.413476082747771407e-03,1.375139491967820697e-04,-4.214872076505353960e-04,1.159596220985528638e-03
4.194288793065671303e-03,-2.469390954004280214e-03,-1.411862908780913859e-03,1.373375646609465979e-04,-4.210070838142513185e-04,1.158306113006089735e-03
4.189501928974975059e-03,-2.466572683368619279e-03,-1.410251575899271800e-03,1.371579731388028857e-04,-4.205273832724884205e-04,1.157023362109060914e-03
4.184720528043302072e-03,-2.463757629173729622e-03,-1.408642082001650359e-03,1.369751830098616145e-04,-4.200481050364896114e-04,1.155747951865837607e-03
4.179944584035518405e-03,-2.460945787749155376e-03,-1.407034424989218446e-03,1.367892034687895949e-04,-4.195692481525205666e-04,1.154479864440220932e-03
4.175174090723762950e-03,-2.458137155427950020e-03,-1.405428602765675062e-03,1.366000445247587849e-04,-4.190908117039596897e-04,1.153219080592644353e-03
4.170409041887259208e-03,-2.455331728547437489e-03,-1.403824613236970232e-03,1.364077169999015730e-04,-4.186127948109067700e-04,1.151965579680290985e-03
4.165649431312592847e-03,-2.452529503449712208e-03,-1.402222454311331237e-03,1.362122325288780457e-04,-4.181351966302705313e-04,1.150719339658544480e-03
4.160895252792815718e-03,-2.449730476480855429e-03,-1.400622123899735111e-03,1.360136035567793573e-04,-4.176580163568276811e-04,1.149480337083771736e-03
4.156146500128530923e-03,-2.446934643990290349e-03,-1.399023619915311031e-03,1.358118433394700671e-04,-4.171812532224678720e-04,1.148248547114105256e-03
4.151403167127280455e-03,-2.444142002332444844e-03,-1.397426940273440929e-03,1.356069659409400296e-04,-4.167049064975457558e-04,1.147023943513894671e-03
4.146665247603966743e-03,-2.441352547865627796e-03,-1.395832082892120313e-03,1.353989862317576986e-04,-4.162289754904353227e-04,1.145806498653489025e-03
4.141932735379940181e-03,-2.438566276952496611e-03,-1.394239045691739913e-03,1.351879198883083942e-04,-4.157534595475278951e-04,1.144596183514129135e-03
4.137205624284075525e-03,-2.435783185959690747e-03,-1.392647826594873390e-03,1.349737833904744353e-04,-4.152783580541002484e-04,1.143392967689844074e-03
4.132483908152272296e-03,-2.433003271257787488e-03,-1.391058423526523018e-03,1.347565940204272297e-04,-4.148036704349868163e-04,1.142196819390900887e-03
4.127767580827278703e-03,-2.430226529222027487e-03,-1.389470834414178232e-03,1.345363698593096430e-04,-4.143293961531078324e-04,1.141007705447584118e-03
4.123056636158912817e-03,-2.427452956231494676e-03,-1.387885057187440490e-03,1.343131297861379454e-04,-4.138555347112729001e-04,1.139825591312538340e-03
4.118351068004166664e-03,-2.424682548669242904e-03,-1.386301089778569284e-03,1.340868934759293133e-04,-4.133820856513644262e-04,1.138650441066101126e-03
4.113650870226693602e-03,-2.421915302922793799e-03,-1.384718930122077725e-03,1.338576813960520525e-04,-4.129090485555002104e-04,1.137482217419868991e-03
4.108956036697625387e-03,-2.419151215383206956e-03,-1.383138576154759871e-03,1.336255148049049046e-04,-4.124364230446604120e-04,1.136320881720474319e-03
4.104266561294651894e-03,-2.416390282446607366e-03,-1.381560025815827117e-03,1.333904157476050389e-04,-4.119642087805392588e-04,1.135166393955373051e-03
4.099582437902825165e-03,-2.413632500512313209e-03,-1.379983277046828612e-03,1.331524070553325714e-04,-4.114924054642741451e-04,1.134018712756398482e-03
4.094903660413905418e-03,-2.410877865984614819e-03,-1.378408327791654734e-03,1.329115123404642045e-04,-4.110210128376082760e-04,1.132877795406549452e-03
4.090230222726867586e-03,-2.408126375271027811e-03,-1.376835175996488298e-03,1.326677559939195877e-04,-4.105500306820928031e-04,1.131743597843767489e-03
4.085562118747293296e-03,-2.405378024783969698e-03,-1.375263819610077340e-03,1.324211631829583550e-04,-4.100794588196980434e-04,1.130616074666944155e-03
4.080899342387906033e-03,-2.402632810938934091e-03,-1.373694256583266743e-03,1.321717598455335178e-04,-4.096092971127860490e-04,1.129495179143367349e-03
4.076241887568505216e-03,-2.399890730156424914e-03,-1.372126484869385299e-03,1.319195726884194277e-04,-4.091395454638794551e-04,1.128380863213725768e-03
4.071589748215625332e-03,-2.397151778860971954e-03,-1.370560502423988098e-03,1.316646291825652115e-04,-4.086702038162099782e-04,1.127273077499114148e-03
4.066942918262938383e-03,-2.394415953480876717e-03,-1.368996307204975145e-03,1.314069575587801608e-04,-4.082012721533242539e-04,1.126171771307701549e-03
4.062301391650832358e-03,-2.391683250448239755e-03,-1.367433897172707583e-03,1.311465868044205466e-04,-4.077327504990760853e-04,1.125076892642623907e-03
4.057665162326779852e-03,-2.388953666199803740e-03,-1.365873270289737944e-03,1.308835466580784100e-04,-4.072646389176812491e-04,1.123988388209766660e-03
4.053034224245044906e-03,-2.386227197176259140e-03,-1.364314424521006607e-03,1.306178676055993429e-04,-4.067969375138613154e-04,1.122906203424099518e-03
4.048408571366813972e-03,-2.383503839822146645e-03,-1.362757357833771325e-03,1.303495808738861633e-04,-4.063296464325878840e-04,1.121830282420682202e-03
4.043788197660119592e-03,-2.380783590586265687e-03,-1.361202068197615682e-03,1.300787184285819215e-04,-4.058627658589185989e-04,1.120760568060552749e-03
4.039173097100106670e-03,-2.378066445921304950e-03,-1.359648553584342405e-03,1.298053129654315463e-04,-4.053962960181987018e-04,1.119697001942289221e-03
4.034563263668583186e-03,-2.375352402284105612e-03,-1.358096811968150094e-03,1.295293979076338165e-04,-4.049302371757824461e-04,1.118639524409899668e-03
4.029958691354144223e-03,-2.372641456135451011e-03,-1.356546841325647745e-03,1.292510073979776972e-04,-4.044645896365494341e-04,1.117588074562824970e-03
4.025359374152544072e-03,-2.369933603940370653e-03,-1.354998639635616228e-03,1.289701762946429805e-04,-4.039993537454265524e-04,1.116542590265941692e-03
4.020765306066089936e-03,-2.367228842167520050e-03,-1.353452204879258304e-03,1.286869401640053302e-04,-4.035345298872114635e-04,1.115503008162008940e-03
4.016176481104271646e-03,-2.364527167289894125e-03,-1.351907535039798339e-03,1.284013352745475922e-04,-4.030701184855003298e-04,1.114469263680891234e-03
4.011592893283000977e-03,-2.361828575784853668e-03,-1.350364628103174237e-03,1.281133985895539795e-04,-4.026061200035280165e-04,1.113441291051452424e-03
4.007014536625079157e-03,-2.359133064132985184e-03,-1.348823482057345943e-03,1.278231677618004358e-04,-4.021425349432722145e-04,1.112419023313553470e-03
4.002441405160653103e-03,-2.356440628819359874e-03,-1.347284094892661028e-03,1.275306811246951590e-04,-4.016793638456961943e-04,1.111402392330059332e-03
3.997873492926205807e-03,-2.353751266333568327e-03,-1.345746464601638506e-03,1.272359776858624826e-04,-4.012166072904390485e-04,1.110391328801502587e-03
3.993310793965039462e-03,-2.351064973167907735e-03,-1.344210589179370852e-03,1.269390971184996425e-04,-4.007542658946656794e-04,1.109385762275864884e-03
3.988753302327266784e-03,-2.348381745819774942e-03,-1.342676466622923356e-03,1.266400797551888834e-04,-4.002923403141858032e-04,1.108385621166466063e-03
3.984201012069964534e-03,-2.345701580790259151e-03,-1.341144094931869717e-03,1.263389665772563127e-04,-3.998308312423885054e-04,1.107390832762300504e-03
3.979653917257029543e-03,-2.343024474584233432e-03,-1.339613472107842969e-03,1.260357992086920463e-04,-3.993697394097454586e-04,1.106401323245590580e-03
3.975112011958728542e-03,-2.340350423710626637e-03,-1.338084596155066303e-03,1.257306199057359056e-04,-3.989090655838905576e-04,1.105417017704901812e-03
3.970575290252510887e-03,-2.337679424682565649e-03,-1.336557465079696696e-03,1.254234715480217891e-04,-3.984488105689611582e-04,1.104437840153029392e-03
3.966043746222432630e-03,-2.335011474017076576e-03,-1.335032076890548284e-03,1.251143976300513440e-04,-3.979889752056497932e-04,1.103463713541000214e-03
3.961517373959280545e-03,-2.332346568235085620e-03,-1.333508429598352944e-03,1.248034422503386089e-04,-3.975295603702711628e-04,1.102494559775296082e-03
3.956996167560774234e-03,-2.329684703861618997e-03,-1.331986521216239070e-03,1.244906501025554429e-04,-3.970705669744324282e-04,1.101530299736406789e-03
3.952480121130991057e-03,-2.327025877425433452e-03,-1.330466349759640938e-03,1.241760664646762225e-04,-3.966119959654025454e-04,1.100570853295609235e-03
3.947969228780994974e-03,-2.324370085459659830e-03,-1.328947913246371565e-03,1.238597371885664109e-04,-3.961538483244108808e-04,1.099616139332079386e-03
3.943463484628684755e-03,-2.321717324500220149e-03,-1.327431209696236297e-03,1.235417086886874750e-04,-3.956961250670885358e-04,1.098666075754555936e-03
3.938962882798374178e-03,-2.319067591089174311e-03,-1.325916237131401221e-03,1.232220279317965583e-04,-3.952388272426824627e-04,1.097720579516785850e-03
3.934467417421248260e-03,-2.316420881770373322e-03,-1.324402993576450195e-03,1.229007424248752182e-04,-3.947819559332189487e-04,1.096779566642187799e-03
3.929977082635142081e-03,-2.313777193092643372e-03,-1.322891477058068697e-03,1.225779002027195931e-04,-3.943255122538758223e-04,1.095842952239299865e-03
3.925491872584704715e-03,-2.311136521608924983e-03,-1.321381685605150505e-03,1.222535498167590530e-04,-3.938694973514457595e-04,1.094910650526773445e-03
3.921011781421280401e-03,-2.308498863875098166e-03,-1.319873617248929973e-03,1.219277403226483184e-04,-3.934139124047791804e-04,1.093982574852819063e-03
3.916536803302252817e-03,-2.305864216451988195e-03,-1.318367270023015425e-03,1.216005212667529755e-04,-3.929587586227505027e-04,1.093058637718090625e-03
3.912066932392834449e-03,-2.303232575904141325e-03,-1.316862641962800000e-03,1.212719426728567509e-04,-3.925040372456432640e-04,1.092138750797911131e-03
3.907602162863830532e-03,-2.300603938799647419e-03,-1.315359731106587266e-03,1.209420550292016088e-04,-3.920497495425093312e-04,1.091222824966153315e-03
3.903142488893396756e-03,-2.297978301710771384e-03,-1.313858535494362174e-03,1.206109092755294895e-04,-3.915958968123766466e-04,1.090310770318462814e-03
3.898687904665950298e-03,-2.295355661213919780e-03,-1.312359053168503159e-03,1.202785567867930113e-04,-3.911424803821773183e-04,1.089402496197254674e-03
3.894238404372624748e-03,-2.292736013888558352e-03,-1.310861282173912245e-03,1.199450493609741477e-04,-3.906895016064942960e-04,1.088497911216376561e-03
3.889793982211329094e-03,-2.290119356319136271e-03,-1.309365220557166115e-03,1.196104392023534835e-04,-3.902369618675999687e-04,1.087596923286997122e-03
3.885354632386393836e-03,-2.287505685093301541e-03,-1.307870866367593374e-03,1.192747789078851275e-04,-3.897848625738469376e-04,1.086699439643265801e-03
3.880920349108800838e-03,-2.284894996802823864e-03,-1.306378217656574371e-03,1.189381214509111824e-04,-3.893332051593120183e-04,1.085805366870088795e-03
3.876491126596431393e-03,-2.282287288043219949e-03,-1.304887272477506287e-03,1.186005201656498885e-04,-3.888819910831988998e-04,1.084914610928682400e-03
3.872066959073441721e-03,-2.279682555414222749e-03,-1.303398028886233349e-03,1.182620287304675632e-04,-3.884312218290922672e-04,1.084027077186344766e-03
3.867647840770412591e-03,-2.277080795519001704e-03,-1.301910484940877041e-03,1.179227011517025076e-04,-3.879808989034994960e-04,1.083142670444784371e-03
3.863233765925105229e-03,-2.274482004965092986e-03,-1.300424638701610158e-03,1.175825917480442963e-04,-3.875310238364639850e-04,1.082261294966896338e-03
3.858824728781350653e-03,-2.271886180363488772e-03,-1.298940488230726628e-03,1.172417551308090766e-04,-3.870815981790188534e-04,1.081382854509754495e-03
3.854420723589669848e-03,-2.269293318329034925e-03,-1.297458031593123765e-03,1.169002461895413776e-04,-3.866326235041941104e-04,1.080507252352719749e-03
3.850021744607384343e-03,-2.266703415480849932e-03,-1.295977266855396744e-03,1.165581200712882437e-04,-3.861841014047154362e-04,1.079634391328656001e-03
3.845627786097888072e-03,-2.264116468441712115e-03,-1.294498192086892012e-03,1.162154321638717572e-04,-3.857360334931471879e-04,1.078764173855259901e-03
3.841238842331554625e-03,-2.261532473837944267e-03,-1.293020805358756440e-03,1.158722380783842008e-04,-3.852884214004204328e-04,1.077896501967606866e-03
3.836854907585305306e-03,-2.258951428300154819e-03,-1.291545104744287091e-03,1.155285936280197288e-04,-3.848412667753781254e-04,1.077031277349816719e-03
3.832475976142234002e-03,-2.256373328462886550e-03,-1.290071088319385498e-03,1.151845548114582504e-04,-3.843945712835548922e-04,1.076168401368376428e-03
3.828102042292163155e-03,-2.253798170963917501e-03,-1.288598754161917334e-03,1.148401777914757470e-04,-3.839483366067359782e-04,1.075307775105471299e-03
3.823733100331547057e-03,-2.251225952444829530e-03,-1.287128100351732146e-03,1.144955188766646510e-04,-3.835025644415902303e-04,1.074449299394307196e-03
3.819369144563180413e-03,-2.248656669552266413e-03,-1.285659124971337292e-03,1.141506344998214544e-04,-3.830572564987373588e-04,1.073592874851441456e-03
3.815010169296438602e-03,-2.246090318935308350e-03,-1.284191826104962714e-03,1.138055811990019289e-04,-3.826124145027919553e-04,1.072738401914107194e-03
3.810656168847105507e-03,-2.243526897247278239e-03,-1.282726201839425040e-03,1.134604155975751271e-04,-3.821680401896380259e-04,1.071885780874980414e-03
3.806307137537639790e-03,-2.240966401146157576e-03,-1.281262250263343928e-03,1.131151943801715761e-04,-3.817241353073275775e-04,1.071034911917845929e-03
3.801963069696569480e-03,-2.238408827292295757e-03,-1.279799969467947628e-03,1.127699742749579281e-04,-3.812807016136379647e-04,1.070185695154805871e-03
3.797623959659538872e-03,-2.235854172350882491e-03,-1.278339357546181545e-03,1.124248120300312898e-04,-3.808377408764126548e-04,1.069338030663719800e-03
3.793289801768255989e-03,-2.233302432990975049e-03,-1.276880412593396717e-03,1.120797643930288359e-04,-3.803952548713041351e-04,1.068491818524748387e-03
3.788960590370705084e-03,-2.230753605884172076e-03,-1.275423132707260250e-03,1.117348880881871077e-04,-3.799532453814854615e-04,1.067646958859126433e-03
3.784636319821645806e-03,-2.228207687707513176e-03,-1.273967515987422475e-03,1.113902397939574117e-04,-3.795117141967989426e-04,1.066803351867706478e-03
3.780316984482138751e-03,-2.225664675140815677e-03,-1.272513560535723162e-03,1.110458761219491913e-04,-3.790706631119893240e-04,1.065960897868618558e-03
3.776002578719823023e-03,-2.223124564868030322e-03,-1.271061264456144245e-03,1.107018535924385224e-04,-3.786300939266223106e-04,1.065119497338704296e-03
3.771693096908668597e-03,-2.220587353576798043e-03,-1.269610625854887022e-03,1.103582286124227371e-04,-3.781900084432957411e-04,1.064279050950397336e-03
3.767388533428998008e-03,-2.218053037958727953e-03,-1.268161642840349816e-03,1.100150574524607537e-04,-3.777504084671181412e-04,1.063439459613933942e-03
3.763088882667628594e-03,-2.215521614708757664e-03,-1.266714313523022162e-03,1.096723962236204584e-04,-3.773112958038541418e-04,1.062600624517455244e-03
3.758794139017762343e-03,-2.212993080526098281e-03,-1.265268636015532289e-03,1.093303008520956217e-04,-3.768726722598935244e-04,1.061762447166775779e-03
3.754504296879175845e-03,-2.210467432113387854e-03,-1.263824608432686158e-03,1.089888270583744848e-04,-3.764345396407213040e-04,1.060924829426371533e-03
3.750219350657566300e-03,-2.207944666176965900e-03,-1.262382228891563733e-03,1.086480303305251268e-04,-3.759968997492839447e-04,1.060087673561592057e-03
3.745939294765311331e-03,-2.205424779427628875e-03,-1.260941495511278291e-03,1.083079659022556852e-04,-3.755597543857764221e-04,1.059250882280427181e-03
3.741664123621363160e-03,-2.202907768578881570e-03,-1.259502406413049065e-03,1.079686887275288590e-04,-3.751231053465481553e-04,1.058414358774052494e-03
3.737393831650953711e-03,-2.200393630348610689e-03,-1.258064959720154186e-03,1.076302534566238100e-04,-3.746869544223300108e-04,1.057578006759706066e-03
3.733128413285214699e-03,-2.197882361458823770e-03,-1.256629153558423565e-03,1.072927144110859959e-04,-3.742513033970529561e-04,1.056741730523009636e-03
3.728867862962343370e-03,-2.195373958634263146e-03,-1.255194986055282623e-03,1.069561255602312496e-04,-3.738161540480709711e-04,1.055905434960181149e-03
3.724612175126194771e-03,-2.192868418604303291e-03,-1.253762455340864685e-03,1.066205404953196899e-04,-3.733815081432267642e-04,1.055069025621797928e-03
3.720361344227619219e-03,-2.190365738101251666e-03,-1.252331559546854137e-03,1.062860124062788361e-04,-3.729473674415896252e-04,1.054232408752898715e-03
3.716115364723240194e-03,-2.187865913861920808e-03,-1.250902296807465241e-03,1.059525940549908184e-04,-3.725137336905408737e-04,1.053395491338635298e-03
3.711874231076465244e-03,-2.185368942626499892e-03,-1.249474665258892012e-03,1.056203377514618305e-04,-3.720806086261717609e-04,1.052558181146040755e-03
3.707637937756781688e-03,-2.182874821138870020e-03,-1.248048663039427698e-03,1.052892953293261267e-04,-3.716479939713061560e-04,1.051720386767235988e-03
3.703406479239987770e-03,-2.180383546146301942e-03,-1.246624288289625458e-03,1.049595181204614067e-04,-3.712158914345025382e-04,1.050882017662196086e-03
3.699179850007923778e-03,-2.177895114400626130e-03,-1.245201539152212926e-03,1.046310569294944928e-04,-3.707843027087813601e-04,1.050042984202515439e-03
3.694958044549351110e-03,-2.175409522656726602e-03,-1.243780413771726837e-03,1.043039620099701459e-04,-3.703532294714262591e-04,1.049203197714061123e-03
3.690741057358837719e-03,-2.172926767673490685e-03,-1.242360910295055342e-03,1.039782830385211683e-04,-3.699226733817877893e-04,1.048362570519515693e-03
3.686528882937607689e-03,-2.170446846213106452e-03,-1.240943026871104945e-03,1.036540690904826643e-04,-3.694926360806261782e-04,1.047521015982139916e-03
3.682321515792629646e-03,-2.167969755041848547e-03,-1.239526761651063742e-03,1.033313686156159809e-04,-3.690631191887406236e-04,1.046678448547871476e-03
3.678118950437742150e-03,-2.165495490929490122e-03,-1.238112112787913104e-03,1.030102294119463266e-04,-3.686341243064656281e-04,1.045834783789200686e-03
3.673921181392490135e-03,-2.163024050649949882e-03,-1.236699078437166876e-03,1.026906986028162423e-04,-3.682056530116091173e-04,1.044989938445821560e-03
3.669728203183077707e-03,-2.160555430979968928e-03,-1.235287656756049995e-03,1.023728226113891507e-04,-3.677777068594307555e-04,1.044143830468953352e-03
3.665540010341650830e-03,-2.158089628700643817e-03,-1.233877845904154426e-03,1.020566471363698412e-04,-3.673502873805082908e-04,1.043296379061325494e-03
3.661356597407051505e-03,-2.155626640596606039e-03,-1.232469644042942817e-03,1.017422171286165214e-04,-3.669233960804995178e-04,1.042447504721162599e-03
3.657177958923888816e-03,-2.153166463455976915e-03,-1.231063049336241378e-03,1.014295767659717957e-04,-3.664970344382878584e-04,1.041597129282060543e-03
3.653004089443103158e-03,-2.150709094070584002e-03,-1.229658059949789066e-03,1.011187694297617561e-04,-3.660712039055308460e-04,1.040745175955083441e-03
3.648834983522096769e-03,-2.148254529236053034e-03,-1.228254674051339722e-03,1.008098376824018817e-04,-3.656459059052118480e-04,1.039891569368636259e-03
3.644670635724299185e-03,-2.145802765751441028e-03,-1.226852889810951114e-03,1.005028232424516333e-04,-3.652211418308293537e-04,1.039036235610119215e-03
3.640511040619141218e-03,-2.143353800420015609e-03,-1.225452705400814938e-03,1.001977669616642658e-04,-3.647969130445684674e-04,1.038179102265244418e-03
3.636356192782667310e-03,-2.140907630047979553e-03,-1.224054118994862819e-03,9.989470880314663148e-05,-3.643732208776982143e-04,1.037320098457024864e-03
3.632206086796793514e-03,-2.138464251445720225e-03,-1.222657128769530886e-03,9.959368781807610206e-05,-3.639500666280276768e-04,1.036459154885644232e-03
3.628060717249708637e-03,-2.136023661426593532e-03,-1.221261732902957035e-03,9.929474212308182031e-05,-3.635274515596255114e-04,1.035596203867001795e-03
3.623920078735932797e-03,-2.133585856808430971e-03,-1.219867929575565958e-03,9.899790887929055532e-05,-3.631053769019261870e-04,1.034731179369806223e-03
3.619784165855812613e-03,-2.131150834412460626e-03,-1.218475716969906518e-03,9.870322427015090555e-05,-3.626838438481253110e-04,1.033864017053895195e-03
3.615652973216462295e-03,-2.128718591063169258e-03,-1.217085093270381998e-03,9.841072348014332221e-05,-3.622628535548789801e-04,1.032994654305778148e-03
3.611526495430478646e-03,-2.126289123588828364e-03,-1.215696056663667949e-03,9.812044067382378232e-05,-3.618424071405315981e-04,1.032123030275063948e-03
3.607404727116807121e-03,-2.123862428821152865e-03,-1.214308605338606378e-03,9.783240897675438011e-05,-3.614225056847542939e-04,1.031249085910667610e-03
3.603287662900742701e-03,-2.121438503596283828e-03,-1.212922737485726092e-03,9.754666045365487786e-05,-3.610031502273331632e-04,1.030372763993355660e-03
3.599175297413677917e-03,-2.119017344752865527e-03,-1.211538451297838144e-03,9.726322609033135962e-05,-3.605843417675005328e-04,1.029494009172171425e-03
3.595067625292847416e-03,-2.116598949134021294e-03,-1.210155744970028242e-03,9.698213577304577477e-05,-3.601660812624466216e-04,1.028612767994091428e-03
3.590964641181876131e-03,-2.114183313585967037e-03,-1.208774616699024879e-03,9.670341827266358764e-05,-3.597483696268795718e-04,1.027728988939007179e-03
3.586866339730445351e-03,-2.111770434958679544e-03,-1.207395064683968247e-03,9.642710122357814773e-05,-3.593312077319112683e-04,1.026842622449048066e-03
3.582772715594295318e-03,-2.109360310105899954e-03,-1.206017087125747572e-03,9.615321110885356910e-05,-3.589145964046009979e-04,1.025953620959564822e-03
3.578683763435355769e-03,-2.106952935884318437e-03,-1.204640682227570972e-03,9.588177324114599770e-05,-3.584985364263012825e-04,1.025061938928560623e-03
3.574599477921615396e-03,-2.104548309155311082e-03,-1.203265848194560181e-03,9.561281174784378031e-05,-3.580830285325694619e-04,1.024167532864011902e-03
3.570519853726946639e-03,-2.102146426782945405e-03,-1.201892583233994281e-03,9.534634955487298062e-05,-3.576680734119315410e-04,1.023270361351963711e-03
3.566444885531607888e-03,-2.099747285634897143e-03,-1.200520885555024769e-03,9.508240837250109354e-05,-3.572536717054195063e-04,1.022370385082294704e-03
3.562374568021906083e-03,-2.097350882582785930e-03,-1.199150753368839924e-03,9.482100867792012328e-05,-3.568398240055583020e-04,1.021467566874594869e-03
3.558308895889802058e-03,-2.094957214502024372e-03,-1.197782184889104777e-03,9.456216970515320325e-05,-3.564265308553080818e-04,1.020561871700481453e-03
3.554247863833739744e-03,-2.092566278271056068e-03,-1.196415178330921146e-03,9.430590942963364978e-05,-3.560137927482541075e-04,1.019653266707035502e-03
3.550191466558229401e-03,-2.090178070771734654e-03,-1.195049731911712772e-03,9.405224455688980805e-05,-3.556016101274031213e-04,1.018741721238896822e-03
3.546139698773552711e-03,-2.087792588890207638e-03,-1.193685843850997861e-03,9.380119050956235455e-05,-3.551899833839279488e-04,1.017827206857807804e-03
3.542092555196137051e-03,-2.085409829515687784e-03,-1.192323512370225148e-03,9.355276141841780606e-05,-3.547789128577180564e-04,1.016909697361934343e-03
3.538050030548568065e-03,-2.083029789540972662e-03,-1.190962735692945636e-03,9.330697011025118148e-05,-3.543683988358365690e-04,1.015989168803189220e-03
3.534012119559268306e-03,-2.080652465862602076e-03,-1.189603512044583832e-03,9.306382810000641355e-05,-3.539584415523332997e-04,1.015065599503439404e-03
3.529978816962797781e-03,-2.078277855380382313e-03,-1.188245839652768854e-03,9.282334558056450600e-05,-3.535490411875714598e-04,1.014138970070052864e-03
3.525950117499676139e-03,-2.075905954997597346e-03,-1.186889716747062309e-03,9.258553141674849194e-05,-3.531401978680244252e-04,1.013209263409441336e-03
3.521926015916157591e-03,-2.073536761621509305e-03,-1.185535141559219789e-03,9.235039313699307478e-05,-3.527319116650908665e-04,1.012276464736829203e-03
3.517906506965201921e-03,-2.071170272162541851e-03,-1.184182112322647914e-03,9.211793692779402822e-05,-3.523241825957267297e-04,1.011340561590352675e-03
3.513891585405163036e-03,-2.068806483534873022e-03,-1.182830627273053761e-03,9.188816762914923443e-05,-3.519170106209727278e-04,1.010401543837716361e-03
3.509881246000403059e-03,-2.066445392656031041e-03,-1.181480684648069952e-03,9.166108872922313548e-05,-3.515103956459905525e-04,1.009459403683628286e-03
3.505875483521728175e-03,-2.064086996446994494e-03,-1.180132282687304957e-03,9.143670236134327650e-05,-3.511043375200845044e-04,1.008514135677125636e-03
3.501874292745366449e-03,-2.061731291832512390e-03,-1.178785419632502477e-03,9.121500930132538912e-05,-3.506988360357469071e-04,1.007565736715339971e-03
3.497877668453727631e-03,-2.059378275740978825e-03,-1.177440093727273422e-03,9.099600896734992800e-05,-3.502938909287624616e-04,1.006614206044602463e-03
3.493885605435073129e-03,-2.057027945103633276e-03,-1.176096303217429636e-03,9.077969941684291603e-05,-3.498895018779469538e-04,1.005659545263991187e-03
3.489898098483669095e-03,-2.054680296855627454e-03,-1.174754046350645186e-03,9.056607734934635603e-05,-3.494856685050188303e-04,1.004701758322434565e-03
3.485915142400047937e-03,-2.052335327935906045e-03,-1.173413321376430779e-03,9.035513810705797370e-05,-3.490823903742629338e-04,1.003740851517257024e-03
3.481936731990032535e-03,-2.049993035286505443e-03,-1.172074126546673910e-03,9.014687567625725517e-05,-3.486796669925352186e-04,1.002776833490511129e-03
3.477962862066032515e-03,-2.047653415852992206e-03,-1.170736460114904206e-03,8.994128269339054529e-05,-3.482774978093503004e-04,1.001809715221631475e-03
3.473993527445984331e-03,-2.045316466584205014e-03,-1.169400320336775028e-03,8.973835044660509875e-05,-3.478758822167577489e-04,1.000839510020545874e-03
3.470028722953716425e-03,-2.042982184433177108e-03,-1.168065705470112264e-03,8.953806888316378978e-05,-3.474748195489847343e-04,9.998662335171106755e-04
3.466068443419183850e-03,-2.040650566355882087e-03,-1.166732613774431639e-03,8.934042661586171863e-05,-3.470743090832914633e-04,9.988899036521071192e-04
3.462112683678021576e-03,-2.038321609311647634e-03,-1.165401043511415328e-03,8.914541093110037368e-05,-3.466743500393111165e-04,9.979105406600153119e-04
3.458161438572081824e-03,-2.035995310263590072e-03,-1.164070992944651320e-03,8.895300779630135163e-05,-3.462749415799891472e-04,9.969281670567896325e-04
3.454214702948855097e-03,-2.033671666178338104e-03,-1.162742460339645121e-03,8.876320187197587227e-05,-3.458760828112374748e-04,9.959428076212976239e-04
3.450272471661490568e-03,-2.031350674025458620e-03,-1.161415443964280547e-03,8.857597652101820715e-05,-3.454777727821250880e-04,9.949544893759856325e-04
3.446334739569676883e-03,-2.029032330778803277e-03,-1.160089942087646174e-03,8.839131382255167315e-05,-3.450800104859151922e-04,9.939632415666545349e-04
3.442401501538394030e-03,-2.026716633414818881e-03,-1.158765952981632595e-03,8.820919458388090434e-05,-3.446827948596795045e-04,9.929690956379034258e-04
3.438472752438549111e-03,-2.024403578914040977e-03,-1.157443474919633538e-03,8.802959835655491702e-05,-3.442861247847959572e-04,9.919720852093498117e-04
3.434548487147066984e-03,-2.022093164260038711e-03,-1.156122506177172755e-03,8.785250345131396155e-05,-3.438899990880730693e-04,9.909722460468535846e-04
3.430628700546582352e-03,-2.019785386440085730e-03,-1.154803045031690652e-03,8.767788695448134456e-05,-3.434944165417572106e-04,9.899696160342963229e-04
3.426713387525816626e-03,-2.017480242445166688e-03,-1.153485089762477933e-03,8.750572474812565919e-05,-3.430993758641509225e-04,9.889642351416899190e-04
3.422802542979095242e-03,-2.015177729268984985e-03,-1.152168638651007368e-03,8.733599152744588555e-05,-3.427048757202540066e-04,9.879561453911831544e-04
3.418896161806780042e-03,-2.012877843908686144e-03,-1.150853689980523530e-03,8.716866082381865579e-05,-3.423109147230044480e-04,9.869453908219502462e-04
3.414994238914700279e-03,-2.010580583365791530e-03,-1.149540242036393425e-03,8.700370502295686512e-05,-3.419174914328650637e-04,9.859320174520856944e-04
3.411096769214551176e-03,-2.008285944644348699e-03,-1.148228293105959261e-03,8.684109539217074280e-05,-3.415246043597594539e-04,9.849160732387169173e-04
3.407203747624212679e-03,-2.005993924752415454e-03,-1.146917841478343070e-03,8.668080210274170571e-05,-3.411322519636680417e-04,9.838976080346797503e-04
3.403315169067234677e-03,-2.003704520700864185e-03,-1.145608885444588960e-03,8.652279425529389527e-05,-3.407404326552966470e-04,9.828766735464086832e-04
3.399431028472683046e-03,-2.001417729504235358e-03,-1.144301423297937846e-03,8.636703990837987256e-05,-3.403491447973227223e-04,9.818533232845024460e-04
3.395551320775709505e-03,-1.999133548180829015e-03,-1.142995453333364502e-03,8.621350610484834732e-05,-3.399583867052699245e-04,9.808276125169528275e-04
3.391676040917074135e-03,-1.996851973751964920e-03,-1.141690973847935345e-03,8.606215890320145963e-05,-3.395681566487385758e-04,9.797995982160404536e-04
3.387805183843371325e-03,-1.994573003242291771e-03,-1.140387983140528491e-03,8.591296340740120529e-05,-3.391784528526110257e-04,9.787693390075663698e-04
3.383938744506858037e-03,-1.992296633679808884e-03,-1.139086479512166393e-03,8.576588380011011218e-05,-3.387892734982447069e-04,9.777368951123077256e-04
3.380076717865694493e-03,-1.990022862096518450e-03,-1.137786461265599940e-03,8.562088337449083575e-05,-3.384006167249654072e-04,9.767023282892498166e-04
3.376219098883847039e-03,-1.987751685527298397e-03,-1.136487926705567362e-03,8.547792457133084065e-05,-3.380124806311967907e-04,9.756657017748195885e-04
3.372365882531009208e-03,-1.985483101010405028e-03,-1.135190874138690582e-03,8.533696901372476778e-05,-3.376248632762134452e-04,9.746270802212321548e-04
3.368517063782483761e-03,-1.983217105587577970e-03,-1.133895301873616597e-03,8.519797754597090557e-05,-3.372377626812505082e-04,9.735865296299460458e-04
3.364672637619262052e-03,-1.980953696304220586e-03,-1.132601208221047182e-03,8.506091027080257057e-05,-3.368511768312753077e-04,9.725441172844594790e-04
3.360832599028168877e-03,-1.978692870208455853e-03,-1.131308591493400406e-03,8.492572659172551114e-05,-3.364651036769673864e-04,9.714999116820995139e-04
3.356996943001807395e-03,-1.976434624351968133e-03,-1.130017450005091871e-03,8.479238525368423026e-05,-3.360795411358177202e-04,9.704539824592617586e-04
3.353165664538458081e-03,-1.974178955790262951e-03,-1.128727782072441472e-03,8.466084438584154043e-05,-3.356944870944396407e-04,9.694064003193165633e-04
3.349338758642080027e-03,-1.971925861582298801e-03,-1.127439586013684238e-03,8.453106154768088643e-05,-3.353099394105286935e-04,9.683572369526271010e-04
3.345516220322281888e-03,-1.969675338789581183e-03,-1.126152860149002427e-03,8.440299377322483978e-05,-3.349258959138487739e-04,9.673065649605664187e-04
3.341698044594510093e-03,-1.967427384477402497e-03,-1.124867602800570408e-03,8.427659761891188102e-05,-3.345423544094247776e-04,9.662544577708733406e-04
3.337884226479915280e-03,-1.965181995714132112e-03,-1.123583812292257593e-03,8.415182921435921976e-05,-3.341593126791742160e-04,9.652009895540042102e-04
3.334074761004930752e-03,-1.962939169572438473e-03,-1.122301486950145165e-03,8.402864430846160738e-05,-3.337767684834761113e-04,9.641462351367123280e-04
3.330269643202358413e-03,-1.960698903126863960e-03,-1.121020625101908303e-03,8.390699832536822086e-05,-3.333947195646000026e-04,9.630902699128471691e-04
3.326468868110051685e-03,-1.958461193456859789e-03,-1.119741225077368254e-03,8.378684641457293870e-05,-3.330131636478112357e-04,9.620331697497130343e-04
3.322672430771572531e-03,-1.956226037644054686e-03,-1.118463285208270075e-03,8.366814350744464213e-05,-3.326320984443663972e-04,9.609750108962035161e-04
3.318880326236736591e-03,-1.953993432773825246e-03,-1.117186803828011145e-03,8.355084437164370169e-05,-3.322515216540779400e-04,9.599158698842734328e-04
3.315092549560232343e-03,-1.951763375934640211e-03,-1.115911779272187824e-03,8.343490366975621342e-05,-3.318714309674072362e-04,9.588558234294100461e-04
3.311309095803018857e-03,-1.949535864218774088e-03,-1.114638209877975936e-03,8.332027601781706377e-05,-3.314918240685359586e-04,9.577949483296604441e-04
3.307529960031389913e-03,-1.947310894721149656e-03,-1.113366093984703665e-03,8.320691604649225776e-05,-3.311126986376458333e-04,9.567333213593292056e-04
3.303755137317105836e-03,-1.945088464540568321e-03,-1.112095429933615195e-03,8.309477846126574630e-05,-3.307340523538180124e-04,9.556710191647841855e-04
3.299984622738061802e-03,-1.942868570779070214e-03,-1.110826216067608554e-03,8.298381810783527575e-05,-3.303558828981789414e-04,9.546081181508239959e-04
3.296218411377011080e-03,-1.940651210541953714e-03,-1.109558450731779880e-03,8.287399003584780890e-05,-3.299781879561436817e-04,9.535446943712644428e-04
3.292456498323157073e-03,-1.938436380937395322e-03,-1.108292132272842073e-03,8.276524956684778978e-05,-3.296009652213916256e-04,9.524808234123067780e-04
3.288698878670848376e-03,-1.936224079077412648e-03,-1.107027259039452876e-03,8.265755236000486741e-05,-3.292242123979387865e-04,9.514165802751281455e-04
3.284945547520119139e-03,-1.934014302077313426e-03,-1.105763829382283179e-03,8.255085448416844081e-05,-3.288479272040394628e-04,9.503520392559166707e-04
3.281196499976582383e-03,-1.931807047055314301e-03,-1.104501841653718428e-03,8.244511248725468709e-05,-3.284721073752168538e-04,9.492872738225770733e-04
3.277451731151363647e-03,-1.929602311133171190e-03,-1.103241294208233978e-03,8.234028346985106832e-05,-3.280967506672448331e-04,9.482223564884359685e-04
3.273711236161139151e-03,-1.927400091435898903e-03,-1.101982185402045110e-03,8.223632515915259061e-05,-3.277218548601884443e-04,9.471573586841691835e-04
3.269975010128431999e-03,-1.925200385091817333e-03,-1.100724513593240176e-03,8.213319598522775624e-05,-3.273474177615000032e-04,9.460923506267323408e-04
3.266243048181205390e-03,-1.923003189232393596e-03,-1.099468277141709468e-03,8.203085515805883941e-05,-3.269734372099042819e-04,9.450274011845163566e-04
3.262515345452956291e-03,-1.920808500992428076e-03,-1.098213474409334093e-03,8.192926274691330506e-05,-3.265999110786612530e-04,9.439625777414988603e-04
3.258791897082397981e-03,-1.918616317510007810e-03,-1.096960103759991390e-03,8.182837976037859681e-05,-3.262268372794827694e-04,9.428979460571803445e-04
3.255072698214496116e-03,-1.916426635926865357e-03,-1.095708163559122334e-03,8.172816823005845180e-05,-3.258542137669245050e-04,9.418335701229638059e-04
3.251357743999133861e-03,-1.914239453386833156e-03,-1.094457652174189938e-03,8.162859129393553880e-05,-3.254820385414898087e-04,9.407695120185339535e-04
3.247647029592006570e-03,-1.912054767038729461e-03,-1.093208567974644557e-03,8.152961328184120252e-05,-3.251103096542725291e-04,9.397058317619086864e-04
3.243940550154379363e-03,-1.909872574032989503e-03,-1.091960909331484569e-03,8.143119980292163078e-05,-3.247390252107113895e-04,9.386425871600418899e-04
3.240238300852904974e-03,-1.907692871524616475e-03,-1.090714674617876108e-03,8.133331783476703861e-05,-3.243681833752254406e-04,9.375798336522132501e-04
3.236540276859820216e-03,-1.905515656670534125e-03,-1.089469862208626572e-03,8.123593581520521161e-05,-3.239977823751207116e-04,9.365176241557417311e-04
3.232846473352769031e-03,-1.903340926632226572e-03,-1.088226470480639771e-03,8.113902373264767983e-05,-3.236278205050736574e-04,9.354560089031568404e-04
3.229156885515155079e-03,-1.901168678573527402e-03,-1.086984497812363420e-03,8.104255322354144125e-05,-3.232582961319941848e-04,9.343950352808066788e-04
3.225471508535486878e-03,-1.898998909661950632e-03,-1.085743942584374826e-03,8.094649766493185476e-05,-3.228892076990142151e-04,9.333347476611397785e-04
3.221790337608418636e-03,-1.896831617067877562e-03,-1.084504803178775465e-03,8.085083233529523697e-05,-3.225205536982098087e-04,9.322751871260735214e-04
3.218113367933229333e-03,-1.894666797965245024e-03,-1.083267077979913496e-03,8.075553376562117497e-05,-3.221523321645213944e-04,9.312163918619320189e-04
3.214440594715293337e-03,-1.892504449531181958e-03,-1.082030765373647374e-03,8.066057287900796151e-05,-3.217845395481069653e-04,9.301584036492932918e-04
3.210772013165227347e-03,-1.890344568946041937e-03,-1.080795863747938471e-03,8.056590186602131509e-05,-3.214171718990284886e-04,9.291012798607160839e-04
3.207107618499301961e-03,-1.888187153393142961e-03,-1.079562371492299002e-03,8.047143805823304822e-05,-3.210502250301273150e-04,9.280451081299867988e-04
3.203447405938992382e-03,-1.886032200059172296e-03,-1.078330286998356894e-03,8.037705019906134490e-05,-3.206836942832454705e-04,9.269900188717441602e-04
3.199791370711199158e-03,-1.883879706134058757e-03,-1.077099608659487593e-03,8.028254773481120321e-05,-3.203175743467547563e-04,9.259361950909723816e-04
3.196139508048624189e-03,-1.881729668811168510e-03,-1.075870334870801049e-03,8.018767280281343106e-05,-3.199518591198268337e-04,9.248838797886598266e-04
3.192491813188981856e-03,-1.879582085286191822e-03,-1.074642464029358559e-03,8.009209463771355076e-05,-3.195865416179633281e-04,9.238333812376772671e-04
3.188848281375776181e-03,-1.877436952759208456e-03,-1.073415994534039630e-03,7.999540613193012451e-05,-3.192216139178526016e-04,9.227850763802739270e-04
3.185208907857703213e-03,-1.875294268432849088e-03,-1.072190924785494485e-03,7.989712231069997714e-05,-3.188570671361427009e-04,9.217394125798982841e-04
3.181573687889300249e-03,-1.873154029513087425e-03,-1.070967253186026541e-03,7.979668051419827580e-05,-3.184928914400280493e-04,9.206969079360574279e-04
3.177942616729869437e-03,-1.871016233208915155e-03,-1.069744978140149900e-03,7.969344207553292971e-05,-3.181290760867000402e-04,9.196581503545911461e-04
3.174315689644509938e-03,-1.868880876732520197e-03,-1.068524098054020148e-03,7.958669532347760792e-05,-3.177656094889752037e-04,9.186237955469521302e-04
3.170692901903602711e-03,-1.866747957299507658e-03,-1.067304611335545160e-03,7.947565973423626991e-05,-3.174024793045120900e-04,9.175945641155329154e-04
3.167074248783096745e-03,-1.864617472128542695e-03,-1.066086516394556399e-03,7.935949108327385558e-05,-3.170396725447836698e-04,9.165712378678415569e-04
3.163459725564331682e-03,-1.862489418441461327e-03,-1.064869811642479543e-03,7.923728744734984510e-05,-3.166771757029843517e-04,9.155546554906857743e-04
3.159849327533841793e-03,-1.860363793462889437e-03,-1.063654495492814779e-03,7.910809593051798029e-05,-3.163149748986626058e-04,9.145457076962764786e-04
3.156243049983581059e-03,-1.858240594421692576e-03,-1.062440566360772515e-03,7.897091998307967777e-05,-3.159530560333156306e-04,9.135453319506206191e-04
3.152640888210953528e-03,-1.856119818548750957e-03,-1.061228022663405005e-03,7.882472720532421339e-05,-3.155914049595223442e-04,9.125545068691281493e-04
3.149042837518708365e-03,-1.854001463078240337e-03,-1.060016862819502474e-03,7.866845752257002752e-05,-3.152300076566925025e-04,9.115742463742348804e-04
3.145448893214907327e-03,-1.851885525248264100e-03,-1.058807085249735807e-03,7.850103163475322023e-05,-3.148688504127012994e-04,9.106055936777508264e-04
3.141859050612952949e-03,-1.849772002299542245e-03,-1.057598688376593446e-03,7.832135964593304100e-05,-3.145079200104060227e-04,9.096496151661771171e-04
3.138273305031876077e-03,-1.847660891476033285e-03,-1.056391670624125950e-03,7.812834978582523121e-05,-3.141472039136197943e-04,9.087073942333652714e-04
3.134691651795417765e-03,-1.845552190024583178e-03,-1.055186030418627094e-03,7.792091714215590762e-05,-3.137866904513128032e-04,9.077800251276531718e-04
3.131114086233603971e-03,-1.843445895195588427e-03,-1.053981766187646156e-03,7.769799232836997272e-05,-3.134263690003376139e-04,9.068686068460707003e-04
3.127540603680684268e-03,-1.841342004242512527e-03,-1.052778876361084920e-03,7.745853001567684431e-05,-3.130662301577758952e-04,9.059742371205243162e-04
3.123971199477147600e-03,-1.839240514421705769e-03,-1.051577359370185890e-03,7.720151726429664381e-05,-3.127062659096628843e-04,9.050980065302223401e-04
3.120405868968502763e-03,-1.837141422992965992e-03,-1.050377213648130128e-03,7.692598159364097746e-05,-3.123464697846561303e-04,9.042409927673556846e-04
3.116844607505300530e-03,-1.835044727218989322e-03,-1.049178437630027055e-03,7.663099873693976526e-05,-3.119868369974785867e-04,9.034042550820695202e-04
3.113287410443670543e-03,-1.832950424365547984e-03,-1.047981029752671159e-03,7.631570003081681892e-05,-3.116273645764968433e-04,9.025888289304062617e-04
3.109734273145172995e-03,-1.830858511701425684e-03,-1.046784988454456129e-03,7.597927939252843937e-05,-3.112680514760954287e-04,9.017957208378107143e-04
3.106185190976107780e-03,-1.828768986499154647e-03,-1.045590312175978098e-03,7.562099984490998838e-05,-3.109088986689600336e-04,9.010259034966456226e-04
3.102640159308871041e-03,-1.826681846033817577e-03,-1.044396999359098683e-03,7.524019955773060151e-05,-3.105499092215484444e-04,9.002803111081950256e-04
3.099099173520262519e-03,-1.824597087583852348e-03,-1.043205048447963697e-03,7.483629736749083342e-05,-3.101910883459554143e-04,8.995598349781572245e-04
3.095562228993216369e-03,-1.822514708430648684e-03,-1.042014457888129500e-03,7.440879775613103489e-05,-3.098324434333192090e-04,8.988653193745417807e-04
3.092029321115092894e-03,-1.820434705858720763e-03,-1.040825226127094043e-03,7.395729526488718970e-05,-3.094739840617668027e-04,8.981975576486338599e-04
3.088500445279316990e-03,-1.818357077155524637e-03,-1.039637351614005429e-03,7.348147832343113943e-05,-3.091157219848913573e-04,8.975572886287168459e-04
3.084975596883865901e-03,-1.816281819612121763e-03,-1.038450832800044861e-03,7.298113248884586070e-05,-3.087576710934321800e-04,8.969451932824303291e-04
3.081454771332565058e-03,-1.814208930522272396e-03,-1.037265668137825770e-03,7.245614308111881054e-05,-3.083998473578793923e-04,8.963618916528894682e-04
3.077937964034114463e-03,-1.812138407182550945e-03,-1.036081856081892986e-03,7.190649721292445063e-05,-3.080422687443501949e-04,8.958079400644473845e-04
3.074425170402495921e-03,-1.810070246893653086e-03,-1.034899395088575069e-03,7.133228521614210025e-05,-3.076849551109111136e-04,8.952838285999920867e-04
3.070916385857000355e-03,-1.808004446958182262e-03,-1.033718283616008376e-03,7.073370146676396283e-05,-3.073279280816163667e-04,8.947899788446559387e-04
3.067411605822288525e-03,-1.805941004682578687e-03,-1.032538520123812455e-03,7.011104462095930521e-05,-3.069712109002000941e-04,8.943267418908268504e-04
3.063910825727952578e-03,-1.803879917375814405e-03,-1.031360103073730369e-03,6.946471726851027677e-05,-3.066148282627601104e-04,8.938943966087716528e-04
3.060414041009046002e-03,-1.801821182350258699e-03,-1.030183030928948692e-03,6.879522502359268986e-05,-3.062588061345043722e-04,8.934931481677646026e-04
3.056921247105425302e-03,-1.799764796921428725e-03,-1.029007302154774043e-03,6.810317507088603289e-05,-3.059031715492802625e-04,8.931231268100277634e-04
3.053432439462870195e-03,-1.797710758407861358e-03,-1.027832915217810183e-03,6.738927418654364239e-05,-3.055479523945138194e-04,8.927843868680280463e-04
3.049947613531642059e-03,-1.795659064130918255e-03,-1.026659868586740371e-03,6.665432625955733696e-05,-3.051931771833538620e-04,8.924769060243343448e-04
3.046466764767562056e-03,-1.793609711415206738e-03,-1.025488160731930116e-03,6.589922933848276171e-05,-3.048388748155844859e-04,8.922005848000170080e-04
3.042989888631531057e-03,-1.791562697588199894e-03,-1.024317790125474446e-03,6.512497223727732099e-05,-3.044850743315095985e-04,8.919552462726768874e-04
3.039516980589713514e-03,-1.789518019980956050e-03,-1.023148755241138274e-03,6.433263072011351355e-05,-3.041318046581152233e-04,8.917406360137568756e-04
3.036048036113394785e-03,-1.787475675926345235e-03,-1.021981054554466344e-03,6.352336331056748406e-05,-3.037790943528235208e-04,8.915564222366588855e-04
3.032583050679208379e-03,-1.785435662762121373e-03,-1.020814686542724677e-03,6.269840674616395998e-05,-3.034269713431442966e-04,8.914021961520942564e-04
3.029122019768387426e-03,-1.783397977827440913e-03,-1.019649649685150372e-03,6.185907111923467927e-05,-3.030754626701116761e-04,8.912774725220912230e-04
3.025664938868092169e-03,-1.781362618465474456e-03,-1.018485942462252951e-03,6.100673473750005350e-05,-3.027245942323643075e-04,8.911816904010742054e-04
3.022211803469865201e-03,-1.779329582021972568e-03,-1.017323563356848683e-03,6.014283873801135033e-05,-3.023743905370234039e-04,8.911142140637695651e-04
3.018762609071036149e-03,-1.777298865845770154e-03,-1.016162510852980936e-03,5.926888149052324332e-05,-3.020248744581558093e-04,8.910743341044802474e-04
3.015317351173822224e-03,-1.775270467288762172e-03,-1.015002783436657870e-03,5.838641282493152668e-05,-3.016760670042561098e-04,8.910612687044695487e-04
3.011876025285463963e-03,-1.773244383706022893e-03,-1.013844379595630176e-03,5.749702811796294989e-05,-3.013279870987707739e-04,8.910741650583313151e-04
3.008438626918437733e-03,-1.771220612455539191e-03,-1.012687297819271160e-03,5.660236227108199998e-05,-3.009806513736147768e-04,8.911121009499886050e-04
3.005005151590394146e-03,-1.769199150898128790e-03,-1.011531536598763228e-03,5.570408361646804571e-05,-3.006340739797147511e-04,8.911740864702989142e-04
3.001575594824089539e-03,-1.767179996397747962e-03,-1.010377094426922031e-03,5.480388777670440134e-05,-3.002882664135228703e-04,8.912590658723581723e-04
2.998149952147261942e-03,-1.765163146321713575e-03,-1.009223969798412647e-03,5.390349151624597326e-05,-2.999432373641312778e-04,8.913659195479303960e-04
2.994728219092916872e-03,-1.763148598039554699e-03,-1.008072161209509982e-03,5.300462660731557771e-05,-2.995989925798268568e-04,8.914934661283163220e-04
2.991310391198899292e-03,-1.761136348924826050e-03,-1.006921667158288715e-03,5.210903374129861280e-05,-2.992555347564700694e-04,8.916404646892044008e-04
2.987896464008454791e-03,-1.759126396352939364e-03,-1.005772486144464357e-03,5.121845651283988985e-05,-2.989128634488072726e-04,8.918056170661469492e-04
2.984486433069796774e-03,-1.757118737703132743e-03,-1.004624616669479989e-03,5.033463549483544152e-05,-2.985709750062155309e-04,8.919875702603297443e-04
2.981080293936070030e-03,-1.755113370357554723e-03,-1.003478057236518181e-03,4.945930243540193295e-05,-2.982298625302666180e-04,8.921849189361577125e-04
2.977678042165574947e-03,-1.753110291701388520e-03,-1.002332806350547624e-03,4.859417458725704818e-05,-2.978895158591238299e-04,8.923962080032200612e-04
2.974279673322202059e-03,-1.751109499121920269e-03,-1.001188862517892689e-03,4.774094920036293618e-05,-2.975499215762667220e-04,8.926199352724978895e-04
2.970885182974010007e-03,-1.749110990010617874e-03,-1.000046224247066323e-03,4.690129817883260813e-05,-2.972110630429093507e-04,8.928545541859285927e-04
2.967494566694658855e-03,-1.747114761761157107e-03,-9.989048900479414930e-04,4.607686293473177940e-05,-2.968729204577837772e-04,8.930984766127536513e-04
2.964107820062731376e-03,-1.745120811770509931e-03,-9.977648584323156253e-04,4.526924943444236268e-05,-2.965354709387057358e-04,8.933500757078715075e-04
2.960724938661828468e-03,-1.743129137438802689e-03,-9.966261279134734554e-04,4.448002346511472645e-05,-2.961986886298688523e-04,8.936076888256297120e-04
2.957345918080973770e-03,-1.741139736168332511e-03,-9.954886970064209979e-04,4.371070611699400454e-05,-2.958625448325950900e-04,8.938696204950527351e-04
2.953970753913225458e-03,-1.739152605365371432e-03,-9.943525642282272873e-04,4.296276949881125493e-05,-2.955270081568509184e-04,8.941341454365035399e-04
2.950599441757987326e-03,-1.737167742438191186e-03,-9.932177280970524991e-04,4.223763269224807548e-05,-2.951920446971675188e-04,8.943995116373203332e-04
2.947231977218577569e-03,-1.735185144798941917e-03,-9.920841871332494993e-04,4.153665794434882071e-05,-2.948576182258292396e-04,8.946639434679969473e-04
2.943868355903992567e-03,-1.733204809862184817e-03,-9.909519398585936271e-04,4.086114711464557337e-05,-2.945236904081185189e-04,8.949256448421117564e-04
2.940508573427986615e-03,-1.731226735045527255e-03,-9.898209847966170632e-04,4.021233836611808402e-05,-2.941902210326689479e-04,8.951828024238987118e-04
2.937152625409390674e-03,-1.729250917769664620e-03,-9.886913204725585221e-04,3.959140311629787774e-05,-2.938571682608897206e-04,8.954335888700170427e-04
2.933800507471926756e-03,-1.727277355457713763e-03,-9.875629454133871051e-04,3.899944324352173073e-05,-2.935244888882365655e-04,8.956761661115104868e-04
2.930452215244695388e-03,-1.725306045536461989e-03,-9.864358581474813766e-04,3.843748854678037376e-05,-2.931921386208981338e-04,8.959086886732996495e-04
2.927107744361013338e-03,-1.723336985435061685e-03,-9.853100572053813660e-04,3.790649447080821088e-05,-2.928600723608530795e-04,8.961293070236409520e-04
2.923767090459869055e-03,-1.721370172586144005e-03,-9.841855411189071121e-04,3.740734008664817678e-05,-2.925282445035731109e-04,8.963361709545648133e-04
2.920430249185276481e-03,-1.719405604424571613e-03,-9.830623084215361820e-04,3.694082633334419368e-05,-2.921966092400544480e-04,8.965274329885068554e-04
2.917097216185637106e-03,-1.717443278388715213e-03,-9.819403576487263294e-04,3.650767451887350313e-05,-2.918651208661117544e-04,8.967012518070300534e-04
2.913767987114686264e-03,-1.715483191919661005e-03,-9.808196873374299893e-04,3.610852507997442838e-05,-2.915337340932768503e-04,8.968557956944150922e-04
2.910442557630946690e-03,-1.713525342461709629e-03,-9.797002960263234781e-04,3.574393660042809372e-05,-2.912024043634689864e-04,8.969892459956813448e-04
2.907120923398273226e-03,-1.711569727461515313e-03,-9.785821822555949238e-04,3.541438508544785354e-05,-2.908710881610086590e-04,8.970998005771537755e-04
2.903803080085138981e-03,-1.709616344368883410e-03,-9.774653445672584675e-04,3.512026348939869147e-05,-2.905397433222098053e-04,8.971856772852474134e-04
2.900489023365002226e-03,-1.707665190636787310e-03,-9.763497815049269066e-04,3.486188149917342303e-05,-2.902083293411862369e-04,8.972451173998077225e-04
2.897178748916379252e-03,-1.705716263720970976e-03,-9.752354916138779393e-04,3.463946556110765538e-05,-2.898768076673591547e-04,8.972763890650225149e-04
2.893872252422547732e-03,-1.703769561079489453e-03,-9.741224734411266977e-04,3.445315915832217933e-05,-2.895451419958559847e-04,8.972777907025680181e-04
2.890569529571754021e-03,-1.701825080174345370e-03,-9.730107255352875122e-04,3.430302332392969495e-05,-2.892132985465217299e-04,8.972476543860132556e-04
2.887270576057224432e-03,-1.699882818469511565e-03,-9.719002464466324582e-04,3.418903739165999342e-05,-2.888812463296498213e-04,8.971843491793659578e-04
2.883975387577113626e-03,-1.697942773432398883e-03,-9.707910347270659861e-04,3.411109997345879120e-05,-2.885489573997232103e-04,8.970862844248983026e-04
2.880683959834461679e-03,-1.696004942533375437e-03,-9.696830889300943465e-04,3.406903016005389287e-05,-2.882164070905773867e-04,8.969519129752479177e-04
2.877396288537420032e-03,-1.694069323245430726e-03,-9.685764076109461534e-04,3.406256893327580965e-05,-2.878835742356262886e-04,8.967797343659292871e-04
2.874112369398455248e-03,-1.692135913044209893e-03,-9.674709893266497966e-04,3.409138078390149684e-05,-2.875504413661866777e-04,8.965682979153696049e-04
2.870832198135542940e-03,-1.690204709408800422e-03,-9.663668326355470684e-04,3.415505552336650424e-05,-2.872169948924336506e-04,8.963162057518248406e-04
2.867555770471139076e-03,-1.688275709820897738e-03,-9.652639360979776203e-04,3.425311028267776414e-05,-2.868832252597080059e-04,8.960221157641708265e-04
2.864283082132882546e-03,-1.686348911764754249e-03,-9.641622982755920128e-04,3.438499168098322289e-05,-2.865491270849830911e-04,8.956847444690476051e-04
2.861014128853272935e-03,-1.684424312727810999e-03,-9.630619177318745176e-04,3.455007816257058592e-05,-2.862146992664599157e-04,8.953028697902375025e-04
2.857748906369272403e-03,-1.682501910200943787e-03,-9.619627930319363598e-04,3.474768248098522995e-05,-2.858799450699297086e-04,8.948753337547450323e-04
2.854487410423281468e-03,-1.680581701676870472e-03,-9.608649227424862285e-04,3.497705432537408140e-05,-2.855448721903727023e-04,8.944010450973647166e-04
2.851229636762052204e-03,-1.678663684651395200e-03,-9.597683054319687285e-04,3.523738307540510501e-05,-2.852094927848496824e-04,8.938789817785175017e-04
2.847975581137399039e-03,-1.676747856624006454e-03,-9.586729396703164239e-04,3.552780067132650172e-05,-2.848738234818709580e-04,8.933081934107151706e-04
2.844725239306042635e-03,-1.674834215095873883e-03,-9.575788240292125398e-04,3.584738459228244996e-05,-2.845378853606670127e-04,8.926878035981981570e-04
2.841478607029615955e-03,-1.672922757572030145e-03,-9.564859570818504868e-04,3.619516092823288583e-05,-2.842017039054019418e-04,8.920170121849963331e-04
2.838235680074283496e-03,-1.671013481559619493e-03,-9.553943374031701082e-04,3.657010753748418398e-05,-2.838653089315895726e-04,8.912950974168549209e-04
2.834996454211222237e-03,-1.669106384569053313e-03,-9.543039635697462240e-04,3.697115727928350522e-05,-2.835287344851039355e-04,8.905214180125947199e-04
2.831760925216563526e-03,-1.667201464113484939e-03,-9.532148341596288202e-04,3.739720131115413564e-05,-2.831920187144368285e-04,8.896954151483617854e-04
2.828529088871103818e-03,-1.665298717708663286e-03,-9.521269477526121466e-04,3.784709244397552820e-05,-2.828552037165663361e-04,8.888166143509916919e-04
2.825300940960436512e-03,-1.663398142873529590e-03,-9.510403029301163231e-04,3.831964854548139431e-05,-2.825183353569079279e-04,8.878846272975091016e-04
2.822076477275229939e-03,-1.661499737129708276e-03,-9.499548982750308885e-04,3.881365598507313517e-05,-2.821814630645686785e-04,8.868991535240928733e-04
2.818855693610573376e-03,-1.659603498001736149e-03,-9.488707323720435311e-04,3.932787311183611763e-05,-2.818446396020182201e-04,8.858599820331929543e-04
2.815638585766558604e-03,-1.657709423016941403e-03,-9.477878038073445349e-04,3.986103375898915818e-05,-2.815079208129662547e-04,8.847669927996998102e-04
2.812425149548051367e-03,-1.655817509704872893e-03,-9.467061111689079132e-04,4.041185077009763754e-05,-2.811713653464271924e-04,8.836201581683915786e-04
2.809215380764664479e-03,-1.653927755599358387e-03,-9.456256530460398387e-04,4.097901953583473020e-05,-2.808350343622278565e-04,8.824195441344636790e-04
2.806009275230996781e-03,-1.652040158235216615e-03,-9.445464280298268523e-04,4.156122153939614605e-05,-2.804989912145330975e-04,8.811653115031415837e-04
2.802806828766009079e-03,-1.650154715151708499e-03,-9.434684347130708115e-04,4.215712790235025378e-05,-2.801633011187923839e-04,8.798577169152857654e-04
2.799608037193679864e-03,-1.648271423889750972e-03,-9.423916716899979982e-04,4.276540292491910500e-05,-2.798280308022560686e-04,8.784971137328951738e-04
2.796412896342889958e-03,-1.646390281993716318e-03,-9.413161375564730324e-04,4.338470761191389819e-05,-2.794932481409565829e-04,8.770839527694151939e-04
2.793221402046971048e-03,-1.644511287010673450e-03,-9.402418309100694536e-04,4.401370317732559870e-05,-2.791590217829242209e-04,8.756187828611941559e-04
2.790033550144339729e-03,-1.642634436490181477e-03,-9.391687503497875029e-04,4.465105452600306004e-05,-2.788254207614824197e-04,8.741022512587811157e-04
2.786849336477884714e-03,-1.640759727984763498e-03,-9.380968944763689752e-04,4.529543369476369473e-05,-2.784925141014473154e-04,8.725351038320815168e-04
2.783668756895475542e-03,-1.638887159050028903e-03,-9.370262618920137008e-04,4.594552325148539533e-05,-2.781603704180546344e-04,8.709181850787211599e-04
2.780491807249577899e-03,-1.637016727243784759e-03,-9.359568512006562332e-04,4.660001964372734678e-05,-2.778290575137191010e-04,8.692524379130882155e-04
2.777318483397365079e-03,-1.635148430127114378e-03,-9.348886610078254453e-04,4.725763648267045417e-05,-2.774986419722743226e-04,8.675389032357344165e-04
2.774148781200814259e-03,-1.633282265263931703e-03,-9.338216899205052093e-04,4.791710775703289955e-05,-2.771691887560344186e-04,8.657787192604977228e-04
2.770982696526529121e-03,-1.631418230220919733e-03,-9.327559365474611753e-04,4.857719096796402986e-05,-2.768407608065122307e-04,8.639731205915799923e-04
2.767820225246109354e-03,-1.629556322566693295e-03,-9.316913994987500612e-04,4.923667016925647522e-05,-2.765134186521064582e-04,8.621234370397223498e-04
2.764661363235340098e-03,-1.627696539873641759e-03,-9.306280773864306728e-04,4.989435890798255788e-05,-2.761872200237704199e-04,8.602310921623752089e-04
2.761506106375255769e-03,-1.625838879716455607e-03,-9.295659688238060462e-04,5.054910305355590961e-05,-2.758622194853264887e-04,8.582976015141233943e-04
2.758354450551175549e-03,-1.623983339673089636e-03,-9.285050724259093875e-04,5.119978350134592399e-05,-2.755384680758481857e-04,8.563245706105847115e-04
2.755206391653512200e-03,-1.622129917323477961e-03,-9.274453868092369250e-04,5.184531874471906408e-05,-2.752160129704506707e-04,8.543136925778237493e-04
2.752061925577039582e-03,-1.620278610250898161e-03,-9.263869105920691585e-04,5.248466730075014629e-05,-2.748948971615425133e-04,8.522667454926170349e-04
2.748921048221456432e-03,-1.618429416041084401e-03,-9.253296423940062789e-04,5.311682998348794121e-05,-2.745751591620861727e-04,8.501855894010378967e-04
2.745783755490877227e-03,-1.616582332282936931e-03,-9.242735808364390369e-04,5.374085200856208120e-05,-2.742568327317186617e-04,8.480721630063713752e-04
2.742650043294429362e-03,-1.614737356567636731e-03,-9.232187245421866195e-04,5.435582492769695654e-05,-2.739399466349629162e-04,8.459284800304898815e-04
2.739519907545439129e-03,-1.612894486489234447e-03,-9.221650721358293917e-04,5.496088837413260094e-05,-2.736245244222155408e-04,8.437566252324710248e-04
2.736393344162406632e-03,-1.611053719645019451e-03,-9.211126222432899609e-04,5.555523161930261446e-05,-2.733105842483280184e-04,8.415587500940346910e-04
2.733270349068010058e-03,-1.609215053634198639e-03,-9.200613734922792174e-04,5.613809492621619671e-05,-2.729981387202333161e-04,8.393370681652364803e-04
2.730150918190193347e-03,-1.607378486059584527e-03,-9.190113245117635579e-04,5.670877069811201853e-05,-2.726871947816193005e-04,8.370938500734360303e-04
2.727035047460815275e-03,-1.605544014525523344e-03,-9.179624739326554131e-04,5.726660440928373411e-05,-2.723777536327137141e-04,8.348314181993110811e-04
2.723922732817063257e-03,-1.603711636640496032e-03,-9.169148203870335989e-04,5.781099532241952598e-05,-2.720698106888206529e-04,8.325521410260330489e-04
2.720813970200153600e-03,-1.601881350014663398e-03,-9.158683625090283499e-04,5.834139697824820267e-05,-2.717633555767139672e-04,8.302584271692644300e-04
2.717708755556409641e-03,-1.600053152261741128e-03,-9.148230989338254800e-04,5.885731746527387952e-05,-2.714583721708157334e-04,8.279527190933073238e-04
2.714607084836514941e-03,-1.598227040997366550e-03,-9.137790282984669570e-04,5.935831945851412249e-05,-2.711548386676955794e-04,8.256374865367197089e-04
2.711508953995897097e-03,-1.596403013840108024e-03,-9.127361492414356537e-04,5.984402003513123326e-05,-2.708527277021091574e-04,8.233152196499517921e-04
2.708414358994598072e-03,-1.594581068411811018e-03,-9.116944604028880171e-04,6.031409026408875060e-05,-2.705520065013968271e-04,8.209884218697528161e-04
2.705323295797180515e-03,-1.592761202336784310e-03,-9.106539604243113527e-04,6.076825457462479979e-05,-2.702526370795081938e-04,8.186596025501114869e-04
2.702235760372690473e-03,-1.590943413241554518e-03,-9.096146479490693944e-04,6.120628990944132551e-05,-2.699545764671551907e-04,8.163312693682548077e-04
2.699151748695255860e-03,-1.589127698755593175e-03,-9.085765216217099333e-04,6.162802466463489085e-05,-2.696577769823354283e-04,8.140059205360182038e-04
2.696071256743114153e-03,-1.587314056511451160e-03,-9.075395800886214108e-04,6.203333743004040511e-05,-2.693621865324130919e-04,8.116860368401025228e-04
2.692994280499260307e-03,-1.585502484144046820e-03,-9.065038219975990203e-04,6.242215553401309763e-05,-2.690677489519441952e-04,8.093740735451858577e-04
2.689920815951272852e-03,-1.583692979290827292e-03,-9.054692459980341179e-04,6.279445340821888379e-05,-2.687744043700164738e-04,8.070724521946233670e-04
2.686850859091298709e-03,-1.581885539592759468e-03,-9.044358507407668788e-04,6.315025078166778812e-05,-2.684820896082272057e-04,8.047835523338147485e-04
2.683784405916283915e-03,-1.580080162692366723e-03,-9.034036348781857191e-04,6.348961071813082632e-05,-2.681907386017521526e-04,8.025097032126197235e-04
2.680721452427495266e-03,-1.578276846235407904e-03,-9.023725970642861678e-04,6.381263751527874520e-05,-2.679002828449572604e-04,8.002531754883430515e-04
2.677661994630539406e-03,-1.576475587870662448e-03,-9.013427359547113073e-04,6.411947447657342870e-05,-2.676106518553585307e-04,7.980161729857843588e-04
2.674606028536091404e-03,-1.574676385249434247e-03,-9.003140502064117682e-04,6.441030157914342776e-05,-2.673217736539327985e-04,7.958008245511874641e-04
2.671553550158977525e-03,-1.572879236025009984e-03,-8.992865384780108877e-04,6.468533304955662391e-05,-2.670335752547298809e-04,7.936091760471453106e-04
2.668504555518940238e-03,-1.571084137853986625e-03,-8.982601994295498146e-04,6.494481487417766332e-05,-2.667459831660941999e-04,7.914431825418434758e-04
2.665459040639805988e-03,-1.569291088395751441e-03,-8.972350317227972653e-04,6.518902225523377726e-05,-2.664589238914119584e-04,7.893047007302518223e-04
2.662417001550452297e-03,-1.567500085312136578e-03,-8.962110340207769203e-04,6.541825703828513618e-05,-2.661723244324510772e-04,7.871954816500910954e-04
2.659378434283946047e-03,-1.565711126267572365e-03,-8.951882049881472198e-04,6.563284512933174897e-05,-2.658861127848897261e-04,7.851171637326184987e-04
2.656343334877846619e-03,-1.563924208929232378e-03,-8.941665432913494665e-04,6.583313392047222357e-05,-2.656002184260317154e-04,7.830712662436241367e-04
2.653311699374325591e-03,-1.562139330966844574e-03,-8.931460475979884203e-04,6.601948974268904925e-05,-2.653145727890750694e-04,7.810591831651289693e-04
2.650283523820228318e-03,-1.560356490053044524e-03,-8.921267165773965170e-04,6.619229536766468587e-05,-2.650291097186015135e-04,7.790821775661664747e-04
2.647258804266838447e-03,-1.558575683863028249e-03,-8.911085489002176438e-04,6.635194757121065353e-05,-2.647437659045986501e-04,7.771413765157030203e-04
2.644237536769787709e-03,-1.556796910074832382e-03,-8.900915432387986439e-04,6.649885477987757521e-05,-2.644584812895759774e-04,7.752377665823076327e-04
2.641219717389107959e-03,-1.555020166368326724e-03,-8.890756982670818724e-04,6.663343481243876412e-05,-2.641731994474291463e-04,7.733721899728487935e-04
2.638205342189877799e-03,-1.553245450426947883e-03,-8.880610126602668172e-04,6.675611273026333878e-05,-2.638878679278374860e-04,7.715453413513934404e-04
2.635194407241040794e-03,-1.551472759936350964e-03,-8.870474850953005913e-04,6.686731880871168445e-05,-2.636024385649760439e-04,7.697577653877006295e-04
2.632186908616534343e-03,-1.549702092585069626e-03,-8.860351142503372418e-04,6.696748663912366253e-05,-2.633168677454350072e-04,7.680098550708232275e-04
2.629182842394218057e-03,-1.547933446064188442e-03,-8.850238988054910530e-04,6.705705136964897767e-05,-2.630311166349901279e-04,7.663018508385539568e-04
2.626182204657225971e-03,-1.546166818066995515e-03,-8.840138374418950260e-04,6.713644808393203509e-05,-2.627451513619388172e-04,7.646338405453577316e-04
2.623184991492333740e-03,-1.544402206289953927e-03,-8.830049288425424357e-04,6.720611033322646216e-05,-2.624589431512536295e-04,7.630057603190685319e-04
2.620191198991121337e-03,-1.542639608432236397e-03,-8.819971716917810508e-04,6.726646880285588588e-05,-2.621724684143940474e-04,7.614173963280227190e-04
2.617200823249862893e-03,-1.540879022194601182e-03,-8.809905646754946293e-04,6.731795013002522723e-05,-2.618857087882444637e-04,7.598683874921367083e-04
2.614213860368921286e-03,-1.539120445282595026e-03,-8.799851064810946784e-04,6.736097585168387568e-05,-2.615986511248253742e-04,7.583582291649258516e-04
2.611230306453318425e-03,-1.537363875402006233e-03,-8.789807957973898083e-04,6.739596148688976754e-05,-2.613112874310984731e-04,7.568862778106676082e-04
2.608250157612617727e-03,-1.535609310262444922e-03,-8.779776313146236792e-04,6.742331573170877088e-05,-2.610236147604404547e-04,7.554517566973772578e-04
2.605273409960477422e-03,-1.533856747575823836e-03,-8.769756117248397268e-04,6.744343976398523477e-05,-2.607356350526404145e-04,7.540537626224707874e-04
2.602300059615324929e-03,-1.532106185057317436e-03,-8.759747357212847429e-04,6.745672663601797023e-05,-2.604473549273118469e-04,7.526912736944538131e-04
2.599330102699719345e-03,-1.530357620423305814e-03,-8.749750019989307017e-04,6.746356074003991910e-05,-2.601587854290124359e-04,7.513631581777561672e-04
2.596363535340780789e-03,-1.528611051394280140e-03,-8.739764092540570168e-04,6.746431732885797730e-05,-2.598699417271538065e-04,7.500681844165995064e-04
2.593400353670148335e-03,-1.526866475692463488e-03,-8.729789561845344940e-04,6.745936206756350442e-05,-2.595808427705737376e-04,7.488050318525780406e-04
2.590440553823868553e-03,-1.525123891043316145e-03,-8.719826414895206698e-04,6.744905059999294311e-05,-2.592915109013853065e-04,7.475723031380794754e-04
2.587484131942186915e-03,-1.523383295174042225e-03,-8.709874638699817472e-04,6.743372809796938355e-05,-2.590019714257445010e-04,7.463685373644393705e-04
2.584531084170012261e-03,-1.521644685814767988e-03,-8.699934220280821891e-04,6.741372878177917354e-05,-2.587122521494155227e-04,7.451922244074047578e-04
2.581581406656396384e-03,-1.519908060698828278e-03,-8.690005146677120748e-04,6.738937537779941583e-05,-2.584223828736561331e-04,7.440418204014707980e-04
2.578635095555142052e-03,-1.518173417561232167e-03,-8.680087404939160504e-04,6.736097849885006690e-05,-2.581323948586565151e-04,7.429157643571037859e-04
2.575692147024154222e-03,-1.516440754140161535e-03,-8.670180982135219493e-04,6.732883591829319275e-05,-2.578423202536873817e-04,7.418124959264158240e-04
2.572752557225756187e-03,-1.514710068175776714e-03,-8.660285865346625507e-04,6.729323172589566824e-05,-2.575521914937969783e-04,7.407304743379572497e-04
2.569816322326735989e-03,-1.512981357411713555e-03,-8.650402041670711330e-04,6.725443533659976672e-05,-2.572620406725726954e-04,7.396681985144212303e-04
2.566883438497985590e-03,-1.511254619593601321e-03,-8.640529498219080016e-04,6.721270035053756610e-05,-2.569718988777943986e-04,7.386242283944533145e-04
2.563953901915294511e-03,-1.509529852470006383e-03,-8.630668222116418768e-04,6.716826332447220374e-05,-2.566817950785471938e-04,7.375972063879556546e-04
2.561027708758338919e-03,-1.507807053791453611e-03,-8.620818200505692272e-04,6.712134313708296670e-05,-2.563917543131908131e-04,7.365858715521960776e-04
2.558104855211257994e-03,-1.506086221311520989e-03,-8.610979420541079116e-04,6.707214156124347850e-05,-2.561017990708602679e-04,7.355890612199068911e-04
2.555185337462870330e-03,-1.504367352786477492e-03,-8.601151869391857573e-04,6.702084452095058626e-05,-2.558119499219799371e-04,7.346057043355174723e-04
2.552269151706079361e-03,-1.502650445974327903e-03,-8.591335534243124423e-04,6.696762333711701431e-05,-2.555222256792353337e-04,7.336348142301367002e-04
2.549356294137692953e-03,-1.500935498636513706e-03,-8.581530402297103590e-04,6.691263587279285506e-05,-2.552326435441056854e-04,7.326754819644746381e-04
2.546446760959962963e-03,-1.499222508536672983e-03,-8.571736460763579139e-04,6.685602758988515445e-05,-2.549432192429204646e-04,7.317268702022906857e-04
2.543540548378252046e-03,-1.497511473441135018e-03,-8.561953696874343355e-04,6.679793252199472682e-05,-2.546539671486345918e-04,7.307882075589520240e-04
2.540637652603121820e-03,-1.495802391118495949e-03,-8.552182097870756608e-04,6.673847417345556989e-05,-2.543649003960903477e-04,7.298587834033521760e-04
2.537738069849232187e-03,-1.494095259340333251e-03,-8.542421651010690580e-04,6.667776634398169346e-05,-2.540760309845914639e-04,7.289379430654346946e-04
2.534841796335227711e-03,-1.492390075880297177e-03,-8.532672343567698856e-04,6.661591389133493459e-05,-2.537873698729743179e-04,7.280250834230111035e-04
2.531948828284408953e-03,-1.490686838515135112e-03,-8.522934162827969229e-04,6.655301343276587029e-05,-2.534989270677759582e-04,7.271196488353421456e-04
2.529059161924578081e-03,-1.488985545023663749e-03,-8.513207096091158534e-04,6.648915399342159092e-05,-2.532107117022902782e-04,7.262211274002694636e-04
2.526172793487217478e-03,-1.487286193187311624e-03,-8.503491130675621757e-04,6.642441760014383635e-05,-2.529227321098670217e-04,7.253290475038159111e-04
2.523289719208681066e-03,-1.485588780790182434e-03,-8.493786253910674084e-04,6.635887983285250621e-05,-2.526349958918304895e-04,7.244429746423738069e-04
2.520409935329376815e-03,-1.483893305618821934e-03,-8.484092453139899888e-04,6.629261032972215406e-05,-2.523475099776986762e-04,7.235625084968305481e-04
2.517533438093979680e-03,-1.482199765461835860e-03,-8.474409715723988995e-04,6.622567325390749549e-05,-2.520602806826193680e-04,7.226872802369808252e-04
2.514660223751567347e-03,-1.480508158111202904e-03,-8.464738029036151601e-04,6.615812772268891029e-05,-2.517733137583616347e-04,7.218169500363488681e-04
2.511790288555586399e-03,-1.478818481361324298e-03,-8.455077380462661454e-04,6.609002820458067856e-05,-2.514866144411490945e-04,7.209512047874276327e-04
2.508923628763321065e-03,-1.477130733008581026e-03,-8.445427757408246507e-04,6.602142488438166241e-05,-2.512001874943475561e-04,7.200897559917970869e-04
2.506060240636642615e-03,-1.475444910852373578e-03,-8.435789147289680196e-04,6.595236399816528986e-05,-2.509140372488877072e-04,7.192323378219046609e-04
2.503200120441767366e-03,-1.473761012693716602e-03,-8.426161537536750725e-04,6.588288814484953852e-05,-2.506281676391568149e-04,7.183787053316283751e-04
2.500343264449157808e-03,-1.472079036337629789e-03,-8.416544915595063720e-04,6.581303657057003306e-05,-2.503425822367718397e-04,7.175286328089669485e-04
2.497489668933327439e-03,-1.470398979589816529e-03,-8.406939268924564466e-04,6.574284543283859966e-05,-2.500572842804411823e-04,7.166819122617472003e-04
2.494639330173107922e-03,-1.468720840260336318e-03,-8.397344585000528867e-04,6.567234804225771075e-05,-2.497722767048735797e-04,7.158383520170335775e-04
2.491792244451500760e-03,-1.467044616160465562e-03,-8.387760851311179284e-04,6.560157508678175482e-05,-2.494875621656322470e-04,7.149977754364552664e-04
2.488948408056210725e-03,-1.465370305104508409e-03,-8.378188055357897041e-04,6.553055483707320846e-05,-2.492031430632749641e-04,7.141600197296899205e-04
2.486107817278497469e-03,-1.463697904909195668e-03,-8.368626184658784026e-04,6.545931333583371759e-05,-2.489190215641859361e-04,7.133249348622141064e-04
2.483270468414635734e-03,-1.462027413393513723e-03,-8.359075226743356611e-04,6.538787457476981217e-05,-2.486351996209906160e-04,7.124923825499949450e-04
2.480436357764377511e-03,-1.460358828379074896e-03,-8.349535169158876302e-04,6.531626065307900484e-05,-2.483516789901191288e-04,7.116622353323495860e-04
2.477605481631995482e-03,-1.458692147690581701e-03,-8.340005999464691292e-04,6.524449192700188741e-05,-2.480684612485610442e-04,7.108343757189772294e-04
2.474777836326202789e-03,-1.457027369154444271e-03,-8.330487705233553765e-04,6.517258714832307662e-05,-2.477855478092155653e-04,7.100086954030546214e-04
2.471953418159386715e-03,-1.455364490598934531e-03,-8.320980274055249804e-04,6.510056358771136782e-05,-2.475029399341440025e-04,7.091850945368446957e-04
2.469132223448673811e-03,-1.453703509856436350e-03,-8.311483693531223921e-04,6.502843715222295085e-05,-2.472206387478879507e-04,7.083634810659337729e-04
2.466314248515328374e-03,-1.452044424760957518e-03,-8.301997951277100907e-04,6.495622249307152608e-05,-2.469386452490040075e-04,7.075437701133198334e-04
2.463499489684375585e-03,-1.450387233148831652e-03,-8.292523034924545238e-04,6.488393310278187218e-05,-2.466569603206114885e-04,7.067258834148017676e-04
2.460687943285489680e-03,-1.448731932859613101e-03,-8.283058932117147617e-04,6.481158140726831765e-05,-2.463755847401947531e-04,7.059097487956712000e-04
2.457879605652436676e-03,-1.447078521733883389e-03,-8.273605630514302076e-04,6.473917884928799115e-05,-2.460945191886156893e-04,7.050952996925975453e-04
2.455074473123092585e-03,-1.445426997615811230e-03,-8.264163117788505229e-04,6.466673596581585821e-05,-2.458137642583405318e-04,7.042824747093772526e-04
2.452272542039516268e-03,-1.443777358352049461e-03,-8.254731381626515289e-04,6.459426245800975106e-05,-2.455333204607313378e-04,7.034712172114347120e-04
2.449473808747854031e-03,-1.442129601791804000e-03,-8.245310409729453976e-04,6.452176725919929099e-05,-2.452531882329076862e-04,7.026614749477477296e-04
2.446678269598540414e-03,-1.440483725785759832e-03,-8.235900189812651482e-04,6.444925859224355784e-05,-2.449733679446411188e-04,7.018531997081959477e-04
2.443885920946377126e-03,-1.438839728187962103e-03,-8.226500709603895480e-04,6.437674402846059517e-05,-2.446938599034893260e-04,7.010463470023350517e-04
2.441096759149868206e-03,-1.437197606854483849e-03,-8.217111956847551095e-04,6.430423053569877970e-05,-2.444146643600855350e-04,7.002408757680425892e-04
2.438310780571956420e-03,-1.435557359643917577e-03,-8.207733919300041949e-04,6.423172452831236155e-05,-2.441357815132856243e-04,6.994367481007028077e-04
2.435527981579674577e-03,-1.433918984417196368e-03,-8.198366584732624633e-04,6.415923190927016898e-05,-2.438572115146857777e-04,6.986339290031577578e-04
2.432748358544564466e-03,-1.432282479038348051e-03,-8.189009940928427753e-04,6.408675810995002940e-05,-2.435789544723321624e-04,6.978323861579733374e-04
2.429971907841478596e-03,-1.430647841372888847e-03,-8.179663975688660068e-04,6.401430812839085862e-05,-2.433010104544346206e-04,6.970320897156958000e-04
2.427198625850132772e-03,-1.429015069290040128e-03,-8.170328676824732683e-04,6.394188656311787121e-05,-2.430233794929502012e-04,6.962330120997636687e-04
2.424428508954160240e-03,-1.427384160659886728e-03,-8.161004032163160721e-04,6.386949764298242643e-05,-2.427460615868692949e-04,6.954351278285205535e-04
2.421661553541196686e-03,-1.425755113355798827e-03,-8.151690029545949302e-04,6.379714525878838177e-05,-2.424690567042747517e-04,6.946384133484365597e-04
2.418897756003299607e-03,-1.424127925253676052e-03,-8.142386656824652114e-04,6.372483298771427541e-05,-2.421923647862800550e-04,6.938428468837718388e-04
2.416137112736124314e-03,-1.422502594231389540e-03,-8.133093901870804693e-04,6.365256411829648851e-05,-2.419159857478428801e-04,6.930484082952251398e-04
2.413379620140035028e-03,-1.420879118169926861e-03,-8.123811752565119259e-04,6.358034167420344065e-05,-2.416399194815312059e-04,6.922550789522465605e-04
2.410625274619212360e-03,-1.419257494951548654e-03,-8.114540196802513252e-04,6.350816843423819839e-05,-2.413641658583067320e-04,6.914628416121189726e-04
2.407874072581786453e-03,-1.417637722462237191e-03,-8.105279222494398078e-04,6.343604695091057386e-05,-2.410887247298541250e-04,6.906716803133643601e-04
2.405126010440147497e-03,-1.416019798589511925e-03,-8.096028817564632869e-04,6.336397956967644140e-05,-2.408135959300858092e-04,6.898815802722598660e-04
2.402381084610961774e-03,-1.414403721223870180e-03,-8.086788969949323903e-04,6.329196844396834396e-05,-2.405387792772709608e-04,6.890925277914565711e-04
2.399639291514680303e-03,-1.412789488257450762e-03,-8.077559667600171540e-04,6.322001555145008249e-05,-2.402642745743969804e-04,6.883045101735921082e-04
2.396900627576077896e-03,-1.411177097585569404e-03,-8.068340898481562388e-04,6.314812270683724401e-05,-2.399900816113682280e-04,6.875175156430133249e-04
2.394165089223986454e-03,-1.409566547105860950e-03,-8.059132650572744215e-04,6.307629157472148366e-05,-2.397162001659785527e-04,6.867315332739361809e-04
2.391432672890964495e-03,-1.407957834717720120e-03,-8.049934911865609839e-04,6.300452368195273700e-05,-2.394426300042801648e-04,6.859465529213808763e-04
2.388703375014086024e-03,-1.406350958323568509e-03,-8.040747670366430767e-04,6.293282042825355924e-05,-2.391693708827076698e-04,6.851625651616577179e-04
2.385977192034222788e-03,-1.404745915827997202e-03,-8.031570914095426767e-04,6.286118309638961921e-05,-2.388964225481201892e-04,6.843795612348512782e-04
2.383254120396550817e-03,-1.403142705138198717e-03,-8.022404631085438805e-04,6.278961286067924995e-05,-2.386237847392004964e-04,6.835975329921898606e-04
2.380534156550214754e-03,-1.401541324163583634e-03,-8.013248809382394165e-04,6.271811079595069325e-05,-2.383514571865514024e-04,6.828164728487440358e-04
2.377817296947972673e-03,-1.399941770815458153e-03,-8.004103437049615074e-04,6.264667788561330730e-05,-2.380794396139653294e-04,6.820363737387903635e-04
2.375103538047167520e-03,-1.398344043008509230e-03,-7.994968502159728379e-04,6.257531502862141075e-05,-2.378077317388052722e-04,6.812572290739521896e-04
2.372392876309286063e-03,-1.396748138658776258e-03,-7.985843992800363035e-04,6.250402304621881981e-05,-2.375363332728806169e-04,6.804790327068909080e-04
2.369685308199405514e-03,-1.395154055685476424e-03,-7.976729897073988555e-04,6.243280268768701716e-05,-2.372652439223424609e-04,6.797017788971057789e-04
2.366980830186649325e-03,-1.393561792009904684e-03,-7.967626203095789974e-04,6.236165463598171573e-05,-2.369944633888115902e-04,6.789254622767376506e-04
2.364279438744565365e-03,-1.391971345556156266e-03,-7.958532898993960587e-04,6.229057951392954844e-05,-2.367239913695644738e-04,6.781500778226966144e-04
2.361581130350544344e-03,-1.390382714249662355e-03,-7.949449972910328614e-04,6.221957788764945793e-05,-2.364538275578422616e-04,6.773756208300154603e-04
2.358885901486021484e-03,-1.388795896018861498e-03,-7.940377413000667284e-04,6.214865027197437146e-05,-2.361839716433973850e-04,6.766020868863101018e-04
2.356193748635918798e-03,-1.387210888794969963e-03,-7.931315207436089119e-04,6.207779713398673001e-05,-2.359144233127158992e-04,6.758294718483525690e-04
2.353504668290198106e-03,-1.385627690510200620e-03,-7.922263344396769484e-04,6.200701889699883839e-05,-2.356451822493404677e-04,6.750577718210844323e-04
2.350818656941769391e-03,-1.384046299100942252e-03,-7.913221812082123999e-04,6.193631594364914334e-05,-2.353762481341785189e-04,6.742869831391852574e-04
2.348135711088459709e-03,-1.382466712504730726e-03,-7.904190598699248772e-04,6.186568861966116250e-05,-2.351076206459583708e-04,6.735171023470865308e-04
2.345455827231546480e-03,-1.380888928661544619e-03,-7.895169692471239479e-04,6.179513723660931123e-05,-2.348392994611670783e-04,6.727481261853136395e-04
2.342779001876467426e-03,-1.379312945514587141e-03,-7.886159081635536880e-04,6.172466207368193731e-05,-2.345712842543677527e-04,6.719800515718333655e-04
2.340105231532482299e-03,-1.377738761007853618e-03,-7.877158754443080047e-04,6.165426338222370793e-05,-2.343035746981561389e-04,6.712128755906145768e-04
2.337434512712927882e-03,-1.376166373089534592e-03,-7.868168699156358062e-04,6.158394138517170259e-05,-2.340361704640080013e-04,6.704465954776418031e-04
2.334766841935360677e-03,-1.374595779708544414e-03,-7.859188904052290736e-04,6.151369628259640448e-05,-2.337690712217910694e-04,6.696812086091409079e-04
2.332102215721031709e-03,-1.373026978817002775e-03,-7.850219357420836494e-04,6.144352825014034092e-05,-2.335022766401829443e-04,6.689167124907018308e-04
2.329440630595125926e-03,-1.371459968369189960e-03,-7.841260047566822513e-04,6.137343744400594191e-05,-2.332357863869155318e-04,6.681531047465049788e-04
2.326782083086978599e-03,-1.369894746321725530e-03,-7.832310962806099050e-04,6.130342399961770242e-05,-2.329696001285126922e-04,6.673903831121064025e-04
2.324126569729907492e-03,-1.368331310633389211e-03,-7.823372091469195377e-04,6.123348803594332436e-05,-2.327037175308960932e-04,6.666285454221105265e-04
2.321474087060962192e-03,-1.366769659265882871e-03,-7.814443421899573130e-04,6.116362965471398546e-05,-2.324381382591174654e-04,6.658675896066191700e-04
2.318824631621404196e-03,-1.365209790182502804e-03,-7.805524942454436206e-04,6.109384894274781164e-05,-2.321728619777852095e-04,6.651075136807929567e-04
2.316178199956032534e-03,-1.363651701349028128e-03,-7.796616641504626683e-04,6.102414597338949424e-05,-2.319078883505940958e-04,6.643483157396326165e-04
2.313534788614280985e-03,-1.362095390733697800e-03,-7.787718507432012972e-04,6.095452080661625718e-05,-2.316432170413095578e-04,6.635899939506518380e-04
2.310894394148848077e-03,-1.360540856307111733e-03,-7.778830528634046726e-04,6.088497349169861108e-05,-2.313788477128200989e-04,6.628325465492120559e-04
2.308257013116578327e-03,-1.358988096042057763e-03,-7.769952693521519618e-04,6.081550406530970122e-05,-2.311147800277727979e-04,6.620759718340824256e-04
2.305622642078395887e-03,-1.357437107913821292e-03,-7.761084990517095336e-04,6.074611255562816566e-05,-2.308510136488173899e-04,6.613202681599999197e-04
2.302991277599143218e-03,-1.355887889900466749e-03,-7.752227408057044307e-04,6.067679898067062559e-05,-2.305875482381725312e-04,6.605654339352268374e-04
2.300362916247413684e-03,-1.354340439980833768e-03,-7.743379934590135637e-04,6.060756335139722657e-05,-2.303243834580436780e-04,6.598114676177744197e-04
2.297737554595719392e-03,-1.352794756137196954e-03,-7.734542558581155355e-04,6.053840566937630769e-05,-2.300615189704514299e-04,6.590583677090757712e-04
2.295115189220679405e-03,-1.351250836354382905e-03,-7.725715268503768017e-04,6.046932592989290409e-05,-2.297989544372232632e-04,6.583061327544283223e-04
2.292495816702651117e-03,-1.349708678619256086e-03,-7.716898052848827124e-04,6.040032412083386188e-05,-2.295366895205840411e-04,6.575547613362225539e-04
2.289879433625937547e-03,-1.348168280920079365e-03,-7.708090900117800515e-04,6.033140022579405699e-05,-2.292747238820755254e-04,6.568042520718285612e-04
2.287266036578570940e-03,-1.346629641249221703e-03,-7.699293798827154880e-04,6.026255422052497580e-05,-2.290130571839966848e-04,6.560546036132679747e-04
2.284655622153004047e-03,-1.345092757598949059e-03,-7.690506737503382531e-04,6.019378607736970509e-05,-2.287516890882473929e-04,6.553058146416581827e-04
2.282048186944954805e-03,-1.343557627966088415e-03,-7.681729704690062801e-04,6.012509576293227685e-05,-2.284906192570802146e-04,6.545578838657713184e-04
2.279443727554464512e-03,-1.342024250348595408e-03,-7.672962688940207585e-04,6.005648323996349566e-05,-2.282298473527722175e-04,6.538108100219215029e-04
2.276842240585074707e-03,-1.340492622746880091e-03,-7.664205678822886897e-04,5.998794846713578375e-05,-2.279693730377390303e-04,6.530645918687469050e-04
2.274243722644524526e-03,-1.338962743163716294e-03,-7.655458662918491987e-04,5.991949139904355375e-05,-2.277091959744057144e-04,6.523192281879875484e-04
2.271648170344497866e-03,-1.337434609603993128e-03,-7.646721629820032052e-04,5.985111198786621892e-05,-2.274493158260149550e-04,6.515747177809312965e-04
2.269055580300049189e-03,-1.335908220075269657e-03,-7.637994568134993641e-04,5.978281018181349468e-05,-2.271897322550567571e-04,6.508310594686358974e-04
2.266465949130682528e-03,-1.334383572586687015e-03,-7.629277466483343553e-04,5.971458592645642621e-05,-2.269304449251470426e-04,6.500882520895980574e-04
2.263879273459392175e-03,-1.332860665150704862e-03,-7.620570313496726530e-04,5.964643916439313565e-05,-2.266714534995079781e-04,6.493462944981985866e-04
2.261295549913178334e-03,-1.331339495780917799e-03,-7.611873097821672323e-04,5.957836983669165129e-05,-2.264127576420161820e-04,6.486051855645906181e-04
2.258714775122718389e-03,-1.329820062493753665e-03,-7.603185808117295021e-04,5.951037788177760421e-05,-2.261543570163978124e-04,6.478649241713688297e-04
2.256136945722501345e-03,-1.328302363308642240e-03,-7.594508433055870925e-04,5.944246323543636281e-05,-2.258962512869566361e-04,6.471255092162357149e-04
2.253562058351267581e-03,-1.326786396244956489e-03,-7.585840961321446436e-04,5.937462583269528907e-05,-2.256384401181495364e-04,6.463869396064474311e-04
2.250990109651302817e-03,-1.325272159327297184e-03,-7.577183381610436532e-04,5.930686560582995180e-05,-2.253809231749779641e-04,6.456492142628134220e-04
2.248421096268782889e-03,-1.323759650580091842e-03,-7.568535682634413338e-04,5.923918248646843426e-05,-2.251237001224810192e-04,6.449123321150310954e-04
2.245855014853677042e-03,-1.322248868031626438e-03,-7.559897853115429963e-04,5.917157640381657651e-05,-2.248667706259292786e-04,6.441762921023526075e-04
2.243291862059754865e-03,-1.320739809711865293e-03,-7.551269881790087339e-04,5.910404728710014763e-05,-2.246101343511736927e-04,6.434410931736962106e-04
2.240731634544526878e-03,-1.319232473652323136e-03,-7.542651757409219804e-04,5.903659506300947603e-05,-2.243537909639413690e-04,6.427067342856472012e-04
2.238174328969598850e-03,-1.317726857887811754e-03,-7.534043468732200873e-04,5.896921965792135240e-05,-2.240977401308652658e-04,6.419732144033467487e-04
2.235619941999965332e-03,-1.316222960454968083e-03,-7.525445004536575290e-04,5.890192099689764703e-05,-2.238419815185027997e-04,6.412405324982703653e-04
2.233068470304869213e-03,-1.314720779392911229e-03,-7.516856353607118341e-04,5.883469900390805239e-05,-2.235865147938053863e-04,6.405086875491170601e-04
2.230519910557237934e-03,-1.313220312742433222e-03,-7.508277504745066756e-04,5.876755360238432047e-05,-2.233313396241900790e-04,6.397776785406979238e-04
2.227974259433598055e-03,-1.311721558546801109e-03,-7.499708446763865381e-04,5.870048471544268013e-05,-2.230764556774407167e-04,6.390475044642701706e-04
2.225431513614389237e-03,-1.310224514852159411e-03,-7.491149168488987200e-04,5.863349226455013283e-05,-2.228218626212092994e-04,6.383181643155381958e-04
2.222891669784000674e-03,-1.308729179706232763e-03,-7.482599658758084041e-04,5.856657617074657895e-05,-2.225675601241949495e-04,6.375896570960968646e-04
2.220354724630011715e-03,-1.307235551158836577e-03,-7.474059906425428550e-04,5.849973635519907544e-05,-2.223135478548763982e-04,6.368619818124320953e-04
2.217820674844664646e-03,-1.305743627262385097e-03,-7.465529900352631254e-04,5.843297273798022458e-05,-2.220598254823811634e-04,6.361351374750328974e-04
2.215289517123285225e-03,-1.304253406071288800e-03,-7.457009629417697986e-04,5.836628523851277822e-05,-2.218063926760503236e-04,6.354091230995017030e-04
2.212761248165438874e-03,-1.302764885641911246e-03,-7.448499082508313251e-04,5.829967377634534374e-05,-2.215532491059042370e-04,6.346839377043332706e-04
2.210235864674022551e-03,-1.301278064034331770e-03,-7.439998248528618659e-04,5.823313827037682037e-05,-2.213003944418307997e-04,6.339595803128026058e-04
2.207713363356008946e-03,-1.299792939308709290e-03,-7.431507116391873960e-04,5.816667863863180671e-05,-2.210478283543391282e-04,6.332360499507444073e-04
2.205193740921993287e-03,-1.298309509528753486e-03,-7.423025675026795290e-04,5.810029479981737951e-05,-2.207955505142231590e-04,6.325133456486616229e-04
2.202676994086465688e-03,-1.296827772759854116e-03,-7.414553913372594948e-04,5.803398667187770991e-05,-2.205435605927683518e-04,6.317914664395061965e-04
2.200163119567331935e-03,-1.295347727070052029e-03,-7.406091820382984265e-04,5.796775417188313595e-05,-2.202918582614880113e-04,6.310704113584566979e-04
2.197652114086688473e-03,-1.293869370529465409e-03,-7.397639385021737056e-04,5.790159721802992611e-05,-2.200404431923609985e-04,6.303501794452489237e-04
2.195143974370015755e-03,-1.292392701209791033e-03,-7.389196596268181099e-04,5.783551572708415741e-05,-2.197893150573831153e-04,6.296307697407349654e-04
2.192638697146837012e-03,-1.290917717185537453e-03,-7.380763443111758694e-04,5.776950961649383621e-05,-2.195384735295172174e-04,6.289121812899915081e-04
2.190136279150159231e-03,-1.289444416533856719e-03,-7.372339914556286494e-04,5.770357880272081240e-05,-2.192879182816451439e-04,6.281944131386568535e-04
2.187636717116605428e-03,-1.287972797333232933e-03,-7.363925999617912865e-04,5.763772320268579737e-05,-2.190376489870887570e-04,6.274774643361486154e-04
2.185140007786933770e-03,-1.286502857664709783e-03,-7.355521687324007669e-04,5.757194273287950792e-05,-2.187876653195391442e-04,6.267613339340008787e-04
2.182646147905300312e-03,-1.285034595611300734e-03,-7.347126966715441252e-04,5.750623731036119614e-05,-2.185379669532113876e-04,6.260460209851954633e-04
2.180155134219756864e-03,-1.283568009258508362e-03,-7.338741826845512168e-04,5.744060685120524519e-05,-2.182885535623985509e-04,6.253315245454963605e-04
2.177666963482139534e-03,-1.282103096694011020e-03,-7.330366256778499774e-04,5.737505127194352411e-05,-2.180394248221280819e-04,6.246178436718946613e-04
2.175181632447429486e-03,-1.280639856007295295e-03,-7.322000245595448441e-04,5.730957048878903811e-05,-2.177905804073501520e-04,6.239049774244947435e-04
2.172699137875149823e-03,-1.279178285290389142e-03,-7.313643782384321923e-04,5.724416441785681436e-05,-2.175420199939291047e-04,6.231929248639630353e-04
2.170219476527785688e-03,-1.277718382637174502e-03,-7.305296856249924881e-04,5.717883297571954213e-05,-2.172937432574799713e-04,6.224816850531908561e-04
2.167742645172225386e-03,-1.276260146144276783e-03,-7.296959456305455874e-04,5.711357607874201491e-05,-2.170457498745990673e-04,6.217712570574071736e-04
2.165268640578258980e-03,-1.274803573909914301e-03,-7.288631571681327337e-04,5.704839364274662017e-05,-2.167980395216837029e-04,6.210616399428457940e-04
2.162797459519895816e-03,-1.273348664034706663e-03,-7.280313191517534966e-04,5.698328558423560792e-05,-2.165506118758349981e-04,6.203528327777443462e-04
2.160329098774740886e-03,-1.271895414621421281e-03,-7.272004304965151754e-04,5.691825181939109035e-05,-2.163034666144894710e-04,6.196448346313452975e-04
2.157863555123825262e-03,-1.270443823775167444e-03,-7.263704901191645998e-04,5.685329226429750661e-05,-2.160566034152444539e-04,6.189376445747838068e-04
2.155400825352304321e-03,-1.268993889602788080e-03,-7.255414969372802909e-04,5.678840683549674106e-05,-2.158100219563737127e-04,6.182312616808662226e-04
2.152940906248662373e-03,-1.267545610214032429e-03,-7.247134498698557621e-04,5.672359544865570658e-05,-2.155637219162610872e-04,6.175256850238476040e-04
2.150483794604909991e-03,-1.266098983719685577e-03,-7.238863478372506216e-04,5.665885802078610622e-05,-2.153177029734940030e-04,6.168209136792090260e-04
2.148029487217165568e-03,-1.264654008233803218e-03,-7.230601897608826588e-04,5.659419446758061622e-05,-2.150719648075389841e-04,6.161169467233263558e-04
2.145577980885136210e-03,-1.263210681872160802e-03,-7.222349745631723335e-04,5.652960470574481513e-05,-2.148265070981657243e-04,6.154137832353563306e-04
2.143129272411709203e-03,-1.261769002752424632e-03,-7.214107011682804665e-04,5.646508865177395309e-05,-2.145813295249895546e-04,6.147114222942381967e-04
2.140683358603852338e-03,-1.260328968994158796e-03,-7.205873685013575386e-04,5.640064622195495753e-05,-2.143364317684494467e-04,6.140098629815818072e-04
2.138240236272300789e-03,-1.258890578720343704e-03,-7.197649754886009362e-04,5.633627733269844982e-05,-2.140918135094397917e-04,6.133091043792248060e-04
2.135799902230935219e-03,-1.257453830055280759e-03,-7.189435210577107497e-04,5.627198190020561735e-05,-2.138474744286455130e-04,6.126091455707858560e-04
2.133362353297588859e-03,-1.256018721124425820e-03,-7.181230041374868844e-04,5.620775984213358193e-05,-2.136034142076638628e-04,6.119099856411101780e-04
2.130927586293683215e-03,-1.254585250057583916e-03,-7.173034236579590561e-04,5.614361107437634260e-05,-2.133596325280624133e-04,6.112116236762700928e-04
2.128495598044326947e-03,-1.253153414984986601e-03,-7.164847785503136073e-04,5.607953551383899822e-05,-2.131161290720684737e-04,6.105140587630093676e-04
2.126066385378074311e-03,-1.251723214039418509e-03,-7.156670677471646666e-04,5.601553307732886619e-05,-2.128729035220766727e-04,6.098172899900754836e-04
2.123639945127255620e-03,-1.250294645356159889e-03,-7.148502901821055053e-04,5.595160368155483187e-05,-2.126299555609915124e-04,6.091213164472202186e-04
2.121216274127636810e-03,-1.248867707071769917e-03,-7.140344447901517599e-04,5.588774724401504595e-05,-2.123872848719159849e-04,6.084261372250888414e-04
2.118795369218714336e-03,-1.247442397326090514e-03,-7.132195305074309159e-04,5.582396368133259277e-05,-2.121448911383742950e-04,6.077317514158863537e-04
2.116377227243853090e-03,-1.246018714260125650e-03,-7.124055462711376390e-04,5.576025291036450714e-05,-2.119027740444909161e-04,6.070381581123786155e-04
2.113961845049665365e-03,-1.244596656017762622e-03,-7.115924910199033799e-04,5.569661484842467961e-05,-2.116609332744368336e-04,6.063453564087794385e-04
2.111549219486406805e-03,-1.243176220744306431e-03,-7.107803636935409357e-04,5.563304941283979426e-05,-2.114193685128844225e-04,6.056533454011954346e-04
2.109139347407863654e-03,-1.241757406587342587e-03,-7.099691632330413062e-04,5.556955652150297664e-05,-2.111780794447124085e-04,6.049621241852936801e-04
2.106732225671811148e-03,-1.240340211697140002e-03,-7.091588885804693933e-04,5.550613609021150138e-05,-2.109370657555098593e-04,6.042716918593021369e-04
2.104327851139081978e-03,-1.238924634225562881e-03,-7.083495386793352321e-04,5.544278803788297698e-05,-2.106963271308351056e-04,6.035820475220065890e-04
2.101926220674467903e-03,-1.237510672326640800e-03,-7.075411124741952211e-04,5.537951228133770415e-05,-2.104558632567261293e-04,6.028931902729764815e-04
2.099527331146304292e-03,-1.236098324156449657e-03,-7.067336089108202822e-04,5.531630873874067889e-05,-2.102156738197775141e-04,6.022051192130074924e-04
2.097131179426336544e-03,-1.234687587873720127e-03,-7.059270269361869700e-04,5.525317732726996151e-05,-2.099757585066456980e-04,6.015178334440108351e-04
2.094737762389949944e-03,-1.233278461638247355e-03,-7.051213654985922889e-04,5.519011796511534237e-05,-2.097361170045032531e-04,6.008313320699007866e-04
2.092347076915893837e-03,-1.231870943612438764e-03,-7.043166235475310701e-04,5.512713056992293864e-05,-2.094967490008964219e-04,6.001456141941532811e-04
2.089959119886889219e-03,-1.230465031961406643e-03,-7.035128000334275227e-04,5.506421506001784910e-05,-2.092576541836555350e-04,5.994606789223584468e-04
2.087573888189238856e-03,-1.229060724851659082e-03,-7.027098939080523264e-04,5.500137135284856120e-05,-2.090188322410493741e-04,5.987765253605560308e-04
2.085191378712244418e-03,-1.227658020451901852e-03,-7.019079041245838892e-04,5.493859936687515690e-05,-2.087802828616505690e-04,5.980931526162339487e-04
2.082811588349200906e-03,-1.226256916932841291e-03,-7.011068296370731850e-04,5.487589902068063278e-05,-2.085420057344467275e-04,5.974105597978838708e-04
2.080434513996946930e-03,-1.224857412467751563e-03,-7.003066694009187423e-04,5.481327023197210595e-05,-2.083040005485665123e-04,5.967287460152247841e-04
2.078060152555355131e-03,-1.223459505231272925e-03,-6.995074223729114225e-04,5.475071291935625604e-05,-2.080662669935518568e-04,5.960477103784242101e-04
2.075688500928553424e-03,-1.222063193400427629e-03,-6.987090875106329035e-04,5.468822700189611695e-05,-2.078288047596624634e-04,5.953674519988761196e-04
2.073319556023875496e-03,-1.220668475155018903e-03,-6.979116637730741098e-04,5.462581239722385352e-05,-2.075916135372028390e-04,5.946879699896452393e-04
2.070953314751961417e-03,-1.219275348675913796e-03,-6.971151501204537158e-04,5.456346902464828826e-05,-2.073546930166126907e-04,5.940092634644666579e-04
2.068589774027417266e-03,-1.217883812146370670e-03,-6.963195455140791523e-04,5.450119680237977749e-05,-2.071180428891913352e-04,5.933313315375257331e-04
2.066228930768220992e-03,-1.216493863752037040e-03,-6.955248489163276321e-04,5.443899565019530900e-05,-2.068816628462268135e-04,5.926541733248987800e-04
2.063870781895605754e-03,-1.215105501680428931e-03,-6.947310592911248254e-04,5.437686548588525985e-05,-2.066455525797024383e-04,5.919777879434461000e-04
2.061515324334596815e-03,-1.213718724120841546e-03,-6.939381756032842559e-04,5.431480622924964355e-05,-2.064097117814320075e-04,5.913021745106972725e-04
2.059162555013772586e-03,-1.212333529265430644e-03,-6.931461968187130817e-04,5.425281779910146344e-05,-2.061741401440792790e-04,5.906273321451874746e-04
2.056812470864859566e-03,-1.210949915307391739e-03,-6.923551219049692675e-04,5.419090011459851944e-05,-2.059388373603639828e-04,5.899532599671214461e-04
2.054465068823540727e-03,-1.209567880442538905e-03,-6.915649498301953794e-04,5.412905309524344198e-05,-2.057038031234576631e-04,5.892799570975970928e-04
2.052120345828617205e-03,-1.208187422868932902e-03,-6.907756795641938974e-04,5.406727666043887774e-05,-2.054690371267765955e-04,5.886074226574952630e-04
2.049778298822620224e-03,-1.206808540785880672e-03,-6.899873100776356388e-04,5.400557072926745754e-05,-2.052345390645228583e-04,5.879356557712555904e-04
2.047438924751594259e-03,-1.205431232395665509e-03,-6.891998403424685025e-04,5.394393522204262565e-05,-2.050003086306142791e-04,5.872646555608778199e-04
2.045102220564852438e-03,-1.204055495902253388e-03,-6.884132693318806067e-04,5.388237005742599009e-05,-2.047663455196388580e-04,5.865944211524767860e-04
2.042768183215271875e-03,-1.202681329511703229e-03,-6.876275960201945784e-04,5.382087515586641874e-05,-2.045326494265708420e-04,5.859249516719487478e-04
2.040436809659181786e-03,-1.201308731432116804e-03,-6.868428193828635423e-04,5.375945043704670934e-05,-2.042992200465331223e-04,5.852562462457500635e-04
2.038108096856475378e-03,-1.199937699873797033e-03,-6.860589383965531949e-04,5.369809535379996295e-05,-2.040660540124289229e-04,5.845883079485667466e-04
2.035782041770792857e-03,-1.198568233048279792e-03,-6.852759520389282164e-04,5.363677223362650441e-05,-2.038331256310924955e-04,5.839215373796627362e-04
2.033458641368654507e-03,-1.197200329170093787e-03,-6.844938592890758688e-04,5.357527497823832779e-05,-2.036003575088074589e-04,5.832581543529228229e-04
2.031137892620236973e-03,-1.195833986456062981e-03,-6.837126591272272473e-04,5.351310081873035198e-05,-2.033675857067655920e-04,5.826035634083737797e-04
2.028819792499493829e-03,-1.194469203123358064e-03,-6.829323505345304655e-04,5.344935949099631365e-05,-2.031345350980701798e-04,5.819672573000061371e-04
2.026504337983372345e-03,-1.193105977393255600e-03,-6.821529324935509059e-04,5.338271005529284750e-05,-2.029008068429382174e-04,5.813633206077872774e-04
2.024191526052623175e-03,-1.191744307487576206e-03,-6.813744039878991219e-04,5.331131585850981680e-05,-2.026658766658929675e-04,5.808105930173312762e-04
2.021881353691259552e-03,-1.190384191630494953e-03,-6.805967640023957450e-04,5.323280953246008364e-05,-2.024291027087587709e-04,5.803325459289360904e-04
2.019573817886785409e-03,-1.189025628049101679e-03,-6.798200115228974702e-04,5.314426172945843028e-05,-2.021897417359277494e-04,5.799569212631016822e-04
2.017268915630277774e-03,-1.187668614971399339e-03,-6.790441455365485912e-04,5.304214928901152334e-05,-2.019469724216585980e-04,5.797151773781975947e-04
2.014966643916113985e-03,-1.186313150627687010e-03,-6.782691650315763026e-04,5.292232054301821407e-05,-2.016999243689962583e-04,5.796417836692353961e-04
2.012666999741920086e-03,-1.184959233250509371e-03,-6.774950689974998429e-04,5.277995739432134371e-05,-2.014477114168072164e-04,5.797734024551597001e-04
2.010369980108930778e-03,-1.183606861074471949e-03,-6.767218564249154970e-04,5.260953551357533484e-05,-2.011894677262926207e-04,5.801479940371794333e-04
2.008075582021955595e-03,-1.182256032336289264e-03,-6.759495263053677929e-04,5.240478540182497873e-05,-2.009243850819645281e-04,5.808038781581426275e-04
2.005783802489024582e-03,-1.180906745273891225e-03,-6.751780776318322972e-04,5.215865813012522407e-05,-2.006517498439196905e-04,5.817787823963984544e-04
2.003494638521646342e-03,-1.179558998128140725e-03,-6.744075093983378788e-04,5.186330021588685357e-05,-2.003709780230365073e-04,5.831089052415063629e-04
2.001208087134665782e-03,-1.178212789141544524e-03,-6.736378206000292676e-04,5.151004237388487084e-05,-2.000816470510888810e-04,5.848280186399352088e-04
1.998924145346476187e-03,-1.176868116558574609e-03,-6.728690102332449000e-04,5.108940673516281449e-05,-1.997835229536928361e-04,5.869666316594365253e-04
1.996642810178802813e-03,-1.175524978625767285e-03,-6.721010772954040535e-04,5.059113666112773755e-05,-1.994765818355083203e-04,5.895512336366950674e-04
1.994364078656389767e-03,-1.174183373591604785e-03,-6.713340207852989310e-04,5.000425249450646790e-05,-1.991610248096801886e-04,5.926036317521912820e-04
1.992087947808183091e-03,-1.172843299706688306e-03,-6.705678397024698346e-04,4.931713557672062884e-05,-1.988372857749593002e-04,5.961403944858909964e-04
1.989814414665953823e-03,-1.171504755223489510e-03,-6.698025330478552539e-04,4.851764170138297223e-05,-1.985060317159821760e-04,6.001724089329002910e-04
1.987543476265118958e-03,-1.170167738396558476e-03,-6.690380998234480648e-04,4.759324390747948969e-05,-1.981681554918801721e-04,6.047045565681892845e-04
1.985275129644118678e-03,-1.168832247482601543e-03,-6.682745390325322112e-04,4.653120326997471726e-05,-1.978247613611094208e-04,6.097355088099733504e-04
1.983009371845169226e-03,-1.167498280739869172e-03,-6.675118496792892481e-04,4.531876515797459380e-05,-1.974771437438374371e-04,6.152576407491094999e-04
1.980746199913535188e-03,-1.166165836428560568e-03,-6.667500307692680178e-04,4.394337735807884895e-05,-1.971267599576598945e-04,6.212570587408283414e-04
1.978485610898169603e-03,-1.164834912811963394e-03,-6.659890813089703763e-04,4.239292556755490100e-05,-1.967751978607087189e-04,6.277137352251277534e-04
1.976227601851108986e-03,-1.163505508153775143e-03,-6.652290003062158105e-04,4.065598108036295533e-05,-1.964241394789935965e-04,6.346017422252957013e-04
1.973972169827982893e-03,-1.162177620721080570e-03,-6.644697867697236951e-04,3.872205500499900215e-05,-1.960753218036664599e-04,6.418895734792470342e-04
1.971719311887664815e-03,-1.160851248781883185e-03,-6.637114397095501177e-04,3.658185312727694702e-05,-1.957304959981031830e-04,6.495405440504947508e-04
1.969469025092369322e-03,-1.159526390606483272e-03,-6.629539581367849526e-04,3.422752549676659429e-05,-1.953913862626933799e-04,6.575132555972106919e-04
1.967221306507733591e-03,-1.158203044467765201e-03,-6.621973410636117089e-04,3.165290499864595699e-05,-1.950596495720526718e-04,6.657621151500176405e-04
1.964976153202797025e-03,-1.156881208639325446e-03,-6.614415875034226726e-04,2.885372952805247956e-05,-1.947368374230865095e-04,6.742378952771515156e-04
1.962733562249605306e-03,-1.155560881398031304e-03,-6.606866964707806345e-04,2.582784288815474192e-05,-1.944243606303584825e-04,6.828883238217271215e-04
1.960493530723949815e-03,-1.154242061022048944e-03,-6.599326669812226494e-04,2.257537015243746205e-05,-1.941234580652629780e-04,6.916586919351111473e-04
1.958256055704843315e-03,-1.152924745791764549e-03,-6.591794980514701545e-04,1.909886393546377293e-05,-1.938351700885529460e-04,7.004924698796633235e-04
1.956021134274437984e-03,-1.151608933988643516e-03,-6.584271886994920702e-04,1.540341877638080919e-05,-1.935603172562923736e-04,7.093319209461274120e-04
1.953788763518485554e-03,-1.150294623897963730e-03,-6.576757379441202332e-04,1.149675159961314349e-05,-1.932994847093739770e-04,7.181187048194149743e-04
1.951558940526081868e-03,-1.148981813804856277e-03,-6.569251448055023765e-04,7.389247003048921926e-06,-1.930530124817497067e-04,7.267944627993776045e-04
1.949331662389084882e-03,-1.147670501998257139e-03,-6.561754083050272109e-04,3.093966827408884391e-06,-1.928209917963329817e-04,7.353013783653867099e-04
1.947106926203448236e-03,-1.146360686767401542e-03,-6.554265274648580011e-04,-1.373375869636201236e-06,-1.926032672598817727e-04,7.435827077272974582e-04
1.944884729068058118e-03,-1.145052366404918911e-03,-6.546785013083841363e-04,-5.994477742085732329e-06,-1.923994447164646617e-04,7.515832761151332569e-04
1.942665068085143746e-03,-1.143745539204317528e-03,-6.539313288602982164e-04,-1.074853983631426761e-05,-1.922089043969416955e-04,7.592499366849900233e-04
1.940447940360201691e-03,-1.142440203461667862e-03,-6.531850091462021619e-04,-1.561239453344746229e-05,-1.920308188834689983e-04,7.665319899706416872e-04
1.938233343001977875e-03,-1.141136357474792449e-03,-6.524395411930016464e-04,-2.056066302586428992e-05,-1.918641753138126255e-04,7.733815628046423682e-04
1.936021273122759010e-03,-1.139833999543330735e-03,-6.516949240284512735e-04,-2.556594151408485228e-05,-1.917078011769661591e-04,7.797539465114747747e-04
1.933811727837944552e-03,-1.138533127969079076e-03,-6.509511566816565632e-04,-3.059901426117866676e-05,-1.915603929933648900e-04,7.856078948824411681e-04
1.931604704266223424e-03,-1.137233741055740724e-03,-6.502082381826925286e-04,-3.562909168992462854e-05,-1.914205471328942550e-04,7.909058830139772088e-04
1.929400199529554289e-03,-1.135935837108979166e-03,-6.494661675628470802e-04,-4.062407174142909785e-05,-1.912867920059295468e-04,7.956143283949657780e-04
1.927198210753304540e-03,-1.134639414436064029e-03,-6.487249438544073288e-04,-4.555082271994177030e-05,-1.911576208540050200e-04,7.997037757750698585e-04
1.924998735066177444e-03,-1.133344471346514441e-03,-6.479845660907661634e-04,-5.037548578404298777e-05,-1.910315243769503981e-04,8.031490472624972649e-04
1.922801769599841344e-03,-1.132051006152047859e-03,-6.472450333065217802e-04,-5.506379507130526558e-05,-1.909070224601303067e-04,8.059293588789538318e-04
1.920607311489486288e-03,-1.130759017165542486e-03,-6.465063445373310990e-04,-5.958141317059541784e-05,-1.907826942979540805e-04,8.080284044726957025e-04
1.918415357873564254e-03,-1.129468502702421582e-03,-6.457684988198903559e-04,-6.389427926056418547e-05,-1.906572062646328704e-04,8.094344075529264545e-04
1.916225905893638231e-03,-1.128179461079682885e-03,-6.450314951920720378e-04,-6.796896680869263067e-05,-1.905293369399285047e-04,8.101401413187512895e-04
1.914038952694740222e-03,-1.126891890616628063e-03,-6.442953326927948867e-04,-7.177304723883405223e-05,-1.903979987779759876e-04,8.101429169826285248e-04
1.911854495425139655e-03,-1.125605789634010097e-03,-6.435600103620232491e-04,-7.527545555873327418e-05,-1.902622559799482186e-04,8.094445404733580009e-04
1.909672531236014225e-03,-1.124321156454800462e-03,-6.428255272410207796e-04,-7.844685357950100012e-05,-1.901213382378439201e-04,8.080512377573362314e-04
1.907493057282188664e-03,-1.123037989403968600e-03,-6.420918823719916780e-04,-8.125998612525158144e-05,-1.899746501040132460e-04,8.059735492941151602e-04
1.905316070721583318e-03,-1.121756286808206970e-03,-6.413590747982510177e-04,-8.369002552337511400e-05,-1.898217758559002616e-04,8.032261945532729978e-04
1.903141568715475875e-03,-1.120476046996149617e-03,-6.406271035641000625e-04,-8.571489966189027338e-05,-1.896624798304893890e-04,7.998279079160781728e-04
1.900969548428391425e-03,-1.119197268298204560e-03,-6.398959677150624055e-04,-8.731559902052430484e-05,-1.894967023157004043e-04,7.958012476975172885e-04
1.898800007027639071e-03,-1.117919949046929139e-03,-6.391656662978931853e-04,-8.847645820132979497e-05,-1.893245511943325186e-04,7.911723803118867263e-04
1.896632941684400905e-03,-1.116644087576858929e-03,-6.384361983600631138e-04,-8.918540767847472645e-05,-1.891462896406764143e-04,7.859708417977786035e-04
1.894468349572682930e-03,-1.115369682223569256e-03,-6.377075629505040821e-04,-8.943419161035876235e-05,-1.889623202688148435e-04,7.802292789762047811e-04
1.892306227869794064e-03,-1.114096731326251043e-03,-6.369797591189953938e-04,-8.921854769001160063e-05,-1.887731662209395631e-04,7.739831724506017648e-04
1.890146573756598973e-03,-1.112825233224364529e-03,-6.362527859163520910e-04,-8.853834508151692153e-05,-1.885794497626169862e-04,7.672705435222648652e-04
1.887989384416516054e-03,-1.111555186259796180e-03,-6.355266423947586712e-04,-8.739767659798662548e-05,-1.883818690167590498e-04,7.601316469071420483e-04
1.885834657036579085e-03,-1.110286588776444091e-03,-6.348013276073392018e-04,-8.580490137707967287e-05,-1.881811735165212938e-04,7.526086509565245658e-04
1.883682388807119985e-03,-1.109019439120426153e-03,-6.340768406082312623e-04,-8.377263451341485643e-05,-1.879781392919529939e-04,7.447453069438771068e-04
1.881532576921609006e-03,-1.107753735638938603e-03,-6.333531804526087126e-04,-8.131768042802984566e-05,-1.877735442152432023e-04,7.365866088891046210e-04
1.879385218576623507e-03,-1.106489476681680887e-03,-6.326303461968580929e-04,-7.846090723211971492e-05,-1.875681443261135507e-04,7.281784453757189505e-04
1.877240310971708091e-03,-1.105226660599927576e-03,-6.319083368985545538e-04,-7.522706001562163962e-05,-1.873626518266529011e-04,7.195672448876657594e-04
1.875097851310390503e-03,-1.103965285746963789e-03,-6.311871516158942775e-04,-7.164451187513364982e-05,-1.871577153863406581e-04,7.107996163029236484e-04
1.872957836798457964e-03,-1.102705350478075863e-03,-6.304667894086644041e-04,-6.774495256773685492e-05,-1.869539033251649512e-04,7.019219863551536855e-04
1.870820264645504331e-03,-1.101446853150061730e-03,-6.297472493374040763e-04,-6.356301598528444057e-05,-1.867516901485787495e-04,6.929802360763639112e-04
1.868685132063944336e-03,-1.100189792121870598e-03,-6.290285304639251819e-04,-5.913584906761734379e-05,-1.865514467972063256e-04,6.840193384548200629e-04
1.866552436269816985e-03,-1.098934165754476746e-03,-6.283106318508980799e-04,-5.450262636916232200e-05,-1.863534348474596859e-04,6.750829997500153298e-04
1.864422174481871570e-03,-1.097679972410582020e-03,-6.275935525621885707e-04,-4.970401615818328863e-05,-1.861578047545158474e-04,6.662133071491777546e-04
1.862294343922217326e-03,-1.096427210454583743e-03,-6.268772916627621608e-04,-4.478160561077808256e-05,-1.859645980932960504e-04,6.574503856528459908e-04
1.860168941816249489e-03,-1.095175878252737560e-03,-6.261618482185930985e-04,-3.977729432998857253e-05,-1.857737535962367082e-04,6.488320672964866453e-04
1.858045965392232527e-03,-1.093925974173234634e-03,-6.254472212967383165e-04,-3.473266698251584753e-05,-1.855851166498937571e-04,6.403935760506152550e-04
1.855925411881920520e-03,-1.092677496586673055e-03,-6.247334099653005686e-04,-2.968835724567832603e-05,-1.853984517839184925e-04,6.321672319663071589e-04
1.853807278520193738e-03,-1.091430443864355865e-03,-6.240204132934469702e-04,-2.468341646485347238e-05,-1.852134575677830510e-04,6.241821784113577715e-04
1.851691562544788673e-03,-1.090184814380384427e-03,-6.233082303514189725e-04,-1.975470131870194537e-05,-1.850297832481125201e-04,6.164641365241483760e-04
1.849578261196707868e-03,-1.088940606510487279e-03,-6.225968602107076781e-04,-1.493629541493464848e-05,-1.848470463953028292e-04,6.090351913623195034e-04
1.847467371720440876e-03,-1.087697818632408489e-03,-6.218863019433777325e-04,-1.025897999100156224e-05,-1.846648507958254394e-04,6.019136146040869519e-04
1.845358891363072396e-03,-1.086456449125202924e-03,-6.211765546230900523e-04,-5.749768803160494116e-06,-1.844828038367738094e-04,5.951137290911459425e-04
1.843252817375498316e-03,-1.085216496370285111e-03,-6.204676173241687603e-04,-1.431521836157865752e-06,-1.843005326576347769e-04,5.886458209966374810e-04
1.841149147011099949e-03,-1.083977958750821646e-03,-6.197594891222211327e-04,2.677348311245968829e-06,-1.841176984157018716e-04,5.825161059373692735e-04
1.839047877526773372e-03,-1.082740834651721223e-03,-6.190521690938036647e-04,6.563064578907113779e-06,-1.839340081034960823e-04,5.767267559219081382e-04
1.836949006182356757e-03,-1.081505122459522523e-03,-6.183456563166402119e-04,1.021655663983441690e-05,-1.837492234691956818e-04,5.712759946414641297e-04
1.834852530240995740e-03,-1.080270820563081387e-03,-6.176399498693549515e-04,1.363340507735661811e-05,-1.835631667249575474e-04,5.661582692385019183e-04
1.832758446968720369e-03,-1.079037927352766765e-03,-6.169350488317048350e-04,1.681364996680161211e-05,-1.833757228526920627e-04,5.613645073187818876e-04
1.830666753634998698e-03,-1.077806441220538133e-03,-6.162309522845332930e-04,1.976145670820650716e-05,-1.831868384563635065e-04,5.568824685831435042e-04
1.828577447512153920e-03,-1.076576360560919975e-03,-6.155276593096369866e-04,2.248463319910109644e-05,-1.829965172186837291e-04,5.526972010241769026e-04
1.826490525875669457e-03,-1.075347683769971568e-03,-6.148251689899693123e-04,2.499399336968695969e-05,-1.828048121215737458e-04,5.487916121260959842e-04
1.824405986003950876e-03,-1.074120409244947632e-03,-6.141234804095505213e-04,2.730256260362933372e-05,-1.826118146453821348e-04,5.451471659056820454e-04
