5.680052747188142348e-01,-1.179416624684455606e+01,-3.251056998708801160e+00,-7.975103973417075665e+00,-2.125230241239293605e+00,7.325368147110655315e+00,-1.304931509010902602e+01,4.775076522880437935e+00,6.325802800786233249e-01
-1.037629886232263487e+00,-9.236157402156560892e+00,-3.601717191059229606e+00,-6.672070097329632077e+00,-2.135985232589558525e+00,6.655525463246393159e+00,-1.114150791777885985e+01,3.543441051987199497e+00,5.910240244147459965e-01
-1.723549928552934318e+00,-7.527392763282787058e+00,-3.564746572547846881e+00,-5.686196119287862061e+00,-2.116585727911968640e+00,6.115161794465270972e+00,-9.669069936444568469e+00,2.618554697140459186e+00,5.518439872977108918e-01
-1.970271601144332863e+00,-6.258119546546012657e+00,-3.352923592400747665e+00,-4.875467555289505484e+00,-2.083261012833057091e+00,5.692250067681733583e+00,-8.523133986345577284e+00,1.903655677438503613e+00,5.145909738612767237e-01
-1.984395980461471254e+00,-5.253027184800352245e+00,-3.057999538519624139e+00,-4.179423626742211795e+00,-2.043106317496066193e+00,5.355417124907189574e+00,-7.602278545880680305e+00,1.328462937555991985e+00,4.794173667104419390e-01
-1.864514079972884986e+00,-4.426174913272161504e+00,-2.723066140927024037e+00,-3.567622852318033111e+00,-1.999404863308148261e+00,5.080298319304784371e+00,-6.838800794482205347e+00,8.495802123989104615e-01,4.461643916316935798e-01
-1.663448824138189508e+00,-3.730555028188582867e+00,-2.370920264484047024e+00,-3.023083587842760878e+00,-1.953903444439904380e+00,4.849982202813361454e+00,-6.188933747668950325e+00,4.400676245502848083e-01,4.147395937469112726e-01
-1.412020194177284083e+00,-3.137591144515578634e+00,-2.014515570253301746e+00,-2.535095768439601827e+00,-1.907602498814770842e+00,4.652728977983664471e+00,-5.623732187417315842e+00,8.264264839072854585e-02,3.850530993230191212e-01
-1.129488975187850741e+00,-2.628345548730255388e+00,-1.661621415252662715e+00,-2.096213108665493152e+00,-1.861113197514200346e+00,4.480207393648762526e+00,-5.123472681598302714e+00,-2.341573100929053020e-01,3.570179391393809576e-01
-8.285551120863807739e-01,-2.189342151362113853e+00,-1.317061944709911003e+00,-1.700835318738590729e+00,-1.814827798503571454e+00,4.326347433871820414e+00,-4.674326632189921504e+00,-5.181550662302587540e-01,3.305502732308027714e-01
-5.179466804336385621e-01,-1.810422553166026738e+00,-9.838817647310857950e-01,-1.344487468868559077e+00,-1.769007512279550332e+00,4.186614936112644791e+00,-4.266354453158307081e+00,-7.748145770965111367e-01,3.055695353300344475e-01
-2.038532693585004552e-01,-1.483571222289146618e+00,-6.639949737720094447e-01,-1.023429517875644734e+00,-1.723830892448482643e+00,4.057549463580789606e+00,-3.892261134161863367e+00,-1.008023698614200603e+00,2.819985124848554681e-01
1.092341009242687733e-01,-1.202234572812775681e+00,-3.585677246481537850e-01,-7.344327472403442414e-01,-1.679422007596906852e+00,3.936464549440609861e+00,-3.546599620021549271e+00,-1.220591467860524970e+00,2.597633728442931833e-01
4.180061670889738679e-01,-9.609065549375408466e-01,-6.825499187779549004e-02,-4.746453959707803705e-01,-1.635867638807317670e+00,3.821249202261963518e+00,-3.225245026344128796e+00,-1.414575780720958242e+00,2.387936524660967674e-01
7.200036165218577366e-01,-7.548653485596350521e-01,2.066465916882407328e-01,-2.415083237260198246e-01,-1.593228214389296182e+00,3.710233627299692749e+00,-2.925037461864455679e+00,-1.591506650258427635e+00,2.190222101606466576e-01
1.013395970272947366e+00,-5.799995255758103596e-01,4.660963958492239101e-01,-3.269995115208779168e-02,-1.551545011043870215e+00,3.602096327207487736e+00,-2.643532789000585748e+00,-1.752542879397675391e+00,2.003851578210277817e-01
1.296829287834997402e+00,-4.326892497187282416e-01,7.102390289333406770e-01,1.539010091829418059e-01,-1.510845042743972577e+00,3.495798196945441916e+00,-2.378824346153696645e+00,-1.898584740713455954e+00,1.828217723622747592e-01
1.569318125689555643e+00,-3.097224779155940411e-01,9.393539938482682317e-01,3.202416539256853767e-01,-1.471144469546978639e+00,3.390534356085793011e+00,-2.129412530366443956e+00,-2.030356509499492645e+00,1.662743942738310332e-01
1.830166796364027348e+00,-2.082340522477785782e-01,1.153818949747181577e+00,4.681137943690574232e-01,-1.432451032249192124e+00,3.285697656692220470e+00,-1.894107479081164058e+00,-2.148467551128172559e+00,1.506883168500662284e-01
2.078910525354606520e+00,-1.256600956152897908e-01,1.354082285705699107e+00,5.991681440336282805e-01,-1.394765831127662725e+00,3.180849854804759236e+00,-1.671955222596094526e+00,-2.253457580674655958e+00,1.360116693782935093e-01
2.315270423146145617e+00,-5.970279948671475267e-02,1.540642229819574993e+00,7.149253938398709707e-01,-1.358084655158970921e+00,3.075697788652132392e+00,-1.462180902733698717e+00,-2.345829843898386446e+00,1.221952969100584957e-01
2.539118242869331965e+00,-8.302333366289271765e-03,1.714030659419591984e+00,8.167852500834742457e-01,-1.322398999037866174e+00,2.970072826972297353e+00,-1.264144712252078584e+00,-2.426074829850574321e+00,1.091926386991744630e-01
2.750448204623973325e+00,3.038634670963880069e-02,1.874800379447362886e+00,9.060341718862430227e-01,-1.287696861136217175e+00,2.863912488171104886e+00,-1.077307541985742079e+00,-2.494686430195452775e+00,9.695960694217199694e-02
2.949354027814820256e+00,5.801331598593550964e-02,2.023515027941234834e+00,9.838523158595586793e-01,-1.253963386289162374e+00,2.757243575849694928e+00,-9.012041940178461275e-01,-2.552172033739440238e+00,8.545446708836183791e-02
3.136009890779492437e+00,7.605116737847517072e-02,2.160741026455085034e+00,1.051320031702894120e+00,-1.221181397320472373e+00,2.650166483833210851e+00,-7.354225942979086827e-01,-2.599057777072127706e+00,7.463772068490256983e-02
3.310654431323015956e+00,8.581086330263465456e-02,2.287041165122156272e+00,1.109424129503460144e+00,-1.189331845259412601e+00,2.542840529887677281e+00,-5.795878219427326172e-01,-2.635889994373771916e+00,6.447199147608756453e-02
3.473577172508298005e+00,8.845639861711118712e-02,2.402969525862790334e+00,1.159064045262597986e+00,-1.158394198327586277e+00,2.435470306523381812e+00,-4.333500328794299694e-01,-2.663233778155995157e+00,5.492191527644919857e-02
3.625106943108704627e+00,8.501853815515847401e-02,2.509067521855145699e+00,1.201057959408756481e+00,-1.128346782807821747e+00,2.328293108251288768e+00,-2.963755368048113237e-01,-2.681669452280114996e+00,4.595403397607854268e-02
3.765601986671603285e+00,7.640776350450351195e-02,2.605860879746072278e+00,1.236148870430095137e+00,-1.099167084084833323e+00,2.221567522433160136e+00,-1.683404175627283283e-01,-2.691787655172242388e+00,3.753669390745862505e-02
3.895441534747883239e+00,6.342647747846230644e-02,2.693857422219815057e+00,1.265010590006514946e+00,-1.070832012937775746e+00,2.115563268086922299e+00,-4.892618656338387773e-02,-2.694183628784584172e+00,2.963994870031270296e-02
4.015018671366162195e+00,4.678046252071355049e-02,2.773545528878794464e+00,1.288253605008080172e+00,-1.043318140165564012e+00,2.010552344365923449e+00,6.218296153662561387e-02,-2.689451206550984352e+00,2.223546666995188104e-02
4.124734346918986105e+00,2.708956354686042900e-02,2.845393167388108324e+00,1.306430743077715118e+00,-1.016601901513799255e+00,1.906801516761750026e+00,1.653016549519148448e-01,-2.678176893132568459e+00,1.529644272144007819e-02
4.224992417547330348e+00,4.897559553353580952e-03,2.909847397517992817e+00,1.320042579582658693e+00,-9.906597743819488544e-01,1.804566131366780457e+00,2.607439188909053129e-01,-2.660934333129566731e+00,8.797514703241190309e-03
4.316195596271514390e+00,-1.931880454254741863e-02,2.967334259963090304e+00,1.329542531765858016e+00,-9.654684277010813220e-01,1.704085210986994170e+00,3.488230727018268862e-01,-2.638279378148613130e+00,2.714684107374821034e-03
4.398742208323288772e+00,-4.514163932593984185e-02,3.018258970689028153e+00,1.335341598308314115e+00,-9.410048465140580243e-01,1.605577755010506369e+00,4.298511595603868862e-01,-2.610745884182131160e+00,-2.974759014036796462e-03
4.473023647969720962e+00,-7.220458054201261966e-02,3.063006350504041464e+00,1.337812716923664436e+00,-9.172464330286439482e-01,1.509240139798184943e+00,5.041380778427333453e-01,-2.578842305698294979e+00,-8.292307065196151059e-03
4.539422439077631211e+00,-1.001862832766399203e-01,3.101941428642973619e+00,1.337294727158035990e+00,-8.941710861598648474e-01,1.415244498801778050e+00,5.719905479155835692e-01,-2.543049099826857784e+00,-1.325830201845467661e-02
4.598310807537607126e+00,-1.288047003911938493e-01,3.135410168232739991e+00,1.334095938913719248e+00,-8.717572617716853323e-01,1.323737951590440387e+00,6.337110174108950833e-01,-2.503816913299739877e+00,-1.789199879201972335e-02
4.650049680626873183e+00,-1.578120918332742706e-01,3.163740270319356007e+00,1.328497318474289646e+00,-8.499840159417664243e-01,1.234842547791104028e+00,6.895965819320600820e-01,-2.461565495475074528e+00,-2.221162506813637721e-02
4.694988036328738623e+00,-1.869907023402377910e-01,3.187242021425425342e+00,1.320755312563079542e+00,-8.288310335970900944e-01,1.148655794537619457e+00,7.399379763123966613e-01,-2.416683261505414571e+00,-2.623443772740785898e-02
4.733462534206595684e+00,-2.161490399269187512e-01,3.206209157147058342e+00,1.311104337132577236e+00,-8.082786448086342057e-01,1.065251643159070838e+00,7.850186736054466374e-01,-2.369527418876026026e+00,-2.997677607348989484e-02
4.765797368262633782e+00,-2.451186859863617451e-01,3.220919720947326148e+00,1.299758961328912221e+00,-7.883078309050460808e-01,9.846818212212252730e-01,8.251141146026079731e-01,-2.320424566512684805e+00,-3.345411201929309603e-02
4.792304290936392874e+00,-2.737515692101309961e-01,3.231636902986545046e+00,1.286915818739835959e+00,-7.689002223849316087e-01,9.069774085107230599e-01,8.604910793632108978e-01,-2.269671676799191573e+00,-3.668109740121188594e-02
4.813282765674700592e+00,-3.019176391281963578e-01,3.238609848539103275e+00,1.272755278007485336e+00,-7.500380903960144341e-01,8.321505690774694264e-01,8.914072036157469903e-01,-2.217537375722561155e+00,-3.967160858242070598e-02
4.829020213124538330e+00,-3.295028801873408630e-01,3.242074429334909524e+00,1.257442903602300266e+00,-7.317043333217834178e-01,7.601963652041785480e-01,9.181106364920342822e-01,-2.164263443700026546e+00,-4.243878850000595837e-02
4.839792322806476754e+00,-3.564076132956601750e-01,3.242253974112426107e+00,1.241130735398290774e+00,-7.138824597879624978e-01,6.910945924857780920e-01,9.408398315495416497e-01,-2.110066468430842335e+00,-4.499508630405538862e-02
4.845863408044367659e+00,-3.825450381468473715e-01,3.239359956892252868e+00,1.223958413005285406e+00,-6.965565691822378502e-01,6.248115876385227363e-01,9.598234600161451580e-01,-2.055139590515251857e+00,-4.735229472988237293e-02
4.847486786961402672e+00,-4.078399759944898451e-01,3.233592643085307028e+00,1.206054167881656092e+00,-6.797113305790832838e-01,5.613019719025298393e-01,9.752804333828217764e-01,-1.999654292002646994e+00,-4.952158533749682207e-02
4.844905176535790226e+00,-4.322277785959550145e-01,3.225141694657227109e+00,1.187535703282509791e+00,-6.633319607806699159e-01,5.005103027905353219e-01,9.874200215962183336e-01,-1.943762187032354483e+00,-5.151354174541777214e-02
4.838351090114147546e+00,-4.556533745844650873e-01,3.214186736284157853e+00,1.168510979245499293e+00,-6.474042020285666332e-01,4.423726154308730285e-01,9.964420529064412779e-01,-1.887596782016331076e+00,-5.333819097891755873e-02
4.828047231499677849e+00,-4.780704294706554780e-01,3.200897884849247532e+00,1.149078917179719994e+00,-6.319142998073924433e-01,3.868178418441559074e-01,1.002537181778534014e+00,-1.831275180245702572e+00,-5.500503304607884392e-02
4.814206880853318715e+00,-4.994405997720573476e-01,3.185436244823028673e+00,1.129330036258257675e+00,-6.168489810513962945e-01,3.337691022998390267e-01,1.005887211950370563e+00,-1.774899712273466879e+00,-5.652306884834280842e-02
4.797034269280336716e+00,-5.197328654219024457e-01,3.167954372109291761e+00,1.109347031749075674e+00,-6.021954329749517054e-01,2.831448675075538546e-01,1.006665462650388809e+00,-1.718559478954995612e+00,-5.790082652602566993e-02
4.776724940189464697e+00,-5.389229276691394066e-01,3.148596708872900773e+00,1.089205303647363232e+00,-5.879412826768181111e-01,2.348599939586452079e-01,1.005037167048032032e+00,-1.662331798639162361e+00,-5.914638633308850341e-02
4.753466096412673814e+00,-5.569926621909535580e-01,3.127499991735186224e+00,1.068973442486444547e+00,-5.740745776121896071e-01,1.888266373851288371e-01,1.001159893135993517e+00,-1.606283553772422046e+00,-6.026740412974447569e-02
4.727436932707935746e+00,-5.739296191772167433e-01,3.104793635557742348e+00,1.048713677972983094e+00,-5.605837669842070881e-01,1.449550511919011075e-01,9.951839783692193464e-01,-1.550472435185249021e+00,-6.127113357595164594e-02
4.698808953709886715e+00,-5.897265637682178596e-01,3.080600094853434001e+00,1.028482295088137155e+00,-5.474576840752656270e-01,1.031542779642382612e-01,9.872529704987492716e-01,-1.494948084682603984e+00,-6.216444710365243848e-02
4.667746277684786449e+00,-6.043810515155090268e-01,3.055035204682099881e+00,1.008330021487233052e+00,-5.346855295154950838e-01,6.333274289515439248e-02,9.775040680762653311e-01,-1.439753138334072702e+00,-6.295385574071889201e-02
4.634405926628700989e+00,-6.178950345306830627e-01,3.028208502713400474e+00,9.883023893846172303e-01,-5.222568554701588761e-01,2.539875830836019199e-02,9.660685550828932433e-01,-1.384924174162299071e+00,-6.364552785492015585e-02
4.598938103349684781e+00,-6.302744947726682812e-01,3.000223533978367829e+00,9.684400745986545544e-01,-5.101615507169223740e-01,-1.073905152772147709e-02,9.530722250258660821e-01,-1.330492568832781775e+00,-6.424530688189689087e-02
4.561486456224026043e+00,-6.415291015117075002e-01,2.971178139683972041e+00,9.487792150284158899e-01,-4.983898265777021441e-01,-4.517139631484695661e-02,9.386357906556065389e-01,-1.276485268536577067e+00,-6.475872809703907274e-02
4.522188332325550064e+00,-6.516718904758864728e-01,2.941164731333834492e+00,9.293517105159317948e-01,-4.869322036659340380e-01,-7.798802777142238574e-02,9.228752761742520239e-01,-1.222925479588808040e+00,-6.519103448737438578e-02
4.481175019614992650e+00,-6.607189625352137829e-01,2.910270551283484330e+00,9.101855057962805473e-01,-4.757794994087247709e-01,-1.092775017193913789e-01,9.059023894568294377e-01,-1.169833284405603857e+00,-6.554719177591028512e-02
4.438571978846951538e+00,-6.686892000574156114e-01,2.878577920753501829e+00,8.913048580360478645e-01,-4.649228163032177452e-01,-1.391269866926231336e-01,8.878248723674385667e-01,-1.117226188507204343e+00,-6.583190264764721134e-02
4.394499065818710193e+00,-6.756039992865804367e-01,2.846164476234872787e+00,8.727305902971728147e-01,-4.543535308672769224e-01,-1.676221121712963003e-01,8.687468277609211587e-01,-1.065119604076125936e+00,-6.604962022323832005e-02
4.349070744543055866e+00,-6.814870172802074411e-01,2.813103395137927620e+00,8.544803321249694328e-01,-4.440632832459099344e-01,-1.948468501798151786e-01,8.487690221968413606e-01,-1.013527275399301208e+00,-6.620456082343727233e-02
4.302396291891756874e+00,-6.863639320864840521e-01,2.779463611464000117e+00,8.365687483413658532e-01,-4.340439674365925704e-01,-2.208834246185660544e-01,8.279891637777206936e-01,-9.624616512725112649e-01,-6.630071606469821466e-02
4.254579994215654359e+00,-6.902622149880127678e-01,2.745310022210021295e+00,8.190077570175534616e-01,-4.242877220980325048e-01,-2.458122433224387837e-01,8.065021548716799771e-01,-9.119342091681603701e-01,-6.634186432375802078e-02
4.205721336413486000e+00,-6.932109137546211830e-01,2.710703685155763321e+00,8.018067375031373567e-01,-4.147869219087358950e-01,-2.697118484261382676e-01,7.844003197701816532e-01,-8.619557356683770211e-01,-6.633158160670082903e-02
4.155915183889675291e+00,-6.952404459704981665e-01,2.675702008622911965e+00,7.849727292962541680e-01,-4.055341694430735777e-01,-2.926588811786398070e-01,7.617736075979519850e-01,-8.125365673671631761e-01,-6.627325185571789068e-02
4.105251957806517638e+00,-6.963824016174089415e-01,2.640358933740531100e+00,7.685106224486415449e-01,-3.965222875337878761e-01,-3.147280578754280134e-01,7.387097710279471041e-01,-7.636867961525125592e-01,-6.617007672479113811e-02
4.053817804015546145e+00,-6.966693542045676590e-01,2.604725109697094254e+00,7.524233401139375221e-01,-3.877443120909126462e-01,-3.359921540629828840e-01,7.152945215580963634e-01,-7.154164424955749002e-01,-6.602508485355698675e-02
4.001694756018860488e+00,-6.961346798506991007e-01,2.568848062407572019e+00,7.367120137605362995e-01,-3.791934853480898870e-01,-3.565219946137719864e-01,6.916116622807080283e-01,-6.677356001023884158e-01,-6.584114066682437982e-02
3.948960892292844971e+00,-6.948123838313557954e-01,2.532772356974154704e+00,7.213761514873077152e-01,-3.708632495078255653e-01,-3.763864476866041753e-01,6.677431992475348910e-01,-6.206545550374638065e-01,-6.562095272556854597e-02
3.895690488279119457e+00,-6.927369342096373339e-01,2.496539754270316713e+00,7.064137997990873608e-01,-3.627472407580248914e-01,-3.956524209539570847e-01,6.437694326650409415e-01,-5.741838821917820690e-01,-6.536708165363888656e-02
3.841954163327996330e+00,-6.899431022734541230e-01,2.460189361932427765e+00,6.918216991221012302e-01,-3.548392836323991939e-01,-4.143848588105623620e-01,6.197690292683020186e-01,-5.283345217474316735e-01,-6.508194766297945022e-02
3.787819022854792550e+00,-6.864658095915832092e-01,2.423757779997988582e+00,6.775954332652385226e-01,-3.471333856882654056e-01,-4.326467395815454253e-01,5.958190773338895019e-01,-4.831178380977264597e-01,-6.476783769879407293e-02
3.733348795950026666e+00,-6.823399815948685276e-01,2.387279241388585938e+00,6.637295729665479982e-01,-3.396237324753523801e-01,-4.504990720131523130e-01,5.719951258693525276e-01,-4.385456634928510677e-01,-6.442691222483401536e-02
3.678603968661955381e+00,-6.776004076596862102e-01,2.350785747398421943e+00,6.502178136037725098e-01,-3.323046827700729677e-01,-4.680008905600280267e-01,5.483712095777362183e-01,-3.946303285098757274e-01,-6.406121166779064902e-02
3.623641913149305172e+00,-6.722816077425766146e-01,2.314307198311810865e+00,6.370531070949231323e-01,-3.251707640503287422e-01,-4.852092491867018298e-01,5.250198612398437881e-01,-3.513846812854012347e-01,-6.367266253867019665e-02
3.568517012881520234e+00,-6.664177056645308461e-01,2.277871519246213339e+00,6.242277879707627264e-01,-3.182166681866454017e-01,-5.021792135853333505e-01,5.020121132002101083e-01,-3.088220973070321951e-01,-6.326308324802175365e-02
3.513280784042902116e+00,-6.600423091879299431e-01,2.241504781287164239e+00,6.117336935678088228e-01,-3.114372473264273022e-01,-5.189638518425290226e-01,4.794174896198603597e-01,-2.669564814052470814e-01,-6.283418963086451203e-02
3.457981993279247046e+00,-6.531883970505717452e-01,2.205231317963407101e+00,5.995622782653300398e-01,-3.048275099492026019e-01,-5.356142237293567421e-01,4.573039911802722068e-01,-2.258022634664231809e-01,-6.238760019634525394e-02
3.402666771906052823e+00,-6.458882131381529224e-01,2.169073837091475276e+00,5.877047216764663684e-01,-2.983826170719466875e-01,-5.521793688800398225e-01,4.357380738778519058e-01,-1.853743892505294588e-01,-6.192484111621291559e-02
3.347378726679115957e+00,-6.381731679700832771e-01,2.133053528008761912e+00,5.761520307002352403e-01,-2.920978785850678605e-01,-5.687062942006164690e-01,4.147846234992925707e-01,-1.456883075714627829e-01,-6.144735096549788084e-02
3.292159047215479806e+00,-6.300737476597932929e-01,2.097190164208083907e+00,5.648951353475875070e-01,-2.859687497011412227e-01,-5.852399609199463448e-01,3.945069273230747409e-01,-1.067599549812074944e-01,-6.095648522796883600e-02
3.237046610133794911e+00,-6.216194304792909131e-01,2.061502201383754063e+00,5.539249782707772463e-01,-2.799908275002889191e-01,-6.018232717227013362e-01,3.749666444936283760e-01,-6.860573897227950635e-02,-6.045352057828915632e-02
3.182078079974772766e+00,-6.128386111200734288e-01,2.026006870904642376e+00,5.432325979501184676e-01,-2.741598475578473915e-01,-6.184970584458197029e-01,3.562237764470765899e-01,-3.124252060289667288e-02,-5.993965895213959616e-02
3.127288006948743870e+00,-6.037585326872904057e-01,1.990720268736181575e+00,5.328092055252280357e-01,-2.684716806420172075e-01,-6.353000708183311751e-01,3.383366386422330119e-01,5.312402674801264268e-03,-5.941603141493387308e-02
3.072708921549397676e+00,-5.944052264082453352e-01,1.955657439844957324e+00,5.226462552962449770e-01,-2.629223294710963943e-01,-6.522689667361561972e-01,3.213618347567596123e-01,4.104131330928662003e-02,-5.888370183921856627e-02
3.018371426066756236e+00,-5.848034589651276427e-01,1.920832458135959486e+00,5.127355089656484566e-01,-2.575079255221068286e-01,-6.694383045514827879e-01,3.053542343821958327e-01,7.592608850725179881e-02,-5.834367040027137186e-02
2.964304283025990472e+00,-5.749766872973840481e-01,1.886258501989184877e+00,5.030690937394672879e-01,-2.522247258843875461e-01,-6.868405378389783600e-01,2.903669551258575288e-01,1.099482132035404236e-01,-5.779687689894990460e-02
2.910534500578637385e+00,-5.649470206373948811e-01,1.851947925483814483e+00,4.936395544574176952e-01,-2.470691101540926637e-01,-7.045060130851890090e-01,2.764513499117361994e-01,1.430887907928877212e-01,-5.724420392031563665e-02
2.857087414868866304e+00,-5.547351894750642831e-01,1.817912325419594133e+00,4.844398999741691414e-01,-2.420375773671988862e-01,-7.224629707141972945e-01,2.636570001336279168e-01,1.753285513790587835e-01,-5.668647983615095892e-02
2.803986769401710433e+00,-5.443605210689469454e-01,1.784162604267868657e+00,4.754636440649049889e-01,-2.371267429706678809e-01,-7.407375498484873866e-01,2.520317152151813067e-01,2.066478573816875608e-01,-5.612448165904318498e-02
2.751254791440545855e+00,-5.338409210513513914e-01,1.750709029208707745e+00,4.667048411804872732e-01,-2.323333358330718079e-01,-7.593537971598653957e-01,2.416215389873604402e-01,2.370267064415155778e-01,-5.555893775531704076e-02
2.698912265466832938e+00,-5.231928606097278056e-01,1.717561287433021944e+00,4.581581174241116106e-01,-2.276541952976167682e-01,-7.783336801589852971e-01,2.324707632218601105e-01,2.664447316307358982e-01,-5.499053042373001216e-02
2.646978603739395197e+00,-5.124313686604646811e-01,1.684728537911092561e+00,4.498186971678216906e-01,-2.230862682820418108e-01,-7.976971052304340226e-01,2.246219485338242783e-01,2.948811990589897958e-01,-5.441989834647223412e-02
2.595471913998431468e+00,-5.015700283794901626e-01,1.652219459851222982e+00,4.416824257677249288e-01,-2.186266064310148916e-01,-8.174619407138861149e-01,2.181159528061324959e-01,3.223150030204042782e-01,-5.384763891870468500e-02
2.544409064364458128e+00,-4.906209774009829272e-01,1.620042298090041522e+00,4.337457888734273515e-01,-2.142723633280328166e-01,-8.376440453080862270e-01,2.129919672102486006e-01,3.487246588809596037e-01,-5.327431046253108121e-02
2.493805745492690296e+00,-4.795949109551906897e-01,1.588204905677242706e+00,4.260059288602976446e-01,-2.100207917745210984e-01,-8.582573020684984844e-01,2.092875598520353431e-01,3.740882939462192303e-01,-5.270043433102257480e-02
2.443676530049159190e+00,-4.685010871782912534e-01,1.556714783930872814e+00,4.184606589399750831e-01,-2.058692411449790094e-01,-8.793136582621476904e-01,2.070387270366302879e-01,3.983836365766679766e-01,-5.212649690760899623e-02
2.394034929583344073e+00,-4.573473337987976617e-01,1.525579120255941667e+00,4.111084755286049663e-01,-2.018151548274497720e-01,-9.008231713427592435e-01,2.062799521305073158e-01,4.215880038337864733e-01,-5.155295150591249209e-02
2.344893448881552267e+00,-4.461400553783066436e-01,1.494804824031650714e+00,4.039485694716312136e-01,-1.978560677593683981e-01,-9.227940613205203313e-01,2.070442720113473412e-01,4.436782879387056733e-01,-5.098022017484003104e-02
2.296263637890773701e+00,-4.348842402668970930e-01,1.464398560883416467e+00,3.969808367404308869e-01,-1.939896040691671542e-01,-9.452327698073270668e-01,2.093633511142824477e-01,4.646309418141121306e-01,-5.040869541347833827e-02
2.248156141311175027e+00,-4.235834664144062511e-01,1.434366785666561617e+00,3.902058892301989435e-01,-1.902134748345409854e-01,-9.681440260382171425e-01,2.132675631314949749e-01,4.844219639516903486e-01,-4.983874180017440481e-02
2.200580745961825180e+00,-4.122399051634185740e-01,1.404715774497250269e+00,3.836250663011506745e-01,-1.865254759686657549e-01,-9.915309201926335581e-01,2.187860804932215131e-01,5.030268827993488179e-01,-4.927069753992484313e-02
2.153546426031257788e+00,-4.008543221357803721e-01,1.375451656176924997e+00,3.772404477185213878e-01,-1.829234862458841149e-01,-1.015394984366458919e+00,2.259469718422252305e-01,5.204207408058477702e-01,-4.870487593399849130e-02
2.107061386327753638e+00,-3.894260743045624973e-01,1.346580443362914714e+00,3.710548686602777591e-01,-1.794054654790155912e-01,-1.039736281577813726e+00,2.347773078309958739e-01,5.365780781755675743e-01,-4.814156677555663649e-02
2.061133103652926568e+00,-3.779531023205995877e-01,1.318108063852048373e+00,3.650719374802741113e-01,-1.759694528607800568e-01,-1.064553503224737074e+00,2.453032756955905724e-01,5.514729162965161802e-01,-4.758103767480965224e-02
2.015768366422963531e+00,-3.664319171335578829e-01,1.290040392353105192e+00,3.592960569362961820e-01,-1.726135654825466381e-01,-1.089844075452963468e+00,2.575503032206081788e-01,5.650787406845156902e-01,-4.702353531711898210e-02
1.970973312669656918e+00,-3.548575799044256796e-01,1.262383283142034962e+00,3.537324496231665227e-01,-1.693359970444358320e-01,-1.115604274939499652e+00,2.715431928938720763e-01,5.773684831498195891e-01,-4.646928665725334057e-02
1.926753466553788208e+00,-3.432236741525658830e-01,1.235142604010752265e+00,3.483871883904980926e-01,-1.661350167719244930e-01,-1.141829354641360483e+00,2.873062672473494228e-01,5.883145027383764880e-01,-4.591850005289653536e-02
1.883113773530887602e+00,-3.315222690050850241e-01,1.208324271947681661e+00,3.432672325781470080e-01,-1.630089685554813039e-01,-1.168513680113972164e+00,3.048635266149304357e-01,5.978885648208828174e-01,-4.537136634029572541e-02
1.840058634310921981e+00,-3.197438723214692802e-01,1.181934291018685190e+00,3.383804709707615155e-01,-1.599562703316265710e-01,-1.195650877066121165e+00,3.242388208099417080e-01,6.060618174931575730e-01,-4.482805985487831740e-02
1.797591937758753922e+00,-3.078773723383488869e-01,1.155978792958077817e+00,3.337357724623418731e-01,-1.569754137262018845e-01,-1.223233990875642441e+00,3.454560365031346114e-01,6.128047642307636877e-01,-4.428873939944684424e-02
1.755717092888478215e+00,-2.959099663200058794e-01,1.130464081032416912e+00,3.293430455360408793e-01,-1.540649639835934004e-01,-1.251255658877175936e+00,3.685393024397425332e-01,6.180872314701422177e-01,-4.375354916250730891e-02
1.714437060109473832e+00,-2.838270744954282110e-01,1.105396677804858507e+00,3.252133078092054319e-01,-1.512235602093951470e-01,-1.279708296309502336e+00,3.935132149937691226e-01,6.218783295053513793e-01,-4.322261958913831831e-02
1.673754381892514242e+00,-2.716122373036049531e-01,1.080783377512238186e+00,3.213587670767088511e-01,-1.484499159588081318e-01,-1.308584296917737699e+00,4.204030869956222327e-01,6.241464047590700170e-01,-4.269606820666230901e-02
1.633671213032432457e+00,-2.592469936482107995e-01,1.056631303870094518e+00,3.177929155141283046e-01,-1.457428202088592584e-01,-1.337876249329389422e+00,4.492352232688517355e-01,6.248589811109780401e-01,-4.217400040734704120e-02
1.594189350698816510e+00,-2.467107374584576740e-01,1.032947974252365064e+00,3.145306389879986009e-01,-1.431011387598717932e-01,-1.367577170465514858e+00,4.800372268659240382e-01,6.239826875545313456e-01,-4.165651019018605516e-02
1.555310264483362293e+00,-2.339805493531827985e-01,1.009741371354742068e+00,3.115883437754495278e-01,-1.405238161206417979e-01,-1.397680757432357979e+00,5.128383406554239965e-01,6.214831689749202859e-01,-4.114368086374935868e-02
1.517035126674084689e+00,-2.210309995854054521e-01,9.870200236525435988e-01,3.089841034361290317e-01,-1.380098779429235756e-01,-1.428181659561789552e+00,5.476698296848505620e-01,6.173249762921697581e-01,-4.063558571200463071e-02
1.479364843015275932e+00,-2.078339176740334748e-01,9.647930962154239731e-01,3.067378291258164302e-01,-1.355584340846793800e-01,-1.459075772535073146e+00,5.845654106248665549e-01,6.114714315980256387e-01,-4.013228862489620630e-02
1.442300084248673953e+00,-1.943581231752884997e-01,9.430704937537011112e-01,3.048714673196842861e-01,-1.331686823986001356e-01,-1.490360556872585063e+00,6.235617356850345905e-01,6.038844631789770379e-01,-3.963384469540140453e-02
1.405841318776787530e+00,-1.805691108621296781e-01,9.218629781592772021e-01,3.034092297553868667e-01,-1.308399133636207745e-01,-1.522035383485191629e+00,6.646989396441840281e-01,5.945244044780180204e-01,-3.914030078470675383e-02
1.369988846848545494e+00,-1.664286821043415299e-01,9.011823032891690399e-01,3.023778614550295951e-01,-1.285715157034443279e-01,-1.554101909506818924e+00,7.080212601616298063e-01,5.833497500483848519e-01,-3.865169605705685851e-02
1.334742836741984018e+00,-1.518945124032927141e-01,8.810413703446604572e-01,3.018069539940381185e-01,-1.263629831688867222e-01,-1.586564488276203333e+00,7.535777433711722262e-01,5.703168603651798119e-01,-3.816806248575319027e-02
1.300103363512079557e+00,-1.369196427304248398e-01,8.614544079575209290e-01,3.017293128241378963e-01,-1.242139227019325720e-01,-1.619430618138875122e+00,8.014230489898366283e-01,5.553796059342913649e-01,-3.768942533174732268e-02
1.266070450995796959e+00,-1.214518794230623477e-01,8.424371820524579890e-01,3.021813895202827283e-01,-1.221240642508109181e-01,-1.652711435739460999e+00,8.516183718841530137e-01,5.384889394254428474e-01,-3.721580359613724243e-02
1.232644117916243509e+00,-1.054330837296073020e-01,8.240072417604147326e-01,3.032037924262155348e-01,-1.200932725706405080e-01,-1.686422260715696453e+00,9.042325003929598815e-01,5.195923824422654658e-01,-3.674721044788874930e-02
1.199824429129197734e+00,-8.879832744849275317e-02,8.061842091961450851e-01,3.048418924845495703e-01,-1.181215614266590830e-01,-1.720583200249623745e+00,9.593430358270997882e-01,4.986334109641975543e-01,-3.628365362798959687e-02
1.167611553305571981e+00,-7.147488516440314577e-02,7.889901228749324202e-01,3.071465452662540674e-01,-1.162091107227019166e-01,-1.755219823845835414e+00,1.017037802690926807e+00,4.755507202854597493e-01,-3.582513583121027523e-02
1.136005828675183960e+00,-5.338102594686361391e-02,7.724498470723303312e-01,3.101749556560003951e-01,-1.143562872131242553e-01,-1.790363921109786816e+00,1.077416485588067907e+00,4.502773462615307087e-01,-3.537165506657960479e-02
1.105007838879382920e+00,-3.442455748667605508e-02,7.565915627004985433e-01,3.139917186922046577e-01,-1.125636696320760216e-01,-1.826054358273369704e+00,1.140592536789555966e+00,4.227396146325256288e-01,-3.492320499764952485e-02
1.074618501542744076e+00,-1.450106274516199667e-02,7.414473595469273093e-01,3.186700792506564350e-01,-1.108320793028936685e-01,-1.862338052964019219e+00,1.206695408592194152e+00,3.928558837916829027e-01,-3.447977526354177591e-02
1.044839172906056879e+00,6.508247767445130005e-03,7.270539553337883598e-01,3.242934653397196443e-01,-1.091626175914704733e-01,-1.899271091400343670e+00,1.275873177457879759e+00,3.605350381916511138e-01,-3.404135178175850956e-02
1.015671772843063758e+00,2.873916744621707320e-02,7.134535745009770169e-01,3.309573657882947106e-01,-1.075567119662639570e-01,-1.936920018097854523e+00,1.348295643307132696e+00,3.256746790986490003e-01,-3.360791703366313582e-02
9.871189358907639377e-01,5.234773820262744737e-02,7.006950295707429222e-01,3.387716445226467976e-01,-1.060161729610884784e-01,-1.975363335616632909e+00,1.424158008380935758e+00,2.881589458127238323e-01,-3.317945033351647754e-02
9.591841956976807637e-01,7.751427823423456820e-02,6.888350613952104462e-01,3.478634125367054408e-01,-1.045432650566931326e-01,-2.014693261312868522e+00,1.503685267187263364e+00,2.478558827994121749e-01,-3.275592808189038002e-02
9.318722127111720432e-01,1.044484182704147890e-01,6.779400129131489816e-01,3.583806180684285803e-01,-1.031407954784801517e-01,-2.055017800001753159e+00,1.587137474178824448e+00,2.046142449941205088e-01,-3.233732400426303499e-02
9.051890582664690044e-01,1.333954478177634684e-01,6.680879362957878875e-01,3.704965697884422537e-01,-1.018122262594704230e-01,-2.096463206637191767e+00,1.674816101599141627e+00,1.582596029476688315e-01,-3.192360937555590444e-02
8.791425729048985005e-01,1.646443790869944745e-01,6.593712685479513613e-01,3.844156834439373949e-01,-1.005618168004638324e-01,-2.139176932426770872e+00,1.767071759913754425e+00,1.085895688145996907e-01,-3.151475323131813777e-02
8.537428233352608586e-01,1.985382859273080447e-01,6.519002602383534573e-01,4.003808490242172780e-01,-9.939480681323636935e-02,-2.183331172292926059e+00,1.864313632119848352e+00,5.536790980226868886e-02,-3.111072256626694690e-02
8.290026918898711905e-01,2.354876887314742429e-01,6.458074128780885159e-01,4.186829677432583052e-01,-9.831765332080405484e-02,-2.229127162541255647e+00,1.967021077448501520e+00,-1.682757572585957817e-03,-3.071148252081769628e-02
8.049386460153187262e-01,2.759880653998932898e-01,6.412532830002044548e-01,4.396734284150136118e-01,-9.733834086945539199e-02,-2.276800416219311618e+00,2.075757997866918281e+00,-6.289009834364089890e-02,-3.031699655624362985e-02
7.815717555107033476e-01,3.206430222532582475e-01,6.384341615684144822e-01,4.637806161955455031e-01,-9.646679215166253929e-02,-2.326627130894681539e+00,2.191190743272151131e+00,-1.286435562336488703e-01,-2.992722661904965650e-02
7.589290554145282641e-01,3.701953353478429909e-01,6.375923619129990616e-01,4.915320288493784662e-01,-9.571541822995696669e-02,-2.378932059089538864e+00,2.314110571791903048e+00,-1.994089432503544645e-01,-2.954213329512795846e-02
7.370453984070310938e-01,4.255690981394837369e-01,6.390301899248158612e-01,5.235843066216959718e-01,-9.509986572332872201e-02,-2.434098191630730490e+00,2.445461995011308787e+00,-2.757471012992883108e-01,-2.916167595423479336e-02
7.159660118785202698e-01,4.879277936402457994e-01,6.431291958916954821e-01,5.607646096270748615e-01,-9.464004634692987916e-02,-2.492578656902591394e+00,2.586378736774753051e+00,-3.583379614751124320e-01,-2.878581288530072599e-02
6.957500875662609996e-01,5.587555970632233082e-01,6.503771343637838598e-01,6.041285502656963402e-01,-9.436157825682303657e-02,-2.554911253961494655e+00,2.738229516689915322e+00,-4.480117941998186248e-01,-2.841450142306020318e-02
6.764759138310452169e-01,6.399732068262309337e-01,6.614063862762686874e-01,6.550427343810152347e-01,-9.429783932614704822e-02,-2.621735942122237706e+00,2.902676389216478192e+00,-5.457900584795359888e-01,-2.804769806646916289e-02
6.582483617192789183e-01,7.341060458293569013e-01,6.770497760464210257e-01,7.153046315022073554e-01,-9.449294829357456071e-02,-2.693815236010614012e+00,3.081748757529069405e+00,-6.529390204756186922e-01,-2.768535858934828217e-02
6.412100456842306784e-01,8.445336468384944117e-01,6.984233723285061535e-01,7.873203201942214902e-01,-9.500618381111178290e-02,-2.772056416878204921e+00,3.277935952818201937e+00,-7.710401212569671925e-01,-2.732743814367312798e-02
6.255583648847493627e-01,9.758678608181931002e-01,7.270521411434015535e-01,8.743740845595389111e-01,-9.591868422603493094e-02,-2.857531872488057623e+00,3.494299130249044705e+00,-9.020815326452766847e-01,-2.697389135591481482e-02
6.115722077265175471e-01,1.134540565822734326e+00,7.650653582509845396e-01,9.810474152982743279e-01,-9.734385458982368344e-02,-2.951487605891280008e+00,3.734595815138475938e+00,-1.048574194392870584e+00,-2.662467241680799984e-02
5.996549817432110796e-01,1.329740716732859429e+00,8.155084928225866392e-01,1.113887205653464552e+00,-9.944395150835172448e-02,-3.055314900436734149e+00,4.003388963621735464e+00,-1.213689209622686782e+00,-2.627973516491110412e-02
5.904059983930940447e-01,1.574947898445793637e+00,8.828543022805319662e-01,1.282499594558361711e+00,-1.024572078316532409e-01,-3.170423592843255367e+00,4.306053669422261976e+00,-1.401391278314001676e+00,-2.593903316429651759e-02
5.847423364982589078e-01,1.890503196279319731e+00,9.738611724317081109e-01,1.501384360345877411e+00,-1.067432643831267847e-01,-3.297864863249654555e+00,4.648435845555390244e+00,-1.616474588749517771e+00,-2.560251977671635509e-02
5.841118705171488568e-01,2.307988945634517286e+00,1.099039181447835078e+00,1.793061634703834173e+00,-1.128604673477314330e-01,-3.437321672478407475e+00,5.035484637335659208e+00,-1.864204793057326448e+00,-2.527014822852392123e-02
5.908684539487210063e-01,2.877636395366367950e+00,1.275140123128740255e+00,2.193364726186337155e+00,-1.216963289087398259e-01,-3.584492754459161823e+00,5.466990566768174631e+00,-2.148673158982037812e+00,-2.494187167267549257e-02
6.089058697022435851e-01,3.679914771573981724e+00,1.529085929575745517e+00,2.759734711700481125e+00,-1.346707574237019089e-01,-3.724400496454111309e+00,5.925334744935942588e+00,-2.467237901854785420e+00,-2.461764324609115942e-02
6.445189530619357399e-01,4.837914100545821938e+00,1.902294652986315171e+00,3.580138400621417638e+00,-1.539497984627499760e-01,-3.814903286187205644e+00,6.342322665512593716e+00,-2.793845630789512313e+00,-2.429741612261345982e-02
7.064021963475002330e-01,6.500399394733422653e+00,2.445583466497768477e+00,4.761218124583112221e+00,-1.821312953639696586e-01,-3.752278721561058905e+00,6.521991091369294224e+00,-3.036255025390175000e+00,-2.398114356184516752e-02
7.995468459590080457e-01,8.677456206104658065e+00,3.165475626303249967e+00,6.311527425760401044e+00,-2.193091339134359830e-01,-3.342078755939636991e+00,6.047165493739716347e+00,-2.971739129454886275e+00,-2.366877895411624924e-02
9.060582705432735917e-01,1.083304571164512708e+01,3.888257813399771834e+00,7.850846168788585544e+00,-2.558705132044002406e-01,-2.455864043949783415e+00,4.540136647984781781e+00,-2.351027600765134729e+00,-2.336027586176837867e-02
9.864994375933330284e-01,1.209376105438729887e+01,4.323697764509726760e+00,8.756562727470880603e+00,-2.763437016767128496e-01,-1.439281657229700473e+00,2.579811628708791993e+00,-1.407379990283709859e+00,-2.305558805701107133e-02
1.034085518168704532e+00,1.249399097841298634e+01,4.477392582849467395e+00,9.050683913732147090e+00,-2.814919343387681239e-01,-7.758237057904908696e-01,1.213698496735911903e+00,-7.048118076040954527e-01,-2.275466955653733178e-02
1.068020706985182144e+00,1.257557626196240186e+01,4.525716174452431240e+00,9.117880794495089702e+00,-2.810101713364852039e-01,-4.612260906917355352e-01,5.365232945357751859e-01,-3.423127635390304513e-01,-2.245747465309363630e-02
1.098323456728683922e+00,1.258281062449981746e+01,4.549139356169230375e+00,9.131994725059250584e+00,-2.792439373436085837e-01,-3.277161501152565104e-01,2.345347297505852580e-01,-1.739038074160640934e-01,-2.216395794422382215e-02
1.127580417284077097e+00,1.257405904426815546e+01,4.567022718050237629e+00,9.134616743501958069e+00,-2.772274367350938129e-01,-2.746364618195256124e-01,1.026431079712623318e-01,-9.515225724562442755e-02,-2.187407435829568508e-02
1.156349619556647390e+00,1.256119607900714996e+01,4.583327472445355433e+00,9.134218226118349548e+00,-2.751700651944572473e-01,-2.563655265598981936e-01,4.511214893629929279e-02,-5.594293234943437110e-02,-2.158777917804349453e-02
1.184750255777204497e+00,1.254666622943557819e+01,4.598872111875915714e+00,9.132544373336795474e+00,-2.731144311741721120e-01,-2.531341312767665386e-01,1.994116957356642517e-02,-3.404397306786965949e-02,-2.130502806173658129e-02
1.212809358263561954e+00,1.253103221330835026e+01,4.613844784794251197e+00,9.129996786777658357e+00,-2.710699538834472344e-01,-2.563962865710498473e-01,8.879775664097741550e-03,-1.975059480519425481e-02,-2.102577706216955666e-02
1.240534044021093241e+00,1.251446165292259494e+01,4.628300897995083041e+00,9.126694798948651766e+00,-2.690391026936720942e-01,-2.624424505990711198e-01,3.991643141276146611e-03,-8.835645294483884804e-03,-2.074998264356864644e-02
1.267926897121731455e+00,1.249702969684379816e+01,4.642264878945673523e+00,9.122691715019801251e+00,-2.670227255758380047e-01,-2.696543826687202716e-01,1.815222056060203371e-03,5.445451693927849668e-04,-2.047760169657380364e-02
1.294989444806813550e+00,1.247878555069535977e+01,4.655752613993521472e+00,9.118022381508547269e+00,-2.650212186485838561e-01,-2.773221577265617133e-01,8.351840877094396376e-04,9.195730838986893030e-03,-2.020859155143247057e-02
1.321723019746179340e+00,1.245976905349432151e+01,4.668777036243255907e+00,9.112715036997220963e+00,-2.630348175050781778e-01,-2.851320813974803081e-01,3.855444860949991392e-04,1.747054374125367460e-02,-1.994290998948822224e-02
1.348128994597905361e+00,1.244001552686247614e+01,4.681349747863070121e+00,9.106794773597288284e+00,-2.610636826358583296e-01,-2.929440738457639304e-01,1.723720305503717576e-04,2.552316770624396547e-02,-1.968051525314805719e-02
1.374208844030141208e+00,1.241955743533548251e+01,4.693481562759461490e+00,9.100284716606118707e+00,-2.591079288980741024e-01,-3.006944987259784763e-01,6.536641965323997105e-05,3.342059005169728536e-02,-1.942136605433266230e-02
1.399964151474422991e+00,1.239842502966066462e+01,4.705182704762330914e+00,9.093206476372706959e+00,-2.571676371466470323e-01,-3.083535760543624216e-01,6.496522715893071620e-06,4.119137632347619205e-02,-1.916542158161401929e-02
1.425396595964935731e+00,1.237664662136991112e+01,4.716462881000554219e+00,9.085580336334347251e+00,-2.552428593979549909e-01,-3.159066396168802027e-01,-3.020978850072630895e-05,4.884713798946715979e-02,-1.891264150607156400e-02
1.450507931566835218e+00,1.235424871317053963e+01,4.727331306735367278e+00,9.077425338002061750e+00,-2.533336214595285907e-01,-3.233458522770222832e-01,-5.643793866409729798e-05,5.639202016123312511e-02,-1.866298598598465155e-02
1.475299964388028906e+00,1.233125607158632420e+01,4.737796711137990613e+00,9.068759324836314306e+00,-2.514399245365079860e-01,-3.306665268028541882e-01,-7.747642560806955458e-05,6.382691230968323692e-02,-1.841641567044236330e-02
1.499774529329408468e+00,1.230769177715630391e+01,4.747867336134823368e+00,9.059598970350922542e+00,-2.495617464297596455e-01,-3.378654834527309858e-01,-9.573543231466974390e-05,7.115132457241551966e-02,-1.817289170193010436e-02
1.523933467548197029e+00,1.228357726706305186e+01,4.757550933473484456e+00,9.049959801137791970e+00,-2.476990425834083021e-01,-3.449403121864355604e-01,-1.123234567439457265e-04,7.836422670126907963e-02,-1.793237571802120539e-02
1.547778605077760439e+00,1.225893237634715582e+01,4.766854762174300930e+00,9.039856219250609115e+00,-2.458517470877688293e-01,-3.518890384047460573e-01,-1.277572211954569603e-04,8.546442381579644199e-02,-1.769482985218790924e-02
1.571311732812941120e+00,1.223377538023491162e+01,4.775785587269863797e+00,9.029301525778041793e+00,-2.440197736805455042e-01,-3.587099694567657537e-01,-1.422829289794008689e-04,9.245072426881983940e-02,-1.746021673382293707e-02
1.594534587951644822e+00,1.220812303844451741e+01,4.784349680157419016e+00,9.018307946238712347e+00,-2.422030167606081807e-01,-3.654016224373526911e-01,-1.560223934684856761e-04,9.932201367260556912e-02,-1.722849948755047350e-02
1.617448836925186484e+00,1.218199064167576040e+01,4.792552820650933576e+00,9.006886657950015973e+00,-2.404013524176136785e-01,-3.719626886638787711e-01,-1.690398580764390646e-04,1.060772862924176385e-01,-1.699964173187686750e-02
1.640056059817391887e+00,1.215539206009537132e+01,4.800400300671349818e+00,8.995047819241433373e+00,-2.386146394737101994e-01,-3.783920147332833217e-01,-1.813727199104359089e-04,1.127156569221587357e-01,-1.677360757720393336e-02
1.662357736257778829e+00,1.212833979362504522e+01,4.807896929512105899e+00,8.982800600370751454e+00,-2.368427205341972763e-01,-3.846885910699274769e-01,-1.930457356960763038e-04,1.192363637306607660e-01,-1.655036162331632171e-02
1.684355232760469834e+00,1.210084502368676063e+01,4.815047040551978519e+00,8.970153215895216192e+00,-2.350854230410114876e-01,-3.908515438476649617e-01,-2.040776304074454206e-04,1.256387668827426141e-01,-1.632986895634914309e-02
1.706049791465793719e+00,1.207291766608906158e+01,4.821854499293650953e+00,8.957112958261282287e+00,-2.333425603240950608e-01,-3.968801284180625832e-01,-2.144841908067740555e-04,1.319223451493260479e-01,-1.611209514530480627e-02
1.727442520249383051e+00,1.204456642477435047e+01,4.828322712614720125e+00,8.943686232409131520e+00,-2.316139326458509506e-01,-4.027737234003274658e-01,-2.242797256821749130e-04,1.380866915436609332e-01,-1.589700623814112659e-02
1.748534384142154119e+00,1.201579884610315929e+01,4.834454639099247331e+00,8.929878591146062305e+00,-2.298993282338730459e-01,-4.085318250602991141e-01,-2.334777603067716978e-04,1.441315084790684153e-01,-1.568456875750684834e-02
1.769326198009973039e+00,1.198662137340418710e+01,4.840252800329325922e+00,8.915694771084785586e+00,-2.281985242977249972e-01,-4.141540418199270990e-01,-2.420913711434213855e-04,1.500566026953678023e-01,-1.547474969612602433e-02
1.789818620439745267e+00,1.195703940154502121e+01,4.845719293025205765e+00,8.901138728959612223e+00,-2.265112880261121731e-01,-4.196400888360964920e-01,-2.501333492943985659e-04,1.558618800813957317e-01,-1.526751651187859167e-02
1.810012148770142826e+00,1.192705733127952072e+01,4.850855801919551347e+00,8.886213678130070903e+00,-2.248373775611368364e-01,-4.249897826306204829e-01,-2.576162831699202460e-04,1.615473404660967005e-01,-1.506283712263738021e-02
1.829907115205865242e+00,1.189667862314492908e+01,4.855663613254544764e+00,8.870922125096116773e+00,-2.231765429464470651e-01,-4.302030357772237967e-01,-2.645526008048515454e-04,1.671130724246315813e-01,-1.486067990085278810e-02
1.849503683959885736e+00,1.186590585075017223e+01,4.860143628813265337e+00,8.855265905896807510e+00,-2.215285270473147938e-01,-4.352798516551392716e-01,-2.709545938962137912e-04,1.725592481306994497e-01,-1.466101366793011625e-02
1.868801849353365352e+00,1.183474075322360974e+01,4.864296380368053008e+00,8.839246222208920756e+00,-2.198930664396203660e-01,-4.402203192873446747e-01,-2.768344305318359844e-04,1.778861182806415475e-01,-1.446380768845520123e-02
1.887801434821191338e+00,1.180318428673793640e+01,4.868122044485946986e+00,8.822863677073179645e+00,-2.182698922671836295e-01,-4.450246082705685557e-01,-2.822041649489792636e-04,1.830940071047407192e-01,-1.426903166423031111e-02
1.906502092752669464e+00,1.177123667490627312e+01,4.871620457576913310e+00,8.806118310082007739e+00,-2.166587310648081244e-01,-4.496929638191868306e-01,-2.870757432480025573e-04,1.881833074867179101e-01,-1.407665572822050862e-02
1.924903305116909102e+00,1.173889745799640316e+01,4.874791131136278821e+00,8.789009631977126702e+00,-2.150593055470004789e-01,-4.542257019319652089e-01,-2.914610075744339390e-04,1.931544762024914874e-01,-1.388665043835360553e-02
1.943004384804042362e+00,1.170616554080667093e+01,4.877633267084168445e+00,8.771536658526541075e+00,-2.134713353606769726e-01,-4.586232046894238024e-01,-2.953717004774703003e-04,1.980080292889899174e-01,-1.369898677128305285e-02
1.960804477633109055e+00,1.167303923916796116e+01,4.880145773159743072e+00,8.753697943641309820e+00,-2.118945378021281911e-01,-4.628859156974611810e-01,-2.988194670531935104e-04,2.027445375548280748e-01,-1.351363611603536782e-02
1.978302564968412947e+00,1.163951632498530486e+01,4.882327278299247730e+00,8.735491611654413902e+00,-2.103286284975583731e-01,-4.670143356795791734e-01,-3.018158582195340500e-04,2.073646222393113470e-01,-1.333057026763427577e-02
1.995497466887508509e+00,1.160559406974591923e+01,4.884176147940556767e+00,8.716915388692838107e+00,-2.087733220469947804e-01,-4.710090182282993809e-01,-3.043723321223962275e-04,2.118689508276810352e-01,-1.314976142070554965e-02
2.012387845856925317e+00,1.157126928650701458e+01,4.885690499224104144e+00,8.697966633139756709e+00,-2.072283326324888542e-01,-4.748705657159442151e-01,-3.065002565337676677e-04,2.162582330248223883e-01,-1.297118216302791185e-02
2.028972210857480363e+00,1.153653837026597628e+01,4.886868216022924649e+00,8.678642365100541767e+00,-2.056933745899261479e-01,-4.785996253742839102e-01,-3.082109095946389266e-04,2.205332168952488514e-01,-1.279480546909686489e-02
2.045248921922322438e+00,1.150139733676653719e+01,4.887706963789479886e+00,8.658939294899456129e+00,-2.041681629460034009e-01,-4.821968855408382826e-01,-3.095154822899820468e-04,2.246946851696990932e-01,-1.262060469371959273e-02
2.061216195034305088e+00,1.146584185967467562e+01,4.888204204164721567e+00,8.638853850544427004e+00,-2.026524139201860697e-01,-4.856630720751609065e-01,-3.104250782202527814e-04,2.287434517181052840e-01,-1.244855356558424372e-02
2.076872107349647667e+00,1.142986730617785796e+01,4.888357209340115972e+00,8.618382204187359008e+00,-2.011458453931517787e-01,-4.889989449463437721e-01,-3.109507155592133865e-04,2.326803581943416854e-01,-1.227862618090298265e-02
2.092214602702988202e+00,1.139346877098065391e+01,4.888163076135209728e+00,8.597520297548353341e+00,-1.996481773420649142e-01,-4.922052949892209428e-01,-3.111033270582069798e-04,2.365062708466694197e-01,-1.211079699705176760e-02
2.107241497356458826e+00,1.135664110872389898e+01,4.887618739770259069e+00,8.576263866310114281e+00,-1.981591322438087388e-01,-4.952829408310653325e-01,-3.108937612276430063e-04,2.402220774986644214e-01,-1.194504082631564837e-02
2.121950485967410760e+00,1.131937896488182282e+01,4.886720987334827626e+00,8.554608463514465910e+00,-1.966784354476563412e-01,-4.982327259841904388e-01,-3.103327823729684631e-04,2.438286846933636065e-01,-1.178133282962899944e-02
2.136339147730115684e+00,1.128167680511557691e+01,4.885466470913934600e+00,8.532549481931745561e+00,-1.952058155177739673e-01,-5.010555161023267923e-01,-3.094310709436526308e-04,2.473270150009612145e-01,-1.161964851043197425e-02
2.150404952673444114e+00,1.124352894316456108e+01,4.883851720383192152e+00,8.510082175454797948e+00,-1.937410045473376141e-01,-5.037521964012108278e-01,-3.081992237916192368e-04,2.507180044887863390e-01,-1.145996370855729973e-02
2.164145268078923046e+00,1.120492956727820832e+01,4.881873155848976076e+00,8.487201679508165952e+00,-1.922837384449917753e-01,-5.063236692341627210e-01,-3.066477543935686167e-04,2.540026003457510062e-01,-1.130225459421436117e-02
2.177557365003778500e+00,1.116587276527802608e+01,4.879527099750104568e+00,8.463903030531701788e+00,-1.908337571955197598e-01,-5.087708518242779476e-01,-3.047870922827239371e-04,2.571817586609855266e-01,-1.114649766205744186e-02
2.190638424873061041e+00,1.112635254822935771e+01,4.876809788590080963e+00,8.440181184512361767e+00,-1.893908050950348088e-01,-5.110946741450073105e-01,-3.026275836124775465e-04,2.602564423514169278e-01,-1.099266972532496681e-02
2.203385546132395234e+00,1.108636287282740085e+01,4.873717384324218749e+00,8.416031034635544472e+00,-1.879546309627077583e-01,-5.132960769479095742e-01,-3.001794903333410147e-04,2.632276192338574572e-01,-1.084074791007643909e-02
2.215795750937576081e+00,1.104589766252936833e+01,4.870245985396376653e+00,8.391447428070515357e+00,-1.865249883300958700e-01,-5.153760099305819686e-01,-2.974529899931049881e-04,2.660962602367684671e-01,-1.069070964952463509e-02
2.227865991860848993e+00,1.100495082746401287e+01,4.866391637418830740e+00,8.366425181906084418e+00,-1.851016356089221770e-01,-5.173354300408504747e-01,-2.944581754909664228e-04,2.688633377476266073e-01,-1.054253267845204137e-02
2.239593158603338630e+00,1.096351628319713711e+01,4.862150343512237960e+00,8.340959098288152518e+00,-1.836843362390077616e-01,-5.191752999130190283e-01,-2.912050543128069657e-04,2.715298240904558957e-01,-1.039619502775679556e-02
2.250974084696396815e+00,1.092158796837666301e+01,4.857518074302189071e+00,8.315043978770804145e+00,-1.822728588170446362e-01,-5.208965864298251702e-01,-2.877035479008221985e-04,2.740966901287014701e-01,-1.025167501903309977e-02
2.262005554187064504e+00,1.087915986136859559e+01,4.852490777599411942e+00,8.288674637956271241e+00,-1.808669772083522365e-01,-5.225002594051773031e-01,-2.839634912610994322e-04,2.765649039876204585e-01,-1.010895125935434673e-02
2.272684308277808540e+00,1.083622599581022783e+01,4.847064387723019507e+00,8.261845916365064824e+00,-1.794664706407513854e-01,-5.239872903861302333e-01,-2.799946318280399638e-04,2.789354298950816879e-01,-9.968002636049381679e-03
2.283007051942623988e+00,1.079278047531953177e+01,4.841234834553997501e+00,8.234552692708211552e+00,-1.780711237846095973e-01,-5.253586515614551145e-01,-2.758066287382454629e-04,2.812092271275368760e-01,-9.828808311666424949e-03
2.292970460472431693e+00,1.074881748719937846e+01,4.834998052236067601e+00,8.206789895435735005e+00,-1.766807268168717471e-01,-5.266153147814383040e-01,-2.714090520743034363e-04,2.833872490672412758e-01,-9.691347719004820421e-03
2.302571185979231050e+00,1.070433131537146387e+01,4.828349987616585182e+00,8.178552513734093310e+00,-1.752950754728599958e-01,-5.277582506748681457e-01,-2.668113814283390450e-04,2.854704423546073344e-01,-9.555600556253001157e-03
2.311805863826836394e+00,1.065931635246734999e+01,4.821286608381996963e+00,8.149835607912262248e+00,-1.739139710850841347e-01,-5.287884278669860993e-01,-2.620230056139677410e-04,2.874597461417924826e-01,-9.421546782241317988e-03
2.320671118993702819e+00,1.061376711116849414e+01,4.813803910920304574e+00,8.120634319241887056e+00,-1.725372206106539630e-01,-5.297068122843243687e-01,-2.570532205166398132e-04,2.893560914312036103e-01,-9.289166611802375864e-03
2.329163572363779355e+00,1.056767823484856983e+01,4.805897927923679092e+00,8.090943879288738927e+00,-1.711646366483014770e-01,-5.305143665517315643e-01,-2.519112286642477549e-04,2.911604005061685929e-01,-9.158440511218066474e-03
2.337279846940266026e+00,1.052104450754626441e+01,4.797564735734398234e+00,8.060759618752033617e+00,-1.697960374456243260e-01,-5.312120494683434391e-01,-2.466061377017075840e-04,2.928735864394959587e-01,-9.029349193788411415e-03
2.345016573973957907e+00,1.047386086330887167e+01,4.788800461444250089e+00,8.030076975838534636e+00,-1.684312468974775434e-01,-5.318008155651612334e-01,-2.411469591219878028e-04,2.944965526826852087e-01,-8.901873615508331186e-03
2.352370399016621150e+00,1.042612239496747151e+01,4.779601289767384742e+00,7.998891504216732784e+00,-1.670700945362988410e-01,-5.322816147333899739e-01,-2.355426069055172045e-04,2.960301927253025100e-01,-8.775994970816380913e-03
2.359337987880326448e+00,1.037782436235089634e+01,4.769963469680964074e+00,7.967198880550210305e+00,-1.657124155149841405e-01,-5.326553919262424497e-01,-2.298018959065173394e-04,2.974753898269512087e-01,-8.651694688489640003e-03
2.365916032521411694e+00,1.032896220003020638e+01,4.759883320871511003e+00,7.934994911680051999e+00,-1.643580505835789407e-01,-5.329230869254354408e-01,-2.239335406733766742e-04,2.988330168131470566e-01,-8.528954427590646967e-03
2.372101256826276483e+00,1.027953152454927732e+01,4.749357239957014087e+00,7.902275541418566362e+00,-1.630068460593114554e-01,-5.330856341687446598e-01,-2.179461539331267739e-04,3.001039359321778788e-01,-8.407756073548128262e-03
2.377890422320597885e+00,1.022952814126992038e+01,4.738381706540199190e+00,7.869036857050366152e+00,-1.616586537920334798e-01,-5.331439626397633802e-01,-2.118482446525904450e-04,3.012889987719137297e-01,-8.288081734338275178e-03
2.383280333782578975e+00,1.017894805077837006e+01,4.726953289062939767e+00,7.835275095498078102e+00,-1.603133311243434833e-01,-5.330989958087395397e-01,-2.056482170527951236e-04,3.023890462293246095e-01,-8.169913736719609798e-03
2.388267844776542859e+00,1.012778745495835153e+01,4.715068650504161241e+00,7.800986649230710057e+00,-1.589707408480705575e-01,-5.329516516297323481e-01,-1.993543686130833104e-04,3.034049085332076179e-01,-8.053234622616410945e-03
2.392849863090852125e+00,1.007604276268294718e+01,4.702724553896806547e+00,7.766168071876972334e+00,-1.576307511564864483e-01,-5.327028425823423508e-01,-1.929748881002862904e-04,3.043374053124194289e-01,-7.938027145542031829e-03
2.397023356099242442e+00,1.002371059524451802e+01,4.689917867711308475e+00,7.730816083632415570e+00,-1.562932355940447327e-01,-5.323534757618122448e-01,-1.865178549107643358e-04,3.051873457119023691e-01,-7.824274267165819835e-03
2.400785356029664808e+00,9.970787791458935345e+00,4.676645571077746588e+00,7.694927576410814041e+00,-1.549580730028755071e-01,-5.319044530117158498e-01,-1.799912362208527794e-04,3.059555285493040233e-01,-7.711959153917128176e-03
2.404132965150381995e+00,9.917271412528679164e+00,4.662904758876644351e+00,7.658499618802414588e+00,-1.536251474672192252e-01,-5.313566710946759919e-01,-1.734028862921815906e-04,3.066427425109733984e-01,-7.601065173717510594e-03
2.407063360875522307e+00,9.863158746674431043e+00,4.648692646704090770e+00,7.621529460845898996e+00,-1.522943482560775996e-01,-5.307110219035906518e-01,-1.667605437503660859e-04,3.072497663856518790e-01,-7.491575892767636177e-03
2.409573800781457553e+00,9.808447313530281875e+00,4.634006575703380371e+00,7.584014538608365719e+00,-1.509655697640467364e-01,-5.299683927032727837e-01,-1.600718307986359612e-04,3.077773693305853597e-01,-7.383475072443540337e-03
2.411661627549208653e+00,9.753134868372075772e+00,4.618844017294891913e+00,7.545952478626436921e+00,-1.496387114513531014e-01,-5.291296664099510716e-01,-1.533442509337873405e-04,3.082263111725622728e-01,-7.276746666239188553e-03
2.413324273819498433e+00,9.697219406143403830e+00,4.603202577783370941e+00,7.507341102179485581e+00,-1.483136777826536967e-01,-5.281957218955177780e-01,-1.465851872703288761e-04,3.085973427347437070e-01,-7.171374816831553242e-03
2.414559266974568352e+00,9.640699165348834754e+00,4.587080002875047136e+00,7.468178429448313338e+00,-1.469903781656366759e-01,-5.271674343235701610e-01,-1.398019009822143444e-04,3.088912061941213594e-01,-7.067343853170527518e-03
2.415364233836401198e+00,9.583572631785809648e+00,4.570474182086774029e+00,7.428462683535471456e+00,-1.456687268890283771e-01,-5.260456755096695192e-01,-1.330015295177011669e-04,3.091086354628059807e-01,-6.964638287699960635e-03
2.415736905291750336e+00,9.525838542162166078e+00,4.553383153069659350e+00,7.388192294384282377e+00,-1.443486430606870097e-01,-5.248313143053987551e-01,-1.261910847072944541e-04,3.092503565926300602e-01,-6.863242813597329565e-03
2.415675120835404588e+00,9.467495887587412895e+00,4.535805105838519147e+00,7.347365902584285458e+00,-1.430300505457433868e-01,-5.235252170047761666e-01,-1.193774514275519616e-04,3.093170882020380152e-01,-6.763142302125593405e-03
2.415176833044423432e+00,9.408543916984910993e+00,4.517738386928043859e+00,7.305982363101265697e+00,-1.417128779053504484e-01,-5.221282477720574633e-01,-1.125673855920106270e-04,3.093095419229903720e-01,-6.664321800024237789e-03
2.414240111972580038e+00,9.348982140396765672e+00,4.499181503461327836e+00,7.264040748907980571e+00,-1.403970583357236346e-01,-5.206412690857975534e-01,-1.057675127675017368e-04,3.092284228647561584e-01,-6.566766526981882533e-03
2.412863149471634827e+00,9.288810332219608057e+00,4.480133127146763705e+00,7.221540354544487172e+00,-1.390825296080824558e-01,-5.190651422021551609e-01,-9.898432622917896495e-05,3.090744300956488888e-01,-6.470461873167818699e-03
2.411044263440975222e+00,9.228028534373288849e+00,4.460592098203736811e+00,7.178480699610542359e+00,-1.377692340094054668e-01,-5.174007276317028614e-01,-9.222418576786128863e-05,3.088482571386276798e-01,-6.375393396821439455e-03
2.408781901997179453e+00,9.166637059394108888e+00,4.440557429210742590e+00,7.134861532180528876e+00,-1.364571182840932928e-01,-5.156488856321581604e-01,-8.549331600969656275e-05,3.085505924820324264e-01,-6.281546821925254251e-03
2.406074647583814841e+00,9.104636493513757145e+00,4.420028308906533532e+00,7.090682832190991824e+00,-1.351461335771640404e-01,-5.138104767132252171e-01,-7.879780464212227109e-05,3.081821201014061651e-01,-6.188908035879030559e-03
2.402921220987178863e+00,9.042027699628638615e+00,4.399004105892807992e+00,7.045944814723007710e+00,-1.338362353779435909e-01,-5.118863621500042704e-01,-7.214360132511143942e-05,3.077435199914436148e-01,-6.097463087309996053e-03
2.399320485306088102e+00,8.978811820316904502e+00,4.377484372318894756e+00,7.000647933304071202e+00,-1.325273834661856998e-01,-5.098774045117242526e-01,-6.553651620647138465e-05,3.072354687103389104e-01,-6.007198183865704831e-03
2.395271449816133824e+00,8.914990280711906578e+00,4.355468847449889047e+00,6.954792883078098065e+00,-1.312195418582055850e-01,-5.077844681941403593e-01,-5.898221841223183493e-05,3.066586399299897625e-01,-5.918099690098889941e-03
2.390773273796418685e+00,8.850564791471887460e+00,4.332957461236951247e+00,6.908380604031370886e+00,-1.299126787561840080e-01,-5.056084199635033638e-01,-5.248623478082414806e-05,3.060137049949322452e-01,-5.830154125390361874e-03
2.385825270244783525e+00,8.785537351587406008e+00,4.309950337760827921e+00,6.861412284071368717e+00,-1.286067664972068425e-01,-5.033501295034504830e-01,-4.605394868580081624e-05,3.053013334865516404e-01,-5.743348161915223966e-03
2.380426909550649839e+00,8.719910251285638125e+00,4.286447798675417253e+00,6.813889362160838736e+00,-1.273017815055782764e-01,-5.010104699709609921e-01,-3.969059883070225059e-05,3.045221937936692935e-01,-5.657668622662953561e-03
2.374577823068904969e+00,8.653686074824777918e+00,4.262450366548607761e+00,6.765813531345109766e+00,-1.259977042455689422e-01,-4.985903185545780270e-01,-3.340127835270434442e-05,3.036769536868103581e-01,-5.573102479516082140e-03
2.368277806630989524e+00,8.586867703317695444e+00,4.237958768167398027e+00,6.717186741781231873e+00,-1.246945191764950722e-01,-4.960905570362423300e-01,-2.719093333225508502e-05,3.027662808946436912e-01,-5.489636851327819866e-03
2.361526823971539457e+00,8.519458317517116797e+00,4.212973937773978328e+00,6.668011203714621971e+00,-1.233922147093370336e-01,-4.935120723567802958e-01,-2.106436223552055065e-05,3.017908436845477271e-01,-5.407259002098416256e-03
2.354325010076544711e+00,8.451461400575489336e+00,4.187497020237552547e+00,6.618289390414453521e+00,-1.220907831649059444e-01,-4.908557571813296772e-01,-1.502621469648413033e-05,3.007513114424950618e-01,-5.325956339137408874e-03
2.346672674451486973e+00,8.382880740794258045e+00,4.161529374167929340e+00,6.568024041077785036e+00,-1.207902207339365819e-01,-4.881225104672235471e-01,-9.080991003954097529e-06,2.996483552554464747e-01,-5.245716411312161508e-03
2.338570304313195791e+00,8.313720434371486334e+00,4.135072574975347415e+00,6.517218163709282308e+00,-1.194905274391705463e-01,-4.853132380308732285e-01,-3.233041311737072654e-06,2.984826484918972067e-01,-5.166526907292162685e-03
2.330018567681519492e+00,8.243984888068128569e+00,4.108128417835071211e+00,6.465875037914524448e+00,-1.181917070983253687e-01,-4.824288531122029600e-01,2.513435166912048047e-06,2.972548673807623998e-01,-5.088375653851855487e-03
2.321018316402929216e+00,8.173678821917246040e+00,4.080698920618006653e+00,6.413998217702149063e+00,-1.168937672897643332e-01,-4.794702769399930564e-01,8.154390682621470710e-06,2.959656915898229990e-01,-5.011250614211349395e-03
2.311570589077937665e+00,8.102807271876068640e+00,4.052786326736196543e+00,6.361591534217851951e+00,-1.155967193193799120e-01,-4.764384392931604317e-01,1.368592911367427778e-05,2.946158048006487506e-01,-4.935139886371203710e-03
2.301676613898148371e+00,8.031375592453272816e+00,4.024393107918231571e+00,6.308659098433209600e+00,-1.143005781893195877e-01,-4.733342790573395464e-01,1.910430679911978569e-05,2.932058952783070382e-01,-4.860031701546055523e-03
2.291337811385701251e+00,7.959389459281089430e+00,3.995521966899458377e+00,6.255205303767239045e+00,-1.130053625679832419e-01,-4.701587447794087771e-01,2.440593234288856994e-05,2.917366564393506501e-01,-4.785914422550932232e-03
2.280555797056285972e+00,7.886854871723474325e+00,3.966175840069834813e+00,6.201234828709934810e+00,-1.117110947626547557e-01,-4.669127952161592487e-01,2.958736733237044003e-05,2.902087874123857603e-01,-4.712776542272055502e-03
2.269332383958940547e+00,7.813778155354476951e+00,3.936357899995727827e+00,6.146752639317663025e+00,-1.104178006925504163e-01,-4.635973998762089598e-01,3.464532575143952631e-05,2.886229935938205982e-01,-4.640606682143645634e-03
2.257669585136799384e+00,7.740165964467373705e+00,3.906071557897104363e+00,6.091763991707092707e+00,-1.091255098643947319e-01,-4.602135395571552157e-01,3.957667457889918472e-05,2.869799871966183247e-01,-4.569393590643077568e-03
2.245569615972727195e+00,7.666025284498567238e+00,3.875320466017079024e+00,6.036274434454180771e+00,-1.078342553490448663e-01,-4.567622068741343244e-01,4.437843323861628830e-05,2.852804877917055615e-01,-4.499126141832386974e-03
2.233034896433719219e+00,7.591363434415189460e+00,3.844108519911089594e+00,5.980289810937838624e+00,-1.065440737598528365e-01,-4.532444067812547717e-01,4.904777350177302875e-05,2.835252228415335307e-01,-4.429793333898842181e-03
2.220068053210661141e+00,7.516188069060325994e+00,3.812439860648856538e+00,5.923816261622134149e+00,-1.052550052326119978e-01,-4.496611570842614092e-01,5.358201938934076258e-05,2.817149282243315289e-01,-4.361384287728211316e-03
2.206671921733927899e+00,7.440507181400992209e+00,3.780318876901331393e+00,5.866860226233611364e+00,-1.039670934065057006e-01,-4.460134889437141203e-01,5.797864615081360640e-05,2.798503487499587328e-01,-4.293888245522406270e-03
2.192849548086762024e+00,7.364329104748969179e+00,3.747750206947142892e+00,5.809428445888577208e+00,-1.026803854069122390e-01,-4.423024473671551826e-01,6.223528024384278323e-05,2.779322386634304198e-01,-4.227294569389584457e-03
2.178604190796022966e+00,7.287662514899714949e+00,3.714738740569409892e+00,5.751527965126341790e+00,-1.013949318294080915e-01,-4.385290916938300310e-01,6.634969852853389582e-05,2.759613621410436646e-01,-4.161592739989291613e-03
2.163939322499946361e+00,7.210516432189045588e+00,3.681289620841108334e+00,5.693166133847971544e+00,-1.001107867249808325e-01,-4.346944960634269162e-01,7.031982709044398705e-05,2.739384937714844925e-01,-4.096772355193967381e-03
2.148858631494792171e+00,7.132900223478825019e+00,3.647408245804554916e+00,5.634350609169017865e+00,-9.882800758660983953e-02,-4.307997498772079270e-01,7.414374102503867858e-05,2.718644190273198369e-01,-4.032823128760559990e-03
2.133366023151640256e+00,7.054823604051601471e+00,3.613100270033639205e+00,5.575089357169687787e+00,-9.754665533699403979e-02,-4.268459582433259403e-01,7.781966284953895086e-05,2.697399347225048483e-01,-3.969734889011443391e-03
2.117465621201723547e+00,6.976296639408433364e+00,3.578371606072782374e+00,5.515390654537409176e+00,-9.626679431732694525e-02,-4.228342424096708241e-01,8.134596172797853297e-05,2.675658494561792278e-01,-3.907497577551310823e-03
2.101161768896372184e+00,6.897329747000375377e+00,3.543228425770997170e+00,5.455263090125742842e+00,-9.498849227762996839e-02,-4.187657401851148653e-01,8.472115198775859168e-05,2.653429840446973054e-01,-3.846101247979799229e-03
2.084459030015232806e+00,6.817933697810158122e+00,3.507677161462609217e+00,5.394715566362790149e+00,-9.371182036745301369e-02,-4.146416063419987585e-01,8.794389192536000710e-05,2.630721719356935995e-01,-3.785536064643126291e-03
2.067362189743581879e+00,6.738119617852055043e+00,3.471724507032795337e+00,5.333757300562775860e+00,-9.243685312795403564e-02,-4.104630130064479965e-01,9.101298218651410199e-05,2.607542596092088383e-01,-3.725792301363359954e-03
2.049876255412694803e+00,6.657898989584680294e+00,3.435377418861266019e+00,5.272397826136097088e+00,-9.116366848523478617e-02,-4.062311500336730496e-01,9.392736439268328796e-05,2.583901069632784653e-01,-3.666860340226305980e-03
2.032006457072520700e+00,6.577283653132852237e+00,3.398643116590412738e+00,5.210646993614851397e+00,-8.989234774367012293e-02,-4.019472253626228397e-01,9.668611925599951418e-05,2.559805876803586955e-01,-3.608730670345821050e-03
2.013758247938799872e+00,6.496285807463084261e+00,3.361529083793113326e+00,5.148514971608794788e+00,-8.862297558106743689e-02,-3.976124653590825675e-01,9.928846471158464526e-05,2.535265895804150738e-01,-3.551393886663557591e-03
1.995137304675716372e+00,6.414918011387984009e+00,3.324043068472012585e+00,5.086012247591667368e+00,-8.735564004403935379e-02,-3.932281151378473893e-01,1.017337542179516663e-04,2.510290149538467186e-01,-3.494840688742526912e-03
1.976149527518689997e+00,6.333193184423302924e+00,3.286193083405167137e+00,5.023149628536831557e+00,-8.609043254404143142e-02,-3.887954388676200801e-01,1.040214744068498898e-04,2.484887808774079443e-01,-3.439061879588674667e-03
1.956801040254519064e+00,6.251124607552047685e+00,3.247987406361751095e+00,4.959938241444821649e+00,-8.482744785459178649e-02,-3.843157200589361056e-01,1.061512431985225935e-04,2.459068195119465117e-01,-3.384048364484815337e-03
1.937098190024975075e+00,6.168725923789843968e+00,3.209434580135928528e+00,4.896389533678932260e+00,-8.356678410851378636e-02,-3.797902618303254929e-01,1.081228072839848786e-04,2.432840783796833828e-01,-3.329791149807316639e-03
1.917047546981273776e+00,6.086011138648742325e+00,3.170543412445218756e+00,4.832515273184804450e+00,-8.230854279633846582e-02,-3.752203871580855887e-01,1.099360397845139392e-04,2.406215206240585602e-01,-3.276281341901319134e-03
1.896655903760786410e+00,6.002994620398395043e+00,3.131322975643946460e+00,4.768327548515210346e+00,-8.105282876460877250e-02,-3.706074391035653615e-01,1.115909379513849164e-04,2.379201252473188144e-01,-3.223510145919013595e-03
1.875930274811754117e+00,5.919691100223581692e+00,3.091782606299112057e+00,4.703838768736215314e+00,-7.979975021541205193e-02,-3.659527810226708144e-01,1.130876200883604299e-04,2.351808873304907510e-01,-3.171468864689012870e-03
1.854877895530047338e+00,5.836115672154011946e+00,3.051931904566044906e+00,4.639061663117994172e+00,-7.854941870545842364e-02,-3.612577967512353716e-01,1.144263234796327744e-04,2.324048182288539766e-01,-3.120148897614045697e-03
1.833506221243176304e+00,5.752283792886245806e+00,3.011780733425467815e+00,4.574009280704001590e+00,-7.730194914636336068e-02,-3.565238907729242901e-01,1.156074007791010883e-04,2.295929457503720073e-01,-3.069541739540157695e-03
1.811822926013603619e+00,5.668211281405093338e+00,2.971339217732891669e+00,4.508694989685744225e+00,-7.605745980481135038e-02,-3.517524883640124056e-01,1.166313177558969683e-04,2.267463143099331391e-01,-3.019638979654962457e-03
1.789835901266640716e+00,5.583914318429693324e+00,2.930617743094126482e+00,4.443132476602226433e+00,-7.481607230308631729e-02,-3.469450357155132725e-01,1.174986499065389101e-04,2.238659850621764480e-01,-2.970432300406459537e-03
1.767553254248223515e+00,5.499409445691046727e+00,2.889626954569000539e+00,4.377335745370255715e+00,-7.357791161985460793e-02,-3.421030000347461408e-01,1.182100792303034109e-04,2.209530360130883830e-01,-2.921913476415593115e-03
1.744983306302595016e+00,5.414713565018304919e+00,2.848377755193894245e+00,4.311319116127003248e+00,-7.234310609110967960e-02,-3.372278696234374262e-01,1.187663912461667248e-04,2.180085621080105618e-01,-2.874074373390920947e-03
1.722134590988972924e+00,5.329843937286444344e+00,2.806881304348228134e+00,4.245097223927209562e+00,-7.111178741176121809e-02,-3.323211539361071165e-01,1.191684715348972912e-04,2.150336752994023715e-01,-2.826906947070809053e-03
1.699015851993274095e+00,5.244818181092965048e+00,2.765149015897052642e+00,4.178685017189203599e+00,-6.988409063629925921e-02,-3.273843836103557114e-01,1.194173021644220900e-04,2.120295045882819029e-01,-2.780403242167763141e-03
1.675636040891243406e+00,5.159654271329787711e+00,2.723192556198040570e+00,4.112097756022995654e+00,-6.866015418056053976e-02,-3.224191104795720575e-01,1.195139584958399004e-04,2.089971960458261446e-01,-2.734555391313829055e-03
1.652004314731191581e+00,5.074370537556819549e+00,2.681023841922434592e+00,4.045351010365582312e+00,-6.744011982340289424e-02,-3.174269075612748403e-01,1.194596052870311453e-04,2.059379128115471080e-01,-2.689355614027878066e-03
1.628130033419360911e+00,4.988985662115713815e+00,2.638655037660169178e+00,3.978460657874910211e+00,-6.622413270751073555e-02,-3.124093690191245276e-01,1.192554931875103308e-04,2.028528350659192514e-01,-2.644796215673402787e-03
1.604022756968526364e+00,4.903518678171655765e+00,2.596098553407387488e+00,3.911442881732814847e+00,-6.501234134164436684e-02,-3.073681101081794376e-01,1.189029548766609712e-04,1.997431599842044436e-01,-2.600869586446253982e-03
1.579692242538535796e+00,4.817988967458211924e+00,2.553367041819403660e+00,3.844314168177351831e+00,-6.380489760151462908e-02,-3.023047670912621387e-01,1.184034014299270576e-04,1.966101016632183229e-01,-2.557568200358600451e-03
1.555148441322107722e+00,4.732416257882155364e+00,2.510473395313232992e+00,3.777091303891022989e+00,-6.260195673115843962e-02,-2.972209971341543411e-01,1.177583181777644428e-04,1.934548910263668986e-01,-2.514884614227895759e-03
1.530401495273230106e+00,4.646820620979709382e+00,2.467430743015381900e+00,3.709791373237545820e+00,-6.140367734474189154e-02,-2.921184781818467746e-01,1.169692610398509469e-04,1.902787757082336217e-01,-2.472811466683450237e-03
1.505461733635046651e+00,4.561222469082249376e+00,2.424252447481952899e+00,3.642431755235313151e+00,-6.021022142692182555e-02,-2.869989088045377112e-01,1.160378524032446013e-04,1.870830199115794401e-01,-2.431341477184009378e-03
1.480339669340721809e+00,4.475642552411937203e+00,2.380952101309145252e+00,3.575030120443505322e+00,-5.902175433451115061e-02,-2.818640080288845606e-01,1.149657771467860190e-04,1.838689042468220070e-01,-2.390467445031029241e-03
1.455045995232589373e+00,4.390101955931331901e+00,2.337543523542064960e+00,3.507604427621817678e+00,-5.783844479716604425e-02,-2.767155151426216042e-01,1.137547786138545791e-04,1.806377255462058018e-01,-2.350182248406103552e-03
1.429591580119850658e+00,4.304622096003463128e+00,2.294040755914569463e+00,3.440172920208723895e+00,-5.666046491780253602e-02,-2.715551894769573926e-01,1.124066545507007575e-04,1.773907966559166161e-01,-2.310478843396882639e-03
1.403987464698934318e+00,4.219224716927815422e+00,2.250458058954769580e+00,3.372754122671976607e+00,-5.548799017346373735e-02,-2.663848101703618632e-01,1.109232530597664690e-04,1.741294462083374239e-01,-2.271350263068828979e-03
1.378244857307422411e+00,4.133931887249784332e+00,2.206809907906686075e+00,3.305366836650532658e+00,-5.432119941529563178e-02,-2.612061759080850920e-01,1.093064684686076427e-04,1.708550183711078363e-01,-2.232789616501416538e-03
1.352375129545974053e+00,4.048765995944756391e+00,2.163110988521551370e+00,3.238030136969171746e+00,-5.316027486886561876e-02,-2.560211046437320670e-01,1.075582375165001769e-04,1.675688725770577703e-01,-2.194790087859365031e-03
1.326389811752002545e+00,3.963749748415465124e+00,2.119376192689572225e+00,3.170763367477900996e+00,-5.200540213397624595e-02,-2.508314332986159023e-01,1.056805350576478508e-04,1.642723832325709843e-01,-2.157344935483214172e-03
1.300300588333403562e+00,3.878906162314590400e+00,2.075620613920842406e+00,3.103586136727137568e+00,-5.085677018403046701e-02,-2.456390174410927607e-01,1.036753704406860599e-04,1.609669394056331415e-01,-2.120447490956624877e-03
1.274119292991543251e+00,3.794258563271590390e+00,2.031859542720514611e+00,3.036518313542626579e+00,-4.971457136590104464e-02,-2.404457309498586048e-01,1.015447832644345016e-04,1.576539444971206683e-01,-2.084091158212808895e-03
1.247857903791384615e+00,3.709830580386427101e+00,1.988108461786446401e+00,2.969580022391362206e+00,-4.857900139847853849e-02,-2.352534656541019342e-01,9.929083991332479653e-05,1.543348158898544265e-01,-2.048269412641547365e-03
1.221528538139845965e+00,3.625646141656639010e+00,1.944383041123187494e+00,2.902791638673312136e+00,-4.745025937191672816e-02,-2.300641309596901662e-01,9.691562980526646776e-05,1.510109845822715235e-01,-2.012975800202787893e-03
1.195143447649158031e+00,3.541729469258553031e+00,1.900699133031055865e+00,2.836173783876649424e+00,-4.632854774645852464e-02,-2.248796534585620066e-01,9.442126185419535966e-05,1.476838948053702527e-01,-1.978203936547129772e-03
1.168715012872380221e+00,3.458105074631974141e+00,1.857072766947360343e+00,2.769747320557008230e+00,-4.521407235021798060e-02,-2.197019765166384198e-01,9.180986088184669991e-05,1.443550036193892994e-01,-1.943947506166310594e-03
1.142255737976473284e+00,3.374797753542595924e+00,1.813520144236666631e+00,2.703533347282407018e+00,-4.410704237785641885e-02,-2.145330598528348010e-01,8.908356485834781346e-05,1.410257804988253039e-01,-1.910200261524370004e-03
1.115778245310581340e+00,3.291832580989207280e+00,1.770057632861475216e+00,2.637553193438293864e+00,-4.300767038852278817e-02,-2.093748791009956700e-01,8.624452156062376029e-05,1.376977069016231681e-01,-1.876956022226241184e-03
1.089295269878595818e+00,3.209234905962859763e+00,1.726701761941390023e+00,2.571828413900070220e+00,-4.191617230300258984e-02,-2.042294253554365058e-01,8.329488613632515803e-05,1.343722758220025626e-01,-1.844208674184852218e-03
1.062819653766093886e+00,3.127030346190767141e+00,1.683469216275513158e+00,2.506380783681350088e+00,-4.083276740159526297e-02,-1.990987047072559635e-01,8.023681854157915794e-05,1.310509913325586528e-01,-1.811952168797004072e-03
1.036364340493584058e+00,3.045244782767491110e+00,1.640376830779840978e+00,2.441232292481220423e+00,-3.975767832144908032e-02,-1.939847377700510689e-01,7.707248147572828834e-05,1.277353681152966491e-01,-1.780180522133887038e-03
1.009942369293850284e+00,2.963904354648954076e+00,1.597441584829976335e+00,2.376405139112835130e+00,-3.869113105291953347e-02,-1.888895591885365599e-01,7.380403885130434882e-05,1.244269309769635845e-01,-1.748887814147391181e-03
9.835668693859318523e-01,2.883035453206001186e+00,1.554680596619481658e+00,2.311921725972445163e+00,-3.763335493726556458e-02,-1.838152171467654361e-01,7.043365434545797998e-05,1.211272143604660706e-01,-1.718068187877696369e-03
9.572510541596118694e-01,2.802664716567651482e+00,1.512111117392533677e+00,2.247804653334728453e+00,-3.658458266226425476e-02,-1.787637728583312546e-01,6.696349071668231123e-05,1.178377618411656502e-01,-1.687715848683099713e-03
9.310082153803111993e-01,2.722819024056303938e+00,1.469750525718301670e+00,2.184076713718329898e+00,-3.554505025931512657e-02,-1.737373000568918358e-01,6.339570959576837361e-05,1.145601256197911894e-01,-1.657825063471269830e-03
9.048517173539095682e-01,2.643525490521991816e+00,1.427616321706997038e+00,2.120760886168903792e+00,-3.451499709956229456e-02,-1.687378844776389331e-01,5.973247164473005633e-05,1.112958660072423528e-01,-1.628390159946819203e-03
8.787949910727775871e-01,2.564811460618220629e+00,1.385726121195381078e+00,2.057880330495622800e+00,-3.349466588945000656e-02,-1.637676233312276020e-01,5.597593794279265289e-05,1.080465509014087583e-01,-1.599405525876426096e-03
8.528515283939053226e-01,2.486704503148308376e+00,1.344097649975604769e+00,1.995458381566597161e+00,-3.248430266712527131e-02,-1.588286247782526583e-01,5.212827140489706412e-05,1.048137552625616753e-01,-1.570865608355070161e-03
8.270348762132028186e-01,2.409232405357866202e+00,1.302748738005448770e+00,1.933518543565618142e+00,-3.148415679806929046e-02,-1.539230074006537607e-01,4.819163959809275033e-05,1.015990605851309347e-01,-1.542764913087326306e-03
8.013586306536580883e-01,2.332423167208653503e+00,1.261697313622449190e+00,1.872084484239866953e+00,-3.049448097026997984e-02,-1.490528996669006900e-01,4.416821807978754677e-05,9.840405436364249581e-02,-1.515098003690286453e-03
7.758364313112141586e-01,2.256304995736218455e+00,1.220961397823690175e+00,1.811180029223748766e+00,-2.951553119001469605e-02,-1.442204394045833726e-01,4.006019501093943669e-05,9.523032956274773975e-02,-1.487859500995008947e-03
7.504819555441039070e-01,2.180906299432894269e+00,1.180559098583570110e+00,1.750829156393433284e+00,-2.854756677749512028e-02,-1.394277732710018369e-01,3.586977668243451767e-05,9.207948408519718575e-02,-1.461044082364869800e-03
7.253089127725367291e-01,2.106255682541331886e+00,1.140508605151901556e+00,1.691055990161965950e+00,-2.759085036069243088e-02,-1.346770562214222311e-01,3.159919423911111691e-05,8.895312023807172563e-02,-1.434646481034717626e-03
7.003310389384502788e-01,2.032381939666155102e+00,1.100828182559601354e+00,1.631884796045004915e+00,-2.664564787232386045e-02,-1.299704509948052256e-01,2.725071190018413247e-05,8.585284421028768764e-02,-1.408661485446213030e-03
6.755620909354412840e-01,1.959314050140202212e+00,1.061536166029662498e+00,1.573339975045977335e+00,-2.571222854293338939e-02,-1.253101275883723997e-01,2.282663623620617699e-05,8.278026554341108567e-02,-1.383083938611359654e-03
6.510158412112529991e-01,1.887081172704306198e+00,1.022650955603215284e+00,1.515446058312346356e+00,-2.479086489671711302e-02,-1.206982627511733602e-01,1.832932744346392473e-05,7.973699661548241946e-02,-1.357908737477257982e-03
6.267060724400598248e-01,1.815712640184912186e+00,9.841910108135621948e-01,1.458227701811411148e+00,-2.388183274614105039e-02,-1.161370394832502151e-01,1.376121194505454393e-05,7.672465212984289074e-02,-1.333130832308429504e-03
6.026465722990971274e-01,1.745237954248268775e+00,9.461748454563559951e-01,1.401709681091012794e+00,-2.298541118617396239e-02,-1.116286465393594302e-01,9.124796902220538852e-06,7.374484860786686968e-02,-1.308745226080724501e-03
5.788511283744801617e-01,1.675686780281352206e+00,9.086210224881325903e-01,1.345916886167706661e+00,-2.210188258859004107e-02,-1.071752779476265460e-01,4.422686814777379571e-06,7.079920389382340917e-02,-1.284746973887131334e-03
5.553335232227000207e-01,1.607088942453066771e+00,8.715481490879293247e-01,1.290874316587845794e+00,-2.123153259685057678e-02,-1.027791325432950570e-01,-3.423979645922337056e-07,6.788933667141365536e-02,-1.261131182355527784e-03
5.321075295505340863e-01,1.539474418828825186e+00,8.349748718177785189e-01,1.236607076561583751e+00,-2.037465011989639252e-02,-9.844241350961058235e-02,-5.167600336010436113e-06,6.501686598711314824e-02,-1.237893009080090522e-03
5.091869055513795761e-01,1.472873336626621565e+00,7.989198719351162659e-01,1.183140370242877770e+00,-1.953152732577645087e-02,-9.416732793653388722e-02,-1.004990317722553872e-05,6.218341078844015490e-02,-1.215027662064275616e-03
4.865853904395354701e-01,1.407315967709519722e+00,7.634018609147078527e-01,1.130499497234350503e+00,-1.870245963610378537e-02,-8.995608639805600937e-02,-1.498610349516017737e-05,5.939058947689539875e-02,-1.192530399174684648e-03
4.643167001356001689e-01,1.342832724162459357e+00,7.284395761015484139e-01,1.078709848196516941e+00,-1.788774571938102700e-02,-8.581090254428840047e-02,-1.997278385733498862e-05,5.664001947420326671e-02,-1.170396527611258699e-03
4.423945231481840601e-01,1.279454154058824011e+00,6.940517765581912801e-01,1.027796900648813683e+00,-1.708768748431589712e-02,-8.173399271282505429e-02,-2.500628084338429868e-05,5.393331680470828116e-02,-1.148621403385037890e-03
4.208325166635947245e-01,1.217210937429632489e+00,6.602572391183837430e-01,9.777862149748475229e-01,-1.630259007313938913e-02,-7.772757556145057367e-02,-3.008265060340520325e-05,5.127209569544465689e-02,-1.127200430808312712e-03
3.996443028368838468e-01,1.156133882395638413e+00,6.270747546304706876e-01,9.287034306020505170e-01,-1.553276185431812922e-02,-7.379387172047638388e-02,-3.519763106631795813e-05,4.865796819350781677e-02,-1.106129062003272925e-03
3.788434653291636312e-01,1.096253921567731160e+00,5.945231244537558801e-01,8.805742624431399657e-01,-1.477851441577280461e-02,-6.993510347268983018e-02,-4.034660086021067682e-05,4.609254380579023286e-02,-1.085402796412421539e-03
3.584435460317901279e-01,1.037602108526707312e+00,5.626211571093409081e-01,8.334244974491558100e-01,-1.404016255620780390e-02,-6.615349444877242913e-02,-4.552453481894078169e-05,4.357742915381013910e-02,-1.065017180328804323e-03
3.384580420856281302e-01,9.802096146684274869e-01,5.313876652472042661e-01,7.872799915068479093e-01,-1.331802427783720238e-02,-6.245126935645529953e-02,-5.072595581577261231e-05,4.111422765538835788e-02,-1.044967806433826562e-03
3.189004031137722128e-01,9.241077261611558846e-01,5.008414627963054810e-01,7.421666664786197298e-01,-1.261242077733190289e-02,-5.883065372975323365e-02,-5.594488308866604059e-05,3.870453922515441902e-02,-1.025250313349830578e-03
2.997840287590025077e-01,8.693278412534382049e-01,4.710013624331285120e-01,6.981105075793074821e-01,-1.192367643770748248e-02,-5.529387371345169389e-02,-6.117477666194720554e-05,3.634996000389043025e-02,-1.005860385199858036e-03
2.811222664307904684e-01,8.159014676419706902e-01,4.418861732148645638e-01,6.551375608578968723e-01,-1.125211881753037171e-02,-5.184315586231894729e-02,-6.640847822615182638e-05,3.405208210316932466e-02,-9.867937511825444676e-04
2.629284094116167703e-01,7.638602203024508208e-01,4.135146986030270311e-01,6.132739311110405600e-01,-1.059807864213821622e-02,-4.848072698649239648e-02,-7.163814819711664117e-05,3.181249338727343973e-02,-9.680461851559856714e-04
2.452156952017097991e-01,7.132358194202580437e-01,3.859057346838467017e-01,5.725457799381205026e-01,-9.961889792373706393e-03,-4.520881401487524681e-02,-7.685519922360183054e-05,2.963277727326313338e-02,-9.496135052336236856e-04
2.279973041940265288e-01,6.640600886605406705e-01,3.590780687216241773e-01,5.329793241329418008e-01,-9.343889293578676314e-03,-4.202964389730118322e-02,-8.205022615117608942e-05,2.751451256419167740e-02,-9.314915733902349266e-04
2.112863586415983375e-01,6.163649536497438630e-01,3.330504779801396475e-01,4.946008343112033856e-01,-8.744417303169361999e-03,-3.894544353346667681e-02,-8.721293278726380271e-05,2.545927330739995373e-02,-9.136762950789494324e-04
1.950959219627755037e-01,5.701824407763911307e-01,3.078417288763206638e-01,4.574366338628450546e-01,-8.163817097946828027e-03,-3.595843973923146253e-02,-9.233205565964755501e-05,2.346862868592311871e-02,-8.961636188593069584e-04
1.794389983706274061e-01,5.255446762517032022e-01,2.834705764387545623e-01,4.215130981835736312e-01,-7.602435060298185984e-03,-3.307085924498549129e-02,-9.739528523095009049e-05,2.154414293975723954e-02,-8.789495360344277454e-04
1.643285328490729780e-01,4.824838854735538085e-01,2.599557640998472197e-01,3.868566542227801497e-01,-7.060620663667765799e-03,-3.028492873109144348e-02,-1.023891849953237863e-04,1.968737532176098592e-02,-8.620300802986023605e-04
1.497774114533752809e-01,4.410323926096799685e-01,2.373160237807425965e-01,3.534937802823145403e-01,-6.538726456160980430e-03,-2.760287489157777982e-02,-1.072991091989501655e-04,1.789988008180093057e-02,-8.454013273961260167e-04
1.357984620096180650e-01,4.012226205903616227e-01,2.155700763783857388e-01,3.214510062215937269e-01,-6.037108044411025436e-03,-2.502692454421000939e-02,-1.121091198372685740e-04,1.618320649396188388e-02,-8.290593947874135266e-04
1.224044551342567261e-01,3.630870912671840256e-01,1.947366325263444331e-01,2.907549138750954998e-01,-5.556124074671283872e-03,-2.255930476561231190e-02,-1.168019039673460005e-04,1.453889891184583297e-02,-8.130004413268840293e-04
1.096081056612129290e-01,3.266584259639616628e-01,1.748343937585305763e-01,2.614321378666435436e-01,-5.096136213686526181e-03,-2.020224307023679028e-02,-1.213586922820843184e-04,1.296849686714408867e-02,-7.972206669489058936e-04
9.742207444566448882e-02,2.919693463121629251e-01,1.558820540219051087e-01,2.335093667359225689e-01,-4.657509127929958942e-03,-1.795796762480767264e-02,-1.257591803335914027e-04,1.147353520646942140e-02,-7.817163123631529296e-04
8.585897054552113494e-02,2.590526753528716863e-01,1.378983015334319662e-01,2.070133443649606608e-01,-4.240610460846115301e-03,-1.582870749550873563e-02,-1.299814538514589522e-04,1.005554426605992542e-02,-7.664836587585919332e-04
7.493135381786328320e-02,2.279413389893461817e-01,1.209018210326449211e-01,1.819708717745648074e-01,-3.845810808964447366e-03,-1.381669293662026246e-02,-1.340019197988101627e-04,8.716050092613468470e-03,-7.515190275166426905e-04
6.465173792576564549e-02,1.986683677562777195e-01,1.049112964164095330e-01,1.584088092656340541e-01,-3.473483696346013269e-03,-1.192415571407884518e-02,-1.377952451094377560e-04,7.456574706762080819e-03,-7.368187799321529105e-04
5.503259374580126567e-02,1.712668988571645623e-01,8.994541373450946897e-02,1.363540788684561023e-01,-3.124005546629562806e-03,-1.015332946444943638e-02,-1.413343052199392876e-04,6.278636412595219908e-03,-7.223793169427125162e-04
4.608635322816930641e-02,1.457701785950999696e-01,7.602286462004224921e-02,1.158336672032274223e-01,-2.797755654048038679e-03,-8.506450092965377185e-03,-1.445901448665126623e-04,5.183750156923909620e-03,-7.081970788664458541e-04
3.782541365731503791e-02,1.222115650277754151e-01,6.316235006729097046e-02,9.687462861779949641e-02,-2.495116151230493753e-03,-6.985756202712918583e-03,-1.475319535839686317e-04,4.173427936536072171e-03,-6.942685451468603259e-04
3.026214239556055535e-02,1.006245310586292158e-01,5.138258467852016564e-02,7.950408877566986221e-02,-2.216471976201216890e-03,-5.593489564572856447e-03,-1.501270589913613913e-04,3.249179261507402147e-03,-6.805902341056203203e-04
2.340888204161192809e-02,8.104266774845800270e-02,4.070230126716890134e-02,6.374924852290109190e-02,-1.962210835824874846e-03,-4.331895616479348142e-03,-1.523409407929978083e-04,2.412511670756736608e-03,-6.671587027024438116e-04
1.727795607430735597e-02,6.349968802510405630e-02,3.114025592007960141e-02,4.963738817933180392e-02,-1.732723167696167531e-03,-3.203224000124755416e-03,-1.541372689440564697e-04,1.664931307682937425e-03,-6.539705463023000841e-04
1.188167496521187576e-02,4.802943072064577712e-02,2.271523348605891321e-02,3.719587219979871018e-02,-1.528402099461605070e-03,-2.209729129841945042e-03,-1.554779693232658075e-04,1.007943555883171385e-03,-6.410223984494089816e-04
7.232342755786802177e-03,3.466586490246031244e-02,1.544605347768028027e-02,2.645215418056684475e-02,-1.349643405029739111e-03,-1.353670792183838886e-03,-1.563233208211882604e-04,4.430537373555942272e-04,-6.283109306475367700e-04
3.342264145492625932e-03,2.344309460396178102e-02,9.351576450557508302e-03,1.743378229889687089e-02,-1.196845458770543890e-03,-6.373147792623833985e-04,-1.566320873535842191e-04,-2.823212136188277960e-05,-6.158328521470838755e-04
2.237520528716088059e-04,1.439536382532868343e-02,4.450710794553092674e-03,1.016840508364719696e-02,-1.070409186001336109e-03,-6.293354948971852623e-05,-1.563616888948153680e-04,-4.044064555980191131e-04,-6.035849097385710422e-04
-2.110864277089117766e-03,7.557061985206586785e-03,7.624200426030276409e-04,4.683777665514395408e-03,-9.707380117566295936e-04,3.671930779707539643e-04,-1.554684151433141984e-04,-6.839592542721361582e-04,-5.915638875515100712e-04
-3.649230690908278341e-03,2.962729597770088520e-03,-1.694269420752123664e-03,1.007768327613914978e-03,-8.982378049799026945e-04,6.507772051075219567e-04,-1.539076857538740708e-04,-8.653770793240456692e-04,-5.797666068598364766e-04
-4.378958977363499663e-03,6.470644093937525515e-04,-2.900260115996020505e-03,-8.316344519736854068e-04,-8.533168207710547593e-04,7.855221045909995762e-04,-1.516343604622826815e-04,-9.471420045635234883e-04,-5.681899258923471443e-04
-4.426323139606852357e-03,2.549825175781270103e-04,-3.050634624565321754e-03,-1.120705997463381041e-03,-8.317259256109835403e-04,7.946556358382932724e-04,-1.487447454418806109e-04,-9.448491075483909755e-04,-5.568329005311281263e-04
-4.650746805410857672e-03,-6.307893257500307715e-04,-3.473300246750818474e-03,-1.808235884410107483e-03,-8.045637888926046718e-04,1.216105074361786029e-04,-1.205648531177044299e-04,-2.940019828055120011e-04,-5.457005979184218966e-04
-6.403612728263083018e-03,-5.813461842003713950e-03,-6.256964551461061119e-03,-5.960110018805725440e-03,-7.263411470751523265e-04,-3.757015235374391686e-03,3.052845295196585486e-05,3.439392578417323470e-03,-5.347907747592212362e-04
-9.893134368318165506e-03,-1.587858661603949034e-02,-1.172331560575318524e-02,-1.404840537860453306e-02,-5.900519790692590081e-04,-1.128080609779240698e-02,3.214464304122261222e-04,1.067801022425131016e-02,-5.240989875156174243e-04
-1.500241114031811152e-02,-3.049674614478016521e-02,-1.969154350436928824e-02,-2.580761378072904400e-02,-3.996328978276825596e-04,-2.221666019772536305e-02,7.436123650275850306e-04,2.119732813918808953e-02,-5.136208812915659880e-04
-2.160874992408436113e-02,-4.932252316074643705e-02,-2.997197624696469609e-02,-4.095929683786617148e-02,-1.592099889851747874e-04,-3.633603151351667837e-02,1.289150214808995869e-03,3.477667864865578023e-02,-5.033521880693301708e-04
-2.958129570762797755e-02,-7.198788795712002253e-02,-4.236243431092190370e-02,-5.920674935382630455e-02,1.268224728451267276e-04,-5.341482942782504323e-02,1.951028393220518914e-03,5.119900498064371142e-02,-4.932887249799764806e-04
-3.877940870257870487e-02,-9.809766082282322941e-02,-5.664573125054758740e-02,-8.023133827485440239e-02,4.537479555456001151e-04,-7.323335237169074918e-02,2.723150467648935771e-03,7.025070421223525430e-02,-4.834263926087877276e-04
-4.905171491677941253e-02,-1.272268425391240299e-01,-7.258820700037915685e-02,-1.036903504555247157e-01,8.164957622600493327e-04,-9.557625325530186289e-02,3.600394677338750443e-03,9.172155318335162288e-02,-4.737611733339066960e-04
-6.023576031240279738e-02,-1.589196152964343911e-01,-8.993918558745905845e-02,-1.292161900213787407e-01,1.209628915170258938e-03,-1.202325342645061135e-01,4.578604096898555159e-03,1.154047131306548402e-01,-4.642891296979558794e-04
-7.215820110665618903e-02,-1.926898242028959318e-01,-1.084312530053272994e-01,-1.564167723042246827e-01,1.627349559892544810e-03,-1.469955682886280590e-01,5.654529338834667941e-03,1.410968084137095846e-01,-4.550064028126105109e-04
-8.463546461893373118e-02,-2.280227560163233802e-01,-1.277812542365612813e-01,-1.848769663986953860e-01,2.063519705672796009e-03,-1.756631437857842093e-01,6.825725820793955741e-03,1.685980741139152250e-01,-4.459092107930503622e-04
-9.747481662797907731e-02,-2.643780375349760181e-01,-1.476919112467285911e-01,-2.141609429162272260e-01,2.511695195302355438e-03,-2.060375293466199798e-01,8.090407780454306197e-03,1.977125665841948932e-01,-4.369938472255106626e-04
-1.104757725721964845e-01,-3.011934813905704500e-01,-1.678539663265688486e-01,-2.438152876361975308e-01,2.965170871736449998e-03,-2.379255536606986743e-01,9.447261403962802645e-03,2.282484302877736404e-01,-4.282566796638652418e-04
-1.234317913587070770e-01,-3.378897123874889941e-01,-1.879487577849791036e-01,-2.733727459612170785e-01,3.417034982004237692e-03,-2.711386960968700799e-01,1.089521967110846853e-02,2.600182135341796985e-01,-4.196941481568485215e-04
-1.361321921682748792e-01,-3.738754132789814388e-01,-2.076511378574629196e-01,-3.023564675897930654e-01,3.860230935537830449e-03,-3.054931827546796264e-01,1.243320186264565419e-02,2.928392250241284023e-01,-4.113027638034625353e-04
-1.483642365695922449e-01,-4.085530352022519462e-01,-2.266326459457240761e-01,-3.302846258261189494e-01,4.287624615752954130e-03,-3.408100826939658989e-01,1.405982118305653707e-02,3.265339224571275900e-01,-4.030791073381141264e-04
-1.599153206315643838e-01,-4.413248252438415342e-01,-2.445648541450342606e-01,-3.566752917303714909e-01,4.692075534142879645e-03,-3.769153991699787376e-01,1.577306468758940539e-02,3.609303238403231973e-01,-3.950198277433628188e-04
-1.705752245876555051e-01,-4.715990318421798833e-01,-2.611228064963593276e-01,-3.810514499334765048e-01,5.066510215767983105e-03,-4.136401511269219289e-01,1.756995071852770346e-02,3.958624315465129051e-01,-3.871216408897872399e-04
-1.801383709894092133e-01,-4.987961580096178515e-01,-2.759884785552521036e-01,-4.029460504437734070e-01,5.403996314334101603e-03,-4.508204409619809838e-01,1.944617038732633640e-02,4.311706585967733929e-01,-3.793813282045422979e-04
-1.884060462093609667e-01,-5.223551427382400192e-01,-2.888541897349805598e-01,-4.219069992126203150e-01,5.697816074870704767e-03,-4.882975056714635165e-01,2.139572129560052619e-02,4.667022460863246569e-01,-3.717957353631335727e-04
-1.951885445447344436e-01,-5.417393622563151379e-01,-2.994259073509234481e-01,-4.375019994501250231e-01,5.941537890235035202e-03,-5.259177498947089635e-01,2.341054364116278499e-02,5.023116601231017997e-01,-3.643617710110995866e-04
-2.003071990055329543e-01,-5.564423550034014454e-01,-3.074263883415810916e-01,-4.493231656673533081e-01,6.129084834374992630e-03,-5.635327610444842428e-01,2.548017103898453373e-02,5.378609561378779880e-01,-3.570764055073680351e-04
-2.035962679728070546e-01,-5.659931868673822031e-01,-3.125981120210281627e-01,-4.569913428191634264e-01,6.254799195766935771e-03,-6.009993085613463126e-01,2.759141068576325545e-02,5.732200979747323899e-01,-3.499366696956031364e-04
-2.049046522701144513e-01,-5.699613864164216892e-01,-3.147059649303953766e-01,-4.601600737561404308e-01,6.313502179750862114e-03,-6.381793312619625791e-01,2.972806974671074118e-02,6.082672188532427526e-01,-3.429396536983868749e-04
-2.040974225622476101e-01,-5.679613929662843397e-01,-3.135396465534761035e-01,-4.585191689750549582e-01,6.300548092004875506e-03,-6.749399186214266599e-01,3.187074683208010462e-02,6.428888111749153644e-01,-3.360825057350793829e-04
-2.010571423492983900e-01,-5.596564733563353933e-01,-3.089157723247974996e-01,-4.517978433808349514e-01,6.211872457847458090e-03,-7.111532934995614674e-01,3.399670890403260620e-02,6.769798323432604237e-01,-3.293624309640646552e-04
-1.956849769320624377e-01,-5.447620757094315813e-01,-3.006796576599259918e-01,-4.397673949815681382e-01,6.044033667378413688e-03,-7.466968051154255770e-01,3.607987462486884900e-02,7.104437143906808805e-01,-3.227766903481577498e-04
-1.879015835748417684e-01,-5.230486002710574844e-01,-2.887067736838746512e-01,-4.222434101620238245e-01,5.794247865759660776e-03,-7.814529418293545415e-01,3.809092472668655638e-02,7.431922663914700689e-01,-3.163225995406554144e-04
-1.776477824817028761e-01,-4.943435781712706145e-01,-2.729038716355787209e-01,-3.990874890173956580e-01,5.460416925902496221e-03,-8.153093733496117324e-01,3.999755816347028842e-02,7.751454605169600942e-01,-3.099975277967935818e-04
-1.648850121244065381e-01,-4.585332586696497792e-01,-2.532097785910656373e-01,-3.702084922029920122e-01,5.041149448311826875e-03,-8.481590312006764831e-01,4.176490935486934508e-02,8.062310952606204228e-01,-3.037988969031715043e-04
-1.495955758542382164e-01,-4.155636140049150384e-01,-2.295958720960038502e-01,-3.355633177631482944e-01,4.535774828706019834e-03,-8.799002345925623914e-01,4.335613658548410909e-02,8.363843329086626532e-01,-2.977241801322017141e-04
-1.317826895263938258e-01,-3.654407782211808176e-01,-2.020662454340549363e-01,-2.951572223135188189e-01,3.944350516653948036e-03,-9.104368661691756293e-01,4.473318453640562353e-02,8.655471127574123624e-01,-2.917709012130852847e-04
-1.114703421559049001e-01,-3.082309425523268587e-01,-1.706575787264470456e-01,-2.490437059817853793e-01,3.267662661178373507e-03,-9.396785985441387101e-01,4.585771510935483797e-02,8.936674468255485504e-01,-2.859366333275567746e-04
-8.870298332735560010e-02,-2.440597348962749713e-01,-1.354387337378526457e-01,-1.973239844857777037e-01,2.507220399506765451e-03,-9.675411681838574918e-01,4.669219044702990068e-02,9.206986107173582567e-01,-2.802189981233892168e-04
-6.354505234172269645e-02,-1.731111149932123006e-01,-9.651009237322227818e-02,-1.401460749617138291e-01,1.665244097491851150e-03,-9.939466882949175019e-01,4.720108084861878578e-02,9.465982485951448533e-01,-2.746156647458056817e-04
-3.608036486158439082e-02,-9.562582000048713837e-02,-5.400266031990996751e-02,-7.770352454216133964e-02,7.446478929030303506e-04,-1.018823987241330942e+00,4.735215880918319103e-02,9.713274175576114278e-01,-2.691243488928508421e-04
-6.411373243443652115e-03,-1.189939757329616654e-02,-8.076958315180071679e-03,-1.023381250155797062e-02,-2.509830703123563933e-04,-1.042108954054473902e+00,4.711782953123044848e-02,9.948496026387269042e-01,-2.637428118852173367e-04
2.534168321526331091e-02,7.772013484660567073e-02,4.107827597471080949e-02,6.198354208715839420e-02,-1.317420299866631228e-03,-1.063744868258341691e+00,4.647643893097049006e-02,1.017129738627223112e+00,-2.584688597565863786e-04
5.904172212741487513e-02,1.728349647933757893e-01,9.324755233342463256e-02,1.386291345873655878e-01,-2.449824064406490309e-03,-1.083682687993448024e+00,4.541349340090412856e-02,1.038133278428388317e+00,-2.533003423609118954e-04
9.453584055086294846e-02,2.730004535825871770e-01,1.481902358208118109e-01,2.193460583126389807e-01,-3.642779497989488691e-03,-1.101881268727364915e+00,4.392272233852165253e-02,1.057825349246386049e+00,-2.482351524996107288e-04
1.316564016379020430e-01,3.777283595431115693e-01,2.056422759453448990e-01,3.037424852356691574e-01,-4.890336235091115313e-03,-1.118307485067640883e+00,4.200691549049286044e-02,1.076170037053449047e+00,-2.432712250641672904e-04
1.702221720110717040e-01,4.864902773453634310e-01,2.653180362937543890e-01,3.913944130626800799e-01,-6.186051113446736083e-03,-1.132936230583142745e+00,3.967847299198262734e-02,1.093129836372359609e+00,-2.384065361955297702e-04
2.100394979382320670e-01,5.987212571817610574e-01,3.269122053780031401e-01,4.818485497419904284e-01,-7.523033493614383893e-03,-1.145750275179757249e+00,3.695961673720946083e-02,1.108665296282041801e+00,-2.336391024619446130e-04
2.509035101816254887e-01,7.138235706631941291e-01,3.901017716543893066e-01,5.746253091904298671e-01,-8.893992768382569247e-03,-1.156739966336442382e+00,3.388222709268649824e-02,1.122734884940812305e+00,-2.289669800527433224e-04
2.925993494501359926e-01,8.311705942224900667e-01,4.545480482872288341e-01,6.692218953853954488e-01,-1.029128766987847526e-02,-1.165902769059799393e+00,3.048728820152822594e-02,1.135295084237070817e+00,-2.243882639862857735e-04
3.349034066911829033e-01,9.501107856048922606e-01,5.198987362830500558e-01,7.651154560130271065e-01,-1.170697702828186332e-02,-1.173242649226162060e+00,2.682394703139788505e-02,1.146300714083861028e+00,-2.199010873362326139e-04
3.775845788025793404e-01,1.069971731961919303e+00,5.857900199436372191e-01,8.617662908208645334e-01,-1.313287150025453653e-02,-1.178769315395471473e+00,2.294821431011259683e-02,1.155705473161449781e+00,-2.165808267772543691e-04
4.204055111737157180e-01,1.190064272274570012e+00,6.518486754429213548e-01,9.586211080053601563e-01,-1.456058735894618511e-02,-1.182497343965553949e+00,1.892135824276752754e-02,1.163462671040856655e+00,-2.111725296018286495e-04
4.631239119845593777e-01,1.309686636550908556e+00,7.176942346743386825e-01,1.055116313861129029e+00,-1.598159816087476454e-02,-1.184445222777992246e+00,1.480806061359984938e-02,1.169526114305274422e+00,-2.069495696314963505e-04
5.054938016347125807e-01,1.428128680990603527e+00,7.829411325320534409e-01,1.150681350093269995e+00,-1.738729087729345285e-02,-1.184634353048643618e+00,1.067442316522959622e-02,1.173851103495936021e+00,-2.028110383456642430e-04
5.472668431314278159e-01,1.544676136254293564e+00,8.472009147939196794e-01,1.244742064591830122e+00,-1.876901964870701656e-02,-1.183088057138551363e+00,6.585919244484900181e-03,1.176395488534773826e+00,-1.987552481721327772e-04
5.881936744657767502e-01,1.658614921894816963e+00,9.100844672717918193e-01,1.336724129088795010e+00,-2.011816118020105792e-02,-1.179830638899347584e+00,2.605391991732597390e-03,1.177120731022581968e+00,-1.947805452552395613e-04
6.280252779060397916e-01,1.769235513956442407e+00,9.712042867693599923e-01,1.426056505093116211e+00,-2.142617036268826269e-02,-1.174886542978988979e+00,-1.208804057598822368e-03,1.175992921943602942e+00,-1.908853087794410211e-04
6.665143883209363462e-01,1.875837371512551144e+00,1.030176797056764793e+00,1.512174962776746234e+00,-2.268463626351330253e-02,-1.168279654454234429e+00,-4.804430499206452376e-03,1.172983708824543836e+00,-1.870679503148228360e-04
7.034169459040502392e-01,1.977733423564647541e+00,1.086624714046064533e+00,1.594525655422628141e+00,-2.388533841314689765e-02,-1.160032772774314047e+00,-8.136689903509103372e-03,1.168071094522193931e+00,-1.833269131697443696e-04
7.384935972756510036e-01,2.074254614539720709e+00,1.140179462417803435e+00,1.672568749397587151e+00,-2.502030328150488259e-02,-1.150167284423338154e+00,-1.116919626032233936e-02,1.161240080330850244e+00,-1.796606717533878034e-04
7.715112471261043048e-01,2.164754502587122431e+00,1.190483643468106534e+00,1.745782106245117760e+00,-2.608186079618205616e-02,-1.138703047765988075e+00,-1.387456218650186257e-02,1.152483138035993004e+00,-1.760677309576957862e-04
8.022446604085570199e-01,2.248613900198842774e+00,1.237193551031431138e+00,1.813665009575965215e+00,-2.706270070809124739e-02,-1.125658492113747577e+00,-1.623459781442856964e-02,1.141800507869323411e+00,-1.725466255495571521e-04
8.304781127275788766e-01,2.325245541760417645e+00,1.279981729204167307e+00,1.875741925283824774e+00,-2.795592856263194245e-02,-1.111050922026244558e+00,-1.824013901216421651e-02,1.129200331030592253e+00,-1.690959195728016331e-04
8.560070840778323253e-01,2.394098757672167732e+00,1.318539562357770034e+00,1.931566279392242125e+00,-2.875512098855799101e-02,-1.094897008045935483e+00,-1.989054258045853951e-02,1.114698635619601141e+00,-1.657142057634292641e-04
8.786399885563841439e-01,2.454664129908212367e+00,1.352579884725221726e+00,1.980724233739374673e+00,-2.945437997516419520e-02,-1.077213437114247219e+00,-2.119290196819442751e-02,1.098319202768110348e+00,-1.624001049784465800e-04
8.981999301008122272e-01,2.506478099259216386e+00,1.381839593656834619e+00,2.022838435703189219e+00,-3.004838577034707470e-02,-1.058017690243131970e+00,-2.216104794524173527e-02,1.080093344984537129e+00,-1.591522656336090728e-04
9.145264717590337877e-01,2.549127490185107092e+00,1.406082247561700527e+00,2.057571714382439243e+00,-3.053244799922112673e-02,-1.037328911835352585e+00,-2.281440419282755594e-02,1.060059631064914409e+00,-1.559693631516135138e-04
9.274774034588492144e-01,2.582253915073239536e+00,1.425100626534312909e+00,2.084630691997785057e+00,-3.090255457340954082e-02,-1.015168834286998889e+00,-2.317676804720721073e-02,1.038263591439379852e+00,-1.528500994248436855e-04
9.369304906988696890e-01,2.605558015657075899e+00,1.438719230670089111e+00,2.103769275685863249e+00,-3.115541793341161311e-02,-9.915627229305019608e-01,-2.327508223712579372e-02,1.014757434852924245e+00,-1.497932022866596525e-04
9.427851841013888956e-01,2.618803495528957193e+00,1.446796688189562197e+00,2.114791991440791108e+00,-3.128851814158999795e-02,-9.665403095564485403e-01,-2.313825531044576278e-02,9.895998023141181488e-01,-1.467974249924331972e-04
9.449642673259940340e-01,2.621820893924968754e+00,1.449228042653784909e+00,2.117557118597182875e+00,-3.130014231893844812e-02,-9.401366871894253352e-01,-2.279607767094597726e-02,9.628555779080322230e-01,-1.438615457109389587e-04
9.434154185524046277e-01,2.614511047499100016e+00,1.445946885911596924e+00,2.111979580139909718e+00,-3.118941989708867019e-02,-9.123931439364341145e-01,-2.227826793699257124e-02,9.345957690035868737e-01,-1.409843670304842969e-04
9.381126586572220427e-01,2.596848183695545931e+00,1.436927301027215442e+00,2.098033541325549756e+00,-3.095635313800389893e-02,-8.833579190744944576e-01,-2.161367182442933133e-02,9.048974612243170235e-01,-1.381647154677334262e-04
9.290576574954558797e-01,2.568882586926087619e+00,1.422185577515949539e+00,2.075754666905588852e+00,-3.060184236102487382e-02,-8.530868696595421685e-01,-2.082962392380744571e-02,8.738438468347528021e-01,-1.354014409881503476e-04
9.162808684391630099e-01,2.530742777210663874e+00,1.401781659869994368e+00,2.045241985779834071e+00,-3.012770531158281279e-02,-8.216440404966885991e-01,-1.995147233668242287e-02,8.415243193472244920e-01,-1.326934165482815159e-04
8.998424607178624468e-01,2.482637140667357301e+00,1.375820289849652767e+00,2.006659311535564871e+00,-2.953669011209297118e-02,-7.891021341130424194e-01,-1.900225765225535546e-02,8.080346224715919679e-01,-1.300395376191733343e-04
8.798330192938734751e-01,2.424854952576421141e+00,1.344451803549512992e+00,1.960236168320782069e+00,-2.883248125688759461e-02,-7.555428803353676503e-01,-1.800253142427844788e-02,7.734770381700252218e-01,-1.274387217522409354e-04
8.563739831077186171e-01,2.357766736904426175e+00,1.307872545970421907e+00,1.906268174041727548e+00,-2.801969815125372743e-02,-7.210573072122100635e-01,-1.697029516085916956e-02,7.379605965691922176e-01,-1.248899081314446533e-04
8.296177947016025733e-01,2.281823911546745798e+00,1.266324868963223604e+00,1.845116837285125211e+00,-2.710388575398407773e-02,-6.857459164448784783e-01,-1.592103870187022707e-02,7.016012897688786998e-01,-1.223920571410889828e-04
7.997477375555924750e-01,2.197557676296748586e+00,1.220096683066957066e+00,1.777208730785381663e+00,-2.609149696491976436e-02,-6.497187673507919259e-01,-1.486785643919252137e-02,6.645222720258049387e-01,-1.199441499450213132e-04
7.669774419936801202e-01,2.105577110777866245e+00,1.169520540002468634e+00,1.703034012769083727e+00,-2.498986650479284935e-02,-6.130954738597816922e-01,-1.382162077172603698e-02,6.268540302051599511e-01,-1.175451880663920632e-04
7.315500462350679189e-01,2.006566462294650854e+00,1.114972230406316545e+00,1.623144278123402451e+00,-2.380717616458719391e-02,-5.760051193120218072e-01,-1.279119409747563746e-02,5.887345105708503556e-01,-1.151941929884055520e-04
6.937370060778699221e-01,1.901281618806281326e+00,1.056868890808228434e+00,1.538149734075914488e+00,-2.255241145623657420e-02,-5.385860940544988651e-01,-1.178366316719355739e-02,5.503091907358113044e-01,-1.128902057490771299e-04
6.538365545968924941e-01,1.790545779515690938e+00,9.956666245752507916e-01,1.448715709537330198e+00,-2.123530987080447796e-02,-5.009858611315803900e-01,-1.080458243177316938e-02,5.117310887001877973e-01,-1.106322865543553520e-04
6.121718220840519642e-01,1.675244354939476432e+00,9.318576535578660947e-01,1.355558523465663523e+00,-1.986630114553630810e-02,-4.633606558305477519e-01,-9.858215857552480449e-03,4.731607042123805451e-01,-1.084195143942761231e-04
5.690886358865846484e-01,1.556319148912398420e+00,8.659670299565571661e-01,1.259440754842424237e+00,-1.845644014821207213e-02,-4.258751255008996206e-01,-8.947769357319133865e-03,4.347658910195505433e-01,-1.062509866653289960e-04
5.249530296950872810e-01,1.434761896688740990e+00,7.985489513763133207e-01,1.161165975007510731e+00,-1.701733320641091868e-02,-3.887019169334416935e-01,-8.075608368706809620e-03,3.967216618253068816e-01,-1.041258188077445312e-04
4.801485017407846057e-01,1.311607255072725575e+00,7.301827355110974693e-01,1.061573021302409714e+00,-1.556105892928481317e-02,-3.520212196011015537e-01,-7.243457124606639264e-03,3.592099308011271752e-01,-1.020431439406138078e-04
4.350730711186555633e-01,1.187925362138354757e+00,6.614685242277252852e-01,9.615299090292871442e-01,-1.410008478972953755e-02,-3.160202741976531060e-01,-6.452577781537597798e-03,3.224192012536439833e-01,-1.000021125096272343e-04
3.901361905970114896e-01,1.064814104532716854e+00,5.930227993573335965e-01,8.619274957723971342e-01,-1.264718094423323072e-02,-2.808928570438186112e-01,-5.703928803712393983e-03,2.865442084149961710e-01,-9.800189194306694381e-05
3.457555826299569812e-01,9.433912493343258321e-01,5.254738040529500775e-01,7.636730279113328468e-01,-1.121533296474496420e-02,-2.468387520296510262e-01,-4.998302877625277613e-03,2.517855292999866546e-01,-9.604166631041554487e-05
3.023540725064541856e-01,8.247866141730102463e-01,4.594569736508869462e-01,6.676837130285770971e-01,-9.817655333473576662e-03,-2.140632226864177534e-01,-4.336445198873330534e-03,2.183491730649603224e-01,-9.412063598957720525e-05
2.603564985121566422e-01,7.101344635788223725e-01,3.956104884179369452e-01,5.748804736730414033e-01,-8.467307705832597536e-03,-1.827764977107512734e-01,-3.719153283537088989e-03,1.864461663435199590e-01,-9.223801734299691857e-05
2.201867835063254231e-01,6.005663310070432637e-01,3.345710671834306593e-01,4.861820473299381939e-01,-7.177416075748220894e-03,-1.531932837099062306e-01,-3.147359566279098880e-03,1.562921485900431451e-01,-9.039304239651262444e-05
1.822652553877442960e-01,4.972044746022374340e-01,2.769701255941832696e-01,4.024996043957984604e-01,-5.961001080410597078e-03,-1.255323190825621271e-01,-2.622198008602950013e-03,1.281069925689238831e-01,-8.858495852754069645e-05
1.470063056056913064e-01,4.011561806430138932e-01,2.234304256744834571e-01,3.247320605742221034e-01,-4.830915759376336847e-03,-1.000159827839901677e-01,-2.145055801735940536e-03,1.021144648227791385e-01,-8.681302815709175398e-05
1.148164753700253449e-01,3.135091321961969157e-01,1.745633448002293364e-01,2.537622627659925079e-01,-3.799795140261076534e-03,-7.686997127131345309e-02,-1.717611053609818372e-03,7.854194030485500688e-02,-8.507652845087113936e-05
8.609305869281254353e-02,2.353280620671258649e-01,1.309668923001101881e-01,1.904542284598276236e-01,-2.880020061821264750e-03,-5.632305622272594514e-02,-1.341857129561773755e-03,5.762018443910644355e-02,-8.337475102284049348e-05
6.122331031449323308e-02,1.676529096785519535e-01,9.322460130599526107e-02,1.356516186870495855e-01,-2.083697675388252509e-03,-3.860693476354473685e-02,-1.020114103799587332e-03,3.958321479786662545e-02,-8.170700164832924144e-05
4.058434522483395784e-02,1.114987015410485727e-01,6.190542254493877627e-02,9.017762422094373342e-02,-1.422661091076978836e-03,-2.395618298380865901e-02,-7.550275872210544630e-04,2.466825344742233639e-02,-8.007259997913434256e-05
2.454381548438432786e-02,6.785737579327584534e-02,3.756474630795079983e-02,5.483644496970962318e-02,-9.084906689701223231e-04,-1.260832265549528819e-02,-5.495550394928860318e-04,1.311577997745618125e-02,-7.847087926813119021e-05
1.346144980479187930e-02,3.770177363921049796e-02,2.074667936406108387e-02,3.041654407994115808e-02,-5.525595036279270069e-04,-4.804010339143687143e-03,-4.069395438920834856e-04,5.169694382656790654e-03,-7.690118609595533792e-05
7.691542507730946693e-03,2.199202575617261596e-02,1.198770597815359412e-02,1.769586228574994077e-02,-3.661057260646234960e-04,-7.873577259939648458e-04,-3.306709082106873508e-04,1.077598505907979278e-03,-7.536288010571130596e-05
6.598613658676495859e-03,1.899882909721710769e-02,1.032340671482715952e-02,1.527403604106644663e-02,-3.288367720089584905e-04,-1.023840880433969690e-04,-3.123058193257088671e-04,3.750686430545699824e-04,-7.385533374145920903e-05
6.466708049432991386e-03,1.861889482084822661e-02,1.011699793787389397e-02,1.496860493240733357e-02,-3.222591537089379175e-04,-1.004222413191214460e-04,-3.058782502753041037e-04,3.674719133904799694e-04,-7.237793199227117457e-05
6.337438060191403003e-03,1.824655883851883723e-02,9.914715476316199316e-03,1.466928142239414673e-02,-3.158131195815664033e-04,-9.849619422935926728e-05,-2.995865348620925647e-04,3.600309827459728228e-04,-7.093007214181602652e-05
6.210751079775058553e-03,1.788166917831568795e-02,9.716476872806833684e-03,1.437594338528391802e-02,-3.094960361409828721e-04,-9.660537021475505259e-05,-2.934276604263045944e-04,3.527425790462756280e-04,-6.951116352283812549e-05
6.086595545168921491e-03,1.752407690841589066e-02,9.522201316501740717e-03,1.408847113708305669e-02,-3.033053226520371652e-04,-9.474919854190035160e-05,-2.873986866376351118e-04,3.456035020260285950e-04,-6.812062727604321975e-05
5.964920920718853881e-03,1.717363607624082522e-02,9.331809610229958515e-03,1.380674738672970671e-02,-2.972384500726785780e-04,-9.292711442740854769e-05,-2.814967435480302785e-04,3.386106215338327953e-04,-6.675789611395732822e-05
5.845677677729969879e-03,1.683020364882993267e-02,9.145224138309447637e-03,1.353065718825043062e-02,-2.912929400171434050e-04,-9.113855914645791530e-05,-2.757190297055169166e-04,3.317608758766277992e-04,-6.542241409017540937e-05
5.728817274476265264e-03,1.649363945449492524e-02,8.962368835035478334e-03,1.326008789393563411e-02,-2.854663637404846258e-04,-8.938298012413142465e-05,-2.700628103251912285e-04,3.250512702084535147e-04,-6.411363637227577184e-05
5.614292136645018111e-03,1.616380612549599138e-02,8.783169153780247609e-03,1.299492910836079311e-02,-2.797563411408844581e-04,-8.765983102433378815e-05,-2.645254155170733779e-04,3.184788749619185330e-04,-6.283102902000397866e-05
5.502055638094946292e-03,1.584056904195382115e-02,8.607552036682461841e-03,1.273507264336627004e-02,-2.741605397848010219e-04,-8.596857182283828072e-05,-2.591042385662258203e-04,3.120408243220594785e-04,-6.157406876721732030e-05
5.392062081968959815e-03,1.552379627682565905e-02,8.435445884905908714e-03,1.248041247388874744e-02,-2.686766739513252221e-04,-8.430866886507785984e-05,-2.537967342655383799e-04,3.057343147306627526e-04,-6.034224280908715999e-05
5.284266682363542543e-03,1.521335854211826322e-02,8.266780529657638543e-03,1.223084469482419064e-02,-2.633025036942497556e-04,-8.267959493366754207e-05,-2.486004173010916566e-04,2.995566034511113222e-04,-5.913504859245726961e-05
5.178625546110406097e-03,1.490912913597678031e-02,8.101487203548888780e-03,1.198626747853831151e-02,-2.580358339244400194e-04,-8.108082928158435055e-05,-2.435128606821354883e-04,2.935050071424907033e-04,-5.795199361133805839e-05
5.075095655104017861e-03,1.461098389102885760e-02,7.939498512714375858e-03,1.174658103341850827e-02,-2.528745135107962139e-04,-7.951185767999028025e-05,-2.385316942211189017e-04,2.875769004954827589e-04,-5.679259520613337764e-05
4.973634848935922642e-03,1.431880112359417041e-02,7.780748409406296716e-03,1.151168756312376598e-02,-2.478164343964645868e-04,-7.797217244487797579e-05,-2.336546030575683967e-04,2.817697148877791472e-04,-5.565638036619621916e-05
4.874201807751580781e-03,1.403246158406136999e-02,7.625172165094911206e-03,1.128149122671804304e-02,-2.428595307390330176e-04,-7.646127245344370212e-05,-2.288793262257818773e-04,2.760809370737137090e-04,-5.454288553782943961e-05
4.776756035620314915e-03,1.375184840810523071e-02,7.472706344179963142e-03,1.105589809954559549e-02,-2.380017780599493144e-04,-7.497866317380131457e-05,-2.242036552645409997e-04,2.705081079233377260e-04,-5.345165643491805362e-05
4.681257844147115356e-03,1.347684706902692146e-02,7.323288778209363983e-03,1.083481613496466850e-02,-2.332411924177990863e-04,-7.352385666372100639e-05,-2.196254328684941266e-04,2.650488211741452169e-04,-5.238224785353886833e-05
4.587668336417627737e-03,1.320734533096242294e-02,7.176858540591256157e-03,1.061815512678883008e-02,-2.285758295941257487e-04,-7.209637157287761885e-05,-2.151425515786844003e-04,2.597007222211784481e-04,-5.133422349048652727e-05
4.495949391239049790e-03,1.294323320304441652e-02,7.033355921799604345e-03,1.040582667248384462e-02,-2.240037842976584919e-04,-7.069573315297611373e-05,-2.107529525106471564e-04,2.544615069487972739e-04,-5.030715576552067836e-05
4.406063647736916181e-03,1.268440289452319077e-02,6.892722405117133848e-03,1.019774413714294621e-02,-2.195231893847241086e-04,-6.932147323853322246e-05,-2.064546241208066164e-04,2.493289205731980158e-04,-4.930062564707314956e-05
4.317974490199915846e-03,1.243074877062549065e-02,6.754900642773015683e-03,9.993822618052433313e-03,-2.151322150926104025e-04,-6.797313023403615557e-05,-2.022456010047516480e-04,2.443007565210407201e-04,-4.831422248104563598e-05
4.231646033319293870e-03,1.218216730955377913e-02,6.619834432699271166e-03,9.793978910173743724e-03,-2.108290682908172254e-04,-6.665024910716742333e-05,-1.981239627349793840e-04,2.393748553496215237e-04,-4.734754382357467256e-05
4.147043107581415561e-03,1.193855706019084431e-02,6.487468695606878229e-03,9.598131472165356490e-03,-2.066119917492274371e-04,-6.535238135519055684e-05,-1.940878327300681559e-04,2.345491036682451243e-04,-4.640019527703101893e-05
4.064131245089374483e-03,1.169981860062216904e-02,6.357749452606520184e-03,9.406200393105032878e-03,-2.024792634149849579e-04,-6.407908498786047975e-05,-1.901353771538208371e-04,2.298214331104892665e-04,-4.547179032873480809e-05
3.982876665563662988e-03,1.146585449754151248e-02,6.230623803220822557e-03,9.218107359884363319e-03,-1.984291957092461389e-04,-6.282992449059988244e-05,-1.862648038481917365e-04,2.251898193130103280e-04,-4.456195019392534163e-05
3.903246262682604807e-03,1.123656926651015603e-02,6.106039903890461348e-03,9.033775625302338519e-03,-1.944601348370151206e-04,-6.160447079840681260e-05,-1.824743612961198815e-04,2.206522809351217380e-04,-4.367030366115337879e-05
3.825207590669581562e-03,1.101186933295602785e-02,5.983946946875012829e-03,8.853129976750582705e-03,-1.905704601078932864e-04,-6.040230125562177574e-05,-1.787623376125902354e-04,2.162068786925241612e-04,-4.279648694023462959e-05
3.748728851123222898e-03,1.079166299386540712e-02,5.864295139532149127e-03,8.676096705456463540e-03,-1.867585832737233772e-04,-5.922299957339296605e-05,-1.751270595635037253e-04,2.118517144120489297e-04,-4.194014351495830792e-05
3.673778880135997009e-03,1.057586038054490057e-02,5.747035684119678606e-03,8.502603576561240661e-03,-1.830229478806247637e-04,-5.806615579281778359e-05,-1.715668916149403031e-04,2.075849301233908205e-04,-4.110092399688914321e-05
3.600327135709065467e-03,1.036437342171915924e-02,5.632120757906077316e-03,8.332579799522180780e-03,-1.793620286273637664e-04,-5.693136623792060657e-05,-1.680802350051193448e-04,2.034047071585553114e-04,-4.027848598314396207e-05
3.528343685306644523e-03,1.015711580771050219e-02,5.519503493703427355e-03,8.165955999313719363e-03,-1.757743307457140618e-04,-5.581823346438558693e-05,-1.646655268442161581e-04,1.993092652783599330e-04,-3.947249391694174035e-05
3.457799193750177042e-03,9.954002955122751711e-03,5.409137960789730387e-03,8.002664188083185789e-03,-1.722583893856511131e-04,-5.472636622067558829e-05,-1.613212392381046373e-04,1.952968618280704108e-04,-3.868261895032979814e-05
3.388664911332265293e-03,9.754951972322747911e-03,5.300979146224251391e-03,7.842637737430737527e-03,-1.688127690168541120e-04,-5.365537937590433544e-05,-1.580458784368362333e-04,1.913657908883586371e-04,-3.790853881025560537e-05
3.320912662102821870e-03,9.559881625601267946e-03,5.194982936487672898e-03,7.685811351216400439e-03,-1.654360628423645380e-04,-5.260489388853143182e-05,-1.548379840050482961e-04,1.875143824837119193e-04,-3.714993766767790440e-05
3.254514832556757928e-03,9.368712306042348975e-03,5.091106099616036530e-03,7.532121038983096394e-03,-1.621268922207637548e-04,-5.157453673774835398e-05,-1.516961280182944709e-04,1.837410017783781325e-04,-3.640650600752154506e-05
3.189444360310686715e-03,9.181365996939458429e-03,4.989306267490907672e-03,7.381504089759227498e-03,-1.588839061034626231e-04,-5.056394086931702368e-05,-1.486189142758120060e-04,1.800440483054820367e-04,-3.567794050382263276e-05
3.125674723175302788e-03,8.997766242017011390e-03,4.889541918648861694e-03,7.233899046543447280e-03,-1.557057804827693026e-04,-4.957274513432593762e-05,-1.456049775396023489e-04,1.764219552093182291e-04,-3.496394389510119633e-05
3.063179928394218349e-03,8.817838114178969816e-03,4.791772361365048694e-03,7.089245681208132532e-03,-1.525912178484319375e-04,-4.860059423338015591e-05,-1.426529827914514129e-04,1.728731885118410484e-04,-3.426422486334066456e-05
3.001934502116755665e-03,8.641508184946355975e-03,4.695957717107974300e-03,6.947484969955139075e-03,-1.495389466577329469e-04,-4.764713865500718034e-05,-1.397616245103547176e-04,1.693962463932450970e-04,-3.357849791539309592e-05
2.941913478992618566e-03,8.468704494413236555e-03,4.602058904234914392e-03,6.808559069170966316e-03,-1.465477208155100005e-04,-4.671203460960649066e-05,-1.369296259685319895e-04,1.659896584837913238e-04,-3.290648326608639569e-05
2.883092392106906265e-03,8.299356521933799052e-03,4.510037622145151096e-03,6.672411291895537742e-03,-1.436163191637863576e-04,-4.579494397120891435e-05,-1.341557385477370242e-04,1.626519851835039887e-04,-3.224790672479217767e-05
2.825447263045748406e-03,8.133395157374110132e-03,4.419856335694519710e-03,6.538986084725320613e-03,-1.407435449836651068e-04,-4.489553420948793477e-05,-1.314387410735442163e-04,1.593818169887923166e-04,-3.160249958277791061e-05
2.768954592098841865e-03,7.970752672734709304e-03,4.331478259816508303e-03,6.408229005017042866e-03,-1.379282255032766944e-04,-4.401347832609951369e-05,-1.287774391639709805e-04,1.561777738358293647e-04,-3.096999850430522707e-05
2.713591348765477442e-03,7.811362694678551308e-03,4.244867344628094549e-03,6.280086698815920757e-03,-1.351692114219668270e-04,-4.314845479307913333e-05,-1.261706646002853612e-04,1.530385044674061426e-04,-3.035014541892524243e-05
2.659334962422473924e-03,7.655160177295347937e-03,4.159988260719879594e-03,6.154506878997958313e-03,-1.324653764355311159e-04,-4.230014748131085333e-05,-1.236172747101048624e-04,1.499626858016520786e-04,-2.974268741593181887e-05
2.606163313059306225e-03,7.502081375663745624e-03,4.076806384732596135e-03,6.031438303990491710e-03,-1.298156167812124240e-04,-4.146824559441130700e-05,-1.211161517692787009e-04,1.469490223225309276e-04,-2.914737664185783949e-05
2.554054722467667335e-03,7.352063819750882454e-03,3.995287785353081322e-03,5.910830756865458925e-03,-1.272188507803137807e-04,-4.065244360735632313e-05,-1.186662024178376779e-04,1.439962454901190319e-04,-2.856397019877094241e-05
2.502987945245991643e-03,7.205046288952869984e-03,3.915399209373436086e-03,5.792635024825442888e-03,-1.246740184015011812e-04,-3.985244119623682253e-05,-1.162663570917297085e-04,1.411031131528875122e-04,-2.799223004558738250e-05
2.452942160272190541e-03,7.060968787030704429e-03,3.837108068196197052e-03,5.676802879106702254e-03,-1.221800808234214681e-04,-3.906794317027196921e-05,-1.139155694680709345e-04,1.382684089791886076e-04,-2.743192290079611478e-05
2.403896962266906332e-03,6.919772517734898605e-03,3.760382424609981337e-03,5.563287055391802349e-03,-1.197360200112320447e-04,-3.829865940319792956e-05,-1.116128159275472887e-04,1.354909419019235278e-04,-2.688282014723212838e-05
2.355832353414698526e-03,6.781399860695367862e-03,3.685190979685369801e-03,5.452041234424678806e-03,-1.173408383009389989e-04,-3.754430476909405420e-05,-1.093570950268374223e-04,1.327695455755318298e-04,-2.634469773899237406e-05
2.308728735303235743e-03,6.645794347957019108e-03,3.611503060086932240e-03,5.343020023173340391e-03,-1.149935579913536178e-04,-3.680459907443424730e-05,-1.071474269870716859e-04,1.301030778474539175e-04,-2.581733611009200900e-05
2.262566900955595862e-03,6.512900640956990027e-03,3.539288605583351937e-03,5.236178936329226145e-03,-1.126932209436723068e-04,-3.607926699201872197e-05,-1.049828531951665136e-04,1.274904202404325278e-04,-2.530052008453899826e-05
2.217328026974184352e-03,6.382664507793149242e-03,3.468518156723100071e-03,5.131474378044239594e-03,-1.104388881897869928e-04,-3.536803798365536914e-05,-1.028624357156550492e-04,1.249304774337428614e-04,-2.479403878910540489e-05
2.172993665957666850e-03,6.255032801285758878e-03,3.399162842939173167e-03,5.028863624304248658e-03,-1.082296395501895238e-04,-3.467064624680980074e-05,-1.007852568185143357e-04,1.224221767848088119e-04,-2.429768556673857953e-05
2.129545738952282660e-03,6.129953437140308811e-03,3.331194370708517264e-03,4.928304805384073339e-03,-1.060645732553387938e-04,-3.398683063872556332e-05,-9.875041851492776608e-05,1.199644678348767059e-04,-2.381125789290106467e-05
2.086966528129321954e-03,6.007375372732146925e-03,3.264585012056203227e-03,4.829756888805266518e-03,-1.039428055785895282e-04,-3.331633461281085238e-05,-9.675704210800715349e-05,1.175563218381546482e-04,-2.333455729214804764e-05
2.045238669557247757e-03,5.887248586250253511e-03,3.199307593233963014e-03,4.733179662573523509e-03,-1.018634704743918095e-04,-3.265890614694401742e-05,-9.480426775212923390e-05,1.151967312955533285e-04,-2.286738925788687579e-05
2.004345146158996189e-03,5.769524056334753535e-03,3.135335483676414403e-03,4.638533718817341826e-03,-9.982571922574498763e-05,-3.201429769179051175e-05,-9.289125402539987906e-05,1.128847095165302168e-04,-2.240956317275460762e-05
1.964269280784938961e-03,5.654153742002274163e-03,3.072642585124650549e-03,4.545780437662548697e-03,-9.782872009532303677e-05,-3.138226608182605225e-05,-9.101717751152345131e-05,1.106192901544720696e-04,-2.196089223079061300e-05
1.924994729454727058e-03,5.541090563085110041e-03,3.011203321022582705e-03,4.454881971517259814e-03,-9.587165798600192409e-05,-3.076257249328833180e-05,-8.918123239274594193e-05,1.083995267970854631e-04,-2.152119336118125302e-05
1.886505474662118981e-03,5.430288380926012216e-03,2.950992626033638929e-03,4.365801229554480342e-03,-9.395373410830402570e-05,-3.015498235694124510e-05,-8.738263005060567979e-05,1.062244925236089516e-04,-2.109028715409147627e-05
1.848785818924455300e-03,5.321701979714904551e-03,2.891985935922058298e-03,4.278501862717310443e-03,-9.207416565450751277e-05,-2.955926531535531731e-05,-8.562059868195527146e-05,1.040932795120951991e-04,-2.066799778656875166e-05
1.811820378315450591e-03,5.215287047829246514e-03,2.834159177423044729e-03,4.192948248721645871e-03,-9.023218547725607116e-05,-2.897519514090656639e-05,-8.389438291660285154e-05,1.020049986184991665e-04,-2.025415295179985924e-05
1.775594076279962946e-03,5.111000159911269214e-03,2.777488758531980982e-03,4.109105477659252478e-03,-8.842704177722723858e-05,-2.840254968331453497e-05,-8.220324345178689983e-05,9.995877899341272478e-05,-1.984858378813532289e-05
1.740092137465479912e-03,5.008798759038322716e-03,2.721951558832956704e-03,4.026939337670829011e-03,-8.665799779562446568e-05,-2.784111079681331332e-05,-8.054645669037637716e-05,9.795376768641621550e-05,-1.945112481029588809e-05
1.705300081732378115e-03,4.908641139402180817e-03,2.667524920105558695e-03,3.946416301028996335e-03,-8.492433151250738900e-05,-2.729066428551707403e-05,-7.892331439133371635e-05,9.598912927514646060e-05,-1.906161384229867290e-05
1.671203718237833803e-03,4.810486429275446021e-03,2.614186637069142779e-03,3.867503510444121433e-03,-8.322533535288343287e-05,-2.675099983852360593e-05,-7.733312332536974572e-05,9.406404549593336815e-05,-1.867989195077081639e-05
1.637789139671089753e-03,4.714294574350993798e-03,2.561914948345344733e-03,3.790168765676743805e-03,-8.156031589688121576e-05,-2.622191097003274398e-05,-7.577520494244857630e-05,9.217771488204227082e-05,-1.830580338028967691e-05
1.605042716598890570e-03,4.620026321325680640e-03,2.510688527570730660e-03,3.714380510353839683e-03,-7.992859359646275271e-05,-2.570319494754697768e-05,-7.424889504405175723e-05,9.032935240151066425e-05,-1.793919549024902140e-05
1.572951091914465789e-03,4.527643201962599888e-03,2.460486474725905297e-03,3.640107819151176642e-03,-7.832950249861903773e-05,-2.519465275254505307e-05,-7.275354346584940316e-05,8.851818913111701281e-05,-1.757991869165050961e-05
1.541501175388625090e-03,4.437107517310848702e-03,2.411288307583217289e-03,3.567320385116251082e-03,-7.676238997116559726e-05,-2.469608899606184449e-05,-7.128851376622823599e-05,8.674347189546087813e-05,-1.722782638700554779e-05
1.510680138396339233e-03,4.348382322410360157e-03,2.363073953423011370e-03,3.495988507383689971e-03,-7.522661643914513221e-05,-2.420731188172470412e-05,-6.985318292355482668e-05,8.500446295901751821e-05,-1.688277491031296533e-05
1.480475408587554609e-03,4.261431411089908194e-03,2.315823740738818647e-03,3.426083078938658467e-03,-7.372155512084356066e-05,-2.372813312839420043e-05,-6.844694103900851915e-05,8.330043968220188027e-05,-1.654462346812697867e-05
1.450874664932632610e-03,4.176219301338529762e-03,2.269518391376833602e-03,3.357575574894328986e-03,-7.224659177321094523e-05,-2.325836792656189780e-05,-6.706919105008938165e-05,8.163069422154344045e-05,-1.621323408199559354e-05
1.421865832548983551e-03,4.092711220716964415e-03,2.224139012534560606e-03,3.290438040731384108e-03,-7.080112444074129633e-05,-2.279783487533479152e-05,-6.571934844531631401e-05,7.999453321404505451e-05,-1.588847153304496175e-05
1.393437077830828779e-03,4.010873092152954407e-03,2.179667089086487902e-03,3.224643080897306776e-03,-6.938456320937811338e-05,-2.234635592373492171e-05,-6.439684098952233658e-05,7.839127747180131556e-05,-1.557020330585116990e-05
1.365576803687368898e-03,3.930671520108556215e-03,2.136084476097616092e-03,3.160163847698311840e-03,-6.799632996519347841e-05,-2.190375631687941477e-05,-6.310110845655522401e-05,7.682026168855598343e-05,-1.525829953499959575e-05
1.338273644777311687e-03,3.852073776916288810e-03,2.093373391385119128e-03,3.096974030308474214e-03,-6.663585815884566260e-05,-2.146986454043854089e-05,-6.183160236455418983e-05,7.528083415151646651e-05,-1.495263295169947937e-05
1.311516462887288379e-03,3.775047789390744302e-03,2.051516408263282312e-03,3.035047844014745165e-03,-6.530259257366992148e-05,-2.104451226852367208e-05,-6.058778572039179956e-05,7.377235645753991511e-05,-1.465307883215253520e-05
1.285294342379515340e-03,3.699562125802444406e-03,2.010496448445885966e-03,2.974360019736080069e-03,-6.399598909944132082e-05,-2.062753430647125017e-05,-5.936913276890607870e-05,7.229420323529166964e-05,-1.435951494638450480e-05
1.259596585799558363e-03,3.625585983021919253e-03,1.970296775111495674e-03,2.914885793709970016e-03,-6.271551451002946895e-05,-2.021876853839640409e-05,-5.817512874870727700e-05,7.084576187406613104e-05,-1.407182150889658711e-05
1.234412709439935887e-03,3.553089173854296137e-03,1.930900985995368403e-03,2.856600897298864489e-03,-6.146064624474602799e-05,-1.981805587250134700e-05,-5.700526965102299405e-05,6.942643225542081075e-05,-1.378988112906573520e-05
1.209732439123741097e-03,3.482042114907817499e-03,1.892293006795468888e-03,2.799481547236094912e-03,-6.023087219622305253e-05,-1.942524019614823381e-05,-5.585906198965964330e-05,6.803562650133766028e-05,-1.351357876385581311e-05
1.185545706048344011e-03,3.412415814393806104e-03,1.854457084599907268e-03,2.743504435842246750e-03,-5.902569050085549349e-05,-1.904016831868766274e-05,-5.473602257064455760e-05,6.667276871525878025e-05,-1.324280167058450778e-05
1.161842642605147649e-03,3.344181860228533261e-03,1.817377781388466312e-03,2.688646721445209394e-03,-5.784460933217787826e-05,-1.866268991779568222e-05,-5.363567826921959529e-05,6.533729472691054865e-05,-1.297743936110988515e-05
1.138613578430371217e-03,3.277312408684686894e-03,1.781039967860801156e-03,2.634886019254256955e-03,-5.668714670376570706e-05,-1.829265750147250473e-05,-5.255756581405563442e-05,6.402865186666550912e-05,-1.271738355637848021e-05
1.115849036419747564e-03,3.211780172700735674e-03,1.745428817136450775e-03,2.582200391984032246e-03,-5.555283026754334884e-05,-1.792992634894953106e-05,-5.150123157273267646e-05,6.274629870909223636e-05,-1.246252814283801323e-05
1.093539728910973823e-03,3.147558411024893761e-03,1.710529798823205412e-03,2.530568341112662389e-03,-5.444119712469832186e-05,-1.757435446173388175e-05,-5.046623134506426125e-05,6.148970484900763119e-05,-1.221276912848432838e-05
1.071676553843712134e-03,3.084620917128921141e-03,1.676328673000371076e-03,2.479968797972261982e-03,-5.335179363581633773e-05,-1.722580252420981826e-05,-4.945213015920761732e-05,6.025835067454456953e-05,-1.196800460122994285e-05
1.050250591138706963e-03,3.022942008608448406e-03,1.642811484501698624e-03,2.430381115245472574e-03,-5.228417523356325848e-05,-1.688413385093361541e-05,-4.845850207491410354e-05,5.905172714182471282e-05,-1.172813468642864466e-05
1.029253098951952257e-03,2.962496516646670117e-03,1.609964557129663553e-03,2.381785058468956651e-03,-5.123790624446057553e-05,-1.654921433429906827e-05,-4.748492998811990084e-05,5.786933554961920241e-05,-1.149306150672925983e-05
1.008675510195346367e-03,2.903259775781128187e-03,1.577774488147595583e-03,2.334160797828879405e-03,-5.021255970842678190e-05,-1.622091241546523436e-05,-4.653100544163536815e-05,5.671068734330709875e-05,-1.126268914200880022e-05
9.885094290270923269e-04,2.845207613783497323e-03,1.546228142784152309e-03,2.287488900026439075e-03,-4.920771720517535391e-05,-1.589909902396387893e-05,-4.559632844079875697e-05,5.557530388828135575e-05,-1.103692359020172806e-05
9.687466274205158625e-04,2.788316341850258055e-03,1.515312648886385158e-03,2.241750320384388109e-03,-4.822296868359262213e-05,-1.558364753659428068e-05,-4.468050727192071636e-05,5.446271627113977967e-05,-1.081567272878287932e-05
9.493790418296887794e-04,2.732562744910647934e-03,1.485015391675613720e-03,2.196926395064716705e-03,-4.725791229385983914e-05,-1.527443374022176151e-05,-4.378315832602475979e-05,5.337246510323374838e-05,-1.059884627780298312e-05
9.303987698716087700e-04,2.677924072111852443e-03,1.455324008568132559e-03,2.152998833415332124e-03,-4.631215422334515391e-05,-1.497133577812825953e-05,-4.290390592464310134e-05,5.230410031555647263e-05,-1.038635576198085751e-05
9.117980671401987964e-04,2.624378027702003145e-03,1.426226384207666606e-03,2.109949710634527204e-03,-4.538530853813156716e-05,-1.467423412717648340e-05,-4.204238215308417641e-05,5.125718098671162089e-05,-1.017811447563999618e-05
8.935693440538939724e-04,2.571902761649569845e-03,1.397710645442089674e-03,2.067761460261380649e-03,-4.447699702025437348e-05,-1.438301152623808134e-05,-4.119822669290463580e-05,5.023127512277105562e-05,-9.974037446819120057e-06
8.757051626906995137e-04,2.520476860948699712e-03,1.369765156497453236e-03,2.026416867141934714e-03,-4.358684901860152949e-05,-1.409755296182400495e-05,-4.037108666120385820e-05,4.922595950190875676e-05,-9.774041402770424728e-06
8.581982338561728284e-04,2.470079340859224551e-03,1.342378514295471418e-03,1.985899060419925310e-03,-4.271450129539030774e-05,-1.381774561422762014e-05,-3.956061645386425374e-05,4.824081948190382955e-05,-9.578044735897587043e-06
8.410414140706079338e-04,2.420689636208622850e-03,1.315539543732773767e-03,1.946191506546457450e-03,-4.185959787583849810e-05,-1.354347882232445730e-05,-3.876647758974520485e-05,4.727544882468329450e-05,-9.385967470222694655e-06
8.242277026397538562e-04,2.372287593163395405e-03,1.289237293159942871e-03,1.907278002643208667e-03,-4.102178990743282443e-05,-1.327464404241366063e-05,-3.798833856072854093e-05,4.632944952595395962e-05,-9.197731229376550759e-06
8.077502388218998474e-04,2.324853460878713220e-03,1.263461029891220369e-03,1.869142669809391397e-03,-4.020073551290123670e-05,-1.301113480770471403e-05,-3.722587468316349452e-05,4.540243164214137852e-05,-9.013259204071326515e-06
7.916022990228757704e-04,2.278367883546492372e-03,1.238200235853462693e-03,1.831769946715902739e-03,-3.939609965489581300e-05,-1.275284669865276159e-05,-3.647876795503907739e-05,4.449401313334682491e-05,-8.832476121099465193e-06
7.757772940650075428e-04,2.232811892336986764e-03,1.213444603254865703e-03,1.795144583147120689e-03,-3.860755399372980165e-05,-1.249967729781301193e-05,-3.574670691258425534e-05,4.360381969327677837e-05,-8.655308212204704667e-06
7.602687664870693774e-04,2.188166897858103473e-03,1.189184030430884406e-03,1.759251633914291806e-03,-3.783477675937694991e-05,-1.225152614873210150e-05,-3.502938649543512275e-05,4.273148458804358271e-05,-8.481683184400345491e-06
7.450703879469269906e-04,2.144414682426949454e-03,1.165408617705538568e-03,1.724076452668330288e-03,-3.707745261604465767e-05,-1.200829473986311509e-05,-3.432650790877067484e-05,4.187664851952004454e-05,-8.311530190391543091e-06
7.301759566037450098e-04,2.101537392669404480e-03,1.142108663337083581e-03,1.689604685936067861e-03,-3.633527253461704969e-05,-1.176988644084003106e-05,-3.363777849352577099e-05,4.103895944516102411e-05,-8.144779799539740006e-06
7.155793945863424830e-04,2.059517532251811927e-03,1.119274659563527672e-03,1.655822267274630532e-03,-3.560793366647422578e-05,-1.153620649472034967e-05,-3.296291159571761371e-05,4.021807245652224113e-05,-7.981363969529320623e-06
7.012747455513159908e-04,2.018337954762756958e-03,1.096897288756028092e-03,1.622715411558045290e-03,-3.489513922120725936e-05,-1.130716196196728061e-05,-3.230162644178175013e-05,3.941364961348446151e-05,-7.821216018691241618e-06
6.872561722285981580e-04,1.977981856617499774e-03,1.074967419570417061e-03,1.590270609275671329e-03,-3.419659834190479330e-05,-1.108266170111509789e-05,-3.165364801347618165e-05,3.862535981302913388e-05,-7.664270598761134388e-06
6.735179540670895417e-04,1.938432770316368334e-03,1.053476103274915117e-03,1.558474621108542867e-03,-3.351202599061838992e-05,-1.086261633067229484e-05,-3.101870692859508272e-05,3.785287864753708229e-05,-7.510463668398731706e-06
6.600544848316514763e-04,1.899674557669380794e-03,1.032414570033807211e-03,1.527314472467232107e-03,-3.284114282965227291e-05,-1.064693818890929803e-05,-3.039653932196314176e-05,3.709588825954093631e-05,-7.359732466800164767e-06
6.468602704353252535e-04,1.861691403171276699e-03,1.011774225400734108e-03,1.496777448205862532e-03,-3.218367510653728314e-05,-1.043554131992995232e-05,-2.978688672999717783e-05,3.635407722465269580e-05,-7.212015487918311303e-06
6.339299265838984569e-04,1.824467807664730858e-03,9.915466467674358825e-04,1.466851087481191480e-03,-3.153935454598258333e-05,-1.022834142439779832e-05,-2.918949597864752051e-05,3.562714040515170078e-05,-7.067252455980912522e-06
6.212581766775243566e-04,1.787988581933542924e-03,9.717235799711245858e-04,1.437523178639947248e-03,-3.090791823658889777e-05,-1.002525583670761287e-05,-2.860411907230918821e-05,3.491477882873399272e-05,-6.925384300320507969e-06
6.088398495781449388e-04,1.752238840421445473e-03,9.522969358457311411e-04,1.408781754153856560e-03,-3.028910852469523981e-05,-9.826203491688123744e-06,-2.803051308376920808e-05,3.421669955918316358e-05,-6.786353131684816257e-06
5.966698775138393456e-04,1.717203995340846031e-03,9.332587869862832850e-04,1.380615085868399164e-03,-2.968267291102051608e-05,-9.631104898172887659e-06,-2.746844005164091764e-05,3.353261557742237282e-05,-6.650102218417805218e-06
5.847432941176077459e-04,1.682869750654867073e-03,9.146013645689840717e-04,1.353011680203484567e-03,-2.908836394491502058e-05,-9.439882109818107866e-06,-2.691766687610671802e-05,3.286224566240147080e-05,-6.516575962911673678e-06
5.730552322201075584e-04,1.649222096074198611e-03,8.963170550037590249e-04,1.325960273290553541e-03,-2.850593912437889154e-05,-9.252458680799626172e-06,-2.637796521423093075e-05,3.220531425589933251e-05,-6.385719879918416139e-06
5.616009220450170420e-04,1.616247301654634124e-03,8.783983970489429470e-04,1.299449826650708436e-03,-2.793516079808544116e-05,-9.068759671141559775e-06,-2.584911138631804900e-05,3.156155138176577120e-05,-6.257480573386674306e-06
5.503756891371595298e-04,1.583931911880167524e-03,8.608380785843721371e-04,1.273469522432951881e-03,-2.737579606664980941e-05,-8.888711580886757301e-06,-2.533088627432211645e-05,3.093069249399524247e-05,-6.131805714973986745e-06
5.393749525071013127e-04,1.552262740387550964e-03,8.436289337287496137e-04,1.248008759165908843e-03,-2.682761668887902876e-05,-8.712242344263669146e-06,-2.482307522959089380e-05,3.031247838892985990e-05,-6.008644023081736646e-06
5.285942227930888427e-04,1.521226864513319744e-03,8.267639399156224370e-04,1.223057147390785174e-03,-2.629039898785316687e-05,-8.539281304410098277e-06,-2.432546797981143243e-05,2.970665509664173107e-05,-5.887945241224283406e-06
5.180291003333880109e-04,1.490811619994025393e-03,8.102362149529049621e-04,1.198604505374509634e-03,-2.576392376091370687e-05,-8.369759172359580329e-06,-2.383785853678959947e-05,2.911297376146865039e-05,-5.769660118001741885e-06
5.076752734932460289e-04,1.461004595849307083e-03,7.940390143152868761e-04,1.174640855027264501e-03,-2.524797618813477983e-05,-8.203608012719791186e-06,-2.336004510934972721e-05,2.853119054935034809e-05,-5.653740387038578793e-06
4.975285168337070275e-04,1.431793629226754466e-03,7.781657283146174242e-04,1.151156417745843744e-03,-2.474234574512656077e-05,-8.040761213869292937e-06,-2.289183001447035715e-05,2.796106654068309142e-05,-5.540138747029410424e-06
4.875846893763665377e-04,1.403166800579444930e-03,7.626098794373587951e-04,1.128141610518450721e-03,-2.424682611923638156e-05,-7.881153465380012963e-06,-2.243301959422518192e-05,2.740236763390338796e-05,-5.428808842373910101e-06
4.778397329456926675e-04,1.375112428643089938e-03,7.473651196759861868e-04,1.105587041912791920e-03,-2.376121512288058396e-05,-7.724720731413091033e-06,-2.198342413010291826e-05,2.685486444520129043e-05,-5.319705244838721900e-06
4.682896705371036947e-04,1.347619065870389425e-03,7.324252280159600443e-04,1.083483508391536437e-03,-2.328531461252950795e-05,-7.571400223104819173e-06,-2.154285776499097828e-05,2.631833221117323786e-05,-5.212783434171192272e-06
4.589306046710129932e-04,1.320675493529401478e-03,7.177841078116452018e-04,1.061821990388772414e-03,-2.281893040626362348e-05,-7.421130381357087034e-06,-2.111113841980415435e-05,2.579255069841719238e-05,-5.107999780910329703e-06
4.497587157407739126e-04,1.294270717237727252e-03,7.034357842892112423e-04,1.040593648689280273e-03,-2.236187220598690351e-05,-7.273850847388695833e-06,-2.068808771632333628e-05,2.527730410751278779e-05,-5.005311527501766388e-06
4.407702605632469735e-04,1.268393962546527547e-03,6.893744022060854706e-04,1.019789820903686719e-03,-2.191395351951425341e-05,-7.129502448731667565e-06,-2.027353090258717894e-05,2.477238099232126844e-05,-4.904676771851502253e-06
4.319615708119494855e-04,1.243034670450242482e-03,6.755942234058624502e-04,9.994020178563281075e-04,-2.147499158398027448e-05,-6.988027167395159320e-06,-1.986729677707236709e-05,2.427757416131935095e-05,-4.806054449468143957e-06
4.233290514603946057e-04,1.218182493025575606e-03,6.620896244193348514e-04,9.794219200666414316e-04,-2.104480729127479439e-05,-6.849368119306794580e-06,-1.946921761383480870e-05,2.379268059252737539e-05,-4.709404317350543374e-06
4.148691794218852284e-04,1.193827289373690977e-03,6.488550942940114492e-04,9.598413745015662744e-04,-2.062322511474090354e-05,-6.713469537015139129e-06,-1.907912909337243062e-05,2.331750135645318655e-05,-4.614686936823394045e-06
4.065785020061688350e-04,1.169959121344587086e-03,6.358852322299640876e-04,9.406523911207909658e-04,-2.021007303954452358e-05,-6.580276743885763889e-06,-1.869687023093242857e-05,2.285184152490642157e-05,-4.521863658299769991e-06
3.984536356123643923e-04,1.146568249571214325e-03,6.231747454741945209e-04,9.218471397093831125e-04,-1.980518248926366783e-05,-6.449736138571309180e-06,-1.832228330934522714e-05,2.239551009731079059e-05,-4.430896604760113147e-06
3.904912642526339609e-04,1.123645129339775591e-03,6.107184470471461579e-04,9.034179465452629601e-04,-1.940838825885001190e-05,-6.321795164422292521e-06,-1.795521380858395951e-05,2.194831991071688888e-05,-4.341748656821770797e-06
3.826881382587100423e-04,1.101180406929564478e-03,5.985112537385076656e-04,8.853572914497647404e-04,-1.901952844763820643e-05,-6.196402300650142637e-06,-1.759551034452740736e-05,2.151008757332308698e-05,-4.254383437296504132e-06
3.750410729783267808e-04,1.079164915628626816e-03,5.865481839982221446e-04,8.676578046087318318e-04,-1.863844439216647778e-05,-6.073507039060356365e-06,-1.724302460137258576e-05,2.108063338546287439e-05,-4.168765296284316041e-06
3.675469473921776282e-04,1.057589671997866045e-03,5.748243558467669130e-04,8.503122635432741041e-04,-1.826498060189213986e-05,-5.953059861127253779e-06,-1.689761126898565880e-05,2.065978125955388316e-05,-4.084859297064515643e-06
3.602027029196191088e-04,1.036445872313865877e-03,5.633349849711167916e-04,8.333135902623637487e-04,-1.789898469630602499e-05,-5.835012217430261177e-06,-1.655912798248376387e-05,2.024735864891357101e-05,-4.002631201379893864e-06
3.530053421276238513e-04,1.015724888853688536e-03,5.520753827054685143e-04,8.166548482758424635e-04,-1.754030734160677953e-05,-5.719316519793973873e-06,-1.622743526059728471e-05,1.984319648243780906e-05,-3.922047455535881936e-06
3.459519275127794120e-04,9.954182664278982736e-04,5.410409541377219668e-04,8.003292398029502978e-04,-1.718880219042087984e-05,-5.605926106777750332e-06,-1.590239644655619785e-05,1.944712908237487386e-05,-3.843075177270684361e-06
3.390395803294926494e-04,9.755177189715031737e-04,5.302271962656601679e-04,7.843301030353370647e-04,-1.684432582262411642e-05,-5.494795240965877586e-06,-1.558387765147267268e-05,1.905899410863496235e-05,-3.765682141235547282e-06
3.322654794086159864e-04,9.560151260688501840e-04,5.196296961265453726e-04,7.686509093509231831e-04,-1.650673768457002922e-05,-5.385879086499182049e-06,-1.527174769600688473e-05,1.867863248675353627e-05,-3.689836766869072724e-06
3.256268599630319669e-04,9.369025297522856404e-04,5.092441289999105310e-04,7.532852607154082690e-04,-1.617590003567633867e-05,-5.279133681497988123e-06,-1.496587805636152653e-05,1.830588833341517771e-05,-3.615508105234890298e-06
3.191210125148575411e-04,9.181721311183620214e-04,4.990662566405321176e-04,7.382268869926870113e-04,-1.585167788760238287e-05,-5.174515937182972531e-06,-1.466614280777755256e-05,1.794060890619434041e-05,-3.542665826013936972e-06
3.127452817364862608e-04,8.998162872582314217e-04,4.890919255456022737e-04,7.234696434491162762e-04,-1.553393895282039746e-05,-5.071983607784515385e-06,-1.437241857417855503e-05,1.758264452622530734e-05,-3.471280205464873064e-06
3.064970654646320637e-04,8.818275081607801231e-04,4.793170653346455630e-04,7.090075082907660274e-04,-1.522255358938453247e-05,-4.971495282394873419e-06,-1.408458447456853530e-05,1.723184852916462772e-05,-3.401322114499877247e-06
3.003738135089070943e-04,8.641984534857435809e-04,4.697376869467306381e-04,6.948345800479185192e-04,-1.491739474618024003e-05,-4.873010368667003820e-06,-1.380252207097102269e-05,1.688807719720442411e-05,-3.332763006113680231e-06
2.943730267013569546e-04,8.469219297350159088e-04,4.603498811257567555e-04,6.809450753106162163e-04,-1.461833791433168155e-05,-4.776489070402892365e-06,-1.352611532010046114e-05,1.655118969881221199e-05,-3.265574904404764157e-06
2.884922558448533886e-04,8.299908872970819052e-04,4.511498167970054928e-04,6.673333263449280663e-04,-1.432526107511242523e-05,-4.681892375381988133e-06,-1.325525052481956923e-05,1.622104803132608784e-05,-3.199730392967065740e-06
2.827291007242854217e-04,8.133984174819053900e-04,4.421337394846531349e-04,6.539937787215382731e-04,-1.403804464851411540e-05,-4.589182046372029073e-06,-1.298981628444665139e-05,1.589751696957297870e-05,-3.135202603458299758e-06
2.770812091270008579e-04,7.971377497574031433e-04,4.332979697963106080e-04,6.409209890880935559e-04,-1.375657144630039314e-05,-4.498320592462892427e-06,-1.272970344898474788e-05,1.558046399796823817e-05,-3.071965205086362919e-06
2.715462758653546535e-04,7.812022490255647557e-04,4.246389019210603205e-04,6.281096229698619618e-04,-1.348072662412521134e-05,-4.409271271110004110e-06,-1.247480507352099266e-05,1.526975927071620422e-05,-3.009992393198069993e-06
2.661220418475184358e-04,7.655854128336025315e-04,4.161530021415540763e-04,6.155544525395696557e-04,-1.321039763434967920e-05,-4.321998058901002312e-06,-1.222501637227197926e-05,1.496527554428999095e-05,-2.949258879605769473e-06
2.608062931732214678e-04,7.502808687550746938e-04,4.078368074147982860e-04,6.032503545134981467e-04,-1.294547417884201693e-05,-4.236465643384017634e-06,-1.198023467524278397e-05,1.466688813039528831e-05,-2.889739881550602100e-06
2.555968602078542988e-04,7.352823718588174726e-04,3.996869239640828239e-04,5.911923081025861285e-04,-1.268584816659466135e-05,-4.152639416582504239e-06,-1.174035938533174873e-05,1.437447485251412276e-05,-2.831411111976450556e-06
2.504916167108809147e-04,7.205838020094249181e-04,3.917000258582593072e-04,5.793753928620495614e-04,-1.243141366669011874e-05,-4.070485447348003139e-06,-1.150529193518483006e-05,1.408791597962175764e-05,-2.774248769409107846e-06
2.454884789433753886e-04,7.061791615413550837e-04,3.838728536887792814e-04,5.677947867959522209e-04,-1.218206686810523315e-05,-3.989970478070706684e-06,-1.127493574710405250e-05,1.380709418894062162e-05,-2.718229528258165521e-06
2.405854048581608051e-04,6.920625726387033983e-04,3.762022132159534792e-04,5.564457642809108326e-04,-1.193770603411936530e-05,-3.911061905870787038e-06,-1.104919619084393277e-05,1.353189451016487642e-05,-2.663330529679048606e-06
2.357803932487711617e-04,6.782282751112215765e-04,3.686849741056099587e-04,5.453236942543817495e-04,-1.169823146312961506e-05,-3.833727777519139394e-06,-1.082798054632808622e-05,1.326220428643355332e-05,-2.609529371552285059e-06
2.310714828801025593e-04,6.646706239072237539e-04,3.613180685737032603e-04,5.344240382136251129e-04,-1.146354544824501034e-05,-3.757936765379145828e-06,-1.061119796263465485e-05,1.299791311568670139e-05,-2.556804100226762865e-06
2.264567518087930783e-04,6.513840868808888455e-04,3.540984902402151326e-04,5.237423484494657883e-04,-1.123355223503962077e-05,-3.683658168290632109e-06,-1.039875942110966572e-05,1.273891281974890178e-05,-2.505133200649561722e-06
2.219343164699671956e-04,6.383632424699567376e-04,3.470232927926807944e-04,5.132742661472395338e-04,-1.100815798388491613e-05,-3.610861884659014324e-06,-1.019057769749339774e-05,1.248509738275673515e-05,-2.454495588090925650e-06
2.175023310211362886e-04,6.256027776395097027e-04,3.400895889094899291e-04,5.030155197511556285e-04,-1.078727073316694899e-05,-3.539518415851934880e-06,-9.986567327098828397e-06,1.223636292592340010e-05,-2.404870599555999431e-06
2.131589864634925917e-04,6.130974854482516400e-04,3.332945489140636008e-04,4.929619229976801159e-04,-1.057080035840218173e-05,-3.469598844607715046e-06,-9.786644565521319359e-06,1.199260765009562215e-05,-2.356237985267551481e-06
2.089025100338467132e-04,6.008422632010907826e-04,3.266353997945664633e-04,4.831093734403685389e-04,-1.035865853838938419e-05,-3.401074824838711355e-06,-9.590727358080386667e-06,1.175373179969487836e-05,-2.308577900271308143e-06
2.047311643968434576e-04,5.888321101918860684e-04,3.201094239606776617e-04,4.734538506280509969e-04,-1.015075871792112073e-05,-3.333918570973089859e-06,-9.398735302767120315e-06,1.151963761897107974e-05,-2.261870896482360896e-06
2.006432469557957346e-04,5.770621257417168828e-04,3.137139581722053392e-04,4.639914145253066276e-04,-9.947016073047933572e-06,-3.268102854938982263e-06,-9.210589616704437473e-06,1.129022932199794698e-05,-2.216097914865043516e-06
1.966370891823498676e-04,5.655275071352190404e-04,3.074463924502047769e-04,4.547182038673644022e-04,-9.747347474746487480e-06,-3.203600977403773582e-06,-9.026213104753393635e-06,1.106541303289773276e-05,-2.171240277342501535e-06
1.927110558926121585e-04,5.542235477161050645e-04,3.013041689984695837e-04,4.456304346102490758e-04,-9.551671457525516681e-06,-3.140386775522502040e-06,-8.845530125926335732e-06,1.084509676692047077e-05,-2.127279679440799785e-06
1.888635446244240615e-04,5.431456349636366605e-04,2.952847811900984900e-04,4.367243983979624488e-04,-9.359908184311276129e-06,-3.078434602288066571e-06,-8.668466563042907339e-06,1.062919038219697907e-05,-2.084198182716612596e-06
1.850929849431042450e-04,5.322892485536185768e-04,2.893857724992634183e-04,4.279964609974576417e-04,-9.171979415238771806e-06,-3.017719320985583523e-06,-8.494949790077170799e-06,1.041760554699787216e-05,-2.041978207399456429e-06
1.813978378773466041e-04,5.216499586391027841e-04,2.836047355902480190e-04,4.194430609262026974e-04,-8.987808473820116229e-06,-2.958216291798610424e-06,-8.324908645316686593e-06,1.021025570030171750e-05,-2.000602525259443765e-06
1.777765951375319886e-04,5.112234238546296654e-04,2.779393111709215457e-04,4.110607078212380754e-04,-8.807320217947207624e-06,-2.899901364623535090e-06,-8.158273396629513979e-06,1.000705601771596930e-05,-1.960054252742253010e-06
1.742277786766602309e-04,5.010053897328265284e-04,2.723871872100464757e-04,4.028459811994435091e-04,-8.630441007724154494e-06,-2.842750865059206838e-06,-7.994975717785628573e-06,9.807923373467147691e-06,-1.920316843692556441e-06
1.707499399713089468e-04,4.909916868141012266e-04,2.669460978663250718e-04,3.947955289190855895e-04,-8.457098675342735209e-06,-2.786741595344222484e-06,-7.834948655721977150e-06,9.612776315095658238e-06,-1.881374083052629551e-06
1.673416594795948712e-04,4.811782290888377096e-04,2.616138226413349931e-04,3.869060659270979943e-04,-8.287222497046505299e-06,-2.731850807751936568e-06,-7.678126605992349144e-06,9.421535014985314130e-06,-1.843210079721681409e-06
1.640015460126584713e-04,4.715610121789169532e-04,2.563881853934952865e-04,3.791743727980791622e-04,-8.120743162723173541e-06,-2.678056214729964118e-06,-7.524445282482370070e-06,9.234121253259863928e-06,-1.805809260759889626e-06
1.607282362829759968e-04,4.621361118472476449e-04,2.512670535743825656e-04,3.715972945558422146e-04,-7.957592747753282388e-06,-2.625335968756002436e-06,-7.373841693976116499e-06,9.050458377449881322e-06,-1.769156364339718485e-06
1.575203941864662064e-04,4.528996823352281296e-04,2.462483372270941949e-04,3.641717392945981895e-04,-7.797704687546600167e-06,-2.573668654112643131e-06,-7.226254115409480559e-06,8.870471270467869020e-06,-1.733236434038179596e-06
1.543767103729290599e-04,4.438479547169442625e-04,2.413299881913128831e-04,3.568946768985601140e-04,-7.641013746613909023e-06,-2.523033284442452169e-06,-7.081622062770092579e-06,8.694086323703127927e-06,-1.698034812296905328e-06
1.512959017036270425e-04,4.349772355237939555e-04,2.365099993107114729e-04,3.497631379167105551e-04,-7.487455995244251721e-06,-2.473409284378976213e-06,-6.939886269492253507e-06,8.521231401068633939e-06,-1.663537134988922466e-06
1.482767106467871589e-04,4.262839050601969918e-04,2.317864035041086995e-04,3.427742122028743128e-04,-7.336968781173113581e-06,-2.424776493146337881e-06,-6.800988659289600803e-06,8.351835816170128822e-06,-1.629729324927797438e-06
1.453179048664793034e-04,4.177644160600525606e-04,2.271572730742561265e-04,3.359250478522739485e-04,-7.189490705027348155e-06,-2.377115142525282982e-06,-6.664872324545789389e-06,8.185830293534911606e-06,-1.596597586507743969e-06
1.424182766356083050e-04,4.094152922059187457e-04,2.226207188523523248e-04,3.292128499891757831e-04,-7.044961596491576756e-06,-2.330405865062949109e-06,-6.531481500992438302e-06,8.023146954396335361e-06,-1.564128400054514495e-06
1.395766424359510963e-04,4.012331266861891800e-04,2.181748894848078730e-04,3.226348796373313191e-04,-6.903322486707405578e-06,-2.284629676686687684e-06,-6.400761546086428528e-06,7.863719278660425273e-06,-1.532308516279903842e-06
1.367918423627032302e-04,3.932145807876778450e-04,2.138179705939024665e-04,3.161884525564784190e-04,-6.764515587099942362e-06,-2.239767964098302803e-06,-6.272658914787895574e-06,7.707482073108082234e-06,-1.501124950813667890e-06
1.340627397206466934e-04,3.853563826130134849e-04,2.095481841100216010e-04,3.098709382236377371e-04,-6.628484264736161234e-06,-2.195802495200728657e-06,-6.147121138432341923e-06,7.554371462688505719e-06,-1.470564978784185180e-06
1.313882205512647205e-04,3.776553256228617518e-04,2.053637875028497335e-04,3.036797586712765762e-04,-6.495173018342097379e-06,-2.152715388004873055e-06,-6.024096802258976615e-06,7.404324840141170632e-06,-1.440616130129514814e-06
1.287671931818935595e-04,3.701082674919621346e-04,2.012630731224026648e-04,2.976123875514521348e-04,-6.364527457881174915e-06,-2.110489127423929406e-06,-5.903535525338727954e-06,7.257280865102126233e-06,-1.411266183919480504e-06
1.261985877858854213e-04,3.627121286572867077e-04,1.972443674551660508e-04,2.916663489880065661e-04,-6.236494278721765373e-06,-2.069106536512417039e-06,-5.785387938749939033e-06,7.113179415582089837e-06,-1.382503163460544768e-06
1.236813559007084781e-04,3.554638911468162603e-04,1.933060304351021336e-04,2.858392166124230113e-04,-6.111021244028034253e-06,-2.028550786210207672e-06,-5.669605664511901084e-06,6.971961581173235801e-06,-1.354315332048729409e-06
1.212144700369091025e-04,3.483605973738070831e-04,1.894464548079908444e-04,2.801286126027244467e-04,-5.988057160920245315e-06,-1.988805379467681247e-06,-5.556141297440857178e-06,6.833569629146955918e-06,-1.326691186971845308e-06
1.187969232842100645e-04,3.413993488865494676e-04,1.856640654802155319e-04,2.745322066905444744e-04,-5.867551859820926031e-06,-1.949854152610831331e-06,-5.444948384020041141e-06,6.697946989504930689e-06,-1.299619456327503038e-06
1.164277288516493513e-04,3.345773051789063617e-04,1.819573188397453293e-04,2.690477151908112646e-04,-5.749456174819663002e-06,-1.911681253851146479e-06,-5.335981404231377338e-06,6.565038215409482050e-06,-1.273089093012235039e-06
-8.450051982216102596e-04,-2.278236955550372658e-03,-1.276085129471158991e-03,-1.847157024300819916e-03,2.492041950685870645e-05,6.817403401305947115e-04,5.285187963750237711e-06,-6.876942060204400530e-04,-1.247089271260016279e-06
-6.485227490445502445e-03,-1.760442121337743929e-02,-9.829113159896544355e-03,-1.426053554392639477e-02,2.046406631525425016e-04,4.700339167374927712e-03,6.719577189605077639e-05,-4.768189949578291800e-03,-1.221609381406254071e-06
-1.744382960910148550e-02,-4.738222957744447905e-02,-2.644711243833904046e-02,-3.837894674820706287e-02,5.537928110701371585e-04,1.251097160439886002e-02,1.874409237943139208e-04,-1.269905414420176293e-02,-1.196639026218322544e-06
-3.337255530706212392e-02,-9.066677270719294968e-02,-5.060240445829752853e-02,-7.343692355595757282e-02,1.061308620666518137e-03,2.387035508585814980e-02,3.623613128297357034e-04,-2.423334488825214239e-02,-1.172168016345283025e-06
-5.391976368087206262e-02,-1.465057222974849860e-01,-8.176270682665666423e-02,-1.186627791516999125e-01,1.716044636817120207e-03,3.853895200366023316e-02,5.884661916410519316e-04,-3.912803382091907534e-02,-1.148186366052093968e-06
-7.872734143558848818e-02,-2.139314218380591048e-01,-1.193866015976589035e-01,-1.732721616759890226e-01,2.506693118214318051e-03,5.628057798783044074e-02,8.624576152425410085e-04,-5.714363862199284272e-02,-1.124684289543291886e-06
-1.074286098655442695e-01,-2.919555150110795250e-01,-1.629204563029790775e-01,-2.364636685736442312e-01,3.421721215738845155e-03,7.686214438762875578e-02,1.181244072260243493e-03,-7.804397912421505434e-02,-1.101652196400956803e-06
-1.396471387064753267e-01,-3.795658593964035266e-01,-2.117966663829207452e-01,-3.074163317199578582e-01,4.449335722473116497e-03,1.000535262837849576e-01,1.541943432354819961e-03,-1.015960482729346831e-01,-1.079080688348421291e-06
-1.749963819779603302e-01,-4.757255020438549975e-01,-2.654330924693589222e-01,-3.852887915524544349e-01,5.577470824905925856e-03,1.256275473778036000e-01,1.941875107868725261e-03,-1.275699891770587235e-01,-1.056960554734801354e-06
-2.130800519574034824e-01,-5.793734984108592778e-01,-3.232335681712502073e-01,-4.692199821970118867e-01,6.793796357545478851e-03,1.533600726217775323e-01,2.378541348098445543e-03,-1.557391690331337009e-01,-1.035282769316170641e-06
-2.534931471680593185e-01,-6.894273585086034828e-01,-3.845893545377098710e-01,-5.583311511389532633e-01,8.085744111448859434e-03,1.830301986442446349e-01,2.849597607144935610e-03,-1.858803399190533945e-01,-1.014038486179012797e-06
-2.958235491991837440e-01,-8.047869047403990450e-01,-4.488814168220155998e-01,-6.517290371175715746e-01,9.440549778816130846e-03,2.144205310484677829e-01,3.352811935301064708e-03,-2.177738754837245105e-01,-9.932190363490661881e-07
-3.396541019011784512e-01,-9.243393261024135388e-01,-5.154833983341475800e-01,-7.485100296694474631e-01,1.084530814289953564e-02,2.473175366399040787e-01,3.886013343116582683e-03,-2.512040715385950307e-01,-9.728159243721638137e-07
-3.845650854323346968e-01,-1.046965213951921214e+00,-5.837651655848938859e-01,-8.477651337993608038e-01,1.228703915219558560e-02,2.815119577015755548e-01,4.447029084398380558e-03,-2.859594976160305113e-01,-9.528208243613694043e-07
-4.301369971860882213e-01,-1.171545366258966991e+00,-6.530967991257903282e-01,-9.485855643192693254e-01,1.375276255791945540e-02,3.167992746631744239e-01,5.033610817829827291e-03,-3.218333858000267944e-01,-9.332255767711318522e-07
-4.759535521723416984e-01,-1.296968150920281726e+00,-7.228529059716537475e-01,-1.050068797120964348e+00,1.522957885162001465e-02,3.529802029824644083e-01,5.643349660722989103e-03,-3.586240426613722665e-01,-9.140221868070412033e-07
-5.216048171624146912e-01,-1.422137224693565738e+00,-7.924171325046022174e-01,-1.151324909351380432e+00,1.670475431849803225e-02,3.898612098209600085e-01,6.273580266721305587e-03,-3.961352700110201130e-01,-8.952028173047275907e-07
-5.666903960337841273e-01,-1.545979413028236937e+00,-8.611867615662422981e-01,-1.251483047495776324e+00,1.816580812573336326e-02,4.272550361731202173e-01,6.921274270910909854e-03,-4.341767804743978942e-01,-8.767597887440218254e-07
-6.108225883219283725e-01,-1.667452567632147442e+00,-9.285772841190165217e-01,-1.349697871835056295e+00,1.960059949482325509e-02,4.649812105055122768e-01,7.582923777349467875e-03,-4.725645946180923040e-01,-8.586855761712285715e-07
-6.536294489584466572e-01,-1.785553232912830524e+00,-9.940268443333259984e-01,-1.445155837537946741e+00,2.099741316143020203e-02,5.028665406571906082e-01,8.254416038555124902e-03,-5.111214075297205728e-01,-8.409728024717003587e-07
-6.947576844520255701e-01,-1.899323969291884406e+00,-1.057000467116510745e+00,-1.537081186627399898e+00,2.234504150399661479e-02,5.407455717027880304e-01,8.930901115247632388e-03,-5.496769143407580493e-01,-8.236142426027220003e-07
-7.338753291169010096e-01,-2.007860200308139387e+00,-1.116993988626009848e+00,-1.624741540799031547e+00,2.363286191845515027e-02,5.784609986388782321e-01,9.606655116694715058e-03,-5.880680861532431303e-01,-8.066028105305243284e-07
-7.706741541836614751e-01,-2.110316471051493004e+00,-1.173537622966359661e+00,-1.707453002268794151e+00,2.485090822776930830e-02,6.158640240531099153e-01,1.027494261227275552e-02,-6.261393901204816981e-01,-7.899315652456201715e-07
-8.048717723388587597e-01,-2.205912026934401027e+00,-1.226199111515865914e+00,-1.784584687757389432e+00,2.598993513308638093e-02,6.528146523109727983e-01,1.092788295422393585e-02,-6.637429499565575819e-01,-7.735937050075625488e-07
-8.362134102367633215e-01,-2.293935643783130640e+00,-1.274586414927783462e+00,-1.855562639092116051e+00,2.704147493549350842e-02,6.891819131893537342e-01,1.155632653452133562e-02,-7.007386458267494955e-01,-7.575825615918451183e-07
-8.644733313620396320e-01,-2.373749661734024574e+00,-1.318349921195036245e+00,-1.919873071901033512e+00,2.799788597380993560e-02,7.248440092428390935e-01,1.214974835422131388e-02,-7.369941552831978937e-01,-7.418916021886871463e-07
-8.894559011099522072e-01,-2.444793196153842718e+00,-1.357184156037420042e+00,-1.977064941226367889e+00,2.885239243248833782e-02,7.596883824779003813e-01,1.269616763820384520e-02,-7.723849395538189277e-01,-7.265144231793052967e-07
-9.109962947263068322e-01,-2.506584517960536829e+00,-1.390828993767639687e+00,-2.026751818919206194e+00,2.959911536627702483e-02,7.936116971209253856e-01,1.318210346957213869e-02,-8.067941819447421725e-01,-7.114447513142495401e-07
-9.289608566539984125e-01,-2.558722613039042137e+00,-1.419070377528136584e+00,-2.068613092164909517e+00,3.023309496294240492e-02,8.265197364045575590e-01,1.359257741527981206e-02,-8.401126872522598488e-01,-6.966764373027775464e-07
-9.432471266840307678e-01,-2.600887945543490787e+00,-1.441740567121724270e+00,-2.102394505105797062e+00,3.075030421831026831e-02,8.583272124016935178e-01,1.391117471002444733e-02,-8.722387527807367036e-01,-6.822034516585471846e-07
-9.537835539509473826e-01,-2.632842462422148255e+00,-1.458717940376335065e+00,-2.127908075996763237e+00,3.114765432593117819e-02,8.889574890650333572e-01,1.412017558194707950e-02,-9.030780227078443190e-01,-6.680198914933187091e-07
-9.605289243060675108e-01,-2.654428886710034963e+00,-1.469926380196910465e+00,-2.145031430819189566e+00,3.142299218973480801e-02,9.183422198519675117e-01,1.420076756819226710e-02,-9.325433380250144344e-01,-6.541199677169370738e-07
-9.634715297863368777e-01,-2.665569354564207405e+00,-1.475334283918407596e+00,-2.153706600432138352e+00,3.157509054674962484e-02,9.464209027074959035e-01,1.413334800513914302e-02,-9.605545940105821856e-01,-6.404980086632792326e-07
-9.626281110046771561e-01,-2.666263456306035451e+00,-1.474953234638552768e+00,-2.153938332672162836e+00,3.160363124602887791e-02,9.731403568239239688e-01,1.389792315927834698e-02,-9.870386161203641429e-01,-6.271484569718554398e-07
-9.580426042489142979e-01,-2.656585744620824752e+00,-1.468836375749284606e+00,-2.145791973120452667e+00,3.150918226558434287e-02,9.984541275425055096e-01,1.347460660203914085e-02,-1.011929063264123130e+00,-6.140658633712085036e-07
-9.497847251331407170e-01,-2.636682774152082409e+00,-1.457076530252108260e+00,-2.129390969033110537e+00,3.129316906829650302e-02,1.022321828043365466e+00,1.284421442890856802e-02,-1.035166364714600773e+00,-6.012448892556557748e-07
-9.379484198392126215e-01,-2.606769736039695751e+00,-1.439804105672215950e+00,-2.104914050206703635e+00,3.095784089989160257e-02,1.044708429065196897e+00,1.198894887712453894e-02,-1.056697693444925257e+00,-5.886803058904187118e-07
-9.226502135507915758e-01,-2.567126749033146638e+00,-1.417184823805447413e+00,-2.072592138778494242e+00,3.050623262319609660e-02,1.065583510729544603e+00,1.089315503253703021e-02,-1.076476974659741570e+00,-5.763669819236649437e-07
-9.040274836823936067e-01,-2.518094865730212906e+00,-1.389417312207627875e+00,-2.032705037204979082e+00,2.994212266275448481e-02,1.084920493491225990e+00,9.544127982105757302e-03,-1.094464923898133879e+00,-5.642998955844976067e-07
-8.822366831507393314e-01,-2.460071848743441425e+00,-1.356730591561145172e+00,-1.985577940333038471e+00,2.926998760811971856e-02,1.102695868089708764e+00,7.932940447252997962e-03,-1.110629104618346741e+00,-5.524741211673794708e-07
-8.574515362770872562e-01,-2.393507767188930657e+00,-1.319381489869700497e+00,-1.931577813596319526e+00,2.849495399162816842e-02,1.118888446901562306e+00,6.055254204664406448e-03,-1.124943990971046581e+00,-5.408848352626682250e-07
-8.298612271358883907e-01,-2.318900459289045202e+00,-1.277652011108030283e+00,-1.871109675316902532e+00,2.762274772256435862e-02,1.133478661000187904e+00,3.912073129754820022e-03,-1.137391017902516177e+00,-5.295273054480775923e-07
-7.996685972520406471e-01,-2.236790901892207195e+00,-1.231846682416580796e+00,-1.804612816727664271e+00,2.665964162108890728e-02,1.146447928219207935e+00,1.510392155086789923e-03,-1.147958598176451517e+00,-5.183969005343870126e-07
-7.670883666759173991e-01,-2.147758522786134883e+00,-1.182289900440265162e+00,-1.732556989021786009e+00,2.561240145724373585e-02,1.157778117321548672e+00,-1.136304540840030186e-03,-1.156642084731842601e+00,-5.074890768328153768e-07
-7.323453895901157473e-01,-2.052416486609151658e+00,-1.129323293874674672e+00,-1.655438582324590069e+00,2.448823085955266488e-02,1.167451131761795935e+00,-4.007740701195056099e-03,-1.163443657277720478e+00,-4.967993835038547298e-07
-6.956729528205547464e-01,-1.951406980168407745e+00,-1.073303115835915200e+00,-1.573776817153049290e+00,2.329471541670336682e-02,1.175448633367673468e+00,-7.076779609652361636e-03,-1.168372114355792579e+00,-4.863234582929174136e-07
-6.573111229429144942e-01,-1.845396518022828225e+00,-1.014597676306044916e+00,-1.488109964659697138e+00,2.203976625365390574e-02,1.181751921541054351e+00,-1.030962031024733327e-02,-1.171442556321604878e+00,-4.760570266453080812e-07
-6.175051451636444089e-01,-1.735071284432328831e+00,-9.535848217194498044e-01,-1.398991607876519438e+00,2.073156332190273510e-02,1.186341977409152371e+00,-1.366627642716834734e-02,-1.172675950675935219e+00,-4.659958994470676061e-07
-5.765038948205287728e-01,-1.621132523222124089e+00,-8.906494657540133808e-01,-1.306986952288642367e+00,1.937849860248180844e-02,1.189199675021284319e+00,-1.710134079871697410e-02,-1.172098578627593923e+00,-4.561359705739216782e-07
-5.345583802982432076e-01,-1.504291983034355074e+00,-8.261811727318504328e-01,-1.212669190600750291e+00,1.798911938264325522e-02,1.190306153600628525e+00,-2.056502260122862469e-02,-1.169741370221271337e+00,-4.464732166058575934e-07
-4.919202944052689652e-01,-1.385267421883640715e+00,-7.605717927420445612e-01,-1.116615923546865119e+00,1.657207173368653585e-02,1.189643336546916119e+00,-2.400442648591891159e-02,-1.165639144203362010e+00,-4.370036949697769832e-07
-4.488406099206603272e-01,-1.264778172209914953e+00,-6.942131458432783120e-01,-1.019405636287296524e+00,1.513604429168036863e-02,1.187194574964954175e+00,-2.736502679318902898e-02,-1.159829777336202739e+00,-4.277235412836258606e-07
-4.055682141243663885e-01,-1.143540765819810900e+00,-6.274947515366759987e-01,-9.216142284074995139e-01,1.368971242599791027e-02,1.182945386574288049e+00,-3.059227550703179366e-02,-1.152353335353315078e+00,-4.186289695405643065e-07
-3.623485767422893744e-01,-1.022264617445190815e+00,-5.608015992323682752e-01,-8.238115949551114703e-01,1.224168287538322797e-02,1.176884255536084112e+00,-3.363327155267950563e-02,-1.143251203488639955e+00,-4.097162668631308610e-07
-3.194224458891621321e-01,-9.016477661843955715e-01,-4.945119557009913791e-01,-7.265582563725665466e-01,1.080043893842343172e-02,1.169003455489904031e+00,-3.643841239440556712e-02,-1.132565257915514767e+00,-4.009817974373659272e-07
-2.770245672496778333e-01,-7.823726757783662222e-01,-4.289952064682269750e-01,-6.304020365598179687e-01,9.374286324375966095e-03,1.159299857248026644e+00,-3.896294739290616371e-02,-1.120337120083613192e+00,-3.924219965747813680e-07
-2.353824229013894431e-01,-6.651020975007755354e-01,-3.646097297739210319e-01,-5.358747906282430584e-01,7.971299801183308331e-03,1.147775684280116781e+00,-4.116835633981644899e-02,-1.106607533669089261e+00,-3.840333716772929222e-07
-1.947149877316400879e-01,-5.504750031099776564e-01,-3.017008039035915523e-01,-4.434891869380264140e-01,6.599270816831127873e-03,1.134439183232764270e+00,-4.302348583123096620e-02,-1.091415898720601518e+00,-3.758125000760750906e-07
-1.552315032605717793e-01,-4.391025995964317197e-01,-2.405985512894797118e-01,-3.537355515675244533e-01,5.265656315201469595e-03,1.119305182965154355e+00,-4.450539002536913619e-02,-1.074799989937317291e+00,-3.677560258976474927e-07
-1.171302707384045405e-01,-3.315644420739785048e-01,-1.816159256039067138e-01,-2.670787872084763315e-01,3.977529015054201422e-03,1.102395523431830338e+00,-4.559983978301310192e-02,-1.056795876411233959e+00,-3.598606626734555811e-07
-8.059746748826102092e-02,-2.284046656866278724e-01,-1.250467508985648735e-01,-1.839553822763249080e-01,2.741529465655132003e-03,1.083739344577511421e+00,-4.630148382856193873e-02,-1.037438049360943415e+00,-3.521231882430161113e-07
-4.580599254978934276e-02,-1.301283616766069073e-01,-7.116382458596204330e-02,-1.047705296404353170e-01,1.563820233201271281e-03,1.063373234489279673e+00,-4.661366582601642050e-02,-1.016759753207833628e+00,-3.445404452715036128e-07
-1.291434961041693086e-02,-3.719812643406372743e-02,-2.021709851504827071e-02,-2.989537752943238758e-02,4.500426045335459424e-04,1.041341244675503264e+00,-4.654792055620961266e-02,-9.947935046777796053e-01,-3.371093393680056567e-07
1.793442303386094672e-02,4.996918461452892757e-02,2.756804546654301191e-02,4.033556218184797260e-02,-5.947237816011918810e-04,1.017694787834007908e+00,-4.612318926085967608e-02,-9.715717752252626127e-01,-3.298268383405120100e-07
4.661376423776730782e-02,1.310054641727029789e-01,7.199240733978617968e-02,1.056268210706852173e-01,-1.565997951732969740e-03,9.924924393234836328e-01,-4.536480752020374818e-02,-9.471278046271409679e-01,-3.226899704608566341e-07
7.301453095847953989e-02,2.055940856446683007e-01,1.128844486499334110e-01,1.657241679532153178e-01,-2.459930834336453154e-03,9.657996674013062943e-01,-4.430332796515872723e-02,-9.214965085083109964e-01,-3.156958232878109858e-07
9.704585485338190765e-02,2.734723246348411685e-01,1.501016197087456927e-01,2.204165597794784937e-01,-3.273334290626699061e-03,9.376885190005934678e-01,-4.297324433972648378e-02,-8.947154400563597232e-01,-3.088415426737501629e-07
1.186359001852357320e-01,3.344334326579274652e-01,1.835315131945947087e-01,2.695378196485673783e-01,-4.003705524308606711e-03,9.082372874258005657e-01,-4.141168300657959572e-02,-8.668257662115682605e-01,-3.021243320879605063e-07
1.377325081695903730e-01,3.883283267240020820e-01,2.130928228285760007e-01,3.129680120650153441e-01,-4.649246471982844409e-03,8.775301860961939315e-01,-3.965712340187999702e-02,-8.378732209555698196e-01,-2.955414501141610132e-07
1.543037126014981109e-01,4.350668593180540000e-01,2.387360858536855535e-01,3.506344860658652252e-01,-5.208877797289554468e-03,8.456570487121493063e-01,-3.774820097148509634e-02,-8.079090025414422671e-01,-2.890902107695896487e-07
1.683381116138142897e-01,4.746186347960219543e-01,2.604441885066319795e-01,3.825125579032047085e-01,-5.682247139468250829e-03,8.127130714353614227e-01,-3.572263573612100007e-02,-7.769905871087426918e-01,-2.827679810918668295e-07
1.798450807535664220e-01,5.070133403444687659e-01,2.782326145446176735e-01,4.086258065534180695e-01,-6.069731300231494264e-03,7.787986073468893267e-01,-3.361631789175833357e-02,-7.451824375411764123e-01,-2.765721816389502690e-07
1.888548132952182490e-01,5.323405625747588132e-01,2.921494182807757856e-01,4.290459575892033861e-01,-6.372432093508927087e-03,7.440190180637920037e-01,-3.146256977872608634e-02,-7.125565931141146780e-01,-2.705002839239841578e-07
1.954181748775662975e-01,5.507490646198363038e-01,3.022749055405191676e-01,4.438923339568838777e-01,-6.592165631385274449e-03,7.084845823741441340e-01,-2.929159205243143591e-02,-6.791931319588987437e-01,-2.645498102702624010e-07
1.996063612588223624e-01,5.624455035419924087e-01,3.087210086310543389e-01,4.533308561697608763e-01,-6.731444879535301851e-03,6.723104574375113884e-01,-2.713009167704393335e-02,-6.451805042696199255e-01,-2.587183327401035751e-07
2.015103502139974356e-01,5.676925738853726422e-01,3.116303447872343924e-01,4.575725793121347973e-01,-6.793455385861513207e-03,6.356166847135503728e-01,-2.500108093715489727e-02,-6.106157392200682876e-01,-2.530034714303952749e-07
2.012401414374909159e-01,5.668065705622993278e-01,3.111749517540884913e-01,4.568717602456993099e-01,-6.782024169839417915e-03,5.985282304655598073e-01,-2.292383029087322749e-02,-5.756045326141837615e-01,-2.474028942373365882e-07
1.989237817326509061e-01,5.601543728869204930e-01,3.075546991505468952e-01,4.515234554690237267e-01,-6.701581856638209878e-03,5.611750494317376825e-01,-2.091395362744733616e-02,-5.402612252996868980e-01,-2.419143155537651098e-07
1.947061767253660536e-01,5.481498613707727063e-01,3.009953799722158152e-01,4.418606581239221676e-01,-6.557118248528202159e-03,5.236921600418034117e-01,-1.898360222981151924e-02,-5.047086844221641000e-01,-2.365354966327040906e-07
1.887476948485005135e-01,5.312497899751951191e-01,2.917464930767605935e-01,4.282509917469354832e-01,-6.354131647991336646e-03,4.862197202040773880e-01,-1.714174322567949341e-02,-4.690781007610445030e-01,-2.312642418045484476e-07
1.812225742176244436e-01,5.099491483924341040e-01,2.800787344750659269e-01,4.110929881349896231e-01,-6.098572376854183297e-03,4.489030940606912878e-01,-1.539449921409746444e-02,-4.335087158582584532e-01,-2.260983998885910394e-07
1.723171482610557081e-01,4.847760616991345639e-01,2.662812227582732616e-01,3.908119872019162333e-01,-5.796781075450084530e-03,4.118929019853499462e-01,-1.374552770546166001e-02,-3.981474925759849182e-01,-2.210358635988163750e-07
1.622279113654926386e-01,4.562862878656221977e-01,2.506584917169480953e-01,3.678557075141659638e-01,-5.455422509428452249e-03,3.753450482967976010e-01,-1.219642164874964324e-02,-3.631487422828816869e-01,-2.160745666339625454e-07
1.511594512931044298e-01,4.250573870421565648e-01,2.335272910921085687e-01,3.426895472431507050e-01,-5.081415759184993233e-03,3.394207234720204025e-01,-1.074711529915730289e-02,-3.286737211996534902e-01,-2.112124843048990991e-07
1.393222805140762466e-01,3.916826497940371077e-01,2.152132441502824234e-01,3.157916861578304868e-01,-4.681861812741912668e-03,3.042863799289221571e-01,-9.396282720057965235e-03,-2.948902076797663696e-01,-2.064476328752207597e-07
1.269306037927852016e-01,3.567648843619540822e-01,1.960474182877123828e-01,2.876480698670250691e-01,-4.263969725950410294e-03,2.701136825295911703e-01,-8.141719086063047700e-03,-2.619720714096541725e-01,-2.017780678182785082e-07
1.142000642423772749e-01,3.209101753163927651e-01,1.763628719755586105e-01,2.587473675832121511e-01,-3.834982651456811040e-03,2.370794367811884795e-01,-6.980697500195945544e-03,-2.300988447924329772e-01,-1.972018838945487365e-07
1.013455144948245124e-01,2.847217373575542387e-01,1.564912478802998330e-01,2.295760039720790013e-01,-3.402105166807558104e-03,2.053654991540343200e-01,-5.910296156113849057e-03,-1.994553061037633301e-01,-1.927172133435621183e-07
8.857886358071076494e-02,2.487939984229831092e-01,1.367594878845954098e-01,2.006133741190992970e-01,-2.972433451981042890e-03,1.751586749998438886e-01,-4.927692321844538009e-03,-1.702310834263519590e-01,-1.883222264400249701e-07
7.610705352787919264e-02,2.137070555905600799e-01,1.174867509260664744e-01,1.723273581923722153e-01,-2.552889976278902365e-03,1.466506102050652849e-01,-4.030420793091789994e-03,-1.426202878499799598e-01,-1.840151295485958587e-07
6.413022255372677338e-02,1.800216554646991707e-01,9.898161904145083567e-02,1.451702589769744978e-01,-2.150164453471793517e-03,1.200376829748728280e-01,-3.216595198874693234e-03,-1.168211839498607268e-01,-1.797941651767674826e-07
5.284011410917845153e-02,1.482748579667181321e-01,8.153968084523410820e-02,1.195752912306622395e-01,-1.770662914066804122e-03,9.552090205081358032e-02,-2.485090897879546016e-03,-9.303590510793088852e-02,-1.756576108059524169e-07
4.241879295143746731e-02,1.189765487237328390e-01,6.544158490041687704e-02,9.595375677475337373e-02,-1.420466824339098721e-03,7.330581728088110538e-02,-1.835688259116662405e-03,-7.147022080226797525e-02,-1.716037785717524751e-07
3.303773105746795474e-02,9.260697099790368703e-02,5.095165831068126927e-02,7.469304374468999086e-02,-1.105304258068956925e-03,5.360244783989161904e-02,-1.269174952291864805e-03,-5.233336253709508501e-02,-1.676310141285280368e-07
2.485732759548783810e-02,6.961545338019914375e-02,3.831718843446890038e-02,5.615559254121769983e-02,-8.305351988422821335e-04,3.662523264127436062e-02,-7.874055646711986076e-04,-3.583791463770680252e-02,-1.637376964189936511e-07
1.802692858890629982e-02,5.042051486521828552e-02,2.776846823407247422e-02,4.067897522005212846e-02,-6.011531245242353197e-04,2.259300664918276538e-02,-3.933164752548675780e-04,-2.219977568840258292e-02,-1.599222366073485405e-07
1.268541345777947187e-02,3.541153464373421322e-02,1.951970857736003151e-02,2.857723952415378368e-02,-4.218051028592850315e-04,1.172900601230084626e-02,-9.089350642870603052e-05,-1.163819601464601179e-02,-1.561830777916667489e-07
8.962417535821580114e-03,2.495218051718380015e-02,1.377092412246296894e-02,2.014367393054243560e-02,-2.968327135020312410e-04,4.260904241900873718e-03,1.149105420585197024e-04,-4.375896327142511644e-03,-1.525186941835824460e-07
6.980262155999719317e-03,1.938579773509548770e-02,1.071090353519219343e-02,1.565515635590294247e-02,-2.303362119918837218e-04,4.208811703823920171e-04,2.183117991541765404e-04,-6.392725864364060288e-04,-1.489275903529099415e-07
6.532827260396849647e-03,1.813281501178410499e-02,1.002122078010455469e-02,1.464442149207642076e-02,-2.153876302178437210e-04,-2.284630114823914650e-04,2.318834452721184412e-04,-3.498162928249558788e-06,-1.454083009903295117e-07
6.797732152967806731e-03,1.757103977727687838e-02,1.003752280649012132e-02,1.433124912375447271e-02,-2.000471132054288271e-04,-2.232362264337506850e-04,2.273563191358810888e-04,-4.195971830540544054e-06,-1.419593898768883067e-07
7.444082951171852522e-03,1.683125417457613862e-02,1.026270834722118296e-02,1.401262877852678390e-02,-2.745911169429790370e-04,-2.146535446465095125e-04,2.230916886597837624e-04,-8.512210130893604204e-06,-1.385794498485053028e-07
9.850697356808999286e-03,1.521548237709423670e-02,1.145379615241571593e-02,1.361238358148756863e-02,-3.368090203367208940e-04,-2.024442479938062377e-04,2.199314748485385607e-04,-1.755951620958852866e-05,-1.352671013488599280e-07
1.320646044502987379e-02,1.313468536882988688e-02,1.316505191416570374e-02,1.317609389969386958e-02,-4.587521914873469628e-04,-1.864215961316142154e-04,2.173675332307274980e-04,-3.101648523413610449e-05,-1.320209929895306885e-07
1.769658274577431967e-02,1.049466963362797982e-02,1.549824285386988340e-02,1.269300952553238659e-02,-6.217679654312331791e-04,-1.666879157566202724e-04,2.155127703993105681e-04,-4.889369636713099959e-05,-1.288397999555352933e-07
2.330707043536371995e-02,7.302228152997540869e-03,1.844566481779553319e-02,1.216363377056570508e-02,-8.253469083934800339e-04,-1.432875615117979676e-04,2.143560270418836983e-04,-7.113563497976402999e-05,-1.257222241576077491e-07
3.002397902560126342e-02,3.564111900282060721e-03,2.199963536131601186e-02,1.158845556456708156e-02,-1.068981537933384567e-03,-1.162647427319789305e-04,2.138862382708055297e-04,-9.768702614537357401e-05,-1.226669934224461386e-07
3.783341220018979906e-02,-7.129741047916665631e-04,2.615249174875294846e-02,1.096794634664570445e-02,-1.352166271337196116e-03,-8.566351303784618381e-05,2.140924123583465071e-04,-1.284928238686868299e-04,-1.196728609916837653e-07
4.672152070674159829e-02,-5.522374552948093596e-03,3.089658904881037102e-02,1.030255710498326552e-02,-1.674397376477452723e-03,-5.152776017424863172e-05,2.149636106008977329e-04,-1.634982010227082304e-04,-1.167386050726585859e-07
5.667450130293406191e-02,-1.085748741991763439e-02,3.622429832269498384e-02,9.592715560321644908e-03,-2.035172925051092607e-03,-1.390119655683696998e-05,2.164889281546737015e-04,-2.026485397264373052e-04,-1.138630283060045100e-07
6.767859575250043114e-02,-1.671176737044036825e-02,4.212800489836535101e-02,8.838823483693884417e-03,-2.433992748055034856e-03,2.717264972209784950e-05,2.186574758261376913e-04,-2.458894220522180474e-04,-1.110449571544950928e-07
7.972008987443113259e-02,-2.307872898169728570e-02,4.860010673630151684e-02,8.041254156432966690e-03,-2.870358393626960825e-03,7.165044409151012737e-05,2.214583628314526062e-04,-2.931666220330053771e-04,-1.082832417277665177e-07
9.278531264175261806e-02,-2.995194979627760490e-02,5.563301288119375243e-02,7.200349964280368213e-03,-3.343773087125420998e-03,1.194890528027748146e-04,2.248806805834381323e-04,-3.444260967263419954e-04,-1.055767551515335236e-07
1.068606353270479398e-01,-3.732507321195544653e-02,6.321914199540806800e-02,6.316420119684851980e-03,-3.853741693373345656e-03,1.706455513053752428e-04,2.289134872666321761e-04,-3.996139791807709141e-04,-1.029243927518513867e-07
1.219324706970007222e-01,-4.519181120169607491e-02,7.135092097776918330e-02,5.389738517534927928e-03,-4.399770681139537898e-03,2.250772310378920107e-04,2.335457934597247776e-04,-4.586765708159685866e-04,-1.003250723677408924e-07
1.379872722524547457e-01,-5.354594687267408282e-02,8.002078366259907094e-02,4.420541717181217245e-03,-4.981368089763518574e-03,2.827416068473554431e-04,2.387665485676453939e-04,-5.215603353282125855e-04,-9.777773325402662486e-08
1.550115335112874915e-01,-6.238133687187455423e-02,8.922116959482448428e-02,3.409027044591235456e-03,-5.598043497831429322e-03,3.435964225966895704e-04,2.445646281683028136e-04,-5.882118916035476621e-04,-9.528133582262618481e-08
1.729917873373840176e-01,-7.169191362768310982e-02,9.894452288663346806e-02,2.355350823064140259e-03,-6.249307994039820027e-03,4.075996577916812845e-04,2.509288222543259680e-04,-6.585780085872150816e-04,-9.283486153936569508e-08
1.919146053077616654e-01,-8.147168744962988984e-02,1.091832911435015596e-01,1.259626714630868172e-03,-6.934674149982354707e-03,4.747095329331351473e-04,2.578478242392972164e-04,-7.326055996592342658e-04,-9.043731186719202135e-08
2.117665971254036328e-01,-9.171474846402448422e-02,1.199299244714702034e-01,1.219241899071341062e-04,-7.653655995135164036e-03,5.448845143213784919e-04,2.653102209966187296e-04,-8.102417174718876298e-04,-8.808770861207532565e-08
2.325344100655858948e-01,-1.024152684192825014e-01,1.311768745471084130e-01,-1.057732900807756976e-03,-8.405768993633830691e-03,6.180833195118601775e-04,2.733044834933687521e-04,-8.914335500279201973e-04,-8.578509288318513376e-08
2.542047284651066663e-01,-1.135675023333450606e-01,1.429165937649006790e-01,-2.279367633139132293e-03,-9.190530023189806552e-03,6.942649206288328172e-04,2.818189584755059177e-04,-9.761284156957684326e-04,-8.352852501317415871e-08
2.767642732453374776e-01,-1.251657900084769681e-01,1.551415344481951175e-01,-3.543051211333733685e-03,-1.000745735583454150e-02,7.733885494711860691e-04,2.908418607948035626e-04,-1.064273760629826614e-03,-8.131708418054562838e-08
3.001998014726602881e-01,-1.372045574023474934e-01,1.678441481295155080e-01,-4.848904059202237965e-03,-1.085607064063892624e-02,8.554136998434149538e-04,3.003612666853039057e-04,-1.155817154390258563e-03,-7.914986799526666239e-08
3.244981059509544075e-01,-1.496783178698025407e-01,1.810168848921639428e-01,-6.197096811012606926e-03,-1.173589088823562623e-02,9.403001319001441606e-04,3.103651076823603708e-04,-1.250706288187117049e-03,-7.702599199898162991e-08
3.496460148496390308e-01,-1.625816732647208385e-01,1.946521927787662476e-01,-7.587851193842077430e-03,-1.264644045727980962e-02,1.028007873938722224e-03,3.208411654770262737e-04,-1.348888971554285717e-03,-7.494458967930048378e-08
3.756303913622916490e-01,-1.759093149152818614e-01,2.087425172592471956e-01,-9.021440812241727364e-03,-1.358724304268696739e-02,1.118497225275710827e-03,3.317770674573629428e-04,-1.450313130727933202e-03,-7.290481165389418139e-08
4.024381333945992734e-01,-1.896560244757370395e-01,2.232803007565219433e-01,-1.049819183765841879e-02,-1.455782366562117028e-02,1.211728758312091529e-03,3.431602829929270666e-04,-1.554926807031349178e-03,-7.090582508829462202e-08
4.300561732860848085e-01,-2.038166746412839458e-01,2.382579822368610101e-01,-1.201848359205916900e-02,-1.555770866539581826e-02,1.307663319846224951e-03,3.549781205911898543e-04,-1.662678155344134373e-03,-6.894681499372006381e-08
4.584714775546021581e-01,-2.183862297567042698e-01,2.536679968482422054e-01,-1.358274905034213831e-02,-1.658642569292115287e-02,1.406262032785845356e-03,3.672177256530988394e-04,-1.773515443543651057e-03,-6.702698117484945689e-08
4.876710466727257054e-01,-2.333597462925726118e-01,2.695027756207433178e-01,-1.519147524059635129e-02,-1.764350370601796072e-02,1.507486296846399180e-03,3.798660790684875682e-04,-1.887387051808253353e-03,-6.514554089667768603e-08
5.176419148677118276e-01,-2.487323732119623432e-01,2.857547452164215795e-01,-1.684520356066983304e-02,-1.872847296632581746e-02,1.611297789183441720e-03,3.929099964858141000e-04,-2.004241472533874798e-03,-6.330172581017730130e-08
5.483711499472183615e-01,-2.644993522212463755e-01,3.024163277319608101e-01,-1.854453000599357027e-02,-1.984086503788194331e-02,1.717658464519104117e-03,4.063361282819699877e-04,-2.124027310416579713e-03,-6.149478405598701803e-08
5.798458531508525748e-01,-2.806560179046508896e-01,3.194799405544682669e-01,-2.029010530826863556e-02,-2.098021278738015222e-02,1.826530555446871261e-03,4.201309602874395773e-04,-2.246693283483312473e-03,-5.972397771153332020e-08
6.120531590217381801e-01,-2.971977977580890773e-01,3.369379962614474366e-01,-2.208263499779962447e-02,-2.214605038592414032e-02,1.937876571611940124e-03,4.342808151204293203e-04,-2.372188223608588577e-03,-5.798858417641784220e-08
6.449802353029163715e-01,-3.141202121094808231e-01,3.547829025723076013e-01,-2.392287937887655619e-02,-2.333791331242931338e-02,2.051659299013432886e-03,4.487718542668401450e-04,-2.500461077904906747e-03,-5.628789614924115774e-08
6.786142828532442106e-01,-3.314188739397366801e-01,3.730070623434347810e-01,-2.581165342992883249e-02,-2.455533835849861568e-02,2.167841799254390748e-03,4.635900807444697023e-04,-2.631460910620819597e-03,-5.462121836132867772e-08
7.129425355853092894e-01,-3.490894885977444684e-01,3.916028736104355534e-01,-2.774982662286826912e-02,-2.579786363486724632e-02,2.286387407846722508e-03,4.787213424794992274e-04,-2.765136904804608043e-03,-5.298787164882050731e-08
7.479522604220579796e-01,-3.671278534188181508e-01,4.105627296725859465e-01,-2.973832266933893603e-02,-2.706502857928108630e-02,2.407259732518491312e-03,4.941513362970029058e-04,-2.901438364685716628e-03,-5.138718905945817871e-08
7.836307572705609736e-01,-3.855298572505672094e-01,4.298790192170416913e-01,-3.177811919705113286e-02,-2.835637396578109121e-02,2.530422651607839354e-03,5.098656124456184963e-04,-3.040314718484096127e-03,-4.981851761551609779e-08
8.199653590164269756e-01,-4.042914798776292007e-01,4.495441264879762033e-01,-3.387024734917151725e-02,-2.967144191547601423e-02,2.655840311144485634e-03,5.258495798839623540e-04,-3.181715520846565854e-03,-4.828121674173307701e-08
8.569434315335848762e-01,-4.234087913593393426e-01,4.695504314925241784e-01,-3.601579131827094271e-02,-3.100977590865003353e-02,2.783477123132703599e-03,5.420885119410786450e-04,-3.325590456769747256e-03,-4.677465969550371685e-08
8.945523737105085527e-01,-4.428779512787626715e-01,4.898903102450258285e-01,-3.821588781327919793e-02,-3.237092079820538815e-02,2.913297762096953274e-03,5.585675527259986988e-04,-3.471889344558154716e-03,-4.529823138001730562e-08
9.327796174930040873e-01,-4.626952079023014530e-01,5.105561350496446993e-01,-4.047172545894209272e-02,-3.375442282445991621e-02,3.045267162171415559e-03,5.752717239759898640e-04,-3.620562139763354448e-03,-4.385132877497100919e-08
9.716126279409477151e-01,-4.828568972585782770e-01,5.315402748170279246e-01,-4.278454413466749318e-02,-3.515982963118184645e-02,3.179350513883269329e-03,5.921859324745088046e-04,-3.771558939364168424e-03,-4.243336273999503131e-08
1.011038903299720015e+00,-5.033594421350569004e-01,5.528350954160535791e-01,-4.515563425138428844e-02,-3.658669028287503400e-02,3.315513260409012029e-03,6.092949778976720432e-04,-3.924829985930373272e-03,-4.104375319367605950e-08
1.051045975085819872e+00,-5.241993509939630869e-01,5.744329600596267404e-01,-4.758633596776890018e-02,-3.803455528330849239e-02,3.453721093903259175e-03,6.265835612868416588e-04,-4.080325672330540297e-03,-3.968193379717338453e-08
1.091621408186047359e+00,-5.453732168109590717e-01,5.963262297233488107e-01,-5.007803834826188294e-02,-3.950297659521335991e-02,3.593939951283131248e-03,6.440362938677990845e-04,-4.237996546413528090e-03,-3.834734899690409584e-08
1.132752800967306239e+00,-5.668777158453692788e-01,6.185072635920872974e-01,-5.263217847015815021e-02,-4.099150766106030019e-02,3.736136010319790306e-03,6.616377063291106189e-04,-4.397793316349377785e-03,-3.703945378481931081e-08
1.174427785401734425e+00,-5.887096063298771220e-01,6.409684195415388253e-01,-5.525024046968787794e-02,-4.249970342504856557e-02,3.880275684545931095e-03,6.793722585786092895e-04,-4.559666855299844383e-03,-3.575771430044849226e-08
1.216634027200301116e+00,-6.108657270995730970e-01,6.637020546438892055e-01,-5.793375454315879969e-02,-4.402712035606150265e-02,4.026325619491644484e-03,6.972243498196252845e-04,-4.723568207707971520e-03,-3.450160812424084151e-08
1.259359225960539064e+00,-6.333429961463645785e-01,6.867005257058628187e-01,-6.068429589169817284e-02,-4.557331647173364086e-02,4.174252686980075081e-03,7.151783290972100028e-04,-4.889448594172512638e-03,-3.327062262682566851e-08
1.302591115323385118e+00,-6.561384091143772634e-01,7.099561898309350028e-01,-6.350348362193515561e-02,-4.713785136346375360e-02,4.324023980551966635e-03,7.332185060665504265e-04,-5.057259417609314897e-03,-3.206425397057420447e-08
1.346317463140365156e+00,-6.792490377320573591e-01,7.334614050075867198e-01,-6.639297959930956505e-02,-4.872028622239622797e-02,4.475606810437113281e-03,7.513291621983288942e-04,-5.226952269471277744e-03,-3.088201187490737058e-08
1.390526071653479301e+00,-7.026720281792031564e-01,7.572085307263773934e-01,-6.935448725209961141e-02,-5.032018386637156226e-02,4.628968697815091099e-03,7.694945622554599796e-04,-5.398478935434289014e-03,-2.972341290842341027e-08
1.435204777681434507e+00,-7.264045994051459010e-01,7.811899286157165667e-01,-7.238975033943660653e-02,-5.193710876768133089e-02,4.784077369894302115e-03,7.876989660011883077e-04,-5.571791402205913957e-03,-2.858798415471996706e-08
1.480341452817482972e+00,-7.504440413866505510e-01,8.053979631042780252e-01,-7.550055167344632556e-02,-5.357062708170602650e-02,4.940900753856214238e-03,8.059266401533757241e-04,-5.746841863459415875e-03,-2.747526301566853191e-08
1.525924003637680437e+00,-7.747877133303401331e-01,8.298250021071140736e-01,-7.868871179976974495e-02,-5.522030667640155654e-02,5.099406971504588486e-03,8.241618706820316937e-04,-5.923582726706530174e-03,-2.638479364978858149e-08
1.571940371914649637e+00,-7.994330418334466559e-01,8.544634177282397491e-01,-8.195608764705578086e-02,-5.688571716245942322e-02,5.259564333174760777e-03,8.423889751494745282e-04,-6.101966619606671860e-03,-2.531613350683159308e-08
1.618378534844410410e+00,-8.243775189869663178e-01,8.793055869897670185e-01,-8.530457113233677613e-02,-5.856642992428121031e-02,5.421341332484766809e-03,8.605923152457591605e-04,-6.281946397247354860e-03,-2.426884488777839552e-08
1.665226505278749158e+00,-8.496187004397399711e-01,9.043438925764388792e-01,-8.873608773743482669e-02,-6.026201815157848640e-02,5.584706639600404803e-03,8.787563095633039870e-04,-6.463475148146999652e-03,-2.324250048081343948e-08
1.712472331968942552e+00,-8.751542034129710101e-01,9.295707236032555443e-01,-9.225259504724994675e-02,-6.197205687169139721e-02,5.749629095946489493e-03,8.968654464082189293e-04,-6.646506201809418077e-03,-2.223668174793218694e-08
1.760104099815087642e+00,-9.009817046804832197e-01,9.549784763970881052e-01,-9.585608126250247385e-02,-6.369612298243260140e-02,5.916077707761951965e-03,9.149042966367850350e-04,-6.830993135127905874e-03,-2.125097881958437718e-08
1.808109930125594733e+00,-9.270989385057496479e-01,9.805595552987333985e-01,-9.954856367889172719e-02,-6.543379528553272539e-02,6.084021640173242762e-03,9.328575267714647084e-04,-7.016889779508977444e-03,-2.028498906661166603e-08
1.856477980885574697e+00,-9.535036945398795982e-01,1.006306373482489525e+00,-1.033320871367977012e-01,-6.718465452066396670e-02,6.253430211217939766e-03,9.507099117647135281e-04,-7.204150227753574123e-03,-1.933831684582473317e-08
1.905196447031533014e+00,-9.801938156914169475e-01,1.032211353788978547e+00,-1.072087224488508239e-01,-6.894828339986928956e-02,6.424272885409353442e-03,9.684463482423921483e-04,-7.392728840783390279e-03,-1.841057774127011659e-08
1.954253560735722317e+00,-1.007167195958349248e+00,1.058266929575836235e+00,-1.111805647985120160e-01,-7.072426664248701589e-02,6.596519268212848106e-03,9.860518673178830362e-04,-7.582580254971077460e-03,-1.750139223967272531e-08
2.003637591698362197e+00,-1.034421778233295175e+00,1.084465545582371737e+00,-1.152497321172797906e-01,-7.251219101046300908e-02,6.770139099414739133e-03,1.003511647516086873e-03,-7.773659388435345124e-03,-1.661039039203736740e-08
2.053336847448167468e+00,-1.061955552078130527e+00,1.110799658808496293e+00,-1.194183634384459181e-01,-7.431164534404902100e-02,6.945102247570743292e-03,1.020811027674546623e-03,-7.965921448373096403e-03,-1.573720558316918064e-08
2.103339673650724162e+00,-1.089766551475825240e+00,1.137261739406827621e+00,-1.236886172319443811e-01,-7.612222059779130690e-02,7.121378703489062399e-03,1.037935519695414987e-03,-8.159321937304359756e-03,-1.488148585127643356e-08
2.153634454425477074e+00,-1.117852852557189358e+00,1.163844271587862966e+00,-1.280626697195734187e-01,-7.794350987683003329e-02,7.298938575042140248e-03,1.054870820986205738e-03,-8.353816660315377049e-03,-1.404287837896373959e-08
2.204209612671745422e+00,-1.146212571303425021e+00,1.190539754538736172e+00,-1.325427131704128292e-01,-7.977510847344698730e-02,7.477752080548978782e-03,1.071602827084932067e-03,-8.549361731083469917e-03,-1.322104300842262287e-08
2.255053610401332342e+00,-1.174843861236299025e+00,1.217340703350566544e+00,-1.371309541855136038e-01,-8.161661390377089598e-02,7.657789543623356315e-03,1.088117643818627958e-03,-8.745913578879634456e-03,-1.241564385715282590e-08
2.306154949081089534e+00,-1.203744911085568692e+00,1.244239649959377969e+00,-1.418296119638680075e-01,-8.346762594468226659e-02,7.839021387051193016e-03,1.104401599304098832e-03,-8.943428954414793519e-03,-1.162635116855538956e-08
2.357502169984747376e+00,-1.232913942439857191e+00,1.271229144098656505e+00,-1.466409165538056503e-01,-8.532774667087220100e-02,8.021418127584859989e-03,1.120441255882082682e-03,-9.141864936608172509e-03,-1.085284462912756524e-08
2.409083854551083981e+00,-1.262349207391410877e+00,1.298301754258057272e+00,-1.515671070983398983e-01,-8.719658049187470339e-02,8.204950370098858595e-03,1.136223421500435690e-03,-9.341178938135666701e-03,-1.009480682463251057e-08
2.460888624752759490e+00,-1.292048986164138435e+00,1.325450068654454805e+00,-1.566104300658490711e-01,-8.907373418924899311e-02,8.389588802660658332e-03,1.151735161130496617e-03,-9.541328711841845847e-03,-9.351929163967424122e-09
2.512905143474207126e+00,-1.322011584732075473e+00,1.352666696212724062e+00,-1.617731374705922431e-01,-9.095881695373042586e-02,8.575304191264000037e-03,1.166963807602376712e-03,-9.742272356411920547e-03,-8.623909258875346900e-09
2.565122114897205652e+00,-1.352235332437027537e+00,1.379944267551445947e+00,-1.670574850912617260e-01,-9.285144042228291039e-02,8.762067374394005501e-03,1.181896972281238798e-03,-9.943968321516276354e-03,-7.910449495164588718e-09
2.617528284897644664e+00,-1.382718579592816521e+00,1.407275435981074629e+00,-1.724657306762909237e-01,-9.475121871518635275e-02,8.949849258797111518e-03,1.196522555378368505e-03,-1.014637541397162002e-02,-7.211258556721945654e-09
2.670112441448653673e+00,-1.413459695095370394e+00,1.434652878504443452e+00,-1.780001321511630041e-01,-9.665776847287374518e-02,9.138620814405898699e-03,1.210828755779610067e-03,-1.034945280243249055e-02,-6.526050305273284999e-09
2.722863415037984680e+00,-1.444457064020958192e+00,1.462069296830791565e+00,-1.836629458137836735e-01,-9.857070889277214087e-02,9.328353069797824804e-03,1.224804080675200371e-03,-1.055316002252347334e-02,-5.854545479728709098e-09
2.775770079089062925e+00,-1.475709085238439577e+00,1.489517418388459857e+00,-1.894564245378694833e-01,-1.004896617657598801e-01,9.519017107888270643e-03,1.238437354523387211e-03,-1.075745698146781358e-02,-5.196470371840459223e-09
2.828821350398044387e+00,-1.507214169010449467e+00,1.516989997351735342e+00,-1.953828159641754492e-01,-1.024142515125847641e-01,9.710584062003818281e-03,1.251717727912572079e-03,-1.096230396304503397e-02,-4.551557132205709138e-09
2.882006189576014066e+00,-1.538970734609537816e+00,1.544479815667081590e+00,-2.014443607005867443e-01,-1.043441052198634811e-01,9.903025111701721853e-03,1.264634685683030477e-03,-1.116766163149423251e-02,-3.919542658653699190e-09
2.935313601504868863e+00,-1.570977207932757080e+00,1.571979684089056528e+00,-2.076432905169758314e-01,-1.062788526758810248e-01,1.009631147914772861e-02,1.277178054708878394e-03,-1.137349103573750270e-02,-3.300167193609586943e-09
2.988732635799860038e+00,-1.603232019134118502e+00,1.599482443216108329e+00,-2.139818265503381500e-01,-1.082181264059375314e-01,1.029041442557217072e-02,1.289338011315971496e-03,-1.157975361317712878e-02,-2.693179071475181696e-09
3.042252387288106430e+00,-1.635733600252087694e+00,1.626980964538224939e+00,-2.204621775022290731e-01,-1.101615617074903075e-01,1.048530524805667448e-02,1.301105088080479208e-03,-1.178641119334860807e-02,-2.098331005203710970e-09
3.095861996490220314e+00,-1.668480382867925771e+00,1.654468151478300175e+00,-2.270865378559546732e-01,-1.121087966846240624e-01,1.068095527641459846e-02,1.312470180101810461e-03,-1.199342600103241174e-02,-1.515379024681970450e-09
3.149550650121469175e+00,-1.701470795756063303e+00,1.681936940448824469e+00,-2.338570860834234266e-01,-1.140594722824027907e-01,1.087733587034012302e-02,1.323424550928047451e-03,-1.220076065933846723e-02,-9.440871147272744829e-10
3.203307581596222420e+00,-1.734703262567520721e+00,1.709380301901678001e+00,-2.407759828729870710e-01,-1.160132323204123017e-01,1.107441841689793885e-02,1.333959837838773633e-03,-1.240837819249705071e-02,-3.842218133335486124e-10
3.257122071548340436e+00,-1.768176199521147574e+00,1.736791241385981621e+00,-2.478453693587810980e-01,-1.179697235260111499e-01,1.127217432834188779e-02,1.344068056548021386e-03,-1.261624202834348354e-02,1.644496150672460895e-10
3.310983448360842463e+00,-1.801888013111181408e+00,1.764162800608000792e+00,-2.550673653583408473e-01,-1.199285955669788795e-01,1.147057503951138396e-02,1.353741605686202901e-03,-1.282431600023021569e-02,7.021440159127100692e-10
3.364881088707394330e+00,-1.835837097842553778e+00,1.791488058490886104e+00,-2.624440676260531013e-01,-1.218895010834905035e-01,1.166959200666632321e-02,1.362973270269334219e-03,-1.303256434931640562e-02,1.229087133879212352e-09
3.418804418106529575e+00,-1.870021833978755765e+00,1.818760132239493066e+00,-2.699775481117037690e-01,-1.238520957196524164e-01,1.186919670539444797e-02,1.371756225064091513e-03,-1.324095172584207822e-02,1.745492609353368495e-09
3.472742911483723827e+00,-1.904440585320979373e+00,1.845972178401211305e+00,-2.776698522383964640e-01,-1.258160381542225981e-01,1.206936062944326954e-02,1.380084037071454368e-03,-1.344944319043198111e-02,2.251567351383451193e-09
3.526686093751625783e+00,-1.939091697002802483e+00,1.873117393934873309e+00,-2.855229971860538396e-01,-1.277809901308058493e-01,1.227005528965870174e-02,1.387950667859342690e-03,-1.365800421541289375e-02,2.747520558430603099e-09
3.580623540395270865e+00,-1.973973493320373862e+00,1.900189017272817082e+00,-2.935389701978721178e-01,-1.297466164872043970e-01,1.247125221323881067e-02,1.395350474766141177e-03,-1.386660068519098010e-02,3.233554815990882872e-09
3.634544878074024155e+00,-2.009084275580835577e+00,1.927180329388294755e+00,-3.017197268951368749e-01,-1.317125851842017581e-01,1.267292294280982466e-02,1.402278212119674548e-03,-1.407519889661413420e-02,3.709868279314376378e-09
3.688439785234412405e+00,-2.044422319986303194e+00,1.954084654860967163e+00,-3.100671896128264216e-01,-1.336785673334268398e-01,1.287503903667418410e-02,1.408729031634190984e-03,-1.428376555961456164e-02,4.176655238378170363e-09
3.742297992733548906e+00,-2.079985875542933904e+00,1.980895362941024196e+00,-3.185832457504376158e-01,-1.356442372246132733e-01,1.307757206829999498e-02,1.414698482260366664e-03,-1.449226779648596017e-02,4.634107690922624934e-09
3.796109284477013457e+00,-2.115773162004197072e+00,2.007605868614289690e+00,-3.272697461414874609e-01,-1.376092723518262673e-01,1.328049362661912550e-02,1.420182509575311719e-03,-1.470067314164783152e-02,5.082409928563293907e-09
3.849863498067422007e+00,-2.151782367847127730e+00,2.034209633663973449e+00,-3.361285034437010433e-01,-1.395733534391218889e-01,1.348377531657013982e-02,1.425177454516490328e-03,-1.490894954088252400e-02,5.521744087685614222e-09
3.903550525465698140e+00,-2.188011648280766330e+00,2.060700167732176791e+00,-3.451612905472619675e-01,-1.415361644650917905e-01,1.368738875965866061e-02,1.429680051804258813e-03,-1.511706535031299287e-02,5.952291560670087691e-09
3.957160313665697871e+00,-2.224459123288070383e+00,2.087071029380416665e+00,-3.543698390028571232e-01,-1.434973926867357530e-01,1.389130559497822777e-02,1.433687427607767233e-03,-1.532498933511048690e-02,6.374230903540318647e-09
4.010682865377993345e+00,-2.261122875711278013e+00,2.113315827143655845e+00,-3.637558374769288561e-01,-1.454567286622901745e-01,1.409549748034523604e-02,1.437197096790769494e-03,-1.553269066785444540e-02,6.787728507544171351e-09
4.064108239730756189e+00,-2.298000949364919165e+00,2.139428220587611840e+00,-3.733209302218072900e-01,-1.474138662732323579e-01,1.429993609386351859e-02,1.440206959620119994e-03,-1.574013892683999785e-02,7.192956521046819557e-09
4.117426552978606047e+00,-2.335091347194727884e+00,2.165401921358505621e+00,-3.830667155745838826e-01,-1.493685027452644476e-01,1.450459313509088952e-02,1.442715298115271197e-03,-1.594730409354523648e-02,7.590081370633476851e-09
4.170627979225561610e+00,-2.372392029473265218e+00,2.191230694230784870e+00,-3.929947444785245603e-01,-1.513203386683865115e-01,1.470944032743515782e-02,1.444720771720099531e-03,-1.615415655073584172e-02,7.979261798654543340e-09
4.223702751161042990e+00,-2.409900912036655463e+00,2.216908358152455794e+00,-4.031065190280284094e-01,-1.532690780159924882e-01,1.491444942010913648e-02,1.446222412565700182e-03,-1.636066707967993167e-02,8.360656207837881222e-09
4.276641160805376707e+00,-2.447615864561576426e+00,2.242428787284242109e+00,-4.134034910404261742e-01,-1.552144281628951017e-01,1.511959219007834830e-02,1.447219620347457670e-03,-1.656680685693584509e-02,8.734426541107267578e-09
4.329433560270157244e+00,-2.485534708889995503e+00,2.267785912035214846e+00,-4.238870606550546594e-01,-1.571560999024709804e-01,1.532484044514961785e-02,1.447712156642395106e-03,-1.677254745182162748e-02,9.100718235149141985e-09
4.382070362528341256e+00,-2.523655217387926086e+00,2.292973720094849011e+00,-4.345585749544828014e-01,-1.590938074626139787e-01,1.553016602610989526e-02,1.447700138852362015e-03,-1.697786082244582412e-02,9.459682707756434330e-09
4.434542042198395428e+00,-2.561975111359080071e+00,2.317986257458531707e+00,-4.454193266191653899e-01,-1.610272685208152810e-01,1.573554081018673292e-02,1.447184033862322899e-03,-1.718271931283445533e-02,9.811470337239853493e-09
4.486839136336427281e+00,-2.600492059497971908e+00,2.342817629446252603e+00,-4.564705526078388642e-01,-1.629562042180173753e-01,1.594093671353651737e-02,1.446164650953319242e-03,-1.738709564835155125e-02,1.015621968049248279e-08
4.538952245245942763e+00,-2.639203676385311059e+00,2.367462001721925891e+00,-4.677134328612804204e-01,-1.648803391715729649e-01,1.614632569504746706e-02,1.444643134612075188e-03,-1.759096293229553409e-02,1.049407609799521923e-08
4.590872033290624543e+00,-2.678107521044348793e+00,2.391913601295355463e+00,-4.791490890491062471e-01,-1.667994014869497721e-01,1.635167975963332590e-02,1.442620956979564746e-03,-1.779429464164899652e-02,1.082517316287448300e-08
4.642589229726866940e+00,-2.717201095525178189e+00,2.416166717530423114e+00,-4.907785833288399457e-01,-1.687131227685327861e-01,1.655697096144202740e-02,1.440099909802635596e-03,-1.799706462223295625e-02,1.114964580828000531e-08
4.694094629540801478e+00,-2.756481843556906952e+00,2.440215703135870662e+00,-5.026029171519541539e-01,-1.706212381291052904e-01,1.676217140837294589e-02,1.437082096050497099e-03,-1.819924708484463652e-02,1.146763230929034912e-08
4.745379094299297940e+00,-2.795947149230035400e+00,2.464054975155990146e+00,-5.146230300867300489e-01,-1.725234861984607515e-01,1.696725326538658235e-02,1.433569921464524031e-03,-1.840081660011943718e-02,1.177925551668237628e-08
4.796433553011348216e+00,-2.835594335746792094e+00,2.487679015949563421e+00,-5.268397986849748804e-01,-1.744196091307185226e-01,1.717218875868869662e-02,1.429566085409357057e-03,-1.860174809355199035e-02,1.208464708842282682e-08
4.847249002998324841e+00,-2.875420664203242715e+00,2.511082374164130382e+00,-5.392540353690542521e-01,-1.763093526106359610e-01,1.737695018008093492e-02,1.425073571900352604e-03,-1.880201684090079123e-02,1.238392870396783057e-08
4.897816510774553045e+00,-2.915423332441382964e+00,2.534259665697198738e+00,-5.518664873640528601e-01,-1.781924658586908072e-01,1.758150989105594988e-02,1.420095640027306018e-03,-1.900159846267805708e-02,1.267722774136883413e-08
4.948127212938508990e+00,-2.955599473934269916e+00,2.557205574654586755e+00,-5.646778356503830976e-01,-1.800687016351210645e-01,1.778584032727490577e-02,1.414635814197998326e-03,-1.920046891888736729e-02,1.296465485534850413e-08
4.998172317073423798e+00,-2.995946156733717114e+00,2.579914854296738724e+00,-5.776886939570118340e-01,-1.819378162428427204e-01,1.798991400333364507e-02,1.408697874378586666e-03,-1.939860450403878278e-02,1.324633817111613703e-08
5.047943102654788738e+00,-3.036460382465922869e+00,2.602382327975181653e+00,-5.908996077863888363e-01,-1.837995695291327336e-01,1.819370351676454986e-02,1.402285845862317332e-03,-1.959598184087910436e-02,1.352238161144012241e-08
5.097430921969856144e+00,-3.077139085386490613e+00,2.624602890060074412e+00,-6.043110534767062170e-01,-1.856537248862559775e-01,1.839718155342215389e-02,1.395403989147303266e-03,-1.979257787571304938e-02,1.379290765564956848e-08
5.146627201042404565e+00,-3.117979131471064758e+00,2.646571506859803247e+00,-6.179234372884737647e-01,-1.875000492509522054e-01,1.860032089165565908e-02,1.388056789314461156e-03,-1.998836987190463071e-02,1.405802395470071629e-08
5.195523440568644347e+00,-3.158977317582886801e+00,2.668283217526156825e+00,-6.317370945405437199e-01,-1.893383131028161803e-01,1.880309440753928640e-02,1.380248945540906141e-03,-2.018333540465851172e-02,1.431783231907397995e-08
5.244111216856835789e+00,-3.200130370672817914e+00,2.689733134952073890e+00,-6.457522887681168555e-01,-1.911682904614117051e-01,1.900547507971184560e-02,1.371985360410626952e-03,-2.037745235511908420e-02,1.457244613690644774e-08
5.292382182777589428e+00,-3.241434947046142767e+00,2.710916446656108647e+00,-6.599692109246408922e-01,-1.929897588824340815e-01,1.920743599379308095e-02,1.363271129240589252e-03,-2.057069890419438093e-02,1.482196535553929936e-08
5.340328068719841781e+00,-3.282887631676911333e+00,2.731828415657532982e+00,-6.743879786146382838e-01,-1.948024994526256215e-01,1.940895034832256644e-02,1.354111528879882453e-03,-2.076305352719194641e-02,1.506649899587469242e-08
5.387940683552617571e+00,-3.324484937577801169e+00,2.752464381338369570e+00,-6.890086353635767047e-01,-1.966062967836364472e-01,1.960999145876987648e-02,1.344512007151827705e-03,-2.095449498737188276e-02,1.530613652588788820e-08
5.435211915592721432e+00,-3.366223305225809703e+00,2.772819760292617897e+00,-7.038311499257678960e-01,-1.984009390047348220e-01,1.981053276302052746e-02,1.334478171789845423e-03,-2.114500233028984710e-02,1.554097891502057576e-08
5.482133733580464074e+00,-3.408099102038728567e+00,2.792890047166166401e+00,-7.188554156244227888e-01,-2.001862177543684562e-01,2.001054782649299216e-02,1.324015779314931598e-03,-2.133455487783812027e-02,1.577113068049240411e-08
5.528698187653887430e+00,-3.450108621912652218e+00,2.812670815476813413e+00,-7.340812497355276856e-01,-2.019619281707773495e-01,2.021001034698286652e-02,1.313130724138012384e-03,-2.152313222216971009e-02,1.599667152871627021e-08
5.574897410337771753e+00,-3.492248084801952590e+00,2.832157718432525062e+00,-7.495083928967340992e-01,-2.037278688813146665e-01,2.040889415960009390e-02,1.301829027740269290e-03,-2.171071421982747815e-02,1.621770062182346695e-08
5.620723617525218430e+00,-3.534513636368766587e+00,2.851346489723241007e+00,-7.651365085667835020e-01,-2.054838419908168179e-01,2.060717324205788709e-02,1.290116827445223022e-03,-2.189728098579729609e-02,1.643431524408877100e-08
5.666169109471629994e+00,-3.576901347673993481e+00,2.870232944308381828e+00,-7.809651825107356560e-01,-2.072296530688786387e-01,2.080482171938212096e-02,1.278000365825220867e-03,-2.208281288763994099e-02,1.664659187313487510e-08
5.711226271787902320e+00,-3.619407214928780814e+00,2.888812979186690555e+00,-7.969939223275424034e-01,-2.089651111360222857e-01,2.100181386892208124e-02,1.265485979732231328e-03,-2.226729053950226092e-02,1.685462191707804500e-08
5.755887576436882647e+00,-3.662027159301179946e+00,2.907082574150798848e+00,-8.132221570150987011e-01,-2.106900286489025165e-01,2.119812412552480457e-02,1.252580089490296349e-03,-2.245069479650187161e-02,1.705849016887910330e-08
5.800145582727740390e+00,-3.704757026770898243e+00,2.925037792526515190e+00,-8.296492365696643834e-01,-2.124042214842615794e-01,2.139372708606638099e-02,1.239289188520396965e-03,-2.263300674890941083e-02,1.725828207669140395e-08
5.843992938322396746e+00,-3.747592588046389839e+00,2.942674781901138292e+00,-8.462744316251469279e-01,-2.141075089222427286e-01,2.158859751439978769e-02,1.225619832548327862e-03,-2.281420771624606547e-02,1.745407770010003453e-08
5.887422380228778174e+00,-3.790529538526483666e+00,2.959989774829992371e+00,-8.630969331277549283e-01,-2.157997136282274742e-01,2.178271034627236521e-02,1.211578629345643355e-03,-2.299427924199275858e-02,1.764595650435865521e-08
5.930426735806898719e+00,-3.833563498323484531e+00,2.976979089532844291e+00,-8.801158520493923554e-01,-2.174806616341173338e-01,2.197604069375017413e-02,1.197172228572490182e-03,-2.317320308783090560e-02,1.783399680975273245e-08
5.972998923763671364e+00,-3.876690012335048507e+00,2.993639130567602891e+00,-8.973302191390355453e-01,-2.191501823182219200e-01,2.216856385002265520e-02,1.182407311455205062e-03,-2.335096122814609917e-02,1.801827311476766108e-08
6.015131955158538268e+00,-3.919904550368545237e+00,3.009966389496800065e+00,-9.147389847068274626e-01,-2.208081083846128445e-01,2.236025529401678563e-02,1.167290580980608972e-03,-2.352753584479154100e-02,1.819886173980973818e-08
6.056818934395385767e+00,-3.963202507321672563e+00,3.025957445526345158e+00,-9.323410184527196609e-01,-2.224542758410132937e-01,2.255109069457953558e-02,1.151828752296236080e-03,-2.370290932174207166e-02,1.837584441057219733e-08
6.098053060222198951e+00,-4.006579203413789259e+00,3.041608966135250558e+00,-9.501351093267615955e-01,-2.240885239764038306e-01,2.274104591537954440e-02,1.136028542850963481e-03,-2.387706424006459660e-02,1.854927851663194254e-08
6.138827626721530706e+00,-4.050029884462212237e+00,3.056917707684850605e+00,-9.681199654256247289e-01,-2.257106953369967806e-01,2.293009701863029520e-02,1.119896663207988743e-03,-2.404998337249885515e-02,1.871924600896784493e-08
6.179136024303311103e+00,-4.093549722227936449e+00,3.071880516009717788e+00,-9.862942139343697789e-01,-2.273206357019658674e-01,2.311822026945969596e-02,1.103439808011881908e-03,-2.422164967878854408e-02,1.888581905693916578e-08
6.218971740685495853e+00,-4.137133814789217823e+00,3.086494326990307790e+00,-1.004656401094030649e+00,-2.289181940578035035e-01,2.330539214039831913e-02,1.086664646884909127e-03,-2.439204630104100519e-02,1.904905052387263291e-08
6.258328361882786517e+00,-4.180777186984331983e+00,3.100756167111704986e+00,-1.023204992213295306e+00,-2.305032225721873607e-01,2.349158931483111626e-02,1.069577815770538301e-03,-2.456115655854753874e-02,1.920902091753889105e-08
6.297199573174626863e+00,-4.224474790896245224e+00,3.114663153994581712e+00,-1.041938371716218503e+00,-2.320755765667218973e-01,2.367678869125002319e-02,1.052185908488085945e-03,-2.472896394360293154e-02,1.936579277825442387e-08
6.335579160079989336e+00,-4.268221506388023556e+00,3.128212496915784513e+00,-1.060854843223844934e+00,-2.336351144891007925e-01,2.386096738681578802e-02,1.034495468540312527e-03,-2.489545211680356529e-02,1.951942775188155546e-08
6.373461009323421855e+00,-4.312012141686992095e+00,3.141401497308355051e+00,-1.079952629671991904e+00,-2.351816978843115913e-01,2.404410274095175604e-02,1.016512981293220524e-03,-2.506060490293581314e-02,1.966998424638560376e-08
6.410839109784217449e+00,-4.355841434020281788e+00,3.154227549234044137e+00,-1.099229873470151775e+00,-2.367151913651775463e-01,2.422617231945513663e-02,9.982448658695357042e-04,-2.522440628687228070e-02,1.981753423821970113e-08
6.447707553454977258e+00,-4.399704050294681146e+00,3.166688139849186179e+00,-1.118684636688830114e+00,-2.382354625820686800e-01,2.440715391715993915e-02,9.796974679732784776e-04,-2.538684040912166789e-02,1.996212874124700060e-08
6.484060536374419925e+00,-4.443594587826891207e+00,3.178780849837175460e+00,-1.138314901289720460e+00,-2.397423821919478226e-01,2.458702556164884048e-02,9.608770528159171764e-04,-2.554789156244076376e-02,2.010383332230685489e-08
6.519892359563576711e+00,-4.487507575117172465e+00,3.190503353830915323e+00,-1.158118569384559704e+00,-2.412358238266684718e-01,2.476576551638227236e-02,9.417897980391030672e-04,-2.570754418790789642e-02,2.024269818349106755e-08
6.555197429946433729e+00,-4.531437472676120848e+00,3.201853420807575734e+00,-1.178093463537360330e+00,-2.427156640606740745e-01,2.494335228377064090e-02,9.224417869312011645e-04,-2.586578287119598724e-02,2.037878876083912795e-08
6.589970261263551343e+00,-4.575378673886963732e+00,3.212828914468435215e+00,-1.198237327091763671e+00,-2.441817823778300589e-01,2.511976460808061640e-02,9.028390024479959145e-04,-2.602259233948289729e-02,2.051215484712617524e-08
6.624205474970310092e+00,-4.619325505921180408e+00,3.223427793591073343e+00,-1.218547824542072222e+00,-2.456340611380407046e-01,2.529498147826955007e-02,8.829873206562678222e-04,-2.617795745777448668e-02,2.064285247048846148e-08
6.657897801130506998e+00,-4.663272230695229226e+00,3.233648112367603744e+00,-1.239022541932434107e+00,-2.470723855426827931e-01,2.546898213052250018e-02,8.628925054616713025e-04,-2.633186322612859204e-02,2.077093675445239232e-08
6.691042079289917233e+00,-4.707213045869901968e+00,3.243488020713988007e+00,-1.259658987293913901e+00,-2.484966436000194401e-01,2.564174605104745791e-02,8.425602025232453631e-04,-2.648429477638629057e-02,2.089645841875300292e-08
6.723633259343704260e+00,-4.751142085891757461e+00,3.252945764563632824e+00,-1.280454591111729545e+00,-2.499067260897245846e-01,2.581325297821987844e-02,8.219959344108185295e-04,-2.663523736946493692e-02,2.101947183965751613e-08
6.755666402387229930e+00,-4.795053423084164379e+00,3.262019686134780994e+00,-1.301406706831695237e+00,-2.513025265268584163e-01,2.598348290514404524e-02,8.012050954533597724e-04,-2.678467639276718368e-02,2.114001853811439513e-08
6.787136681552315309e+00,-4.838941068764978759e+00,3.270708224178465073e+00,-1.322512611391127857e+00,-2.526839411256888712e-01,2.615241608168244331e-02,7.801929470883726524e-04,-2.693259735757938533e-02,2.125814818845409565e-08
6.818039382833434026e+00,-4.882798974420177629e+00,3.279009914203763643e+00,-1.343769505790553431e+00,-2.540508687623987960e-01,2.632003301641439724e-02,7.589646132609346486e-04,-2.707898589637786416e-02,2.137392246852654544e-08
6.848369905890302256e+00,-4.926621032907754660e+00,3.286923388676891378e+00,-1.365174515694362434e+00,-2.554032109381514370e-01,2.648631447884837800e-02,7.375250767188226437e-04,-2.722382776141851063e-02,2.148737362752655817e-08
6.878123764845126331e+00,-4.970401079702972069e+00,3.294447377204086536e+00,-1.386724692061936715e+00,-2.567408717409309649e-01,2.665124150070970199e-02,7.158791748452090521e-04,-2.736710882176466783e-02,2.159856947304976127e-08
6.907296589053908420e+00,-5.014132894181031475e+00,3.301580706685333766e+00,-1.408417011812401531e+00,-2.580637578076958594e-01,2.681479537836935559e-02,6.940315959278813788e-04,-2.750881506206464752e-02,2.170752724238715299e-08
6.935884123864976658e+00,-5.057810200940445533e+00,3.308322301446741331e+00,-1.430248378522180008e+00,-2.593717782854146336e-01,2.697695767357589924e-02,6.719868760832155893e-04,-2.764893258014552990e-02,2.181429837787505785e-08
6.963882231365896125e+00,-5.101426671158835191e+00,3.314671183355307971e+00,-1.452215623148274126e+00,-2.606648447924468925e-01,2.713771021530179961e-02,6.497493962244638589e-04,-2.778744758588343189e-02,2.191895518034427112e-08
6.991286891095823464e+00,-5.144975923983177601e+00,3.320626471898821652e+00,-1.474315504786207098e+00,-2.619428713792116836e-01,2.729703510120434079e-02,6.273233791581527344e-04,-2.792434639970976448e-02,2.202149644928511020e-08
7.018094200759287915e+00,-5.188451527962648413e+00,3.326187384254031265e+00,-1.496544711457411081e+00,-2.632057744886685535e-01,2.745491469828325801e-02,6.047128868308406218e-04,-2.805961545055369460e-02,2.212199199986727582e-08
7.044300376903513516e+00,-5.231847002505702449e+00,3.331353235322322082e+00,-1.518899860924473266e+00,-2.644534729162945075e-01,2.761133164454737318e-02,5.819218185242219267e-04,-2.819324127568840349e-02,2.222048634173689430e-08
7.069901755590122683e+00,-5.275155819372036703e+00,3.336123437750364573e+00,-1.541377501532334326e+00,-2.656858877705301492e-01,2.776626884963906763e-02,5.589539085312734881e-04,-2.832521051901560477e-02,2.231699645923053190e-08
7.094894793029842717e+00,-5.318371404209330855e+00,3.340497501912504497e+00,-1.563974113091876061e+00,-2.669029424318960508e-01,2.791970949574691663e-02,5.358127241032355822e-04,-2.845550992996407139e-02,2.241157893261354338e-08
7.119276066218041876e+00,-5.361487138097594141e+00,3.344475035889773018e+00,-1.586686107769333720e+00,-2.681045625130084042e-01,2.807163703826986642e-02,5.125016645127654022e-04,-2.858412636317822844e-02,2.250427962093285162e-08
7.143042273524470076e+00,-5.404496359143775130e+00,3.348055745403769379e+00,-1.609509831023059334e+00,-2.692906758177631144e-01,2.822203520657658518e-02,4.890239593003356706e-04,-2.871104677754451884e-02,2.259510924654137993e-08
7.166190235282942744e+00,-5.447392364104473472e+00,3.351239433740262008e+00,-1.632441562561775639e+00,-2.704612123005167845e-01,2.837088800459345098e-02,4.653826672670433474e-04,-2.883625823577911848e-02,2.268412906790855169e-08
7.188716894342901398e+00,-5.490168410018165801e+00,3.354026001644375032e+00,-1.655477517319724923e+00,-2.716161040254034820e-01,2.851817971097770493e-02,4.415806757882328928e-04,-2.895974790389554965e-02,2.277136617546623678e-08
7.210619316605549223e+00,-5.532817715887620835e+00,3.356415447189548651e+00,-1.678613846471621596e+00,-2.727552851252252331e-01,2.866389487969178348e-02,4.176206998035962049e-04,-2.908150305076367959e-02,2.285685404597981430e-08
7.231894691534124675e+00,-5.575333464382168813e+00,3.358407865622312194e+00,-1.701846638470333684e+00,-2.738786917604816296e-01,2.880801834027645753e-02,3.935052817066228125e-04,-2.920151104830952943e-02,2.294063666477366501e-08
7.252540332644317189e+00,-5.617708803552118546e+00,3.360003449189648883e+00,-1.725171920097471556e+00,-2.749862620783595779e-01,2.895053519747662479e-02,3.692367912274425058e-04,-2.931975937099503410e-02,2.302273829670704829e-08
7.272553677960362783e+00,-5.659936848590417569e+00,3.361202486928386080e+00,-1.748585657558492379e+00,-2.760779361716647062e-01,2.909143083210809222e-02,3.448174249180931995e-04,-2.943623559615510948e-02,2.310320848532726228e-08
7.291932290457149080e+00,-5.702010683600322594e+00,3.362005364442521405e+00,-1.772083757585740660e+00,-2.771536560377983460e-01,2.923069090042497778e-02,3.202492068089075536e-04,-2.955092740406879345e-02,2.318205056719932242e-08
7.310673858472878983e+00,-5.743923363394811687e+00,3.362412563650845509e+00,-1.795662068572708048e+00,-2.782133655377776460e-01,2.936830133404159243e-02,2.955339887306394128e-04,-2.966382257816106011e-02,2.325932448036920997e-08
7.328776196090352357e+00,-5.785667915314157916e+00,3.362424662506586337e+00,-1.819316381730415433e+00,-2.792570103552700633e-01,2.950424834011205338e-02,2.706734503830369922e-04,-2.977490900526569978e-02,2.333505079934883994e-08
7.346237243503952463e+00,-5.827237341066860310e+00,3.362042334701073276e+00,-1.843042432264008212e+00,-2.802845379558660532e-01,2.963851840050485409e-02,2.456691008199860492e-04,-2.988417467628778565e-02,2.340925394174459398e-08
7.363055067349256966e+00,-5.868624618589264763e+00,3.361266349334508519e+00,-1.866835900574543849e+00,-2.812958975463412670e-01,2.977109827188636343e-02,2.205222785657933848e-04,-2.999160768640942581e-02,2.348198044130425652e-08
7.379227861008350153e+00,-5.909822703924293208e+00,3.360097570564538394e+00,-1.890692413480499656e+00,-2.822910400340955528e-01,2.990197498506814641e-02,1.952341535001445288e-04,-3.009719623629688451e-02,2.355324931040522497e-08
7.394753944892890729e+00,-5.950824533119163817e+00,3.358536957233616782e+00,-1.914607545459894755e+00,-2.832699179868402029e-01,3.003113584446915132e-02,1.698057274812012334e-04,-3.020092863221687449e-02,2.362309933315303770e-08
7.409631766690710997e+00,-5.991623024141785159e+00,3.356585562465070893e+00,-1.938576819916085547e+00,-2.842324855923079596e-01,3.015856842775027635e-02,1.442378358034006325e-04,-3.030279328710796388e-02,2.369153080428841927e-08
7.423859901596088662e+00,-6.032211078805197246e+00,3.354244533245453574e+00,-1.962595710454545728e+00,-2.851786986184443595e-01,3.028426058486253375e-02,1.185311491128672977e-04,-3.040277872155133093e-02,2.375861397407426758e-08
7.437437052494894729e+00,-6.072581584724707326e+00,3.351515109965390593e+00,-1.986659642195208519e+00,-2.861085143734861669e-01,3.040820043758314661e-02,9.268617482800908455e-05,-3.050087356472645089e-02,2.382434526225834071e-08
7.450362050141054127e+00,-6.112727417265452878e+00,3.348398625957315744e+00,-2.010763993081829515e+00,-2.870218916667617304e-01,3.053037637853121822e-02,6.670325899784724545e-05,-3.059706655529826486e-02,2.388875817745183278e-08
7.462633853281338325e+00,-6.152641441528492017e+00,3.344896506985664431e+00,-2.034904095232857646e+00,-2.879187907692923876e-01,3.065077707069269186e-02,4.058258807867673717e-05,-3.069134654267482998e-02,2.395188789192832924e-08
7.474251548775963983e+00,-6.192316514328628507e+00,3.341010270735906840e+00,-2.059075236288658406e+00,-2.887991733751290591e-01,3.076939144601891635e-02,1.432419149388804158e-05,-3.078370248823550370e-02,2.401374902941012401e-08
7.485214351665313792e+00,-6.231745486199733008e+00,3.336741526258865775e+00,-2.083272660793244135e+00,-2.896630025627695559e-01,3.088620870492117879e-02,-1.207205647719446478e-05,-3.087412346664602375e-02,2.407436517195873770e-08
7.495521605222084993e+00,-6.270921203397374910e+00,3.332091973404099239e+00,-2.107491571579490852e+00,-2.905102427568810874e-01,3.100121831503431513e-02,-3.860643435757166869e-05,-3.096259866702210511e-02,2.413377982174171997e-08
7.505172780969177282e+00,-6.309836509922861048e+00,3.327063402224761823e+00,-2.131727131178468682e+00,-2.913408596907902659e-01,3.111441001017119234e-02,-6.527937089016657042e-05,-3.104911739438826965e-02,2.419199826937938536e-08
7.514167478663949851e+00,-6.348484249546324065e+00,3.321657692357126379e+00,-2.155974463239484162e+00,-2.921548203689893208e-01,3.122577378940425558e-02,-9.209144240316540810e-05,-3.113366907150717788e-02,2.424905227180656071e-08
7.522505426255818861e+00,-6.386857267848746744e+00,3.315876812377757776e+00,-2.180228653970500474e+00,-2.929520930299998049e-01,3.133529991566924577e-02,-1.190433704102817573e-04,-3.121624323977302204e-02,2.430496642204236234e-08
7.530186479810085487e+00,-6.424948414258143004e+00,3.309722819136997174e+00,-2.204484753585101320e+00,-2.937326471102242875e-01,3.144297891480701129e-02,-1.461360184106888244e-04,-3.129682956151962070e-02,2.435976994420400141e-08
7.537210623403458598e+00,-6.462750544101595551e+00,3.303197857069920751e+00,-2.228737777768177608e+00,-2.944964532076763675e-01,3.154880157421923598e-02,-1.733703896164535225e-04,-3.137541782092710674e-02,2.441346205069065695e-08
7.543577968981519888e+00,-6.500256520661749526e+00,3.296304157477392138e+00,-2.252982709157625330e+00,-2.952434830464581994e-01,3.165275894133607465e-02,-2.007476231187168701e-04,-3.145199792631384050e-02,2.446608220933255797e-08
7.549288756194171945e+00,-6.537459217228167141e+00,3.289044037794254915e+00,-2.277214498828242562e+00,-2.959737094417691505e-01,3.175484232284401381e-02,-2.282689915466015566e-04,-3.152655991172922945e-02,2.451763711671025278e-08
7.554343352195482808e+00,-6.574351519171446334e+00,3.281419900825781166e+00,-2.301428067801679411e+00,-2.966871062653378965e-01,3.185504328307454947e-02,-2.559358975555167757e-04,-3.159909393885036721e-02,2.456818624111741960e-08
7.558742251401138645e+00,-6.610926325993273345e+00,3.273434233961480366e+00,-2.325618308553652813e+00,-2.973836484114832368e-01,3.195335364217449792e-02,-2.837498706374087082e-04,-3.166959029830213046e-02,2.461770137310918539e-08
7.562486075233632477e+00,-6.647176553403239652e+00,3.265089608372506724e+00,-2.349780086542165858e+00,-2.980633117637168095e-01,3.204976547534232195e-02,-3.117125635398999796e-04,-3.173803941253698635e-02,2.466623498634240712e-08
7.565575571821296030e+00,-6.683095135388655628e+00,3.256388678178449236e+00,-2.373908241745942505e+00,-2.987260731618071041e-01,3.214427111117414831e-02,-3.398257495258904430e-04,-3.180443183687167719e-02,2.471379167718159440e-08
7.568011615662041613e+00,-6.718675026267940886e+00,3.247334179595203540e+00,-2.397997590201141449e+00,-2.993719103695974271e-01,3.223686312978146784e-02,-3.680913179228723509e-04,-3.186875826208455248e-02,2.476040881950370717e-08
7.569795207272847826e+00,-6.753909202773194842e+00,3.237928930062807353e+00,-2.422042925563121063e+00,-3.000008020436536471e-01,3.232753436165314298e-02,-3.965112711890941832e-04,-3.193100951619368827e-02,2.480607433355928930e-08
7.570927472782248202e+00,-6.788790666106711669e+00,3.228175827342757209e+00,-2.446039020667156727e+00,-3.006127277016312771e-01,3.241627788611563254e-02,-4.250877210389540661e-04,-3.199117656679853483e-02,2.485083614282214870e-08
7.571409663511018628e+00,-6.823312444003557964e+00,3.218077848604223856e+00,-2.469980629096751201e+00,-3.012076676926961349e-01,3.250308702935453264e-02,-4.538228846988049845e-04,-3.204925052284580966e-02,2.489469659487297059e-08
7.571243155511131029e+00,-6.857467592796646194e+00,3.207638049480689535e+00,-2.493862486766192266e+00,-3.017856031673485928e-01,3.258795536308166374e-02,-4.827190810454988685e-04,-3.210522263716898000e-02,2.493768518107626845e-08
7.570429449067493266e+00,-6.891249199465039332e+00,3.196859563105447943e+00,-2.517679313503058847e+00,-3.023465160487139869e-01,3.267087670289077483e-02,-5.117787269386183009e-04,-3.215908430850053512e-02,2.497979773875254089e-08
7.568970168175030544e+00,-6.924650383689447075e+00,3.185745599127931982e+00,-2.541425814642456427e+00,-3.028903890040061109e-01,3.275184510636661855e-02,-5.410043327197849774e-04,-3.221082708404483103e-02,2.502108024878668763e-08
7.566867059980304511e+00,-6.957664299893386861e+00,3.174299442709528574e+00,-2.565096682622584279e+00,-3.034172054172685762e-01,3.283085487141966519e-02,-5.703984988132701581e-04,-3.226044266130853599e-02,2.506153859421172245e-08
7.564121994192506193e+00,-6.990284139285371623e+00,3.162524453496933230e+00,-2.588686598589878152e+00,-3.039269493623728557e-01,3.290790053481516819e-02,-5.999639113288068133e-04,-3.230792289092616204e-02,2.510118100332845471e-08
7.560736962453845855e+00,-7.022503131888636396e+00,3.150424064572512783e+00,-2.612190234007349510e+00,-3.044196055767891540e-01,3.298297686967759795e-02,-6.297033375445514579e-04,-3.235325977873148434e-02,2.514002496868810708e-08
7.556714077681052188e+00,-7.054314548560820519e+00,3.138001781385650446e+00,-2.635602252265450751e+00,-3.048951594365497675e-01,3.305607888467185229e-02,-6.596196224055582598e-04,-3.239644548844675814e-02,2.517809925408889099e-08
7.552055573384595100e+00,-7.085711703010681539e+00,3.125261180670489303e+00,-2.658917310296604608e+00,-3.053535969314259413e-01,3.312720182119514856e-02,-6.897156835880607559e-04,-3.243747234378199784e-02,2.521541265159590717e-08
7.546763802936594878e+00,-7.116687953809569755e+00,3.112205909329047504e+00,-2.682130060202103650e+00,-3.057949046413601657e-01,3.319634115218526860e-02,-7.199945071755399061e-04,-3.247633283156775574e-02,2.525195771181645519e-08
7.540841238821229808e+00,-7.147236706371796089e+00,3.098839683311888749e+00,-2.705235150862377758e+00,-3.062190697131724759e-01,3.326349257978881979e-02,-7.504591433236372251e-04,-3.251301960380419132e-02,2.528779548440751031e-08
7.534290471840043857e+00,-7.177351414950829067e+00,3.085166286461166418e+00,-2.728227229571998702e+00,-3.066260798387681064e-01,3.332865203380753344e-02,-7.811127019179363567e-04,-3.254752548039675092e-02,2.532289562855184381e-08
7.527114210297771280e+00,-7.207025584608484969e+00,3.071189569350393000e+00,-2.751100943661070275e+00,-3.070159232334137567e-01,3.339181566915862265e-02,-8.119583474612709038e-04,-3.257984345175474888e-02,2.535731027086790452e-08
7.519315279148293563e+00,-7.236252773165290364e+00,3.056913448099416897e+00,-2.773850942116387053e+00,-3.073885886155637293e-01,3.345297986451589711e-02,-8.429992947815625332e-04,-3.260996668170398211e-02,2.539102391935610395e-08
7.510896619106474326e+00,-7.265026593166377999e+00,3.042341903163112704e+00,-2.796471877223130065e+00,-3.077440651867985322e-01,3.351214121991016176e-02,-8.742388042246606629e-04,-3.263788850992753454e-02,2.542405699396496786e-08
7.501861285730600848e+00,-7.293340713790654739e+00,3.027478978115433872e+00,-2.818958406175470000e+00,-3.080823426132520693e-01,3.356929655470802798e-02,-9.056801764805600535e-04,-3.266360245510994270e-02,2.545644407086295407e-08
7.492212448475779496e+00,-7.321188862790227958e+00,3.012328778403435159e+00,-2.841305192717967110e+00,-3.084034110076505630e-01,3.362444290559558208e-02,-9.373267483152815296e-04,-3.268710221714031527e-02,2.548817408182062542e-08
7.481953389708771773e+00,-7.348564828378262526e+00,2.996895470092017177e+00,-2.863506908761647818e+00,-3.087072609119956290e-01,3.367757752429251239e-02,-9.691818866265533745e-04,-3.270838168084906628e-02,2.551926829425307293e-08
7.471087503698552013e+00,-7.375462461129601799e+00,2.981183278585368690e+00,-2.885558236016454448e+00,-3.089938832816135905e-01,3.372869787566320360e-02,-1.001248984541893263e-03,-3.272743491795866710e-02,2.554974175235019884e-08
7.459618295565420887e+00,-7.401875675836310009e+00,2.965196487334538666e+00,-2.907453867605350073e+00,-3.092632694695478524e-01,3.377780163518908502e-02,-1.033531455041526237e-03,-3.274425619096933693e-02,2.557959493917784435e-08
7.447549380215051862e+00,-7.427798453380826338e+00,2.948939436528681401e+00,-2.929188509694404363e+00,-3.095154112125376722e-01,3.382488668684253963e-02,-1.066032726835921271e-03,-3.275883995513535762e-02,2.560886167187637382e-08
7.434884481214946383e+00,-7.453224842554171836e+00,2.932416521762686745e+00,-2.950756883101922856e+00,-3.097503006168488282e-01,3.386995112112682615e-02,-1.098756238260535645e-03,-3.277118086261156249e-02,2.563754509182899072e-08
7.421627429671416643e+00,-7.478148961887606916e+00,2.915632192700932102e+00,-2.972153724917304007e+00,-3.099679301465140258e-01,3.391299323214393147e-02,-1.131705432083686966e-03,-3.278127376473273513e-02,2.566563158684436207e-08
7.407782163052672786e+00,-7.502565001443421977e+00,2.898590951716034425e+00,-2.993373790106801824e+00,-3.101682926107424132e-01,3.395401151582110727e-02,-1.164883750148366188e-03,-3.278911371557546861e-02,2.569318105078599644e-08
7.393352723989686126e+00,-7.526467224601868011e+00,2.881297352512301124e+00,-3.014411853124472795e+00,-3.103513811540000722e-01,3.399300466737376070e-02,-1.198294627799590230e-03,-3.279469597500886402e-02,2.572015993791476078e-08
7.378343259045702318e+00,-7.549849969817560513e+00,2.863755998737908204e+00,-3.035262709509741974e+00,-3.105171892454906546e-01,3.402997157843500042e-02,-1.231941487751207114e-03,-3.279801601192264271e-02,2.574659940617044333e-08
7.362758017457996296e+00,-7.572707652355001429e+00,2.845971542582562908e+00,-3.055921177479470341e+00,-3.106657106706228744e-01,3.406491133534136906e-02,-1.265827735153589231e-03,-3.279906950753559008e-02,2.577252043176238015e-08
7.346601349845748530e+00,-7.595034766016825145e+00,2.827948683354433168e+00,-3.076382099525469371e+00,-3.107969395230966159e-01,3.409782321602429500e-02,-1.299956750702646645e-03,-3.279785235904849466e-02,2.579791110700124371e-08
7.329877706894759370e+00,-7.616825884831087023e+00,2.809692166052888851e+00,-3.096640343989229383e+00,-3.109108701976647238e-01,3.412870668744536623e-02,-1.334331885376246508e-03,-3.279436068244443586e-02,2.582280499735899401e-08
7.312591638001959993e+00,-7.638075664732035364e+00,2.791206779915557323e+00,-3.116690806645452838e+00,-3.110074973842932300e-01,3.415756140365554250e-02,-1.368956454579189344e-03,-3.278859081637543194e-02,2.584718673067540545e-08
7.294747789905695612e+00,-7.658778845207001140e+00,2.772497356964444659e+00,-3.136528412265721322e+00,-3.110868160629863821e-01,3.418438720253001717e-02,-1.403833731054664885e-03,-3.278053932595229036e-02,2.587108221068621754e-08
7.276350905275421610e+00,-7.678930250928964085e+00,2.753568770529825294e+00,-3.156148116183382424e+00,-3.111488214995656865e-01,3.420918410311948876e-02,-1.438966939461234574e-03,-3.277020300557773741e-02,2.589450113652583024e-08
7.257405821277576941e+00,-7.698524793359205809e+00,2.734425933764554895e+00,-3.175544905846299670e+00,-3.111935092427847716e-01,3.423195230315681514e-02,-1.474359249538423518e-03,-3.275757888322990141e-02,2.591744400652312545e-08
7.237917468117838204e+00,-7.717557472329426460e+00,2.715073798149611584e+00,-3.194713802361210053e+00,-3.112208751216388736e-01,3.425269217604785810e-02,-1.510013769854759956e-03,-3.274266422373785235e-02,2.593993325193440693e-08
7.217890867545909472e+00,-7.736023377595696360e+00,2.695517351980629250e+00,-3.213649862030367288e+00,-3.112309152446817162e-01,3.427140426844513948e-02,-1.545933541398149605e-03,-3.272545653277540711e-02,2.596198760416762758e-08
7.197331131346451194e+00,-7.753917690372221116e+00,2.675761618851616230e+00,-3.232348177877470086e+00,-3.112236259994707321e-01,3.428808929689327462e-02,-1.582121530232599715e-03,-3.270595356079416399e-02,2.598356763854190566e-08
7.176243459791299628e+00,-7.771235684833365021e+00,2.655811656121348285e+00,-3.250803881163392361e+00,-3.111990040530858703e-01,3.430274814494779778e-02,-1.618580621494834434e-03,-3.268415330624540455e-02,2.600473162431462411e-08
7.154633140071060105e+00,-7.787972729595934673e+00,2.635672553370050686e+00,-3.269012142894970552e+00,-3.111570463541057929e-01,3.431538186067852741e-02,-1.655313612009984194e-03,-3.266005402033830829e-02,2.602547035516428377e-08
7.132505544697444577e+00,-7.804124289166528783e+00,2.615349430847849099e+00,-3.286968175316955509e+00,-3.110977501350320473e-01,3.432599165309441203e-02,-1.692323203307577939e-03,-3.263365421055207383e-02,2.604579090504513828e-08
7.109866129893744890e+00,-7.819685925382124481e+00,2.594847437915085653e+00,-3.304667233403538074e+00,-3.110211129163918953e-01,3.433457888943407949e-02,-1.729611994799091015e-03,-3.260495264473156629e-02,2.606569949547491022e-08
7.086720433935601804e+00,-7.834653298785749342e+00,2.574171751469379377e+00,-3.322104616319419446e+00,-3.109271325102248573e-01,3.434114509165847595e-02,-1.767182476217886043e-03,-3.257394835505860592e-02,2.608522174144298401e-08
7.063074075489132575e+00,-7.849022170018386646e+00,2.553327574363863484e+00,-3.339275668893119331e+00,-3.108158070269220197e-01,3.434569193400723031e-02,-1.805037020473325947e-03,-3.254064064290023567e-02,2.610433922100464919e-08
7.038932751914927621e+00,-7.862788401151274087e+00,2.532320133821675423e+00,-3.356175783057921969e+00,-3.106871348807914712e-01,3.434822123878765454e-02,-1.843177875995801601e-03,-3.250502908211053837e-02,2.612307799555286537e-08
7.014302237554434605e+00,-7.875947957004456157e+00,2.511154679840061021e+00,-3.372800399290196260e+00,-3.105411147979456610e-01,3.434873497389910602e-02,-1.881607159418477969e-03,-3.246711352394548306e-02,2.614144304058296106e-08
6.989188381979499098e+00,-7.888496906428192901e+00,2.489836483582049897e+00,-3.389145008030689965e+00,-3.103777458246909093e-01,3.434723524913203124e-02,-1.920326847825772239e-03,-3.242689410111775083e-02,2.615943788107883093e-08
6.963597108243719802e+00,-7.900431423570664080e+00,2.468370835771298122e+00,-3.405205151098243288e+00,-3.101970273368768183e-01,3.434372431288192085e-02,-1.959338770868171084e-03,-3.238437123237159626e-02,2.617707263724217925e-08
6.937534411080606311e+00,-7.911747789085778138e+00,2.446763045069940912e+00,-3.420976423075043904e+00,-3.099989590500465964e-01,3.433820454882097889e-02,-1.998644603056484899e-03,-3.233954562685364964e-02,2.619434987798331765e-08
6.911006355113729960e+00,-7.922442391356286251e+00,2.425018436458397098e+00,-3.436454472701025331e+00,-3.097835410312459459e-01,3.433067847227776193e-02,-2.038245855644652948e-03,-3.229241828863931019e-02,2.621127509104814447e-08
6.884019073017946688e+00,-7.932511727642635790e+00,2.403142349604627803e+00,-3.451635004229332448e+00,-3.095507737107004997e-01,3.432114872690674584e-02,-2.078143868516691469e-03,-3.224299052149614403e-02,2.622787438933522125e-08
6.856578763672777299e+00,-7.941952405223517530e+00,2.381140137229436959e+00,-3.466513778780114574e+00,-3.093006578952911534e-01,3.430961808072986036e-02,-2.118339802038589955e-03,-3.219126393307895906e-02,2.624413230560257446e-08
6.828691690301298856e+00,-7.950761142509625401e+00,2.359017163470210399e+00,-3.481086615678670615e+00,-3.090331947827602566e-01,3.429608942317213111e-02,-2.158834628833590334e-03,-3.213724044017719772e-02,2.626006040046768887e-08
6.800364178570338147e+00,-7.958934770112149337e+00,2.336778802231518348e+00,-3.495349393773266478e+00,-3.087483859763139327e-01,3.428056576077025130e-02,-2.199629125511299525e-03,-3.208092227272536096e-02,2.627568830633532807e-08
6.771602614703072121e+00,-7.966470231894929199e+00,2.314430435548068044e+00,-3.509298052739919349e+00,-3.084462335012564393e-01,3.426305021403598661e-02,-2.240723863572451850e-03,-3.202231197972606191e-02,2.629096883610100441e-08
6.742413443535672180e+00,-7.973364585980521113e+00,2.291977451924041453e+00,-3.522928594368825106e+00,-3.081267398212788056e-01,3.424354601319423014e-02,-2.282119201748168506e-03,-3.196141243267007492e-02,2.630596591693144232e-08
6.712803166588322767e+00,-7.979615005736109268e+00,2.269425244687206078e+00,-3.536237083834929518e+00,-3.077899078565657920e-01,3.422205649496377899e-02,-2.323815276731033396e-03,-3.189822683156972455e-02,2.632065327966534115e-08
6.682778340104502668e+00,-7.985218780722231458e+00,2.246779210332694010e+00,-3.549219650950505400e+00,-3.074357410024146642e-01,3.419858509815734693e-02,-2.365811994532056317e-03,-3.183275870924897472e-02,2.633506022673039434e-08
6.652345573076223317e+00,-7.990173317615118620e+00,2.224044746864862088e+00,-3.561872491403866192e+00,-3.070642431489291058e-01,3.417313536046026612e-02,-2.408109022015210692e-03,-3.176501193650187876e-02,2.634915458475892545e-08
6.621511525254363484e+00,-7.994476141087462295e+00,2.201227252140832480e+00,-3.574191867973968151e+00,-3.066754187012044053e-01,3.414571091418785315e-02,-2.450705777734667537e-03,-3.169499072709169168e-02,2.636297786701599155e-08
6.590282905141656045e+00,-7.998124894662307582e+00,2.178332122210438815e+00,-3.586174111731115222e+00,-3.062692726010064481e-01,3.411631548215508791e-02,-2.493601422780135791e-03,-3.162269964274948275e-02,2.637653260802503675e-08
6.558666467978168768e+00,-8.001117341537165473e+00,2.155364749659476331e+00,-3.597815623218526326e+00,-3.058458103489398727e-01,3.408495287458477435e-02,-2.536794852578736978e-03,-3.154814359827379233e-02,2.638979701711526507e-08
6.526669013708961131e+00,-8.003451365371439863e+00,2.132330521952287672e+00,-3.609112873614717110e+00,-3.054050380271697840e-01,3.405162698431472845e-02,-2.580284687213153533e-03,-3.147132786638460328e-02,2.640281051622821397e-08
6.494297384932441020e+00,-8.005124971041041704e+00,2.109234819769183034e+00,-3.620062405877774392e+00,-3.049469623239078331e-01,3.401634178313482637e-02,-2.624069262293983549e-03,-3.139225808328714729e-02,2.641555258609766090e-08
6.461558464853880857e+00,-8.006136285364840788e+00,2.086083015358050297e+00,-3.630660835869001790e+00,-3.044715905576127479e-01,3.397910131802967665e-02,-2.668146620625697248e-03,-3.131094025315124540e-02,2.642803208979670939e-08
6.428459175209376042e+00,-8.006483557784724425e+00,2.062880470877370698e+00,-3.640904853452667123e+00,-3.039789307030417165e-01,3.393990970684618302e-02,-2.712514502187346032e-03,-3.122738075384547118e-02,2.644027917584961516e-08
6.395006474191295531e+00,-8.006165161042014589e+00,2.039632536742125080e+00,-3.650791223593012003e+00,-3.034689914172089553e-01,3.389877113464126457e-02,-2.757170335687841867e-03,-3.114158634171091539e-02,2.645226841466026138e-08
6.361207354350876031e+00,-8.005179591767976888e+00,2.016344549980296552e+00,-3.660316787397428939e+00,-3.029417820667934524e-01,3.385568984931206643e-02,-2.802111229053449309e-03,-3.105356415670924505e-02,2.646401397044422370e-08
6.327068840516506754e+00,-8.003525471113372092e+00,1.993021832586758579e+00,-3.669478463183716954e+00,-3.023973127560982688e-01,3.381067015789381014e-02,-2.847333960467919676e-03,-3.096332172770338564e-02,2.647552612482890915e-08
6.292597987674702686e+00,-8.001201545279414518e+00,1.969669689882781460e+00,-3.678273247487440223e+00,-3.018355943558050924e-01,3.376371642258265554e-02,-2.892834969404432972e-03,-3.087086697740611466e-02,2.648681382197826605e-08
6.257801878858425759e+00,-7.998206686043067393e+00,1.946293408880513276e+00,-3.686698216065259714e+00,-3.012566385324118023e-01,3.371483305646433282e-02,-2.938610347291586468e-03,-3.077620822746538962e-02,2.649786104909674820e-08
6.222687623032698845e+00,-7.994539891258442665e+00,1.922898256654927307e+00,-3.694750524880684228e+00,-3.006604577783226206e-01,3.366402452004792906e-02,-2.984655828657030267e-03,-3.067935420387995007e-02,2.650870077885431539e-08
6.187262352964578049e+00,-7.990200285308658223e+00,1.899489478717005575e+00,-3.702427411060979612e+00,-3.000470654431435236e-01,3.361129531697160111e-02,-3.030966782304244777e-03,-3.058031404145659937e-02,2.651931171968960432e-08
6.151533223090718927e+00,-7.985187119523288857e+00,1.876072297397989308e+00,-3.709726193830453322e+00,-2.994164757649823150e-01,3.355664998997216764e-02,-3.077538202067344516e-03,-3.047909728912449184e-02,2.652971801288538558e-08
6.115507407384676242e+00,-7.979499772577527850e+00,1.852651910237600452e+00,-3.716644275430552202e+00,-2.987687039034604419e-01,3.350009311777919774e-02,-3.124364698593403312e-03,-3.037571391493046336e-02,2.653989822424036446e-08
6.079192097220285973e+00,-7.973137750846090555e+00,1.829233488384164108e+00,-3.723179142009997555e+00,-2.981037659714640409e-01,3.344162931051455206e-02,-3.171440489938348768e-03,-3.027017431097256406e-02,2.654990374133483419e-08
6.042594499224574811e+00,-7.966100688722718814e+00,1.805822174995997731e+00,-3.729328364494205239e+00,-2.974216790706205593e-01,3.338126320632112815e-02,-3.218759393712303501e-03,-3.016248929774875687e-02,2.655966773393912380e-08
6.005721833140819754e+00,-7.958388348922801114e+00,1.782423083657084018e+00,-3.735089599439047170e+00,-2.967224613242991360e-01,3.331899946761950060e-02,-3.266314817965289448e-03,-3.005267012965521373e-02,2.656927248862996943e-08
5.968581329682136172e+00,-7.950000622722859234e+00,1.759041296803546928e+00,-3.740460589844390782e+00,-2.960061319129301260e-01,3.325484277741028172e-02,-3.314099753527550724e-03,-2.994072849884572840e-02,2.657865715869082442e-08
5.931180228383685638e+00,-7.940937530200272931e+00,1.735681864150147469e+00,-3.745439165966755635e+00,-2.952727111100151847e-01,3.318879783599721495e-02,-3.362106765540585473e-03,-2.982667654048299158e-02,2.658787592851003851e-08
5.893525775474589778e+00,-7.931199220420845464e+00,1.712349801145153672e+00,-3.750023246091491291e+00,-2.945222203177779718e-01,3.312086935714965430e-02,-3.410327985426411367e-03,-2.971052683691484050e-02,2.659689242571306020e-08
5.855625221716880269e+00,-7.920785971595639907e+00,1.689050087412593326e+00,-3.754210837291356739e+00,-2.937546821043307554e-01,3.305106206497176319e-02,-3.458755103479770748e-03,-2.959229242193636353e-02,2.660573141181395288e-08
5.817485820289844511e+00,-7.909698191210905449e+00,1.665787665233354087e+00,-3.758000036154412360e+00,-2.929701202409080718e-01,3.297938069056255417e-02,-3.507379361147955864e-03,-2.947198678521141188e-02,2.661438462692095977e-08
5.779114824630094738e+00,-7.897936416112392166e+00,1.642567438009664205e+00,-3.761389029491884806e+00,-2.921685597390314415e-01,3.290582996895005663e-02,-3.556191543820600744e-03,-2.934962387638292980e-02,2.662288085370967887e-08
5.740519486330725840e+00,-7.885501312585062372e+00,1.619394268771788825e+00,-3.764376095026221059e+00,-2.913500268903210788e-01,3.283041463598763282e-02,-3.605181973895556051e-03,-2.922521810888482202e-02,2.663119158751906240e-08
5.701707052993780778e+00,-7.872393676363361514e+00,1.596272978673869858e+00,-3.766959602043523869e+00,-2.905145493038256976e-01,3.275313942530405642e-02,-3.654340503700057204e-03,-2.909878436402591612e-02,2.663933341491844215e-08
5.662684766130310798e+00,-7.858614432648964865e+00,1.573208345519151896e+00,-3.769138012037888341e+00,-2.896621559464430673e-01,3.267400906590464671e-02,-3.703656509838450586e-03,-2.897033799420165034e-02,2.664731948290384227e-08
5.623459859034290353e+00,-7.844164636052644468e+00,1.550205102291690062e+00,-3.770909879310083479e+00,-2.887928771816495321e-01,3.259302827904143884e-02,-3.753118886250546640e-03,-2.883989482674035112e-02,2.665514179785159522e-08
5.584039554693494445e+00,-7.829045470553214869e+00,1.527267935707101287e+00,-3.772273851566934955e+00,-2.879067448110165239e-01,3.251020177639227932e-02,-3.802716038947242388e-03,-2.870747116727957043e-02,2.666281200572236423e-08
5.544431063699392759e+00,-7.813258249386484167e+00,1.504401484785022669e+00,-3.773228670472236423e+00,-2.870037921133761216e-01,3.242553425704890191e-02,-3.852435880569471914e-03,-2.857308380228928274e-02,2.667031813383398041e-08
5.504641582150439305e+00,-7.796804414927205329e+00,1.481610339417974043e+00,-3.773773172194835990e+00,-2.860840538872115868e-01,3.233903040612189084e-02,-3.902265825535324376e-03,-2.843675000244300088e-02,2.667768409924126622e-08
5.464678289596383465e+00,-7.779685538516366350e+00,1.458899038985943974e+00,-3.773906287905865131e+00,-2.851475664904362106e-01,3.225069489203747503e-02,-3.952192784788843491e-03,-2.829848752524103186e-02,2.668489212651255219e-08
5.424548346972715152e+00,-7.761903320294213593e+00,1.436272070962161251e+00,-3.773627044283686338e+00,-2.841943678835779918e-01,3.216053236584173747e-02,-4.002203162862223891e-03,-2.815831461717978323e-02,2.669193816678597719e-08
5.384258894561555486e+00,-7.743459588966125295e+00,1.413733869557993961e+00,-3.772934563962539567e+00,-2.832244976707887774e-01,3.206854745849797850e-02,-4.052282853006749369e-03,-2.801625001597974826e-02,2.669887143191232537e-08
5.343817049955271514e+00,-7.724356301560723281e+00,1.391288814370867488e+00,-3.771828065976391198e+00,-2.822379971423308875e-01,3.197474478052492186e-02,-4.102417234818925285e-03,-2.787231295256525909e-02,2.670566132254371632e-08
5.303229906048319897e+00,-7.704595543152039205e+00,1.368941229064715381e+00,-3.770306866168390503e+00,-2.812349093171792602e-01,3.187912892042836510e-02,-4.152591170970089396e-03,-2.772652315274632545e-02,2.671229631785817568e-08
5.262504529028901423e+00,-7.684179526556619066e+00,1.346695380055318081e+00,-3.768370377583101227e+00,-2.802152789858721182e-01,3.178170444428723290e-02,-4.202789005707280312e-03,-2.757890083837659378e-02,2.671880991900877246e-08
5.221647956407990065e+00,-7.663110591994822585e+00,1.324555475235259960e+00,-3.766018110822007881e+00,-2.791791527532360151e-01,3.168247589468543152e-02,-4.252994562627456301e-03,-2.742946672844456812e-02,2.672520126572193228e-08
5.180667195047425899e+00,-7.641391206723282536e+00,1.302525662704386633e+00,-3.763249674380207299e+00,-2.781265790815360961e-01,3.158144779084153669e-02,-4.303191143733234997e-03,-2.727824204012981729e-02,2.673143086481406905e-08
5.139569219227031027e+00,-7.619023964667805515e+00,1.280610029529579919e+00,-3.760064774970258039e+00,-2.770576083342189411e-01,3.147862462838592335e-02,-4.353361529775856900e-03,-2.712524848835169353e-02,2.673756641750112843e-08
5.098360968703898877e+00,-7.596011585967360702e+00,1.258812600523897318e+00,-3.756463217787374020e+00,-2.759722928186424951e-01,3.137401087974892033e-02,-4.403487979131587640e-03,-2.697050828713840054e-02,2.674355941552808225e-08
5.057049346832711123e+00,-7.572356916568882212e+00,1.237137337054887043e+00,-3.752444906790965540e+00,-2.748706868301310502e-01,3.126761099448741033e-02,-4.453552229931369462e-03,-2.681404414792770002e-02,2.674944378180779299e-08
5.015641218665106926e+00,-7.548062927725781357e+00,1.215588135865413255e+00,-3.748009844926112333e+00,-2.737528466954890494e-01,3.115942940049443860e-02,-4.503535500701337513e-03,-2.665587928008386967e-02,2.675521219438868979e-08
4.974143409100436841e+00,-7.523132715514247337e+00,1.194168827926914478e+00,-3.743158134340741405e+00,-2.726188308165103380e-01,3.104947050482518081e-02,-4.553418493102642101e-03,-2.649603738897152172e-02,2.676084299151896363e-08
4.932562701063562649e+00,-7.497569500315657720e+00,1.172883177320006132e+00,-3.737889976572130735e+00,-2.714686997139693081e-01,3.093773869547141592e-02,-4.603181394215140158e-03,-2.633454267554352635e-02,2.676637015353733958e-08
4.890905833681634896e+00,-7.471376626251759134e+00,1.151734880130135918e+00,-3.732205672700176446e+00,-2.703025160708524277e-01,3.082423834308957444e-02,-4.652803881113120460e-03,-2.617141983336477781e-02,2.677179186260200773e-08
4.849179500522899033e+00,-7.444557560635408855e+00,1.130727563380351963e+00,-3.726105623492919960e+00,-2.691203447765174728e-01,3.070897380342874072e-02,-4.702265124285381209e-03,-2.600669404768803789e-02,2.677711190848624088e-08
4.807390347811930198e+00,-7.417115893343628308e+00,1.109864783972861257e+00,-3.719590329504627757e+00,-2.679222529698970789e-01,3.059194941925586983e-02,-4.751543793519372172e-03,-2.584039099147721757e-02,2.678228261593347254e-08
4.765544972748216423e+00,-7.389055336226737936e+00,1.089150027689924416e+00,-3.712660391168497220e+00,-2.667083100830778264e-01,3.047316952423765463e-02,-4.800618063523315500e-03,-2.567253682373876050e-02,2.678740574235915704e-08
4.723649921771801985e+00,-7.360379722447041750e+00,1.068586708180636169e+00,-3.705316508855907909e+00,-2.654785878847791825e-01,3.035263844520316376e-02,-4.849465620944789362e-03,-2.550315818459736317e-02,2.679238107488368642e-08
4.681711688925187964e+00,-7.331093005827716169e+00,1.048178166010835355e+00,-3.697559482913420403e+00,-2.642331605237844827e-01,3.023036050661384241e-02,-4.898063671507222466e-03,-2.533228219283113411e-02,2.679728991160622389e-08
4.639736714198985368e+00,-7.301199260140546876e+00,1.027927667720728966e+00,-3.689390213662390838e+00,-2.629721045712940519e-01,3.010634003435111450e-02,-4.946388949148344469e-03,-2.515993644034700272e-02,2.680205338338208827e-08
4.597731381951247975e+00,-7.270702678431763211e+00,1.007838404922083875e+00,-3.680809701402702139e+00,-2.616954990646667700e-01,2.998058135992965473e-02,-4.994417724827585232e-03,-2.498614898774169715e-02,2.680676845580650638e-08
4.555702019321145713e+00,-7.239607572262933388e+00,9.879134934175547444e-01,-3.671819046359270811e+00,-2.604034255494145356e-01,2.985308882593341526e-02,-5.042125817021693088e-03,-2.481094835908407431e-02,2.681136459252667935e-08
4.513654894702392895e+00,-7.207918370973144029e+00,9.681559723544755913e-01,-3.662419448625230167e+00,-2.590959681217817057e-01,2.972386679057700820e-02,-5.089488602423115383e-03,-2.463436353590096189e-02,2.681585859404991909e-08
4.471596216252674338e+00,-7.175639620915863937e+00,9.485688034128130219e-01,-3.652612208075960876e+00,-2.577732134709451173e-01,2.959291963404195314e-02,-5.136481028526579569e-03,-2.445642395089696677e-02,2.682027477412658076e-08
4.429532130416786728e+00,-7.142775984652202759e+00,9.291548700143437145e-01,-3.642398724249797493e+00,-2.564352509202248998e-01,2.946025176424853231e-02,-5.183077626068092678e-03,-2.427715948124555684e-02,2.682460035392949286e-08
4.387468720511858322e+00,-7.109332240173577233e+00,9.099169765676884403e-01,-3.631780496229261246e+00,-2.550821724695726544e-01,2.932586762341672648e-02,-5.229252522890048306e-03,-2.409660044132641565e-02,2.682884873203120070e-08
4.345412005328013194e+00,-7.075313280043652675e+00,8.908578477470672219e-01,-3.620759122462748891e+00,-2.537140728352695884e-01,2.918977169536787070e-02,-5.274979459132050907e-03,-2.391477757480774818e-02,2.683299164788683903e-08
4.303367937803166399e+00,-7.040724110586560336e+00,8.719801278107850440e-01,-3.609336300594203628e+00,-2.523310494913977853e-01,2.905196851232490912e-02,-5.320231802377491624e-03,-2.373172204633767698e-02,2.683706516223439247e-08
4.261342403683735292e+00,-7.005569851008028870e+00,8.532863799280803185e-01,-3.597513827252316165e+00,-2.509332027100542040e-01,2.891246266313302754e-02,-5.364982564635486714e-03,-2.354746543274033668e-02,2.684102401503802076e-08
4.219341220281604521e+00,-6.969855732538364990e+00,8.347790855679565469e-01,-3.585293597824659173e+00,-2.495206356003319970e-01,2.877125880167139688e-02,-5.409204419844614725e-03,-2.336203971398604154e-02,2.684494543097770447e-08
4.177370135234681925e+00,-6.933587097534211985e+00,8.164606439026267370e-01,-3.572677606202193434e+00,-2.480934541485514400e-01,2.862836165543192202e-02,-5.452869722566377336e-03,-2.317547726298261127e-02,2.684877459393432959e-08
4.135434825331820718e+00,-6.896769398578114441e+00,7.983333712567568519e-01,-3.559667944503098980e+00,-2.466517672560180063e-01,2.848377603428488974e-02,-5.495950526989588567e-03,-2.298781083539064296e-02,2.685250603045362735e-08
4.093540895356818865e+00,-6.859408197565684873e+00,7.803995005733042056e-01,-3.546266802782151562e+00,-2.451956867778953830e-01,2.833750684069242382e-02,-5.538418608218365242e-03,-2.279907355860933890e-02,2.685618739183249399e-08
4.051693877017712886e+00,-6.821509164774007594e+00,7.626611809449340695e-01,-3.532476468701079675e+00,-2.437253275605315017e-01,2.818955907928179239e-02,-5.580245482728245568e-03,-2.260929892075560707e-02,2.685977165398421912e-08
4.009899227866656091e+00,-6.783078077918233362e+00,7.451204771427185625e-01,-3.518299327194254200e+00,-2.422408074781278176e-01,2.803993786762939630e-02,-5.621402431422561907e-03,-2.241852075853255702e-02,2.686330685051845673e-08
3.968162330311322261e+00,-6.744120821194321991e+00,7.277793692125416047e-01,-3.503737860095577084e+00,-2.407422474693428072e-01,2.788864844687721431e-02,-5.661860522340605995e-03,-2.222677324500006366e-02,2.686674478056523568e-08
3.926488490665002828e+00,-6.704643384342223733e+00,7.106397520926865941e-01,-3.488794645769889069e+00,-2.392297715735233199e-01,2.773569619300917180e-02,-5.701590635353371780e-03,-2.203409087631497121e-02,2.687012503672697657e-08
3.884882938196280389e+00,-6.664651861620630058e+00,6.937034352572662987e-01,-3.473472358681617855e+00,-2.377035069644989895e-01,2.758108662901034500e-02,-5.740563486741934694e-03,-2.184050845915930933e-02,2.687343628877230393e-08
3.843350824316679848e+00,-6.624152450874457365e+00,6.769721424290878753e-01,-3.457773768986934559e+00,-2.361635839857240682e-01,2.742482543637478690e-02,-5.778749655264122168e-03,-2.164606109624956851e-02,2.687667074734442249e-08
3.801897221724371168e+00,-6.583151452512240986e+00,6.604475112880531240e-01,-3.441701742075966131e+00,-2.346101361838506816e-01,2.726691846805710112e-02,-5.816119609363248899e-03,-2.145078417212733027e-02,2.687985501165431632e-08
3.760527123659003212e+00,-6.541655268511662236e+00,6.441310932492009256e-01,-3.425259238101954207e+00,-2.330433003407568204e-01,2.710737176143257487e-02,-5.852643734449297641e-03,-2.125471333876016722e-02,2.688297102004817858e-08
3.719245443184040045e+00,-6.499670401421643540e+00,6.280243532611208268e-01,-3.408449311498760181e+00,-2.314632165066074498e-01,2.694619155153773343e-02,-5.888292361577639189e-03,-2.105788450009352802e-02,2.688600255505852046e-08
3.678057012515950852e+00,-6.457203453326466835e+00,6.121286696481996747e-01,-3.391275110458671804e+00,-2.298700280298274223e-01,2.678338428412518207e-02,-5.923035796700947507e-03,-2.086033379595831141e-02,2.688899304643062834e-08
3.636966582409173032e+00,-6.414261124845049622e+00,5.964453339814062005e-01,-3.373739876417326311e+00,-2.282638815882774841e-01,2.661895663113111876e-02,-5.956844351032899998e-03,-2.066209758707304028e-02,2.689192454109206068e-08
3.595978821616058418e+00,-6.370850214100181041e+00,5.809755510110088395e-01,-3.355846943495182977e+00,-2.266449272185618313e-01,2.645291550368170444e-02,-5.989688371672630129e-03,-2.046321243744463406e-02,2.689479255079271316e-08
3.555098316343946241e+00,-6.326977615678123890e+00,5.657204385993823692e-01,-3.337599737933735877e+00,-2.250133183444216756e-01,2.628526806748186784e-02,-6.021538273358700150e-03,-2.026371509804726981e-02,2.689758516455042096e-08
3.514329569829169220e+00,-6.282650319600390887e+00,5.506810277327944814e-01,-3.319001777503964856e+00,-2.233692118038510532e-01,2.611602175813910326e-02,-6.052364570696182333e-03,-2.006364248990271867e-02,2.690034786242723913e-08
3.473677001921727570e+00,-6.237875410289747791e+00,5.358582625410130973e-01,-3.300056670909113254e+00,-2.217127678772800592e-01,2.594518429560014466e-02,-6.082137911234350609e-03,-1.986303168537411484e-02,2.690303255714936079e-08
3.433144948739270674e+00,-6.192660065527283209e+00,5.212530003702955383e-01,-3.280768117158218367e+00,-2.200441503116785102e-01,2.577276370071842834e-02,-6.110829108887281917e-03,-1.966191989143124819e-02,2.690567170551719121e-08
3.392737662375178154e+00,-6.147011555400086813e+00,5.068660118944550153e-01,-3.261139904919398091e+00,-2.183635263462608833e-01,2.559876831089399202e-02,-6.138409178314889816e-03,-1.946034443078115822e-02,2.690824615639683585e-08
3.352459310662138314e+00,-6.100937241281227941e+00,4.926979812573164530e-01,-3.241175911876311933e+00,-2.166710667362907738e-01,2.542320679582896203e-02,-6.164849369294898504e-03,-1.925834272339941450e-02,2.691079303519377436e-08
3.312313976986641428e+00,-6.054444574759481945e+00,4.787495062639735011e-01,-3.220880104036692337e+00,-2.149669457752488855e-01,2.524608817454511087e-02,-6.190121202466827843e-03,-1.905595226759902033e-02,2.691324937834362833e-08
3.272305660162756702e+00,-6.007541096609721798e+00,4.650210986027943916e-01,-3.200256535049752049e+00,-2.132513413167680949e-01,2.506742183148452652e-02,-6.214196504596028112e-03,-1.885321062111930401e-02,2.691569918808562895e-08
3.232438274374482834e+00,-5.960234435765096705e+00,4.515131841139177760e-01,-3.179309345504570672e+00,-2.115244347961001692e-01,2.488721753372853326e-02,-6.237047444679951619e-03,-1.865015538199878836e-02,2.691805931590888077e-08
3.192715649127721544e+00,-5.912532308228814593e+00,4.382261030830221227e-01,-3.158042762184306795e+00,-2.097864112477765830e-01,2.470548544746618141e-02,-6.258646570536359130e-03,-1.844682416864127164e-02,2.692040648189750076e-08
3.153141529343842731e+00,-5.864442516097610358e+00,4.251601106004037067e-01,-3.136461097354225736e+00,-2.080374593262609428e-01,2.452223615551751140e-02,-6.278966845488729784e-03,-1.824325460051210920e-02,2.692267297745193059e-08
3.113719575419814589e+00,-5.815972946477758754e+00,4.123153769287385417e-01,-3.114568747986725672e+00,-2.062777713218569842e-01,2.433748067419169020e-02,-6.297981685115666695e-03,-1.803948427836027379e-02,2.692491081708435270e-08
3.074453363395654559e+00,-5.767131570472042057e+00,3.996919879252632812e-01,-3.092370195001639566e+00,-2.045075431773418217e-01,2.415123047105854903e-02,-6.315664994988116551e-03,-1.783555076417481580e-02,2.692709285541992973e-08
3.035346385185557772e+00,-5.717926442153504318e+00,3.872899455117810308e-01,-3.069870002479667903e+00,-2.027269745033327131e-01,2.396349748159724152e-02,-6.331991207438896277e-03,-1.763149156112138113e-02,2.692923723109587516e-08
2.996402048826599440e+00,-5.668365697520354907e+00,3.751091681627451990e-01,-3.047072816856494448e+00,-2.009362685912710611e-01,2.377429412700209771e-02,-6.346935319194099701e-03,-1.742734409365141041e-02,2.693134298366205949e-08
2.957623678836153402e+00,-5.618457553524137005e+00,3.631494914478230474e-01,-3.023983366135813089e+00,-1.991356324279673906e-01,2.358363333182914717e-02,-6.360472928817252972e-03,-1.722314568774310078e-02,2.693338015512151683e-08
2.919014516571263318e+00,-5.568210306994539671e+00,3.514106686061331808e-01,-3.000606459029443229e+00,-1.973252767050191481e-01,2.339152854079096927e-02,-6.372580274109026360e-03,-1.701893355034682365e-02,2.693541598291508365e-08
2.880577720703532130e+00,-5.517632333689377333e+00,3.398923711642163892e-01,-2.976946984150004472e+00,-1.955054158310525758e-01,2.319799373673314680e-02,-6.383234269322989041e-03,-1.681474475000929725e-02,2.693736508142296325e-08
2.842316367698161095e+00,-5.466732087253912020e+00,3.285941895838895288e-01,-2.953009909139611811e+00,-1.936762679392959319e-01,2.300304345686045998e-02,-6.392412542415917831e-03,-1.661061619601266956e-02,2.693930847018024608e-08
2.804233452405076488e+00,-5.415518098265097002e+00,3.175156339631226565e-01,-2.928800279823174257e+00,-1.918380548971458377e-01,2.280669281117995995e-02,-6.400093471612720158e-03,-1.640658462012025559e-02,2.694119489055206258e-08
2.766331888646017312e+00,-5.363998973210943433e+00,3.066561347535122217e-01,-2.904323219318480476e+00,-1.899910023115005120e-01,2.260895749819142458e-02,-6.406256222704078199e-03,-1.620268655505147440e-02,2.694304534540178455e-08
2.728614509925046505e+00,-5.312183393550291122e+00,2.960150435397650437e-01,-2.879583927165061397e+00,-1.881353395350714441e-01,2.240985382304493817e-02,-6.410880784410957073e-03,-1.599895831722593018e-02,2.694486153961485869e-08
2.691084070140082218e+00,-5.260080114721245259e+00,2.855916338353993167e-01,-2.854587678416617091e+00,-1.862712996705049306e-01,2.220939871302518229e-02,-6.413948004942866474e-03,-1.579543598571805235e-02,2.694662669914285706e-08
2.653743244385639244e+00,-5.207697965190114076e+00,2.753851019303635295e-01,-2.829339822734839860e+00,-1.843991195730984023e-01,2.200760973424583516e-02,-6.415439626926941127e-03,-1.559215538403177156e-02,2.694838315826525126e-08
2.616594629807232675e+00,-5.155045845522967518e+00,2.653945677673258396e-01,-2.803845783483111198e+00,-1.825190398531554847e-01,2.180450510839384778e-02,-6.415338322334422638e-03,-1.538915206184385959e-02,2.695006171917629448e-08
2.579640746506445037e+00,-5.102132727432191928e+00,2.556190758616706526e-01,-2.778111056787348154e+00,-1.806313048761711837e-01,2.160010372760932940e-02,-6.413627726616844688e-03,-1.518646127590243117e-02,2.695174557953205139e-08
2.542884038495166088e+00,-5.048967652837947462e+00,2.460575962506564018e-01,-2.752141210593494591e+00,-1.787361627616532722e-01,2.139442517063349161e-02,-6.410292472045045140e-03,-1.498411797262043030e-02,2.695338238900048575e-08
2.506326874730625320e+00,-4.995559732991481816e+00,2.367090254812788397e-01,-2.725941883742139193e+00,-1.768338653821813766e-01,2.118748971798341263e-02,-6.405318220704430549e-03,-1.478215677043717181e-02,2.695495748224876048e-08
2.469971550180795283e+00,-4.941918147543611362e+00,2.275721876348334727e-01,-2.699518784997648080e+00,-1.749246683593927432e-01,2.097931836612265677e-02,-6.398691696156534950e-03,-1.458061194230609973e-02,2.695653787767253681e-08
2.433820286964463619e+00,-4.888052143659689541e+00,2.186458353908050101e-01,-2.672877692086013557e+00,-1.730088310595878087e-01,2.076993284246799604e-02,-6.390400714317207020e-03,-1.437951739965406470e-02,2.695805840919902035e-08
2.397875235537215488e+00,-4.833971035157121676e+00,2.099286511152381463e-01,-2.646024450735181777e+00,-1.710866165885748247e-01,2.055935561888363322e-02,-6.380434213847178612e-03,-1.417890667574524081e-02,2.695956970000295272e-08
2.362138475919197678e+00,-4.779684201614605499e+00,2.014192479874418740e-01,-2.618964973682846864e+00,-1.691582917838025946e-01,2.034760992540323929e-02,-6.368782284985816111e-03,-1.397881291033391260e-02,2.696103171127798316e-08
2.326612019010919852e+00,-4.725201087537564071e+00,1.931161711706934347e-01,-2.591705239697374541e+00,-1.672241272065659312e-01,2.013471976274160136e-02,-6.355436197413275728e-03,-1.377926883448234337e-02,2.696248031003391861e-08
2.291297807934667308e+00,-4.670531201529668941e+00,1.850178989998599310e-01,-2.564251292594787568e+00,-1.652843971332186856e-01,1.992070991533496233e-02,-6.340388427354289730e-03,-1.358030675637731700e-02,2.696388228580997763e-08
2.256197719421162429e+00,-4.615684115419460554e+00,1.771228442131407010e-01,-2.536609240211448402e+00,-1.633393795426671957e-01,1.970560596210928217e-02,-6.323632682856442436e-03,-1.338195854690960897e-02,2.696525244317673816e-08
2.221313565297861725e+00,-4.560669463525581335e+00,1.694293552144457427e-01,-2.508785253442114005e+00,-1.613893561068183991e-01,1.948943428896358909e-02,-6.305163928435716242e-03,-1.318425562745737835e-02,2.696661306645068589e-08
2.186647093957808874e+00,-4.505496941788965870e+00,1.619357173607710865e-01,-2.480785565191943931e+00,-1.594346121755782497e-01,1.927222209838581890e-02,-6.284978407909345283e-03,-1.298722895670658545e-02,2.696793453995922032e-08
2.152199991933623657e+00,-4.450176307017237320e+00,1.546401542907571702e-01,-2.452616469374313990e+00,-1.574754367630088747e-01,1.905399741988061252e-02,-6.263073666261042075e-03,-1.279090901914333583e-02,2.696921227117222427e-08
2.117973885508372511e+00,-4.394717376124575914e+00,1.475408292791759446e-01,-2.424284319895377404e+00,-1.555121225320305889e-01,1.883478911922581434e-02,-6.239448569719705309e-03,-1.259532581436158434e-02,2.697049244017270549e-08
2.083970342361070927e+00,-4.339130025375817823e+00,1.406358466152345110e-01,-2.395795529629968446e+00,-1.535449657784058175e-01,1.861462690718238694e-02,-6.214103324811216453e-03,-1.240050884656346102e-02,2.697172924169025818e-08
2.050190873267280445e+00,-4.283424189618351363e+00,1.339232530226232565e-01,-2.367156569373739305e+00,-1.515742664105292903e-01,1.839354134701717824e-02,-6.187039495319046276e-03,-1.220648711523617848e-02,2.697294548092549323e-08
2.016636933868630521e+00,-4.227609861612878106e+00,1.274010390982215357e-01,-2.338373966842452134e+00,-1.496003279337488612e-01,1.817156386225414824e-02,-6.158260018354984669e-03,-1.201328910679663915e-02,2.697412177010500741e-08
1.983309926440357751e+00,-4.171697091250200273e+00,1.210671407835226393e-01,-2.309454305593360512e+00,-1.476234574263488863e-01,1.794872674249717304e-02,-6.127769218134435786e-03,-1.182094278664091655e-02,2.697529650430016316e-08
1.950211201765241320e+00,-4.115695984939435448e+00,1.149194408591027311e-01,-2.280404224033293570e+00,-1.456439655221304086e-01,1.772506314944662792e-02,-6.095572818738407422e-03,-1.162947559237816411e-02,2.697643030115820440e-08
1.917342060997753173e+00,-4.059616704863656445e+00,1.089557704719961717e-01,-2.251230414337827668e+00,-1.436621663849825259e-01,1.750060712195682794e-02,-6.061677954675807715e-03,-1.143891442834614643e-02,2.697753393935610914e-08
1.884703757601841057e+00,-4.003469468341118720e+00,1.031739106827988250e-01,-2.221939621422061695e+00,-1.416783776867464040e-01,1.727539357941808296e-02,-6.026093180177906176e-03,-1.124928565973166115e-02,2.697863923078115452e-08
1.852297499322779206e+00,-3.947264547184013317e+00,9.757159403745158111e-02,-2.192538641898704288e+00,-1.396929205825589160e-01,1.704945832568626612e-02,-5.988828476463865617e-03,-1.106061510914384607e-02,2.697971016231830434e-08
1.820124450202339039e+00,-3.891012267053732376e+00,9.214650617026526325e-02,-2.163034323021622019e+00,-1.377061196852693292e-01,1.682283805135896537e-02,-5.949895257216719462e-03,-1.087292805349870939e-02,2.698074339873604763e-08
1.788185732628889912e+00,-3.834723006845985438e+00,8.689628742226160329e-02,-2.133433561639345388e+00,-1.357183030386639455e-01,1.659557033467391057e-02,-5.909306372554090463e-03,-1.068624922091803223e-02,2.698175651057278086e-08
1.756482429432337566e+00,-3.778407198094247743e+00,8.181853448575364396e-02,-2.103743303147686206e+00,-1.337298020898083084e-01,1.636769364347560179e-02,-5.867076110797736152e-03,-1.050060279095130916e-02,2.698277043740149790e-08
1.725015586001791279e+00,-3.722075324356603598e+00,7.691080206948014419e-02,-2.073970540424273423e+00,-1.317409516601694697e-01,1.613924733386780039e-02,-5.823220198740563548e-03,-1.031601239288484732e-02,2.698375358175555171e-08
1.693786212463482599e+00,-3.665737920683223017e+00,7.217060458157739666e-02,-2.044122312801283758e+00,-1.297520899172396880e-01,1.591027164998595061e-02,-5.777755800057833221e-03,-1.013250110716379382e-02,2.698470918409985126e-08
1.662795285879109741e+00,-3.609405573030017411e+00,6.759541784328348957e-02,-2.014205704994245671e+00,-1.277635583426630916e-01,1.568080772191889766e-02,-5.730701511394500035e-03,-9.950091467257350317e-03,2.698564243841558393e-08
1.632043752470392572e+00,-3.553088917729966489e+00,6.318268080361302830e-02,-1.984227846063215228e+00,-1.257757017019995316e-01,1.545089756274238210e-02,-5.682077357406750684e-03,-9.768805461578976626e-03,2.698656653095228905e-08
1.601532529883844536e+00,-3.496798640946667369e+00,5.892979728713101939e-02,-1.954195908349956934e+00,-1.237888680115625528e-01,1.522058406538016016e-02,-5.631904783212303249e-03,-9.588664537922937312e-03,2.698745071704207637e-08
1.571262509492668435e+00,-3.440545478181844530e+00,5.483413775187499090e-02,-1.924117106441062708e+00,-1.218034085059706007e-01,1.498991099743491630e-02,-5.580206645187353945e-03,-9.409689607543177819e-03,2.698834469733206680e-08
1.541234558721639836e+00,-3.384340213773396666e+00,5.089304106598686872e-02,-1.893998696117787706e+00,-1.198196776044477552e-01,1.475892299694651216e-02,-5.527007200333790803e-03,-9.231901051448065249e-03,2.698920367705040140e-08
1.511449523380078874e+00,-3.328193680398395582e+00,4.710381628869576148e-02,-1.863847973306978600e+00,-1.178380328755595230e-01,1.452766556479243194e-02,-5.472332093329711905e-03,-9.055318725847317715e-03,2.699003917656816832e-08
1.481908230060241305e+00,-3.272116758615375876e+00,4.346374448476105629e-02,-1.833672273039937295e+00,-1.158588350023256885e-01,1.429618505885518580e-02,-5.416208341704089983e-03,-8.879961971073629945e-03,2.699084539574589644e-08
1.452611488528680717e+00,-3.216120376403388992e+00,3.997008053578202103e-02,-1.803478968410511474e+00,-1.138824477460544660e-01,1.406452868534350566e-02,-5.358664319658038716e-03,-8.705849619197996575e-03,2.699167126369423612e-08
1.423560094145866151e+00,-3.160215508719105948e+00,3.662005496498047658e-02,-1.773275469538216909e+00,-1.119092379092389566e-01,1.383274449031081377e-02,-5.299729739608090469e-03,-8.533000003788787646e-03,2.699245226915886006e-08
1.394754830320918959e+00,-3.104413177085568964e+00,3.341087577753287796e-02,-1.743069222542173780e+00,-1.099395752993553022e-01,1.360088135032046577e-02,-5.239435632535586161e-03,-8.361430970456358927e-03,2.699322280491136218e-08
1.366196470953842779e+00,-3.048724449124651681e+00,3.033973030907085450e-02,-1.712867708479875573e+00,-1.079738326885698874e-01,1.336898896123727212e-02,-5.177814325867320308e-03,-8.191159887647840587e-03,2.699398606596557487e-08
1.337885782945250845e+00,-2.993160438231165621e+00,2.740378707852123702e-02,-1.682678442364426763e+00,-1.060123857779336765e-01,1.313711782837534772e-02,-5.114899420339891374e-03,-8.022203659899430558e-03,2.699470479321875321e-08
1.309823528674087578e+00,-2.937732303129483302e+00,2.460019765408234804e-02,-1.652508972109500984e+00,-1.040556131563263598e-01,1.290531925291583254e-02,-5.050725764732402236e-03,-7.854578739679835692e-03,2.699544415310627462e-08
1.282010468498615330e+00,-2.882451247493661661e+00,2.192609851654939157e-02,-1.622366877511589367e+00,-1.021038962612158540e-01,1.267364532083136569e-02,-4.985329429391801778e-03,-7.688301142545252327e-03,2.699613888990550332e-08
1.254447363310601915e+00,-2.827328519637919424e+00,1.937861293800503121e-02,-1.592259769265362390e+00,-1.001576193398044656e-01,1.244214888806829608e-02,-4.918747677668072922e-03,-7.523386461141234535e-03,2.699683383161303324e-08
1.227134977033060625e+00,-2.772375412103589287e+00,1.695485285323283103e-02,-1.562195287923739295e+00,-9.821716940712221788e-02,1.221088356718971410e-02,-4.851018936360858985e-03,-7.359849881198627861e-03,2.699749359122602112e-08
1.200074079177311903e+00,-2.717603261341648757e+00,1.465192074276310333e-02,-1.532181102907090420e+00,-9.628293620530362085e-02,1.197990371184769719e-02,-4.782182764188838350e-03,-7.197706197688211183e-03,2.699816506510326097e-08
1.173265447393954997e+00,-2.663023447410714617e+00,1.246691150784495425e-02,-1.502224911524577378e+00,-9.435531216409073774e-02,1.174926440200551453e-02,-4.712279819297901864e-03,-7.036969832396312158e-03,2.699882393902115108e-08
1.146709870011943799e+00,-2.608647393612129051e+00,1.039691435553731155e-02,-1.472334437955742148e+00,-9.243469235716295085e-02,1.151902142712018032e-02,-4.641351824859842913e-03,-6.877654851595620816e-03,2.699943350241350786e-08
1.120408148595757769e+00,-2.554486566220994348e+00,8.439014667956611787e-03,-1.442517432293182411e+00,-9.052147446177680190e-02,1.128923126953091521e-02,-4.569441534088864755e-03,-6.719774984457659896e-03,2.700005659114604244e-08
1.094361100508060680e+00,-2.500552474180257168e+00,6.590295885915718743e-03,-1.412781669558123010e+00,-8.861605871681071944e-02,1.105995108711813057e-02,-4.496592693086448253e-03,-6.563343642718435025e-03,2.700066145951670318e-08
1.068569561453346362e+00,-2.446856668821474567e+00,4.847841372008259569e-03,-1.383134948740127212e+00,-8.671884788045794434e-02,1.083123869522562011e-02,-4.422850003453967019e-03,-6.408373940153385892e-03,2.700126628249329332e-08
1.043034388017586966e+00,-2.393410743560280718e+00,3.208736277864276953e-03,-1.353585091820552977e+00,-8.483024718727302793e-02,1.060315254833840704e-02,-4.348259083042032604e-03,-6.254878713351039871e-03,2.700182238581198520e-08
1.017756460232195792e+00,-2.340226333676068471e+00,1.670069403365240235e-03,-1.324139942847266882e+00,-8.295066430696233784e-02,1.037575172083443978e-02,-4.272866425953462770e-03,-6.102870542662631667e-03,2.700241224036574708e-08
9.927366841060825120e-01,-2.287315116064919440e+00,2.289350415429908248e-04,-1.294807367000381237e+00,-8.108050930317853289e-02,1.014909588828404388e-02,-4.196719361782128357e-03,-5.952361773964047129e-03,2.700294269130247074e-08
9.679759941152459302e-01,-2.234688808905873181e+00,-1.117565180036604600e-03,-1.265595249610611095e+00,-7.922019458699072758e-02,9.923245306168181762e-03,-4.119866013479012851e-03,-5.803364539860595556e-03,2.700347301213327934e-08
9.434753557748312147e-01,-2.182359171550841914e+00,-2.372320467756539042e-03,-1.236511495308249664e+00,-7.737013487969979231e-02,9.698260791455536739e-03,-4.042355254713110926e-03,-5.655890783642471449e-03,2.700401854895981369e-08
9.192357680802637487e-01,-2.130338004198492730e+00,-3.538209056790954377e-03,-1.207564027061418965e+00,-7.553074716722135706e-02,9.474203700498975284e-03,-3.964236666631252258e-03,-5.509952280491875638e-03,2.700453214453611954e-08
8.952582660331451780e-01,-2.078637147750734382e+00,-4.618096401662948047e-03,-1.178760785315943416e+00,-7.370245066027959757e-02,9.251135909257832829e-03,-3.885560493612542909e-03,-5.365560661987048632e-03,2.700501260119483923e-08
8.715439230728436737e-01,-2.027268483524096165e+00,-5.614833388905428324e-03,-1.150109727062333276e+00,-7.188566674984714355e-02,9.029119791083537599e-03,-3.806377598205589775e-03,-5.222727438969860386e-03,2.700552908364527365e-08
8.480938535421748137e-01,-1.976243933141770048e+00,-6.531254580804980725e-03,-1.121618825018785293e+00,-7.008081896909623687e-02,8.808218196392072347e-03,-3.726739416744455531e-03,-5.081464025485182487e-03,2.700600943474308138e-08
8.249092150904510090e-01,-1.925575458263630191e+00,-7.370176453426718899e-03,-1.093296066719752657e+00,-6.828833294891302474e-02,8.588494430505525662e-03,-3.646697912962631669e-03,-4.941781763115743464e-03,2.700646379353855081e-08
8.019912110782640990e-01,-1.875275060454674181e+00,-8.134395675684684412e-03,-1.065149453700727111e+00,-6.650863637891178681e-02,8.370012231512242995e-03,-3.566305532490275480e-03,-4.803691944365480471e-03,2.700694131684654668e-08
7.793410929295799816e-01,-1.825354780965502410e+00,-8.826687398404871321e-03,-1.037187000637491918e+00,-6.474215896546188509e-02,8.152835749420678929e-03,-3.485615156570120651e-03,-4.667205837948539340e-03,2.700737982966430501e-08
7.569601624901906023e-01,-1.775826700615240172e+00,-9.449803570122601581e-03,-1.009416734554903661e+00,-6.298933239279264074e-02,7.937029523375646600e-03,-3.404680055675349086e-03,-4.532334712548004817e-03,2.700780624654407380e-08
7.348497743114636993e-01,-1.726702939591008512e+00,-1.000647127959319177e-02,-9.818466939999530574e-01,-6.125059028209371703e-02,7.722658460205915343e-03,-3.323553843145797028e-03,-4.399089861705184762e-03,2.700825986940959156e-08
7.130113379172541288e-01,-1.677995657289826248e+00,-1.049939112309841716e-02,-9.544849282494912712e-01,-5.952636815251213798e-02,7.509787811872213094e-03,-3.242290428701250816e-03,-4.267482627574369601e-03,2.700865552941628782e-08
6.914463200631243422e-01,-1.629717052227379170e+00,-1.093123559730773547e-02,-9.273394965669475853e-01,-5.781710338314466346e-02,7.298483154543951995e-03,-3.160943972279859314e-03,-4.137524426451390756e-03,2.700907168244007581e-08
6.701562468987273258e-01,-1.581879361842199128e+00,-1.130464752821430663e-02,-9.004184674152686529e-01,-5.612323517410819362e-02,7.088810365731589187e-03,-3.079568837858694293e-03,-4.009226771860696301e-03,2.700948162383507553e-08
6.491427061312345925e-01,-1.534494862394091719e+00,-1.162223852772121396e-02,-8.737299177351487423e-01,-5.444520450959239311e-02,6.880835603348115469e-03,-2.998219547642782569e-03,-3.882601299476053612e-03,2.700986856802790376e-08
6.284073491306989556e-01,-1.487575868820053326e+00,-1.188658747809210464e-02,-8.472819322112471463e-01,-5.278345412017237948e-02,6.674625283742638762e-03,-2.916950736415045448e-03,-3.757659790876749940e-03,2.701021974020052502e-08
6.079518929987411946e-01,-1.441134734659530459e+00,-1.210023906302448021e-02,-8.210826025977536746e-01,-5.113842844820989941e-02,6.470246060761047913e-03,-2.835817106822989715e-03,-3.634414197306680850e-03,2.701062082996893328e-08
5.877781225549061350e-01,-1.395183851881486747e+00,-1.226570232643441061e-02,-7.951400270001789394e-01,-4.951057361078052554e-02,6.267764804309659127e-03,-2.754873384659423802e-03,-3.512876662827522749e-03,2.701098317140347360e-08
5.678878923394916622e-01,-1.349735650870280690e+00,-1.238544926781601913e-02,-7.694623092629775396e-01,-4.790033736762719374e-02,6.067248580252647926e-03,-2.674174274927273737e-03,-3.393059548303030935e-03,2.701132076154496475e-08
5.482831284641833669e-01,-1.304802600227292775e+00,-1.246191348840828411e-02,-7.440575582747009920e-01,-4.630816908407356380e-02,5.868764628932697860e-03,-2.593774418828569128e-03,-3.274975452912368482e-03,2.701168587381612850e-08
5.289658305110200853e-01,-1.260397206779320989e+00,-1.249748886593197300e-02,-7.189338874023633030e-01,-4.473451970197711569e-02,5.672380346252234654e-03,-2.513728351219314712e-03,-3.158637237645393978e-03,2.701200717939409343e-08
5.099380733030105528e-01,-1.216532015458487326e+00,-1.249452828021280909e-02,-6.940994138752711873e-01,-4.317984170565812574e-02,5.478163263386626181e-03,-2.434090459041692110e-03,-3.044058046791936305e-03,2.701235041045618810e-08
4.912020086202725233e-01,-1.173219609210272019e+00,-1.245534238544189487e-02,-6.695622582045380744e-01,-4.164458909138334108e-02,5.286181027488270380e-03,-2.354914940786706403e-03,-2.931251328963907499e-03,2.701265626299788819e-08
4.727598668943787108e-01,-1.130472608979002258e+00,-1.238219842118550712e-02,-6.453305436634351189e-01,-4.012921733827636006e-02,5.096501383537710081e-03,-2.276255766730914468e-03,-2.820230858911837446e-03,2.701297497640983502e-08
4.546139587899309942e-01,-1.088303673626417112e+00,-1.227731908173335107e-02,-6.214123957547661448e-01,-3.863418337939512198e-02,4.909192155399109102e-03,-2.198166640517586982e-03,-2.711010756817714210e-03,2.701328584483770912e-08
4.367666767384878468e-01,-1.046725499879201715e+00,-1.214288142775905854e-02,-5.978159417129604858e-01,-3.715994557359143802e-02,4.724321228649296621e-03,-2.120700961599969025e-03,-2.603605508836465739e-03,2.701358984694586589e-08
4.192204964017073321e-01,-1.005750822319560589e+00,-1.198101586041006028e-02,-5.745493100574438072e-01,-3.570696368019362493e-02,4.541956533352823483e-03,-2.043911789387624096e-03,-2.498029985591324834e-03,2.701388064548189192e-08
4.019779780617628306e-01,-9.653924133389312212e-01,-1.179380513503074795e-02,-5.516206301421381353e-01,-3.427569883274299983e-02,4.362166027608608762e-03,-1.967851807982802688e-03,-2.394299461091806136e-03,2.701415197988691320e-08
3.850417679179977681e-01,-9.256630831202282694e-01,-1.158328344910008328e-02,-5.290380317531360177e-01,-3.286661351537609882e-02,4.185017681702088085e-03,-1.892573293096350834e-03,-2.292429629922534615e-03,2.701442899276420186e-08
3.684145993381897077e-01,-8.865756796428908570e-01,-1.135143556880866683e-02,-5.068096447358849677e-01,-3.148017154034647019e-02,4.010579462712410281e-03,-1.818128079510577394e-03,-2.192436624387281326e-03,2.701470383545905795e-08
3.520992939890111861e-01,-8.481430886637444377e-01,-1.110019603276654956e-02,-4.849435986419631250e-01,-3.011683802602221210e-02,3.838919320448448691e-03,-1.744567530813912609e-03,-2.094337030674290299e-03,2.701497164723355641e-08
3.360987629241317109e-01,-8.103782337743112851e-01,-1.083144840842864554e-02,-4.634480224417418803e-01,-2.877707937799694332e-02,3.670105173768572343e-03,-1.671942510312139380e-03,-1.998147904361399600e-03,2.701522316947085045e-08
3.204160075411290887e-01,-7.732940763702715881e-01,-1.054702461364048077e-02,-4.423310442154898547e-01,-2.746136326900829039e-02,3.504204897076839374e-03,-1.600303353488559573e-03,-1.903886784352066186e-03,2.701547038632396330e-08
3.050541204958170938e-01,-7.369036157305285384e-01,-1.024870430117567899e-02,-4.216007909335384163e-01,-2.617015862243590035e-02,3.341286308456634969e-03,-1.529699842084865846e-03,-1.811571707015627352e-03,2.701572739240825972e-08
2.900162864831140053e-01,-7.012198890501600834e-01,-9.938214322493390401e-03,-4.012653882445509357e-01,-2.490393559668119261e-02,3.181417158767298973e-03,-1.460181180413093818e-03,-1.721221218866128338e-03,2.701595699124147224e-08
2.753057829562785552e-01,-6.662559714990913262e-01,-9.617228242511297737e-03,-3.813329603002958423e-01,-2.366316557019972761e-02,3.024665120147532714e-03,-1.391795972488642274e-03,-1.632854388047144754e-03,2.701618867502536336e-08
2.609259807350702287e-01,-6.320249763308301016e-01,-9.287365947061278909e-03,-3.618116296486981187e-01,-2.244832113006070551e-02,2.871097777072563820e-03,-1.324592202064119647e-03,-1.546490815270877691e-03,2.701640744901379576e-08
2.468803445100781202e-01,-5.985400549211860044e-01,-8.950193301742272178e-03,-3.427095171093665349e-01,-2.125987605890024279e-02,2.720782617458184123e-03,-1.258617213345117249e-03,-1.462150644261452949e-03,2.701662821748485801e-08
2.331724332519795051e-01,-5.658143969147865215e-01,-8.607221909897409123e-03,-3.240347417529082508e-01,-2.009830532671628631e-02,2.573787024251690623e-03,-1.193917694734553375e-03,-1.379854569559112350e-03,2.701685437528742621e-08
2.198059005291714552e-01,-5.338612303580286822e-01,-8.259908930534614474e-03,-3.057954208983283406e-01,-1.896408508362208700e-02,2.430178269319155371e-03,-1.130539663738654166e-03,-1.299623845506315319e-03,2.701705527110525349e-08
2.067844946885914748e-01,-5.026938217878966775e-01,-7.909656978419823611e-03,-2.879996701208878962e-01,-1.785769265112419762e-02,2.290023506419840062e-03,-1.068528453810655733e-03,-1.221480292429224113e-03,2.701725884074098056e-08
1.941120589443923183e-01,-4.723254764239587788e-01,-7.557814119935689356e-03,-2.706556033596355659e-01,-1.677960651941214423e-02,2.153389766587035081e-03,-1.007928703919421833e-03,-1.145446302377102791e-03,2.701745651391327180e-08
1.817925313690426370e-01,-4.427695383546872976e-01,-7.205673935339065861e-03,-2.537713330503084674e-01,-1.573030634486207932e-02,2.020343954189741074e-03,-9.487843493789858539e-04,-1.071544844415876427e-03,2.701763769612995224e-08
1.698299447479049151e-01,-4.140393907162140952e-01,-6.854475674159116183e-03,-2.373549702941483985e-01,-1.471027294761860504e-02,1.890952842985805507e-03,-8.911386149239824798e-04,-9.997994675797902079e-04,2.701784529299749205e-08
1.582284263086737308e-01,-3.861484559031982400e-01,-6.505404507849883028e-03,-2.214146250866780852e-01,-1.371998831388735601e-02,1.765283075008984787e-03,-8.350340104010178441e-04,-9.302343040239086395e-04,2.701801689613466893e-08
1.469921973530361470e-01,-3.591101957831274172e-01,-6.159591851659540485e-03,-2.059584065784280660e-01,-1.275993559572964967e-02,1.643401158219530639e-03,-7.805123274722301297e-04,-8.628740700657257017e-04,2.701819299267179795e-08
1.361255727754465961e-01,-3.329381120420833451e-01,-5.818115805425825432e-03,-1.909944234612098168e-01,-1.183059912015520590e-02,1.525373467247562046e-03,-7.276146399072273754e-04,-7.977440665684768298e-04,2.701836297161563216e-08
1.256329604066223904e-01,-3.076457463574792661e-01,-5.482001664262938292e-03,-1.765307842865933841e-01,-1.093246439065882758e-02,1.411266243681720631e-03,-6.763813045208188135e-04,-7.348701783047874823e-04,2.701853570674991076e-08
1.155188602832364769e-01,-2.832466807837290546e-01,-5.152222545461994721e-03,-1.625755979550317087e-01,-1.006601809889325072e-02,1.301145598274114140e-03,-6.268519654937696698e-04,-6.742788718351260631e-04,2.701870027036172560e-08
1.057878637540605044e-01,-2.597545380464456044e-01,-4.829700101903340939e-03,-1.491369741904823576e-01,-9.231748133195842934e-03,1.195077513837452957e-03,-5.790655601284385584e-04,-6.159971926767761905e-04,2.701885169957095397e-08
9.644465245722726177e-02,-2.371829819117824700e-01,-4.515305348337718752e-03,-1.362230241062143410e-01,-8.430143591529985769e-03,1.093127848672991419e-03,-5.330603273258741103e-04,-5.600527602252794402e-04,2.701899955772375691e-08
8.749399718116271374e-02,-2.155457175686104621e-01,-4.209859572811724959e-03,-1.238418608146360511e-01,-7.661694794871380665e-03,9.953623422427728198e-04,-4.888738175538355230e-04,-5.064737634963203256e-04,2.701915717634696139e-08
7.894075655893419141e-02,-1.948564920648412080e-01,-3.914135380966103292e-03,-1.120016001249389131e-01,-6.926893305352658028e-03,9.018466212602113371e-04,-4.465429061578530395e-04,-4.552889538249851767e-04,2.701929242889438413e-08
7.078987562817701251e-02,-1.751290947106598772e-01,-3.628857824177083441e-03,-1.007103612583052782e-01,-6.226231942022509083e-03,8.126462061697182181e-04,-4.061038078119454261e-04,-4.065276370187236379e-04,2.701944644379069542e-08
6.304638426836658982e-02,-1.563773576062850446e-01,-3.354705651200851416e-03,-8.997626768671500297e-02,-5.560204804180327379e-03,7.278265202474943837e-04,-3.675920938801255974e-04,-3.602196649508269868e-04,2.701957420051047930e-08
5.571539544555784151e-02,-1.386151560971167207e-01,-3.092312672274346273e-03,-7.980744797928440715e-02,-4.929307290805035394e-03,6.474528980601478067e-04,-3.310427119135546706e-04,-3.163954246595674074e-04,2.701971235110042140e-08
4.880210336634839552e-02,-1.218564093745686805e-01,-2.842269230894480317e-03,-7.021203677732426596e-02,-4.334036128848380194e-03,5.715905962061980936e-04,-2.964900071857245654e-04,-2.750858274634213497e-04,2.701983374851256269e-08
4.231178141880336668e-02,-1.061150810123623195e-01,-2.605123804790581386e-03,-6.119817578876858566e-02,-3.774889397275949139e-03,5.003048052815263838e-04,-2.639677469455946118e-04,-2.363222967147887710e-04,2.701996125186897635e-08
3.624977999145913288e-02,-9.140517958367563867e-02,-2.381384716685806032e-03,-5.277401487552939308e-02,-3.252366557575853134e-03,4.336606613988242638e-04,-2.335091464729378537e-04,-2.001367532490530934e-04,2.702008648774343576e-08
3.062152413129195019e-02,-7.774075935426955075e-02,-2.171521980544140716e-03,-4.494771324243330285e-02,-2.766968486055849941e-03,3.717232610831790207e-04,-2.051468981332395638e-04,-1.665616011928189094e-04,2.702018616648665130e-08
2.543251101737668829e-02,-6.513592088617536913e-02,-1.975969249486412161e-03,-3.772744061931246340e-02,-2.319197504189756624e-03,3.145576744368050459e-04,-1.789132014898517939e-04,-1.356297111433462353e-04,2.702031728680511594e-08
2.068830732040900094e-02,-5.360481191438810217e-02,-1.795125926274475803e-03,-3.112137866770404993e-02,-1.909557421000550054e-03,2.622289630907245588e-04,-1.548397976021546646e-04,-1.073744036112571061e-04,2.702040893411696120e-08
1.639454629643086539e-02,-4.316162793101879780e-02,-1.629359370713767989e-03,-2.513772226387414599e-02,-1.538553563282864592e-03,2.148021950742494185e-04,-1.329580037516664003e-04,-8.182942940987639603e-05,2.702053781220454284e-08
1.255692483461775914e-02,-3.382061317290172009e-02,-1.479007261573896505e-03,-1.978468107671044890e-02,-1.206692824040918712e-03,1.723424643455543281e-04,-1.132987518926680123e-04,-5.902895047358932439e-05,2.702062116900273921e-08
9.181200236607236012e-03,-2.559606138838051506e-02,-1.344380079008992762e-03,-1.507048107276430862e-02,-9.144837008318634688e-04,1.349149095828024994e-04,-9.589262858065736935e-05,-3.900751898065142370e-05,2.702073095758050514e-08
6.273186836345900561e-03,-1.850231676130757730e-02,-1.225763746194188410e-03,-1.100336617876734001e-02,-6.624363438367661047e-04,1.025847344694296576e-04,-8.076991819703089855e-05,-2.180005419503746326e-05,2.702082505835545282e-08
3.838752467068399545e-03,-1.255377485192885750e-02,-1.123422382754278581e-03,-7.591600002106129938e-03,-4.510626023130120867e-04,7.541722899053806552e-05,-6.796064737174410859e-05,-7.441819484289677225e-06,2.702090734533242856e-08
1.883814735157734749e-03,-7.764883656413056057e-03,-1.037601229149351162e-03,-4.843467692105959954e-03,-2.808760777686721975e-04,5.347779291566146377e-05,-5.749463310094258362e-05,4.031602356006256337e-06,2.702100047465541372e-08
4.143370677039900658e-04,-4.150144562699242812e-03,-9.685296977517104510e-04,-2.767277797243524080e-03,-1.523921745756241395e-04,3.683195857610908723e-05,-4.940153216862691132e-05,1.258433580100916458e-05,2.702110152060009786e-08
-5.636753796319219538e-04,-1.724113524113479604e-03,-9.164245874717859459e-04,-1.371364316273636103e-03,-6.612815783125244960e-05,2.554541661738477643e-05,-4.371089399091151822e-05,1.818023964229552178e-05,2.702116848459805251e-08
-1.044180033491497791e-03,-5.014021808025155048e-04,-8.814934354107745043e-04,-6.640887788832343461e-04,-2.260321072910971969e-05,1.968404182914084880e-05,-4.045221513139360723e-05,2.078293560481005538e-05,2.702125727205240783e-08
-1.105869708247411232e-03,-2.918620833782123664e-04,-8.610759973497576769e-04,-5.366557942758679815e-04,-1.506416027256811220e-05,1.839168417506074953e-05,-3.924373137400023856e-05,2.086680954515360948e-05,2.702132999238131603e-08
-1.313213290367883741e-03,-3.399240055097505538e-04,-1.020519663197421139e-03,-6.326176326802105537e-04,-1.801902513949569428e-05,-8.058578927071013758e-05,-4.203077468475310298e-05,1.226313263405910236e-04,2.702140413578443118e-08
-2.654449474067609518e-03,-6.543133480737095119e-04,-2.052957723402319603e-03,-1.255805098738997693e-03,-3.706825993592949552e-05,-6.666461457184816742e-04,-6.247363959354148286e-05,7.291345477346761802e-04,2.702147534536845301e-08
-5.320994588886449918e-03,-1.279985483287479891e-03,-4.105762092140683751e-03,-2.495217980033239986e-03,-7.492889028570104805e-05,-1.822097640253329473e-03,-1.035559678027839789e-04,1.925668370514448070e-03,2.702154375693506043e-08
-9.271360118776279802e-03,-2.207190338869981922e-03,-7.146988784724989802e-03,-4.331561672921289269e-03,-1.310121301622290703e-04,-3.529310999151235619e-03,-1.646385526584959983e-04,3.693964314302816514e-03,2.702160956634674572e-08
-1.446382070388121943e-02,-3.426116111522129089e-03,-1.114450963338670109e-02,-6.745427182016670853e-03,-2.047259449892548729e-04,-5.770818522499779162e-03,-2.450808315867303083e-04,6.015914116613126951e-03,2.702167271828802227e-08
-2.085616530504924571e-02,-4.926828492440181798e-03,-1.606582000636061144e-02,-9.717173791128821264e-03,-2.954715628822577895e-04,-8.529306819488605834e-03,-3.442380278762988913e-04,8.873559609923670211e-03,2.702173316646093936e-08
-2.840547933652984303e-02,-6.699217481213409764e-03,-2.187787046427352999e-02,-1.322682635346977484e-02,-4.026404196171721800e-04,-1.178761050265730859e-02,-4.614585918693943009e-04,1.224908385711590691e-02,2.702179102406453186e-08
-3.706795638682555682e-02,-8.732951464140241080e-03,-2.854692129138966528e-02,-1.725398655957617600e-02,-5.256115177273897607e-04,-1.552870682742025013e-02,-5.960818942484906197e-04,1.612480348428732557e-02,2.702184648131040437e-08
-4.679873815667025261e-02,-1.101743823726449543e-02,-3.603841884684684527e-02,-2.177775754708801900e-02,-6.637491802331727236e-04,-1.973571127079858101e-02,-7.474361193289791837e-04,2.048316215277383445e-02,2.702189941017167429e-08
-5.755178134150541747e-02,-1.354179267875137149e-02,-4.431689275713666248e-02,-2.677668126312024444e-02,-8.164011808691000981e-04,-2.439187404557201233e-02,-9.148363067512854316e-04,2.530672511499579627e-02,2.702194990452156538e-08
-6.927975014852391644e-02,-1.629481076648436194e-02,-5.334587294237115584e-02,-3.222868797263710172e-02,-9.828972321493743142e-04,-2.948057754692588739e-02,-1.097582487573574555e-03,3.057817479719746045e-02,2.702199805557200002e-08
-8.193393325225403756e-02,-1.926494966317643040e-02,-6.308782555646944012e-02,-3.811105735896107294e-02,-1.162547814241865875e-03,-3.498533472877590755e-02,-1.294957865034835655e-03,3.628030735653236388e-02,2.702204391411964993e-08
-9.546418394388780926e-02,-2.244031357872339552e-02,-7.350410688351838306e-02,-4.440039063909282518e-02,-1.354643326934876083e-03,-4.088978840551736604e-02,-1.506226990344089120e-03,4.239603015860571311e-02,2.702208749904829410e-08
-1.098188822949269228e-01,-2.580864513325315662e-02,-8.455493428239745091e-02,-5.107259314578251053e-02,-1.558453547955597138e-03,-4.717771147121331554e-02,-1.730633888944932072e-03,4.890836012292362062e-02,2.702212886616749413e-08
-1.249449181531253061e-01,-2.935732194114368254e-02,-9.619937326899058450e-02,-5.810286682527887603e-02,-1.773227380892835551e-03,-5.383300802626017623e-02,-1.967400096311542300e-03,5.580042288535762979e-02,2.702216809961439257e-08
-1.407876937989911426e-01,-3.307335813666811841e-02,-1.083953398326109319e-01,-6.546571210304862054e-02,-1.998192876177984530e-03,-6.083971539615808111e-02,-2.215722567268475079e-03,6.305545272623147568e-02,2.702220514893199444e-08
-1.572911451111858316e-01,-3.694341056316470528e-02,-1.210996170976798292e-01,-7.313493857667097142e-02,-2.232557508909435023e-03,-6.818200702194740503e-02,-2.474771428711153992e-03,7.065679321348150577e-02,2.702224012454913650e-08
-1.743977800811961354e-01,-4.095378934310642260e-02,-1.342678854347688355e-01,-8.108368398953315348e-02,-2.475508697261145485e-03,-7.584419619715691840e-02,-2.743687550891210983e-03,7.858789851088829326e-02,2.702227294550267743e-08
-1.920487335307748955e-01,-4.509047254579741371e-02,-1.478547651340969549e-01,-8.928444094247506291e-02,-2.726214545450437229e-03,-8.381074062013661730e-02,-3.021579919084570534e-03,8.683233530207709605e-02,2.702230390754743873e-08
-2.101838368931617795e-01,-4.933912466793977103e-02,-1.618138707593798353e-01,-9.770909080172132666e-02,-2.983824795429317403e-03,-9.206624772453687877e-02,-3.307522794001371835e-03,9.537378528140900980e-02,2.702233277464956343e-08
-2.287417019115666195e-01,-5.368511863731804945e-02,-1.760978762931716401e-01,-1.063289442557135145e-01,-3.247471971393301772e-03,-1.005954807438744492e-01,-3.600552655818860942e-03,1.041960481625778395e-01,2.702235973686235362e-08
-2.476598171222670342e-01,-5.811356104941260703e-02,-1.906585901943863570e-01,-1.151147879772937699e-01,-3.516272701491240937e-03,-1.093833654626550078e-01,-3.899664933916311207e-03,1.132830451594688537e-01,2.702238501864534485e-08
-2.668746559741336788e-01,-6.260932034017691050e-02,-2.054470394758727836e-01,-1.240369368384379722e-01,-3.789329200932939692e-03,-1.184149975959313816e-01,-4.203810531038926906e-03,1.226188228898796029e-01,2.702240824595836308e-08
-2.863217954903362061e-01,-6.715705760771732702e-02,-2.204135619504596355e-01,-1.330652911475942723e-01,-4.065730901524670059e-03,-1.276756507385035100e-01,-4.511892159461645263e-03,1.321875576608849412e-01,2.702242960892601996e-08
-3.059360443103405491e-01,-7.174125977708430135e-02,-2.355079057410414123e-01,-1.421693983463841460e-01,-4.344556211756325434e-03,-1.371507848141425012e-01,-4.822760511885418322e-03,1.419735600889577287e-01,2.702244929945072030e-08
-3.256515790248522557e-01,-7.634627481738043286e-02,-2.506793352068980019e-01,-1.513185186353342704e-01,-4.624874392657270586e-03,-1.468260549536049009e-01,-5.135210299462792533e-03,1.519612800160060340e-01,2.702246722576408410e-08
-3.454020877028463055e-01,-8.095634871512669140e-02,-2.658767424274200986e-01,-1.604816939905519546e-01,-4.905747534493886015e-03,-1.566873207221105013e-01,-5.447976196556451878e-03,1.621353116816130480e-01,2.702248337933782300e-08
-3.651209195088075399e-01,-8.555566390613902894e-02,-2.810487633831679766e-01,-1.696278200317797302e-01,-5.186232619391401705e-03,-1.667206556139543272e-01,-5.759728739158084115e-03,1.724803991160658856e-01,2.702249805293891264e-08
-3.847412393615632364e-01,-9.012837887902860889e-02,-2.961438980147322875e-01,-1.787257202258594746e-01,-5.465383655747302685e-03,-1.769123567252703921e-01,-6.069070233287131994e-03,1.829814417215173961e-01,2.702251083770047306e-08
-4.041961865629950523e-01,-9.465866865785604878e-02,-3.111106333220263753e-01,-1.877442218988246148e-01,-5.742253869982345826e-03,-1.872489545140981204e-01,-6.374530736352711224e-03,1.936235000134160500e-01,2.702252208817156014e-08
-4.234190363898425735e-01,-9.913076588580249648e-02,-3.258975687163184753e-01,-1.966522335593268722e-01,-6.015897942108569194e-03,-1.977172225503298075e-01,-6.674564184282739260e-03,2.043918014975820707e-01,2.702253193505122377e-08
-4.423433636416569392e-01,-1.035290022325100201e-01,-3.404535428375023987e-01,-2.054188230366647550e-01,-6.285374271585882078e-03,-2.083041871573934889e-01,-6.967544744362050291e-03,2.152717466647290911e-01,2.702253996629382482e-08
-4.609032071704255440e-01,-1.078378498557870380e-01,-3.547277610741637055e-01,-2.140132959520474887e-01,-6.549747260376787700e-03,-2.189971368425027154e-01,-7.251763482290365243e-03,2.262489150877700639e-01,2.702254656303336881e-08
-4.790332344802656905e-01,-1.120419626642603361e-01,-3.686699230727980003e-01,-2.224052740717281096e-01,-6.808089600997250038e-03,-2.297836314106171673e-01,-7.525425440742035399e-03,2.373090716143382850e-01,2.702255184699540217e-08
-4.966689054681063809e-01,-1.161262171256687570e-01,-3.822303495096835979e-01,-2.305647730840921228e-01,-7.059484557059019991e-03,-2.406515106566948781e-01,-7.786647232821700126e-03,2.484381726524972078e-01,2.702255552241720879e-08
-5.137466344726762113e-01,-1.200757523897611756e-01,-3.953601074737043142e-01,-2.384622793887328784e-01,-7.303028225143073926e-03,-2.515889025275294122e-01,-8.033455262878623493e-03,2.596223725533889359e-01,2.702255785110875820e-08
-5.302039498211514879e-01,-1.238760095030094210e-01,-4.080111338262186749e-01,-2.460688254979414014e-01,-7.537831767101486544e-03,-2.625842306448325503e-01,-8.263784693495153377e-03,2.708480301013077574e-01,2.702255868751522715e-08
-5.459796500740186076e-01,-1.275127694977089832e-01,-4.201363559135770087e-01,-2.533560636581508319e-01,-7.763023601989146871e-03,-2.736262210828153130e-01,-8.475479281774125906e-03,2.821017151275685975e-01,2.702255809942059598e-08
-5.610139562984540751e-01,-1.309721901721496717e-01,-4.316898091088442468e-01,-2.602963373617585008e-01,-7.977751548597328962e-03,-2.847039082920953534e-01,-8.666292216162788109e-03,2.933702152712358013e-01,2.702255635087765504e-08
-5.752486596456185541e-01,-1.342408413691651980e-01,-4.426267506181086331e-01,-2.668627503966770065e-01,-8.181184908733395156e-03,-2.958066400660989137e-01,-8.833888084876395652e-03,3.046405429139503740e-01,2.702255328114829714e-08
-5.886272636782885481e-01,-1.373057386048685824e-01,-4.529037691196640125e-01,-2.730292331634947556e-01,-8.372516483711902116e-03,-3.069240814469376688e-01,-8.975846113357589806e-03,3.158999423232680126e-01,2.702254879965984177e-08
-6.010951208217487629e-01,-1.401543748858729010e-01,-4.624788897489980899e-01,-2.787706059586257945e-01,-8.550964515436222657e-03,-3.180462174741778836e-01,-9.089664803792918413e-03,3.271358970409397049e-01,2.702254319187472708e-08
-6.125995624889415403e-01,-1.427747506001144084e-01,-4.713116740809971672e-01,-2.840626390080585040e-01,-8.715774545864394401e-03,-3.291633546826943646e-01,-9.172768112647368410e-03,3.383361375583062158e-01,2.702253633420523447e-08
-6.230900223840376562e-01,-1.451554013593722714e-01,-4.793633147260448757e-01,-2.888821090173662176e-01,-8.866221187924877567e-03,-3.402661212635132992e-01,-9.222513293837754367e-03,3.494886493203103739e-01,2.702252821983881029e-08
-6.325181526213889960e-01,-1.472854237077503847e-01,-4.865967242603022047e-01,-2.932068520688383417e-01,-9.001609802740111188e-03,-3.513454658104163131e-01,-9.236200531052549123e-03,3.605816811044226800e-01,2.702251876098799044e-08
-6.408379322913027032e-01,-1.491544986135152073e-01,-4.929766182076684711e-01,-2.970158126971497170e-01,-9.121278077847967680e-03,-3.623926545814348810e-01,-9.211084470610579611e-03,3.716037538149929431e-01,2.702250818496856844e-08
-6.480057682275641717e-01,-1.507529126952572018e-01,-4.984695918872554810e-01,-3.002890890355657261e-01,-9.224597502789696341e-03,-3.733992672186522421e-01,-9.144387754993980877e-03,3.825436697365871552e-01,2.702249648071212986e-08
-6.539805876970463672e-01,-1.520715771297190821e-01,-5.030441909149960811e-01,-3.030079739117692572e-01,-9.310974737850717664e-03,-3.843571908795642700e-01,-9.033316637050599340e-03,3.933905222795480716e-01,2.702248354881279050e-08
-6.587239228875334529e-01,-1.531020442294518391e-01,-5.066709752692126756e-01,-3.051549918477727275e-01,-9.379852873874047064e-03,-3.952586127490725909e-01,-8.875078737969208098e-03,4.041337062499668065e-01,2.702246979873113099e-08
-6.621999870363670659e-01,-1.538365216748090458e-01,-5.093225768054092661e-01,-3.067139319057663460e-01,-9.430712580519341748e-03,-4.060960109165886456e-01,-8.666902983958210682e-03,4.147629286634634815e-01,2.702245494705498288e-08
-6.643757421577332067e-01,-1.542678844155049300e-01,-5.109737501953997008e-01,-3.076698763778394907e-01,-9.463073141893162815e-03,-4.168621436189688945e-01,-8.406061730401814813e-03,4.252682201122782724e-01,2.702243913009014206e-08
-6.652209583129846671e-01,-1.543896842576827910e-01,-5.116014172566396567e-01,-3.080092253140297442e-01,-9.476493378236583442e-03,-4.275500368728832878e-01,-8.089895046952580437e-03,4.356399466827337585e-01,2.702242190311066483e-08
-6.647082645005804036e-01,-1.541961571864936542e-01,-5.111847047403932365e-01,-3.077197169466804327e-01,-9.470572454147997005e-03,-4.381529705358860882e-01,-7.715837103772812955e-03,4.458688224025470492e-01,2.702240384733187192e-08
-6.628131911832935153e-01,-1.536822284634437041e-01,-5.097049756028655398e-01,-3.067904440438695701e-01,-9.444950572955978368e-03,-4.486644628635940713e-01,-7.281444554507757183e-03,4.559459221809788465e-01,2.702238502305577924e-08
-6.595142046244157896e-01,-1.528435155764093500e-01,-5.071458539028019796e-01,-3.052118662980219943e-01,-9.399309558965784905e-03,-4.590782536485177312e-01,-6.784426772243334902e-03,4.658626951836272179e-01,2.702236519271759716e-08
-6.547927331415910324e-01,-1.516763291077646292e-01,-5.034932434212129326e-01,-3.029758188281425069e-01,-9.333373328399674485e-03,-4.693882860552342495e-01,-6.222677743870030920e-03,4.756109785619584973e-01,2.702234406869901665e-08
-6.486331855166636018e-01,-1.501776716179330506e-01,-4.987353401991874158e-01,-3.000755169354085705e-01,-9.246908251627678627e-03,-4.795886872892859421e-01,-5.594309383097947896e-03,4.851830114352256862e-01,2.702232213829161378e-08
-6.410229617556275628e-01,-1.483452346331842753e-01,-4.928626391562189735e-01,-2.965055572325933086e-01,-9.139723408661960813e-03,-4.896737482645308059e-01,-4.897685968152473701e-03,4.945714489955121973e-01,2.702229946845932519e-08
-6.319524564966403357e-01,-1.461773938512909154e-01,-4.858679350315620038e-01,-2.922619153163693584e-01,-9.011670741317118205e-03,-4.996379024581250050e-01,-4.131459362423900439e-03,5.037693765833636261e-01,2.702227571707433025e-08
-6.214150553381001529e-01,-1.436732026736691759e-01,-4.777463178715135594e-01,-2.873419401402566020e-01,-8.862645105080776270e-03,-5.094757041695823219e-01,-3.294604622540220351e-03,5.127703235549238014e-01,2.702225123561515070e-08
-6.094071244024028555e-01,-1.408323841824491440e-01,-4.684951633188971787e-01,-2.817443452659531555e-01,-8.692584224341846910e-03,-5.191818064230694363e-01,-2.386455549911320473e-03,5.215682767357686656e-01,2.702222574958677071e-08
-5.959279935077808066e-01,-1.376553216945051172e-01,-4.581141180049235206e-01,-2.754691971973622922e-01,-8.501468555442537323e-03,-5.287509387745714662e-01,-1.406739696252198857e-03,5.301576932335960723e-01,2.702219936755344945e-08
-5.809799332725171794e-01,-1.341430480124521374e-01,-4.466050803062315833e-01,-2.685179009787355131e-01,-8.289321061341184405e-03,-5.381778853084866476e-01,-3.556122881323287022e-04,5.385335123593761875e-01,2.702217239337500532e-08
-5.645681265497568546e-01,-1.302972335086943767e-01,-4.339721767865414304e-01,-2.608931832719109112e-01,-8.056206902749139115e-03,-5.474574631220813226e-01,7.663114994132108615e-04,5.466911663854099324e-01,2.702214415783373209e-08
-5.467006345714056081e-01,-1.261201731733043174e-01,-4.202217346268863896e-01,-2.525990731178232584e-01,-7.802233050336556536e-03,-5.565845016137235257e-01,1.957926521706232492e-03,5.546265898547428908e-01,2.702211586673994530e-08
-5.273883582038054740e-01,-1.216147727599480866e-01,-4.053622503664098264e-01,-2.436408805973454550e-01,-7.527547822989946041e-03,-5.655538228981734639e-01,3.217610518757907379e-03,5.623362271421253888e-01,2.702208639455280369e-08
-5.066449946939304283e-01,-1.167845341572225637e-01,-3.894043552568344779e-01,-2.340251735943184030e-01,-7.232340356779554114e-03,-5.743602236788444282e-01,4.543200481520737188e-03,5.698170379600163704e-01,2.702205615282923156e-08
-4.844869903079214168e-01,-1.116335401156577367e-01,-3.723607775508013251e-01,-2.237597528727777174e-01,-6.916840009680944035e-03,-5.829984589057626287e-01,5.931973166981130419e-03,5.770665005014572468e-01,2.702202488155647468e-08
-4.609334892545460249e-01,-1.061664384563728580e-01,-3.542463020364485793e-01,-2.128536256744706368e-01,-6.581315706992718617e-03,-5.914632275416801255e-01,7.380630388186301682e-03,5.840826119161524055e-01,2.702199356268366901e-08
-4.360062792451366853e-01,-1.003884258751620573e-01,-3.350777270983060774e-01,-2.013169780219927762e-01,-6.226075231862179815e-03,-5.997491607470157859e-01,8.885289682649205600e-03,5.908638858270068850e-01,2.702196107576817198e-08
-4.097297340692445111e-01,-9.430523145989100353e-02,-3.148738196051428240e-01,-1.891611459239925797e-01,-5.851464465765128520e-03,-6.078508127738859734e-01,1.044148092268291916e-02,5.974093466138248321e-01,2.702192799425663246e-08
-3.821307535021776225e-01,-8.792310002106751288e-02,-2.936552678758790336e-01,-1.763985856473648806e-01,-5.457866582960574364e-03,-6.157626548348409390e-01,1.204414938078519903e-02,6.037185202166585052e-01,2.702189407929935488e-08
-3.532387008594013444e-01,-8.124877533307095501e-02,-2.714446329731421415e-01,-1.630428432193307131e-01,-5.045701202940670871e-03,-6.234790721777454525e-01,1.368766569487973872e-02,6.097914212454493832e-01,2.702185955975554589e-08
-3.230853384825747021e-01,-7.428948337261176427e-02,-2.482662985496248975e-01,-1.491085233055622350e-01,-4.615423504570677349e-03,-6.309943645588491634e-01,1.536584309706141849e-02,6.156285362243518744e-01,2.702182441121699161e-08
-2.917047613966605724e-01,-6.705291562821169560e-02,-2.241464194368949503e-01,-1.346112575879778728e-01,-4.167523304975148668e-03,-6.383027502614551096e-01,1.707196217428860741e-02,6.212308028497111057e-01,2.702178871073853730e-08
-2.591333293458419895e-01,-5.954721254348893655e-02,-1.991128691407686446e-01,-1.195676727485626145e-01,-3.702524105872552485e-03,-6.453983737532893450e-01,1.879880332112462971e-02,6.265995851946890571e-01,2.702175215389310729e-08
-2.254095973984235890e-01,-5.178094715037573348e-02,-1.731951863931315838e-01,-1.039953581556678497e-01,-3.220982109832799811e-03,-6.522753170202812978e-01,2.053868692362714743e-02,6.317366448591574812e-01,2.702171509572670774e-08
-1.905742452383165642e-01,-4.376310892771495542e-02,-1.464245208530987608e-01,-8.791283331293286984e-02,-2.723485207997061730e-03,-6.589276145514212368e-01,2.228352118498687362e-02,6.366441081289169190e-01,2.702167748092905002e-08
-1.546700052523197755e-01,-3.550308791645795381e-02,-1.188335780432681066e-01,-7.133951512550851248e-02,-2.210651940688639072e-03,-6.653492718863298627e-01,2.402485736489352874e-02,6.413244292838978788e-01,2.702163928402617080e-08
-1.177415894717448452e-01,-2.701065910695765737e-02,-9.045656356667564069e-02,-5.429568501202619579e-02,-1.683130431730128773e-03,-6.715342875670904377e-01,2.575395206239410040e-02,6.457803502671360940e-01,2.702160027519717000e-08
-7.983561539961314679e-02,-1.829596710505509982e-02,-6.132912662828848838e-02,-3.680245587637909210e-02,-1.141597296910185078e-03,-6.774766782710837099e-01,2.746183602699250881e-02,6.500148570065095166e-01,2.702156086720362479e-08
-4.100053071093601176e-02,-9.369511069913682988e-03,-3.148830285020753905e-02,-1.888173893064171160e-02,-5.867565265064156321e-04,-6.831705068325797381e-01,2.913938883943399671e-02,6.540311327555421439e-01,2.702152089832544548e-08
-1.286536802046711614e-03,-2.421299110771935048e-04,-9.724563599839974870e-04,-5.562103531397966094e-04,-1.933834164447728599e-05,-6.886099127963923872e-01,3.077741866370534152e-02,6.578325088950606192e-01,2.702148021002416685e-08
3.925448886302618234e-02,9.075012277619531886e-03,3.017877889103148803e-02,1.815072224961444824e-02,5.599019760495482778e-04,-6.937891450861908282e-01,3.236674614075406298e-02,6.614224137077874266e-01,2.702143929747441275e-08
8.056907167983151652e-02,1.857044057690226957e-02,6.192455863764534385e-02,3.721495361908844224e-02,1.150185282270288489e-03,-6.987025963150301777e-01,3.389829137479924426e-02,6.648043197025592654e-01,2.702139771375007140e-08
1.226022201810192946e-01,2.823238342790457267e-02,9.422288870295325580e-02,5.661171490597083356e-02,1.750709796114108263e-03,-7.033448382165594648e-01,3.536316285849289837e-02,6.679816901203718960e-01,2.702135552127436411e-08
1.652975077458984643e-01,3.804878668328781632e-02,1.270306863613388515e-01,7.631560806784754014e-02,2.360652355222418730e-03,-7.077106576372015345e-01,3.675274709723548583e-02,6.709579253022481815e-01,2.702131286525364281e-08
2.085971558061952003e-01,4.800732756119785449e-02,1.603038427185108361e-01,9.630064064888266273e-02,2.979169700486498928e-03,-7.117950924989782102e-01,3.805879762814209921e-02,6.737363096330942769e-01,2.702126972121373751e-08
2.524421186295096042e-01,5.809542854614224705e-02,1.939972861788223923e-01,1.165402609968309022e-01,3.605399791001502596e-03,-7.155934671254597923e-01,3.927352208989360466e-02,6.763199597977997968e-01,2.702122617294664468e-08
2.967721697071374898e-01,6.830027127146409693e-02,2.280650470289500298e-01,1.370073939496516680e-01,4.238463149131031782e-03,-7.191014263162867071e-01,4.038966598481947418e-02,6.787117750936766392e-01,2.702118210781698024e-08
3.415259897901723463e-01,7.860881042492107174e-02,2.624603231811262205e-01,1.576744770339681967e-01,4.877464235714071283e-03,-7.223149675642590584e-01,4.140059179008714896e-02,6.809143905363561622e-01,2.702113742117940870e-08
3.866412565611176966e-01,8.900778770769557369e-02,2.971355470761007922e-01,1.785134971927131442e-01,5.521492854624512892e-03,-7.252304708265051580e-01,4.230035211692477481e-02,6.829301334717394756e-01,2.702109241416647440e-08
4.320547358974029528e-01,9.948374587376129785e-02,3.320424537234611950e-01,1.994960280477033887e-01,6.169625585372512377e-03,-7.278447252961414149e-01,4.308375568892951896e-02,6.847609843693467369e-01,2.702104683332043576e-08
4.777023747043238622e-01,1.100230428826801665e-01,3.671321498735129474e-01,2.205932677134903042e-01,6.820927242714311389e-03,-7.301549526678496882e-01,4.374642501197483629e-02,6.864085424179844352e-01,2.702100113948272650e-08
5.235193951725150008e-01,1.206118661734126851e-01,4.023551842216988028e-01,2.417760771242303264e-01,7.474452360443306631e-03,-7.321588264445965111e-01,4.428484473242821906e-02,6.878739964742511814e-01,2.702095438875633866e-08
5.694403903848952453e-01,1.312362470842406426e-01,4.376616186006003772e-01,2.630150188685338453e-01,8.129246697509452668e-03,-7.338544869069720811e-01,4.469639983406639705e-02,6.891581018349631771e-01,2.702090798703626465e-08
6.153994210891036154e-01,1.418820754212284374e-01,4.730011000316294290e-01,2.842803964787021798e-01,8.784348762997856719e-03,-7.352405514410379483e-01,4.497940299381068124e-02,6.902611632092585658e-01,2.702086084055656239e-08
6.613301134998188502e-01,1.525351141889648154e-01,5.083229335456638243e-01,3.055422941431198414e-01,9.438791357208577149e-03,-7.363161200090885261e-01,4.513311060743015191e-02,6.911830241636632843e-01,2.702081311904639199e-08
7.071657579128576288e-01,1.631810144807017693e-01,5.435761556192992838e-01,3.267706167742603363e-01,1.009160312483302346e-02,-7.370807756383352949e-01,4.515772719674510105e-02,6.919230632035684447e-01,2.702076487542171153e-08
7.528394079576794518e-01,1.738053305349006594e-01,5.787096081075528975e-01,3.479351303850266586e-01,1.074181011689383236e-02,-7.375345798994721314e-01,4.505439812122581655e-02,6.924801965401979897e-01,2.702071668722401503e-08
7.982839802924748263e-01,1.843935349615892783e-01,6.136720125371284418e-01,3.690055027169361068e-01,1.138843735773271276e-02,-7.376780634425759153e-01,4.482519072886653744e-02,6.928528874756351152e-01,2.702066769967172098e-08
8.434323545287685242e-01,1.949310341370720234e-01,6.484120446107950464e-01,3.899513440550477217e-01,1.203051041315263137e-02,-7.375122117539123501e-01,4.447306429133247169e-02,6.930391622244789218e-01,2.702061871531152353e-08
8.882174732251959526e-01,2.054031837785139647e-01,6.828784088142332287e-01,4.107422481894755784e-01,1.266705695648372848e-02,-7.370384463899763983e-01,4.400182927125141641e-02,6.930366318805960546e-01,2.702056906310942966e-08
9.325724417778000763e-01,2.157953047058697171e-01,7.170199130068724003e-01,4.313478334767957278e-01,1.329710832927126149e-02,-7.362586020304586754e-01,4.341609665866888457e-02,6.928425201336330108e-01,2.702051970113539967e-08
9.764306280553531892e-01,2.260926988035482088e-01,7.507855428944687493e-01,4.517377839644308724e-01,1.391970109351746074e-02,-7.351748997698264176e-01,4.272121828563259921e-02,6.924536962460103862e-01,2.702046920309458567e-08
1.019725761696205879e+00,2.362806652082296566e-01,7.841245363330318074e-01,4.718818905714049494e-01,1.453387857346010933e-02,-7.337899171378039487e-01,4.192321917885347832e-02,6.918667127207389633e-01,2.702041863497143028e-08
1.062392032948064724e+00,2.463445167407983249e-01,8.169864573865279755e-01,4.917500923023374604e-01,1.513869238432773157e-02,-7.321065553930783398e-01,4.102872313475934563e-02,6.910778470200784618e-01,2.702036721665344960e-08
1.104364191035364762e+00,2.562695966217744536e-01,8.493212701395094211e-01,5.113125175176291837e-01,1.573320394708974806e-02,-7.301280046824915049e-01,4.004487279984426940e-02,6.900831466443788642e-01,2.702031667359798944e-08
1.145577642013748454e+00,2.660412955036043914e-01,8.810794122463763145e-01,5.305395252709763643e-01,1.631648598779437617e-02,-7.278577076857810635e-01,3.897924560623340640e-02,6.888784768412510306e-01,2.702026484856155175e-08
1.185968546142490032e+00,2.756450688661249426e-01,9.122118682527440292e-01,5.494017467558689471e-01,1.688762402124672005e-02,-7.252993223860081384e-01,3.783976695062717804e-02,6.874595701970549477e-01,2.702021277631554738e-08
1.225473914832226674e+00,2.850664548279354116e-01,9.426702427449440425e-01,5.678701269152170994e-01,1.744571781907530705e-02,-7.224566846065845205e-01,3.663462201106236493e-02,6.858220773571693796e-01,2.702016067412518133e-08
1.264031707197871945e+00,2.942910924155456853e-01,9.724068333610595971e-01,5.859159662523556467e-01,1.798988286199505737e-02,-7.193337709472795716e-01,3.537216757324791044e-02,6.839616181356489300e-01,2.702010853867501442e-08
1.301580926372367220e+00,3.033047403612529336e-01,1.001374703793766807e+00,6.035109629398538456e-01,1.851925177781101051e-02,-7.159346627267600960e-01,3.406084518726631982e-02,6.818738323010824498e-01,2.702005504133741879e-08
1.338061715631272186e+00,3.120932964723594494e-01,1.029527756832678609e+00,6.206272552709513057e-01,1.903297576533665922e-02,-7.122635115045111709e-01,3.270909689830527045e-02,6.795544293677654446e-01,2.702000250289052199e-08
1.373415454491230037e+00,3.206428176391416529e-01,1.056820807580532096e+00,6.372374645498380952e-01,1.953022600594414918e-02,-7.083245067086412217e-01,3.132528469564627160e-02,6.769992367745235606e-01,2.701994837765044658e-08
1.407584854870605806e+00,3.289395405278731643e-01,1.083209656918861397e+00,6.533147384796187396e-01,2.001019506359853414e-02,-7.041218458426931059e-01,2.991761470489687560e-02,6.742042458992955067e-01,2.701989485017019090e-08
1.440514057447320750e+00,3.369699030146102725e-01,1.108651165334311184e+00,6.688327951276201722e-01,2.047209827477272301e-02,-6.996597076781301272e-01,2.849406701390726909e-02,6.711656554256921758e-01,2.701984107198123906e-08
1.472148728315241462e+00,3.447205664035852823e-01,1.133103327189706633e+00,6.837659675291194450e-01,2.091517512936712578e-02,-6.949422287766642281e-01,2.706233187656288328e-02,6.678799116615421472e-01,2.701978683905195238e-08
1.502436156024185010e+00,3.521784384678413593e-01,1.156525345510612590e+00,6.980892489814147783e-01,2.133869064348936986e-02,-6.899734836111808267e-01,2.562975288539471111e-02,6.643437454871974346e-01,2.701973226250593979e-08
1.531325349068515695e+00,3.593306973415769101e-01,1.178877707341728476e+00,7.117783390683621869e-01,2.174193672474954153e-02,-6.847574684801015499e-01,2.420327754661301400e-02,6.605542056948697782e-01,2.701967806607408851e-08
1.558767133882960287e+00,3.661648162889521441e-01,1.200122259721550178e+00,7.248096904503624760e-01,2.212423353070632620e-02,-6.792980893420726973e-01,2.278941553561717598e-02,6.565086885678060868e-01,2.701962292677578380e-08
1.584714253320457011e+00,3.726685893505439773e-01,1.220222286258001443e+00,7.371605564129981580e-01,2.248493081998136772e-02,-6.735991536183101314e-01,2.139420475853504033e-02,6.522049636210960344e-01,2.701956749895379439e-08
1.609121465628243097e+00,3.788301578751032128e-01,1.239142584318762452e+00,7.488090391845885208e-01,2.282340929618262640e-02,-6.676643659479177817e-01,2.002318520130186297e-02,6.476411955079048877e-01,2.701951146592925895e-08
1.631945643823573100e+00,3.846380379129544225e-01,1.256849542760089644e+00,7.597341389764383779e-01,2.313908194326922546e-02,-6.614973278144427038e-01,1.868138041372024299e-02,6.428159621619811137e-01,2.701945598096456741e-08
1.653145875404791632e+00,3.900811484517503480e-01,1.273311220143551914e+00,7.699158037129959498e-01,2.343139535149535088e-02,-6.551015409042059146e-01,1.737328635464342047e-02,6.377282693107918510e-01,2.701940004989966754e-08
1.672683562230945498e+00,3.951488404460069548e-01,1.288497423309226342e+00,7.793349793677271098e-01,2.369983103177415035e-02,-6.484804140060391742e-01,1.610286721813767447e-02,6.323775615490988544e-01,2.701934378661359290e-08
1.690522520418708652e+00,3.998309265924678835e-01,1.302379786185391186e+00,7.879736608257845720e-01,2.394390671650237223e-02,-6.416372732144866031e-01,1.487355776926987949e-02,6.267637302063828741e-01,2.701928707358367857e-08
1.706629080037515900e+00,4.041177117810320629e-01,1.314931848660196190e+00,7.958149431583534383e-01,2.416317764414096722e-02,-6.345753751679054089e-01,1.368827164494209811e-02,6.208871182841002589e-01,2.701923110323738754e-08
1.720972184339053523e+00,4.080000241374842074e-01,1.326129135305714302e+00,8.028430731708270374e-01,2.435723782414192518e-02,-6.272979230140478535e-01,1.254941501778558330e-02,6.147485227573672439e-01,2.701917381398937555e-08
1.733523488276129454e+00,4.114692465717573744e-01,1.335949233757110832e+00,8.090435010907740532e-01,2.452572127934961321e-02,-6.198080847856223263e-01,1.145890498107660083e-02,6.083491945656189781e-01,2.701911680479712092e-08
1.744257455941808699e+00,4.145173487135521695e-01,1.344371872453272276e+00,8.144029322020948092e-01,2.466830326115756686e-02,-6.121090138428426641e-01,1.041819198941012006e-02,6.016908366144747555e-01,2.701905934988819513e-08
1.753151456634055583e+00,4.171369191275493549e-01,1.351378997500301882e+00,8.189093782613018346e-01,2.478470143399894368e-02,-6.042038710426129722e-01,9.428285680457882539e-03,5.947756001231653267e-01,2.701900231405237686e-08
1.760185859125425800e+00,4.193211976671990526e-01,1.356954848321658025e+00,8.225522084709713244e-01,2.487467702395217140e-02,-5.960958482868146113e-01,8.489783409708104994e-03,5.876060796380845330e-01,2.701894359673649504e-08
1.765344123770701490e+00,4.210641078329500075e-01,1.361086031797580809e+00,8.253221998060709108e-01,2.493803592717869222e-02,-5.877881931125438220e-01,7.602900847282191565e-03,5.801853070262081857e-01,2.701888687652786730e-08
1.768612891994517433e+00,4.223602889751303380e-01,1.363761594525862764e+00,8.272115864437861177e-01,2.497462977260245590e-02,-5.792842339926900230e-01,6.767504015581449900e-03,5.725167447380230534e-01,2.701882781234943925e-08
1.769982072732205314e+00,4.232051281830249145e-01,1.364973092857583392e+00,8.282141080576492786e-01,2.498435693393044957e-02,-5.705874060352926769e-01,5.983142184331664837e-03,5.646042786118444790e-01,2.701877012623950222e-08
1.769444925348623077e+00,4.235947916874882591e-01,1.364714660323761652e+00,8.283250567123507935e-01,2.496716348532600216e-02,-5.617012767857010314e-01,5.249081085013717479e-03,5.564522104615383657e-01,2.701871139497492998e-08
1.766998138539984664e+00,4.235262555935321305e-01,1.362983072051514588e+00,8.275413220820018179e-01,2.492304409501393953e-02,-5.526295718560600978e-01,4.564335957952539435e-03,5.480652506589264172e-01,2.701865292969005871e-08
1.762641904738145193e+00,4.229973357603261652e-01,1.359777805778791482e+00,8.258614347196799876e-01,2.485204285125428014e-02,-5.433762001332758107e-01,3.927703999589714223e-03,5.394485108944729879e-01,2.701859420202419859e-08
1.756379989497725891e+00,4.220067166316074925e-01,1.355101099045077806e+00,8.232856070842538010e-01,2.475425401472099857e-02,-5.339452783365854494e-01,3.337795834733852524e-03,5.306074972626066977e-01,2.701853488147744837e-08
1.748219795345599126e+00,4.205539788174579297e-01,1.348958002134319933e+00,8.198157720287413408e-01,2.462982269130965102e-02,-5.243411547266274564e-01,2.793065696208532622e-03,5.215481037911402495e-01,2.701847559879320655e-08
1.738172419573569938e+00,4.186396252244679594e-01,1.341356426345872599e+00,8.154556184521672968e-01,2.447894541951409902e-02,-5.145684317849341660e-01,2.291840050724826966e-03,5.122766064948984788e-01,2.701841645806231639e-08
1.726252705459550452e+00,4.162651055311141213e-01,1.332307187172586893e+00,8.102106238180791786e-01,2.430187066659607320e-02,-5.046319877172861235e-01,1.832344465274027279e-03,5.027996580126685711e-01,2.701835691685910266e-08
1.712479286377102561e+00,4.134328387966478280e-01,1.321824041944554828e+00,8.040880832291945612e-01,2.409889922744386237e-02,-4.945369966485255731e-01,1.412728560510740500e-03,4.931242828486394059e-01,2.701829742312779752e-08
1.696874622295776902e+00,4.101462340010901264e-01,1.309923721529790530e+00,7.970971347670765539e-01,2.387038452065778915e-02,-4.842889474055781518e-01,1.031088946054633387e-03,4.832578732201151528e-01,2.701823679845598815e-08
1.679465028158655393e+00,4.064097083094310170e-01,1.296625955670434260e+00,7.892487807976510394e-01,2.361673277616849892e-02,-4.738936608024934549e-01,6.854900773162267424e-04,4.732081854857370651e-01,2.701817725843757830e-08
1.660280693639503591e+00,4.022287028571436274e-01,1.281953491545542834e+00,7.805559049511050507e-01,2.333840310890905947e-02,-4.633573053635472450e-01,3.739830135599669925e-04,4.629833371105131490e-01,2.701811708337767662e-08
1.639355693839532613e+00,3.976096958688258853e-01,1.265932105196162283e+00,7.710332845121977696e-01,2.303590747388779836e-02,-4.526864114331681233e-01,9.462209136641350216e-05,4.525918041022952143e-01,2.701805677922777995e-08
1.616727990435295137e+00,3.925602129115582928e-01,1.248590605411465715e+00,7.606975979353883810e-01,2.270981049727464202e-02,-4.418878836459900761e-01,-1.545204409015704661e-04,4.420424188473516258e-01,2.701799634754885089e-08
1.592439422899292412e+00,3.870888341137486144e-01,1.229960829760428975e+00,7.495674272526107185e-01,2.236072917961390294e-02,-4.309690117315252977e-01,-3.753417580734733083e-04,4.313443682500244236e-01,2.701793590204412398e-08
1.566535689391376440e+00,3.812051981776066190e-01,1.210077632436302286e+00,7.376632551326878229e-01,2.198933246689443663e-02,-4.199374796554961042e-01,-5.696976711122188342e-04,4.205071920870021573e-01,2.701787492399653170e-08
1.539066317005789664e+00,3.749200030380157589e-01,1.188978863649216011e+00,7.250074563945869688e-01,2.159634068638482257e-02,-4.088013730984470517e-01,-7.393936112826786367e-04,4.095407814700888771e-01,2.701781437939254654e-08
1.510084621036575259e+00,3.682450030204898472e-01,1.166705340286871007e+00,7.116242837701931556e-01,2.118252484366996841e-02,-3.975691852857400899e-01,-8.861772659602626390e-04,3.984553773120274034e-01,2.701775299837365519e-08
1.479647653094249282e+00,3.611930023969331938e-01,1.143300807695797117e+00,6.975398477953826948e-01,2.074870577971139884e-02,-3.862498211986444829e-01,-1.011732739220685962e-03,3.872615686981586980e-01,2.701769261107467330e-08
1.447816137808603187e+00,3.537778452214730418e-01,1.118811892362608917e+00,6.827820906674706425e-01,2.029575318515745158e-02,-3.748526001900904792e-01,-1.117676104258353426e-03,3.759702910546082189e-01,2.701763070225446805e-08
1.414654398079385533e+00,3.460144013889272507e-01,1.093288045451052071e+00,6.673807540172606023e-01,1.982458447229668713e-02,-3.633872570477170161e-01,-1.205552214314047771e-03,3.645928240222573447e-01,2.701756972388025193e-08
1.380230268763901424e+00,3.379185488507699953e-01,1.066781477097814790e+00,6.513673405168595165e-01,1.933616350376202858e-02,-3.518639415454635211e-01,-1.276832638028137581e-03,3.531407889436848913e-01,2.701750798638022584e-08
1.344614998864584798e+00,3.295071519715016550e-01,1.039347081505883619e+00,6.347750693302041114e-01,1.883149917952195093e-02,-3.402932165343324211e-01,-1.332914589103144018e-03,3.416261458835943010e-01,2.701744656910152823e-08
1.307883142302916246e+00,3.207980360250514140e-01,1.011042352895906049e+00,6.176388254320588356e-01,1.831164388371617213e-02,-3.286860546247624137e-01,-1.375120724315432794e-03,3.300611901092030953e-01,2.701738492707537004e-08
1.270112437473275735e+00,3.118099578644918934e-01,9.819272924608231090e-01,5.999951028769442418e-01,1.777769179435709918e-02,-3.170538335211857128e-01,-1.404699689938886109e-03,3.184585479712165323e-01,2.701732291824140544e-08
1.231383675836252189e+00,3.025625728252397395e-01,9.520643065233598268e-01,5.818819421381311585e-01,1.723077705955923522e-02,-3.054083300704414916e-01,-1.422827303845020097e-03,3.068311721343446874e-01,2.701726078096281878e-08
1.191780559927168470e+00,2.930763979593157265e-01,9.215180961885490740e-01,5.633388616979345676e-01,1.667207184547810431e-02,-2.937617130964657042e-01,-1.430608268227209420e-03,2.951923361247164590e-01,2.701719865295752898e-08
1.151389551208901185e+00,2.833727717221742881e-01,8.903555388277673011e-01,5.444067841033041200e-01,1.610278426165179591e-02,-2.821265350873834454e-01,-1.429078316361697548e-03,2.835556281637344189e-01,2.701713647473875625e-08
1.110299708330335200e+00,2.734738102750164379e-01,8.586455618359054576e-01,5.251279567694443484e-01,1.552415617115411595e-02,-2.705157228188976859e-01,-1.419206705139151176e-03,2.719349442839916198e-01,2.701707457836947541e-08
1.068602516401332636e+00,2.634023605890035702e-01,8.264590091448176246e-01,5.055458678455180266e-01,1.493746089340484626e-02,-2.589425669913730799e-01,-1.401898973623010719e-03,2.603444807249167270e-01,2.701701190960803548e-08
1.026391708039338990e+00,2.531819505815959270e-01,7.938685010904028561e-01,4.857051575305314506e-01,1.434400080941090547e-02,-2.474207109693047080e-01,-1.377999896767033439e-03,2.487987256259588109e-01,2.701694965957146667e-08
9.837630769514539297e-01,2.428367365282756429e-01,7.609482882405410598e-01,4.656515252391866255e-01,1.374510487905733491e-02,-2.359641387119516542e-01,-1.348296570578033302e-03,2.373124500423827721e-01,2.701688640620499595e-08
9.408142850194227691e-01,2.323914480507356939e-01,7.277740999509738629e-01,4.454316331191824907e-01,1.314212608284653742e-02,-2.245871619911957162e-01,-1.313521574247510440e-03,2.259006983252625222e-01,2.701682413381956538e-08
8.976446638059065730e-01,2.218713309803605760e-01,6.944229883811667836e-01,4.250930064050994495e-01,1.253643879954509724e-02,-2.133044069939213916e-01,-1.274356160494304405e-03,2.145787779142008245e-01,2.701676122562511203e-08
8.543550116070922629e-01,2.113020884535216082e-01,6.609731688640944069e-01,4.046839311965192421e-01,1.192943613402789801e-02,-2.021308004150529358e-01,-1.231433433591833104e-03,2.033622486083958569e-01,2.701669851528225893e-08
8.110473871462681172e-01,2.007098205956527326e-01,6.275038575027642729e-01,3.842533502391558553e-01,1.132252720897292120e-02,-1.910815551407739898e-01,-1.185341479962504982e-03,1.922669113804536534e-01,2.701663522063876426e-08
7.678249011644662225e-01,1.901209631965437574e-01,5.940951069928290806e-01,3.638507573681826757e-01,1.071713443627228188e-02,-1.801721556401298940e-01,-1.136626422485850947e-03,1.813087968222980018e-01,2.701657234246795621e-08
7.247915071444307467e-01,1.795622257803308752e-01,5.608276416571247314e-01,3.435260912676373346e-01,1.011469078358109494e-02,-1.694183431662366068e-01,-1.085795374701355523e-03,1.705041533005851873e-01,2.701650909069921462e-08
6.820517925367001189e-01,1.690605295099749106e-01,5.277826927815726377e-01,3.233296292651036130e-01,9.516637053263171317e-03,-1.588361008905130323e-01,-1.033319275893690263e-03,1.598694349260198766e-01,2.701644578693053144e-08
6.397107718477387239e-01,1.586429453677775936e-01,4.950418353361469848e-01,3.033118818793689719e-01,8.924419190751202435e-03,-1.484416390769358884e-01,-9.796355923263784515e-04,1.494212894288403648e-01,2.701638254326335559e-08
5.978736830414211889e-01,1.483366330778261022e-01,4.626868272359316303e-01,2.835234888833137457e-01,8.339485640612777015e-03,-1.382513804198194363e-01,-9.251508735769386690e-04,1.391765460529403309e-01,2.701631901188770139e-08
5.566457886868382277e-01,1.381687812327541676e-01,4.307994522833167306e-01,2.640151176362754426e-01,7.763284768326971126e-03,-1.282819456510448375e-01,-8.702431564254322141e-04,1.291522035669792068e-01,2.701625557517087418e-08
5.161321833784076052e-01,1.281665491103438081e-01,3.994613680044337145e-01,2.448373644843172270e-01,7.197262367067299577e-03,-1.185501395431219906e-01,-8.152642115838550432e-04,1.193654185141796997e-01,2.701619194912000158e-08
4.764376089114871204e-01,1.183570106534192895e-01,3.687539595594004349e-01,2.260406600055069326e-01,6.642859268227934745e-03,-1.090729374131039070e-01,-7.605416313522682034e-04,1.098334938038961484e-01,2.701612843227846991e-08
4.376662787482422656e-01,1.087671010970912844e-01,3.387582009451114984e-01,2.076751789002215798e-01,6.101509075186000407e-03,-9.986747224074873919e-02,-7.063807586389944486e-04,1.005738677587918461e-01,2.701606467248773555e-08
3.999217133152090931e-01,9.942356672595832612e-02,3.095545247136392009e-01,1.897907553275274273e-01,5.574636039938045060e-03,-9.095102251547081129e-02,-6.530664597542553892e-04,9.160410373459451638e-02,2.701600081918822656e-08
3.633065876255482940e-01,9.035291822715414700e-02,2.812227013903370598e-01,1.724368044623657281e-01,5.063653101666619125e-03,-8.234100090481412393e-02,-6.008647455588256130e-04,8.294188040970733311e-02,2.701593689131991729e-08
3.279225928068612017e-01,8.158138812245407934e-02,2.538417298424336943e-01,1.556622510868825859e-01,4.569960107602433555e-03,-7.405494386085451075e-02,-5.500242471922381186e-04,7.460498286734612572e-02,2.701587288190624734e-08
2.938703129796579328e-01,7.313489272255167817e-02,2.274897397418940703e-01,1.395154659603152492e-01,4.094942234766313881e-03,-6.611050224556019872e-02,-5.007775541487212607e-04,6.661129455897274454e-02,2.701580895590920590e-08
2.612491190404154229e-01,6.503899906763872807e-02,2.022439073487501959e-01,1.240442107593051346e-01,3.639968632809092823e-03,-5.852543307812788087e-02,-4.533424242752891881e-04,5.897879026163169863e-02,2.701574476265643483e-08
2.301570807927725837e-01,5.731889728390146543e-02,1.781803857535147750e-01,1.092955923231590243e-01,3.206391306761815010e-03,-5.131759248255206296e-02,-4.079228765316354841e-04,5.172553011827743519e-02,2.701568058256049087e-08
2.006908988972210262e-01,4.999937878504467914e-02,1.553742507359504865e-01,9.531602694631526040e-02,2.795544259006175515e-03,-4.450492991913160973e-02,-3.647101788543736633e-04,4.486965485714471819e-02,2.701561636405648311e-08
1.729458580650901356e-01,4.310482072950914262e-02,1.338994633606679086e-01,8.215121543393122394e-02,2.408742909308177541e-03,-3.810548376868981568e-02,-3.238837449928701987e-04,3.842938227280678909e-02,2.701555206221213605e-08
1.470158029394326715e-01,3.665917714075563050e-02,1.138288504408790369e-01,6.984612963930891816e-02,2.047283812105303146e-03,-3.213737834772190105e-02,-2.856119553450939003e-04,3.242300506215572281e-02,2.701548757644367025e-08
1.229931380180326606e-01,3.068597706927969626e-02,9.523410393183040501e-02,5.844501115548220854e-02,1.712444689177506762e-03,-2.661882240370640890e-02,-2.500529184028842979e-04,2.686889008116253794e-02,2.701542313775702790e-08
1.009688530419288743e-01,2.520833018507422085e-02,7.818580036616110118e-02,4.799138286084181360e-02,1.405484796887907471e-03,-2.156810916017783131e-02,-2.173551905742973590e-04,2.178547910977015126e-02,2.701535869190972782e-08
8.103257517039763602e-02,2.024894015743829503e-02,6.275344136222585356e-02,3.852807396561010178e-02,1.127645645876684637e-03,-1.700361795391162195e-02,-1.876584733448648755e-04,1.719129118623863653e-02,2.701529408045314656e-08
6.327264937410542744e-02,1.583012620142785695e-02,4.900551632059232249e-02,3.009725925494092028e-02,8.801520927418037508e-04,-1.294381752302501548e-02,-1.610943083335548954e-04,1.310492659030544106e-02,2.701522947783095350e-08
4.777624830997563576e-02,1.197385312352762694e-02,3.700958829230543978e-02,2.274051314119782466e-02,6.642138209623344412e-04,-9.407270978357085145e-03,-1.377867908967356204e-04,9.545072528165381154e-03,2.701516481444080693e-08
3.462951317766108789e-02,8.701770255081628727e-03,2.683240418459140880e-02,1.649887924815125403e-02,4.810272316942665024e-04,-6.412642518103886698e-03,-1.178533250684459682e-04,6.530510602048947809e-03,2.701510008872850728e-08
2.391772681053871627e-02,6.035259598065836721e-03,1.854003027774895826e-02,1.141295613085560254e-02,3.317777616536408784e-04,-3.978705908661240784e-03,-1.014054417252278700e-04,4.080126109227239124e-03,2.701503523876909373e-08
1.572552056677829421e-02,3.995493585719123511e-03,1.219801426902333667e-02,7.522999883474049826e-03,2.176426496638892143e-04,-2.124354794231804629e-03,-8.854970365059431617e-05,2.212919256688051714e-03,2.701497037725857276e-08
1.013711637389988485e-02,2.603502808984323267e-03,7.871574895415817119e-03,4.869044287468410510e-03,1.397941704648313207e-04,-8.686148680538917626e-04,-7.938871947347311451e-05,9.480183462975386209e-04,2.701490545434099208e-08
7.236605526092453576e-03,1.880254124323541736e-03,5.625820378727421946e-03,3.491039271688579654e-03,9.940335774253092154e-05,-2.306579593702365164e-04,-7.402228919235070721e-05,3.046950072970157027e-04,2.701484052685587556e-08
6.636115001836187174e-03,1.729268897618182642e-03,5.160507163119650541e-03,3.204876736334690002e-03,9.106449770482542643e-05,-1.212074083921966812e-04,-7.189246992815589987e-05,1.931146370191344172e-04,2.701477553181271812e-08
6.503414601247769350e-03,1.694699566575840529e-03,5.057317190877670850e-03,3.140796976945958545e-03,8.924404911441936069e-05,-1.187907569273923122e-04,-7.044040956926272436e-05,1.892459251594774780e-04,2.701471040218475046e-08
6.373367965563725770e-03,1.660821119921696313e-03,4.956190697047651444e-03,3.077998388437748305e-03,8.746001430119364488e-05,-1.164221707180323529e-04,-6.901795754588605425e-05,1.854548868909986197e-04,2.701464538501120953e-08
6.245922024161841904e-03,1.627619755442145108e-03,4.857086419984633051e-03,3.016455359619346372e-03,8.571166478900019538e-05,-1.141006992377405530e-04,-6.762449899425578849e-05,1.817399568230195135e-04,2.701458016734154545e-08
6.121024767895542375e-03,1.595081946479813290e-03,4.759963923173854937e-03,2.956142791201496825e-03,8.399828668221676151e-05,-1.118254105095349690e-04,-6.625943226031494814e-05,1.780996013254003928e-04,2.701451500312178455e-08
5.998625227636738069e-03,1.563194436380134457e-03,4.664783578556389899e-03,2.897036085460492384e-03,8.231918036857772166e-05,-1.095953907731236953e-04,-6.492216859611161259e-05,1.745323178897117077e-04,2.701444973474420853e-08
5.878673453583486801e-03,1.531944233142700819e-03,4.571506550451010648e-03,2.839111136275158324e-03,8.067366023757306041e-05,-1.074097441522989867e-04,-6.361213186725776824e-05,1.710366345039989638e-04,2.701438440105813243e-08
5.761120494789302195e-03,1.501318604117966773e-03,4.480094779644740698e-03,2.782344319262503984e-03,7.906105439595146874e-05,-1.052675923017957517e-04,-6.232875826475392760e-05,1.676111090160675677e-04,2.701431908846483438e-08
5.645918379332049916e-03,1.471305070897040200e-03,4.390510967988691185e-03,2.726712482240409123e-03,7.748070439727723874e-05,-1.031680740866233097e-04,-6.107149603003112154e-05,1.642543285298023105e-04,2.701425367790250789e-08
5.533020094515986656e-03,1.441891404162707257e-03,4.302718563005247104e-03,2.672192935673461337e-03,7.593196496791538978e-05,-1.011103452317697795e-04,-5.983980517797216905e-05,1.609649087873874786e-04,2.701418827277847704e-08
5.422379567935527341e-03,1.413065618774145011e-03,4.216681743168478047e-03,2.618763443541179993e-03,7.441420374871108190e-05,-9.909357801784370707e-05,-5.863315723636175415e-05,1.577414935962256665e-04,2.701412278412031831e-08
5.313951648531733442e-03,1.384815968900085124e-03,4.132365403193800218e-03,2.566402214238006421e-03,7.292680103220778123e-05,-9.711696095379939971e-05,-5.745103498465336736e-05,1.545827542446313017e-04,2.701405729229695297e-08
5.207692088131442992e-03,1.357130943225635846e-03,4.049735139687224948e-03,2.515087891669846518e-03,7.146914951133866959e-05,-9.517969847284887255e-05,-5.629293220086513416e-05,1.514873889440500711e-04,2.701399173296530658e-08
5.103557523485045995e-03,1.329999260267714176e-03,3.968757237176097179e-03,2.464799546576654753e-03,7.004065403082842406e-05,-9.328101061306979342e-05,-5.515835341692243231e-05,1.484541222648015667e-04,2.701392615413417427e-08
5.001505458533348283e-03,1.303409863827762090e-03,3.889398654341286524e-03,2.415516668019804768e-03,6.864073134367315555e-05,-9.142013273233124543e-05,-5.404681367792578856e-05,1.454817046088675207e-04,2.701386050365533405e-08
4.901494247030722430e-03,1.277351918476087207e-03,3.811627010508005647e-03,2.367219154998797485e-03,6.726880987215528044e-05,-8.959631520103378570e-05,-5.295783830642538374e-05,1.425689116707200439e-04,2.701379479466864592e-08
4.803483075661546357e-03,1.251814805154018943e-03,3.735410572516991486e-03,2.319887308298562104e-03,6.592432947693777198e-05,-8.780882312662749694e-05,-5.189096267590065804e-05,1.397145439302541745e-04,2.701372914143624387e-08
4.707431947216553225e-03,1.226788116841051731e-03,3.660718241657172009e-03,2.273501822400424924e-03,6.460674122437773154e-05,-8.605693605958963975e-05,-5.084573198489405604e-05,1.369174261364140962e-04,2.701366333080676673e-08
4.613301664381254212e-03,1.202261654356471827e-03,3.587519541066778572e-03,2.228043777670946166e-03,6.331550716551515034e-05,-8.433994770515993345e-05,-4.982170104093204771e-05,1.341764068024208075e-04,2.701359754941012045e-08
4.521053813764154723e-03,1.178225422197919829e-03,3.515784603313103131e-03,2.183494632648965133e-03,6.205010011340121557e-05,-8.265716567952208151e-05,-4.881843404725529697e-05,1.314903577468258999e-04,2.701353175219539527e-08
4.430650750133823500e-03,1.154669624489138230e-03,3.445484158151450663e-03,2.139836216471519524e-03,6.081000342978060456e-05,-8.100791120655261371e-05,-4.783550439472673577e-05,1.288581735856633996e-04,2.701346591655059336e-08
4.342055581100612120e-03,1.131584660969570458e-03,3.376589520607215043e-03,2.097050721462957994e-03,5.959471081360622299e-05,-7.939151888359857658e-05,-4.687249445960170940e-05,1.262787712917590437e-04,2.701340006169845250e-08
4.255232152050977996e-03,1.108961123115805199e-03,3.309072579274591978e-03,2.055120695892187314e-03,5.840372609193611821e-05,-7.780733639999880854e-05,-4.592899540589037515e-05,1.237510897178873770e-04,2.701333403867832919e-08
4.170145031458164300e-03,1.086789790331830693e-03,3.242905784898935696e-03,2.014029036891067971e-03,5.723656302092194312e-05,-7.625472430605880706e-05,-4.500460699133771781e-05,1.212740891735067860e-04,2.701326818349277829e-08
4.086759496281714213e-03,1.065061626151428626e-03,3.178062139025013451e-03,1.973758983408130038e-03,5.609274508463276966e-05,-7.473305573387829153e-05,-4.409893737992874780e-05,1.188467509536223182e-04,2.701320213153716909e-08
4.005041517896793142e-03,1.043767774609903696e-03,3.114515183066597463e-03,1.934294109440105013e-03,5.497180529996553212e-05,-7.324171618678973592e-05,-4.321160295596136757e-05,1.164680769468464337e-04,2.701313616596270777e-08
3.924957748187064138e-03,1.022899556605493324e-03,3.052238987487278232e-03,1.895618317305275110e-03,5.387328602683957358e-05,-7.178010326990144022e-05,-4.234222814622615644e-05,1.141370891848040138e-04,2.701307005827642684e-08
3.846475506046710419e-03,1.002448466420631252e-03,2.991208141315656200e-03,1.857715831151680918e-03,5.279673878318817714e-05,-7.034762648307541400e-05,-4.149044524442621878e-05,1.118528294599208182e-04,2.701300399479713953e-08
3.769562763771049617e-03,9.824061682156559356e-04,2.931397741574077401e-03,1.820571190412624031e-03,5.174172405628535149e-05,-6.894370695899594927e-05,-4.065589423693051279e-05,1.096143588922191637e-04,2.701293787871490259e-08
3.694188134272127430e-03,9.627644926392795897e-04,2.872783383319569943e-03,1.784169243591831764e-03,5.070781112973667484e-05,-6.756777726578793168e-05,-3.983822263808366247e-05,1.074207575639560226e-04,2.701287175825292629e-08
3.620320858077159896e-03,9.435154335334838740e-04,2.815341149561244316e-03,1.748495142049403791e-03,4.969457790245184706e-05,-6.621928116259606450e-05,-3.903708532495504731e-05,1.052711241120947086e-04,2.701280558552874252e-08
3.547930790874777481e-03,9.246511446922464324e-04,2.759047601576880039e-03,1.713534333990137043e-03,4.870161071743085723e-05,-6.489767339915929569e-05,-3.825214437887580402e-05,1.031645753664673645e-04,2.701273936819375540e-08
3.476988391176007685e-03,9.061639365912617719e-04,2.703879769301297323e-03,1.679272558465966497e-03,4.772850419564687033e-05,-6.360241948434917176e-05,-3.748306892783764691e-05,1.011002459649188741e-04,2.701267320822146736e-08
3.407464708327832825e-03,8.880462733401588583e-04,2.649815142027723593e-03,1.645695839640270259e-03,4.677486106660942922e-05,-6.233299549363012797e-05,-3.672953499607397215e-05,9.907728800541571324e-05,2.701260691584758660e-08
3.339331370540750497e-03,8.702907695988048404e-04,2.596831659108639594e-03,1.612790481030911514e-03,4.584029200728336557e-05,-6.108888784896284233e-05,-3.599122535174755866e-05,9.709487067992034898e-05,2.701254069244987182e-08
3.272560573484649404e-03,8.528901875400567547e-04,2.544907701067657818e-03,1.580543059957043462e-03,4.492441548408980620e-05,-5.986959312555894066e-05,-3.526782936460205991e-05,9.515217993314287507e-05,2.701247441753925941e-08
3.207125068847548662e-03,8.358374339325444925e-04,2.494022080721733804e-03,1.548940422058360869e-03,4.402685759676556294e-05,-5.867461785181638163e-05,-3.455904286232938026e-05,9.324841812078286886e-05,2.701240808745345351e-08
3.142998153182962121e-03,8.191255572626071277e-04,2.444154034516788764e-03,1.517969675928777015e-03,4.314725192294075894e-05,-5.750347831102196937e-05,-3.386456799132853081e-05,9.138280367227369588e-05,2.701234173034149972e-08
3.080153657125781711e-03,8.027477448524593644e-04,2.395283214120119426e-03,1.487618187858113410e-03,4.228523937302346370e-05,-5.635570035568849417e-05,-3.318411308146489315e-05,8.955457077025328933e-05,2.701227534155621462e-08
3.018565934675452016e-03,7.866973201916399594e-04,2.347389678123841441e-03,1.457873576743252270e-03,4.144046804050176454e-05,-5.523081921671853473e-05,-3.251739251345895802e-05,8.776296902771765058e-05,2.701220901843277471e-08
2.958209852609187517e-03,7.709677400816298837e-04,2.300453883783071078e-03,1.428723708907740034e-03,4.061259305801470171e-05,-5.412837932353408441e-05,-3.186412658884589695e-05,8.600726317302790378e-05,2.701214259356372063e-08
2.899060780390937380e-03,7.555525920859089938e-04,2.254456679192791153e-03,1.400156693284064979e-03,3.980127645785946065e-05,-5.304793412388595850e-05,-3.122404140238110089e-05,8.428673275117787571e-05,2.701207616564933826e-08
2.841094580075689043e-03,7.404455919099544843e-04,2.209379295440187536e-03,1.372160876545464557e-03,3.900618703376164615e-05,-5.198904589927687172e-05,-3.059686872128095618e-05,8.260067180889769857e-05,2.701200959434070854e-08
2.784287596353454772e-03,7.256405807632342140e-04,2.165203338849418669e-03,1.344724838267280726e-03,3.822700020487616027e-05,-5.095128560515959260e-05,-2.998234585933793616e-05,8.094838861699108368e-05,2.701194320338710513e-08
2.728616647045230877e-03,7.111315229266521130e-04,2.121910783604043921e-03,1.317837386367831046e-03,3.746339788329967554e-05,-4.993423269109584315e-05,-2.938021556307972545e-05,7.932920537023869048e-05,2.701187669356087805e-08
2.674059013580606155e-03,6.969125032798043854e-04,2.079483964344768128e-03,1.291487552515646750e-03,3.671506834515770234e-05,-4.893747493921344141e-05,-2.879022589335856078e-05,7.774245791268527040e-05,2.701181026834717751e-08
2.620592431604791550e-03,6.829777248563975375e-04,2.037905568865861980e-03,1.265664587595318651e-03,3.598170610055619853e-05,-4.796060829181541835e-05,-2.821213011263948067e-05,7.618749544838931314e-05,2.701174364029233650e-08
2.568195082162446664e-03,6.693215065500560893e-04,1.997158631260481133e-03,1.240357957452018585e-03,3.526301177333911007e-05,-4.700323670848100606e-05,-2.764568657594953279e-05,7.466368029187694878e-05,2.701167709218607664e-08
2.516845582525337188e-03,6.559382807402007335e-04,1.957226524792564284e-03,1.215557338472980468e-03,3.455869197402848899e-05,-4.606497198798220540e-05,-2.709065862059719794e-05,7.317038757985298326e-05,2.701161051796203562e-08
2.466522977671441706e-03,6.428225910899977276e-04,1.918092955276276415e-03,1.191252613485170933e-03,3.386845918391287290e-05,-4.514543363597477306e-05,-2.654681446270701060e-05,7.170700503336018602e-05,2.701154389739815547e-08
2.417206731582063894e-03,6.299690902249920543e-04,1.879741954292145183e-03,1.167433867514912826e-03,3.319203163542781485e-05,-4.424424869059606223e-05,-2.601392709191462723e-05,7.027293268079672442e-05,2.701147722077713194e-08
2.368876718889362763e-03,6.173725376717088429e-04,1.842157872726512234e-03,1.144091383834560131e-03,3.252913319626467970e-05,-4.336105159485277344e-05,-2.549177417080732207e-05,6.886758262822333923e-05,2.701141063240366031e-08
2.321513216785322641e-03,6.050277976361249617e-04,1.805325374445547471e-03,1.121215639975908914e-03,3.187949325931843154e-05,-4.249548403934993491e-05,-2.498013793819775096e-05,6.749037880335021129e-05,2.701134401157460260e-08
2.275096896833217388e-03,5.929298369916145405e-04,1.769229429964168203e-03,1.098797303860666111e-03,3.124284662956895177e-05,-4.164719482490368996e-05,-2.447880510952763541e-05,6.614075672350699009e-05,2.701127736684540516e-08
2.229608817141195964e-03,5.810737231411139229e-04,1.733855310330366948e-03,1.076827229951949662e-03,3.061893341815870848e-05,-4.081583971673890014e-05,-2.398756678421227524e-05,6.481816325330796861e-05,2.701121060895175233e-08
2.185030414565857469e-03,5.694546220364906210e-04,1.699188581077655741e-03,1.055296455524688121e-03,3.000749893415302158e-05,-4.000108131179826274e-05,-2.350621835207309133e-05,6.352205637966987326e-05,2.701114385943301203e-08
2.141343497316111448e-03,5.580677962979339315e-04,1.665215096487632175e-03,1.034196197126408976e-03,2.940829358170091854e-05,-3.920258890660344988e-05,-2.303455940535775336e-05,6.225190499118333544e-05,2.701107716736827169e-08
2.098530237261155527e-03,5.469086031265426619e-04,1.631920993583391589e-03,1.013517846804306167e-03,2.882107275745704567e-05,-3.842003836273555643e-05,-2.257239364671093435e-05,6.100718865230633542e-05,2.701101041548968768e-08
2.056573162906588734e-03,5.359724925544771422e-04,1.599292686691676599e-03,9.932529687693887350e-04,2.824559675204294743e-05,-3.765311197228180212e-05,-2.211952880668172455e-05,5.978739738513879449e-05,2.701094368446058143e-08
2.015455152117524937e-03,5.252550055185525998e-04,1.567316861774949817e-03,9.733932958611204566e-04,2.768163064943750259e-05,-3.690149834371497231e-05,-2.167577655624767596e-05,5.859203146933779382e-05,2.701087690930146560e-08
1.975159425172286470e-03,5.147517720731817868e-04,1.535980471036742755e-03,9.539307262087235503e-04,2.712894423411344624e-05,-3.616489226226006373e-05,-2.124095242549940227e-05,5.742060122086808276e-05,2.701081015570459253e-08
1.935669537870575874e-03,5.044585095992650762e-04,1.505270727563594833e-03,9.348573199062437319e-04,2.658731189410311240e-05,-3.544299457705445263e-05,-2.081487572250023330e-05,5.627262679617108367e-05,2.701074330848835741e-08
1.896969374960529291e-03,4.943710210316300648e-04,1.475175100195780286e-03,9.161652957963798295e-04,2.605651253274951704e-05,-3.473551208324139638e-05,-2.039736945440342918e-05,5.514763799824607695e-05,2.701067652098980457e-08
1.859043143411547938e-03,4.844851932300875234e-04,1.445681308333257239e-03,8.978470283083724761e-04,2.553632947400974825e-05,-3.404215740439208901e-05,-1.998826025012886688e-05,5.404517407832907134e-05,2.701060971890685647e-08
1.821875365962673937e-03,4.747969951974212563e-04,1.416777316888398258e-03,8.798950442716995919e-04,2.502655037657291001e-05,-3.336264886213934891e-05,-1.958737828341733394e-05,5.296478353245596103e-05,2.701054282192128147e-08
1.785450874993279712e-03,4.653024765288126777e-04,1.388451331533455818e-03,8.623020199886354334e-04,2.452696714694511937e-05,-3.269671038791784274e-05,-1.919455720065633508e-05,5.190602393933117678e-05,2.701047598180805951e-08
1.749754806120611952e-03,4.559977657496330598e-04,1.360691793723797435e-03,8.450607781464452998e-04,2.403737585405559533e-05,-3.204407139675336419e-05,-1.880963404750080804e-05,5.086846175840890226e-05,2.701040915828435831e-08
1.714772592264707154e-03,4.468790687712881587e-04,1.333487376083166949e-03,8.281642849528239722e-04,2.355757664605685769e-05,-3.140446668229716947e-05,-1.843244919794657580e-05,4.985167215805305386e-05,2.701034225475148003e-08
1.680489957639403394e-03,4.379426673203208847e-04,1.306826977729366518e-03,8.116056472303580325e-04,2.308737366818044428e-05,-3.077763631006926495e-05,-1.806284628542499218e-05,4.885523883642803040e-05,2.701027532574527037e-08
1.646892911960217689e-03,4.291849174336126297e-04,1.280699719771439225e-03,7.953781096223875701e-04,2.262657498393412563e-05,-3.016332551618759527e-05,-1.770067213405291301e-05,4.787875385487315655e-05,2.701020834724089381e-08
1.613967744714809791e-03,4.206022479739808225e-04,1.255094940856775520e-03,7.794750518320156356e-04,2.217499249590824787e-05,-2.956128459933708176e-05,-1.734577669370624512e-05,4.692181746091592771e-05,2.701014149755563374e-08
1.581701019545147646e-03,4.121911591675969200e-04,1.230002192802822974e-03,7.638899859099261992e-04,2.173244186856071412e-05,-2.897126882635665351e-05,-1.699801297300114781e-05,4.598403793126254057e-05,2.701007455211075459e-08
1.550079568841152130e-03,4.039482211866790551e-04,1.205411236390355623e-03,7.486165536374731226e-04,2.129874245454877734e-05,-2.839303833510165129e-05,-1.665723697833236688e-05,4.506503140851291243e-05,2.701000761888885865e-08
1.519090488376644748e-03,3.958700727831730324e-04,1.181312037201647696e-03,7.336485239581643381e-04,2.087371722015190259e-05,-2.782635803199845872e-05,-1.632330765039182862e-05,4.416442174046899692e-05,2.700994064779113339e-08
1.488721131808850434e-03,3.879534198234906050e-04,1.157694761333440212e-03,7.189797902988996885e-04,2.045719267036860616e-05,-2.727099750109012474e-05,-1.599608680117692731e-05,4.328184032360373227e-05,2.700987368934938069e-08
1.458959105888841222e-03,3.801950340659795849e-04,1.134549771680128105e-03,7.046043682746920512e-04,2.004899878387166398e-05,-2.672673090764364154e-05,-1.567543905922812397e-05,4.241692595130991855e-05,2.700980670373988662e-08
1.429792265071651736e-03,3.725917517428113624e-04,1.111867623738198784e-03,6.905163930762608449e-04,1.964896893708198232e-05,-2.619333691849489159e-05,-1.536123180618500296e-05,4.156932467294505835e-05,2.700973967933568800e-08
1.401208706793033746e-03,3.651404723710566214e-04,1.089639061946007237e-03,6.767101172180852451e-04,1.925693984211667849e-05,-2.567059859819283352e-05,-1.505333512446608356e-05,4.073868963434800898e-05,2.700967274014363584e-08
1.373196766488991773e-03,3.578381574070920519e-04,1.067855015796180702e-03,6.631799080999039361e-04,1.887275147510274109e-05,-2.515830333472783147e-05,-1.475162173814380439e-05,3.992468094749298543e-05,2.700960569124520976e-08
1.345745012835831327e-03,3.506818290374677841e-04,1.046506596143685413e-03,6.499202457296166793e-04,1.849624701370323069e-05,-2.465624274053965313e-05,-1.445596695899791827e-05,3.912696553772365135e-05,2.700953865764174034e-08
1.318842243113359496e-03,3.436685689539850435e-04,1.025585091594952191e-03,6.369257204723976617e-04,1.812727277219146246e-05,-2.416421258803812342e-05,-1.416624863355488590e-05,3.834521702311510891e-05,2.700947158597407933e-08
1.292477478735068507e-03,3.367955172091125914e-04,1.005081965038074525e-03,6.241910309061081451e-04,1.776567814020465577e-05,-2.368201270728268967e-05,-1.388234709184285696e-05,3.757911556399308825e-05,2.700940451656213655e-08
1.266639960520969362e-03,3.300598709920172309e-04,9.849888499691321960e-04,6.117109815438535837e-04,1.741131551745843617e-05,-2.320944691500661036e-05,-1.360414509334285512e-05,3.682834773670888757e-05,2.700933752777964714e-08
1.241319144562165466e-03,3.234588835094249549e-04,9.652975472638238279e-04,5.994804808077685990e-04,1.706404025762039259e-05,-2.274632293379456210e-05,-1.333152777994782250e-05,3.609260640502219065e-05,2.700927038873011482e-08
1.216504697766022892e-03,3.169898628884707968e-04,9.460000217324380156e-04,5.874945389220542638e-04,1.672371060790423447e-05,-2.229245231864919279e-05,-1.306438262448458870e-05,3.537159059743930512e-05,2.700920338597568129e-08
1.192186493680806115e-03,3.106501710324825988e-04,9.270883988559503949e-04,5.757482658573410831e-04,1.639018765008520229e-05,-2.184765037455516470e-05,-1.280259938368170908e-05,3.466500537628090339e-05,2.700913627641905534e-08
1.168354608403996591e-03,3.044372225984282010e-04,9.085549616173151837e-04,5.642368693851119391e-04,1.606333524486979310e-05,-2.141173609269632670e-05,-1.254607005196110365e-05,3.397256172598127387e-05,2.700906925827270304e-08
1.144999316402709215e-03,2.983484839179458459e-04,8.903921472543522078e-04,5.529556530663034489e-04,1.574301997443359417e-05,-2.098453205803989317e-05,-1.229468881387739926e-05,3.329397641583583406e-05,2.700900217902708494e-08
1.122111086737107803e-03,2.923814719382142346e-04,8.725925443003653553e-04,5.419000143749554349e-04,1.542911109235285721e-05,-2.056586439735239897e-05,-1.204835199983767637e-05,3.262897190436121064e-05,2.700893492680444160e-08
1.099680579013700716e-03,2.865337532736167707e-04,8.551488894691695614e-04,5.310654428181530752e-04,1.512148046547000477e-05,-2.015556270104724231e-05,-1.180695804219364766e-05,3.197727621399168376e-05,2.700886785273017801e-08
1.077698639648986103e-03,2.808029431315781782e-04,8.380540647193028027e-04,5.204475180612603939e-04,1.482000252429945477e-05,-1.975345995599174975e-05,-1.157040743197390553e-05,3.133862282172560716e-05,2.700880071048129638e-08
1.056156298113748900e-03,2.751867044421051978e-04,8.213010943660687541e-04,5.100419081897902222e-04,1.452455421068466049e-05,-1.935939246816350011e-05,-1.133860267666007173e-05,3.071275054162741694e-05,2.700873362443082402e-08
1.035044763237741609e-03,2.696827468161001559e-04,8.048831421841206495e-04,4.998443678697216033e-04,1.423501492719813426e-05,-1.897319981917410187e-05,-1.111144825748367875e-05,3.009940343728884993e-05,2.700866644485379928e-08
1.014355419725326097e-03,2.642888256451058878e-04,7.887935087002935670e-04,4.898507366701387433e-04,1.395126648985889949e-05,-1.859472478152467172e-05,-1.088885059185899143e-05,2.949833069715804024e-05,2.700859932398610050e-08
9.940798244994553980e-04,2.590027411765183645e-04,7.730256283589089514e-04,4.800569373170644315e-04,1.367319307800413045e-05,-1.822381325575026390e-05,-1.067071799064771974e-05,2.890928653346336904e-05,2.700853220677958582e-08
9.742097034148856612e-04,2.538223376781376865e-04,7.575730669721296570e-04,4.704589741208941786e-04,1.340068118737505001e-05,-1.786031422552347161e-05,-1.045696062154892329e-05,2.833203009770006106e-05,2.700846494637854821e-08
9.547369477055639561e-04,2.487455024354270081e-04,7.424295189341882260e-04,4.610529312068049608e-04,1.313361958373338518e-05,-1.750407967321359725e-05,-1.024749046985710648e-05,2.776632535652200914e-05,2.700839787155586484e-08
9.356536107809844318e-04,2.437701650175851055e-04,7.275888047604675080e-04,4.518349710381001590e-04,1.287189925762735126e-05,-1.715496454007686970e-05,-1.004222130109704228e-05,2.721194101738925940e-05,2.700833064420449442e-08
9.169519050120847467e-04,2.388942963649229930e-04,7.130448685654797647e-04,4.428013328115242616e-04,1.261541338068249023e-05,-1.681282665419181623e-05,-9.841068625641200240e-06,2.666865041970577154e-05,2.700826346881840342e-08
8.986241984896816077e-04,2.341159079718106023e-04,6.987917755504436746e-04,4.339483309110502701e-04,1.236405726153803935e-05,-1.647752668211457244e-05,-9.643949662911648909e-06,2.613623144812232373e-05,2.700819632797520274e-08
8.806630119392852346e-04,2.294330510847423631e-04,6.848237096046234191e-04,4.252723534194032028e-04,1.211772830147348390e-05,-1.614892806454888818e-05,-9.450783305819901746e-06,2.561446643648980013e-05,2.700812906886247577e-08
8.630610156091535461e-04,2.248438159170600050e-04,6.711349708932377563e-04,4.167698606329770417e-04,1.187632595422342869e-05,-1.582689697137969285e-05,-9.261490085962521338e-06,2.510314208689693911e-05,2.700806182526405059e-08
8.458110263558000531e-04,2.203463308114589358e-04,6.577199735674426695e-04,4.084373835998195449e-04,1.163975168529412785e-05,-1.551130223149518243e-05,-9.075992141750903371e-06,2.460204936643629208e-05,2.700799464895268528e-08
8.289060047396017454e-04,2.159387615924379775e-04,6.445732435386919900e-04,4.002715227933486544e-04,1.140790893122492533e-05,-1.520201530177352130e-05,-8.894213185126864551e-06,2.411098344396817584e-05,2.700792740224592711e-08
8.123390519924694958e-04,2.116193106692374544e-04,6.316894160884686414e-04,3.922689465732382818e-04,1.118070305835541950e-05,-1.489891019290466708e-05,-8.716078468569806370e-06,2.362974358150565465e-05,2.700786016643877898e-08
7.961034074011256838e-04,2.073862164590920204e-04,6.190632338651415453e-04,3.844263899950755084e-04,1.095804132765426989e-05,-1.460186343486486726e-05,-8.541514754451122368e-06,2.315813307271894880e-05,2.700779300808068727e-08
7.801924454136203481e-04,2.032377525494852039e-04,6.066895446085649422e-04,3.767406533545398779e-04,1.073983285359914423e-05,-1.431075401425589935e-05,-8.370450284295360619e-06,2.269595914537551128e-05,2.700772577327235973e-08
7.645996730004108550e-04,1.991722270529266818e-04,5.945632991108084882e-04,3.692086009425291841e-04,1.052598856938498921e-05,-1.402546333852245204e-05,-8.202814748441273859e-06,2.224303289683130969e-05,2.700765846167500966e-08
7.493187269123752475e-04,1.951879818797558190e-04,5.826795490800365475e-04,3.618271597120953321e-04,1.031642118888858861e-05,-1.374587517116548886e-05,-8.038539255761165808e-06,2.179916920003922915e-05,2.700759120372679418e-08
7.343433712373684686e-04,1.912833921188926856e-04,5.710334452456259377e-04,3.545933181106353791e-04,1.011104517230011501e-05,-1.347187560686498873e-05,-7.877556306422330918e-06,2.136418664912801516e-05,2.700752398592424786e-08
7.196674947513279118e-04,1.874568653169337369e-04,5.596202352890827444e-04,3.475041247791784706e-04,9.909776690823487454e-06,-1.320335300325101860e-05,-7.719799762011295990e-06,2.093790746471018701e-05,2.700745670468351969e-08
7.052851083867211959e-04,1.837068408531777007e-04,5.484352618858765946e-04,3.405566873540223291e-04,9.712533591975684713e-06,-1.294019794984720942e-05,-7.565204818692591220e-06,2.052015743091296134e-05,2.700738950214980104e-08
6.911903429082450400e-04,1.800317893167548990e-04,5.374739608927400596e-04,3.337481713322588495e-04,9.519235366718090840e-06,-1.268230321651592641e-05,-7.413707979905233526e-06,2.011076582156236657e-05,2.700732218539996940e-08
6.773774464374292910e-04,1.764302118594912843e-04,5.267318594221163811e-04,3.270757988748028118e-04,9.329803116357805238e-06,-1.242956371493906970e-05,-7.265247029334677692e-06,1.970956533260744223e-05,2.700725495782103829e-08
6.638407821264193619e-04,1.729006396297443808e-04,5.162045740452065852e-04,3.205368477109588922e-04,9.144159519238742861e-06,-1.218187645305810669e-05,-7.119761005612754542e-06,1.931639201075718802e-05,2.700718765515223605e-08
6.505748258259018120e-04,1.694416330706665470e-04,5.058878089501872219e-04,3.141286499463824110e-04,8.962228801088969066e-06,-1.193914049393228258e-05,-6.977190176298719536e-06,1.893108518534670397e-05,2.700712036093628331e-08
6.375741638577003215e-04,1.660517814596355402e-04,4.957773542461872684e-04,3.078485910711497588e-04,8.783936702823215466e-06,-1.170125691444549981e-05,-6.837476012601072352e-06,1.855348740526785580e-05,2.700705311625043326e-08
6.248334908868087264e-04,1.627297022442663113e-04,4.858690842755029643e-04,3.016941088555721005e-04,8.609210452143848953e-06,-1.146812876644942372e-05,-6.700561166338945960e-06,1.818344437397268623e-05,2.700698576814966231e-08
6.123476075800408144e-04,1.594740405453934839e-04,4.761589558269193126e-04,2.956626922985156362e-04,8.437978729999163200e-06,-1.123966103757287056e-05,-6.566389443973141187e-06,1.782080488583999363e-05,2.700691841483225368e-08
6.001114186254990265e-04,1.562834685318655482e-04,4.666430065627350941e-04,2.897518805946312694e-04,8.270171644865339109e-06,-1.101576060934174412e-05,-6.434905784834620335e-06,1.746542076121558251e-05,2.700685116007914573e-08
5.881199305764088026e-04,1.531566849239577417e-04,4.573173533616704356e-04,2.839592621386967321e-04,8.105720702030323022e-06,-1.079633622143060643e-05,-6.306056236654681638e-06,1.711714678859727753e-05,2.700678386604405106e-08
5.763682499446039220e-04,1.500924144591756642e-04,4.481781908251202765e-04,2.782824735786609631e-04,7.944558779715585082e-06,-1.058129844251947925e-05,-6.179787935235504452e-06,1.677584067173448366e-05,2.700671655563362246e-08
5.648515809453794794e-04,1.470894073736175737e-04,4.392217895441413852e-04,2.727191987748563726e-04,7.786620095323518160e-06,-1.037055961481003847e-05,-6.056049079643192738e-06,1.644136295211677377e-05,2.700664923877858007e-08
5.535652238427030570e-04,1.441464388956786695e-04,4.304444947900291940e-04,2.672671679483528849e-04,7.631840183646896957e-06,-1.016403384134620847e-05,-5.934788913366329290e-06,1.611357697562510035e-05,2.700658189339785029e-08
5.425045727564731853e-04,1.412623086997641733e-04,4.218427248167697726e-04,2.619241566394674777e-04,7.480155867810399695e-06,-9.961636930493744370e-06,-5.815957700396294703e-06,1.579234881489505275e-05,2.700651457036101918e-08
5.316651140703413476e-04,1.384358405010789584e-04,4.134129696257496378e-04,2.566879849456731076e-04,7.331505235846199952e-06,-9.763286379024892615e-06,-5.699506707402864222e-06,1.547754723378238503e-05,2.700644724680802406e-08
5.210424242956440731e-04,1.356658815022066878e-04,4.051517893056790008e-04,2.515565164921724378e-04,7.185827612641716063e-06,-9.568901326562472150e-06,-5.585388181001060625e-06,1.516904361790381050e-05,2.700637988313802654e-08
5.106321684872252697e-04,1.329513019592610298e-04,3.970558127943558534e-04,2.465276576521300937e-04,7.043063538455154888e-06,-9.378402530719948712e-06,-5.473555329349943664e-06,1.486671193318320590e-05,2.700631259524816582e-08
5.004300983251978689e-04,1.302909947146381876e-04,3.891217363966988042e-04,2.415993566431354634e-04,6.903154740510094219e-06,-9.191712324919532870e-06,-5.363962301448844617e-06,1.457042866329967155e-05,2.700624526060869394e-08
4.904320505219953970e-04,1.276838747314478287e-04,3.813463225309033158e-04,2.367696027225404249e-04,6.766044113633590312e-06,-9.008754601287135698e-06,-5.256564170149292985e-06,1.428007277175203935e-05,2.700617792435625957e-08
4.806339449831462628e-04,1.251288786892085648e-04,3.737263983207198925e-04,2.320364253516372119e-04,6.631675693566721147e-06,-8.829454763627027396e-06,-5.151316911545979820e-06,1.399552563824523480e-05,2.700611051060534971e-08
4.710317832807166651e-04,1.226249645221867527e-04,3.662588543890705627e-04,2.273978934138323131e-04,6.499994635480618079e-06,-8.653739711197866468e-06,-5.048177387224368474e-06,1.371667102504919793e-05,2.700604313763206508e-08
4.616216468406202957e-04,1.201711109556525148e-04,3.589406434511339841e-04,2.228521143451384469e-04,6.370947191456239941e-06,-8.481537802082925940e-06,-4.947103326081626900e-06,1.344339501795200821e-05,2.700597577241390971e-08
4.523996955384724421e-04,1.177663171565071764e-04,3.517687792273219063e-04,2.183972334676571024e-04,6.244480689539372615e-06,-8.312778824500128595e-06,-4.848053307580339896e-06,1.317558598514923364e-05,2.700590847648540192e-08
4.433621660255378694e-04,1.154096023186266889e-04,3.447403351479306306e-04,2.140314331962343071e-04,6.120543509525782424e-06,-8.147393965243556003e-06,-4.750986744529793805e-06,1.291313452570369196e-05,2.700584105826210185e-08
4.345053702180976755e-04,1.131000052327717334e-04,3.378524431675452807e-04,2.097529322833233828e-04,5.999085065133944932e-06,-7.985315787457913849e-06,-4.655863865220914101e-06,1.265593343196094201e-05,2.700577371804764109e-08
4.258256937879059873e-04,1.108365838930419292e-04,3.311022925910239484e-04,2.055599850899227077e-04,5.880055781281959733e-06,-7.826478208805146412e-06,-4.562645697652143595e-06,1.240387764901941619e-05,2.700570641987184571e-08
4.173195946443079493e-04,1.086184151171898452e-04,3.244871288979431939e-04,2.014508808635544245e-04,5.763407074144043661e-06,-7.670816454653338611e-06,-4.471294053023489279e-06,1.215686421374683669e-05,2.700563897623450327e-08
4.089836016002556932e-04,1.064445942244476146e-04,3.180042527128826161e-04,1.974239431118202852e-04,5.649091332179486438e-06,-7.518267050125990422e-06,-4.381771510887368139e-06,1.191479223087793675e-05,2.700557164613463830e-08
4.008143128400113169e-04,1.043142345669128678e-04,3.116510185929905114e-04,1.934775288139324535e-04,5.537061896062880921e-06,-7.368767788298775741e-06,-4.294041402788685016e-06,1.167756282324666546e-05,2.700550421669964618e-08
3.928083945653494929e-04,1.022264672608791793e-04,3.054248340004939318e-04,1.896100278257341169e-04,5.427273038094456384e-06,-7.222257703910114733e-06,-4.208067795841011982e-06,1.144507909507328952e-05,2.700543685481179605e-08
3.849625796809771883e-04,1.001804407560187251e-04,2.993231582539611986e-04,1.858198621830334273e-04,5.319679947675067755e-06,-7.078677049350478256e-06,-4.123815480322552316e-06,1.121724608860720260e-05,2.700536948234944434e-08
3.772736664442432339e-04,9.817532057759124811e-05,2.933435015064683521e-04,1.821054855153661706e-04,5.214238708885396130e-06,-6.937967268632380991e-06,-4.041249954563266003e-06,1.099397074551507753e-05,2.700530204964653624e-08
3.697385170917651207e-04,9.621028886506105071e-05,2.874834236465368493e-04,1.784653823102891324e-04,5.110906284994498826e-06,-6.800070980902254934e-06,-3.960337408552459637e-06,1.077516187544627081e-05,2.700523473427508199e-08
3.623540566291816572e-04,9.428454417933487472e-05,2.817405333938279087e-04,1.748980674146888943e-04,5.009640498421804214e-06,-6.664931943997334563e-06,-3.881044712680078700e-06,1.056073010622465442e-05,2.700516734972423008e-08
3.551172715696131058e-04,9.239730104825054054e-05,2.761124872803547535e-04,1.714020853375094891e-04,4.910400017308604582e-06,-6.532495045786576238e-06,-3.803339402499765602e-06,1.035058786054024445e-05,2.700509989668854755e-08
3.480252086784281235e-04,9.054778973285021297e-05,2.705969887023698759e-04,1.679760097089099378e-04,4.813144334787572733e-06,-6.402706272811524909e-06,-3.727189665051824613e-06,1.014464931324805093e-05,2.700503256297181881e-08
3.410749737884378194e-04,8.873525586801453023e-05,2.651917869838563537e-04,1.646184426725964703e-04,4.717833755325254415e-06,-6.275512690875864646e-06,-3.652564326787628363e-06,9.942830356421478847e-06,2.700496508293168698e-08
3.342637305929731175e-04,8.695896018813923398e-05,2.598946764500128007e-04,1.613280143310989680e-04,4.624429376161075998e-06,-6.150862418106680933e-06,-3.579432840388072906e-06,9.745048560483648029e-06,2.700489771467582330e-08
3.275886995111862475e-04,8.521817816995841096e-05,2.547034955263932513e-04,1.581033821547507838e-04,4.532893073447066541e-06,-6.028704621474281818e-06,-3.507765271286840529e-06,9.551223157339746783e-06,2.700483034917344206e-08
3.210471565818121637e-04,8.351219982979600335e-05,2.496161259043720281e-04,1.549432305072360170e-04,4.443187485477079767e-06,-5.908989469724294810e-06,-3.437532286692254331e-06,9.361274983841912678e-06,2.700476293233951094e-08
3.146364322678650853e-04,8.184032934150693587e-05,2.446304915904083752e-04,1.518462700189637544e-04,4.355275997741059495e-06,-5.791668134591976703e-06,-3.368705141947947973e-06,9.175126467236032526e-06,2.700469550417196797e-08
3.083539104261658059e-04,8.020188476784808392e-05,2.397445581046641955e-04,1.488112370893496673e-04,4.269122728446989230e-06,-5.676692763437738484e-06,-3.301255669679921468e-06,8.992701586927495075e-06,2.700462805555310234e-08
3.021970272938590473e-04,7.859619786714639161e-05,2.349563317141493176e-04,1.458368934468557148e-04,4.184692513002725947e-06,-5.564016457173002550e-06,-3.235156268726748479e-06,8.813925842858784626e-06,2.700456064861685378e-08
2.961632702917647224e-04,7.702261371402257650e-05,2.302638584819269860e-04,1.429220255238599876e-04,4.101950890032918466e-06,-5.453593256707960161e-06,-3.170379890837615068e-06,8.638726227496702168e-06,2.700449328175605006e-08
2.902501771556649556e-04,7.548049046858798722e-05,2.256652235901800911e-04,1.400654440340736242e-04,4.020864088279273618e-06,-5.345378117990276195e-06,-3.106900031229759872e-06,8.467031192421028803e-06,2.700442578740081658e-08
2.844553348016939909e-04,7.396919915589413757e-05,2.211585504805400025e-04,1.372659834770473806e-04,3.941399011037847955e-06,-5.239326898085501963e-06,-3.044690716515309472e-06,8.298770621793199033e-06,2.700435846150326073e-08
2.787763784671874420e-04,7.248812335692297133e-05,2.167420001602891194e-04,1.345225016638211177e-04,3.863523223726113496e-06,-5.135396340153453417e-06,-2.983726495690749428e-06,8.133875806027985830e-06,2.700429106222854429e-08
2.732109905894814493e-04,7.103665897622761874e-05,2.124137703485279153e-04,1.318338792171803531e-04,3.787204939350665447e-06,-5.033544045150144811e-06,-2.923982427005857416e-06,7.972279404951606078e-06,2.700422358868047001e-08
2.677569000964342516e-04,6.961421399263475714e-05,2.081720949050989283e-04,1.291990191839702837e-04,3.712413009998818172e-06,-4.933728464429401448e-06,-2.865434070438175064e-06,7.813915430629184668e-06,2.700415616766710959e-08
2.624118812069108726e-04,6.822020823567957520e-05,2.040152429245198460e-04,1.266168465180704528e-04,3.639116907995548787e-06,-4.835908882283094899e-06,-2.808057475251979450e-06,7.658719216549621337e-06,2.700408877004161262e-08
2.571737526586610626e-04,6.685407310965565237e-05,1.999415181130435458e-04,1.240863076552730065e-04,3.567286715807858426e-06,-4.740045388540355605e-06,-2.751829171727757264e-06,7.506627382197009551e-06,2.700402137827258086e-08
2.520403768861903667e-04,6.551525141987679201e-05,1.959492581615902265e-04,1.216063701444772846e-04,3.496893115853578439e-06,-4.646098880210711767e-06,-2.696726161127879825e-06,7.357577826247286510e-06,2.700395390011946639e-08
2.470096590172566925e-04,6.420319706431081453e-05,1.920368339512446790e-04,1.191760221303223266e-04,3.427907376583157520e-06,-4.554031030279600547e-06,-2.642725905607169280e-06,7.211509683976799224e-06,2.700388647682511903e-08
2.420795460965971123e-04,6.291737490611633179e-05,1.882026489720892550e-04,1.167942720306241756e-04,3.360301340178374158e-06,-4.463804279238096196e-06,-2.589806319888814451e-06,7.068363310474555346e-06,2.700381899321675172e-08
2.372480262147088866e-04,6.165726049575626869e-05,1.844451386304690700e-04,1.144601480799961666e-04,3.294047412926822784e-06,-4.375381818810600762e-06,-2.537945761679746230e-06,6.928080254483725638e-06,2.700375161406980459e-08
2.325131276721357501e-04,6.042233983777985009e-05,1.807627695944234280e-04,1.121726979154926600e-04,3.229118553041579145e-06,-4.288727570846781348e-06,-2.487123021858468580e-06,6.790603230141891474e-06,2.700368416037278784e-08
2.278729182187218716e-04,5.921210925419691825e-05,1.771540392205908643e-04,1.099309882523288472e-04,3.165488258265286046e-06,-4.203806187536691073e-06,-2.437317317537380120e-06,6.655876105545202199e-06,2.700361668588721022e-08
2.233255042832181232e-04,5.802607509229262345e-05,1.736174749276887981e-04,1.077341044478231479e-04,3.103130558464811110e-06,-4.120583018414000911e-06,-2.388508282496095610e-06,6.523843864758440069e-06,2.700354929152052032e-08
2.188690300894448597e-04,5.686375361309747769e-05,1.701516335449320967e-04,1.055811501576102678e-04,3.042020001413513731e-06,-4.039024114463036291e-06,-2.340675958382999627e-06,6.394452600010697540e-06,2.700348182570061253e-08
2.145016770429715978e-04,5.572467072749367079e-05,1.667551008037109850e-04,1.034712469667543378e-04,2.982131644287446789e-06,-3.959096197088216361e-06,-2.293800787941466065e-06,6.267649475242807009e-06,2.700341437188064697e-08
2.102216628901404491e-04,5.460836183003941698e-05,1.634264906996136634e-04,1.014035340205659858e-04,2.923441042971835046e-06,-3.880766657164259843e-06,-2.247863605363089686e-06,6.143382715990835847e-06,2.700334694397667683e-08
2.060272409845163703e-04,5.351437160138742719e-05,1.601644449200694757e-04,9.937716766583433534e-05,2.865924242228376612e-06,-3.804003537072849005e-06,-2.202845629079505194e-06,6.021601582557612903e-06,2.700327948644877822e-08
2.019166996905874068e-04,5.244225382060456632e-05,1.569676323708702576e-04,9.739132114032212880e-05,2.809557766858260438e-06,-3.728775519411082466e-06,-2.158728454312241608e-06,5.902256353686728334e-06,2.700321206069830332e-08
1.978883614819880465e-04,5.139157117010054496e-05,1.538347484869637789e-04,9.544518416512511754e-05,2.754318609607972820e-06,-3.655051903277844247e-06,-2.115494045018447327e-06,5.785298291398114966e-06,2.700314453596980838e-08
1.939405825250213871e-04,5.036189511661484365e-05,1.507645149054237001e-04,9.353796273621253743e-05,2.700184225471734515e-06,-3.582802616341072203e-06,-2.073124727279105951e-06,5.670679649759103255e-06,2.700307716704271742e-08
1.900717517099241420e-04,4.935280567399544591e-05,1.477556787166615514e-04,9.166887866725767736e-05,2.647132517270872387e-06,-3.511998175115531323e-06,-2.031603180272057085e-06,5.558353625028076416e-06,2.700300969193783298e-08
1.862802903106151593e-04,4.836389126737224658e-05,1.448070121856835039e-04,8.983716939230362419e-05,2.595141832622579868e-06,-3.442609694021146696e-06,-1.990912432276188287e-06,5.448274358908819284e-06,2.700294220981883084e-08
1.825646509733892028e-04,4.739474850748962600e-05,1.419173119770892125e-04,8.804208750378959597e-05,2.544190950398199637e-06,-3.374608853175425270e-06,-1.951035849209369137e-06,5.340396898750231600e-06,2.700287475827117344e-08
1.789233175105996209e-04,4.644498212873365714e-05,1.390853989920775777e-04,8.628290064725601879e-05,2.494259076068776301e-06,-3.307967917031800061e-06,-1.911957133070780513e-06,5.234677209595032870e-06,2.700280734548588775e-08
1.753548038682405975e-04,4.551420471034761629e-05,1.363101175626859870e-04,8.455889101590201003e-05,2.445325828216532750e-06,-3.242659688061707813e-06,-1.873660310452391373e-06,5.131072120754631362e-06,2.700273991683039425e-08
1.718576538089174922e-04,4.460203662539593731e-05,1.335903352148145110e-04,8.286935521949884403e-05,2.397371235021146667e-06,-3.178657518085230155e-06,-1.836129728713770455e-06,5.029539332640776860e-06,2.700267245980852504e-08
1.684304401981673988e-04,4.370810581405450840e-05,1.309249421008820159e-04,8.121360391133987768e-05,2.350375722772751757e-06,-3.115935291287501940e-06,-1.799350049469297381e-06,4.930037389750590005e-06,2.700260492562915411e-08
1.650717644451261566e-04,4.283204762288511999e-05,1.283128505604973603e-04,7.959096150751384172e-05,2.304320111541313249e-06,-3.054467418315791999e-06,-1.763306240863963969e-06,4.832525671087318458e-06,2.700253754419317984e-08
1.617802559060488332e-04,4.197350475695806586e-05,1.257529946888146844e-04,7.800076597419260084e-05,2.259185601655381234e-06,-2.994228812265931894e-06,-1.727983572487331439e-06,4.736964360342461370e-06,2.700247006096656300e-08
1.585545713508575085e-04,4.113212701609532613e-05,1.232443298843403587e-04,7.644236848261211001e-05,2.214953772353560012e-06,-2.935194896573285861e-06,-1.693367609244670427e-06,4.643314444669280925e-06,2.700240253566556644e-08
1.553933944361180798e-04,4.030757122349156162e-05,1.207858324587550355e-04,7.491513320085446367e-05,2.171606569100015212e-06,-2.877341581473499385e-06,-1.659444205410904043e-06,4.551537688618907370e-06,2.700233509076094359e-08
1.522954351327573182e-04,3.949950105280462305e-05,1.183764991849105633e-04,7.341843700065150676e-05,2.129126300417571764e-06,-2.820645259043095874e-06,-1.626199498339173878e-06,4.461596622161350893e-06,2.700226767308047915e-08
1.492594292082502147e-04,3.870758691503721466e-05,1.160153469005686749e-04,7.195166922271870708e-05,2.087495626862024941e-06,-2.765082793461873251e-06,-1.593619903220851312e-06,4.373454525026484000e-06,2.700220011021282691e-08
1.462841377230589745e-04,3.793150578975614700e-05,1.137014121056270768e-04,7.051423140718792273e-05,2.046697557324592510e-06,-2.710631511745132762e-06,-1.561692107955688928e-06,4.287075410886328027e-06,2.700213269435380424e-08
1.433683464418603884e-04,3.717094111808482148e-05,1.114337505181867171e-04,6.910553704175849952e-05,2.006715439267855519e-06,-2.657269195285150375e-06,-1.530403065747422501e-06,4.202424014873094313e-06,2.700206519454799315e-08
1.405108655607907066e-04,3.642558269736749380e-05,1.092114368520929199e-04,6.772501140606496876e-05,1.967532954394494701e-06,-2.604974067353271709e-06,-1.499739992766810912e-06,4.119465777413403703e-06,2.700199771994327836e-08
1.377105289209564116e-04,3.569512648629330503e-05,1.070335642084427596e-04,6.637209119880681479e-05,1.929134109622783350e-06,-2.553724791510965467e-06,-1.469690359995271289e-06,4.038166832095415407e-06,2.700193028614788967e-08
1.349661937523896019e-04,3.497927455566236956e-05,1.048992438816885662e-04,6.504622442636381863e-05,1.891503232230263671e-06,-2.503500449107821449e-06,-1.440241890383025875e-06,3.958493983011851018e-06,2.700186282110049909e-08
1.322767401390586217e-04,3.427773491241433470e-05,1.028076049326148716e-04,6.374687011885811863e-05,1.854624963221781201e-06,-2.454280546181814669e-06,-1.411382552135461502e-06,3.880414705012698319e-06,2.700179539704669404e-08
1.296410705580800773e-04,3.359022139922034300e-05,1.007577938359297416e-04,6.247349812137071266e-05,1.818484250661972633e-06,-2.406044998604053383e-06,-1.383100554753847294e-06,3.803897123070927106e-06,2.700172789450407649e-08
1.270581094163509683e-04,3.291645359438911494e-05,9.874897412615824747e-05,6.122558888458196449e-05,1.783066343402970115e-06,-2.358774122271328491e-06,-1.355384343485381254e-06,3.728909998966683176e-06,2.700166040196936496e-08
1.245268026409819919e-04,3.225615668429698374e-05,9.678032607284341399e-05,6.000263325243560908e-05,1.748356784971373361e-06,-2.312448622839472822e-06,-1.328222595729362238e-06,3.655422715104162289e-06,2.700159291958316032e-08
1.220461172745614982e-04,3.160906134556721832e-05,9.485104636213500075e-05,5.880413225799349214e-05,1.714341409239519119e-06,-2.267049600764942742e-06,-1.301604215399821890e-06,3.583405275798126155e-06,2.700152536901274895e-08
1.196150409281258371e-04,3.097490362212068388e-05,9.296034767725365000e-05,5.762959687299308781e-05,1.681006331673696199e-06,-2.222558525073111557e-06,-1.275518327797284792e-06,3.512828276055647666e-06,2.700145800051899806e-08
1.172325815696785692e-04,3.035342486910409029e-05,9.110745853377985473e-05,5.647854790500301479e-05,1.648337947285283733e-06,-2.178957241993734840e-06,-1.249954277511651466e-06,3.443662905944839593e-06,2.700139056035392160e-08
-3.634225615108589973e-03,-9.032311784090475172e-04,-2.812946779721987259e-03,-1.724510013795660856e-03,-5.062658165750936134e-05,8.603773689959638357e-04,3.583580907648613117e-06,-8.639461985540082892e-04,2.700132307455806855e-08
-2.567494632732184728e-02,-6.388113151112548641e-03,-1.987491922026728836e-02,-1.218814025816701216e-02,-3.577571569493495098e-04,5.930613866024427895e-03,3.187112932785541165e-05,-5.962470244039426784e-03,2.700125563399433736e-08
-6.850416132968160932e-02,-1.704594679357071887e-02,-5.302940787000855888e-02,-3.252070025324381441e-02,-9.545746917809643526e-04,1.578511484943598275e-02,8.678548791753626541e-05,-1.587188558607832700e-02,2.700118806944240312e-08
-1.307569514471032535e-01,-3.253591157678323298e-02,-1.012194652274454737e-01,-6.207339779644051314e-02,-1.822080933559833615e-03,3.011645329522262896e-02,1.664497856469881586e-04,-3.028288832963124330e-02,2.700112058548572329e-08
-2.110507107681352523e-01,-5.251134548709542743e-02,-1.633740192135032521e-01,-1.001880370417272820e-01,-2.941057886133828601e-03,4.862133739368057483e-02,2.688079263302623097e-04,-4.889013056880896213e-02,2.700105307127622943e-08
-3.079717849163415289e-01,-7.661601200287383728e-02,-2.383974070316256244e-01,-1.461903898875899499e-01,-4.291889185808895300e-03,7.099995005924553126e-02,3.915554372503991104e-04,-7.139149074533090999e-02,2.700098556497581307e-08
-4.200664389179543656e-01,-1.044816000771274789e-01,-3.251623074032068961e-01,-1.993857315918741158e-01,-5.854438922818068491e-03,9.695552319004158148e-02,5.320818604565217928e-04,-9.748759029937012488e-02,2.700091815581042194e-08
-5.458357822967180306e-01,-1.357263607574142050e-01,-4.225057818093901352e-01,-2.590563612447412956e-01,-7.607982788101490430e-03,1.261941350467045697e-01,6.874187769500541764e-04,-1.268815390725634429e-01,2.700085071200531735e-08
-6.837342896104188217e-01,-1.699547856618340569e-01,-5.292281432484982062e-01,-3.244609320237556438e-01,-9.531186592145494615e-03,1.584247186125768980e-01,8.541879331598577207e-04,-1.592788917946816596e-01,2.700078320715599747e-08
-8.321715554780858559e-01,-2.067582303708144775e-01,-6.440943709526019134e-01,-3.948354148962986421e-01,-1.160212725817148620e-02,1.933592670268601821e-01,1.028544615850378666e-03,-1.943877968916918053e-01,2.700071571655853632e-08
-9.895169173641693572e-01,-2.457163810992200603e-01,-7.658377840511157997e-01,-4.693955144122735623e-01,-1.379835137178167005e-02,2.307132195845034706e-01,1.206112266114396647e-03,-2.319193170996364239e-01,2.700064845241501267e-08
-1.154106569768422963e+00,-2.863994568860634971e-01,-8.931656786013011384e-01,-5.473403480531866538e-01,-1.609696630442974605e-02,2.702060087572628055e-01,1.381905251574777616e-03,-2.715878992578929507e-01,2.700058099232614304e-08
-1.324252782956426566e+00,-3.283710331005070260e-01,-1.024766623117334241e+00,-6.278571929396000728e-01,-1.847475885246758348e-02,3.115617455592864515e-01,1.550237691356986733e-03,-3.131119684997357155e-01,2.700051349058464991e-08
-1.498254830409985638e+00,-3.711913662826336058e-01,-1.159319099728846725e+00,-7.101270969637706321e-01,-2.090833627463438774e-02,3.545100176529969449e-01,1.704617248097143808e-03,-3.562146201502222054e-01,2.700044552952485701e-08
-1.674411224121628905e+00,-4.144210961111082225e-01,-1.295501173293969410e+00,-7.933311469387707149e-01,-2.337428459545248804e-02,3.987867721264689580e-01,1.837623892481946020e-03,-4.006243812681163918e-01,2.700037847943591621e-08
-1.851032857560791722e+00,-4.576251983389092448e-01,-1.432000870697114348e+00,-8.766571852025888401e-01,-2.584933909127308527e-02,4.441352530423404721e-01,1.940774855992314502e-03,-4.460760131475346446e-01,2.700031051292854672e-08
-2.026456663916769152e+00,-5.003770633792119504e-01,-1.567526958253237179e+00,-9.593067690427421468e-01,-2.831056200434225317e-02,4.903069628016624160e-01,2.004378372683888326e-03,-4.923113264235851050e-01,2.700024321631184783e-08
-2.199059412911816835e+00,-5.422625791724109412e-01,-1.700819817298210967e+00,-1.040502174786022360e+00,-3.073552274810781651e-02,5.370626161367499929e-01,2.017380429848860540e-03,-5.390799818158746870e-01,2.700017549738267639e-08
-2.367271293224238349e+00,-5.828841040952901231e-01,-1.830662136794495076e+00,-1.119493260525027178e+00,-3.310247617516774016e-02,5.841730561325619853e-01,1.967210649385639498e-03,-5.861402520312608555e-01,2.700010840948501047e-08
-2.529588958993089776e+00,-6.218642258349618146e-01,-1.955889166816698443e+00,-1.195564018011348040e+00,-3.539053487391700947e-02,6.314201030280224280e-01,1.839635635677360631e-03,-6.332597239130498545e-01,2.700004061824688957e-08
-2.684587756996121399e+00,-6.588492149814465515e-01,-2.075398307296326461e+00,-1.268038664681235828e+00,-3.757983192902297764e-02,6.785973085455808684e-01,1.618630649179119557e-03,-6.802159244441460251e-01,2.699997398929926921e-08
-2.830932894560761248e+00,-6.935120970705271892e-01,-2.188157841305998996e+00,-1.336287150325295769e+00,-3.965167110945423679e-02,7.255105910169458161e-01,1.286283250202243517e-03,-7.267968595165723578e-01,2.699990598194190612e-08
-2.967389355427141773e+00,-7.255552833032591353e-01,-2.293214660100402202e+00,-1.399729978629991933e+00,-4.158866201658393408e-02,7.719787294635829245e-01,8.227455003522732291e-04,-7.728014602133954636e-01,2.699983867978879475e-08
-3.092830419582699442e+00,-7.547127174121910365e-01,-2.389700866442515892e+00,-1.457842270552371922e+00,-4.337483831036200582e-02,8.178336979366309656e-01,2.062542298275557573e-04,-8.180399374159539327e-01,2.699977141647954230e-08
-3.206244691955148607e+00,-7.807515134937570433e-01,-2.476839182132003714e+00,-1.510157023316915037e+00,-4.499575771622048997e-02,8.629208247215418570e-01,-5.867584759986915754e-04,-8.623340514950759150e-01,2.699970396074299596e-08
-3.306741591580756978e+00,-8.034730762854536135e-01,-2.553947123340388980e+00,-1.556267544525821167e+00,-4.643858307322044909e-02,9.070987644423363916e-01,-1.581440398337852216e-03,-9.055173092935695500e-01,2.699963549306153442e-08
-3.393555296363304663e+00,-8.227137108436629598e-01,-2.620439942429122038e+00,-1.595829064777851913e+00,-4.769214420377453773e-02,9.502392746750046859e-01,-2.804154773430496406e-03,-9.474351051511815669e-01,2.699956815421023092e-08
-3.466047177129426782e+00,-8.383447422762020373e-01,-2.675832366030935106e+00,-1.628559553374686608e+00,-4.874698084711893975e-02,9.922267925085749285e-01,-4.281951790609597741e-03,-9.879448259676080202e-01,2.699950134306166454e-08
-3.523706787809063101e+00,-8.502721778303879985e-01,-2.719739185840355233e+00,-1.654239779799099752e+00,-4.959536729699671326e-02,1.032957810711199631e+00,-6.041854116863448754e-03,-1.026915941844018798e+00,2.699943356508846671e-08
-3.566151505526679255e+00,-8.584359529657861199e-01,-2.751874780213755756e+00,-1.672712678278696963e+00,-5.023131971117987538e-02,1.072340057976050032e+00,-8.109939863217875688e-03,-1.064230103362550750e+00,2.699936590782190749e-08
-3.593124935120693308e+00,-8.628088100027169194e-01,-2.772051661271178524e+00,-1.683882083852243472e+00,-5.065058731580139584e-02,1.110291493317752121e+00,-1.051021479062230757e-02,-1.099781263776884677e+00,2.699929928948437403e-08
-3.604494207209076428e+00,-8.633948625541709720e-01,-2.780178153789321094e+00,-1.687710915973923864e+00,-5.085062891276054264e-02,1.146739131230705810e+00,-1.326327732586922437e-02,-1.133475839154628240e+00,2.699923017080887859e-08
-3.600246307909976906e+00,-8.602279013939029273e-01,-2.776255319198531968e+00,-1.684218890105355193e+00,-5.083057621980507229e-02,1.181617721773233320e+00,-1.638479517758265058e-02,-1.165232911845478947e+00,2.699916424489206311e-08
-3.580483582061776637e+00,-8.533694978410117926e-01,-2.760373240736173628e+00,-1.673479839166619465e+00,-5.059118563440691274e-02,1.214868318225343025e+00,-1.988383072044492411e-02,-1.194984472754763383e+00,2.699909593195013395e-08
-3.545418551185404610e+00,-8.429069594783070718e-01,-2.732706785009541672e+00,-1.655618725654169898e+00,-5.013478002461262822e-02,1.246436774135247338e+00,-2.376107312927028259e-02,-1.222675686255879413e+00,2.699902932671178635e-08
-3.495368182892480746e+00,-8.289511902639413732e-01,-2.693510951216899318e+00,-1.630808421939519137e+00,-4.946518211721995240e-02,1.276272220917838762e+00,-2.800705727919792359e-02,-1.248265148888580978e+00,2.699896067091568592e-08
-3.430747740668282475e+00,-8.116345031436927870e-01,-2.643115912650773502e+00,-1.599266331161202537e+00,-4.858764098255980574e-02,1.304325585993561853e+00,-3.260047096099120273e-02,-1.271725100282544263e+00,2.699889419332089552e-08
-3.352064332478582376e+00,-7.911084283611722334e-01,-2.581921846302457357e+00,-1.561250914537295698e+00,-4.750875301191778005e-02,1.330548218814686656e+00,-3.750667080899006134e-02,-1.293041533255708142e+00,2.699882514267625745e-08
-3.259910263709311362e+00,-7.675415549789498249e-01,-2.510393635628624942e+00,-1.517058183059633913e+00,-4.623637864897745670e-02,1.354890696927696370e+00,-4.267654098355980197e-02,-1.312214141194185668e+00,2.699875858553237442e-08
-3.154956285078014400e+00,-7.411174368888469033e-01,-2.429055519267788288e+00,-1.467018202699076790e+00,-4.477955597654201952e-02,1.377301885311618790e+00,-4.804583444295720818e-02,-1.329256036118750206e+00,2.699869080746035167e-08
-3.037944809454840467e+00,-7.120325879363209598e-01,-2.338485744814716050e+00,-1.411491652576450484e+00,-4.314841207328354994e-02,1.397728318528334235e+00,-5.353513208612716012e-02,-1.344193171692330102e+00,2.699862341170052418e-08
-2.909683153730637795e+00,-6.804945839491839399e-01,-2.239311272258502683e+00,-1.350866465421326490e+00,-4.135407285197342103e-02,1.416113965866251156e+00,-5.905053815148447738e-02,-1.357063412964927718e+00,2.699855681630008707e-08
-2.771036843184046639e+00,-6.467202825722414561e-01,-2.132202556551733519e+00,-1.285554569204551356e+00,-3.940857187168586573e-02,1.432400424198974065e+00,-6.448519989002965414e-02,-1.367915209559141365e+00,2.699848916390141295e-08
-2.622922997498045472e+00,-6.109341651968268616e-01,-2.017868423992115634e+00,-1.215988738702759475e+00,-3.732475839969610215e-02,1.446527561821112862e+00,-6.972169578203318840e-02,-1.376805851289312876e+00,2.699842085700299438e-08
-2.466303800435381444e+00,-5.733667991491592231e-01,-1.897051043269379900e+00,-1.142619556315170426e+00,-3.511620479440263204e-02,1.458434609841160468e+00,-7.463528101889857491e-02,-1.383799314072533981e+00,2.699835362593818190e-08
-2.302180040679662643e+00,-5.342534130133125281e-01,-1.770520980299052471e+00,-1.065912473393923809e+00,-3.279711310968080190e-02,1.468061667324236375e+00,-7.909791483674513679e-02,-1.388963737737799242e+00,2.699828601144553250e-08
-2.131584700835369439e+00,-4.938325738211937210e-01,-1.639072317366461640e+00,-9.863449572901017426e-01,-3.038222070288251059e-02,1.475351554498733675e+00,-8.298292635451440247e-02,-1.392368613394563415e+00,2.699821851527444897e-08
-1.955576566162715579e+00,-4.523449520792320877e-01,-1.503517812485442473e+00,-9.044037057565053050e-01,-2.788670457946344772e-02,1.480251917756028490e+00,-8.617010991526387331e-02,-1.394081793091145993e+00,2.699815137335070888e-08
-1.775233825100749563e+00,-4.100321593922839902e-01,-1.364684074846610251e+00,-8.205819096464264106e-01,-2.532608423851845370e-02,1.482717463965057769e+00,-8.855098439644486230e-02,-1.394166464819030837e+00,2.699808351563094394e-08
-1.591647640039966838e+00,-3.671356437748145574e-01,-1.223406736809773410e+00,-7.353765470050079855e-01,-2.271612289622415570e-02,1.482712182900244757e+00,-9.003391040473736340e-02,-1.392678257745962211e+00,2.699801556276728670e-08
-1.405915678262325663e+00,-3.238956294036301475e-01,-1.080525611407102016e+00,-6.492856962588544611e-01,-2.007272714591121221e-02,1.480211407986717465e+00,-9.054874070607546455e-02,-1.389662652531133968e+00,2.699794852896539980e-08
-1.219135607950236455e+00,-2.805500902203537095e-01,-9.368798355993099847e-01,-5.628058625712784035e-01,-1.741184534216720647e-02,1.475203568992205394e+00,-9.005068689558182182e-02,-1.385152867347151817e+00,2.699788086844607524e-08
-1.032398580024534773e+00,-2.373337498480789787e-01,-7.933030115357424528e-01,-4.764293183368719653e-01,-1.474936523388038767e-02,1.467691506431931137e+00,-8.852312087015221098e-02,-1.379168370812344335e+00,2.699781367436692661e-08
-8.467827309626549948e-01,-1.944771032336949368e-01,-6.506183690188129809e-01,-3.906414651775369506e-01,-1.210101158347200168e-02,1.457693245661333847e+00,-8.597909176343411508e-02,-1.371714139148502376e+00,2.699774582792704981e-08
-6.633467518358493464e-01,-1.522054576526217229e-01,-5.096339800965767886e-01,-3.059182293918962792e-01,-9.482244655360086427e-03,1.445242166845392751e+00,-8.246142311167609096e-02,-1.362780728984356315e+00,2.699767853490672708e-08
-4.831235729098972698e-01,-1.107379918525348561e-01,-3.711380599208204956e-01,-2.227235048416114083e-01,-6.908160511770733425e-03,1.430386551901831949e+00,-7.804135382170614144e-02,-1.352345183330802003e+00,2.699761082656874974e-08
-3.071142105332125283e-01,-7.028683201502894384e-02,-2.358943861463256297e-01,-1.415066564019142881e-01,-4.393394007181611327e-03,1.413188536929125938e+00,-7.281579070780001828e-02,-1.340372731472038836e+00,2.699754371916297205e-08
-1.362818141057662302e-01,-3.105614196579797870e-02,-1.046378625265838025e-01,-6.270009354498240484e-02,-1.952025230174889159e-03,1.393722543961640969e+00,-6.690333980308890705e-02,-1.326819189409301769e+00,2.699747601280562244e-08
2.845406235046077370e-02,6.758776907827446223e-03,2.192975751293069209e-02,1.328308174535752784e-02,4.025100681671611724e-04,1.372073304754548362e+00,-6.043936865069016173e-02,-1.311633921354645516e+00,2.699740848015498386e-08
1.862229545947196030e-01,4.297238273416814636e-02,1.431439827488931726e-01,8.605135457999590898e-02,2.657505760145409401e-03,1.348333618023359382e+00,-5.357041433673018216e-02,-1.294763188937452458e+00,2.699734131149275619e-08
3.362087529138921838e-01,7.740979561799288255e-02,2.583815370598716576e-01,1.552370114720131866e-01,4.801066267052428449e-03,1.322601997672132601e+00,-4.644828680505350138e-02,-1.276153696117938940e+00,2.699727364233884394e-08
4.776547512773321458e-01,1.099077144972835374e-01,3.670641658974131971e-01,2.204982998772013758e-01,6.822183218233801583e-03,1.294980371969289390e+00,-3.922422186480484241e-02,-1.255756135355381220e+00,2.699720625033319220e-08
6.098684984483160321e-01,1.403153565352017740e-01,4.686623110471370701e-01,2.815215439363778493e-01,8.710808018154839183e-03,1.265571982818477492e+00,-3.204341444103350756e-02,-1.233528553628377544e+00,2.699713889766163957e-08
7.322264651111431988e-01,1.684954246750023366e-01,5.626986652034204894e-01,3.380232245827254900e-01,1.045792047788184076e-02,1.234479611983183567e+00,-2.504021411583773338e-02,-1.209439383118317890e+00,2.699707079070662206e-08
8.441785305004199103e-01,1.943251048390508551e-01,6.487516092410752222e-01,3.897520260983946550e-01,1.205559354818221129e-02,1.201804230177775601e+00,-1.833419818703921345e-02,-1.183470017241744054e+00,2.699700329739375195e-08
9.452522761820212338e-01,2.176970888992135755e-01,7.264585223830795080e-01,4.364908426981517486e-01,1.349705399696226465e-02,1.167644128770824574e+00,-1.202725991033179453e-02,-1.155616854111536362e+00,2.699693619783662126e-08
1.035057055129836812e+00,2.385206133656223582e-01,7.955189399650492987e-01,4.780587285304112033e-01,1.477673862658115261e-02,1.132094556100060379e+00,-6.201769205658486106e-03,-1.125892772145483001e+00,2.699686851957585743e-08
1.113287783869994385e+00,2.567224973867781035e-01,8.556975173405021451e-01,5.143127639162687892e-01,1.589034536652003671e-02,1.095247844479611654e+00,-9.197871905454457764e-04,-1.094328042540184009e+00,2.699680096497485964e-08
1.179728386337817181e+00,2.722481576378809054e-01,9.068267432871910394e-01,5.451498006885060477e-01,1.683487833364059882e-02,1.057193982751297723e+00,3.776749544740026776e-03,-1.060970717547193631e+00,2.699673345266848668e-08
1.234254802353993874e+00,2.850625725162120316e-01,9.488093337176852771e-01,5.705080411525205175e-01,1.760868575604269959e-02,1.018021564749514773e+00,7.865009768151104419e-03,-1.025886559768858008e+00,2.699666622266325616e-08
1.276837462473750406e+00,2.951511640885996490e-01,9.816202275038059533e-01,5.903683990585437691e-01,1.821148952328567605e-02,9.778190274773934654e-01,1.133958221827602308e-02,-9.891585949468976180e-01,2.699659897821711313e-08
1.307543125303523901e+00,3.025205637093658639e-01,1.005308101507090157e+00,6.047555875057937236e-01,1.864440506768498540e-02,9.366760843972032902e-01,1.421030924471533563e-02,-9.508863788931840588e-01,2.699653103992576438e-08
1.326535973365920551e+00,3.071992262470124579e-01,1.019996321603304335e+00,6.137388780096322272e-01,1.890995029927342724e-02,8.946852585011044745e-01,1.649982537490182755e-02,-9.111850691273081226e-01,2.699646338736153172e-08
1.334077868852244997e+00,3.092378583987456242e-01,1.025883250328546215e+00,6.174324769224452947e-01,1.901204240457320810e-02,8.519434256133047167e-01,1.824097401951049746e-02,-8.701843848841542828e-01,2.699639618360063769e-08
1.330527680843091698e+00,3.087096286271853174e-01,1.023241839554365207e+00,6.159954699159058134e-01,1.895598147115408472e-02,8.085532891775484288e-01,1.947425287777421188e-02,-8.280275273066992625e-01,2.699632829141569771e-08
1.316339610021667106e+00,3.057101296861715056e-01,1.012418447731602722e+00,6.096312919762343352e-01,1.874842010426264194e-02,7.646247219185746680e-01,2.024540963327897680e-02,-7.848701168032652387e-01,2.699626140494933224e-08
1.292060454988924079e+00,3.003570694115992312e-01,9.938308353050238075e-01,5.985866890955020558e-01,1.839731844989413168e-02,7.202759255982356112e-01,2.060327776202146299e-02,-7.408791886117066516e-01,2.699619382315998635e-08
1.258325785512750539e+00,2.927896713308510979e-01,9.679653085092101428e-01,5.831501483343881631e-01,1.791188432341688647e-02,6.756343761640728474e-01,2.059791076463669823e-02,-6.962322721801976755e-01,2.699612636091611270e-08
1.215855011868420377e+00,2.831677735521068162e-01,9.353730004935534303e-01,5.636497849269735960e-01,1.730249845662073030e-02,6.308375367840457493e-01,2.027904426136850624e-02,-6.511165662969379264e-01,2.699605883940680287e-08
1.165445365365312735e+00,2.716706221795401888e-01,8.966652992029942038e-01,5.404506883418569441e-01,1.658062521289792313e-02,5.860333347406359028e-01,1.969489077298947066e-02,-6.057282107651870140e-01,2.699599121037664611e-08
1.107964832961099155e+00,2.584953640462392954e-01,8.525084534553644122e-01,5.139517435519673771e-01,1.575870947749652765e-02,5.413804094758797314e-01,1.889125253418029449e-02,-5.602716472616572352e-01,2.699592352441239226e-08
1.044344117745886313e+00,2.438552525961609763e-01,8.036174115703886844e-01,4.845819587716555521e-01,1.485006079794240486e-02,4.970481480374320249e-01,1.791092356106377403e-02,-5.149590568501304366e-01,2.699585593300835222e-08
9.755677268696023585e-01,2.279775901417894768e-01,7.507489705629140087e-01,4.527963464484792144e-01,1.386872622802143989e-02,4.532165308364305423e-01,1.679334315289533752e-02,-4.700098592409974740e-01,2.699578876011350423e-08
9.026643181636924140e-01,2.111014391256060274e-01,6.946943374930882875e-01,4.190714197962130960e-01,1.282935370492443647e-02,4.100758151793360562e-01,1.557445840280783506e-02,-4.256502588338521020e-01,2.699572103630391093e-08
8.266964659118363201e-01,1.934751442189584503e-01,6.362712277558972840e-01,3.839003823748982080e-01,1.174704816009722666e-02,3.678260867901010922e-01,1.428675231477891799e-02,-3.821128243566260241e-01,2.699565351433745147e-08
7.487500340123858233e-01,1.753537157623223652e-01,5.763156471313372053e-01,3.477881026433701783e-01,1.063722291902213270e-02,3.266767107720979224e-01,1.295939588497379419e-02,-3.396360919088542429e-01,2.699558620610187591e-08
6.699233705219017621e-01,1.569961329311971021e-01,5.156735247903029284e-01,3.112459786627934655e-01,9.515449276593975630e-03,2.868457135324215534e-01,1.161848616724348721e-02,-2.984641849514843015e-01,2.699551869496324375e-08
5.913165606214835224e-01,1.386626318535779112e-01,4.551923826286791153e-01,2.747868098463813746e-01,8.397307435472725276e-03,2.485591263038116061e-01,1.028733717959988414e-02,-2.588464487352670762e-01,2.699545117678277671e-08
5.140209948906512283e-01,1.206120495152245009e-01,3.957132418649823569e-01,2.389198025408930115e-01,7.298242258836485155e-03,2.120503193141998755e-01,8.986795933769629874e-03,-2.210371004998622213e-01,2.699538367499478610e-08
4.391095261405796313e-01,1.030992985600330258e-01,3.380629805664783771e-01,2.041458441341345575e-01,6.233427513355810703e-03,1.775593535105662313e-01,7.735561459665789980e-03,-1.852949002221612740e-01,2.699531613922793316e-08
3.676275007198507305e-01,8.637305095969120827e-02,2.830473654845186426e-01,1.709531861950250864e-01,5.217642459898450685e-03,1.453323741640492883e-01,6.550490160745582602e-03,-1.518828495767607922e-01,2.699524863018427817e-08
3.005849595046903855e-01,7.067371009018411088e-02,2.314449885524816342e-01,1.398136810423925014e-01,4.265164792990553538e-03,1.156210677767224027e-01,5.446876018418898152e-03,-1.210679290471444319e-01,2.699518125315339470e-08
2.389503100003931291e-01,5.623175113597897457e-02,1.840023428607745204e-01,1.111797182755978053e-01,3.389684038225919405e-03,8.868220055414981207e-02,4.438698984324983970e-03,-9.312088479051404410e-02,2.699511360622757913e-08
1.836457748002193746e-01,4.326650919603503703e-02,1.414302754298142617e-01,8.548200856643969892e-02,2.604239597825364246e-03,6.477725338904789798e-02,3.538839339723496950e-03,-6.831607798084833594e-02,2.699504623208803932e-08
1.355449240560402668e-01,3.198549333789804661e-02,1.044020554466842943e-01,6.312836194725386652e-02,1.921187700136545509e-03,4.417216494984868569e-02,2.759259865100019415e-03,-4.693141006706254281e-02,2.699497861115726454e-08
9.547260152226325070e-02,2.258430349185157338e-02,7.355329755749212550e-02,4.450360745662255979e-02,1.352201569372378596e-03,2.713719119965013471e-02,2.111161335136705567e-03,-2.924833778693727154e-02,2.699491115708945913e-08
6.420755658919212461e-02,1.524722599640300144e-02,4.948398147869628727e-02,2.997080110689874510e-02,9.083092048936781352e-04,1.394688670294202786e-02,1.605120093367652613e-03,-1.555199204849678184e-02,2.699484365334948109e-08
4.248809963880383761e-02,1.014858323067783889e-02,3.276281251586392329e-02,1.987387035361780699e-02,5.999732575175211521e-04,4.880210606825411378e-03,1.251219152676591017e-03,-6.131415011726095224e-03,2.699477616942122981e-08
3.102110663001423144e-02,7.454913653760475087e-03,2.393417383997467271e-02,1.454184644379999565e-02,4.372176329933067491e-04,2.207585289753836132e-04,1.059186234064474121e-03,-1.279930015300723882e-03,2.699470864686193992e-08
