1.022265802540127222e+00,4.744352100589660504e-01,-2.739152962405806413e-01,-6.256880521842088372e-02,-3.575684931157433466e-01,-3.886739998996763812e-01
1.001756136114626550e+00,4.649419320092010310e-01,-2.685754070513682867e-01,-6.171387288397422316e-02,-3.501958095318841724e-01,-3.803625320624661188e-01
9.816610027478602785e-01,4.556376861364284103e-01,-2.633354207078743570e-01,-6.081067785141132387e-02,-3.430620238704770730e-01,-3.723545005031140276e-01
9.619718314324484654e-01,4.465188149822824082e-01,-2.581937425674387110e-01,-5.988178117572604681e-02,-3.361278380962468559e-01,-3.646003065308587310e-01
9.426802807028797915e-01,4.375816863467948403e-01,-2.531487132509093185e-01,-5.894135391737129887e-02,-3.293687871904095732e-01,-3.570666625525731330e-01
9.237781519672219055e-01,4.288227560409198502e-01,-2.481987458770828492e-01,-5.799782326235694563e-02,-3.227691551951994420e-01,-3.497314912756500638e-01
9.052574299047549955e-01,4.202385353867185147e-01,-2.433422545343090215e-01,-5.705629710085788342e-02,-3.163180876572330158e-01,-3.425792907767521434e-01
8.871102702598987477e-01,4.118255977227279208e-01,-2.385776689753938418e-01,-5.611995774911615609e-02,-3.100075497804801739e-01,-3.355984716830150982e-01
8.693289964825162697e-01,4.035805780777378393e-01,-2.339034347490979437e-01,-5.519082639483084002e-02,-3.038312404692088964e-01,-3.287798911010028080e-01
8.519060963113278540e-01,3.955001727163583447e-01,-2.293180133950569466e-01,-5.427019828751569047e-02,-2.977839847879701352e-01,-3.221160157897497989e-01
8.348342183265394789e-01,3.875811385813682786e-01,-2.248198826827087216e-01,-5.335890176784324757e-02,-2.918613760700435877e-01,-3.156004233605553821e-01
8.181061684936389300e-01,3.798202926535922397e-01,-2.204075368780289146e-01,-5.245745921340180806e-02,-2.860595549692606654e-01,-3.092274923534385489e-01
8.017149067166361442e-01,3.722145112464505523e-01,-2.160794870247306487e-01,-5.156619090708366299e-02,-2.803750673096890855e-01,-3.029922024060112129e-01
7.856535434157598807e-01,3.647607292493236231e-01,-2.118342612291068128e-01,-5.068528421420297192e-02,-2.748047692548674092e-01,-2.968900011624076574e-01
7.699153361418148434e-01,3.574559393313662681e-01,-2.076704049398749030e-01,-4.981484076998980021e-02,-2.693457619693018779e-01,-2.909167130555952996e-01
7.544936862369652220e-01,3.502971911153123785e-01,-2.035864812162636317e-01,-4.895490915158262624e-02,-2.639953452561594749e-01,-2.850684751250471827e-01
7.393821355496221770e-01,3.432815903290975523e-01,-1.995810709791719650e-01,-4.810550758985773778e-02,-2.587509837390827294e-01,-2.793416906851056147e-01
7.245743632093492037e-01,3.364062979416945764e-01,-1.956527732415760668e-01,-4.726663959998482489e-02,-2.536102815275864675e-01,-2.737329949663021567e-01
7.100641824662041746e-01,3.296685292883893004e-01,-1.918002053154780062e-01,-4.643830442501339917e-02,-2.485709627329277804e-01,-2.682392288579138473e-01
6.958455375976956292e-01,3.230655531897607124e-01,-1.880220029936111037e-01,-4.562050359835298496e-02,-2.436308560896902620e-01,-2.628574181424569445e-01
6.819125008854878267e-01,3.165946910678398285e-01,-1.843168207048735407e-01,-4.481324457345345347e-02,-2.387878825084515655e-01,-2.575847564378211385e-01
6.682592696631333151e-01,3.102533160622795161e-01,-1.806833316430679626e-01,-4.401654214656280928e-02,-2.340400447609440326e-01,-2.524185906224439835e-01
6.548801634354167733e-01,3.040388521488309737e-01,-1.771202278690117149e-01,-4.323041825406106348e-02,-2.293854187527847310e-01,-2.473564079118844017e-01
6.417696210693187853e-01,2.979487732620037521e-01,-1.736262203864611942e-01,-4.245490062501566797e-02,-2.248221460126463567e-01,-2.423958240384637419e-01
6.289221980561539027e-01,2.919806024234191111e-01,-1.702000391925858058e-01,-4.169002069168062374e-02,-2.203484271465892264e-01,-2.375345721927709930e-01
6.163325638440786403e-01,2.861319108770911113e-01,-1.668404333039497089e-01,-4.093581109386078970e-02,-2.159625160885276507e-01,-2.327704925368321576e-01
6.039954992398739453e-01,2.804003172326265947e-01,-1.635461707591148173e-01,-4.019230305146353349e-02,-2.116627150332432428e-01,-2.281015222062772185e-01
5.919058938786888602e-01,2.747834866171491308e-01,-1.603160385990916315e-01,-3.945952382087894450e-02,-2.074473699744342481e-01,-2.235256857915324247e-01
5.800587437602806595e-01,2.692791298365889152e-01,-1.571488428269322002e-01,-3.873749439510319748e-02,-2.033148667924397635e-01,-2.190410863326404112e-01
5.684491488501470791e-01,2.638850025468547078e-01,-1.540434083477968952e-01,-3.802622755585669673e-02,-1.992636278486214496e-01,-2.146458968844968673e-01
5.570723107438826371e-01,2.585989044353050326e-01,-1.509985788908397297e-01,-3.732572633985703492e-02,-1.952921090491198386e-01,-2.103383527143177500e-01
5.459235303930292105e-01,2.534186784128345526e-01,-1.480132169142451826e-01,-3.663598294217411400e-02,-1.913987973423198485e-01,-2.061167441858463845e-01
5.349982058906648241e-01,2.483422098168340253e-01,-1.450862034947275336e-01,-3.595697804808056786e-02,-1.875822086137372557e-01,-2.019794103695085330e-01
5.242918303149720627e-01,2.433674256252164880e-01,-1.422164382027648333e-01,-3.528868056120781221e-02,-1.838408859405688267e-01,-1.979247333981655199e-01
5.137999896290275093e-01,2.384922936816539496e-01,-1.394028389647961053e-01,-3.463104767985147880e-02,-1.801733981667602014e-01,-1.939511335673674564e-01
5.035183606350774888e-01,2.337148219321311116e-01,-1.366443419135572879e-01,-3.398402526410599506e-02,-1.765783387587184783e-01,-1.900570651593254112e-01
4.934427089815969225e-01,2.290330576728839551e-01,-1.339399012276760725e-01,-3.334754843309838818e-02,-1.730543249020038143e-01,-1.862410129528114244e-01
4.835688872214611300e-01,2.244450868097677687e-01,-1.312884889615868467e-01,-3.272154233267138279e-02,-1.695999968005476310e-01,-1.825014893677471828e-01
4.738928329196021028e-01,2.199490331290671341e-01,-1.286890948667674117e-01,-3.210592301822132177e-02,-1.662140171420713741e-01,-1.788370321836945109e-01
4.644105668085749539e-01,2.155430575797534498e-01,-1.261407262052412215e-01,-3.150059840384863974e-02,-1.628950706962490613e-01,-1.752462027657921417e-01
4.551181909904937206e-01,2.112253575671608763e-01,-1.236424075562238684e-01,-3.090546923657803979e-02,-1.596418640155420066e-01,-1.717275847294657265e-01
4.460118871838634202e-01,2.069941662580521979e-01,-1.211931806167439868e-01,-3.032043006233252000e-02,-1.564531252123310956e-01,-1.682797829760070696e-01
4.370879150138731739e-01,2.028477518970199234e-01,-1.187921039970008807e-01,-2.974537015803467577e-02,-1.533276037897585153e-01,-1.649014230341695753e-01
4.283426103447724453e-01,1.987844171341703881e-01,-1.164382530111794378e-01,-2.918017441125099129e-02,-1.502640705074011207e-01,-1.615911506476942483e-01
4.197723836530020125e-01,1.948024983640130881e-01,-1.141307194643799150e-01,-2.862472413496062670e-02,-1.472613172664113679e-01,-1.583476315545470359e-01
4.113737184398033597e-01,1.909003650754835246e-01,-1.118686114362788114e-01,-2.807889781019774766e-02,-1.443181570019651805e-01,-1.551695514101064932e-01
4.031431696820739208e-01,1.870764192130115189e-01,-1.096510530620864315e-01,-2.754257175349306488e-02,-1.414334235737149115e-01,-1.520556158131907698e-01
3.950773623202917806e-01,1.833290945485424039e-01,-1.074771843113234704e-01,-2.701562070926398842e-02,-1.386059716474179471e-01,-1.490045504003134069e-01
3.871729897823708022e-01,1.796568560644104529e-01,-1.053461607648968623e-01,-2.649791836968718589e-02,-1.358346765629996344e-01,-1.460151009796904209e-01
3.794268125423598814e-01,1.760581993469668149e-01,-1.032571533909179412e-01,-2.598933782622689370e-02,-1.331184341860437437e-01,-1.430860336821299095e-01
3.718356567129389445e-01,1.725316499908458590e-01,-1.012093483196668114e-01,-2.548975195805281216e-02,-1.304561607410857360e-01,-1.402161351109350862e-01
3.643964126707053275e-01,1.690757630137648682e-01,-9.920194661807467396e-02,-2.499903376313512837e-02,-1.278467926261754595e-01,-1.374042124772894558e-01
3.571060337132875850e-01,1.656891222817331588e-01,-9.723416406406269752e-02,-2.451705663800647986e-02,-1.252892862090063952e-01,-1.346490937113139219e-01
3.499615347473590266e-01,1.623703399445576845e-01,-9.530523092104807581e-02,-2.404369461209621486e-02,-1.227826176055070301e-01,-1.319496275420639630e-01
3.429599910066611912e-01,1.591180558815191437e-01,-9.341439171289797616e-02,-2.357882254227836732e-02,-1.203257824422177547e-01,-1.293046835422754781e-01
3.360985367991809469e-01,1.559309371570922476e-01,-9.156090499958796647e-02,-2.312231627287231195e-02,-1.179177956040393244e-01,-1.267131521356840984e-01
3.293743642826609253e-01,1.528076774865877729e-01,-8.974404315379938546e-02,-2.267405276587678223e-02,-1.155576909690984588e-01,-1.241739445663348346e-01
3.227847222676499261e-01,1.497469967115815925e-01,-8.796309213866368437e-02,-2.223391020571043389e-02,-1.132445211325320833e-01,-1.216859928305001476e-01
3.163269150473392854e-01,1.467476402850027006e-01,-8.621735128684622496e-02,-2.180176808223195303e-02,-1.109773571209841936e-01,-1.192482495727161390e-01
3.099983012534449078e-01,1.438083787657506440e-01,-8.450613308114147959e-02,-2.137750725533596463e-02,-1.087552880995505122e-01,-1.168596879480755385e-01
3.037962927374410205e-01,1.409280073227003605e-01,-8.282876293673138712e-02,-2.096101000395194855e-02,-1.065774210728120813e-01,-1.145193014533264358e-01
2.977183534764602513e-01,1.381053452479714394e-01,-8.118457898524908400e-02,-2.055216006187762443e-02,-1.044428805814843625e-01,-1.122261037295877312e-01
2.917619985032141039e-01,1.353392354793180041e-01,-7.957293186076902503e-02,-2.015084264249577400e-02,-1.023508083960773668e-01,-1.099791283395847030e-01
2.859247928592977273e-01,1.326285441315075142e-01,-7.799318448783444657e-02,-1.975694445410613315e-02,-1.003003632088289299e-01,-1.077774285223530165e-01
2.802043505712794036e-01,1.299721600365525143e-01,-7.644471187162064918e-02,-1.937035370732072964e-02,-9.829072032503821665e-02,-1.056200769282808899e-01
2.745983336489839499e-01,1.273689942926586049e-01,-7.492690089031860123e-02,-1.899096011573203624e-02,-9.632107135479514581e-02,-1.035061653372601614e-01
2.691044511054117572e-01,1.248179798217528558e-01,-7.343915008981692638e-02,-1.861865489086443615e-02,-9.439062390597592611e-02,-1.014348043625708934e-01
2.637204579977425745e-01,1.223180709354586421e-01,-7.198086948074618185e-02,-1.825333073225182678e-02,-9.249860127925974007e-02,-9.940512314295565921e-02
2.584441544889004017e-01,1.198682429093765045e-01,-7.055148033794314544e-02,-1.789488181334939268e-02,-9.064424216580926896e-02,-9.741626902515637676e-02
2.532733849291723405e-01,1.174674915655446045e-01,-6.915041500238526540e-02,-1.754320376387776340e-02,-8.882680034816549386e-02,-9.546740723901422920e-02
2.482060369573863279e-01,1.151148328629337941e-01,-6.777711668563465852e-02,-1.719819364911498449e-02,-8.704554440481261646e-02,-9.355772056703688666e-02
2.432400406211728816e-01,1.128093024958530116e-01,-6.643103927682791898e-02,-1.685974994658115400e-02,-8.529975741879014528e-02,-9.168640901016754385e-02
2.383733675158538901e-01,1.105499555001264039e-01,-6.511164715223934085e-02,-1.652777252051211218e-02,-8.358873669066123335e-02,-8.985268945132122986e-02
2.336040299415061139e-01,1.083358658669114627e-01,-6.381841498744002250e-02,-1.620216259448247972e-02,-8.191179345607724205e-02,-8.805579531808938043e-02
2.289300800777759604e-01,1.061661261640281517e-01,-6.255082757207085231e-02,-1.588282272250784999e-02,-8.026825260813025276e-02,-8.629497624586870974e-02
2.243496091760178168e-01,1.040398471646674788e-01,-6.130837962724072082e-02,-1.556965675893980279e-02,-7.865745242462972298e-02,-8.456949774252650598e-02
2.198607467683594552e-01,1.019561574833525025e-01,-6.009057562555953497e-02,-1.526256982745493977e-02,-7.707874430040181912e-02,-8.287864085558911686e-02
2.154616598932949378e-01,9.991420321902023949e-02,-5.889692961380850467e-02,-1.496146828942634781e-02,-7.553149248467286303e-02,-8.122170184281855831e-02
2.111505523374252180e-01,9.791314760510441695e-02,-5.772696503824972791e-02,-1.466625971196584312e-02,-7.401507382356202480e-02,-7.959799184693427954e-02
2.069256638929770353e-01,9.595217066648591142e-02,-5.658021457257097347e-02,-1.437685283591525268e-02,-7.252887750769144992e-02,-7.800683657513185487e-02
2.027852696307396174e-01,9.403046888319542551e-02,-5.545621994846057501e-02,-1.409315754406483857e-02,-7.107230482488495482e-02,-7.644757598395991727e-02
1.987276791880706883e-01,9.214725486073792327e-02,-5.435453178880318703e-02,-1.381508482986968170e-02,-6.964476891792188706e-02,-7.491956397002569323e-02
1.947512360716286695e-01,9.030175700692659457e-02,-5.327470944348571685e-02,-1.354254676693039498e-02,-6.824569454728306173e-02,-7.342216806691807818e-02
1.908543169745073598e-01,8.849321921509739619e-02,-5.221632082779983919e-02,-1.327545647949696268e-02,-6.687451785882302102e-02,-7.195476914866325013e-02
1.870353311074458014e-01,8.672090055359601979e-02,-5.117894226342553643e-02,-1.301372811424500626e-02,-6.553068615628382387e-02,-7.051676113995024309e-02
1.832927195438069923e-01,8.498407496141156814e-02,-5.016215832197840757e-02,-1.275727681356126145e-02,-6.421365767856238027e-02,-6.910755073330245024e-02
1.796249545780159995e-01,8.328203094985246746e-02,-4.916556167110237158e-02,-1.250601869056390536e-02,-6.292290138163164626e-02,-6.772655711330029249e-02
1.760305390971666217e-01,8.161407131013985461e-02,-4.818875292308566483e-02,-1.225987080606464295e-02,-6.165789672501561375e-02,-6.637321168790510928e-02
1.725080059655059173e-01,7.997951282681685370e-02,-4.723134048598065515e-02,-1.201875114766382847e-02,-6.041813346271008439e-02,-6.504695782687164307e-02
1.690559174215165994e-01,7.837768599685955573e-02,-4.629294041720238839e-02,-1.178257861115030586e-02,-5.920311143844172314e-02,-6.374725060718360037e-02
1.656728644873272094e-01,7.680793475438067730e-02,-4.537317627958308702e-02,-1.155127298435226942e-02,-5.801234038515542396e-02,-6.247355656539963636e-02
1.623574663901780624e-01,7.526961620082195381e-02,-4.447167899985680212e-02,-1.132475493357302555e-02,-5.684533972861838952e-02,-6.122535345673604107e-02
1.591083699956890585e-01,7.376210034052683995e-02,-4.358808672954889857e-02,-1.110294599271157909e-02,-5.570163839503573799e-02,-6.000213002068437163e-02
1.559242492526742019e-01,7.228476982159375008e-02,-4.272204470824331884e-02,-1.088576855514982768e-02,-5.458077462256448464e-02,-5.880338575289977693e-02
1.528038046492555257e-01,7.083701968190733722e-02,-4.187320512920090360e-02,-1.067314586846841544e-02,-5.348229577662422934e-02,-5.762863068307528397e-02
1.497457626800375030e-01,6.941825710024498997e-02,-4.104122700730043760e-02,-1.046500203201953735e-02,-5.240575816889980754e-02,-5.647738515846681406e-02
1.467488753241047716e-01,6.802790115236347079e-02,-4.022577604927430467e-02,-1.026126199737724572e-02,-5.135072687993513796e-02,-5.534917963270789831e-02
1.438119195336187706e-01,6.666538257196832906e-02,-3.942652452621024650e-02,-1.006185157164788714e-02,-5.031677558522395372e-02,-5.424355445952393912e-02
1.409336967327824985e-01,6.533014351646929119e-02,-3.864315114828995729e-02,-9.866697423617058760e-03,-4.930348638470168771e-02,-5.316005969092870570e-02
1.381130323269633142e-01,6.402163733743131135e-02,-3.787534094173560656e-02,-9.675727092682816569e-03,-4.831044963555225502e-02,-5.209825487946462969e-02
1.353487752217538975e-01,6.273932835562401333e-02,-3.712278512793396046e-02,-9.488869000509537327e-03,-4.733726378824291980e-02,-5.105770888403186186e-02
1.326397973517669249e-01,6.148269164058756814e-02,-3.638518100470929106e-02,-9.306052465323799011e-03,-4.638353522570776849e-02,-5.003799967883684058e-02
1.299849932189598711e-01,6.025121279461678053e-02,-3.566223182971487576e-02,-9.127207718756458893e-03,-4.544887810560317709e-02,-4.903871416498105373e-02
1.273832794402896540e-01,5.904438774108474591e-02,-3.495364670591322859e-02,-8.952265925128554541e-03,-4.453291420556226149e-02,-4.805944798420589553e-02
1.248335943045053298e-01,5.786172251701415109e-02,-3.425914046911485850e-02,-8.781159203068442456e-03,-4.363527277138255084e-02,-4.709980533430994931e-02
1.223348973378866195e-01,5.670273306981678946e-02,-3.357843357754587699e-02,-8.613820649338457466e-03,-4.275559036807941721e-02,-4.615939878575187755e-02
1.198861688787460633e-01,5.556694505811624746e-02,-3.291125200341520063e-02,-8.450184364752907906e-03,-4.189351073374856377e-02,-4.523784909896776119e-02
1.174864096605105490e-01,5.445389365657301445e-02,-3.225732712645017902e-02,-8.290185482060489011e-03,-4.104868463617968033e-02,-4.433478504193166109e-02
1.151346404032074638e-01,5.336312336463351624e-02,-3.161639562937161585e-02,-8.133760195675238461e-03,-4.022076973216871104e-02,-4.344984320751358459e-02
1.128299014131812911e-01,5.229418781912555797e-02,-3.098819939527921660e-02,-7.980845793135574878e-03,-3.940943042948057140e-02,-4.258266783019732521e-02
1.105712521908703561e-01,5.124664961062064261e-02,-3.037248540691647042e-02,-7.831380688192739539e-03,-3.861433775141406843e-02,-4.173291060174984940e-02
1.083577710464811855e-01,5.022008010349214568e-02,-2.976900564778719657e-02,-7.685304455430813295e-03,-3.783516920392916011e-02,-4.090023048545187584e-02
1.061885547233953758e-01,4.921405925959257410e-02,-2.917751700509344653e-02,-7.542557866349521717e-03,-3.707160864529316507e-02,-4.008429352853368210e-02
1.040627180291510273e-01,4.822817546547863293e-02,-2.859778117446672499e-02,-7.403082926855032025e-03,-3.632334615820927148e-02,-3.928477267248088600e-02
1.019793934738468244e-01,4.726202536311387148e-02,-2.802956456646264402e-02,-7.266822916142175182e-03,-3.559007792439137369e-02,-3.850134756091581206e-02
9.993773091581126256e-02,4.631521368397763239e-02,-2.747263821479221935e-02,-7.133722426978654149e-03,-3.487150610154993863e-02,-3.773370434478197366e-02
9.793689721439677309e-02,4.538735308651509204e-02,-2.692677768625977366e-02,-7.003727407452232934e-03,-3.416733870275745488e-02,-3.698153548460234724e-02
9.597607588974450821e-02,4.447806399685663020e-02,-2.639176299238111048e-02,-6.876785204294631401e-03,-3.347728947815954703e-02,-3.624453954959894891e-02
9.405446678938500504e-02,4.358697445274753446e-02,-2.586737850265231550e-02,-6.752844607955030103e-03,-3.280107779900193199e-02,-3.552242101350332193e-02
9.217128576153252317e-02,4.271371995061556265e-02,-2.535341285944381351e-02,-6.631855899679355189e-03,-3.213842854394040327e-02,-3.481489004690166422e-02
9.032576433493640089e-02,4.185794329572171263e-02,-2.484965889449114104e-02,-6.513770900935223450e-03,-3.148907198760313164e-02,-3.412166230597992594e-02
8.851714940515863217e-02,4.101929445532603163e-02,-2.435591354695591446e-02,-6.398543025637872493e-03,-3.085274369137170139e-02,-3.344245871754037563e-02
8.674470292714472897e-02,4.019743041481085855e-02,-2.387197778303038961e-02,-6.286127335750783807e-03,-3.022918439634652080e-02,-3.277700526016674720e-02
8.500770161396214997e-02,3.939201503670022170e-02,-2.339765651705959931e-02,-6.176480600996714018e-03,-2.961813991846090621e-02,-3.212503274138715087e-02
8.330543664158021611e-02,3.860271892251953413e-02,-2.293275853415519677e-02,-6.069561363579448893e-03,-2.901936104570351435e-02,-3.148627657065838914e-02
8.163721335956992953e-02,3.782921927743639057e-02,-2.247709641427409616e-02,-5.965330009042531072e-03,-2.843260343740739229e-02,-3.086047652793703910e-02
8.000235100760362539e-02,3.707119977762694807e-02,-2.203048645773875158e-02,-5.863748844625223285e-03,-2.785762752555756908e-02,-3.024737652751042713e-02
7.840018243763637040e-02,3.632835044031305916e-02,-2.159274861217178390e-02,-5.764782186786695031e-03,-2.729419841806560165e-02,-2.964672437665077237e-02
7.683005384165694784e-02,3.560036749641638798e-02,-2.116370640082245597e-02,-5.668396459910083132e-03,-2.674208580395209811e-02,-2.905827152848639711e-02
7.529132448489099516e-02,3.488695326577727351e-02,-2.074318685225847933e-02,-5.574560308631910065e-03,-2.620106386037134721e-02,-2.848177282827568657e-02
7.378336644435325165e-02,3.418781603488520865e-02,-2.033102043140096876e-02,-5.483244726737122703e-03,-2.567091116140389484e-02,-2.791698625198785200e-02
7.230556435263370274e-02,3.350266993707200214e-02,-1.992704097187766171e-02,-5.394423206185931796e-03,-2.515141058853142056e-02,-2.736367263574873004e-02
7.085731514681831156e-02,3.283123483511701801e-02,-1.953108560967100477e-02,-5.308071910573716398e-03,-2.464234924269853924e-02,-2.682159539425244335e-02
6.943802782243456428e-02,3.217323620621515001e-02,-1.914299471803976999e-02,-5.224169878246785921e-03,-2.414351835784916966e-02,-2.629052022567925431e-02
6.804712319232812667e-02,3.152840502926110983e-02,-1.876261184368848214e-02,-5.142699261414280555e-03,-2.365471321581129327e-02,-2.577021479994182421e-02
6.668403365036451591e-02,3.089647767440331302e-02,-1.838978364416501976e-02,-5.063645608996855847e-03,-2.317573306238157257e-02,-2.526044842618077255e-02
6.534820293986202955e-02,3.027719579482051476e-02,-1.802435982646293650e-02,-4.986998202705952149e-03,-2.270638102443840040e-02,-2.476099169429441665e-02
6.403908592666086863e-02,2.967030622067632142e-02,-1.766619308680711029e-02,-4.912750458042146329e-03,-2.224646402788226993e-02,-2.427161608384643260e-02
6.275614837673298974e-02,2.907556085520982686e-02,-1.731513905160104311e-02,-4.840900404710612656e-03,-2.179579271616741143e-02,-2.379209353185833889e-02
6.149886673824524197e-02,2.849271657291493551e-02,-1.697105621951510226e-02,-4.771451264541321478e-03,-2.135418136914359402e-02,-2.332219594865132112e-02
6.026672792798067058e-02,2.792153511977154765e-02,-1.663380590469464709e-02,-4.704412149631942083e-03,-2.092144782187271151e-02,-2.286169466787380672e-02
5.905922912203694780e-02,2.736178301548273725e-02,-1.630325218106781077e-02,-4.639798909473070304e-03,-2.049741338301827240e-02,-2.241035981292853474e-02
5.787587755071030987e-02,2.681323145767999100e-02,-1.597926182773257153e-02,-4.577635163734216327e-03,-2.008190275231781091e-02,-2.196795955686690199e-02
5.671619029748376645e-02,2.627565622805467377e-02,-1.566170427540354571e-02,-4.517953567871267270e-03,-1.967474393654415621e-02,-2.153425924603889069e-02
5.557969410203904281e-02,2.574883760037987440e-02,-1.535045155389841778e-02,-4.460797372711053713e-03,-1.927576816322473449e-02,-2.110902034873585881e-02
5.446592516720460270e-02,2.523256025038076930e-02,-1.504537824064585728e-02,-4.406222357988842132e-03,-1.888480979121886366e-02,-2.069199917789989185e-02
5.337442896977026563e-02,2.472661316741952414e-02,-1.474636141019503195e-02,-4.354299245359541555e-03,-1.850170621704832694e-02,-2.028294532045324741e-02
5.230476007508285535e-02,2.423078956795599037e-02,-1.445328058470861203e-02,-4.305116731336399750e-03,-1.812629777561796524e-02,-1.988159968315394988e-02
5.125648195535047191e-02,2.374488681074858956e-02,-1.416601768542101979e-02,-4.258785328752298996e-03,-1.775842763367281585e-02,-1.948769203355014620e-02
5.022916681158215435e-02,2.326870631376153076e-02,-1.388445698504350845e-02,-4.215442272115470582e-03,-1.739794167402215763e-02,-1.910093787088880044e-02
4.922239539908625228e-02,2.280205347274228203e-02,-1.360848506109917783e-02,-4.175257835282963383e-03,-1.704468836829402950e-02,-1.872103440037814134e-02
4.823575685646144806e-02,2.234473758143619426e-02,-1.333799075016963917e-02,-4.138443539719232310e-03,-1.669851863592419425e-02,-1.834765529738460743e-02
4.726884853800333852e-02,2.189657175340630271e-02,-1.307286510303694478e-02,-4.105262911889564006e-03,-1.635928568762115565e-02,-1.798044382536877206e-02
4.632127584946638815e-02,2.145737284542407336e-02,-1.281300134070366414e-02,-4.076045694494188215e-03,-1.602684485358660954e-02,-1.761900369895545715e-02
4.539265208710741017e-02,2.102696138240021939e-02,-1.255829481127424853e-02,-4.051206738496299607e-03,-1.570105340229592875e-02,-1.726288684667927689e-02
4.448259827994695964e-02,2.060516148382518856e-02,-1.230864294768248789e-02,-4.031271182518575240e-03,-1.538177036942950555e-02,-1.691157692065211465e-02
4.359074303518659099e-02,2.019180079168754471e-02,-1.206394522624769546e-02,-4.016907842051486814e-03,-1.506885644955545563e-02,-1.656446705874929995e-02
4.271672238671463812e-02,1.978671039984147492e-02,-1.182410312604486799e-02,-4.008972541172628815e-03,-1.476217408216903143e-02,-1.622083021354631463e-02
4.186017964664090485e-02,1.938972478479396647e-02,-1.158902008907376595e-02,-4.008561011993312488e-03,-1.446158805514164564e-02,-1.587978098126490226e-02
4.102076525980112576e-02,1.900068173788180270e-02,-1.135860148120967049e-02,-4.017062631141778660e-03,-1.416696742348667534e-02,-1.554023143455665439e-02
4.019813666116742179e-02,1.861942229881323810e-02,-1.113275455392425881e-02,-4.036178512771668517e-03,-1.387819075006729852e-02,-1.520085670247164379e-02
3.939195813611129360e-02,1.824579069054286379e-02,-1.091138840675861567e-02,-4.067780839921056324e-03,-1.359515980571140981e-02,-1.486012957955519000e-02
3.860190068345890207e-02,1.787963425545629689e-02,-1.069441395053620514e-02,-4.113232442653487302e-03,-1.331783481259366832e-02,-1.451661702242348223e-02
3.782764188128391603e-02,1.752080339283669519e-02,-1.048174387130080924e-02,-4.171107338008154738e-03,-1.304632153364243714e-02,-1.417009118789986158e-02
3.706886575538257539e-02,1.716915149758630257e-02,-1.027329259496594788e-02,-4.231226449283737208e-03,-1.278105197089984477e-02,-1.382458361941164317e-02
3.632526265037858137e-02,1.682453490018103251e-02,-1.006897625266114059e-02,-4.266396896438390089e-03,-1.252293443353563220e-02,-1.349288536934750531e-02
3.559652910340380116e-02,1.648681280782829037e-02,-9.868712646763535060e-03,-4.245735730264932339e-03,-1.227267115103575050e-02,-1.319071151907577795e-02
3.488236772030395977e-02,1.615584724680882781e-02,-9.672421217599787638e-03,-4.178611243420100527e-03,-1.202936936928171788e-02,-1.291519062120273509e-02
3.418248705431741613e-02,1.583150300597526913e-02,-9.480023010806342548e-03,-4.095540232140587079e-03,-1.179160409011366546e-02,-1.265284507639741901e-02
3.349660148718137942e-02,1.551364758138576438e-02,-9.291440645335333551e-03,-4.010177482074259170e-03,-1.155872969885028863e-02,-1.239748022580288919e-02
3.282443111261126867e-02,1.520215112204826961e-02,-9.106598282093486194e-03,-3.925745501865152316e-03,-1.133052323917155789e-02,-1.214754591995544086e-02
3.216570162211105505e-02,1.489688637675569589e-02,-8.925421593201646880e-03,-3.842856980259181082e-03,-1.110686627288028604e-02,-1.190265469396805872e-02
3.152014419306515408e-02,1.459772864198766520e-02,-8.747837731863309166e-03,-3.761604020407000731e-03,-1.088766271327552826e-02,-1.166265198706735798e-02
3.088749537906605377e-02,1.430455571085700525e-02,-8.573775302830344627e-03,-3.681979567924402539e-03,-1.067282232115466904e-02,-1.142742925494074496e-02
3.026749700243496280e-02,1.401724782308370366e-02,-8.403164333453672086e-03,-3.603958052351572718e-03,-1.046225747856818593e-02,-1.119688830678208444e-02
2.965989604888990064e-02,1.373568761596968488e-02,-8.235936245308545303e-03,-3.527510750669134252e-03,-1.025588251741810404e-02,-1.097093450418473379e-02
2.906444456431826057e-02,1.345976007636031160e-02,-8.072023826382607528e-03,-3.452608728638323528e-03,-1.005361354791027562e-02,-1.074947543220146524e-02
2.848089955361376296e-02,1.318935249356843059e-02,-7.911361203815706067e-03,-3.379223403903275618e-03,-9.855368390268716416e-03,-1.053242061329196476e-02
2.790902288153325472e-02,1.292435441324344368e-02,-7.753883817181619724e-03,-3.307326648982650795e-03,-9.661066530258657567e-03,-1.031968142188039762e-02
2.734858117553658902e-02,1.266465759216706642e-02,-7.599528392299555180e-03,-3.236890804034925091e-03,-9.470629081410303352e-03,-1.011117103824001225e-02
2.679934573056622776e-02,1.241015595395394792e-02,-7.448232915567004099e-03,-3.167888671745710052e-03,-9.283978749795427157e-03,-9.906804410572083233e-03
2.626109241573187231e-02,1.216074554564352227e-02,-7.299936608802142304e-03,-3.100293508800295791e-03,-9.101039800175474495e-03,-9.706498219233798685e-03
2.573360158285831895e-02,1.191632449516150799e-02,-7.154579904586609064e-03,-3.034079016922062999e-03,-8.921738023125491343e-03,-9.510170841921804924e-03
2.521665797686168525e-02,1.167679296963429307e-02,-7.012104422098962460e-03,-2.969219334127875913e-03,-8.746000702972567611e-03,-9.317742319578155991e-03
2.471005064791544081e-02,1.144205313454076806e-02,-6.872452943428879538e-03,-2.905689026340504359e-03,-8.573756586483256142e-03,-9.129134322959954473e-03
2.421357286537422979e-02,1.121200911368286542e-02,-6.735569390362529905e-03,-2.843463079378587537e-03,-8.404935852260474530e-03,-8.944270119859192708e-03
2.372702203341469848e-02,1.098656694995950832e-02,-6.601398801630673809e-03,-2.782516891324728504e-03,-8.239470080827784176e-03,-8.763074542958578309e-03
2.325019960836396601e-02,1.076563456692663720e-02,-6.469887310609488337e-03,-2.722826265243463283e-03,-8.077292225384205895e-03,-8.585473958314531612e-03
2.278291101768055438e-02,1.054912173112842154e-02,-6.340982123465550499e-03,-2.664367402240230658e-03,-7.918336583215324770e-03,-8.411396234454504225e-03
2.232496558055261163e-02,1.033694001518384829e-02,-6.214631497737072886e-03,-2.607116894830919466e-03,-7.762538767745540136e-03,-8.240770712080588631e-03
2.187617643008457624e-02,1.012900276161545453e-02,-6.090784721340772832e-03,-2.551051720604256313e-03,-7.609835681219991564e-03,-8.073528174367003429e-03
2.143636043703768881e-02,9.925225047399299089e-03,-5.969392091998671282e-03,-2.496149236157642944e-03,-7.460165488001446916e-03,-7.909600817843911655e-03
2.100533813509546099e-02,9.725523649229720138e-03,-5.850404897074077369e-03,-2.442387171282039190e-03,-7.313467588469721448e-03,-7.748922223850507676e-03
2.058293364762120783e-02,9.529817009478941392e-03,-5.733775393810651606e-03,-2.389743623376596165e-03,-7.169682593511070290e-03,-7.591427330556797630e-03
2.016897461588138679e-02,9.338025202838433347e-03,-5.619456789964946859e-03,-2.338197052078618086e-03,-7.028752299583473570e-03,-7.437052405532920164e-03
1.976329212870053462e-02,9.150069903631870977e-03,-5.507403224826092764e-03,-2.287726274082190446e-03,-6.890619664344628525e-03,-7.285735018865520905e-03
1.936572065352463318e-02,8.965874353779126199e-03,-5.397569750613931752e-03,-2.238310458137176499e-03,-6.755228782830633057e-03,-7.137414016803855961e-03
1.897609796886070774e-02,8.785363331406217599e-03,-5.289912314248649584e-03,-2.189929120205769564e-03,-6.622524864172116103e-03,-6.992029495930062073e-03
1.859426509806684502e-02,8.608463120083696685e-03,-5.184387739484526934e-03,-2.142562118763019149e-03,-6.492454208834552015e-03,-6.849522777840301099e-03
1.822006624446520159e-02,8.435101478679686571e-03,-5.080953709400379617e-03,-2.096189650228798794e-03,-6.364964186369579356e-03,-6.709836384329022872e-03
1.785334872775211704e-02,8.265207611819964592e-03,-4.979568749239704321e-03,-2.050792244514831626e-03,-6.240003213666882841e-03,-6.572914013068046658e-03
1.749396292167870737e-02,8.098712140938348764e-03,-4.880192209594218060e-03,-2.006350760677458149e-03,-6.117520733692281831e-03,-6.438700513764370782e-03
1.714176219297736461e-02,7.935547075907519246e-03,-4.782784249922542724e-03,-1.962846382660514682e-03,-5.997467194700859851e-03,-6.307141864796484906e-03
1.679660284150852681e-02,7.775645787239350397e-03,-4.687305822398581644e-03,-1.920260615124332786e-03,-5.879794029912626882e-03,-6.178185150309434270e-03
1.645834404160322062e-02,7.618942978841700478e-03,-4.593718656083510543e-03,-1.878575279342266716e-03,-5.764453637639404930e-03,-6.051778537771545022e-03
1.612684778457891890e-02,7.465374661320827408e-03,-4.501985241412955613e-03,-1.837772509165838068e-03,-5.651399361851943901e-03,-5.927871255970112649e-03
1.580197882240308438e-02,7.314878125820122902e-03,-4.412068814995225713e-03,-1.797834747042977065e-03,-5.540585473174223542e-03,-5.806413573447219249e-03
1.548360461248406324e-02,7.167391918380374739e-03,-4.323933344713122920e-03,-1.758744740087088854e-03,-5.431967150297100505e-03,-5.687356777363435957e-03
1.517159526356326102e-02,7.022855814818683602e-03,-4.237543515124019694e-03,-1.720485536186586780e-03,-5.325500461796382756e-03,-5.570653152778890296e-03
1.486582348269164383e-02,6.881210796104788446e-03,-4.152864713151299333e-03,-1.683040480155535788e-03,-5.221142348349480135e-03,-5.456255962346212400e-03
1.456616452326286136e-02,6.742399024235860329e-03,-4.069863014062942604e-03,-1.646393209913440264e-03,-5.118850605336549425e-03,-5.344119426404191076e-03
1.427249613408811992e-02,6.606363818591167586e-03,-3.988505167729858476e-03,-1.610527652694897748e-03,-5.018583865819064085e-03,-5.234198703465112353e-03
1.398469850948601614e-02,6.473049632762867094e-03,-3.908758585159230123e-03,-1.575428021284361888e-03,-4.920301583883335966e-03,-5.126449871089916281e-03
1.370265424037215088e-02,6.342402031849110611e-03,-3.830591325297982505e-03,-1.541078810272973913e-03,-4.823964018343195916e-03,-5.020829907136134529e-03
1.342624826632502107e-02,6.214367670204095501e-03,-3.753972082099352441e-03,-1.507464792333608255e-03,-4.729532216788874879e-03,-4.917296671379894207e-03
1.315536782861105071e-02,6.088894269631634805e-03,-3.678870171849178434e-03,-1.474571014514797825e-03,-4.636967999976216934e-03,-4.815808887497267932e-03
1.288990242414719302e-02,5.965930598018056447e-03,-3.605255520745062007e-03,-1.442382794549526732e-03,-4.546233946546149839e-03,-4.716326125401420002e-03
1.262974376038568207e-02,5.845426448390713368e-03,-3.533098652724641405e-03,-1.410885717180071150e-03,-4.457293378066107259e-03,-4.618808783924166321e-03
1.237478571109855430e-02,5.727332618396611605e-03,-3.462370677537398352e-03,-1.380065630495293542e-03,-4.370110344386546157e-03,-4.523218073840337347e-03
1.212492427304752429e-02,5.611600890194893936e-03,-3.393043279054855713e-03,-1.349908642281881900e-03,-4.284649609302164028e-03,-4.429516001222456693e-03
1.188005752351943729e-02,5.498184010747010630e-03,-3.325088703815541353e-03,-1.320401116389419496e-03,-4.200876636513447941e-03,-4.337665351122451524e-03
1.164008557870977595e-02,5.387035672506687578e-03,-3.258479749798494016e-03,-1.291529669107987577e-03,-4.118757575878114960e-03,-4.247629671571373326e-03
1.140491055294013019e-02,5.278110494492849365e-03,-3.193189755422002219e-03,-1.263281165559561933e-03,-4.038259249948379474e-03,-4.159373257890846762e-03
1.117443651868912577e-02,5.171364003745045415e-03,-3.129192588762180760e-03,-1.235642716102614393e-03,-3.959349140783726718e-03,-4.072861137311987838e-03
1.094856946742261451e-02,5.066752617146576786e-03,-3.066462636987949634e-03,-1.208601672752560594e-03,-3.881995377035337477e-03,-3.988059053892022317e-03
1.072721727120798385e-02,4.964233623615007043e-03,-3.004974796007029488e-03,-1.182145625616213896e-03,-3.806166721294754543e-03,-3.904933453723576260e-03
1.051028964509473189e-02,4.863765166647460517e-03,-2.944704460319503246e-03,-1.156262399342821746e-03,-3.731832557698874092e-03,-3.823451470435027151e-03
1.029769811024771817e-02,4.765306227215914889e-03,-2.885627513074174710e-03,-1.130940049592411324e-03,-3.658962879788030600e-03,-3.743580910966040273e-03
1.008935595781712546e-02,4.668816607005360150e-03,-2.827720316324786824e-03,-1.106166859520093778e-03,-3.587528278609494400e-03,-3.665290241623351836e-03
9.885178213530940866e-03,4.574256911987982163e-03,-2.770959701480556724e-03,-1.081931336283152318e-03,-3.517499931060314670e-03,-3.588548574404056002e-03
9.685081602995688002e-03,4.481588536324484714e-03,-2.715322959947932824e-03,-1.058222207564932628e-03,-3.448849588465438196e-03,-3.513325653583940743e-03
9.488984517690276718e-03,4.390773646590235071e-03,-2.660787833960422382e-03,-1.035028418121233720e-03,-3.381549565383959455e-03,-3.439591842563331260e-03
9.296806981639886905e-03,4.301775166315497702e-03,-2.607332507591394663e-03,-1.012339126349243472e-03,-3.315572728639433649e-03,-3.367318110968679779e-03
9.108470618756957585e-03,4.214556760835748081e-03,-2.554935597946622703e-03,-9.901437008799779393e-04,-3.250892486570509162e-03,-3.296476022001333054e-03
8.923898620833876916e-03,4.129082822446815577e-03,-2.503576146534057870e-03,-9.684317171948534850e-04,-3.187482778491911289e-03,-3.227037720030068429e-03
8.743015716177039362e-03,4.045318455853223229e-03,-2.453233610805413602e-03,-9.471929542687354498e-04,-3.125318064368348518e-03,-3.158975918421173812e-03
8.565748138866997527e-03,3.963229463913678710e-03,-2.403887855867719962e-03,-9.264173912389097763e-04,-3.064373314689867924e-03,-3.092263887604285687e-03
8.392023598633681011e-03,3.882782333666972945e-03,-2.355519146360526492e-03,-9.060952041028284875e-04,-3.004624000548134465e-03,-3.026875443367030207e-03
8.221771251334374433e-03,3.803944222640469938e-03,-2.308108138495566699e-03,-8.862167624444891633e-04,-2.946046083908800822e-03,-2.962784935371507236e-03
8.054921670021314081e-03,3.726682945431181084e-03,-2.261635872256281213e-03,-8.667726261898961882e-04,-2.888616008073864160e-03,-2.899967235896414638e-03
7.891406816588406384e-03,3.650966960556843548e-03,-2.216083763752787344e-03,-8.477535423946753156e-04,-2.832310688332109836e-03,-2.838397728790174792e-03
7.731160013984598144e-03,3.576765357569849577e-03,-2.171433597730715575e-03,-8.291504420618127889e-04,-2.777107502791947412e-03,-2.778052298638177594e-03
7.574115918983144111e-03,3.504047844428511641e-03,-2.127667520228840228e-03,-8.109544369931144525e-04,-2.722984283393606667e-03,-2.718907320137576179e-03
7.420210495495599412e-03,3.432784735121298392e-03,-2.084768031384972610e-03,-7.931568166726814598e-04,-2.669919307096941825e-03,-2.660939647675213127e-03
7.269380988418749391e-03,3.362946937540434080e-03,-2.042717978384624936e-03,-7.757490451858640047e-04,-2.617891287240450837e-03,-2.604126605106872605e-03
7.121565898005288026e-03,3.294505941595765857e-03,-2.001500548551659632e-03,-7.587227581704454561e-04,-2.566879365067182422e-03,-2.548445975730224359e-03
6.976704954747265860e-03,3.227433807568376792e-03,-1.961099262576679152e-03,-7.420697598053848818e-04,-2.516863101418352275e-03,-2.493875992452303497e-03
6.834739094760989252e-03,3.161703154697202180e-03,-1.921497967881003518e-03,-7.257820198330995837e-04,-2.467822468584425326e-03,-2.440395328144486127e-03
6.695610435664521229e-03,3.097287149993061157e-03,-1.882680832113614415e-03,-7.098516706206315675e-04,-2.419737842315444754e-03,-2.387983086185035443e-03
6.559262252938609893e-03,3.034159497277346719e-03,-1.844632336778064983e-03,-6.942710042530170949e-04,-2.372589993985857633e-03,-2.336618791179604845e-03
6.425638956758623725e-03,2.972294426441216865e-03,-1.807337270986577151e-03,-6.790324696683226659e-04,-2.326360082909550292e-03,-2.286282379864507195e-03
6.294686069291876782e-03,2.911666682917475862e-03,-1.770780725339822503e-03,-6.641286698272456934e-04,-2.281029648804719541e-03,-2.236954192183349729e-03
6.166350202447251801e-03,2.852251517364679835e-03,-1.734948085928173043e-03,-6.495523589196617502e-04,-2.236580604401432713e-03,-2.188614962536989967e-03
6.040579036071326395e-03,2.794024675558620750e-03,-1.699825028453742478e-03,-6.352964396118055464e-04,-2.192995228193612544e-03,-2.141245811201235912e-03
5.917321296579315486e-03,2.736962388483549485e-03,-1.665397512469452826e-03,-6.213539603272855193e-04,-2.150256157327880020e-03,-2.094828235912701234e-03
5.796526736014701205e-03,2.681041362624187515e-03,-1.631651775733591533e-03,-6.077181125704220980e-04,-2.108346380630728850e-03,-2.049344103617608669e-03
5.678146111526882582e-03,2.626238770450850177e-03,-1.598574328676824865e-03,-5.943822282832608543e-04,-2.067249231767816046e-03,-2.004775642380346272e-03
5.562131165259890514e-03,2.572532241095216478e-03,-1.566151948980335721e-03,-5.813397772441169934e-04,-2.026948382535084543e-03,-1.961105433452820391e-03
5.448434604642686009e-03,2.519899851213258657e-03,-1.534371676262245073e-03,-5.685843645029406510e-04,-1.987427836276681528e-03,-1.918316403494223698e-03
5.337010083074774161e-03,2.468320116030503757e-03,-1.503220806869689109e-03,-5.561097278536165141e-04,-1.948671921430329516e-03,-1.876391816949769592e-03
5.227812180997146174e-03,2.417771980565987765e-03,-1.472686888775900493e-03,-5.439097353460939930e-04,-1.910665285193915769e-03,-1.835315268574717060e-03
5.120796387342497862e-03,2.368234811033699712e-03,-1.442757716578322311e-03,-5.319783828344025337e-04,-1.873392887314068774e-03,-1.795070676109625707e-03
5.015919081356668557e-03,2.319688386414543030e-03,-1.413421326597420541e-03,-5.203097915634925363e-04,-1.836839993991389464e-03,-1.755642273098333411e-03
4.913137514783410924e-03,2.272112890196417625e-03,-1.384665992072852889e-03,-5.088982057943495846e-04,-1.800992171902889016e-03,-1.717014601852870923e-03
4.812409794405373212e-03,2.225488902282951771e-03,-1.356480218456177379e-03,-4.977379904631540342e-04,-1.765835282336555281e-03,-1.679172506555526301e-03
4.713694864935120098e-03,2.179797391059019179e-03,-1.328852738796944136e-03,-4.868236288809952910e-04,-1.731355475437673565e-03,-1.642101126503566280e-03
4.616952492247919197e-03,2.135019705620847929e-03,-1.301772509221393870e-03,-4.761497204670768241e-04,-1.697539184564481399e-03,-1.605785889488662395e-03
4.522143246949584215e-03,2.091137568156278825e-03,-1.275228704501498150e-03,-4.657109785221068602e-04,-1.664373120748584333e-03,-1.570212505310263334e-03
4.429228488274585158e-03,2.048133066481347929e-03,-1.249210713712000471e-03,-4.555022280337511602e-04,-1.631844267262271475e-03,-1.535366959426458233e-03
4.338170348304180336e-03,2.005988646724506195e-03,-1.223708135974656882e-03,-4.455184035206956978e-04,-1.599939874286623875e-03,-1.501235506729660689e-03
4.248931716502432100e-03,1.964687106157549882e-03,-1.198710776287101407e-03,-4.357545469099304318e-04,-1.568647453680239914e-03,-1.467804665457157331e-03
4.161476224559960795e-03,1.924211586170172837e-03,-1.174208641435502956e-03,-4.262058054516404187e-04,-1.537954773846778337e-03,-1.435061211224481761e-03
4.075768231542157422e-03,1.884545565384680753e-03,-1.150191935987828320e-03,-4.168674296663984536e-04,-1.507849854698197758e-03,-1.402992171189065135e-03
3.991772809334032286e-03,1.845672852909831328e-03,-1.126651058368016581e-03,-4.077347713281120954e-04,-1.478320962712666511e-03,-1.371584818332969658e-03
3.909455728375650641e-03,1.807577581727748753e-03,-1.103576597008147121e-03,-3.988032814796065332e-04,-1.449356606084462517e-03,-1.340826665871688774e-03
3.828783443684732283e-03,1.770244202214358133e-03,-1.080959326577316882e-03,-3.900685084829248533e-04,-1.420945529965803511e-03,-1.310705461782545262e-03
3.749723081157170339e-03,1.733657475789792107e-03,-1.058790204285454213e-03,-3.815260961023087612e-04,-1.393076711794811713e-03,-1.281209183451437151e-03
3.672242424142852825e-03,1.697802468694759644e-03,-1.037060366261665983e-03,-3.731717816186855686e-04,-1.365739356713532773e-03,-1.252326032438632946e-03
3.596309900289145975e-03,1.662664545892565638e-03,-1.015761124004176943e-03,-3.650013939783672886e-04,-1.338922893068520380e-03,-1.224044429360234519e-03
3.521894568648736411e-03,1.628229365092469629e-03,-9.948839609009161363e-04,-3.570108519714306860e-04,-1.312616967996757577e-03,-1.196353008883432011e-03
3.448966107044482577e-03,1.594482870892478723e-03,-9.744205288203179778e-04,-3.491961624433371787e-04,-1.286811443091743319e-03,-1.169240614839009559e-03
3.377494799687938681e-03,1.561411289040369726e-03,-9.543626447689559401e-04,-3.415534185356864966e-04,-1.261496390151060302e-03,-1.142696295438884197e-03
3.307451525044724158e-03,1.529001120808784735e-03,-9.347022876169873385e-04,-3.340787979582954910e-04,-1.236662087000868233e-03,-1.116709298612766910e-03
3.238807743943917117e-03,1.497239137482536892e-03,-9.154315948876507207e-04,-3.267685612920295780e-04,-1.212299013398560922e-03,-1.091269067445820159e-03
3.171535487923895363e-03,1.466112374957557075e-03,-8.965428596119585014e-04,-3.196190503195536900e-04,-1.188397847009882696e-03,-1.066365235732926776e-03
3.105607347813092809e-03,1.435608128446056852e-03,-8.780285272450924104e-04,-3.126266863864053257e-04,-1.164949459460967946e-03,-1.041987623633199413e-03
3.040996462537971703e-03,1.405713947289862712e-03,-8.598811926445807914e-04,-3.057879687906507474e-04,-1.141944912460174464e-03,-1.018126233432667567e-03
2.977676508155728714e-03,1.376417629875060535e-03,-8.420935971087754315e-04,-2.990994731999392382e-04,-1.119375453993369952e-03,-9.947712454126222785e-04
2.915621687105811669e-03,1.347707218650633912e-03,-8.246586254744893993e-04,-2.925578500983146970e-04,-1.097232514587302308e-03,-9.719130138186537170e-04
2.854806717677274477e-03,1.319570995245932703e-03,-8.075693032717253927e-04,-2.861598232583567993e-04,-1.075507703640476249e-03,-9.495420629339573586e-04
2.795206823686841990e-03,1.291997475684892108e-03,-7.908187939357188070e-04,-2.799021882413225992e-04,-1.054192805820617718e-03,-9.276490832528077593e-04
2.736797724362835353e-03,1.264975405697557577e-03,-7.744003960742875834e-04,-2.737818109240645111e-04,-1.033279777529002566e-03,-9.062249277531996385e-04
2.679555624432136338e-03,1.238493756124138794e-03,-7.583075407896543250e-04,-2.677956260522677866e-04,-1.012760743426228266e-03,-8.852606082698778441e-04
2.623457204405989576e-03,1.212541718413209704e-03,-7.425337890533396761e-04,-2.619406358184344719e-04,-9.926279930215331070e-04,-8.647472919621839414e-04
2.568479611059173995e-03,1.187108700206044058e-03,-7.270728291333014527e-04,-2.562139084669160958e-04,-9.728739773236375673e-04,-8.446762978818022748e-04
2.514600448100227145e-03,1.162184321013159547e-03,-7.119184740729481847e-04,-2.506125769226289651e-04,-9.534913055517197722e-04,-8.250390936309386818e-04
2.461797767029164519e-03,1.137758407976225284e-03,-6.970646592191411407e-04,-2.451338374448501457e-04,-9.344727419042999240e-04,-8.058272921211095908e-04
2.410050058176438879e-03,1.113820991713062539e-03,-6.825054398005611211e-04,-2.397749483066038956e-04,-9.158112023860440036e-04,-7.870326484189490773e-04
2.359336241923438385e-03,1.090362302248558098e-03,-6.682349885531234466e-04,-2.345332284946907914e-04,-8.974997516924585568e-04,-7.686470566855266220e-04
2.309635660096605835e-03,1.067372765024620068e-03,-6.542475933937335090e-04,-2.294060564376260896e-04,-8.795316001478730404e-04,-7.506625472090156523e-04
2.260928067535124351e-03,1.044842996991103643e-03,-6.405376551395454204e-04,-2.243908687535352406e-04,-8.619001006982545017e-04,-7.330712835239783448e-04
2.213193623827370855e-03,1.022763802775710808e-03,-6.270996852725176530e-04,-2.194851590218151692e-04,-8.445987459580584595e-04,-7.158655596189715965e-04
2.166412885211656952e-03,1.001126170927929982e-03,-6.139283037491587679e-04,-2.146864765790352798e-04,-8.276211653082013280e-04,-6.990377972326234594e-04
2.120566796640777595e-03,9.799212702416655509e-04,-6.010182368528655924e-04,-2.099924253336596413e-04,-8.109611220461930472e-04,-6.825805432366487124e-04
2.075636684003761244e-03,9.591404461477279556e-04,-5.883643150896266652e-04,-2.054006626067201484e-04,-7.946125105845196386e-04,-6.664864670990582052e-04
2.031604246504271644e-03,9.387752171825426576e-04,-5.759614711253965586e-04,-2.009088979910063919e-04,-7.785693537001064273e-04,-6.507483584354577851e-04
1.988451549191684337e-03,9.188172715227900869e-04,-5.638047377640239156e-04,-1.965148922325631780e-04,-7.628257998310729706e-04,-6.353591246420124770e-04
1.946161015640713622e-03,8.992584635940457493e-04,-5.518892459660578115e-04,-1.922164561341618719e-04,-7.473761204205653461e-04,-6.203117886056430446e-04
1.904715420778709586e-03,8.800908107442574667e-04,-5.402102229064603862e-04,-1.880114494778596353e-04,-7.322147073070591882e-04,-6.055994864974503572e-04
1.864097883855460281e-03,8.613064899845461518e-04,-5.287629900708346736e-04,-1.838977799693043713e-04,-7.173360701607265711e-04,-5.912154656432640426e-04
1.824291861554927030e-03,8.428978347957430612e-04,-5.175429613897753649e-04,-1.798734022018900016e-04,-7.027348339643098253e-04,-5.771530824698616231e-04
1.785281141243640372e-03,8.248573319980718500e-04,-5.065456414098845790e-04,-1.759363166398592883e-04,-6.884057365364805751e-04,-5.634058005285178276e-04
1.747049834355089877e-03,8.071776186838594200e-04,-4.957666235017715037e-04,-1.720845686226674803e-04,-6.743436261006102586e-04,-5.499671885915393592e-04
1.709582369906170220e-03,7.898514792124515646e-04,-4.852015881026006268e-04,-1.683162473874798650e-04,-6.605434588931167377e-04,-5.368309188198778972e-04
1.672863488143540474e-03,7.728718422625438424e-04,-4.748463009945501530e-04,-1.646294851109953588e-04,-6.470002968165682912e-04,-5.239907650041350203e-04
1.636878234317177671e-03,7.562317779471107058e-04,-4.646966116165922355e-04,-1.610224559701276263e-04,-6.337093051308668491e-04,-5.114406008740465326e-04
1.601611952578346678e-03,7.399244949830002110e-04,-4.547484514106155833e-04,-1.574933752221766307e-04,-6.206657501851198157e-04,-4.991743984746468488e-04
1.567050280000190955e-03,7.239433379194258437e-04,-4.449978321995186423e-04,-1.540404983015692601e-04,-6.078649971900506460e-04,-4.871862266102944608e-04
1.533179140717495130e-03,7.082817844200348448e-04,-4.354408445980908387e-04,-1.506621199365734784e-04,-5.953025080289003337e-04,-4.754702493523154608e-04
1.499984740184159187e-03,6.929334426006232128e-04,-4.260736564550521126e-04,-1.473565732820597801e-04,-5.829738391054309484e-04,-4.640207246098874386e-04
1.467453559545273036e-03,6.778920484195213566e-04,-4.168925113264115292e-04,-1.441222290715966252e-04,-5.708746392307860028e-04,-4.528320027617958009e-04
1.435572350122522314e-03,6.631514631207576253e-04,-4.078937269784825592e-04,-1.409574947858364469e-04,-5.590006475469466544e-04,-4.418985253473528356e-04
1.404328128008737334e-03,6.487056707277977013e-04,-3.990736939212791677e-04,-1.378608138375877188e-04,-5.473476914859781804e-04,-4.312148238161013503e-04
1.373708168772284736e-03,6.345487755869009877e-04,-3.904288739703358361e-04,-1.348306647767418822e-04,-5.359116847665062197e-04,-4.207755183302593787e-04
1.343700002266118255e-03,6.206749999613885276e-04,-3.819557988376466508e-04,-1.318655605062283166e-04,-5.246886254247019789e-04,-4.105753166268490259e-04
1.314291407541314264e-03,6.070786816724279677e-04,-3.736510687500864793e-04,-1.289640475211592020e-04,-5.136745938800497263e-04,-4.006090129241380638e-04
1.285470407862545532e-03,5.937542717879920086e-04,-3.655113510953393835e-04,-1.261247051585544330e-04,-5.028657510368309425e-04,-3.908714868842142528e-04
1.257225265823220042e-03,5.806963323569515421e-04,-3.575333790946694950e-04,-1.233461448664733174e-04,-4.922583364176119506e-04,-3.813577026206487570e-04
1.229544478557827213e-03,5.678995341892986628e-04,-3.497139505024655579e-04,-1.206270094871583282e-04,-4.818486663319867104e-04,-3.720627077540705091e-04
1.202416773051396973e-03,5.553586546820254337e-04,-3.420499263304251580e-04,-1.179659725565713823e-04,-4.716331320781237766e-04,-3.629816325093781115e-04
1.175831101541679373e-03,5.430685756850119885e-04,-3.345382295982699222e-04,-1.153617376190346679e-04,-4.616081981760879150e-04,-3.541096888575191704e-04
1.149776637013993777e-03,5.310242814133870086e-04,-3.271758441082320127e-04,-1.128130375557975887e-04,-4.517704006347600604e-04,-3.454421696954455248e-04
1.124242768786082444e-03,5.192208563986028909e-04,-3.199598132445966958e-04,-1.103186339310134194e-04,-4.421163452506327095e-04,-3.369744480651773845e-04
1.099219098181251778e-03,5.076534834834359579e-04,-3.128872387963514820e-04,-1.078773163483934960e-04,-4.326427059377872396e-04,-3.287019764073526311e-04
1.074695434288332370e-03,4.963174418545557905e-04,-3.059552798036271068e-04,-1.054879018271254296e-04,-4.233462230890126582e-04,-3.206202858487514919e-04
1.050661789806559823e-03,4.852081051153810738e-04,-2.991611514268322728e-04,-1.031492341868776381e-04,-4.142237019694246128e-04,-3.127249855223867441e-04
1.027108376973304886e-03,4.743209393981399230e-04,-2.925021238380453811e-04,-1.008601834493648094e-04,-4.052720111394207984e-04,-3.050117619166492901e-04
1.004025603573858614e-03,4.636515015129268730e-04,-2.859755211344948769e-04,-9.861964525506487311e-05,-3.964880809088487017e-04,-2.974763782489905830e-04
9.814040690303994091e-04,4.531954371333182449e-04,-2.795787202734966066e-04,-9.642654028856884995e-05,-3.878689018209850021e-04,-2.901146738678403339e-04
9.592345605699114514e-04,4.429484790199207634e-04,-2.733091500287111969e-04,-9.427981372192052994e-05,-3.794115231674367438e-04,-2.829225636775758198e-04
9.375080494687156735e-04,4.329064452778427470e-04,-2.671642899664399299e-04,-9.217843466765162795e-05,-3.711130515314977197e-04,-2.758960375790251536e-04
9.162156873713614988e-04,4.230652376498638474e-04,-2.611416694432187402e-04,-9.012139564653289686e-05,-3.629706493623899256e-04,-2.690311599369696804e-04
8.953488026850202515e-04,4.134208398443145992e-04,-2.552388666218525929e-04,-8.810771206541096357e-05,-3.549815335786504289e-04,-2.623240690546906539e-04
8.748988970435899468e-04,4.039693158934779958e-04,-2.494535075083035148e-04,-8.613642171026037050e-05,-3.471429741994012616e-04,-2.557709766701361494e-04
8.548576418449855717e-04,3.947068085493043717e-04,-2.437832650067742494e-04,-8.420658424848291286e-05,-3.394522930066917873e-04,-2.493681674592972174e-04
8.352168748563861813e-04,3.856295377078058700e-04,-2.382258579936456441e-04,-8.231728074325426461e-05,-3.319068622347696161e-04,-2.431119985531518784e-04
8.159685968871606063e-04,3.767337988661044251e-04,-2.327790504101720915e-04,-8.046761318105131794e-05,-3.245041032897838800e-04,-2.369988990585420341e-04
7.971049685300313258e-04,3.680159616104316557e-04,-2.274406503722806931e-04,-7.865670400849692585e-05,-3.172414854967366246e-04,-2.310253695884465896e-04
7.786183069653696996e-04,3.594724681345193794e-04,-2.222085092990453445e-04,-7.688369568032031912e-05,-3.101165248751903318e-04,-2.251879817941268840e-04
7.605010828316088834e-04,3.510998317859977255e-04,-2.170805210571522339e-04,-7.514775021967561193e-05,-3.031267829440202426e-04,-2.194833778978313532e-04
7.427459171564797279e-04,3.428946356461538771e-04,-2.120546211235389811e-04,-7.344804878506373575e-05,-2.962698655530834630e-04,-2.139082702281937568e-04
7.253455783501677398e-04,3.348535311315628581e-04,-2.071287857639381007e-04,-7.178379125287200730e-05,-2.895434217439196429e-04,-2.084594407515713121e-04
7.082929792601112742e-04,3.269732366305218600e-04,-2.023010312272743199e-04,-7.015419580411267611e-05,-2.829451426383408586e-04,-2.031337405983428600e-04
6.915811742824652273e-04,3.192505361611000362e-04,-1.975694129570037486e-04,-6.855849852503820264e-05,-2.764727603545132843e-04,-1.979280895849655779e-04
6.752033565330834179e-04,3.116822780594452353e-04,-1.929320248171739391e-04,-6.699595301509925509e-05,-2.701240469510226097e-04,-1.928394757273655562e-04
6.591528550741710627e-04,3.042653736941252469e-04,-1.883869983343339791e-04,-6.546583000392748304e-05,-2.638968133989943272e-04,-1.878649547451255583e-04
6.434231321972259943e-04,2.969967962043120087e-04,-1.839325019539663885e-04,-6.396741697791418510e-05,-2.577889085813516541e-04,-1.830016495529348413e-04
6.280077807598260196e-04,2.898735792641172039e-04,-1.795667403119345661e-04,-6.250001781573304811e-05,-2.517982183197597489e-04,-1.782467497420916396e-04
6.129005215758408839e-04,2.828928158737726499e-04,-1.752879535203818377e-04,-6.106295243093516427e-05,-2.459226644296580834e-04,-1.735975110418606828e-04
5.980952008578838044e-04,2.760516571701249352e-04,-1.710944164674458418e-04,-5.965555642340531395e-05,-2.401602038016827014e-04,-1.690512547724693209e-04
5.835857877114521272e-04,2.693473112662544923e-04,-1.669844381309595308e-04,-5.827718073880601304e-05,-2.345088275122555218e-04,-1.646053672737682425e-04
5.693663716780449731e-04,2.627770421112073248e-04,-1.629563609059734718e-04,-5.692719133535542245e-05,-2.289665599594405945e-04,-1.602572993173446666e-04
5.554311603288114270e-04,2.563381683727333424e-04,-1.590085599450867776e-04,-5.560496885784070093e-05,-2.235314580275145552e-04,-1.560045654981013683e-04
5.417744769057233206e-04,2.500280623432774170e-04,-1.551394425119900159e-04,-5.430990831887835515e-05,-2.182016102791442839e-04,-1.518447436046508551e-04
5.283907580095549734e-04,2.438441488678423478e-04,-1.513474473481883045e-04,-5.304141878654536834e-05,-2.129751361735401764e-04,-1.477754739657603572e-04
5.152745513351745903e-04,2.377839042921008463e-04,-1.476310440515154836e-04,-5.179892308039045295e-05,-2.078501853122155345e-04,-1.437944587728595582e-04
5.024205134509338467e-04,2.318448554330639956e-04,-1.439887324676022821e-04,-5.058185747095075239e-05,-2.028249367135613124e-04,-1.398994613758462703e-04
4.898234076241251168e-04,2.260245785690940179e-04,-1.404190420926265291e-04,-4.938967138755814265e-05,-1.978975981119550029e-04,-1.360883055568657817e-04
4.774781016876009239e-04,2.203206984509520003e-04,-1.369205314889985743e-04,-4.822182713122578673e-05,-1.930664052861572120e-04,-1.323588747715247302e-04
4.653795659519486400e-04,2.147308873321734219e-04,-1.334917877111137707e-04,-4.707779959273492932e-05,-1.883296214142408573e-04,-1.287091113646569613e-04
4.535228711569265297e-04,2.092528640191417097e-04,-1.301314257437101343e-04,-4.595707597759646153e-05,-1.836855364551024815e-04,-1.251370157567646723e-04
4.419031864656659337e-04,2.038843929400166943e-04,-1.268380879506750302e-04,-4.485915553345517289e-05,-1.791324665575577029e-04,-1.216406456008104495e-04
4.305157774976973756e-04,1.986232832326880208e-04,-1.236104435349370399e-04,-4.378354928571825949e-05,-1.746687534970191487e-04,-1.182181149059287784e-04
4.193560044022782529e-04,1.934673878492330999e-04,-1.204471880089168326e-04,-4.272977977475471916e-05,-1.702927641387987881e-04,-1.148675931342811346e-04
4.084193199702891770e-04,1.884146026812213645e-04,-1.173470426754012985e-04,-4.169738079944760212e-05,-1.660028899284035934e-04,-1.115873042616277885e-04
3.977012677828509939e-04,1.834628656999403489e-04,-1.143087541190360336e-04,-4.068589716410881308e-05,-1.617975464086430593e-04,-1.083755258078403477e-04
3.871974803985747476e-04,1.786101561151929023e-04,-1.113310937072320596e-04,-3.969488442920780449e-05,-1.576751727656201395e-04,-1.052305878344760628e-04
3.769036775752103419e-04,1.738544935502689111e-04,-1.084128571016475815e-04,-3.872390866658749806e-05,-1.536342313993227309e-04,-1.021508719068686205e-04
3.668156645291390091e-04,1.691939372338703378e-04,-1.055528637785160345e-04,-3.777254621717523320e-05,-1.496732075237863107e-04,-9.913481002573743385e-05
3.569293302272493243e-04,1.646265852077156934e-04,-1.027499565593711022e-04,-3.684038345263919499e-05,-1.457906087920632550e-04,-9.618088352099505754e-05
3.472406457153766920e-04,1.601505735509620577e-04,-1.000030011499573109e-04,-3.592701653866415233e-05,-1.419849649507481861e-04,-9.328762191486494675e-05
3.377456624779910568e-04,1.557640756189849725e-04,-9.731088568928169646e-05,-3.503205120385031573e-05,-1.382548275199705788e-04,-9.045360174621079868e-05
3.284405108322553408e-04,1.514653012972122645e-04,-9.467252030704929433e-05,-3.415510250746787394e-05,-1.345987695014854682e-04,-8.767744536329984931e-05
3.193213983540111960e-04,1.472524962720514539e-04,-9.208683668942519384e-05,-3.329579461240146410e-05,-1.310153851139129869e-04,-8.495781967956600933e-05
3.103846083340167615e-04,1.431239413134774332e-04,-8.955278765457798005e-05,-3.245376055873800742e-05,-1.275032895546633432e-04,-8.229343489415483367e-05
3.016264982671438416e-04,1.390779515739685036e-04,-8.706934673507790820e-05,-3.162864203933512478e-05,-1.240611187902869775e-04,-7.968304317736607696e-05
2.930434983694988737e-04,1.351128759011547241e-04,-8.463550776999353769e-05,-3.082008917770841000e-05,-1.206875293733374613e-04,-7.712543731933417881e-05
2.846321101275662408e-04,1.312270961631313408e-04,-8.225028450369927934e-05,-3.002776030635474216e-05,-1.173811982868861847e-04,-7.461944934505987056e-05
2.763889048738054125e-04,1.274190265889919480e-04,-7.991271019401111997e-05,-2.925132174651571992e-05,-1.141408228175536631e-04,-7.216394908935840763e-05
2.683105223935588687e-04,1.236871131209094869e-04,-7.762183722646019170e-05,-2.849044759016246012e-05,-1.109651204537453995e-04,-6.975784274160995240e-05
2.603936695572453531e-04,1.200298327797360659e-04,-7.537673673763910763e-05,-2.774481948076488371e-05,-1.078528288147597401e-04,-6.740007134654946218e-05
2.526351189815851327e-04,1.164456930444801900e-04,-7.317649824509362604e-05,-2.701412639562445511e-05,-1.048027056041576260e-04,-6.508960927597762431e-05
2.450317077169915565e-04,1.129332312421281589e-04,-7.102022928485490414e-05,-2.629806442833180818e-05,-1.018135285942835201e-04,-6.282546265829575764e-05
2.375803359612260550e-04,1.094910139512143555e-04,-6.890705505597874718e-05,-2.559633657301789320e-05,-9.888409563570369919e-05,-6.060666777386256856e-05
2.302779657988574512e-04,1.061176364163972705e-04,-6.683611807215747425e-05,-2.490865250451841352e-05,-9.601322469719019293e-05,-5.843228941240107997e-05
2.231216199657824132e-04,1.028117219757781006e-04,-6.480657782037699754e-05,-2.423472836255969015e-05,-9.319975393158830236e-05,-5.630141919168300845e-05
2.161083806390728989e-04,9.957192149865064603e-05,-6.281761042580085417e-05,-2.357428653386306466e-05,-9.044254177192248936e-05,-5.421317384026856661e-05
2.092353882497978695e-04,9.639691283459651621e-05,-6.086840832405056360e-05,-2.292705543339254202e-05,-8.774046705397243898e-05,-5.216669343964296178e-05
2.024998403210116684e-04,9.328540027456915830e-05,-5.895817993908622126e-05,-2.229276928363844843e-05,-8.509242916899468546e-05,-5.016113963008151408e-05
1.958989903279456126e-04,9.023611402160282302e-05,-5.708614936804430238e-05,-2.167116789860173935e-05,-8.249734824392208194e-05,-4.819569377225431476e-05
1.894301462722825966e-04,8.724780967282482586e-05,-5.525155553709773878e-05,-2.106199664659703542e-05,-7.995416535620586060e-05,-4.626955481745588061e-05
1.830906687019090418e-04,8.431926771157013316e-05,-5.345365036245875015e-05,-2.046500183721068286e-05,-7.746183960162322064e-05,-4.438194238871467922e-05
1.768779706333946573e-04,8.144929300862491684e-05,-5.169170017754992196e-05,-1.988008221966357537e-05,-7.501934008939502166e-05,-4.253193110321100185e-05
1.707895168155582522e-04,7.863671433642955070e-05,-4.996498598666441684e-05,-1.930793633563251637e-05,-7.262565843485876320e-05,-4.071774435982058381e-05
1.648228226950435612e-04,7.588038388995581968e-05,-4.827280317176240278e-05,-1.875070547712320027e-05,-7.027981383499885858e-05,-3.893605161209198187e-05
1.589754534026877378e-04,7.317917681875683259e-05,-4.661446120470310185e-05,-1.821244392225964713e-05,-6.798085424283260858e-05,-3.718145006460261292e-05
1.532450227597669315e-04,7.053199076696237482e-05,-4.498928336571370512e-05,-1.769943746776882551e-05,-6.572785687883114444e-05,-3.544610448754162424e-05
1.476291923042405982e-04,6.793774542447504540e-05,-4.339660646726811765e-05,-1.722038480698493971e-05,-6.351992806349665739e-05,-3.371952581008605756e-05
1.421256703370081770e-04,6.539538208566438385e-05,-4.183578058333561450e-05,-1.678645554121693922e-05,-6.135620235000663726e-05,-3.198847042604582755e-05
1.367322109863271012e-04,6.290386321693021800e-05,-4.030616878454573048e-05,-1.641123816479607084e-05,-5.923584095817172252e-05,-3.023694344351218332e-05
1.314466132915950952e-04,6.046217203392902480e-05,-3.880714687785314466e-05,-1.611059113323408463e-05,-5.715802954948001369e-05,-2.844629042762824092e-05
1.262667203055336032e-04,5.806931208630775401e-05,-3.733810315204231481e-05,-1.590241002618756797e-05,-5.512197540086963499e-05,-2.659536348358156025e-05
1.211904182135153019e-04,5.572430685089990423e-05,-3.589843812847043477e-05,-1.580632377562012905e-05,-5.312690407910834951e-05,-2.466074879094374740e-05
1.162156354714926449e-04,5.342619933372452762e-05,-3.448756431583892111e-05,-1.584333289594139750e-05,-5.117205575018275395e-05,-2.261704390046406145e-05
1.113403419604673224e-04,5.117405167824705116e-05,-3.310490597109153651e-05,-1.603540254792870117e-05,-4.925668127831450140e-05,-2.043717426645056160e-05
1.065625481582091455e-04,4.896694478439939487e-05,-3.174989886405889250e-05,-1.640502308801642943e-05,-4.738003829915434515e-05,-1.809273955509666258e-05
1.018803043273375209e-04,4.680397793152106669e-05,-3.042199004761648949e-05,-1.697475044288895610e-05,-4.554138746367409067e-05,-1.555438127173289868e-05
9.729169972010744485e-05,4.468426841287942121e-05,-2.912063763154428404e-05,-1.776673817814452487e-05,-4.373998905331028306e-05,-1.279216418189496790e-05
9.279486179835123448e-05,4.260695117330605788e-05,-2.784531056195765938e-05,-1.880227254262854851e-05,-4.197510015911109100e-05,-9.775964850977289093e-06
8.838795546940592519e-05,4.057117845748347255e-05,-2.659548840441151700e-05,-2.010132097538020227e-05,-4.024597260858025431e-05,-6.475861396527184256e-06
8.406918233744846869e-05,3.857611946412530343e-05,-2.537066113156863584e-05,-2.168210368278494619e-05,-3.855185179516528311e-05,-2.862519256138504379e-06
7.983677996971546827e-05,3.662096000609432528e-05,-2.417032891499982088e-05,-2.356069682911151087e-05,-3.689197653126405135e-05,1.092431582130224239e-06
7.568902117722499899e-05,3.470490217838447379e-05,-2.299400192130332681e-05,-2.575067475603608203e-05,-3.526558000796829837e-05,5.416031881062434196e-06
7.162421331012712065e-05,3.282716403274944935e-05,-2.184120011241846707e-05,-2.826279741393918895e-05,-3.367189189882531281e-05,1.013364444482025963e-05
6.764069756687723651e-05,3.098697925864676459e-05,-2.071145304935402258e-05,-3.110474791898001635e-05,-3.211014159485717294e-05,1.526862440516932711e-05
6.373684831749062269e-05,2.918359686974187207e-05,-1.960429970070098397e-05,-3.428092386163734902e-05,-3.057956250838249741e-05,2.084201109143106882e-05
5.991107244008033822e-05,2.741628089900421806e-05,-1.851928825421190884e-05,-3.779228471275559602e-05,-2.907939733991480276e-05,2.687224369507287255e-05
5.616180867104768001e-05,2.568431009617355883e-05,-1.745597593243116324e-05,-4.163625644677845078e-05,-2.760890414927280620e-05,3.337490260955798044e-05
5.248752696777212671e-05,2.398697763527574006e-05,-1.641392881223559586e-05,-4.580669332434966160e-05,-2.616736303797137403e-05,4.036247803419340383e-05
4.888672788421850125e-05,2.232359082582091139e-05,-1.539272164771535097e-05,-5.029389571631053820e-05,-2.475408321771440737e-05,4.784416715425455390e-05
4.535794195930946193e-05,2.069347082939043572e-05,-1.439193769651463325e-05,-5.508468186314082984e-05,-2.336841021114352681e-05,5.582570098149324412e-05
4.189972911722440036e-05,1.909595238254711304e-05,-1.341116854999826112e-05,-6.016251061401956321e-05,-2.200973291827749618e-05,6.430920170529635623e-05
3.851067807986189521e-05,1.753038352690188391e-05,-1.245001396630702770e-05,-6.550765145083676470e-05,-2.067749027425724973e-05,7.329307120666764199e-05
3.518940579073754439e-05,1.599612534113067385e-05,-1.150808170752126980e-05,-7.109739749198305456e-05,-1.937117723079017831e-05,8.277191118977396715e-05
3.193455685081180226e-05,1.449255168143940545e-05,-1.058498737913572215e-05,-7.690631666948842743e-05,-1.809034980171197435e-05,9.273647517159872478e-05
2.874480296553100168e-05,1.301904892544390510e-05,-9.680354273400926243e-06,-8.290653591160236256e-05,-1.683462893846569816e-05,1.031736523855787284e-04
2.561884240249749772e-05,1.157501572198590304e-05,-8.793813215756258713e-06,-8.906805287981141869e-05,-1.560370303223080227e-05,1.140664834139233814e-04
2.255539946057498314e-05,1.015986274591796918e-05,-7.925002413978582779e-06,-9.535906968295862843e-05,-1.439732887184479552e-05,1.253942071575539410e-04
1.955322394925769515e-05,8.773012457618196289e-06,-7.073567310596094910e-06,-1.017463429148686313e-04,-1.321533093384216653e-05,1.371323384957714390e-04
1.661109067838898923e-05,7.413898866502874339e-06,-6.239160438420776507e-06,-1.081955444347260922e-04,-1.205759892386930058e-05,1.492527757566914422e-04
1.372779895838324166e-05,6.081967301087114197e-06,-5.421441278508194685e-06,-1.146716274443603710e-04,-1.092408354332195496e-05,1.617239368788672747e-04
1.090217211044866683e-05,4.776674181843060134e-06,-4.620076121243915121e-06,-1.211391926702898720e-04,-9.814790497701129165e-06,1.745109229335537002e-04
8.133056986042502137e-06,3.497486800239776762e-06,-3.834737930332681561e-06,-1.275628497721424464e-04,-8.729772823448987636e-06,1.875757074916304312e-04
5.419323496589782728e-06,2.243883100722978112e-06,-3.065106209268215168e-06,-1.339075695062016686e-04,-7.669121649234894147e-06,2.008773502018342417e-04
2.759864152179656977e-06,1.015351466834443040e-06,-2.310866870587402599e-06,-1.401390226259256635e-04,-6.632955560404862696e-06,2.143722328742097161e-04
1.535936100122572883e-07,-1.886094848304575717e-07,-1.571712107584766668e-06,-1.462239019919058750e-04,-5.621408772934465523e-06,2.280143163595677632e-04
-2.400552137643824934e-06,-1.368490466438017509e-06,-1.385961612964707028e-06,-1.521302261243748081e-04,-4.634577390736607798e-06,2.417554165820440801e-04
-4.903613710153734698e-06,-2.524776336131621803e-06,-1.266833085740464598e-07,-1.578276134280084269e-04,-3.672710751688480385e-06,2.555454981839375508e-04
-7.356615044625572738e-06,-3.657934239994816861e-06,5.687882058103797670e-07,-1.632875482995977518e-04,-2.735788218213029166e-06,2.693329843717318073e-04
-9.760556205376362616e-06,-4.768428719811514787e-06,1.250350344927668366e-06,-1.684836011839612076e-04,-1.823914481958390391e-06,2.830650817112991186e-04
-1.211641826975502721e-05,-5.856712992096611611e-06,1.918281259447672381e-06,-1.733916350683788329e-04,-9.371015386807010486e-07,2.966881186731651831e-04
-1.442516269600155321e-05,-6.923231210275569865e-06,2.572853537819089204e-06,-1.779899786578493463e-04,-7.529657374946695635e-08,3.101478968258535268e-04
-1.668773171589337271e-05,-7.968418645275010840e-06,3.214334317498000052e-06,-1.822595712013260567e-04,7.616300575871647409e-07,3.233900535177727928e-04
-1.890504871905397766e-05,-8.992701863837910381e-06,3.842985393830529510e-06,-1.861840776107862787e-04,1.573895579877586731e-06,3.363604347683863435e-04
-2.107801862961273872e-05,-9.996498902245281644e-06,4.459063327164285281e-06,-1.897499734534097474e-04,2.361813969176108468e-06,3.490054768934860150e-04
-2.320752827556674415e-05,-1.098021943680096295e-05,5.062819547287288071e-06,-1.929465995172736535e-04,3.125803263736876183e-06,3.612725950946372435e-04
-2.529444675090861816e-05,-1.194426495121230431e-05,5.654500455982347611e-06,-1.957661858424930015e-04,3.866390764669234703e-06,3.731105769028077081e-04
-2.733962576975884298e-05,-1.288902890047071567e-05,6.234347527778806878e-06,-1.982038453061417741e-04,4.584215911828908025e-06,3.844699779880607284e-04
-2.934390001443717722e-05,-1.381489687114737002e-05,6.802597408353293857e-06,-2.002575370803381201e-04,5.280030670609740830e-06,3.953035174534053260e-04
-3.130808747560205802e-05,-1.472224673897881960e-05,7.359482011157476637e-06,-2.019280005934149201e-04,5.954697311265117095e-06,4.055664693555429833e-04
-3.323298978630800503e-05,-1.561144882305063469e-05,7.905228611981978694e-06,-2.032186609286418851e-04,6.609183526879602137e-06,4.152170468436564010e-04
-3.511939254901743485e-05,-1.648286603729525506e-05,8.440059941726335137e-06,-2.041355069742282872e-04,7.244554889535507997e-06,4.242167749991980008e-04
-3.696806565625270814e-05,-1.733685403730221374e-05,8.964194277221052695e-06,-2.046869440073836681e-04,7.861964718476497101e-06,4.325308481914293991e-04
-3.877976360467666478e-05,-1.817376136676009454e-05,9.477845530495105907e-06,-2.048836227803583945e-04,8.462641495738503831e-06,4.401284675403163834e-04
-4.055522580286268896e-05,-1.899392959944230352e-05,9.981223335816560816e-06,-2.047382475573144276e-04,9.047874034120192125e-06,4.469831539130985471e-04
-4.229517687330622424e-05,-1.979769347817207352e-05,1.047453313540104201e-05,-2.042653658939420133e-04,9.618994671160673235e-06,4.530730317378670177e-04
-4.400032694796278165e-05,-2.058538105173797773e-05,1.095797626307789815e-05,-2.034811432850344303e-04,1.017736082564247941e-05,4.583810788405694907e-04
-4.567137195785375600e-05,-2.135731380808681808e-05,1.143175002660427770e-05,-2.024031260686950679e-04,1.072433530873538864e-05,4.628953374764615495e-04
-4.730899391704286111e-05,-2.211380680738076816e-05,1.189604778824965304e-05,-2.010499962127757032e-04,1.126126584004577518e-05,4.666090817520217554e-04
-4.891386120151250530e-05,-2.285516880829950966e-05,1.235105904334539037e-05,-1.994413217725747210e-04,1.178946425380249530e-05,4.695209367474975138e-04
-5.048662882117173914e-05,-2.358170239532191847e-05,1.279696949789287631e-05,-1.975973069088523756e-04,1.231018591769919854e-05,4.716349448438825133e-04
-5.202793868753277504e-05,-2.429370410145816390e-05,1.323396114436229243e-05,-1.955385453819776540e-04,1.282460990022764679e-05,4.729605750586846156e-04
-5.353841987535875989e-05,-2.499146453096963441e-05,1.366221233576857376e-05,-1.932857813913842855e-04,1.333382042808173796e-05,4.735126716653601463e-04
-5.501868887974258423e-05,-2.567526847524165569e-05,1.408189785861821491e-05,-1.908596814720779156e-04,1.383879016160819396e-05,4.733113389160860276e-04
-5.646934986745445653e-05,-2.634539503126920705e-05,1.449318900407964473e-05,-1.882806209395417344e-04,1.434036578686488516e-05,4.723817594678175356e-04
-5.789099492333478182e-05,-2.700211771445335139e-05,1.489625363801599004e-05,-1.855684880310934251e-04,1.483925637422286442e-05,4.707539449955284679e-04
-5.928420429225910457e-05,-2.764570457045494110e-05,1.529125626945045054e-05,-1.827425084723913141e-04,1.533602488769242865e-05,4.684624185622268179e-04
-6.064954661552214788e-05,-2.827641828545889043e-05,1.567835811756816694e-05,-1.798210926714064221e-04,1.583108315164654311e-05,4.655458295359027939e-04
-6.198757916325007460e-05,-2.889451629092269468e-05,1.605771717768738371e-05,-1.768217071549501500e-04,1.632469048261390380e-05,4.620465032229018531e-04
-6.329884806146839744e-05,-2.950025087204046948e-05,1.642948828557251947e-05,-1.737607711921235242e-04,1.681695608472388921e-05,4.580099288655696912e-04
-6.458388851502766754e-05,-3.009386926756891771e-05,1.679382318076541440e-05,-1.706535788449171692e-04,1.730784519496487381e-05,4.534841912471704816e-04
-6.584322502642136500e-05,-3.067561377235189247e-05,1.715087056828762480e-05,-1.675142459733789356e-04,1.779718883836615032e-05,4.485193527632078928e-04
-6.707737160891510259e-05,-3.124572183605296976e-05,1.750077617967382603e-05,-1.643556810031914547e-04,1.828469692917192123e-05,4.431667944788166024e-04
-6.828683199725305085e-05,-3.180442616027269546e-05,1.784368283195655094e-05,-1.611895776171906277e-04,1.876997434282355506e-05,4.374785262804871682e-04
-6.947209985252951253e-05,-3.235195479210536658e-05,1.817973048640625101e-05,-1.580264269505535191e-04,1.925253946623430596e-05,4.315064777870067478e-04
-7.063365896398201324e-05,-3.288853121956174138e-05,1.850905630539472217e-05,-1.548755464152549316e-04,1.973184464156522441e-05,4.253017830658156946e-04
-7.177198344632430968e-05,-3.341437446017948024e-05,1.883179470835063662e-05,-1.517451219714841058e-04,2.020729784390192107e-05,4.189140734625041405e-04
-7.288753793327765651e-05,-3.392969915202093193e-05,1.914807742667854682e-05,-1.486422605302184020e-04,2.067828487324593808e-05,4.123907938882206254e-04
-7.398077776679948465e-05,-3.443471564145284529e-05,1.945803355757626569e-05,-1.455730492339535537e-04,2.114419131403811773e-05,4.057765587345320019e-04
-7.505214918359722376e-05,-3.492963006722031160e-05,1.976178961647440184e-05,-1.425426186229024480e-04,2.160442350602142202e-05,3.991125641856814324e-04
-7.610208949635426752e-05,-3.541464444711827936e-05,2.005946958904991531e-05,-1.395552071665651810e-04,2.205842779418662532e-05,3.924360740356958358e-04
-7.713102727289027614e-05,-3.588995675843991112e-05,2.035119498140370561e-05,-1.366142252808184583e-04,2.250570736666401812e-05,3.857799962814479049e-04
-7.813938251066061586e-05,-3.635576101885977990e-05,2.063708486999325478e-05,-1.337223177894230502e-04,2.294583605592771347e-05,3.791725676887404113e-04
-7.912756680838052125e-05,-3.681224736731341328e-05,2.091725594993246534e-05,-1.308814247216460189e-04,2.337846855695999469e-05,3.726371633356474603e-04
-8.009598353359717398e-05,-3.725960213895518949e-05,2.119182258277220953e-05,-1.280928413656397355e-04,2.380334661251893189e-05,3.661922478502719833e-04
-8.104502798778371545e-05,-3.769800794381066586e-05,2.146089684318486186e-05,-1.253572795541414860e-04,2.422030080708377248e-05,3.598514847279199740e-04
-8.197508756737086240e-05,-3.812764374011419580e-05,2.172458856450693984e-05,-1.226749331609207122e-04,2.462924770444932626e-05,3.536240198562610863e-04
-8.288654192163741254e-05,-3.854868490678625155e-05,2.198300538394033616e-05,-1.200455516611359687e-04,2.503018213934704738e-05,3.475149552403996320e-04
-8.377976310812521856e-05,-3.896130331576308546e-05,2.223625278592056829e-05,-1.174685263057512397e-04,2.542316453372543708e-05,3.415260290356003496e-04
-8.465511574385989888e-05,-3.936566740179694079e-05,2.248443414569676921e-05,-1.149429938243021079e-04,2.580830312779835555e-05,3.356565184120953015e-04
-8.551295715472475906e-05,-3.976194223185770978e-05,2.272765077124570682e-05,-1.124679611938107890e-04,2.618573407467748618e-05,3.299043703144560248e-04
-8.635363752112614551e-05,-4.015028957137956343e-05,2.296600194452454153e-05,-1.100424199272153838e-04,2.655560859617052866e-05,3.242672496517655053e-04
-8.717750002021750085e-05,-4.053086795110398733e-05,2.319958496231337261e-05,-1.076653803909230722e-04,2.691807792437680240e-05,3.187428561396348317e-04
-8.798488096692651424e-05,-4.090383273159343622e-05,2.342849517548049065e-05,-1.053358727407175516e-04,2.727329026518406194e-05,3.133289354938896347e-04
-8.877610995071829431e-05,-4.126933616682392490e-05,2.365282602826912091e-05,-1.030529465253887092e-04,2.762139085848966638e-05,3.080232785106034026e-04
-8.955150996994335985e-05,-4.162752746513957914e-05,2.387266909623588667e-05,-1.008156702983666465e-04,2.796252203756803781e-05,3.028237201644461141e-04
-9.031139756388630859e-05,-4.197855285233485198e-05,2.408811412370569821e-05,-9.862313123935648033e-05,2.829682328774463360e-05,2.977281387261255640e-04
-9.105608294187906302e-05,-4.232255562886848223e-05,2.429924906025761225e-05,-9.647443478031321787e-05,2.862443130248421163e-05,2.927344548960355056e-04
-9.178587010984747062e-05,-4.265967623010432182e-05,2.450616009683982997e-05,-9.436870424108369064e-05,2.894548003973255158e-05,2.878406309557754016e-04
-9.250105699428957842e-05,-4.299005228310004992e-05,2.470893170068899617e-05,-9.230508047205187845e-05,2.926010077719039625e-05,2.830446699356548392e-04
-9.320193556400379492e-05,-4.331381866246175870e-05,2.490764665001060464e-05,-9.028272150278748810e-05,2.956842216475674096e-05,2.783446148020686062e-04
-9.388879194916146143e-05,-4.363110754573046882e-05,2.510238606758756130e-05,-8.830080219936211846e-05,2.987057027820173689e-05,2.737385476565265606e-04
-9.456190655802353346e-05,-4.394204846732411478e-05,2.529322945389646531e-05,-8.635851392711301302e-05,3.016666867020863227e-05,2.692245889547763152e-04
-9.522155419151279144e-05,-4.424676837086807395e-05,2.548025471977941132e-05,-8.445506422063064813e-05,3.045683842025630154e-05,2.648008967389131997e-04
-9.586800415500335178e-05,-4.454539166191243040e-05,2.566353821800922117e-05,-8.258967646174656784e-05,3.074119818557185163e-05,2.604656658859195182e-04
-9.650152036871930913e-05,-4.483804025767090833e-05,2.584315477433741623e-05,-8.076158956019276062e-05,3.101986424843731718e-05,2.562171273707457763e-04
-9.712236147487906450e-05,-4.512483363774220105e-05,2.601917771840146705e-05,-7.897005764525832905e-05,3.129295056387201829e-05,2.520535475450441025e-04
-9.773078094370023824e-05,-4.540588889270751055e-05,2.619167891337872913e-05,-7.721434976144915605e-05,3.156056880633443357e-05,2.479732274294441660e-04
-9.832702717669277652e-05,-4.568132077082095511e-05,2.636072878528524809e-05,-7.549374956815044539e-05,3.182282841556899344e-05,2.439745020202605593e-04
-9.891134360780726197e-05,-4.595124172563421362e-05,2.652639635182934419e-05,-7.380755504950870796e-05,3.207983664106629063e-05,2.400557396105205922e-04
-9.948396880286907362e-05,-4.621576196250003703e-05,2.668874925066663239e-05,-7.215507822731678485e-05,3.233169858579628574e-05,2.362153411223138144e-04
-1.000451365572796258e-04,-4.647498948313347271e-05,2.684785376669237262e-05,-7.053564487978818880e-05,3.257851724919853613e-05,2.324517394565714422e-04
-1.005950759908058058e-04,-4.672903012846013729e-05,2.700377485939081177e-05,-6.894859426744217202e-05,3.282039356986320356e-05,2.287633988526134718e-04
-1.011340116417035900e-04,-4.697798762366211329e-05,2.715657618920477284e-05,-6.739327886265681267e-05,3.305742646603155509e-05,2.251488142613508299e-04
-1.016621635579203575e-04,-4.722196361945561288e-05,2.730632014345983353e-05,-6.586906408611039004e-05,3.328971287633834272e-05,2.216065107308087519e-04
-1.021797473867046204e-04,-4.746105773350202563e-05,2.745306786199928710e-05,-6.437532804722387238e-05,3.351734779920971134e-05,2.181350428050831520e-04
-1.026869744634868574e-04,-4.769536759175391417e-05,2.759687926194693037e-05,-6.291146129104672330e-05,3.374042433213602363e-05,2.147329939342866578e-04
-1.031840518970271827e-04,-4.792498886766839771e-05,2.773781306227158497e-05,-6.147686654914388859e-05,3.395903370890202775e-05,2.113989758950404892e-04
-1.036711826546035501e-04,-4.815001532179773625e-05,2.787592680773357600e-05,-6.007095849659242488e-05,3.417326533822025365e-05,2.081316282267305822e-04
-1.041485656447859945e-04,-4.837053883899197310e-05,2.801127689228593486e-05,-5.869316351197995210e-05,3.438320683857135524e-05,2.049296176739795797e-04
-1.046163957982344811e-04,-4.858664946736051919e-05,2.814391858218775658e-05,-5.734291944495569892e-05,3.458894407538008829e-05,2.017916376438835693e-04
-1.050748641477227026e-04,-4.879843545359882092e-05,2.827390603849953146e-05,-5.601967538456239734e-05,3.479056119558819344e-05,1.987164076722410032e-04
-1.055241579057488620e-04,-4.900598328026688319e-05,2.840129233927852532e-05,-5.472289143778542755e-05,3.498814066182277696e-05,1.957026729009934886e-04
-1.059644605409313495e-04,-4.920937770040914589e-05,2.852612950097503170e-05,-5.345203850577352343e-05,3.518176328684491708e-05,1.927492035662130472e-04
-1.063959518531953712e-04,-4.940870177163272670e-05,2.864846850008147006e-05,-5.220659807027678244e-05,3.537150826538278169e-05,1.898547944973013517e-04
-1.068188080468674474e-04,-4.960403689131018501e-05,2.876835929340297186e-05,-5.098606198108642412e-05,3.555745320758326334e-05,1.870182646234048172e-04
-1.072332018024188321e-04,-4.979546282881500727e-05,2.888585083899723776e-05,-4.978993224947276164e-05,3.573967417030910127e-05,1.842384564927073028e-04
-1.076393023473993859e-04,-4.998305775810897030e-05,2.900099111576409899e-05,-4.861772084417927473e-05,3.591824568830253136e-05,1.815142357997155795e-04
-1.080372755251793413e-04,-5.016689829008468492e-05,2.911382714309781338e-05,-4.746894949274819948e-05,3.609324080433536287e-05,1.788444909228691668e-04
-1.084272838625554338e-04,-5.034705950348269829e-05,2.922440500033519255e-05,-4.634314948617934178e-05,3.626473109959136589e-05,1.762281324695878510e-04
-1.088094866363387234e-04,-5.052361497568564778e-05,2.933276984506755973e-05,-4.523986148769893861e-05,3.643278672247551528e-05,1.736640928330869982e-04
-1.091840399381121878e-04,-5.069663681283801397e-05,2.943896593210363553e-05,-4.415863534619371926e-05,3.659747641739207732e-05,1.711513257571855239e-04
-1.095510967382459626e-04,-5.086619567904035119e-05,2.954303663099602518e-05,-4.309902991109050628e-05,3.675886755305205785e-05,1.686888059068864540e-04
-1.099108069476958211e-04,-5.103236082515900588e-05,2.964502444424954022e-05,-4.206061285312184150e-05,3.691702614989663924e-05,1.662755284526129030e-04
-1.102633174799654648e-04,-5.119520011737322069e-05,2.974497102434820736e-05,-4.104296048798035363e-05,3.707201690655911316e-05,1.639105086584395816e-04
-1.106087723103558405e-04,-5.135478006451967556e-05,2.984291719082485600e-05,-4.004565760374961884e-05,3.722390322782726093e-05,1.615927814810937384e-04
-1.109473125353103962e-04,-5.151116584593082184e-05,2.993890294688488185e-05,-3.906829729100144715e-05,3.737274724815905494e-05,1.593214011763931324e-04
-1.112790764294404434e-04,-5.166442133682831337e-05,3.003296749584352432e-05,-3.811048077655861924e-05,3.751860985953824507e-05,1.570954409125677133e-04
-1.116041995022384572e-04,-5.181460913535825853e-05,3.012514925705908145e-05,-3.717181726103405522e-05,3.766155073476953343e-05,1.549139923917957056e-04
-1.119228145535922640e-04,-5.196179058809717799e-05,3.021548588150404870e-05,-3.625192376036826360e-05,3.780162835227451516e-05,1.527761654811765884e-04
-1.122350517275611166e-04,-5.210602581434257860e-05,3.030401426729564761e-05,-3.535042494792358899e-05,3.793890002039215922e-05,1.506810878475891777e-04
-1.125410385654890375e-04,-5.224737373160596846e-05,3.039077057471807709e-05,-3.446695300224191861e-05,3.807342190021827257e-05,1.486279046028742684e-04
-1.128409000586165153e-04,-5.238589207909995573e-05,3.047579024083534288e-05,-3.360114745680222007e-05,3.820524902905382515e-05,1.466157779553454120e-04
-1.131347586983468689e-04,-5.252163744110267666e-05,3.055910799410430383e-05,-3.275265505322122060e-05,3.833443534245487087e-05,1.446438868656287232e-04
-1.134227345265318148e-04,-5.265466527050035130e-05,3.064075786865423114e-05,-3.192112959678661179e-05,3.846103369652084409e-05,1.427114267148260271e-04
-1.137049451847982616e-04,-5.278502991167040038e-05,3.072077321766373544e-05,-3.110623181543332799e-05,3.858509588965236266e-05,1.408176089738990080e-04
-1.139815059620311342e-04,-5.291278462150483689e-05,3.079918672766660779e-05,-3.030762922094148374e-05,3.870667268329681986e-05,1.389616608827114847e-04
-1.142525298417122151e-04,-5.303798159243014828e-05,3.087603043137103986e-05,-2.952499597413207639e-05,3.882581382307279659e-05,1.371428251341787934e-04
-1.145181275477110170e-04,-5.316067197293300543e-05,3.095133572103722191e-05,-2.875801275006385747e-05,3.894256805898535642e-05,1.353603595662991306e-04
-1.147784075898731121e-04,-5.328090588879695068e-05,3.102513336109717824e-05,-2.800636661066978946e-05,3.905698316534746774e-05,1.336135368580706226e-04
-1.150334763083112142e-04,-5.339873246284750161e-05,3.109745350072343504e-05,-2.726975087395269541e-05,3.916910596023881708e-05,1.319016442338453575e-04
-1.152834379162334953e-04,-5.351419983678803695e-05,3.116832568620022802e-05,-2.654786499173053725e-05,3.927898232454098403e-05,1.302239831706814000e-04
-1.155283945430812662e-04,-5.362735518817783343e-05,3.123777887308207079e-05,-2.584041442449620861e-05,3.938665722100571822e-05,1.285798691162407578e-04
-1.157684462758799593e-04,-5.373824475215293819e-05,3.130584143770350283e-05,-2.514711052282830761e-05,3.949217471255367666e-05,1.269686312060217307e-04
-1.160036912003126913e-04,-5.384691383878533659e-05,3.137254118896917830e-05,-2.446767040891383312e-05,3.959557798025004852e-05,1.253896119923590268e-04
-1.162342254403259383e-04,-5.395340685255274984e-05,3.143790537989448657e-05,-2.380181686195748835e-05,3.969690934067195609e-05,1.238421671744226453e-04
-1.164601431978458808e-04,-5.405776730896872425e-05,3.150196071822613251e-05,-2.314927820392481369e-05,3.979621026344062727e-05,1.223256653362106102e-04
-1.166815367908532119e-04,-5.416003785450385685e-05,3.156473337781530881e-05,-2.250978818950474298e-05,3.989352138824633096e-05,1.208394876885377059e-04
-1.168984966914681786e-04,-5.426026028189513656e-05,3.162624900896727988e-05,-2.188308589685024431e-05,3.998888254167343967e-05,1.193830278169086533e-04
-1.171111115622770462e-04,-5.435847554882415242e-05,3.168653274905120133e-05,-2.126891562264930825e-05,4.008233275274893906e-05,1.179556914330546423e-04
-1.173194682928589374e-04,-5.445472379323185576e-05,3.174560923302166511e-05,-2.066702677497622538e-05,4.017391026956939324e-05,1.165568961337969291e-04
-1.175236520356402222e-04,-5.454904435078486750e-05,3.180350260278009406e-05,-2.007717377424805420e-05,4.026365257494069670e-05,1.151860711619090389e-04
-1.177237462396253209e-04,-5.464147577076974648e-05,3.186023651771908917e-05,-1.949911595062892096e-05,4.035159640085483635e-05,1.138426571750830545e-04
-1.179198326854985767e-04,-5.473205583136521034e-05,3.191583416393247634e-05,-1.893261744720817368e-05,4.043777774493284745e-05,1.125261060151179217e-04
-1.181119915182502161e-04,-5.482082155478145352e-05,3.197031826416942067e-05,-1.837744712317890898e-05,4.052223188326804895e-05,1.112358804874327890e-04
-1.183003012803754059e-04,-5.490780922359792205e-05,3.202371108638477011e-05,-1.783337845945956546e-05,4.060499338671587621e-05,1.099714541393586275e-04
-1.184848389435441370e-04,-5.499305439476877294e-05,3.207603445352037508e-05,-1.730018946642544229e-05,4.068609613414721573e-05,1.087323110454244043e-04
-1.186656799403256038e-04,-5.507659191345627069e-05,3.212730975192407416e-05,-1.677766259352808146e-05,4.076557332609325899e-05,1.075179455981940466e-04
-1.188428981947870454e-04,-5.515845592906663884e-05,3.217755794038067814e-05,-1.626558464069129147e-05,4.084345749863899756e-05,1.063278623012127341e-04
-1.190165661525803564e-04,-5.523867990718781034e-05,3.222679955856550779e-05,-1.576374667026297709e-05,4.091978053644847565e-05,1.051615755665049164e-04
-1.191867548109200054e-04,-5.531729664463952922e-05,3.227505473532607907e-05,-1.527194392296389738e-05,4.099457368657795950e-05,1.040186095170683879e-04
-1.193535337469528250e-04,-5.539433828222091189e-05,3.232234319698648855e-05,-1.478997573405905272e-05,4.106786757006794915e-05,1.028984977926987340e-04
-1.195169711464237887e-04,-5.546983631843412918e-05,3.236868427560162084e-05,-1.431764545108368236e-05,4.113969219523078759e-05,1.018007833579229567e-04
-1.196771338320203081e-04,-5.554382162104858794e-05,3.241409691624482349e-05,-1.385476035367901418e-05,4.121007697043111399e-05,1.007250183183711208e-04
-1.198340872895774538e-04,-5.561632444139411746e-05,3.245859968549760305e-05,-1.340113157553778565e-05,4.127905071451163309e-05,9.967076373648128340e-05
-1.199878956956297821e-04,-5.568737442508677821e-05,3.250221077845929704e-05,-1.295657402668327710e-05,4.134664166978208765e-05,9.863758945097928985e-05
-1.201386219433915300e-04,-5.575700062611908554e-05,3.254494802647559909e-05,-1.252090631863490127e-05,4.141287751373263988e-05,9.762507390512937275e-05
-1.202863276682729739e-04,-5.582523151543429378e-05,3.258682890420681167e-05,-1.209395068868645796e-05,4.147778536927248047e-05,9.663280397009928137e-05
-1.204310732732852930e-04,-5.589209499675914969e-05,3.262787053694369681e-05,-1.167553293051225851e-05,4.154139181676964974e-05,9.566037478020520410e-05
-1.205729179531174868e-04,-5.595761841479506016e-05,3.266808970752263275e-05,-1.126548231977812077e-05,4.160372290450967874e-05,9.470738956526951479e-05
-1.207119197192585869e-04,-5.602182856726828787e-05,3.270750286306843660e-05,-1.086363154641359891e-05,4.166480415918664791e-05,9.377345949041733855e-05
-1.208481354226873927e-04,-5.608475171614344778e-05,3.274612612197086659e-05,-1.046981664655151897e-05,4.172466059702174818e-05,9.285820349587280587e-05
-1.209816207778304252e-04,-5.614641359878399970e-05,3.278397528008757301e-05,-1.008387693391255370e-05,4.178331673350518978e-05,9.196124814275061948e-05
-1.211124303846915511e-04,-5.620683943702566520e-05,3.282106581756042991e-05,-9.705654935631077444e-06,4.184079659306733312e-05,9.108222745962438432e-05
-1.212406177515646083e-04,-5.626605394910812674e-05,3.285741290496360510e-05,-9.334996328303041925e-06,4.189712371956284923e-05,9.022078279386912692e-05
-1.213662353167156742e-04,-5.632408135817297041e-05,3.289303140927016191e-05,-8.971749873590187968e-06,4.195232118544206724e-05,8.937656266522420656e-05
-1.214893344697268732e-04,-5.638094540363887088e-05,3.292793590048894180e-05,-8.615767358043128503e-06,4.200641160138782410e-05,8.854922262146532497e-05
-1.216099655725308063e-04,-5.643666934996416753e-05,3.296214065705504136e-05,-8.266903530815233097e-06,4.205941712596598876e-05,8.773842510051597867e-05
-1.217281779799181813e-04,-5.649127599613466345e-05,3.299565967193619483e-05,-7.925016046816918714e-06,4.211135947322314444e-05,8.694383928867296799e-05
-1.218440200597344260e-04,-5.654478768550870975e-05,3.302850665822815851e-05,-7.589965406206135891e-06,4.216225992366597872e-05,8.616514098837991912e-05
-1.219575392126005255e-04,-5.659722631488171846e-05,3.306069505480239447e-05,-7.261614899541272697e-06,4.221213933151253615e-05,8.540201248611159794e-05
-1.220687818913896848e-04,-5.664861334226249418e-05,3.309223803183066332e-05,-6.939830550047726173e-06,4.226101813319992556e-05,8.465414242081333539e-05
-1.221777936196524500e-04,-5.669896979724030074e-05,3.312314849615595854e-05,-6.624481060658338747e-06,4.230891635649196389e-05,8.392122565877973292e-05
-1.222846190110117028e-04,-5.674831628899803002e-05,3.315343909635929488e-05,-6.315437759832930684e-06,4.235585362823478608e-05,8.320296316764524362e-05
-1.223893017864619329e-04,-5.679667301402470804e-05,3.318312222827672538e-05,-6.012574548377064591e-06,4.240184918252428906e-05,8.249906189581446671e-05
-1.224918847932298565e-04,-5.684405976536428828e-05,3.321221003967650144e-05,-5.715767848370414096e-06,4.244692186822722192e-05,8.180923465078254438e-05
-1.225924100213615165e-04,-5.689049593998224988e-05,3.324071443552676389e-05,-5.424896554426620352e-06,4.249109015736809959e-05,8.113319998433880570e-05
-1.226909186211962610e-04,-5.693600054741710401e-05,3.326864708269749072e-05,-5.139841980845527487e-06,4.253437215169826856e-05,8.047068207643787196e-05
-1.227874509202280114e-04,-5.698059221645111039e-05,3.329601941474427483e-05,-4.860487816981173473e-06,4.257678559082179217e-05,7.982141062240175630e-05
-1.228820464397416398e-04,-5.702428920358242282e-05,3.332284263647569515e-05,-4.586720076281528385e-06,4.261834785967844453e-05,7.918512072323023547e-05
-1.229747439102417894e-04,-5.706710940048037497e-05,3.334912772888184892e-05,-4.318427053099936131e-06,4.265907599489153810e-05,7.856155277768774102e-05
-1.230655812882201696e-04,-5.710907034058909838e-05,3.337488545308020391e-05,-4.055499274177636446e-06,4.269898669213726615e-05,7.795045237516736597e-05
-1.231545957705495054e-04,-5.715018920696939410e-05,3.340012635524400200e-05,-3.797829455677363033e-06,4.273809631259050832e-05,7.735157019343963597e-05
-1.232418238108077733e-04,-5.719048283928349514e-05,3.342486077037549281e-05,-3.545312459884034894e-06,4.277642089093593950e-05,7.676466189562440893e-05
-1.233273011333221154e-04,-5.722996773994237080e-05,3.344909882708941337e-05,-3.297845249685107066e-06,4.281397613967799092e-05,7.618948803104814863e-05
-1.234110627480137633e-04,-5.726866008156985557e-05,3.347285045128354776e-05,-3.055326849601191462e-06,4.285077745784917556e-05,7.562581393798891631e-05
-1.234931429648846867e-04,-5.730657571333270926e-05,3.349612537036192501e-05,-2.817658303153128500e-06,4.288683993570971837e-05,7.507340964764232303e-05
-1.235735754074979663e-04,-5.734373016795380590e-05,3.351893311729954047e-05,-2.584742632227494059e-06,4.292217836130832106e-05,7.453204978864271543e-05
-1.236523930272834086e-04,-5.738013866673763441e-05,3.354128303429208520e-05,-2.356484797885413730e-06,4.295680722759147226e-05,7.400151349757952521e-05
-1.237296281167769548e-04,-5.741581612672982086e-05,3.356318427688855882e-05,-2.132791661726563970e-06,4.299074073647831979e-05,7.348158432873624565e-05
-1.238053123224585835e-04,-5.745077716761846156e-05,3.358464581742527655e-05,-1.913571948585567086e-06,4.302399280608795550e-05,7.297205016216442598e-05
-1.238794766583135659e-04,-5.748503611551201872e-05,3.360567644877871305e-05,-1.698736206563764779e-06,4.305657707593275727e-05,7.247270312285953003e-05
-1.239521515177297950e-04,-5.751860701068233330e-05,3.362628478824168107e-05,-1.488196773944585565e-06,4.308850691222088303e-05,7.198333949050004827e-05
-1.240233666866580764e-04,-5.755150361272058900e-05,3.364647928040968091e-05,-1.281867741778928469e-06,4.311979541412972199e-05,7.150375961973374215e-05
-1.240931513552725595e-04,-5.758373940538366896e-05,3.366626820126408033e-05,-1.079664918025026456e-06,4.315045541812723991e-05,7.103376785802115385e-05
-1.241615341298928142e-04,-5.761532760348870571e-05,3.368565966130462538e-05,-8.815057951299658798e-07,4.318049950439659530e-05,7.057317246458973202e-05
-1.242285430449859224e-04,-5.764628115728797253e-05,3.370466160865176291e-05,-6.873095151687920332e-07,4.320994000078912692e-05,7.012178553382837534e-05
-1.242942055742536644e-04,-5.767661275823308492e-05,3.372328183262369457e-05,-4.969968367600171739e-07,4.323878898819757846e-05,6.967942291690590382e-05
-1.243585486421488876e-04,-5.770633484358464200e-05,3.374152796677007621e-05,-3.104901030913171126e-07,4.326705830652646789e-05,6.924590414838550662e-05
-1.244215986344037329e-04,-5.773545960241346171e-05,3.375940749196463674e-05,-1.277132098343307525e-07,4.329475955807032589e-05,6.882105237072948147e-05
-1.244833814095738127e-04,-5.776399897974042387e-05,3.377692773943318541e-05,5.140842427608831358e-08,4.332190411337881621e-05,6.840469426479965284e-05
-1.245439223086123128e-04,-5.779196468162903553e-05,3.379409589382333378e-05,2.269478903041191591e-07,4.334850311453798552e-05,6.799665997613837335e-05
-1.246032461659795677e-04,-5.781936818047624267e-05,3.381091899623067334e-05,3.989768174234566893e-07,4.337456748155555687e-05,6.759678304657901584e-05
-1.246613773195788251e-04,-5.784622071897644284e-05,3.382740394668860520e-05,5.675654027820030940e-07,4.340010791560301945e-05,6.720490034807674888e-05
-1.247183396204631077e-04,-5.787253331460937055e-05,3.384355750749409630e-05,7.327824395901449350e-07,4.342513490334171724e-05,6.682085201454074819e-05
-1.247741564426232822e-04,-5.789831676481788775e-05,3.385938630561122019e-05,8.946953457641528244e-07,4.344965872179835031e-05,6.644448137555412600e-05
-1.248288506930864269e-04,-5.792358165169907592e-05,3.387489683542627052e-05,1.053370190571257247e-06,4.347368944226705911e-05,6.607563489531151563e-05
-1.248824448201416460e-04,-5.794833834515844442e-05,3.389009546161643130e-05,1.208871722495754300e-06,4.349723693454900057e-05,6.571416210744915614e-05
-1.249349608237981487e-04,-5.797259700741411973e-05,3.390498842137289952e-05,1.361263395439921895e-06,4.352031087079867724e-05,6.535991555553688395e-05
-1.249864202635214922e-04,-5.799636759852256983e-05,3.391958182740185517e-05,1.510607394147680957e-06,4.354292072930308660e-05,6.501275073012841965e-05
-1.250368442682565158e-04,-5.801965987817283015e-05,3.393388166985760726e-05,1.656964660072397069e-06,4.356507579941443442e-05,6.467252601336144231e-05
-1.250862535440042881e-04,-5.804248341161160056e-05,3.394789381942287312e-05,1.800394916245419467e-06,4.358678518363536718e-05,6.433910261911637873e-05
-1.251346683827815739e-04,-5.806484757240151003e-05,3.396162402919107544e-05,1.940956691700494816e-06,4.360805780278016069e-05,6.401234453583993123e-05
-1.251821086708940559e-04,-5.808676154732676545e-05,3.397507793724802405e-05,2.078707343899890086e-06,4.362890239909488453e-05,6.369211847292146819e-05
-1.252285938969048139e-04,-5.810823433847626317e-05,3.398826106902151086e-05,2.213703085046099077e-06,4.364932753972729625e-05,6.337829380462654447e-05
-1.252741431596940131e-04,-5.812927476894478484e-05,3.400117883919500798e-05,2.345999001843407374e-06,4.366934162048929393e-05,6.307074251725028541e-05
-1.253187751761313689e-04,-5.814989148465685582e-05,3.401383655453709656e-05,2.475649080255346355e-06,4.368895286907036269e-05,6.276933915782519156e-05
-1.253625082889896301e-04,-5.817009295874371003e-05,3.402623941539669681e-05,2.602706227264545240e-06,4.370816934818561668e-05,6.247396078160733206e-05
-1.254053604739693959e-04,-5.818988749510024556e-05,3.403839251822831714e-05,2.727222290412197235e-06,4.372699895975465308e-05,6.218448690289368156e-05
-1.254473493474942585e-04,-5.820928323195021344e-05,3.405030085759594438e-05,2.849248081889346055e-06,4.374544944697516326e-05,6.190079944472871897e-05
-1.254884921736503748e-04,-5.822828814340140404e-05,3.406196932818718651e-05,2.968833397299126063e-06,4.376352839862666656e-05,6.162278269160914351e-05
-1.255288058711653398e-04,-5.824691004580399134e-05,3.407340272674562584e-05,3.086027035862407969e-06,4.378124325093760128e-05,6.135032324329831228e-05
-1.255683070207849630e-04,-5.826515659793899440e-05,3.408460575409880561e-05,3.200876822621574501e-06,4.379860129179156156e-05,6.108330996553240568e-05
-1.256070118712430213e-04,-5.828303530626085562e-05,3.409558301720008765e-05,3.313429625093471470e-06,4.381560966287634869e-05,6.082163394727674614e-05
-1.256449363465425703e-04,-5.830055352654950736e-05,3.410633903073064915e-05,3.423731373474890422e-06,4.383227536329817266e-05,6.056518845587279470e-05
-1.256820960523682691e-04,-5.831771846756349633e-05,3.411687821911226333e-05,3.531827080626035047e-06,4.384860525181918109e-05,6.031386889251809928e-05
-1.257185062821003681e-04,-5.833453719430720645e-05,3.412720491829317020e-05,3.637760858057232560e-06,4.386460604974075269e-05,6.006757275007767067e-05
-1.257541820235380363e-04,-5.835101662991375892e-05,3.413732337757132508e-05,3.741575936356502455e-06,4.388028434435477698e-05,5.982619957189480998e-05
-1.257891379644064309e-04,-5.836716355947616934e-05,3.414723776125360745e-05,3.843314680954174150e-06,4.389564659073931675e-05,5.958965090960249139e-05
-1.258233884990401532e-04,-5.838298463228758044e-05,3.415695215031366768e-05,3.943018610107976948e-06,4.391069911472285066e-05,5.935783028359928695e-05
-1.258569477338558672e-04,-5.839848636480456280e-05,3.416647054409680786e-05,4.040728412444067461e-06,4.392544811589115211e-05,5.913064314452466148e-05
-1.258898294930509208e-04,-5.841367514290230281e-05,3.417579686209038908e-05,4.136483962610571172e-06,4.393989966915810846e-05,5.890799683262466085e-05
-1.259220473245103230e-04,-5.842855722494147858e-05,3.418493494536312333e-05,4.230324337819460808e-06,4.395405972858184164e-05,5.868980054211375284e-05
-1.259536145050198859e-04,-5.844313874438961006e-05,3.419388855812364130e-05,4.322287833944189652e-06,4.396793412822555785e-05,5.847596528209484794e-05
-1.259845440462215580e-04,-5.845742571148784372e-05,3.420266138929338505e-05,4.412411981395417468e-06,4.398152858594734922e-05,5.826640384247534408e-05
-1.260148486991263068e-04,-5.847142401646760417e-05,3.421125705402938358e-05,4.500733559664360374e-06,4.399484870532496431e-05,5.806103075610856889e-05
-1.260445409599484279e-04,-5.848513943209264173e-05,3.421967909529145346e-05,4.587288613309528063e-06,4.400789997702951264e-05,5.785976226581994588e-05
-1.260736330751104659e-04,-5.849857761526633501e-05,3.422793098509010882e-05,4.672112465611896099e-06,4.402068778243154818e-05,5.766251628832472573e-05
-1.261021370459364276e-04,-5.851174411012832820e-05,3.423601612607110242e-05,4.755239733562496627e-06,4.403321739489093791e-05,5.746921238369679893e-05
-1.261300646338786124e-04,-5.852464434977146680e-05,3.424393785275698629e-05,4.836704342849785460e-06,4.404549398247065378e-05,5.727977171817609574e-05
-1.261574273652306117e-04,-5.853728365859443508e-05,3.425169943302321904e-05,4.916539539627625817e-06,4.405752260962450274e-05,5.709411703641295631e-05
-1.261842365356433907e-04,-5.854966725428131948e-05,3.425930406946781141e-05,4.994777905613737858e-06,4.406930823943150480e-05,5.691217262716217828e-05
-1.262105032149566015e-04,-5.856180025107970066e-05,3.426675490053251327e-05,5.071451371633988442e-06,4.408085573587358500e-05,5.673386429363991290e-05
-1.262362382517507144e-04,-5.857368765998895909e-05,3.427405500191935085e-05,5.146591228946084064e-06,4.409216986520022474e-05,5.655911932232643197e-05
-1.262614522774690193e-04,-5.858533439222173277e-05,3.428120738788973136e-05,5.220228144005119504e-06,4.410325529855719129e-05,5.638786645398907645e-05
-1.262861557111855397e-04,-5.859674526057632749e-05,3.428821501229752501e-05,5.292392169565296453e-06,4.411411661352463445e-05,5.622003585470553043e-05
-1.263103587631300457e-04,-5.860792498216703600e-05,3.429508077023264777e-05,5.363112757891099791e-06,4.412475829584222835e-05,5.605555908644263314e-05
-1.263340714400729332e-04,-5.861887817882574687e-05,3.430180749847918417e-05,5.432418771637008882e-06,4.413518474151471242e-05,5.589436908118829763e-05
-1.263573035481356120e-04,-5.862960938102166058e-05,3.430839797732433802e-05,5.500338497169682595e-06,4.414540025903050782e-05,5.573640011019810267e-05
-1.263800646975412896e-04,-5.864012302770232513e-05,3.431485493145528442e-05,5.566899654226459157e-06,4.415540907010188877e-05,5.558158776068063627e-05
-1.264023643062592999e-04,-5.865042346953995426e-05,3.432118103100478113e-05,5.632129409681630384e-06,4.416521531203126049e-05,5.542986890693150058e-05
-1.264242116039971905e-04,-5.866051497027452346e-05,3.432737889281748956e-05,5.696054385206573124e-06,4.417482303953595963e-05,5.528118168646359136e-05
-1.264456156358182977e-04,-5.867040170823444489e-05,3.433345108125910813e-05,5.758700672035189480e-06,4.418423622623729745e-05,5.513546547280643060e-05
-1.264665852659972245e-04,-5.868008777796060736e-05,3.433940010951509736e-05,5.820093838735085967e-06,4.419345876552735919e-05,5.499266085319057533e-05
-1.264871291814679557e-04,-5.868957719267964474e-05,3.434522844045389455e-05,5.880258942420376292e-06,4.420249447393466576e-05,5.485270960245751881e-05
-1.265072558954549861e-04,-5.869887388462410768e-05,3.435093848779988498e-05,5.939220540297495971e-06,4.421134709080009890e-05,5.471555465918953636e-05
-1.265269737508916477e-04,-5.870798170804377412e-05,3.435653261687780839e-05,5.997002696881326736e-06,4.422002028068602555e-05,5.458114010428246910e-05
-1.265462909240232660e-04,-5.871690443957405445e-05,3.436201314577684649e-05,6.053628997206318583e-06,4.422851763519791333e-05,5.444941113552151504e-05
-1.265652154275586098e-04,-5.872564578067386749e-05,3.436738234621160146e-05,6.109122553043393131e-06,4.423684267363668822e-05,5.432031404737510901e-05
-1.265837551138188760e-04,-5.873420935907239313e-05,3.437264244452866926e-05,6.163506015111978447e-06,4.424499884533529190e-05,5.419379620834621037e-05
-1.266019176783213295e-04,-5.874259872925928077e-05,3.437779562241064597e-05,6.216801581073150659e-06,4.425298952991285259e-05,5.406980603965605479e-05
-1.266197106624331590e-04,-5.875081737499839913e-05,3.438284401807753900e-05,6.269031004077978544e-06,4.426081803980980726e-05,5.394829299315056701e-05
-1.266371414569915745e-04,-5.875886871032707094e-05,3.438778972690712047e-05,6.320215603536312485e-06,4.426848762140669658e-05,5.382920753242654226e-05
-1.266542173047843257e-04,-5.876675608114848801e-05,3.439263480234650407e-05,6.370376271222552008e-06,4.427600145556520898e-05,5.371250111062709099e-05
-1.266709453038335068e-04,-5.877448276642520782e-05,3.439738125685615309e-05,6.419533482155537507e-06,4.428336265987565037e-05,5.359812615312207150e-05
-1.266873324104604332e-04,-5.878205197921102258e-05,3.440203106258723576e-05,6.467707301037347423e-06,4.429057428911094708e-05,5.348603603563668288e-05
-1.267033854413790190e-04,-5.878946686891545101e-05,3.440658615229730852e-05,6.514917392133990094e-06,4.429763933708811250e-05,5.337618506626567576e-05
-1.267191110774842781e-04,-5.879673052136274601e-05,3.441104842016134665e-05,6.561183026047366094e-06,4.430456073809019188e-05,5.326852846726575576e-05
-1.267345158659229597e-04,-5.880384596120066668e-05,3.441541972216767461e-05,6.606523088596685668e-06,4.431134136714072122e-05,5.316302235651470983e-05
-1.267496062227417401e-04,-5.881081615194450366e-05,3.441970187759461550e-05,6.650956086924308276e-06,4.431798404179043157e-05,5.305962372897061406e-05
-1.267643884356143701e-04,-5.881764399875959593e-05,3.442389666916614860e-05,6.694500159154383897e-06,4.432449152362670232e-05,5.295829043979634874e-05
-1.267788686670783709e-04,-5.882433234767867915e-05,3.442800584380345123e-05,6.737172345061778777e-06,4.433086642824343216e-05,5.285898793421452591e-05
-1.267930529557328339e-04,-5.883088398853212497e-05,3.443203111376663141e-05,6.778956374772741544e-06,4.433710534074588423e-05,5.276198483719143093e-05
-1.268069472197827312e-04,-5.883730165514206066e-05,3.443597415687848682e-05,6.819690082055622459e-06,4.434317767991797121e-05,5.266888436759086179e-05
-1.268205572590305687e-04,-5.884358802668601766e-05,3.443983661748244488e-05,6.858948435447485950e-06,4.434900414194800666e-05,5.258368544601216607e-05
-1.268338887573475259e-04,-5.884974572861765630e-05,3.444362010700150286e-05,6.895952889010461085e-06,4.435444092591091806e-05,5.251357248580725104e-05
-1.268469472847049534e-04,-5.885577733424144758e-05,3.444732620476025639e-05,6.929502100709317135e-06,4.435926948233043248e-05,5.246945414585083071e-05
-1.268597382999361064e-04,-5.886168536504917558e-05,3.445095645835223396e-05,6.957918390766347891e-06,4.436319146844235349e-05,5.246627667393089921e-05
-1.268722671524745817e-04,-5.886747229214440974e-05,3.445451238447850016e-05,6.979004861313742872e-06,4.436582860598734478e-05,5.252313602065868342e-05
-1.268845390852553717e-04,-5.887314053744279119e-05,3.445799546947856242e-05,6.990008921753062747e-06,4.436672709709402180e-05,5.266321188480816806e-05
-1.268965592358168204e-04,-5.887869247455294024e-05,3.446140717000128882e-05,6.987588972069601585e-06,4.436536619878837426e-05,5.291354609523346602e-05
-1.269083326392511982e-04,-5.888413042861516774e-05,3.446474891361952202e-05,6.967782086572141154e-06,4.436117048887216297e-05,5.330468719446312086e-05
-1.269198642299289900e-04,-5.888945667981664831e-05,3.446802209921242312e-05,6.925971665281028032e-06,4.435352527383285985e-05,5.387022261774292230e-05
-1.269311588433627471e-04,-5.889467346128390065e-05,3.447122809790601709e-05,6.856855071888368702e-06,4.434179451980445482e-05,5.464621943626964969e-05
-1.269422212186912657e-04,-5.889978296240550135e-05,3.447436825314661351e-05,6.754412226772672942e-06,4.432534062520850657e-05,5.567059411784989505e-05
-1.269530560000052132e-04,-5.890478732897082206e-05,3.447744388168416446e-05,6.611876918784603741e-06,4.430354530535919594e-05,5.698243115844890699e-05
-1.269636677386232486e-04,-5.890968866283306625e-05,3.448045627398910634e-05,6.421713209010496243e-06,4.427583083635061080e-05,5.862126966857944538e-05
-1.269740608950316871e-04,-5.891448902467877558e-05,3.448340669441851388e-05,6.175599682830620958e-06,4.424168089920285733e-05,6.062637604689686730e-05
-1.269842398400994571e-04,-5.891919043388163199e-05,3.448629638246743879e-05,5.864424513390642707e-06,4.420066029322528538e-05,6.303601973005409519e-05
-1.269942088576902681e-04,-5.892379486866702605e-05,3.448912655258114636e-05,5.478294242833266754e-06,4.415243283056447378e-05,6.588676764452142066e-05
-1.270039721458706024e-04,-5.892830426887217142e-05,3.449189839486534913e-05,5.006558980315730173e-06,4.409677679890150150e-05,6.921281147862482939e-05
-1.270135338185878968e-04,-5.893272053454000304e-05,3.449461307588247888e-05,4.437856308448464780e-06,4.403359746957960573e-05,7.304534016856653557e-05
-1.270228979078071800e-04,-5.893704552850737781e-05,3.449727173860751215e-05,3.760175644620507293e-06,4.396293623444942682e-05,7.741196820342084674e-05
-1.270320683644891857e-04,-5.894128107576665563e-05,3.449987550339802628e-05,2.960944158693735004e-06,4.388497608017878876e-05,8.233622842911147467e-05
-1.270410490610404599e-04,-5.894542896491248597e-05,3.450242546795933548e-05,2.027134631955844902e-06,4.380004323222752495e-05,8.783713610505618674e-05
-1.270498437921162391e-04,-5.894949094919052268e-05,3.450492270824822086e-05,9.453948928776744516e-07,4.370860493187365904e-05,9.392882903862754195e-05
-1.270584562766354138e-04,-5.895346874642900408e-05,3.450736827852564289e-05,-2.978022704666742404e-07,4.361126343543169877e-05,1.006202867400021939e-04
-1.270668901590489086e-04,-5.895736403995273541e-05,3.450976321216733166e-05,-1.715990523501903437e-06,4.350874644377130638e-05,1.079151297879574667e-04
-1.270751490109994070e-04,-5.896117847957427319e-05,3.451210852169970785e-05,-3.322525149620524497e-06,4.340189427446810308e-05,1.158114989357493708e-04
-1.270832363325318621e-04,-5.896491368288564374e-05,3.451440519960085739e-05,-5.130384936690837138e-06,4.329164418432882754e-05,1.243020120436051981e-04
-1.270911555540238651e-04,-5.896857123382779936e-05,3.451665421825503565e-05,-7.151964193630186064e-06,4.317901231881582261e-05,1.333737956277513976e-04
-1.270989100369532331e-04,-5.897215268548805647e-05,3.451885653079944964e-05,-9.398858613298292420e-06,4.306507382230886346e-05,1.430085867276698639e-04
-1.271065030756406741e-04,-5.897565955926198697e-05,3.452101307135951636e-05,-1.188164891714865193e-05,4.295094167951101410e-05,1.531828999534006451e-04
-1.271139378987625748e-04,-5.897909334700288976e-05,3.452312475505072624e-05,-1.460968629592196657e-05,4.283774486984105615e-05,1.638682538605057610e-04
-1.271212176701081798e-04,-5.898245551004688286e-05,3.452519247899741374e-05,-1.759088364513627942e-05,4.272660641853909280e-05,1.750314503581071150e-04
-1.271283454904624174e-04,-5.898574748076334645e-05,3.452721712229645011e-05,-2.083151647456658943e-05,4.261862190374327654e-05,1.866349005458757472e-04
-1.271353243982649591e-04,-5.898897066294478837e-05,3.452919954649507841e-05,-2.433603717573469804e-05,4.251483894591817446e-05,1.986369902350659561e-04
-1.271421573717006150e-04,-5.899212643190169831e-05,3.453114059576933251e-05,-2.810690604443778781e-05,4.241623815861027312e-05,2.109924784271054296e-04
-1.271488473289393226e-04,-5.899521613613067412e-05,3.453304109757137356e-05,-3.214444213115648396e-05,4.232371597923199197e-05,2.236529221343742772e-04
-1.271553971299328051e-04,-5.899824109648237123e-05,3.453490186281451586e-05,-3.644669660415577055e-05,4.223806973225254245e-05,2.365671211509422515e-04
-1.271618095775120820e-04,-5.900120260782969672e-05,3.453672368605252004e-05,-4.100935090207649290e-05,4.215998520634279113e-05,2.496815766834442943e-04
-1.271680874184108207e-04,-5.900410193880173935e-05,3.453850734608468627e-05,-4.582564151515709962e-05,4.209002695110429710e-05,2.629409581061942355e-04
-1.271742333444895361e-04,-5.900694033284727705e-05,3.454025360603713555e-05,-5.088631280156000430e-05,4.202863142033247428e-05,2.762885725152914901e-04
-1.271802499937219435e-04,-5.900971900892482412e-05,3.454196321386277598e-05,-5.617959880150954891e-05,4.197610302196422944e-05,2.896668321918856618e-04
-1.271861399513251852e-04,-5.901243916108270623e-05,3.454363690247951144e-05,-6.169123459449227243e-05,4.193261305028695817e-05,3.030177155625893683e-04
-1.271919057507773544e-04,-5.901510195946725997e-05,3.454527539020453233e-05,-6.740449735184828408e-05,4.189820142202958607e-05,3.162832177200759569e-04
-1.271975498749159815e-04,-5.901770855124212789e-05,3.454687938107213588e-05,-7.330027686658882504e-05,4.187278106539510890e-05,3.294057870690383157e-04
-1.272030747570204474e-04,-5.902026006029791597e-05,3.454844956475749994e-05,-7.935717503228607503e-05,4.185614476139040241e-05,3.423287451569450245e-04
-1.272084827816937652e-04,-5.902275758823444685e-05,3.454998661744437002e-05,-8.555163344921463964e-05,4.184797419016307628e-05,3.549966872328513020e-04
-1.272137762858192530e-04,-5.902520221433105272e-05,3.455149120160591489e-05,-9.185808811264473085e-05,4.184785088933741097e-05,3.673558615347046700e-04
-1.272189575594654092e-04,-5.902759499689916496e-05,3.455296396656231821e-05,-9.824914993045268379e-05,4.185526881093291603e-05,3.793545257394515804e-04
-1.272240288469012135e-04,-5.902993697239014451e-05,3.455440554866554692e-05,-1.046958096487835775e-04,4.186964812692379535e-05,3.909432793598538675e-04
-1.272289923477546239e-04,-5.903222915708288319e-05,3.455581657147293879e-05,-1.111676656102806660e-04,4.189034993272723167e-05,4.020753712007664698e-04
-1.272338502173988510e-04,-5.903447254637312952e-05,3.455719764607768755e-05,-1.176331726168466419e-04,4.191669148053573659e-05,4.127069812018974442e-04
-1.272386045682645950e-04,-5.903666811623305523e-05,3.455854937138119450e-05,-1.240599099992531018e-04,4.194796158466738414e-05,4.227974761605963962e-04
-1.272432574705635068e-04,-5.903881682254367134e-05,3.455987233425811115e-05,-1.304148668026244167e-04,4.198343584272505726e-05,4.323096389052659568e-04
-1.272478109527373725e-04,-5.904091960305351389e-05,3.456116711004438610e-05,-1.366647417761056727e-04,4.202239133887945898e-05,4.412098705285071054e-04
-1.272522670032070677e-04,-5.904297737602862253e-05,3.456243426223288878e-05,-1.427762555801369456e-04,4.206412051408949394e-05,4.494683652606815778e-04
-1.272566275703830737e-04,-5.904499104129721674e-05,3.456367434331674262e-05,-1.487164723395369397e-04,4.210794392067271244e-05,4.570592575378125302e-04
-1.272608945635561226e-04,-5.904696148121033961e-05,3.456488789467443342e-05,-1.544531273443065203e-04,4.215322160884835210e-05,4.639607407743263977e-04
-1.272650698541151633e-04,-5.904888955980709670e-05,3.456607544675437452e-05,-1.599549573774325330e-04,4.219936293832395323e-05,4.701551573534634167e-04
-1.272691552759114633e-04,-5.905077612471103406e-05,3.456723751955276209e-05,-1.651920298377723218e-04,4.224583464886611401e-05,4.756290593543959465e-04
-1.272731526259338497e-04,-5.905262200543552348e-05,3.456837462259625501e-05,-1.701360665388852538e-04,4.229216706988480343e-05,4.803732396295672504e-04
-1.272770636655897760e-04,-5.905442801621978464e-05,3.456948725520353862e-05,-1.747607578371844863e-04,4.233795840490275382e-05,4.843827329463467886e-04
-1.272808901207701023e-04,-5.905619495407704334e-05,3.457057590678175920e-05,-1.790420625718066748e-04,4.238287706851903702e-05,4.876567870838434621e-04
-1.272846336831254190e-04,-5.905792360044102808e-05,3.457164105677405531e-05,-1.829584891978890040e-04,4.242666211644515064e-05,4.901988039622350675e-04
-1.272882960101792368e-04,-5.905961472071649367e-05,3.457268317522393925e-05,-1.864913534921635468e-04,4.246912184790811571e-05,4.920162510964732174e-04
-1.272918787264851290e-04,-5.906126906575164914e-05,3.457370272273756684e-05,-1.896250082669461161e-04,4.251013071548740937e-05,4.931205438857153229e-04
-1.272953834240043048e-04,-5.906288737093166305e-05,3.457470015067925292e-05,-1.923470406912392982e-04,4.254962471426053513e-05,4.935268994540134308e-04
-1.272988116631098513e-04,-5.906447035680220171e-05,3.457567590133749661e-05,-1.946484330532501170e-04,4.258759546474033216e-05,4.932541629546465661e-04
-1.273021649725891464e-04,-5.906601872970585588e-05,3.457663040831019156e-05,-1.965236831175865473e-04,4.262408323113296102e-05,4.923246074232352299e-04
-1.273054448510785015e-04,-5.906753318199259794e-05,3.457756409624856449e-05,-1.979708806581588411e-04,4.265916914215611819e-05,4.907637084236748286e-04
-1.273086527668375941e-04,-5.906901439193525479e-05,3.457847738165097383e-05,-1.989917372169897449e-04,4.269296689815683341e-05,4.885998948538347380e-04
-1.273117901591477082e-04,-5.907046302390479625e-05,3.457937067239610647e-05,-1.995915667554160565e-04,4.272561424969164646e-05,4.858642774299769631e-04
-1.273148584380941358e-04,-5.907187973017599919e-05,3.458024436845402461e-05,-1.997792155281870124e-04,4.275726453181065873e-05,4.825903564715696282e-04
-1.273178589859275546e-04,-5.907326514839870865e-05,3.458109886157989906e-05,-1.995669402809002128e-04,4.278807852740824707e-05,4.788137107579545785e-04
-1.273207931571485149e-04,-5.907461990475003366e-05,3.458193453581895598e-05,-1.989702347513948647e-04,4.281821690775369657e-05,4.745716693584762732e-04
-1.273236622789819679e-04,-5.907594461231164217e-05,3.458275176754762919e-05,-1.980076053703235482e-04,4.284783347028689899e-05,4.699029685154471644e-04
-1.273264676524008335e-04,-5.907723987191386666e-05,3.458355092549838161e-05,-1.967002980946170622e-04,4.287706935254078272e-05,4.648473958260012110e-04
-1.273292105523099894e-04,-5.907850627251832586e-05,3.458433237111322968e-05,-1.950719793618221659e-04,4.290604836432511008e-05,4.594454242036126695e-04
-1.273318922277914096e-04,-5.907974439110681437e-05,3.458509645867296675e-05,-1.931483752529609217e-04,4.293487352374374165e-05,4.537378383255770442e-04
-1.273345139033338661e-04,-5.908095479344368649e-05,3.458584353528809641e-05,-1.909568740654384012e-04,4.296362484010640860e-05,4.477653565544417128e-04
-1.273370767788851337e-04,-5.908213803359846849e-05,3.458657394099259565e-05,-1.885260985810971739e-04,4.299235832979942393e-05,4.415682516345968245e-04
-1.273395820301609599e-04,-5.908329465487824534e-05,3.458728800937578790e-05,-1.858854553491227739e-04,4.302110620549455376e-05,4.351859737987772802e-04
-1.273420308095060845e-04,-5.908442518979235641e-05,3.458798606707919868e-05,-1.830646692633934103e-04,4.304987813364373602e-05,4.286567803188182655e-04
-1.273444242463778479e-04,-5.908553015966240790e-05,3.458866843419716828e-05,-1.800933125541831221e-04,4.307866341294436084e-05,4.220173759398203523e-04
-1.273467634474593547e-04,-5.908661007582612356e-05,3.458933542460725563e-05,-1.770003380433076941e-04,4.310743389898415140e-05,4.153025691193992200e-04
-1.273490494972885276e-04,-5.908766543941383636e-05,3.458998734575596606e-05,-1.738136270481394432e-04,4.313614747308646509e-05,4.085449494950873692e-04
-1.273512834587723177e-04,-5.908869674121511811e-05,3.459062449901485748e-05,-1.705595627370080382e-04,4.316475184456266352e-05,4.017745925557488591e-04
-1.273534663736322300e-04,-5.908970446270927292e-05,3.459124717968922757e-05,-1.672626399397732634e-04,4.319318846668436149e-05,3.950187980983845991e-04
-1.273555992626859994e-04,-5.909068907523998157e-05,3.459185567720327519e-05,-1.639451224789526017e-04,4.322139636124814921e-05,3.883018696864290139e-04
-1.273576831262168967e-04,-5.909165104100374150e-05,3.459245027522645058e-05,-1.606267589693038847e-04,4.324931565791620652e-05,3.816449430151898554e-04
-1.273597189447907838e-04,-5.909259081292535297e-05,3.459303125164099027e-05,-1.573245677978210219e-04,4.327689068046642365e-05,3.750658718004021611e-04
-1.273617076790508739e-04,-5.909350883485422063e-05,3.459359887896608409e-05,-1.540527016416931051e-04,4.330407244473075367e-05,3.685791805605878125e-04
-1.273636502707010487e-04,-5.909440554128134290e-05,3.459415342404502185e-05,-1.508224014700845805e-04,4.333082046361132363e-05,3.621960944199621507e-04
-1.273655476424871290e-04,-5.909528135919098017e-05,3.459469514853433795e-05,-1.476420495622335967e-04,4.335710379592070258e-05,3.559246568369998595e-04
-1.273674006986259474e-04,-5.909613670609055106e-05,3.459522430883888794e-05,-1.445173306844342478e-04,4.338290130574826901e-05,3.497699469185995124e-04
-1.273692103252854334e-04,-5.909697199110596118e-05,3.459574115623210695e-05,-1.414515103275248249e-04,4.340820113265913394e-05,3.437344087217479604e-04
-1.273709773911990304e-04,-5.909778761570615515e-05,3.459624593686250128e-05,-1.384458388277717085e-04,4.343299939146925276e-05,3.378183056050511226e-04
-1.273727027472209021e-04,-5.909858397280115527e-05,3.459673889213929916e-05,-1.355000904213928806e-04,4.345729814015608471e-05,3.320203133117933213e-04
-1.273743872278024528e-04,-5.909936144787552708e-05,3.459722025841011739e-05,-1.326132441241985706e-04,4.348110334174956534e-05,3.263382629398498707e-04
-1.273760316500125074e-04,-5.910012041842235809e-05,3.459769026751429756e-05,-1.297841245511415116e-04,4.350442463006463321e-05,3.207698385308327058e-04
-1.273776368150823801e-04,-5.910086125465002885e-05,3.459814914664137013e-05,-1.270115772324937448e-04,4.352726603144154398e-05,3.153127675669693949e-04
-1.273792035080626979e-04,-5.910158431895888212e-05,3.459859711824526024e-05,-1.242944703794309348e-04,4.354963674066473074e-05,3.099648222756879444e-04
-1.273807324983568007e-04,-5.910228996722079826e-05,3.459903440050346083e-05,-1.216316944833073434e-04,4.357154225871805788e-05,3.047238188226855074e-04
-1.273822245398900394e-04,-5.910297854736834328e-05,3.459946120719288473e-05,-1.190221615350188272e-04,4.359298910456148492e-05,2.995876158575918420e-04
-1.273836803715761999e-04,-5.910365040051514945e-05,3.459987774779089200e-05,-1.164648044135428040e-04,4.361398385535320926e-05,2.945541133432710607e-04
-1.273851007174437583e-04,-5.910430586131744260e-05,3.460028422764634988e-05,-1.139585762649139296e-04,4.363453311960986198e-05,2.896212513804086739e-04
-1.273864862872751806e-04,-5.910494525806757478e-05,3.460068084787718928e-05,-1.115024499098423230e-04,4.365464352088623608e-05,2.847870090786187663e-04
-1.273878377764374079e-04,-5.910556891154770417e-05,3.460106780568091348e-05,-1.090954172667630239e-04,4.367432168030994829e-05,2.800494034598585008e-04
-1.273891558666449180e-04,-5.910617713649256668e-05,3.460144529424955602e-05,-1.067364887968664291e-04,4.369357420000472643e-05,2.754064883990362867e-04
-1.273904412255233605e-04,-5.910677024160469555e-05,3.460181350306027403e-05,-1.044246929697780380e-04,4.371240764761851236e-05,2.708563536013687090e-04
-1.273916945078370372e-04,-5.910734852957469582e-05,3.460217261754587267e-05,-1.021590757461124350e-04,4.373082854223209317e-05,2.663971236167086976e-04
-1.273929163549493480e-04,-5.910791229620392833e-05,3.460252281973115056e-05,-9.993870007867832817e-05,4.374884334084908825e-05,2.620269568812964227e-04
-1.273941073955611877e-04,-5.910846183206270883e-05,3.460286428770313822e-05,-9.776264543244493393e-05,4.376645842564710057e-05,2.577440447983689710e-04
-1.273952682457226814e-04,-5.910899742203653547e-05,3.460319719620030777e-05,-9.563000732193823958e-05,4.378368009277527228e-05,2.535466108479693219e-04
-1.273963995092052567e-04,-5.910951934501379121e-05,3.460352171639599677e-05,-9.353989686373539113e-05,4.380051454087299703e-05,2.494329097266207015e-04
-1.273975017776373580e-04,-5.911002787352107908e-05,3.460383801602092302e-05,-9.149144034716581719e-05,4.381696786155571388e-05,2.454012265197532219e-04
-1.273985756309612750e-04,-5.911052327620222347e-05,3.460414625942693573e-05,-8.948377881999911672e-05,4.383304603006773614e-05,2.414498759009984044e-04
-1.273996216372122372e-04,-5.911100581528570249e-05,3.460444660786304654e-05,-8.751606769000900058e-05,4.384875489653328184e-05,2.375772013617932527e-04
-1.274006403535945652e-04,-5.911147574798326210e-05,3.460473921902295811e-05,-8.558747634119084891e-05,4.386410017831849316e-05,2.337815744667419340e-04
-1.274016323256402759e-04,-5.911193332663214301e-05,3.460502424773080165e-05,-8.369718776407838253e-05,4.387908745271767275e-05,2.300613941370666441e-04
-1.274025980882117256e-04,-5.911237879809595064e-05,3.460530184568479090e-05,-8.184439820171401827e-05,4.389372215073310073e-05,2.264150859590390876e-04
-1.274035381654267727e-04,-5.911281240438609263e-05,3.460557216138727071e-05,-8.002831680749737740e-05,4.390800955091789118e-05,2.228411015201675063e-04
-1.274044530711126251e-04,-5.911323438284124147e-05,3.460583534047894272e-05,-7.824816531713331468e-05,4.392195477422887787e-05,2.193379177643694155e-04
-1.274053433083504477e-04,-5.911364496626602425e-05,3.460609152574451678e-05,-7.650317773412369262e-05,4.393556277888961692e-05,2.159040363788970718e-04
-1.274062093706531318e-04,-5.911404438212823870e-05,3.460634085699630148e-05,-7.479260002602795311e-05,4.394883835704631428e-05,2.125379831964729958e-04
-1.274070517414475337e-04,-5.911443285402582620e-05,3.460658347141371531e-05,-7.311568983482239663e-05,4.396178613024384309e-05,2.092383076248490337e-04
-1.274078708945573790e-04,-5.911481060080069912e-05,3.460681950310943636e-05,-7.147171619780645819e-05,4.397441054670695089e-05,2.060035820971262100e-04
-1.274086672942473350e-04,-5.911517783674044986e-05,3.460704908389795263e-05,-6.985995927938813894e-05,4.398671587846504351e-05,2.028324015412825499e-04
-1.274094413956390192e-04,-5.911553477266234970e-05,3.460727234262886572e-05,-6.827971011619163972e-05,4.399870621924482813e-05,1.997233828716831817e-04
-1.274101936444002939e-04,-5.911588161397087870e-05,3.460748940596650679e-05,-6.673027036938107841e-05,4.401038548237619710e-05,1.966751645020180695e-04
-1.274109244778362450e-04,-5.911621856251152163e-05,3.460770039758002395e-05,-6.521095209097208217e-05,4.402175739981894641e-05,1.936864058724512504e-04
-1.274116343241492408e-04,-5.911654581605435571e-05,3.460790543901098794e-05,-6.372107749669337034e-05,4.403282552065589052e-05,1.907557870005290620e-04
-1.274123236029788377e-04,-5.911686356888832893e-05,3.460810464921566912e-05,-6.225997875228145317e-05,4.404359321085039413e-05,1.878820080480756078e-04
-1.274129927255863385e-04,-5.911717201079951472e-05,3.460829814481403800e-05,-6.082699776510396055e-05,4.405406365262370808e-05,1.850637889040760581e-04
-1.274136420951337033e-04,-5.911747132799463530e-05,3.460848604012434454e-05,-5.942148598788373772e-05,4.406423984478773808e-05,1.822998687859897070e-04
-1.274142721066778036e-04,-5.911776170309729415e-05,3.460866844712547600e-05,-5.804280422975011475e-05,4.407412460316168331e-05,1.795890058586051231e-04
-1.274148831473476075e-04,-5.911804331473535573e-05,3.460884547549079762e-05,-5.669032247661542597e-05,4.408372056076179210e-05,1.769299768664399385e-04
-1.274154755965462211e-04,-5.911831633803851972e-05,3.460901723285392441e-05,-5.536341971743547434e-05,4.409303016939898130e-05,1.743215767801298017e-04
-1.274160498259173325e-04,-5.911858094506218313e-05,3.460918382469223720e-05,-5.406148378345880556e-05,4.410205570054013321e-05,1.717626184630240116e-04
-1.274166061999292715e-04,-5.911883730430066738e-05,3.460934535418972433e-05,-5.278391118814209563e-05,4.411079924690637226e-05,1.692519323459965052e-04
-1.274171450756888516e-04,-5.911908558028224845e-05,3.460950192267461302e-05,-5.153010698016563491e-05,4.411926272447699588e-05,1.667883661193546850e-04
-1.274176668031383431e-04,-5.911932593455303649e-05,3.460965362930056651e-05,-5.029948460066704962e-05,4.412744787398394553e-05,1.643707844379602536e-04
-1.274181717251915403e-04,-5.911955852607698542e-05,3.460980057129840873e-05,-4.909146574791342968e-05,4.413535626368684248e-05,1.619980686370084877e-04
-1.274186601778685816e-04,-5.911978350965399454e-05,3.460994284399308526e-05,-4.790548024885633779e-05,4.414298929150576938e-05,1.596691164633504167e-04
-1.274191324906084985e-04,-5.912000103760688645e-05,3.461008054077937044e-05,-4.674096593668172463e-05,4.415034818756800693e-05,1.573828418149200909e-04
-1.274195889861627466e-04,-5.912021125902495241e-05,3.461021375309117766e-05,-4.559736853457667301e-05,4.415743401736842898e-05,1.551381744950393533e-04
-1.274200299808753633e-04,-5.912041432001561599e-05,3.461034257065695674e-05,-4.447414154504699953e-05,4.416424768450970159e-05,1.529340599767141026e-04
-1.274204557846500357e-04,-5.912061036370233245e-05,3.461046708137854790e-05,-4.337074614500773136e-05,4.417078993383419071e-05,1.507694591764791264e-04
-1.274208667014493750e-04,-5.912079953040237754e-05,3.461058737132721762e-05,-4.228665108720146135e-05,4.417706135494086332e-05,1.486433482386791377e-04
-1.274212630288414495e-04,-5.912098195787110472e-05,3.461070352499038920e-05,-4.122133260494713493e-05,4.418306238558917403e-05,1.465547183316293610e-04
-1.274216450587359036e-04,-5.912115778067083107e-05,3.461081562497140006e-05,-4.017427432299479942e-05,4.418879331517519343e-05,1.445025754513256083e-04
-1.274220130768786920e-04,-5.912132713079451101e-05,3.461092375251896509e-05,-3.914496717304303928e-05,4.419425428848268331e-05,1.424859402332592805e-04
-1.274223673636012640e-04,-5.912149013798003979e-05,3.461102798691645914e-05,-3.813290931525120924e-05,4.419944530969295067e-05,1.405038477770001243e-04
-1.274227081935373426e-04,-5.912164692895756639e-05,3.461112840604835164e-05,-3.713760605986270310e-05,4.420436624625654720e-05,1.385553474732214511e-04
-1.274230358356982491e-04,-5.912179762809121253e-05,3.461122508632574226e-05,-3.615856979770951899e-05,4.420901683279633614e-05,1.366395028448255157e-04
-1.274233505539314941e-04,-5.912194235702945805e-05,3.461131810241901020e-05,-3.519531993227113678e-05,4.421339667551562111e-05,1.347553913911774090e-04
-1.274236526065939984e-04,-5.912208123539520858e-05,3.461140752761089140e-05,-3.424738281539663686e-05,4.421750525614258207e-05,1.329021044421092672e-04
-1.274239422471136289e-04,-5.912221438010705101e-05,3.461149343369244259e-05,-3.331429168846706076e-05,4.422134193658033033e-05,1.310787470165872813e-04
-1.274242197236643442e-04,-5.912234190584125240e-05,3.461157589108455998e-05,-3.239558662411235477e-05,4.422490596290958644e-05,1.292844376920372542e-04
-1.274244852794321494e-04,-5.912246392477319811e-05,3.461165496881502132e-05,-3.149081447447869039e-05,4.422819647008440050e-05,1.275183084754462717e-04
-1.274247391529508195e-04,-5.912258054737289125e-05,3.461173073432763917e-05,-3.059952881960642762e-05,4.423121248629757697e-05,1.257795046837905978e-04
-1.274249815776826655e-04,-5.912269188126482598e-05,3.461180325401445515e-05,-2.972128992069307985e-05,4.423395293767094007e-05,1.240671848284604013e-04
-1.274252127826666159e-04,-5.912279803226113735e-05,3.461187259272129627e-05,-2.885566467513234423e-05,4.423641665264884624e-05,1.223805205055686904e-04
-1.274254329923962716e-04,-5.912289910431077928e-05,3.461193881406205802e-05,-2.800222657543875683e-05,4.423860236685753082e-05,1.207186962931437534e-04
-1.274256424266451051e-04,-5.912299519860658248e-05,3.461200198034498546e-05,-2.716055566861646058e-05,4.424050872752799564e-05,1.190809096494317666e-04
-1.274258413009720238e-04,-5.912308641479852408e-05,3.461206215268639242e-05,-2.633023851941338129e-05,4.424213429832847430e-05,1.174663708198595631e-04
-1.274260298265074843e-04,-5.912317285049257550e-05,3.461211939101398188e-05,-2.551086817557382527e-05,4.424347756396704653e-05,1.158743027465505078e-04
-1.274262082102578281e-04,-5.912325460147797835e-05,3.461217375396934912e-05,-2.470204413486730180e-05,4.424453693495316957e-05,1.143039409807274667e-04
-1.274263766550394971e-04,-5.912333176124486933e-05,3.461222529905367136e-05,-2.390337231378252754e-05,4.424531075245283711e-05,1.127545336019988208e-04
-1.274265353596225553e-04,-5.912340442166458320e-05,3.461227408260038584e-05,-2.311446501855278756e-05,4.424579729270112632e-05,1.112253411397541879e-04
-1.274266845186749336e-04,-5.912347267263090382e-05,3.461232015994649384e-05,-2.233494091706944432e-05,4.424599477214581552e-05,1.097156364963365556e-04
-1.274268243233511787e-04,-5.912353660265213346e-05,3.461236358504629325e-05,-2.156442501357082455e-05,4.424590135189384644e-05,1.082247048755434444e-04
-1.274269549606507406e-04,-5.912359629748040370e-05,3.461240441101787072e-05,-2.080254862333108249e-05,4.424551514245600973e-05,1.067518437155689354e-04
-1.274270766136975891e-04,-5.912365184252731852e-05,3.461244268995994599e-05,-2.004894934945834455e-05,4.424483420838154333e-05,1.052963626196144601e-04
-1.274271894624821053e-04,-5.912370332022430833e-05,3.461247847259996027e-05,-1.930327106124718990e-05,4.424385657320610592e-05,1.038575832944930880e-04
-1.274272936828957359e-04,-5.912375081219841359e-05,3.461251180895141437e-05,-1.856516387208685217e-05,4.424258022413452745e-05,1.024348394882347617e-04
-1.274273894474822364e-04,-5.912379439821905021e-05,3.461254274805916934e-05,-1.783428411970092671e-05,4.424100311610833583e-05,1.010274769312439759e-04
-1.274274769254470769e-04,-5.912383415667034895e-05,3.461257133769818058e-05,-1.711029434827436216e-05,4.423912317711133421e-05,9.963485327845717052e-05
-1.274275562825915762e-04,-5.912387016335576162e-05,3.461259762485568992e-05,-1.639286328691667876e-05,4.423693831248210997e-05,9.825633805516341412e-05
-1.274276276811740435e-04,-5.912390249403807563e-05,3.461262165570391054e-05,-1.568166583445333254e-05,4.423444640936406117e-05,9.689131260215925058e-05
-1.274276912803891035e-04,-5.912393122166838982e-05,3.461264347529970298e-05,-1.497638304055347227e-05,4.423164534126765838e-05,9.553917002301283445e-05
-1.274277472362316834e-04,-5.912395641859262169e-05,3.461266312783540529e-05,-1.427670209041017295e-05,4.422853297265789377e-05,9.419931513454783505e-05
-1.274277957016084690e-04,-5.912397815551624343e-05,3.461268065670436629e-05,-1.358231628664521841e-05,4.422510716327737463e-05,9.287116441588399627e-05
-1.274278368261792858e-04,-5.912399650127614543e-05,3.461269610443519544e-05,-1.289292503443349686e-05,4.422136577243716192e-05,9.155414595914301748e-05
-1.274278707569786453e-04,-5.912401152407832086e-05,3.461270951249966941e-05,-1.220823382485092437e-05,4.421730666367726750e-05,9.024769942170888213e-05
-1.274278976378512816e-04,-5.912402329007934970e-05,3.461272092174210314e-05,-1.152795421944370005e-05,4.421292770858592568e-05,8.895127597893197748e-05
-1.274279176094597957e-04,-5.912403186452929018e-05,3.461273037228214443e-05,-1.085180383490848704e-05,4.420822679114969018e-05,8.766433827716664702e-05
-1.274279308104528559e-04,-5.912403731150161758e-05,3.461273790306387452e-05,-1.017950632677346049e-05,4.420320181249656115e-05,8.638636038603139721e-05
-1.274279373759464203e-04,-5.912403969331627275e-05,3.461274355267065383e-05,-9.510791374078468187e-06,4.419785069388256231e-05,8.511682775466581209e-05
-1.274279374387335710e-04,-5.912403907119982612e-05,3.461274735862045150e-05,-8.845394663389153893e-06,4.419217138160817093e-05,8.385523716243658329e-05
-1.274279311289868192e-04,-5.912403550511356385e-05,3.461274935776676982e-05,-8.183057872810958785e-06,4.418616185101497843e-05,8.260109667563848672e-05
-1.274279185739386451e-04,-5.912402905428818922e-05,3.461274958632284227e-05,-7.523528656003229551e-06,4.417982010968056310e-05,8.135392559908850971e-05
-1.274278998986561604e-04,-5.912401977620977515e-05,3.461274807966513542e-05,-6.866560625083062839e-06,4.417314420188807290e-05,8.011325443182762700e-05
-1.274278752253719114e-04,-5.912400772749512872e-05,3.461274487254957949e-05,-6.211913332974063596e-06,4.416613221223166528e-05,7.887862481893698598e-05
-1.274278446742421701e-04,-5.912399296347165597e-05,3.461273999886014868e-05,-5.559352257531483961e-06,4.415878226932842235e-05,7.764958950479715143e-05
-1.274278083627745570e-04,-5.912397553876940414e-05,3.461273349201116788e-05,-4.908648783224828310e-06,4.415109254930376953e-05,7.642571228623639573e-05
-1.274277664060726638e-04,-5.912395550634420903e-05,3.461272538473029613e-05,-4.259580181155262673e-06,4.414306127942732041e-05,7.520656796312555738e-05
-1.274277189171337215e-04,-5.912393291822710907e-05,3.461271570892846292e-05,-3.611929592403562786e-06,4.413468674182498844e-05,7.399174229163724516e-05
-1.274276660065696079e-04,-5.912390782587737513e-05,3.461270449601705165e-05,-2.965486007270371204e-06,4.412596727654195979e-05,7.278083193262008797e-05
-1.274276077828684925e-04,-5.912388027908950598e-05,3.461269177667433526e-05,-2.320044244294427598e-06,4.411690128490091463e-05,7.157344440252656542e-05
-1.274275443522135853e-04,-5.912385032695320120e-05,3.461267758112974736e-05,-1.675404930603019455e-06,4.410748723305950460e-05,7.036919802189818519e-05
-1.274274758188828551e-04,-5.912381801761851626e-05,3.461266193882696633e-05,-1.031374479598020347e-06,4.409772365495987054e-05,6.916772186285158157e-05
-1.274274022847614633e-04,-5.912378339828628759e-05,3.461264487877820556e-05,-3.877650691969886728e-07,4.408760915523458895e-05,6.796865569689746411e-05
-1.274273238500225349e-04,-5.912374651539910808e-05,3.461262642927660842e-05,2.556053823680955058e-07,4.407714241258957251e-05,6.677164993876296664e-05
-1.274272406126442277e-04,-5.912370741354964387e-05,3.461260661809465730e-05,8.989132404190793388e-07,4.406632218237342593e-05,6.557636559343334496e-05
-1.274271526685725249e-04,-5.912366613798180069e-05,3.461258547254711154e-05,1.542329177810868981e-06,4.405514729977572715e-05,6.438247419753178095e-05
-1.274270601120084680e-04,-5.912362273130324672e-05,3.461256301930722840e-05,2.186018201464029816e-06,4.404361668202946888e-05,6.318965776325246935e-05
-1.274269630352178786e-04,-5.912357723682300014e-05,3.461253928446509308e-05,2.830139679008499403e-06,4.403172933177794000e-05,6.199760871685365234e-05
-1.274268615286168482e-04,-5.912352969612943000e-05,3.461251429371069990e-05,3.474847365760250121e-06,4.401948433918976010e-05,6.080602984048130282e-05
-1.274267556808798330e-04,-5.912348015002494007e-05,3.461248807207709116e-05,4.120289434029386713e-06,4.400688088460466476e-05,5.961463420899673637e-05
-1.274266455786830776e-04,-5.912342863859968784e-05,3.461246064432328386e-05,4.766608502206180475e-06,4.399391824068982784e-05,5.842314512702626782e-05
-1.274265313071799833e-04,-5.912337520112054186e-05,3.461243203450260812e-05,5.413941664846257382e-06,4.398059577526053544e-05,5.723129606490057696e-05
-1.274264129498211575e-04,-5.912331987641236859e-05,3.461240226617266975e-05,6.062420523976989596e-06,4.396691295317907785e-05,5.603883059259567292e-05
-1.274262905882341489e-04,-5.912326270185518600e-05,3.461237136268728516e-05,6.712171222513176482e-06,4.395286933834747253e-05,5.484550231056520010e-05
-1.274261643027126665e-04,-5.912320371482365880e-05,3.461233934652297508e-05,7.363314476340590969e-06,4.393846459627673187e-05,5.365107478301510603e-05
-1.274260341714782922e-04,-5.912314295112717550e-05,3.461230624016693280e-05,8.015965610285032909e-06,4.392369849552192672e-05,5.245532146418399231e-05
-1.274259002714900812e-04,-5.912308044681410308e-05,3.461227206531245816e-05,8.670234591084024212e-06,4.390857090996365273e-05,5.125802563072965148e-05
-1.274257626782159588e-04,-5.912301623628427234e-05,3.461223684333101234e-05,9.326226066242276056e-06,4.389308182057999612e-05,5.005898030268016445e-05
-1.274256214656225281e-04,-5.912295035369720744e-05,3.461220059515784811e-05,9.984039400444988149e-06,4.387723131692526353e-05,4.885798817348885385e-05
-1.274254767058948857e-04,-5.912288283268703497e-05,3.461216334134860519e-05,1.064376871319204859e-05,4.386101959860272154e-05,4.765486152909805651e-05
-1.274253284702070552e-04,-5.912281370594071569e-05,3.461212510196605852e-05,1.130550291998507190e-05,4.384444697763912143e-05,4.644942217144360511e-05
-1.274251768278374412e-04,-5.912274300564767678e-05,3.461208589680662848e-05,1.196932577151593232e-05,4.382751387899355591e-05,4.524150133851770653e-05
-1.274250218471386482e-04,-5.912267076313340570e-05,3.461204574514481404e-05,1.263531589540876087e-05,4.381022084246265983e-05,4.403093962265542950e-05
-1.274248635946941064e-04,-5.912259700956431032e-05,3.461200466589940103e-05,1.330354683885009375e-05,4.379256852372624865e-05,4.281758688771082687e-05
-1.274247021361299772e-04,-5.912252177453072095e-05,3.461196267764126154e-05,1.397408711244016788e-05,4.377455769579723555e-05,4.160130218412370196e-05
-1.274245375353467514e-04,-5.912244508816866039e-05,3.461191979860385042e-05,1.464700023426629987e-05,4.375618924976205340e-05,4.038195366320911713e-05
-1.274243698555510031e-04,-5.912236697959312437e-05,3.461187604645163998e-05,1.532234477430918971e-05,4.373746419622438520e-05,3.915941848889345711e-05
-1.274241991580502182e-04,-5.912228747700322206e-05,3.461183143877013873e-05,1.600017440440035482e-05,4.371838366602773056e-05,3.793358274911720190e-05
-1.274240255032902671e-04,-5.912220660820056701e-05,3.461178599265450444e-05,1.668053794118509289e-05,4.369894891099733886e-05,3.670434136468437631e-05
-1.274238489504288252e-04,-5.912212440079794542e-05,3.461173972489673160e-05,1.736347939752312964e-05,4.367916130492756501e-05,3.547159799822281192e-05
-1.274236695572477155e-04,-5.912204088141487875e-05,3.461169265191727217e-05,1.804903803089154241e-05,4.365902234421093034e-05,3.423526495925871636e-05
-1.274234873808785648e-04,-5.912195607626750428e-05,3.461164478977801892e-05,1.873724839345305382e-05,4.363853364855214430e-05,3.299526311017930594e-05
-1.274233024768946221e-04,-5.912187001093748419e-05,3.461159615431370391e-05,1.942814038323442994e-05,4.361769696149853678e-05,3.175152176842069350e-05
-1.274231148997118860e-04,-5.912178271102691107e-05,3.461154676094307117e-05,2.012173929719230159e-05,4.359651415032698941e-05,3.050397860998795244e-05
-1.274229247029925907e-04,-5.912169420112964405e-05,3.461149662489432298e-05,2.081806588172538462e-05,4.357498720742946459e-05,2.925257957042178290e-05
-1.274227319390742650e-04,-5.912160450527165071e-05,3.461144576095277178e-05,2.151713638929284212e-05,4.355311824975261528e-05,2.799727874276733538e-05
-1.274225366591867355e-04,-5.912151364716069883e-05,3.461139418377451348e-05,2.221896263125794935e-05,4.353090951950395977e-05,2.673803827731952994e-05
-1.274223389138679180e-04,-5.912142165010501416e-05,3.461134190747157776e-05,2.292355203350716030e-05,4.350836338420899880e-05,2.547482827703843454e-05
-1.274221387521974765e-04,-5.912132853698911621e-05,3.461128894621938625e-05,2.363090769373458344e-05,4.348548233646901156e-05,2.420762669374165385e-05
-1.274219362228745471e-04,-5.912123433001506670e-05,3.461123531353675419e-05,2.434102843661692183e-05,4.346226899452288248e-05,2.293641922363082468e-05
-1.274217313728385516e-04,-5.912113905104637163e-05,3.461118102300369327e-05,2.505390887320726754e-05,4.343872610153714532e-05,2.166119919915400285e-05
-1.274215242487574545e-04,-5.912104272173742829e-05,3.461112608770586642e-05,2.576953945833040989e-05,4.341485652582123122e-05,2.038196748186753870e-05
-1.274213148961296374e-04,-5.912094536290098817e-05,3.461107052052042415e-05,2.648790655141982156e-05,4.339066326079766661e-05,1.909873235196700916e-05
-1.274211033593645635e-04,-5.912084699505943986e-05,3.461101433418046038e-05,2.720899247380198179e-05,4.336614942412401861e-05,1.781150940114903562e-05
-1.274208896823636927e-04,-5.912074763867765500e-05,3.461095754096895575e-05,2.793277557130956009e-05,4.334131825793767397e-05,1.652032141836738658e-05
-1.274206739077932268e-04,-5.912064731347706784e-05,3.461090015309200739e-05,2.865923027467434696e-05,4.331617312799921769e-05,1.522519828091837773e-05
-1.274204560777409453e-04,-5.912054603865173633e-05,3.461084218239201003e-05,2.938832716191829814e-05,4.329071752351858123e-05,1.392617683764344636e-05
-1.274202362332033512e-04,-5.912044383345870381e-05,3.461078364060078336e-05,3.012003302007869906e-05,4.326495505609446237e-05,1.262330079957037923e-05
-1.274200144145273210e-04,-5.912034071603215963e-05,3.461072453910058670e-05,3.085431090793228618e-05,4.323888945974857246e-05,1.131662062167263770e-05
-1.274197906612758795e-04,-5.912023670513527271e-05,3.461066488908586848e-05,3.159112021960758731e-05,4.321252458972397450e-05,1.000619338851447358e-05
-1.274195650120067799e-04,-5.912013181816023154e-05,3.461060470155196339e-05,3.233041675030669926e-05,4.318586442191879078e-05,8.692082697897560566e-06
-1.274193375048080987e-04,-5.912002607321548923e-05,3.461054398721158848e-05,3.307215275747512403e-05,4.315891305221146999e-05,7.374358544618784288e-06
-1.274191081767306560e-04,-5.911991948714388935e-05,3.461048275661676851e-05,3.381627702885486907e-05,4.313167469508655418e-05,6.053097200342023983e-06
-1.274188770643052619e-04,-5.911981207659047636e-05,3.461042102009247596e-05,3.456273494587475326e-05,4.310415368315338789e-05,4.728381098688169541e-06
-1.274186442031433227e-04,-5.911970385842042162e-05,3.461035878781783102e-05,3.531146854959409700e-05,4.307635446633936331e-05,3.400298713885706954e-06
-1.274184096282677398e-04,-5.911959484864243099e-05,3.461029606965603092e-05,3.606241660797859187e-05,4.304828160999816362e-05,2.068944441086614160e-06
-1.274181733739952196e-04,-5.911948506306346742e-05,3.461023287531895891e-05,3.681551468151110002e-05,4.301993979486294585e-05,7.344184785697215791e-07
-1.274179354736906474e-04,-5.911937451704295552e-05,3.461016921439137556e-05,3.757069518969021870e-05,4.299133381483280660e-05,-6.031732959402253207e-07
-1.274176959606881173e-04,-5.911926322601420152e-05,3.461010509616393804e-05,3.832788747875046944e-05,4.296246857678834568e-05,-1.943719442736179765e-06
-1.274174548669816491e-04,-5.911915120490194626e-05,3.461004052977756840e-05,3.908701788816088966e-05,4.293334909817739183e-05,-3.287103084475902930e-06
-1.274172122242880868e-04,-5.911903846822755997e-05,3.460997552419719560e-05,3.984800981934440915e-05,4.290398050701114702e-05,-4.633202024866817618e-06
-1.274169680635528371e-04,-5.911892503029225884e-05,3.460991008824740539e-05,4.061078380284254149e-05,4.287436803917716080e-05,-5.981888873124189469e-06
-1.274167224151301185e-04,-5.911881090523082725e-05,3.460984423051633260e-05,4.137525756592440199e-05,4.284451703801954751e-05,-7.333031164432330592e-06
-1.274164753088485825e-04,-5.911869610671555603e-05,3.460977795948683600e-05,4.214134610141694379e-05,4.281443295263848972e-05,-8.686491481849245062e-06
-1.274162267738139075e-04,-5.911858064828001913e-05,3.460971128335348502e-05,4.290896173553581706e-05,4.278412133559599190e-05,-1.004212758165295478e-05
-1.274159768388050747e-04,-5.911846454307116401e-05,3.460964421018605742e-05,4.367801419682670194e-05,4.275358784282609495e-05,-1.139979251158229972e-05
-1.274157255316014307e-04,-5.911834780399360538e-05,3.460957674803490341e-05,4.444841068299700768e-05,4.272283823049007322e-05,-1.275933473629431237e-05
-1.274154728797321969e-04,-5.911823044367636054e-05,3.460950890468011547e-05,4.522005593196647350e-05,4.269187835441395044e-05,-1.412059826015702466e-05
-1.274152189101907819e-04,-5.911811247460767668e-05,3.460944068769062417e-05,4.599285228769982959e-05,4.266071416802526300e-05,-1.548342274759972081e-05
-1.274149636492136856e-04,-5.911799390909298419e-05,3.460937210455803612e-05,4.676669977059117611e-05,4.262935172064601748e-05,-1.684764364779318187e-05
-1.274147071226051366e-04,-5.911787475899902492e-05,3.460930316263259154e-05,4.754149614585016391e-05,4.259779715556352909e-05,-1.821309231555509237e-05
-1.274144493559137086e-04,-5.911775503611128656e-05,3.460923386902843205e-05,4.831713699022269849e-05,4.256605670863905825e-05,-1.957959613469791393e-05
-1.274141903737413583e-04,-5.911763475178598726e-05,3.460916423088939965e-05,4.909351576326361258e-05,4.253413670579602585e-05,-2.094697863960054600e-05
-1.274139302005422656e-04,-5.911751391720003847e-05,3.460909425501985232e-05,4.987052387261421563e-05,4.250204356193482851e-05,-2.231505963655771500e-05
-1.274136688601018477e-04,-5.911739254319918209e-05,3.460902394821796128e-05,5.064805074460878513e-05,4.246978377857458370e-05,-2.368365532623981014e-05
-1.274134063757421877e-04,-5.911727064098603869e-05,3.460895331710216416e-05,5.142598389010714634e-05,4.243736394201670805e-05,-2.505257842415415845e-05
-1.274131427704050848e-04,-5.911714822111049851e-05,3.460888236818835339e-05,5.220420897499034458e-05,4.240479072103343900e-05,-2.642163828199461728e-05
-1.274128780665355570e-04,-5.911702529360054396e-05,3.460881110775619406e-05,5.298260988532700985e-05,4.237207086575893992e-05,-2.779064100810274768e-05
-1.274126122861249377e-04,-5.911690186894854834e-05,3.460873954203181203e-05,5.376106879631470327e-05,4.233921120438252417e-05,-2.915938958681910033e-05
-1.274123454505206256e-04,-5.911677795653525922e-05,3.460866767726080134e-05,5.453946623933379642e-05,4.230621864221624116e-05,-3.052768399972154167e-05
-1.274120775811296504e-04,-5.911665356676233608e-05,3.460859551934926523e-05,5.531768116778008491e-05,4.227310015879538779e-05,-3.189532134331109681e-05
-1.274118086984605094e-04,-5.911652870912694949e-05,3.460852307415426035e-05,5.609559102600621621e-05,4.223986280651138365e-05,-3.326209594747481978e-05
-1.274115388229372405e-04,-5.911640339263609544e-05,3.460845034741366242e-05,5.687307181326687667e-05,4.220651370772341581e-05,-3.462779949483684225e-05
-1.274112679742602850e-04,-5.911627762644102981e-05,3.460837734477804857e-05,5.764999815277122133e-05,4.217306005287879141e-05,-3.599222113788909134e-05
-1.274109961719646351e-04,-5.911615142011472922e-05,3.460830407179553203e-05,5.842624335374083089e-05,4.213950909869992797e-05,-3.735514761478951618e-05
-1.274107234351145224e-04,-5.911602478192424202e-05,3.460823053384310506e-05,5.920167948024009010e-05,4.210586816504931505e-05,-3.871636336660381453e-05
-1.274104497824500560e-04,-5.911589772071003076e-05,3.460815673630824278e-05,5.997617741501050836e-05,4.207214463388294072e-05,-4.007565065277063311e-05
-1.274101752323541820e-04,-5.911577024493886736e-05,3.460808268422984257e-05,6.074960692408231842e-05,4.203834594601905733e-05,-4.143278966556765528e-05
-1.274098998025387794e-04,-5.911564236270581182e-05,3.460800838288304943e-05,6.152183672083092283e-05,4.200447959903925418e-05,-4.278755864380047843e-05
-1.274096235110584979e-04,-5.911551408247018896e-05,3.460793383705940000e-05,6.229273453025536479e-05,4.197055314538734974e-05,-4.413973398737962235e-05
-1.274093463747912481e-04,-5.911538541219570091e-05,3.460785905179649058e-05,6.306216715259080059e-05,4.193657418980502305e-05,-4.548909036834495267e-05
-1.274090684108453609e-04,-5.911525635927981166e-05,3.460778403186917467e-05,6.383000052669888689e-05,4.190255038696760249e-05,-4.683540084433237129e-05
-1.274087896356639548e-04,-5.911512693178808413e-05,3.460770878187725450e-05,6.459609979168178396e-05,4.186848943875014835e-05,-4.817843696826597900e-05
-1.274085100655387938e-04,-5.911499713723442561e-05,3.460763330657028099e-05,6.536032934949550881e-05,4.183439909283175262e-05,-4.951796889816099609e-05
-1.274082297162832647e-04,-5.911486698262627192e-05,3.460755761035349631e-05,6.612255292711910416e-05,4.180028713923458267e-05,-5.085376550703790851e-05
-1.274079486037794115e-04,-5.911473647546290042e-05,3.460748169756765294e-05,6.688263363661453283e-05,4.176616140914538061e-05,-5.218559449050493568e-05
-1.274076667430251654e-04,-5.911460562255918582e-05,3.460740557275568673e-05,6.764043403696276622e-05,4.173202977094581285e-05,-5.351322247611710586e-05
-1.274073841491059258e-04,-5.911447443118692630e-05,3.460732924008973638e-05,6.839581619323560873e-05,4.169790012895716058e-05,-5.483641512618471741e-05
-1.274071008365408402e-04,-5.911434290789830120e-05,3.460725270371995841e-05,6.914864173654448843e-05,4.166378042062384026e-05,-5.615493724746527785e-05
-1.274068168200273262e-04,-5.911421105913443363e-05,3.460717596765758915e-05,6.989877192387842879e-05,4.162967861434150278e-05,-5.746855289108556824e-05
-1.274065321134684606e-04,-5.911407889187871045e-05,3.460709903593342122e-05,7.064606769461124287e-05,4.159560270651417672e-05,-5.877702545967998109e-05
-1.274062467307417873e-04,-5.911394641206725375e-05,3.460702191253277853e-05,7.139038973056148192e-05,4.156156071952956142e-05,-6.008011780942190016e-05
-1.274059606852230000e-04,-5.911381362621154461e-05,3.460694460128914922e-05,7.213159851294398980e-05,4.152756069892607450e-05,-6.137759234894649639e-05
-1.274056739903247368e-04,-5.911368054015528366e-05,3.460686710581237766e-05,7.286955437809990047e-05,4.149361071105795470e-05,-6.266921114326931064e-05
-1.274053866590765870e-04,-5.911354716041372637e-05,3.460678942996565916e-05,7.360411757400415740e-05,4.145971884120301063e-05,-6.395473601026653186e-05
-1.274050987041323282e-04,-5.911341349259557253e-05,3.460671157726859178e-05,7.433514831799407517e-05,4.142589318943242031e-05,-6.523392862115203752e-05
-1.274048101380667272e-04,-5.911327954244094082e-05,3.460663355128275933e-05,7.506250684883588545e-05,4.139214187038641656e-05,-6.650655059662438130e-05
-1.274045209729622412e-04,-5.911314531553824969e-05,3.460655535549395990e-05,7.578605348312123424e-05,4.135847300880332860e-05,-6.777236360368007041e-05
-1.274042312209999902e-04,-5.911301081756663821e-05,3.460647699330943433e-05,7.650564866855498675e-05,4.132489473782535353e-05,-6.903112944954022242e-05
-1.274039408938652611e-04,-5.911287605400349576e-05,3.460639846801855037e-05,7.722115303702104200e-05,4.129141519666285282e-05,-7.028261017801955008e-05
-1.274036500031269792e-04,-5.911274102962143286e-05,3.460631978287902384e-05,7.793242745787034101e-05,4.125804252832843073e-05,-7.152656816023334428e-05
-1.274033585599356757e-04,-5.911260575021977918e-05,3.460624094116006310e-05,7.863933308909923446e-05,4.122478487550985103e-05,-7.276276618852418508e-05
-1.274030665752752946e-04,-5.911247022100952884e-05,3.460616194599601533e-05,7.934173142952740342e-05,4.119165037998479814e-05,-7.399096756494820751e-05
-1.274027740603671656e-04,-5.911233444680222878e-05,3.460608280030901543e-05,8.003948436875509009e-05,4.115864717921451728e-05,-7.521093619275913227e-05
-1.274024810255496444e-04,-5.911219843258139396e-05,3.460600350728074278e-05,8.073245423856380818e-05,4.112578340401454156e-05,-7.642243666445074047e-05
-1.274021874812779093e-04,-5.911206218253131970e-05,3.460592406986335114e-05,8.142050386065334446e-05,4.109306717560590606e-05,-7.762523434835578745e-05
-1.274018934377341367e-04,-5.911192570231827017e-05,3.460584449086732294e-05,8.210349659770929383e-05,4.106050660388675335e-05,-7.881909547702143607e-05
-1.274015989050451001e-04,-5.911178899590449609e-05,3.460576477309473803e-05,8.278129639947490247e-05,4.102810978420668976e-05,-8.000378722947823289e-05
-1.274013038928195683e-04,-5.911165206818482469e-05,3.460568491944201542e-05,8.345376785170927406e-05,4.099588479522844729e-05,-8.117907781872745799e-05
-1.274010084107476525e-04,-5.911151492319188496e-05,3.460560493256213004e-05,8.412077622348044473e-05,4.096383969617541277e-05,-8.234473657112339931e-05
-1.274007124683506536e-04,-5.911137756567425201e-05,3.460552481510156521e-05,8.478218751301505964e-05,4.093198252466219357e-05,-8.350053401164020210e-05
-1.274004160746665892e-04,-5.911123999977021035e-05,3.460544456974688581e-05,8.543786849199389998e-05,4.090032129405888142e-05,-8.464624194147781367e-05
-1.274001192388262847e-04,-5.911110222951411014e-05,3.460536419901492488e-05,8.608768675395524867e-05,4.086886399076964396e-05,-8.578163352010906404e-05
-1.273998219696167652e-04,-5.911096425914402313e-05,3.460528370543839225e-05,8.673151075548161677e-05,4.083761857201927863e-05,-8.690648334321875884e-05
-1.273995242759340450e-04,-5.911082609243737069e-05,3.460520309144579236e-05,8.736920986216093019e-05,4.080659296318825722e-05,-8.802056751797822343e-05
-1.273992261660476864e-04,-5.911068773370069869e-05,3.460512235951252819e-05,8.800065439121651891e-05,4.077579505550073930e-05,-8.912366374298285145e-05
-1.273989276484490253e-04,-5.911054918648012753e-05,3.460504151191146695e-05,8.862571565358252316e-05,4.074523270366144518e-05,-9.021555138030697499e-05
-1.273986287312108413e-04,-5.911041045472510756e-05,3.460496055101198342e-05,8.924426599686713921e-05,4.071491372276924401e-05,-9.129601153077838158e-05
-1.273983294222524182e-04,-5.911027154194288373e-05,3.460487947910953011e-05,8.985617884598469504e-05,4.068484588654455779e-05,-9.236482710769846477e-05
-1.273980297297730348e-04,-5.911013245212006065e-05,3.460479829834504039e-05,9.046132874334343339e-05,4.065503692464575089e-05,-9.342178290734280916e-05
-1.273977296609552054e-04,-5.910999318829949915e-05,3.460471701099487125e-05,9.105959139136512916e-05,4.062549452013732829e-05,-9.446666568023882318e-05
-1.273974292237550765e-04,-5.910985375449925248e-05,3.460463561919899385e-05,9.165084368889800587e-05,4.059622630731691656e-05,-9.549926420188821973e-05
-1.273971284253696363e-04,-5.910971415399340792e-05,3.460455412492756616e-05,9.223496377240423443e-05,4.056723986890404962e-05,-9.651936933960386525e-05
-1.273968272732497119e-04,-5.910957438974185095e-05,3.460447253024738246e-05,9.281183105337222647e-05,4.053854273395117544e-05,-9.752677412090067000e-05
-1.273965257741969373e-04,-5.910943446533144761e-05,3.460439083741445062e-05,9.338132625606225209e-05,4.051014237533866110e-05,-9.852127380122054784e-05
-1.273962239353891644e-04,-5.910929438405853844e-05,3.460430904798079927e-05,9.394333145458595084e-05,4.048204620755604759e-05,-9.950266592754940167e-05
-1.273959217633292753e-04,-5.910915414869993460e-05,3.460422716433563054e-05,9.449773011020786025e-05,4.045426158367783728e-05,-1.004707504038105065e-04
-1.273956192649294383e-04,-5.910901376276831559e-05,3.460414518807121051e-05,9.504440710542729756e-05,4.042679579444598102e-05,-1.014253295543704589e-04
-1.273953164466848917e-04,-5.910887322894433065e-05,3.460406312113151368e-05,9.558324878172419427e-05,4.039965606415054690e-05,-1.023662081854357573e-04
-1.273950133152648614e-04,-5.910873255058902005e-05,3.460398096522050606e-05,9.611414297275269107e-05,4.037284954933365814e-05,-1.032931936483366393e-04
-1.273947098765770022e-04,-5.910859173018501026e-05,3.460389872229805927e-05,9.663697903864548429e-05,4.034638333661167656e-05,-1.042060958965936561e-04
-1.273944061368126237e-04,-5.910845077075856704e-05,3.460381639406540847e-05,9.715164790053975620e-05,4.032026443932537700e-05,-1.051047275493127356e-04
-1.273941021021435737e-04,-5.910830967509184803e-05,3.460373398214403224e-05,9.765804207254991760e-05,4.029449979670721225e-05,-1.059889039459200721e-04
-1.273937977783846454e-04,-5.910816844589501307e-05,3.460365148836029624e-05,9.815605569440641646e-05,4.026909627057057982e-05,-1.068584432055602368e-04
-1.273934931715692883e-04,-5.910802708604461994e-05,3.460356891419782949e-05,9.864558456476069396e-05,4.024406064326450157e-05,-1.077131662834967412e-04
-1.273931882870248382e-04,-5.910788559784732230e-05,3.460348626137417087e-05,9.912652617071558551e-05,4.021939961573650006e-05,-1.085528970247366220e-04
-1.273928831307061130e-04,-5.910774398395395382e-05,3.460340353135959340e-05,9.959877971990893652e-05,4.019511980523596695e-05,-1.093774622200979508e-04
-1.273925777077597390e-04,-5.910760224697845816e-05,3.460332072575891279e-05,1.000622461701550393e-04,4.017122774224108684e-05,-1.101866916586133772e-04
-1.273922720235466893e-04,-5.910746038938112724e-05,3.460323784623095837e-05,1.005168282595300373e-04,4.014772986992383766e-05,-1.109804181817099071e-04
-1.273919660835108516e-04,-5.910731841361851921e-05,3.460315489399846625e-05,1.009624305359023801e-04,4.012463254060914228e-05,-1.117584777328370371e-04
-1.273916598925892759e-04,-5.910717632198265781e-05,3.460307187072097726e-05,1.013989593845757912e-04,4.010194201423055121e-05,-1.125207094077606710e-04
-1.273913534559862140e-04,-5.910703411680620401e-05,3.460298877766546972e-05,1.018263230577086604e-04,4.007966445610394870e-05,-1.132669555072998518e-04
-1.273910467784501732e-04,-5.910689180039776982e-05,3.460290561642029306e-05,1.022444317010689141e-04,4.005780593457215733e-05,-1.139970615831797853e-04
-1.273907398649633336e-04,-5.910674937493837021e-05,3.460282238822056359e-05,1.026531973814552232e-04,4.003637241968408168e-05,-1.147108764866605716e-04
-1.273904327201152856e-04,-5.910660684247566330e-05,3.460273909437723084e-05,1.030525341131187253e-04,4.001536978040844421e-05,-1.154082524155006277e-04
-1.273901253486046633e-04,-5.910646420547764558e-05,3.460265573635028821e-05,1.034423578845180582e-04,3.999480378260590710e-05,-1.160890449611420204e-04
-1.273898177550633951e-04,-5.910632146579942087e-05,3.460257231530948144e-05,1.038225866829649822e-04,3.997468008735344458e-05,-1.167531131518989817e-04
-1.273895099439375774e-04,-5.910617862578678252e-05,3.460248883255149599e-05,1.041931405207132262e-04,3.995500424918684441e-05,-1.174003194990330998e-04
-1.273892019193169833e-04,-5.910603568709338281e-05,3.460240528940711549e-05,1.045539414584939410e-04,3.993578171329134353e-05,-1.180305300378324112e-04
-1.273888936858094993e-04,-5.910589265205759508e-05,3.460232168689574071e-05,1.049049136301613365e-04,3.991701781438292118e-05,-1.186436143735753520e-04
-1.273885852475534707e-04,-5.910574952223692321e-05,3.460223802637120812e-05,1.052459832668942966e-04,3.989871777467539273e-05,-1.192394457200565271e-04
-1.273882766085967122e-04,-5.910560629981236860e-05,3.460215430889685578e-05,1.055770787185114005e-04,3.988088670122717718e-05,-1.198179009417758357e-04
-1.273879677730215703e-04,-5.910546298664300595e-05,3.460207053568388659e-05,1.058981304782277450e-04,3.986352958528796374e-05,-1.203788605931301026e-04
-1.273876587446501015e-04,-5.910531958432525520e-05,3.460198670788205630e-05,1.062090712035258761e-04,3.984665129959192659e-05,-1.209222089586041009e-04
-1.273873495275499072e-04,-5.910517609472192474e-05,3.460190282649213095e-05,1.065098357374709469e-04,3.983025659673541957e-05,-1.214478340897415340e-04
-1.273870401254817051e-04,-5.910503251971067657e-05,3.460181889258320164e-05,1.068003611311361652e-04,3.981435010809284179e-05,-1.219556278433374667e-04
-1.273867305420021121e-04,-5.910488886067333990e-05,3.460173490725231157e-05,1.070805866625863199e-04,3.979893634043377100e-05,-1.224454859172994777e-04
-1.273864207807520960e-04,-5.910474511980005056e-05,3.460165087161112710e-05,1.073504538589703110e-04,3.978401967640250622e-05,-1.229173078869523451e-04
-1.273861108455882180e-04,-5.910460129839509020e-05,3.460156678651462973e-05,1.076099065148387049e-04,3.976960437114042559e-05,-1.233709972385676633e-04
-1.273858007396398923e-04,-5.910445739828232406e-05,3.460148265313851476e-05,1.078588907113495763e-04,3.975569455125431379e-05,-1.238064614052246425e-04
-1.273854904665382745e-04,-5.910431342075856635e-05,3.460139847226947928e-05,1.080973548362514785e-04,3.974229421359632970e-05,-1.242236117986741874e-04
-1.273851800295691748e-04,-5.910416936771066765e-05,3.460131424501342983e-05,1.083252496003138236e-04,3.972940722259955918e-05,-1.246223638408699085e-04
-1.273848694320802030e-04,-5.910402524069984523e-05,3.460122997219342494e-05,1.085425280570878213e-04,3.971703730969541228e-05,-1.250026369974974541e-04
-1.273845586772870484e-04,-5.910388104087497391e-05,3.460114565471053826e-05,1.087491456183377938e-04,3.970518807195507052e-05,-1.253643548065076752e-04
-1.273842477684486332e-04,-5.910373676994148338e-05,3.460106129357428398e-05,1.089450600721367669e-04,3.969386296957646881e-05,-1.257074449088707796e-04
-1.273839367084864485e-04,-5.910359242926281886e-05,3.460097688958987873e-05,1.091302315988528144e-04,3.968306532536627727e-05,-1.260318390774423471e-04
-1.273836255005163015e-04,-5.910344802010981436e-05,3.460089244365125398e-05,1.093046227864694178e-04,3.967279832300143046e-05,-1.263374732444975381e-04
-1.273833141474489769e-04,-5.910330354368480946e-05,3.460080795655932342e-05,1.094681986467937600e-04,3.966306500548872678e-05,-1.266242875287101367e-04
-1.273830026523575375e-04,-5.910315900194133316e-05,3.460072342918772361e-05,1.096209266290006871e-04,3.965386827420457777e-05,-1.268922262619092507e-04
-1.273826910180012777e-04,-5.910301439585057313e-05,3.460063886228216881e-05,1.097627766365073126e-04,3.964521088760666418e-05,-1.271412380152813881e-04
-1.273823792471618537e-04,-5.910286972666669377e-05,3.460055425671264317e-05,1.098937210370753964e-04,3.963709545959433092e-05,-1.273712756221301648e-04
-1.273820673426278606e-04,-5.910272499598983519e-05,3.460046961322229951e-05,1.100137346802410195e-04,3.962952445860909228e-05,-1.275822962027460051e-04
-1.273817553069085489e-04,-5.910258020439341158e-05,3.460038493264514680e-05,1.101227949066398203e-04,3.962250020656107527e-05,-1.277742611868329446e-04
-1.273814431429398024e-04,-5.910243535346468817e-05,3.460030021555738429e-05,1.102208815627722562e-04,3.961602487714797769e-05,-1.279471363350476350e-04
-1.273811308531718639e-04,-5.910229044463353787e-05,3.460021546281221810e-05,1.103079770122162331e-04,3.961010049550778463e-05,-1.281008917613150162e-04
-1.273808184401355593e-04,-5.910214547868054559e-05,3.460013067507947511e-05,1.103840661456185291e-04,3.960472893691220999e-05,-1.282355019513693934e-04
-1.273805059063469155e-04,-5.910200045701730868e-05,3.460004585313539665e-05,1.104491363943499557e-04,3.959991192554159547e-05,-1.283509457822950943e-04
-1.273801932541310038e-04,-5.910185538087937038e-05,3.459996099763423095e-05,1.105031777372770944e-04,3.959565103362135705e-05,-1.284472065417332999e-04
-1.273798804860008967e-04,-5.910171025089767537e-05,3.459987610917457959e-05,1.105461827133074373e-04,3.959194768094566791e-05,-1.285242719438697714e-04
-1.273795676041142376e-04,-5.910156506846692099e-05,3.459979118854880463e-05,1.105781464294933381e-04,3.958880313344518670e-05,-1.285821341465326372e-04
-1.273792546108920229e-04,-5.910141983483211016e-05,3.459970623633009664e-05,1.105990665694693136e-04,3.958621850247382866e-05,-1.286207897669578576e-04
-1.273789415085727777e-04,-5.910127455060732821e-05,3.459962125315688809e-05,1.106089434021114717e-04,3.958419474470675580e-05,-1.286402398952230322e-04
-1.273786282992569541e-04,-5.910112921675459449e-05,3.459953623968005940e-05,1.106077797888643327e-04,3.958273266034097393e-05,-1.286404901089029671e-04
-1.273783149852697862e-04,-5.910098383499791922e-05,3.459945119642775935e-05,1.105955811904019647e-04,3.958183289342455071e-05,-1.286215504845048636e-04
-1.273780015684537130e-04,-5.910083840547981400e-05,3.459936612418038310e-05,1.105723556736220220e-04,3.958149593045147603e-05,-1.285834356091260938e-04
-1.273776880512377809e-04,-5.910069292977064402e-05,3.459928102331725911e-05,1.105381139171964812e-04,3.958172210056512612e-05,-1.285261645918896601e-04
-1.273773744354429619e-04,-5.910054740821464348e-05,3.459919589452815680e-05,1.104928692167894320e-04,3.958251157444938223e-05,-1.284497610722709225e-04
-1.273770607229741448e-04,-5.910040184203824832e-05,3.459911073839298204e-05,1.104366374893867025e-04,3.958386436397821651e-05,-1.283542532282026870e-04
-1.273767469160500139e-04,-5.910025623245668654e-05,3.459902555532395527e-05,1.103694372781806110e-04,3.958578032221516340e-05,-1.282396737854009708e-04
-1.273764330163446046e-04,-5.910011057989376601e-05,3.459894034602338877e-05,1.102912897553453870e-04,3.958825914205318805e-05,-1.281060600206958343e-04
-1.273761190258820679e-04,-5.909996488542223022e-05,3.459885511091710295e-05,1.102022187245903597e-04,3.959130035743917749e-05,-1.279534537704692381e-04
-1.273758049463055123e-04,-5.909981914971368144e-05,3.459876985063485664e-05,1.101022506238246557e-04,3.959490334145415735e-05,-1.277819014308772237e-04
-1.273754907795065995e-04,-5.909967337387805132e-05,3.459868456554538699e-05,1.099914145269331354e-04,3.959906730780648224e-05,-1.275914539646220568e-04
-1.273751765272568618e-04,-5.909952755857380294e-05,3.459859925624753953e-05,1.098697421437766101e-04,3.960379130899710135e-05,-1.273821669002865001e-04
-1.273748621913879230e-04,-5.909938170452428888e-05,3.459851392318025350e-05,1.097372678211908938e-04,3.960907423757604719e-05,-1.271541003337768594e-04
-1.273745477733694465e-04,-5.909923581243426766e-05,3.459842856689082061e-05,1.095940285423206961e-04,3.961491482545602714e-05,-1.269073189274348592e-04
-1.273742332749849989e-04,-5.909908988365607143e-05,3.459834318777044811e-05,1.094400639245103206e-04,3.962131164392206610e-05,-1.266418919075951524e-04
-1.273739186978936806e-04,-5.909894391823580589e-05,3.459825778630866005e-05,1.092754162190816340e-04,3.962826310427313732e-05,-1.263578930638080281e-04
-1.273736040435088034e-04,-5.909879791715033718e-05,3.459817236296762471e-05,1.091001303074484209e-04,3.963576745717377564e-05,-1.260554007427331312e-04
-1.273732893135304776e-04,-5.909865188111731906e-05,3.459808691817184114e-05,1.089142536986741235e-04,3.964382279334911882e-05,-1.257344978431434047e-04
-1.273729745096285101e-04,-5.909850581088961475e-05,3.459800145230498814e-05,1.087178365248090675e-04,3.965242704413102698e-05,-1.253952718085973731e-04
-1.273726596331431374e-04,-5.909835970699086678e-05,3.459791596593053236e-05,1.085109315367828404e-04,3.966157798064828518e-05,-1.250378146211108719e-04
-1.273723446854472575e-04,-5.909821357048093698e-05,3.459783045934819473e-05,1.082935940978543686e-04,3.967127321556562308e-05,-1.246622227897213706e-04
-1.273720296681261368e-04,-5.909806740149492374e-05,3.459774493301058897e-05,1.080658821789491972e-04,3.968151020299966897e-05,-1.242685973412729591e-04
-1.273717145824914700e-04,-5.909792120119999778e-05,3.459765938730118386e-05,1.078278563500001440e-04,3.969228623843278948e-05,-1.238570438079817954e-04
-1.273713994298647371e-04,-5.909777496988860232e-05,3.459757382271157699e-05,1.075795797732864218e-04,3.970359846012385356e-05,-1.234276722140018382e-04
-1.273710842118109296e-04,-5.909762870824317486e-05,3.459748823939115786e-05,1.073211181943302433e-04,3.971544384939938813e-05,-1.229805970604367542e-04
-1.273707689295772323e-04,-5.909748241713876820e-05,3.459740263792330855e-05,1.070525399320162156e-04,3.972781923115454726e-05,-1.225159373092413596e-04
-1.273704535844276625e-04,-5.909733609687870144e-05,3.459731701859648784e-05,1.067739158689331319e-04,3.974072127506728309e-05,-1.220338163656794724e-04
-1.273701381775890491e-04,-5.909718974811052113e-05,3.459723138178526046e-05,1.064853194408272728e-04,3.975414649568973727e-05,-1.215343620595612655e-04
-1.273698227103798090e-04,-5.909704337140764821e-05,3.459714572785437236e-05,1.061868266228363185e-04,3.976809125408386163e-05,-1.210177066234819601e-04
-1.273695071840633087e-04,-5.909689696741191685e-05,3.459706005710721041e-05,1.058785159196090685e-04,3.978255175855230591e-05,-1.204839866727267216e-04
-1.273691915997227477e-04,-5.909675053674313830e-05,3.459697436999169240e-05,1.055604683474314605e-04,3.979752406503016038e-05,-1.199333431799568694e-04
-1.273688759586722873e-04,-5.909660407972489949e-05,3.459688866667098400e-05,1.052327674245685931e-04,3.981300407907214253e-05,-1.193659214504515649e-04
-1.273685602619208589e-04,-5.909645759711580989e-05,3.459680294760339100e-05,1.048954991518363507e-04,3.982898755630937150e-05,-1.187818710971271836e-04
-1.273682445106637143e-04,-5.909631108935964702e-05,3.459671721309205635e-05,1.045487519991688164e-04,3.984547010421331074e-05,-1.181813460095615777e-04
-1.273679287059077247e-04,-5.909616455689682734e-05,3.459663146343875415e-05,1.041926168857460117e-04,3.986244718220548254e-05,-1.175645043265709304e-04
-1.273676128489610072e-04,-5.909601800030447167e-05,3.459654569893285119e-05,1.038271871643408364e-04,3.987991410477958402e-05,-1.169315084034575395e-04
-1.273672969408050088e-04,-5.909587141983042863e-05,3.459645991981084585e-05,1.034525586005587784e-04,3.989786604127381145e-05,-1.162825247794797276e-04
-1.273669809822731015e-04,-5.909572481640518762e-05,3.459637412660076491e-05,1.030688293527439749e-04,3.991629801764161990e-05,-1.156177241438783259e-04
-1.273666649745732761e-04,-5.909557819011204927e-05,3.459628831935738092e-05,1.026760999534396401e-04,3.993520491890455447e-05,-1.149372812982392465e-04
-1.273663489187856692e-04,-5.909543154169270271e-05,3.459620249842067257e-05,1.022744732840760506e-04,3.995458148981290212e-05,-1.142413751193003472e-04
-1.273660328157197189e-04,-5.909528487134889087e-05,3.459611666412109113e-05,1.018640545536555103e-04,3.997442233646601826e-05,-1.135301885187606935e-04
-1.273657166663584985e-04,-5.909513817975386264e-05,3.459603081665035064e-05,1.014449512757719263e-04,3.999472192822819326e-05,-1.128039084040887102e-04
-1.273654004716741307e-04,-5.909499146708338074e-05,3.459594495634168065e-05,1.010172732420779696e-04,4.001547460008331603e-05,-1.120627256311148456e-04
-1.273650842325581008e-04,-5.909484473408852624e-05,3.459585908357351515e-05,1.005811324970840557e-04,4.003667455300859168e-05,-1.113068349635076035e-04
-1.273647679500194757e-04,-5.909469798091725884e-05,3.459577319830060225e-05,1.001366433121808608e-04,4.005831585774477326e-05,-1.105364350240338180e-04
-1.273644516248387726e-04,-5.909455120789522544e-05,3.459568730095891997e-05,9.968392215633063995e-05,4.008039245482317874e-05,-1.097517282469290825e-04
-1.273641352580077112e-04,-5.909440441571229711e-05,3.459560139181885478e-05,9.922308766753616237e-05,4.010289815801770943e-05,-1.089529208277147614e-04
-1.273638188501722863e-04,-5.909425760475334530e-05,3.459551547104765842e-05,9.875426062386542195e-05,4.012582665562006818e-05,-1.081402226707944191e-04
-1.273635024023608907e-04,-5.909411077529391320e-05,3.459542953894127743e-05,9.827756391114575993e-05,4.014917151281268499e-05,-1.073138473370502231e-04
-1.273631859153538789e-04,-5.909396392755981303e-05,3.459534359564666185e-05,9.779312249265644332e-05,4.017292617423439332e-05,-1.064740119867763963e-04
-1.273628693898290942e-04,-5.909381706220944688e-05,3.459525764156779219e-05,9.730106337360330349e-05,4.019708396546521785e-05,-1.056209373236118699e-04
-1.273625528268330627e-04,-5.909367017928543746e-05,3.459517167663241316e-05,9.680151556992320388e-05,4.022163809612454321e-05,-1.047548475356972568e-04
-1.273622362268287116e-04,-5.909352327931314847e-05,3.459508570127690935e-05,9.629461007131545646e-05,4.024658166139891065e-05,-1.038759702339453543e-04
-1.273619195906672209e-04,-5.909337636273467691e-05,3.459499971573247332e-05,9.578047980582765880e-05,4.027190764518926726e-05,-1.029845363897562762e-04
-1.273616029191582187e-04,-5.909322943001616872e-05,3.459491372011665292e-05,9.525925960188795039e-05,4.029760892263683174e-05,-1.020807802705123575e-04
-1.273612862129857009e-04,-5.909308248095787998e-05,3.459482771467569078e-05,9.473108615144765470e-05,4.032367826193525702e-05,-1.011649393732964300e-04
-1.273609694729070641e-04,-5.909293551629235866e-05,3.459474169952735161e-05,9.419609796946021231e-05,4.035010832757141220e-05,-1.002372543565009048e-04
-1.273606526995664056e-04,-5.909278853656529050e-05,3.459465567500806331e-05,9.365443535391515778e-05,4.037689168271074930e-05,-9.929796897077038261e-05
-1.273603358934617539e-04,-5.909264154181181043e-05,3.459456964126179441e-05,9.310624034398508331e-05,4.040402079195795306e-05,-9.834732998461545052e-05
-1.273600190556052928e-04,-5.909249453183770394e-05,3.459448359845994369e-05,9.255165667917147790e-05,4.043148802439143307e-05,-9.738558711424502828e-05
-1.273597021866140148e-04,-5.909234750769365105e-05,3.459439754664150857e-05,9.199082975323281638e-05,4.045928565610997234e-05,-9.641299294573835198e-05
-1.273593852867822807e-04,-5.909220046944263033e-05,3.459431148630087846e-05,9.142390657222041947e-05,4.048740587274642300e-05,-9.542980285888218379e-05
-1.273590683569974017e-04,-5.909205341721223206e-05,3.459422541739929990e-05,9.085103570718547372e-05,4.051584077326714369e-05,-9.443627494690007447e-05
-1.273587513978014516e-04,-5.909190635127058622e-05,3.459413934015813309e-05,9.027236724777397230e-05,4.054458237231865352e-05,-9.343266993706991286e-05
-1.273584344098753908e-04,-5.909175927248732458e-05,3.459405325479324948e-05,8.968805275515588800e-05,4.057362260323825822e-05,-9.241925110667843009e-05
-1.273581173938060165e-04,-5.909161218047382166e-05,3.459396716134788838e-05,8.909824521295579565e-05,4.060295332164547664e-05,-9.139628419919770786e-05
-1.273578003502008344e-04,-5.909146507558346638e-05,3.459388106009755236e-05,8.850309897785060376e-05,4.063256630798203501e-05,-9.036403733901841027e-05
-1.273574832793821778e-04,-5.909131795832505449e-05,3.459379495119099395e-05,8.790276972839086169e-05,4.066245327070333804e-05,-8.932278094096488615e-05
-1.273571661822290636e-04,-5.909117082892404582e-05,3.459370883470227093e-05,8.729741441326713139e-05,4.069260585015396314e-05,-8.827278762314092690e-05
-1.273568490591661466e-04,-5.909102368752493066e-05,3.459362271088520181e-05,8.668719119902122054e-05,4.072301562138144965e-05,-8.721433211433536376e-05
-1.273565319106575468e-04,-5.909087653441246792e-05,3.459353657989043648e-05,8.607225941686929150e-05,4.075367409700999703e-05,-8.614769116065065801e-05
-1.273562147372890856e-04,-5.909072936969220468e-05,3.459345044180223101e-05,8.545277950608338730e-05,4.078457273134323494e-05,-8.507314343157597314e-05
-1.273558975395273495e-04,-5.909058219370811086e-05,3.459336429683760878e-05,8.482891296070361315e-05,4.081570292338870690e-05,-8.399096942239694464e-05
-1.273555803177991617e-04,-5.909043500675805068e-05,3.459327814512725682e-05,8.420082227136536370e-05,4.084705602019076868e-05,-8.290145135671606557e-05
-1.273552630729501728e-04,-5.909028780918427966e-05,3.459319198666565247e-05,8.356867086845900779e-05,4.087862332079899869e-05,-8.180487308775196234e-05
-1.273549458050290907e-04,-5.909014060088317518e-05,3.459310582185024392e-05,8.293262306417922803e-05,4.091039607867904350e-05,-8.070151999475370268e-05
-1.273546285148463022e-04,-5.908999338228941421e-05,3.459301965056116584e-05,8.229284399213200542e-05,4.094236550681738720e-05,-7.959167888196838625e-05
-1.273543112026946503e-04,-5.908984615329025328e-05,3.459293347304242470e-05,8.164949954816288981e-05,4.097452277975751023e-05,-7.847563787394529731e-05
-1.273539938690453836e-04,-5.908969891471065506e-05,3.459284728946609695e-05,8.100275632852072167e-05,4.100685903815557136e-05,-7.735368630939640168e-05
-1.273536765142268526e-04,-5.908955166637490424e-05,3.459276109995729952e-05,8.035278156913173942e-05,4.103936539226419325e-05,-7.622611463394681028e-05
-1.273533591388226020e-04,-5.908940440844584122e-05,3.459267490459694099e-05,7.969974308187601690e-05,4.107203292523883180e-05,-7.509321429155283963e-05
-1.273530417434204864e-04,-5.908925714100474050e-05,3.459258870337050660e-05,7.904380919153007525e-05,4.110485269734801781e-05,-7.395527761492091219e-05
-1.273527243281249684e-04,-5.908910986456779752e-05,3.459250249665657266e-05,7.838514867171040255e-05,4.113781574894354915e-05,-7.281259771281780517e-05
-1.273524068934455962e-04,-5.908896257934958944e-05,3.459241628443743955e-05,7.772393067970681817e-05,4.117091310507395399e-05,-7.166546835826905068e-05
-1.273520894399482418e-04,-5.908881528522796732e-05,3.459233006677598423e-05,7.706032469064955418e-05,4.120413577871158466e-05,-7.051418387542491911e-05
-1.273517719677553389e-04,-5.908866798253971825e-05,3.459224384395676911e-05,7.639450043178763023e-05,4.123747477455742865e-05,-6.935903902176366914e-05
-1.273514544775480103e-04,-5.908852067148086598e-05,3.459215761588388974e-05,7.572662781454663318e-05,4.127092109328403898e-05,-6.820032887506856704e-05
-1.273511369696949660e-04,-5.908837335244538925e-05,3.459207138267931885e-05,7.505687686725277970e-05,4.130446573482677897e-05,-6.703834871418771113e-05
-1.273508194441083858e-04,-5.908822602498751833e-05,3.459198514471685548e-05,7.438541766719083145e-05,4.133809970210525127e-05,-6.587339389990483807e-05
-1.273505019015462624e-04,-5.908807868996738470e-05,3.459189890184965799e-05,7.371242027166278251e-05,4.137181400570933494e-05,-6.470575975736440053e-05
-1.273501843423225266e-04,-5.908793134695777203e-05,3.459181265423283506e-05,7.303805464793649985e-05,4.140559966711909642e-05,-6.353574145494393134e-05
-1.273498667668645709e-04,-5.908778399648949894e-05,3.459172640191938384e-05,7.236249060363835828e-05,4.143944772275275323e-05,-6.236363388157214950e-05
-1.273495491751891462e-04,-5.908763663875684090e-05,3.459164014522293692e-05,7.168589771659077733e-05,4.147334922768083215e-05,-6.118973152682250188e-05
-1.273492315680086276e-04,-5.908748927360443174e-05,3.459155388394208341e-05,7.100844526431677258e-05,4.150729525987187780e-05,-6.001432835634376811e-05
-1.273489139455696710e-04,-5.908734190165377002e-05,3.459146761826680265e-05,7.033030215154622753e-05,4.154127692389247552e-05,-5.883771768895605431e-05
-1.273485963079421532e-04,-5.908719452248680095e-05,3.459138134842285940e-05,6.965163684005332210e-05,4.157528535446770353e-05,-5.766019207274759281e-05
-1.273482786557725570e-04,-5.908704713667323888e-05,3.459129507432241973e-05,6.897261727560777430e-05,4.160931172126167848e-05,-5.648204315972805550e-05
-1.273479609890645957e-04,-5.908689974458136018e-05,3.459120879621481627e-05,6.829341081592509282e-05,4.164334723192240852e-05,-5.530356157992701304e-05
-1.273476433083359487e-04,-5.908675234558392002e-05,3.459112251407923911e-05,6.761418415906101384e-05,4.167738313643566455e-05,-5.412503681660235975e-05
-1.273473256138326758e-04,-5.908660494011012693e-05,3.459103622800932944e-05,6.693510326958534257e-05,4.171141073082962461e-05,-5.294675708011668759e-05
-1.273470079058689787e-04,-5.908645752848366270e-05,3.459094993812513553e-05,6.625633330653242275e-05,4.174542136137889480e-05,-5.176900918081431041e-05
-1.273466901846714015e-04,-5.908631011081008795e-05,3.459086364443953907e-05,6.557803854946399661e-05,4.177940642801726610e-05,-5.059207840256439487e-05
-1.273463724506393099e-04,-5.908616268701897699e-05,3.459077734707298815e-05,6.490038232553142815e-05,4.181335738859948945e-05,-4.941624837597115999e-05
-1.273460547039214567e-04,-5.908601525759509015e-05,3.459069104612640165e-05,6.422352693809213031e-05,4.184726576246659325e-05,-4.824180095180606034e-05
-1.273457369448696382e-04,-5.908586782259939347e-05,3.459060474159565284e-05,6.354763359088518124e-05,4.188112313465677561e-05,-4.706901607344067361e-05
-1.273454191735441091e-04,-5.908572038186360524e-05,3.459051843375238178e-05,6.287286231709186780e-05,4.191492115916430593e-05,-4.589817165038997384e-05
-1.273451013903714756e-04,-5.908557293540805423e-05,3.459043212250374012e-05,6.219937190473252006e-05,4.194865156353962533e-05,-4.472954343196645758e-05
-1.273447835956417621e-04,-5.908542548386168614e-05,3.459034580793143604e-05,6.152731982506086676e-05,4.198230615197582634e-05,-4.356340488015733749e-05
-1.273444657896711759e-04,-5.908527802709314985e-05,3.459025949002105644e-05,6.085686215918221679e-05,4.201587680943785037e-05,-4.240002704405584493e-05
-1.273441479723546579e-04,-5.908513056524125715e-05,3.459017316914134524e-05,6.018815352600358990e-05,4.204935550502899644e-05,-4.123967843407063701e-05
-1.273438301443543304e-04,-5.908498309831884226e-05,3.459008684502385398e-05,5.952134700996210769e-05,4.208273429646983496e-05,-4.008262489657915057e-05
-1.273435123056033253e-04,-5.908483562631677757e-05,3.459000051794934360e-05,5.885659408908617369e-05,4.211600533277899238e-05,-3.892912949013552584e-05
-1.273431944564894344e-04,-5.908468814948285747e-05,3.458991418786945191e-05,5.819404456405599647e-05,4.214916085872626774e-05,-3.777945236079011457e-05
-1.273428765972092237e-04,-5.908454066802424590e-05,3.458982785490445080e-05,5.753384648637589364e-05,4.218219321791476868e-05,-3.663385061796426226e-05
-1.273425587278420297e-04,-5.908439318185226190e-05,3.458974151911276522e-05,5.687614608954403547e-05,4.221509485660458760e-05,-3.549257821554310474e-05
-1.273422408487985481e-04,-5.908424569121093904e-05,3.458965518051067175e-05,5.622108771700273815e-05,4.224785832748747182e-05,-3.435588582652907800e-05
-1.273419229600569595e-04,-5.908409819620591928e-05,3.458956883932138052e-05,5.556881375475140921e-05,4.228047629238967188e-05,-3.322402072568913541e-05
-1.273416050621810759e-04,-5.908395069675189624e-05,3.458948249536688587e-05,5.491946456196132863e-05,4.231294152665948405e-05,-3.209722666864912931e-05
-1.273412871550966296e-04,-5.908380319315792851e-05,3.458939614882339096e-05,5.427317840247823574e-05,4.234524692201495485e-05,-3.097574377620643731e-05
-1.273409692390480811e-04,-5.908365568558309567e-05,3.458930979973949516e-05,5.363009137865677739e-05,4.237738548969518235e-05,-2.985980841442362934e-05
-1.273406513142620014e-04,-5.908350817419565234e-05,3.458922344820324247e-05,5.299033736475039269e-05,4.240935036443773900e-05,-2.874965308249376352e-05
-1.273403333808029820e-04,-5.908336065843703788e-05,3.458913709424234781e-05,5.235404794096756186e-05,4.244113480716711352e-05,-2.764550629771916329e-05
-1.273400154391321883e-04,-5.908321313885839292e-05,3.458905073783261313e-05,5.172135232985933376e-05,4.247273220834957801e-05,-2.654759248426498663e-05
-1.273396974891907209e-04,-5.908306561570952442e-05,3.458896437916315718e-05,5.109237733115261566e-05,4.250413609125807985e-05,-2.545613186213477888e-05
-1.273393795312870354e-04,-5.908291808869822634e-05,3.458887801820043068e-05,5.046724726180136224e-05,4.253534011467245397e-05,-2.437134033825563234e-05
-1.273390615656704440e-04,-5.908277055800198257e-05,3.458879165493757604e-05,4.984608389237392688e-05,4.256633807638542100e-05,-2.329342940222618423e-05
-1.273387435922823457e-04,-5.908262302397040766e-05,3.458870528951684737e-05,4.922900638799242227e-05,4.259712391535096091e-05,-2.222260601940024210e-05
-1.273384256113877194e-04,-5.908247548642782697e-05,3.458861892201873991e-05,4.861613124916087573e-05,4.262769171557510812e-05,-2.115907252941037664e-05
-1.273381076231650249e-04,-5.908232794536135205e-05,3.458853255242305360e-05,4.800757225403659990e-05,4.265803570798384203e-05,-2.010302654657912405e-05
-1.273377896277825844e-04,-5.908218040117961192e-05,3.458844618080779003e-05,4.740344040136771091e-05,4.268815027377104919e-05,-1.905466086099622740e-05
-1.273374716253615848e-04,-5.908203285359790187e-05,3.458835980722553977e-05,4.680384385709427395e-05,4.271802994653316822e-05,-1.801416334359280273e-05
-1.273371536161288953e-04,-5.908188530300449503e-05,3.458827343167471041e-05,4.620888790017213023e-05,4.274766941537941356e-05,-1.698171685399110353e-05
-1.273368356002145118e-04,-5.908173774922945626e-05,3.458818705418037411e-05,4.561867486950703496e-05,4.277706352676136656e-05,-1.595749914835425118e-05
-1.273365175777746135e-04,-5.908159019277578082e-05,3.458810067484817960e-05,4.503330411510741250e-05,4.280620728741981671e-05,-1.494168279400852250e-05
-1.273361995489970114e-04,-5.908144263309039686e-05,3.458801429364282933e-05,4.445287194857096410e-05,4.283509586619568420e-05,-1.393443508328840142e-05
-1.273358815138762032e-04,-5.908129507034723751e-05,3.458792791069253020e-05,4.387747159656878973e-05,4.286372459674553972e-05,-1.293591795237778517e-05
-1.273355634727313780e-04,-5.908114750506971493e-05,3.458784152600541373e-05,4.330719315444038313e-05,4.289208897935551545e-05,-1.194628790259366912e-05
-1.273352454255705047e-04,-5.908099993683799892e-05,3.458775513961465651e-05,4.274212354367440744e-05,4.292018468277974594e-05,-1.096569592455652006e-05
-1.273349273725554547e-04,-5.908085236598320484e-05,3.458766875153412276e-05,4.218234646994440621e-05,4.294800754666663645e-05,-9.994287425802369520e-06
-1.273346093140118138e-04,-5.908070479239056988e-05,3.458758236178931836e-05,4.162794238336489259e-05,4.297555358299524783e-05,-9.032202161836683268e-06
-1.273342912498016445e-04,-5.908055721628584526e-05,3.458749597051465047e-05,4.107898844074571134e-05,4.300281897781725029e-05,-8.079574171518173374e-06
-1.273339731802025025e-04,-5.908040963766532437e-05,3.458740957758315226e-05,4.053555846995577706e-05,4.302980009307155257e-05,-7.136531713219786772e-06
-1.273336551050417286e-04,-5.908026205657709835e-05,3.458732318331236621e-05,3.999772293672911337e-05,4.305649346745657648e-05,-6.203197207984269112e-06
-1.273333370248444832e-04,-5.908011447328383550e-05,3.458723678749012074e-05,3.946554891258107449e-05,4.308289581924475083e-05,-5.279687184344939477e-06
-1.273330189396125012e-04,-5.907996688744701402e-05,3.458715039015485758e-05,3.893910004572197241e-05,4.310900404597150810e-05,-4.366112228142770263e-06
-1.273327008494378311e-04,-5.907981929940888267e-05,3.458706399140660793e-05,3.841843653452421708e-05,4.313481522616585402e-05,-3.462576934008782960e-06
-1.273323827543472258e-04,-5.907967170913423874e-05,3.458697759129441841e-05,3.790361510276555587e-05,4.316032662067852203e-05,-2.569179865173111956e-06
-1.273320646546411176e-04,-5.907952411650660505e-05,3.458689118978605431e-05,3.739468897775889976e-05,4.318553567359697214e-05,-1.686013512608120027e-06
-1.273317465501489886e-04,-5.907937652205680698e-05,3.458680478707395475e-05,3.689170786937005005e-05,4.321044001227833034e-05,-8.131642622762124270e-07
-1.273314284412013038e-04,-5.907922892533357248e-05,3.458671838301585885e-05,3.639471795447551792e-05,4.323503744896243074e-05,4.928763540190240021e-08
-1.273311103279274896e-04,-5.907908132658473661e-05,3.458663197762897832e-05,3.590376186119817063e-05,4.325932598084056751e-05,9.012680920819683680e-07
-1.273307922101949211e-04,-5.907893372585288819e-05,3.458654557111811217e-05,3.541887865702836693e-05,4.328330379023812875e-05,1.742709201036473747e-06
-1.273304740882192461e-04,-5.907878612324707086e-05,3.458645916344198619e-05,3.494010383938763733e-05,4.330696924547430783e-05,2.573549254585513808e-06
-1.273301559623074022e-04,-5.907863851878961239e-05,3.458637275448846676e-05,3.446746932918966162e-05,4.333032090059659580e-05,3.393732754755076324e-06
-1.273298378324783900e-04,-5.907849091233056764e-05,3.458628634436362273e-05,3.400100346739881466e-05,4.335335749526940678e-05,4.203210420493593995e-06
-1.273295196984873426e-04,-5.907834330405677852e-05,3.458619993320216624e-05,3.354073101247670761e-05,4.337607795469735706e-05,5.001939190336535072e-06
-1.273292015608658441e-04,-5.907819569419403690e-05,3.458611352091908226e-05,3.308667314360173308e-05,4.339848138976225403e-05,5.789882217965453669e-06
-1.273288834193775387e-04,-5.907804808243328419e-05,3.458602710760238770e-05,3.263884746544273955e-05,4.342056709575565034e-05,6.567008864658219081e-06
-1.273285652742995211e-04,-5.907790046904836274e-05,3.458594069328281968e-05,3.219726801526407920e-05,4.344233455251951911e-05,7.333294685633087503e-06
-1.273282471256794693e-04,-5.907775285420581955e-05,3.458585427788627976e-05,3.176194527369420210e-05,4.346378342350133781e-05,8.088721411729632495e-06
-1.273279289734723617e-04,-5.907760523747814695e-05,3.458576786156300449e-05,3.133288617982391005e-05,4.348491355415645546e-05,8.833276923984110008e-06
-1.273276108180261459e-04,-5.907745761954265280e-05,3.458568144424353037e-05,3.091009414708173269e-05,4.350572497228283320e-05,9.566955225762370041e-06
-1.273272926592340551e-04,-5.907730999959812524e-05,3.458559502599579624e-05,3.049356908388293732e-05,4.352621788515467126e-05,1.028975640623278051e-05
-1.273269744972411013e-04,-5.907716237842346868e-05,3.458550860687303641e-05,3.008330741783117452e-05,4.354639267926079779e-05,1.100168659939820145e-05
-1.273266563322786261e-04,-5.907701475574854736e-05,3.458542218671094683e-05,2.967930212125223554e-05,4.356624991861357093e-05,1.170275793846501229e-05
-1.273263381642454194e-04,-5.907686713187123906e-05,3.458533576569651849e-05,2.928154274361092132e-05,4.358579034238663945e-05,1.239298850232921013e-05
-1.273260199931652793e-04,-5.907671950650483328e-05,3.458524934390432416e-05,2.889001544281763440e-05,4.360501486348957606e-05,1.307240225773280760e-05
-1.273257018192814737e-04,-5.907657187978982907e-05,3.458516292118523185e-05,2.850470302375112899e-05,4.362392456656772087e-05,1.374102899475858085e-05
-1.273253836424981049e-04,-5.907642425170044954e-05,3.458507649773724397e-05,2.812558497889056626e-05,4.364252070551919582e-05,1.439890425577445767e-05
-1.273250654629792128e-04,-5.907627662249367769e-05,3.458499007348084107e-05,2.775263753138989766e-05,4.366080470113446781e-05,1.504606926071405609e-05
-1.273247472807858107e-04,-5.907612899194574098e-05,3.458490364843942158e-05,2.738583368492424617e-05,4.367877813823868311e-05,1.568257081958948212e-05
-1.273244290958938294e-04,-5.907598136018254239e-05,3.458481722274924262e-05,2.702514327287027223e-05,4.369644276334602311e-05,1.630846124844584409e-05
-1.273241109086136488e-04,-5.907583372730195148e-05,3.458473079615708199e-05,2.667053301536862522e-05,4.371380048145803493e-05,1.692379826999437098e-05
-1.273237927188464712e-04,-5.907568609324673594e-05,3.458464436892156257e-05,2.632196657738558880e-05,4.373085335252288467e-05,1.752864491280223724e-05
-1.273234745265277863e-04,-5.907553845832391471e-05,3.458455794106247782e-05,2.597940463099328916e-05,4.374760358857987378e-05,1.812306940137847257e-05
-1.273231563318852767e-04,-5.907539082199154935e-05,3.458447151255509438e-05,2.564280492397799494e-05,4.376405354980442543e-05,1.870714504204074114e-05
-1.273228381349337959e-04,-5.907524318462877179e-05,3.458438508332929825e-05,2.531212234778207668e-05,4.378020574105117359e-05,1.928095009745791052e-05
-1.273225199358749514e-04,-5.907509554634660434e-05,3.458429865343311960e-05,2.498730901343942292e-05,4.379606280767405201e-05,1.984456766141439734e-05
-1.273222017346177515e-04,-5.907494790720057171e-05,3.458421222294785324e-05,2.466831433028609543e-05,4.381162753115760316e-05,2.039808551936351952e-05
-1.273218835312015797e-04,-5.907480026703155367e-05,3.458412579189583375e-05,2.435508508789049228e-05,4.382690282515068210e-05,2.094159600642733540e-05
-1.273215653258345759e-04,-5.907465262556030040e-05,3.458403936015864592e-05,2.404756554286827536e-05,4.384189173045695455e-05,2.147519585695853046e-05
-1.273212471184096480e-04,-5.907450498347296958e-05,3.458395292796292189e-05,2.374569750913875214e-05,4.385659741052023839e-05,2.199898604621962906e-05
-1.273209289089967540e-04,-5.907435734054952237e-05,3.458386649519407504e-05,2.344942045362116725e-05,4.387102314605178724e-05,2.251307162717707241e-05
-1.273206106977102232e-04,-5.907420969676592336e-05,3.458378006191464350e-05,2.315867159559442852e-05,4.388517233025629075e-05,2.301756155563784636e-05
-1.273202924845708722e-04,-5.907406205211101206e-05,3.458369362806009692e-05,2.287338600905432340e-05,4.389904846286977916e-05,2.351256851327651943e-05
-1.273199742698424332e-04,-5.907391440629805764e-05,3.458360719364461801e-05,2.259349673173177535e-05,4.391265514470389078e-05,2.399820871900478660e-05
-1.273196560533795959e-04,-5.907376675994314443e-05,3.458352075875690130e-05,2.231893487610925431e-05,4.392599607150636043e-05,2.447460173401261655e-05
-1.273193378352834081e-04,-5.907361911290006100e-05,3.458343432332267216e-05,2.204962974754246552e-05,4.393907502802947129e-05,2.494187026025895419e-05
-1.273190196155464158e-04,-5.907347146504117642e-05,3.458334788745431491e-05,2.178550896360296850e-05,4.395189588146517683e-05,2.540013992874818179e-05
-1.273187013941175260e-04,-5.907332381640539322e-05,3.458326145120748979e-05,2.152649858152521750e-05,4.396446257466483931e-05,2.584953908281043404e-05
-1.273183831711402600e-04,-5.907317616729605762e-05,3.458317501451198115e-05,2.127252322631956966e-05,4.397677911975586746e-05,2.629019855205596529e-05
-1.273180649468715194e-04,-5.907302851722098249e-05,3.458308857729984340e-05,2.102350622787765933e-05,4.398884959034008227e-05,2.672225141633723165e-05
-1.273177467210293305e-04,-5.907288086667433362e-05,3.458300213971328998e-05,2.077936975874391287e-05,4.400067811435364937e-05,2.714583276538105254e-05
-1.273174284940134114e-04,-5.907273321527667414e-05,3.458291570165844254e-05,2.054003497899206055e-05,4.401226886678554336e-05,2.756107944776241091e-05
-1.273171102654225260e-04,-5.907258556343691767e-05,3.458282926331095539e-05,2.030542218543135568e-05,4.402362606084036497e-05,2.796812981266165140e-05
-1.273167920355599257e-04,-5.907243791088124895e-05,3.458274282457504602e-05,2.007545096503134298e-05,4.403475394074941662e-05,2.836712344140758258e-05
-1.273164738045335428e-04,-5.907229025783539210e-05,3.458265638543071092e-05,1.985004035356447869e-05,4.404565677298101435e-05,2.875820087358013064e-05
-1.273161555722623331e-04,-5.907214260402925880e-05,3.458256994597672768e-05,1.962910899979951351e-05,4.405633883710437021e-05,2.914150332123357281e-05
-1.273158373387732120e-04,-5.907199494994926282e-05,3.458248350612707842e-05,1.941257533380255827e-05,4.406680441710742992e-05,2.951717237723540583e-05
-1.273155191041085447e-04,-5.907184729531072653e-05,3.458239706599558402e-05,1.920035774078890915e-05,4.407705779239746638e-05,2.988534971350198158e-05
-1.273152008683623316e-04,-5.907169964028733235e-05,3.458231062555365543e-05,1.899237473930451216e-05,4.408710322787631324e-05,3.024617676979716568e-05
-1.273148826316868488e-04,-5.907155198451480191e-05,3.458222418470864758e-05,1.878854516584644682e-05,4.409694496401579509e-05,3.059979443531423473e-05
-1.273145643938006645e-04,-5.907140432849617790e-05,3.458213774368820904e-05,1.858878836392403421e-05,4.410658720679992272e-05,3.094634271915546202e-05
-1.273142461549492692e-04,-5.907125667198367947e-05,3.458205130237167489e-05,1.839302437811568780e-05,4.411603411752825627e-05,3.128596041448328962e-05
-1.273139279153543552e-04,-5.907110901490146668e-05,3.458196486059738381e-05,1.820117415400959387e-05,4.412528980171448136e-05,3.161878474912655607e-05
-1.273136096746811208e-04,-5.907096135756943338e-05,3.458187841868482306e-05,1.801315974380637361e-05,4.413435829756624606e-05,3.194495103185654244e-05
-1.273132914330720301e-04,-5.907081369962332153e-05,3.458179197657200340e-05,1.782890451180991305e-05,4.414324352953903749e-05,3.226459229255477926e-05
-1.273129731907547929e-04,-5.907066604135160343e-05,3.458170553407632485e-05,1.764833318404744418e-05,4.415194920513061796e-05,3.257783910878807185e-05
-1.273126549474055036e-04,-5.907051838252675926e-05,3.458161909145403181e-05,1.747136711907163609e-05,4.416047901894861594e-05,3.288482389275440023e-05
-1.273123367034937844e-04,-5.907037072360575992e-05,3.458153264853022215e-05,1.729790698939547445e-05,4.416883684954699000e-05,3.318569668761606667e-05
-1.273120184587800538e-04,-5.907022306444241429e-05,3.458144620541566067e-05,1.712781309854944869e-05,4.417702696932346301e-05,3.348064313505565978e-05
-1.273117002133798605e-04,-5.907007540496830243e-05,3.458135976202321140e-05,1.696088815832679476e-05,4.418505424070075531e-05,3.376990020887880254e-05
-1.273113819670783158e-04,-5.906992774498913531e-05,3.458127331853169992e-05,1.679686250223714190e-05,4.419292428165962468e-05,3.405376976673258162e-05
-1.273110637202021981e-04,-5.906978008485832220e-05,3.458118687484586554e-05,1.663538160494333273e-05,4.420064360482617576e-05,3.433263004961802382e-05
-1.273107454728927520e-04,-5.906963242425020941e-05,3.458110043082126541e-05,1.647599578533877649e-05,4.420821972846312043e-05,3.460694526442517887e-05
-1.273104272248377000e-04,-5.906948476328328668e-05,3.458101398668573108e-05,1.631815197525267317e-05,4.421566125948835790e-05,3.487727338305413505e-05
-1.273101089762936999e-04,-5.906933710230891684e-05,3.458092754234309379e-05,1.616118744120998373e-05,4.422297795093953297e-05,3.514427228058308411e-05
-1.273097907270353732e-04,-5.906918944079630161e-05,3.458084109792499604e-05,1.600432535555497174e-05,4.423018073246629380e-05,3.540870433094723413e-05
-1.273094724774145436e-04,-5.906904177913745461e-05,3.458075465327522461e-05,1.584667210802882228e-05,4.423728171573379969e-05,3.567143957814857100e-05
-1.273091542271457405e-04,-5.906889411706427298e-05,3.458066820855418044e-05,1.568721625744048373e-05,4.424429417188720622e-05,3.593345759357732469e-05
-1.273088359765170636e-04,-5.906874645509469364e-05,3.458058176364129348e-05,1.552482902417981941e-05,4.425123248731187980e-05,3.619584812036816035e-05
-1.273085177253156569e-04,-5.906859879275139658e-05,3.458049531867511120e-05,1.535826622565452244e-05,4.425811209226215083e-05,3.645981061303985856e-05
-1.273081994738318968e-04,-5.906845113029164266e-05,3.458040887346283535e-05,1.518617155451148880e-05,4.426494936938744066e-05,3.672665276212832696e-05
-1.273078812218349297e-04,-5.906830346769311086e-05,3.458032242819260212e-05,1.500708110372197152e-05,4.427176153691947250e-05,3.699778809662982414e-05
-1.273075629696524555e-04,-5.906815580485965278e-05,3.458023598274426159e-05,1.481942904360919663e-05,4.427856651371717502e-05,3.727473275263163853e-05
-1.273072447169408636e-04,-5.906800814184676602e-05,3.458014953725920725e-05,1.462155435389838667e-05,4.428538276413250996e-05,3.755910148951202283e-05
-1.273069264638727860e-04,-5.906786047865992580e-05,3.458006309167271225e-05,1.441170851397991239e-05,4.429222912593224588e-05,3.785260302765360534e-05
-1.273066082107019803e-04,-5.906771281557121264e-05,3.457997664595807133e-05,1.418806405601981528e-05,4.429912462239075292e-05,3.815703478672083403e-05
-1.273062899571171720e-04,-5.906756515218463527e-05,3.457989020018447014e-05,1.394872388710580363e-05,4.430608826107586252e-05,3.847427708923042392e-05
-1.273059717032228239e-04,-5.906741748861864277e-05,3.457980375432185595e-05,1.369173128384139573e-05,4.431313882299218532e-05,3.880628689769676930e-05
-1.273056534491342139e-04,-5.906726982496193643e-05,3.457971730840091168e-05,1.341508046535400924e-05,4.432029464202660667e-05,3.915509114242022405e-05
-1.273053351947460931e-04,-5.906712216106486924e-05,3.457963086243327219e-05,1.311672765301441265e-05,4.432757337883969209e-05,3.952277970065086444e-05
-1.273050169402763861e-04,-5.906697449720099219e-05,3.457954441635180501e-05,1.279460251828145581e-05,4.433499179303952009e-05,3.991149808130933552e-05
-1.273046986856628054e-04,-5.906682683350366215e-05,3.457945797019861786e-05,1.244661993907042654e-05,4.434256551301204584e-05,4.032343986289600501e-05
-1.273043804309113413e-04,-5.906667916951588112e-05,3.457937152395709534e-05,1.207069196150688343e-05,4.435030881081271028e-05,4.076083893255331883e-05
-1.273040621759400823e-04,-5.906653150552810009e-05,3.457928507770585566e-05,1.166473988713134670e-05,4.435823438076882610e-05,4.122596157391243991e-05
-1.273037439209286808e-04,-5.906638384154033939e-05,3.457919863137479160e-05,1.122670640140093653e-05,4.436635312850028596e-05,4.172109843869889267e-05
-1.273034256658390540e-04,-5.906623617742122760e-05,3.457911218502900271e-05,1.075456765456059192e-05,4.437467396933083034e-05,4.224855644661981257e-05
-1.273031074106288911e-04,-5.906608851351672008e-05,3.457902573862182765e-05,1.024634522005571420e-05,4.438320364187833556e-05,4.281065064517682695e-05
-1.273027891553939000e-04,-5.906594084933466357e-05,3.457893929216392548e-05,9.700117851550501272e-06,4.439194653857582673e-05,4.340969606448981009e-05
-1.273024709000659385e-04,-5.906579318516746741e-05,3.457885284575627609e-05,9.114032967054605834e-06,4.440090455445527996e-05,4.404799959833130037e-05
-1.273021526446094448e-04,-5.906564552086148660e-05,3.457876639933567047e-05,8.486317788771551414e-06,4.441007695897471880e-05,4.472785193879615497e-05
-1.273018343892447018e-04,-5.906549785650001496e-05,3.457867995283994998e-05,7.815290076164329000e-06,4.441946028964173157e-05,4.545151959436252655e-05
-1.273015161338186742e-04,-5.906535019225700597e-05,3.457859350636766180e-05,7.099368390177383158e-06,4.442904827230095583e-05,4.622123701388353249e-05
-1.273011978782950956e-04,-5.906520252808982336e-05,3.457850705998352604e-05,6.337081835324897411e-06,4.443883176829848731e-05,4.703919883682847338e-05
-1.273008796228982601e-04,-5.906505486378384932e-05,3.457842061355482279e-05,5.527079222581001287e-06,4.444879875058476982e-05,4.790755230508046843e-05
-1.273005613675209403e-04,-5.906490719981637676e-05,3.457833416711534528e-05,4.668137617100592589e-06,4.445893430764284943e-05,4.882838983273878329e-05
-1.273002431123087174e-04,-5.906475953575278289e-05,3.457824772064310454e-05,3.759170220478935631e-06,4.446922067994482159e-05,4.980374177800335115e-05
-1.272999248571718195e-04,-5.906461187158560029e-05,3.457816127416500911e-05,2.799233558351216066e-06,4.447963732477020073e-05,5.083556941603213132e-05
-1.272996066021923477e-04,-5.906446420761814127e-05,3.457807482767571251e-05,1.787533941358301523e-06,4.449016101325012590e-05,5.192575813708623323e-05
-1.272992883471351115e-04,-5.906431654365812260e-05,3.457798838131158028e-05,7.234331734998829350e-07,4.450076595726083122e-05,5.307611088350793318e-05
-1.272989700921577810e-04,-5.906416887971843271e-05,3.457790193500574424e-05,-3.935465087779163414e-07,4.451142396684720608e-05,5.428834183952151204e-05
-1.272986518374839729e-04,-5.906402121586198245e-05,3.457781548861592319e-05,-1.563718282303358065e-06,4.452210463553843867e-05,5.556407038273819684e-05
-1.272983335827735458e-04,-5.906387355190197055e-05,3.457772904236430404e-05,-2.787227376367558898e-06,4.453277555449710158e-05,5.690481531535180834e-05
-1.272980153284151322e-04,-5.906372588823238930e-05,3.457764259603694659e-05,-4.064048509377272779e-06,4.454340255318576928e-05,5.831198938046495679e-05
-1.272976970740572064e-04,-5.906357822474222997e-05,3.457755614986983422e-05,-5.393984120751311805e-06,4.455394996300113725e-05,5.978689407364825984e-05
-1.272973788199406782e-04,-5.906343056114848189e-05,3.457746970369211022e-05,-6.776663393286265307e-06,4.456438090639992295e-05,6.133071476139038492e-05
-1.272970605659673731e-04,-5.906328289794130610e-05,3.457738325759654842e-05,-8.211542054667161632e-06,4.457465760365828515e-05,6.294451611165585323e-05
-1.272967423123356459e-04,-5.906313523451953959e-05,3.457729681144798269e-05,-9.697902944356336197e-06,4.458474169949903113e-05,6.462923783921480168e-05
-1.272964240589157176e-04,-5.906298757130693601e-05,3.457721036540717987e-05,-1.123485732487671254e-05,4.459459460380177674e-05,6.638569078184236734e-05
-1.272961058058812232e-04,-5.906283990823109776e-05,3.457712391933175035e-05,-1.282134691817206596e-05,4.460417784570875629e-05,6.821455329928192816e-05
-1.272957875528272944e-04,-5.906269224523852623e-05,3.457703747340133964e-05,-1.445614663862214184e-05,4.461345343598618142e-05,7.011636800762787477e-05
-1.272954693001920033e-04,-5.906254458235699734e-05,3.457695102752524746e-05,-1.613786799273670525e-05,4.462238423776539864e-05,7.209153884735074365e-05
-1.272951510476774380e-04,-5.906239691931637533e-05,3.457686458172103111e-05,-1.786496311710686675e-05,4.463093433876323061e-05,7.414032848751657097e-05
-1.272948327955325044e-04,-5.906224925666231883e-05,3.457677813594135162e-05,-1.963572941542283501e-05,4.463906942573005475e-05,7.626285606331334541e-05
-1.272945145437354370e-04,-5.906210159413962020e-05,3.457669169023707160e-05,-2.144831476091841864e-05,4.464675715295790407e-05,7.845909525221155662e-05
-1.272941962919795693e-04,-5.906195393185926108e-05,3.457660524471379914e-05,-2.330072322693883748e-05,4.465396750851925153e-05,8.072887268098672276e-05
-1.272938780407199951e-04,-5.906180626955117349e-05,3.457651879921080804e-05,-2.519082129922487850e-05,4.466067316853960411e-05,8.307186665960511549e-05
-1.272935597896415370e-04,-5.906165860753352333e-05,3.457643235384266458e-05,-2.711634453727270055e-05,4.466684983966158343e-05,8.548760624485812374e-05
-1.272932415389820958e-04,-5.906151094561200803e-05,3.457634590844543062e-05,-2.907490463714130274e-05,4.467247658719606729e-05,8.797547061931092053e-05
-1.272929232886938855e-04,-5.906136328378118624e-05,3.457625946320609038e-05,-3.106399685596153014e-05,4.467753614433490775e-05,9.053468878589713089e-05
-1.272926050387241596e-04,-5.906121562223338187e-05,3.457617301801827684e-05,-3.308100775495956096e-05,4.468201520085693412e-05,9.316433956738869764e-05
-1.272922867891267216e-04,-5.906106796073363476e-05,3.457608657293366580e-05,-3.512322322058276057e-05,4.468590466914105564e-05,9.586335190363425734e-05
-1.272919685398557097e-04,-5.906092029955210777e-05,3.457600012793372418e-05,-3.718783672242800570e-05,4.468919992365048876e-05,9.863050543834923759e-05
-1.272916502909225895e-04,-5.906077263850191154e-05,3.457591368307162531e-05,-3.927195776700574377e-05,4.469190101320268311e-05,1.014644313834656001e-04
-1.272913320424433705e-04,-5.906062497758303930e-05,3.457582723825122079e-05,-4.137262050948106035e-05,4.469401284285296383e-05,1.043636136584864832e-04
-1.272910137943271424e-04,-5.906047731658834067e-05,3.457574079354551130e-05,-4.348679248731025511e-05,4.469554532518370287e-05,1.073263902861932380e-04
-1.272906955465559074e-04,-5.906032965611901931e-05,3.457565434898814778e-05,-4.561138343791436869e-05,4.469651349766365443e-05,1.103509550414832739e-04
-1.272903772993040866e-04,-5.906018199587718389e-05,3.457556790447735074e-05,-4.774325417185736232e-05,4.469693760657862685e-05,1.134353593441237665e-04
-1.272900590524115975e-04,-5.906003433553918652e-05,3.457548146004727933e-05,-4.987922546333742725e-05,4.469684315413118339e-05,1.165775143829847797e-04
-1.272897408059826590e-04,-5.905988667542869542e-05,3.457539501576058010e-05,-5.201608693878470124e-05,4.469626091069903851e-05,1.197751934720848945e-04
-1.272894225598807159e-04,-5.905973901569190170e-05,3.457530857162172540e-05,-5.415060592681769435e-05,4.469522689016729682e-05,1.230260346184636243e-04
-1.272891043143401456e-04,-5.905959135600317880e-05,3.457522212752303360e-05,-5.627953625368171980e-05,4.469378228718682536e-05,1.263275433152032644e-04
-1.272887860690907378e-04,-5.905944369650875170e-05,3.457513568360967262e-05,-5.839962695730258995e-05,4.469197337820029006e-05,1.296770955377277114e-04
-1.272884678243876595e-04,-5.905929603718628585e-05,3.457504923975163305e-05,-6.050763090174759469e-05,4.468985138502246481e-05,1.330719409545912221e-04
-1.272881495801302695e-04,-5.905914837823755803e-05,3.457496279607403183e-05,-6.260031327377549542e-05,4.468747230166877709e-05,1.365092063423202007e-04
-1.272878313363808825e-04,-5.905900071961987102e-05,3.457487635243322572e-05,-6.467445994326759273e-05,4.468489668512036196e-05,1.399858992089704089e-04
-1.272875130929890925e-04,-5.905885306109289785e-05,3.457478990899439292e-05,-6.672688567566030494e-05,4.468218941113623376e-05,1.434989116317291315e-04
-1.272871948500757338e-04,-5.905870540266952020e-05,3.457470346568928968e-05,-6.875444217906002248e-05,4.467941939551145340e-05,1.470450243033425948e-04
-1.272868766077142881e-04,-5.905855774461239960e-05,3.457461702248269299e-05,-7.075402597371644397e-05,4.467665928270667179e-05,1.506209107950298818e-04
-1.272865583657243444e-04,-5.905841008689379401e-05,3.457453057944968384e-05,-7.272258607197473648e-05,4.467398510304824467e-05,1.542231420447646940e-04
-1.272862401242725444e-04,-5.905826242922325924e-05,3.457444413654125630e-05,-7.465713145138706136e-05,4.467147590030384448e-05,1.578481910670380428e-04
-1.272859218833600537e-04,-5.905811477187091748e-05,3.457435769372232287e-05,-7.655473831687553178e-05,4.466921333093649559e-05,1.614924378928736862e-04
-1.272856036431373866e-04,-5.905796711454632452e-05,3.457427125093336763e-05,-7.841255712641106599e-05,4.466728123897669843e-05,1.651521747453131160e-04
-1.272852854033017797e-04,-5.905781945740858026e-05,3.457418480836233702e-05,-8.022781937865379692e-05,4.466576520507958473e-05,1.688236114500371067e-04
-1.272849671638555911e-04,-5.905767180074071566e-05,3.457409836603397797e-05,-8.199784413846352370e-05,4.466475207680850216e-05,1.725028810807907066e-04
-1.272846489251196092e-04,-5.905752414438359018e-05,3.457401192367911695e-05,-8.372004428962135942e-05,4.466432948042718546e-05,1.761860458461610385e-04
-1.272843306867979280e-04,-5.905737648788223192e-05,3.457392548157945679e-05,-8.539193249922004902e-05,4.466458531461967995e-05,1.798691032039414681e-04
-1.272840124489944954e-04,-5.905722883200239935e-05,3.457383903958232828e-05,-8.701112687584808205e-05,4.466560723379194280e-05,1.835479922055245248e-04
-1.272836942118719960e-04,-5.905708117629453478e-05,3.457375259768149048e-05,-8.857535630635824959e-05,4.466748212077974552e-05,1.872186000641049681e-04
-1.272833759752281448e-04,-5.905693352067738406e-05,3.457366615594485509e-05,-9.008246545367860653e-05,4.467029555256133789e-05,1.908767689257105725e-04
-1.272830577390136918e-04,-5.905678586553008590e-05,3.457357971443485184e-05,-9.153041940001291430e-05,4.467413126224292297e-05,1.945183028389522897e-04
-1.272827395033566272e-04,-5.905663821051412529e-05,3.457349327307491572e-05,-9.291730792066427256e-05,4.467907060136743451e-05,1.981389749061734419e-04
-1.272824212682549722e-04,-5.905649055568500659e-05,3.457340683187185688e-05,-9.424134937293975262e-05,4.468519200428450454e-05,2.017345345954594160e-04
-1.272821030338762091e-04,-5.905634290116666088e-05,3.457332039069699407e-05,-9.550089418770173807e-05,4.469257045974152245e-05,2.053007151958547176e-04
-1.272817848000942450e-04,-5.905619524704232103e-05,3.457323394969439066e-05,-9.669442795157653957e-05,4.470127699011639487e-05,2.088332413919173711e-04
-1.272814665666150444e-04,-5.905604759318066981e-05,3.457314750897292087e-05,-9.782057407038341544e-05,4.471137814570864049e-05,2.123278369414017370e-04
-1.272811483338279171e-04,-5.905589993955395164e-05,3.457306106832980501e-05,-9.887809600867824580e-05,4.472293551395635058e-05,2.157802324262042570e-04
-1.272808301018272972e-04,-5.905575228618990179e-05,3.457297462777055220e-05,-9.986589909786230328e-05,4.473600524771658820e-05,2.191861730586980805e-04
-1.272805118702127075e-04,-5.905560463295720980e-05,3.457288818743020658e-05,-1.007830319123020115e-04,4.475063761492760277e-05,2.225414265245825895e-04
-1.272801936391926129e-04,-5.905545698017402803e-05,3.457280174727833595e-05,-1.016286872153475179e-04,4.476687657581458415e-05,2.258417908312727364e-04
-1.272798754087832223e-04,-5.905530932749444178e-05,3.457271530726330520e-05,-1.024022024748066012e-04,4.478475938668964921e-05,2.290831021559447162e-04
-1.272795571789407340e-04,-5.905516167522921727e-05,3.457262886740872958e-05,-1.031030599586429958e-04,4.480431623439410581e-05,2.322612426665927844e-04
-1.272792389497711828e-04,-5.905501402336543217e-05,3.457254242773128550e-05,-1.037308864118998927e-04,4.482556990458868874e-05,2.353721483031073931e-04
-1.272789207212300080e-04,-5.905486637144612914e-05,3.457245598818443357e-05,-1.042854523316119538e-04,4.484853548642631370e-05,2.384118165092722545e-04
-1.272786024931781880e-04,-5.905471871996892987e-05,3.457236954880993590e-05,-1.047666708473675174e-04,4.487322011359288885e-05,2.413763138980279193e-04
-1.272782842659441545e-04,-5.905457106898933875e-05,3.457228310955953873e-05,-1.051745962202887361e-04,4.489962274817371236e-05,2.442617838493355486e-04
-1.272779660391214131e-04,-5.905442341783033927e-05,3.457219667053447264e-05,-1.055094219754176436e-04,4.492773400334843626e-05,2.470644540243222258e-04
-1.272776478130426513e-04,-5.905427576735579662e-05,3.457211023164054081e-05,-1.057714786812747270e-04,4.495753601110728830e-05,2.497806438004813610e-04
-1.272773295875774123e-04,-5.905412811732333741e-05,3.457202379292764364e-05,-1.059612313941324358e-04,4.498900233602869483e-05,2.524067716144960888e-04
-1.272770113625846687e-04,-5.905398046715954743e-05,3.457193735442766345e-05,-1.060792767766620127e-04,4.502209793256408007e-05,2.549393622174584806e-04
-1.272766931384850095e-04,-5.905383281736204161e-05,3.457185091596939115e-05,-1.061263399122699686e-04,4.505677915243932812e-05,2.573750538322732827e-04
-1.272763749149643142e-04,-5.905368516815281710e-05,3.457176447775168299e-05,-1.061032708244505227e-04,4.509299379599685160e-05,2.597106052166858682e-04
-1.272760566918689786e-04,-5.905353751916365854e-05,3.457167803978101708e-05,-1.060110407190287740e-04,4.513068121572418002e-05,2.619429026240542016e-04
-1.272757384694980255e-04,-5.905338987016161152e-05,3.457159160195377078e-05,-1.058507379607291979e-04,4.516977246597155303e-05,2.640689666600881907e-04
-1.272754202477073646e-04,-5.905324222164975263e-05,3.457150516434127782e-05,-1.056235637989476068e-04,4.521019050101107977e-05,2.660859590281178765e-04
-1.272751020266867854e-04,-5.905309457331729532e-05,3.457141872680881932e-05,-1.053308278522741822e-04,4.525185042226160728e-05,2.679911891574516679e-04
-1.272747838063519911e-04,-5.905294692546955769e-05,3.457133228944188460e-05,-1.049739433684213839e-04,4.529465977198029840e-05,2.697821207028332940e-04
-1.272744655866566593e-04,-5.905279927769765323e-05,3.457124585229937974e-05,-1.045544222679947158e-04,4.533851887449219916e-05,2.714563779068947399e-04
-1.272741473675530850e-04,-5.905265163044369248e-05,3.457115941528447192e-05,-1.040738699856512054e-04,4.538332122228829336e-05,2.730117518116150573e-04
-1.272738291489861366e-04,-5.905250398358373757e-05,3.457107297857820935e-05,-1.035339801188608813e-04,4.542895390673899156e-05,2.744462063024658547e-04
-1.272735109313517918e-04,-5.905235633702166044e-05,3.457098654188692910e-05,-1.029365288977047310e-04,4.547529809079142466e-05,2.757578839643717080e-04
-1.272731927141844399e-04,-5.905220869052053579e-05,3.457090010546664518e-05,-1.022833694904759586e-04,4.552222952290862270e-05,2.769451117381609997e-04
-1.272728744977579506e-04,-5.905206104471874865e-05,3.457081366920634885e-05,-1.015764261488603449e-04,4.556961908826648810e-05,2.780064063436453849e-04
-1.272725562820563045e-04,-5.905191339877817008e-05,3.457072723308044615e-05,-1.008176882192303507e-04,4.561733339705864538e-05,2.789404794565616746e-04
-1.272722380670163742e-04,-5.905176575360534895e-05,3.457064079715942379e-05,-1.000092040246057062e-04,4.566523540428824994e-05,2.797462426056240544e-04
-1.272719198526143613e-04,-5.905161810827341438e-05,3.457055436140807906e-05,-9.915307463615579406e-05,4.571318506074876961e-05,2.804228117654856208e-04
-1.272716016389092736e-04,-5.905147046330773685e-05,3.457046792586227196e-05,-9.825144755300608092e-05,4.576103999020564338e-05,2.809695116201839349e-04
-1.272712834258270872e-04,-5.905132281893582264e-05,3.457038149052238195e-05,-9.730651030223078969e-05,4.580865618864861014e-05,2.813858794585476979e-04
-1.272709652134086764e-04,-5.905117517470269309e-05,3.457029505537682164e-05,-9.632048398412235049e-05,4.585588874385174027e-05,2.816716686812458935e-04
-1.272706470016476716e-04,-5.905102753091909408e-05,3.457020862040390696e-05,-9.529561677717192619e-05,4.590259256951578331e-05,2.818268518825113047e-04
-1.272703287906605974e-04,-5.905087988736297424e-05,3.457012218560962137e-05,-9.423417743007381328e-05,4.594862315061883497e-05,2.818516234764500018e-04
-1.272700105802387991e-04,-5.905073224394564584e-05,3.457003575102189663e-05,-9.313844875263390408e-05,4.599383729396876901e-05,2.817464018371853077e-04
-1.272696923705237380e-04,-5.905058460120532715e-05,3.456994931665858140e-05,-9.201072114088783098e-05,4.603809388204998360e-05,2.815118309215270819e-04
-1.272693741615560175e-04,-5.905043695859635278e-05,3.456986288239131971e-05,-9.085328615008675867e-05,4.608125462275594592e-05,2.811487813433040752e-04
-1.272690559532347796e-04,-5.905028931614647152e-05,3.456977644837668390e-05,-8.966843014474906628e-05,4.612318479128382250e-05,2.806583508691597715e-04
-1.272687377456366232e-04,-5.905014167448464939e-05,3.456969001454932369e-05,-8.845842804964978816e-05,4.616375395973805159e-05,2.800418643080586877e-04
-1.272684195387083412e-04,-5.904999403290608722e-05,3.456960358089797015e-05,-8.722553722828298379e-05,4.620283670825972718e-05,2.793008727645251597e-04
-1.272681013325820435e-04,-5.904984639168634175e-05,3.456951714737312268e-05,-8.597199151100151085e-05,4.624031331315335319e-05,2.784371522317480720e-04
-1.272677831271148594e-04,-5.904969875057763213e-05,3.456943071408280168e-05,-8.469999540270111175e-05,4.627607040762689474e-05,2.774527014987918615e-04
-1.272674649223280393e-04,-5.904955110988327070e-05,3.456934428098354422e-05,-8.341171849214211627e-05,4.631000160905691113e-05,2.763497393491570449e-04
-1.272671467184141646e-04,-5.904940346958291512e-05,3.456925784800234282e-05,-8.210929008811216462e-05,4.634200810944829810e-05,2.751307010303718852e-04
-1.272668285151266876e-04,-5.904925582941389708e-05,3.456917141524279977e-05,-8.079479410741010465e-05,4.637199922224026255e-05,2.737982339781856863e-04
-1.272665103125927312e-04,-5.904910818992935620e-05,3.456908498264178742e-05,-7.947026424007567168e-05,4.639989288381638383e-05,2.723551927810412970e-04
-1.272661921106629465e-04,-5.904896055067974161e-05,3.456899855035027412e-05,-7.813767940485572612e-05,4.642561610318365146e-05,2.708046333699503229e-04
-1.272658739095157388e-04,-5.904881291166504652e-05,3.456891211813715542e-05,-7.679895953021120575e-05,4.644910535653590255e-05,2.691498064273325119e-04
-1.272655557089389842e-04,-5.904866527281687133e-05,3.456882568622282929e-05,-7.545596166630613234e-05,4.647030692361939393e-05,2.673941500154862613e-04
-1.272652375092716312e-04,-5.904851763461799093e-05,3.456873925439804470e-05,-7.411047645262520370e-05,4.648917716311550544e-05,2.655412814134751483e-04
-1.272649193102353110e-04,-5.904836999652267896e-05,3.456865282283005339e-05,-7.276422495321048826e-05,4.650568272173587810e-05,2.635949881784206803e-04
-1.272646011117453473e-04,-5.904822235889722632e-05,3.456856639151977695e-05,-7.141885587561499506e-05,4.651980067756263522e-05,2.615592184303114571e-04
-1.272642829142253652e-04,-5.904807472167322664e-05,3.456847996032112589e-05,-7.007594317967930542e-05,4.653151861487818674e-05,2.594380703790928177e-04
-1.272639647172325221e-04,-5.904792708462864209e-05,3.456839352938551583e-05,-6.873698408823196513e-05,4.654083462801533960e-05,2.572357811110224067e-04
-1.272636465210167538e-04,-5.904777944797808372e-05,3.456830709861952243e-05,-6.740339750171133414e-05,4.654775725563996871e-05,2.549567146571634474e-04
-1.272633283255218716e-04,-5.904763181176960200e-05,3.456822066801842940e-05,-6.607652282026097021e-05,4.655230534262549648e-05,2.526053493744353996e-04
-1.272630101308778983e-04,-5.904748417587934041e-05,3.456813423763235399e-05,-6.475761917029967062e-05,4.655450783183928568e-05,2.501862646724171274e-04
-1.272626919367576760e-04,-5.904733654022398476e-05,3.456804780744445041e-05,-6.344786503545405180e-05,4.655440348696700449e-05,2.477041271272042836e-04
-1.272623737435202111e-04,-5.904718890498297052e-05,3.456796137743025634e-05,-6.214835828097207168e-05,4.655204054733850128e-05,2.451636760301697886e-04
-1.272620555510853811e-04,-5.904704126977717931e-05,3.456787494756482837e-05,-6.086011656306734114e-05,4.654747631566839882e-05,2.425697084157040699e-04
-1.272617373592771115e-04,-5.904689363524837748e-05,3.456778851797408301e-05,-5.958407811042449112e-05,4.654077668570957393e-05,2.399270636366573808e-04
-1.272614191682737807e-04,-5.904674600101001309e-05,3.456770208853421794e-05,-5.832110285921277807e-05,4.653201560822267571e-05,2.372406075396647882e-04
-1.272611009779114303e-04,-5.904659836701402887e-05,3.456761565934979091e-05,-5.707197392484051750e-05,4.652127450344225874e-05,2.345152163147373086e-04
-1.272607827881791639e-04,-5.904645073356372360e-05,3.456752923040181481e-05,-5.583739938835505755e-05,4.650864162207729612e-05,2.317557600907300952e-04
-1.272604645992774777e-04,-5.904630310052776652e-05,3.456744280159391764e-05,-5.461801437117416361e-05,4.649421136233497509e-05,2.289670863518474171e-04
-1.272601464111665543e-04,-5.904615546760280464e-05,3.456735637299811073e-05,-5.341438337505252290e-05,4.647808354592478769e-05,2.261540032654468357e-04
-1.272598282239125302e-04,-5.904600783522354204e-05,3.456726994451594855e-05,-5.222700285353077282e-05,4.646036266116532545e-05,2.233212629989673971e-04
-1.272595100373325274e-04,-5.904586020303113491e-05,3.456718351627904645e-05,-5.105630399121643639e-05,4.644115707956324895e-05,2.204735451231267342e-04
-1.272591918513785159e-04,-5.904571257136408471e-05,3.456709708828228158e-05,-4.990265565381181916e-05,4.642057825105360010e-05,2.176154401936459615e-04
-1.272588736662594484e-04,-5.904556493991165234e-05,3.456701066046333941e-05,-4.876636748046494921e-05,4.639873988727159993e-05,2.147514336090899630e-04
-1.272585554817414898e-04,-5.904541730856280193e-05,3.456692423288488684e-05,-4.764769308213558758e-05,4.637575713800783680e-05,2.118858898427452870e-04
-1.272582372980629747e-04,-5.904526967777993217e-05,3.456683780550787904e-05,-4.654683331910607975e-05,4.635174576956774744e-05,2.090230371527836107e-04
-1.272579191152066642e-04,-5.904512204698420105e-05,3.456675137825864446e-05,-4.546393961477940342e-05,4.632682135139371454e-05,2.061669528724082605e-04
-1.272576009330080309e-04,-5.904497441712816151e-05,3.456666495128243231e-05,-4.439911729043960129e-05,4.630109845910811107e-05,2.033215493811235067e-04
-1.272572827515270038e-04,-5.904482678732020633e-05,3.456657852451518659e-05,-4.335242886979102011e-05,4.627468990158945428e-05,2.004905608671496257e-04
-1.272569645708831435e-04,-5.904467915769909985e-05,3.456649209789108943e-05,-4.232389734594443220e-05,4.624770597791757066e-05,1.976775309800161658e-04
-1.272566463909844282e-04,-5.904453152896963446e-05,3.456640567148257232e-05,-4.131350936865981600e-05,4.622025377221395108e-05,1.948858014742501960e-04
-1.272563282117291055e-04,-5.904438389985356290e-05,3.456631924530471244e-05,-4.032121833474430235e-05,4.619243649154180506e-05,1.921185019556280427e-04
-1.272560100334082026e-04,-5.904423627146258543e-05,3.456623281928177151e-05,-3.934694736261731487e-05,4.616435285600891140e-05,1.893785408199167111e-04
-1.272556918557102008e-04,-5.904408864325847697e-05,3.456614639350679438e-05,-3.839059212583886989e-05,4.613609654199502013e-05,1.866685974861352702e-04
-1.272553736787324346e-04,-5.904394101555197666e-05,3.456605996794949117e-05,-3.745202353982360723e-05,4.610775568964909212e-05,1.839911160252545564e-04
-1.272550555024463351e-04,-5.904379338794905831e-05,3.456597354265903045e-05,-3.653109028430840370e-05,4.607941247426706674e-05,1.813483002663812975e-04
-1.272547373270074042e-04,-5.904364576082341931e-05,3.456588711752289913e-05,-3.562762116034859020e-05,4.605114274904179115e-05,1.787421104823454579e-04
-1.272544191523779927e-04,-5.904349813429899074e-05,3.456580069247861328e-05,-3.474142727473554943e-05,4.602301576164876410e-05,1.761742617356252497e-04
-1.272541009784218437e-04,-5.904335050803723048e-05,3.456571426778473480e-05,-3.387230405605153304e-05,4.599509394781877217e-05,1.736462239675442556e-04
-1.272537828053802735e-04,-5.904320288232115595e-05,3.456562784315197145e-05,-3.302003310868738761e-05,4.596743280622091839e-05,1.711592239196703142e-04
-1.272534646330507530e-04,-5.904305525661250143e-05,3.456554141876530843e-05,-3.218438390970640905e-05,4.594008085289395728e-05,1.687142489546954931e-04
-1.272531464613057531e-04,-5.904290763124238903e-05,3.456545499467452418e-05,-3.136511536886851331e-05,4.591307966118553821e-05,1.663120528630616956e-04
-1.272528282905693864e-04,-5.904276000631436007e-05,3.456536857068710506e-05,-3.056197726236007338e-05,4.588646398597734589e-05,1.639531637210590019e-04
-1.272525101203580175e-04,-5.904261238146959106e-05,3.456528214698809050e-05,-2.977471156365297711e-05,4.586026197142803511e-05,1.616378938741141970e-04
-1.272521919510992286e-04,-5.904246475732959412e-05,3.456519572342367286e-05,-2.900305369402810554e-05,4.583449544703318738e-05,1.593663521152163570e-04
-1.272518737825707312e-04,-5.904231713350780375e-05,3.456510930007049168e-05,-2.824673371696459267e-05,4.580918030553836410e-05,1.571384581230932792e-04
-1.272515556147209715e-04,-5.904216951021138386e-05,3.456502287697905046e-05,-2.750547750536898401e-05,4.578432696951109844e-05,1.549539592363025227e-04
-1.272512374476058672e-04,-5.904202188685943249e-05,3.456493645407493904e-05,-2.677900790873251924e-05,4.575994094007506942e-05,1.528124496198580279e-04
-1.272509192813064624e-04,-5.904187426424002910e-05,3.456485003137158121e-05,-2.606704594619298974e-05,4.573602343070348053e-05,1.507133919035523809e-04
-1.272506011158265247e-04,-5.904172664180748118e-05,3.456476360883813142e-05,-2.536931205936146554e-05,4.571257208542073514e-05,1.486561413609208202e-04
-1.272502829510799684e-04,-5.904157901960985276e-05,3.456467718655387871e-05,-2.468552744622743941e-05,4.568958177985129319e-05,1.466399727016777250e-04
-1.272499647870099272e-04,-5.904143139783399254e-05,3.456459076451977856e-05,-2.401541550211964190e-05,4.566704550822684762e-05,1.446641095593392714e-04
-1.272496466237760227e-04,-5.904128377626530303e-05,3.456450434261252328e-05,-2.335870335386409585e-05,4.564495520428551339e-05,1.427277561004806916e-04
-1.272493284613601216e-04,-5.904113615517391997e-05,3.456441792096343686e-05,-2.271512309691243271e-05,4.562330214664997143e-05,1.408301228795616608e-04
-1.272490102996422570e-04,-5.904098853429713440e-05,3.456433149948761951e-05,-2.208441214901134492e-05,4.560207763778178439e-05,1.389704355797653779e-04
-1.272486921388337128e-04,-5.904084091408250498e-05,3.456424507818696179e-05,-2.146631317857989563e-05,4.558127315328763677e-05,1.371479353708315234e-04
-1.272483739785674323e-04,-5.904069329443584842e-05,3.456415865719820194e-05,-2.086057400013596947e-05,4.556088033790808497e-05,1.353618785961913725e-04
-1.272480558192016901e-04,-5.904054567467818988e-05,3.456407223632989017e-05,-2.026694747005527517e-05,4.554089100297319917e-05,1.336115364712064121e-04
-1.272477376604790966e-04,-5.904039805583991446e-05,3.456398581577827385e-05,-1.968519138732613839e-05,4.552129712225532051e-05,1.318961947844038559e-04
-1.272474195026628149e-04,-5.904025043665567691e-05,3.456389939532815918e-05,-1.911506839275010089e-05,4.550209082970710372e-05,1.302151536083716950e-04
-1.272471013455669583e-04,-5.904010281826692526e-05,3.456381297514102453e-05,-1.855634587458128469e-05,4.548326441537276030e-05,1.285677270106532887e-04
-1.272467831893197882e-04,-5.903995520018893983e-05,3.456372655509680128e-05,-1.800879587172338076e-05,4.546481032255808759e-05,1.269532427775210302e-04
-1.272464650336644027e-04,-5.903980758237362949e-05,3.456364013538496731e-05,-1.747219498170026128e-05,4.544672114490630092e-05,1.253710421377498760e-04
-1.272461468789219425e-04,-5.903965996492460330e-05,3.456355371578774028e-05,-1.694632426807139917e-05,4.542898962375956670e-05,1.238204794932743944e-04
-1.272458287250017683e-04,-5.903951234800090695e-05,3.456346729638112955e-05,-1.643096917362023372e-05,4.541160864423689425e-05,1.223009221568401917e-04
-1.272455105718830093e-04,-5.903936473111242006e-05,3.456338087715103371e-05,-1.592591943032281170e-05,4.539457123326708137e-05,1.208117500936522766e-04
-1.272451924194369164e-04,-5.903921711501743363e-05,3.456329445817872049e-05,-1.543096897553337236e-05,4.537787055646904451e-05,1.193523556676863342e-04
-1.272448742677416878e-04,-5.903906949919998263e-05,3.456320803947572309e-05,-1.494591586606055786e-05,4.536149991524838642e-05,1.179221433953276624e-04
-1.272445561166620420e-04,-5.903892188361747147e-05,3.456312162101428593e-05,-1.447056219646219843e-05,4.534545274420407934e-05,1.165205297000091724e-04
-1.272442379666495222e-04,-5.903877426850481287e-05,3.456303520262655419e-05,-1.400471402044856278e-05,4.532972260897399951e-05,1.151469426756204502e-04
-1.272439198171946076e-04,-5.903862665341988951e-05,3.456294878458451354e-05,-1.354818126740056618e-05,4.531430320246565758e-05,1.138008218535802415e-04
-1.272436016685271761e-04,-5.903847903901200976e-05,3.456286236674326035e-05,-1.310077766965689458e-05,4.529918834371000045e-05,1.124816179727961002e-04
-1.272432835208812528e-04,-5.903833142489455389e-05,3.456277594897842986e-05,-1.266232068202961496e-05,4.528437197439956729e-05,1.111887927561737693e-04
-1.272429653738037768e-04,-5.903818381077712512e-05,3.456268953147591532e-05,-1.223263141086738694e-05,4.526984815644286144e-05,1.099218186907909077e-04
-1.272426472273888566e-04,-5.903803619736444131e-05,3.456260311435048628e-05,-1.181153453856661088e-05,4.525561107023507508e-05,1.086801788137325346e-04
-1.272423290819350275e-04,-5.903788858411831129e-05,3.456251669724773741e-05,-1.139885825463305613e-05,4.524165501192905749e-05,1.074633664988152484e-04
-1.272420109373526259e-04,-5.903774097152888930e-05,3.456243028035924043e-05,-1.099443418219104303e-05,4.522797439110777014e-05,1.062708852516374406e-04
-1.272416927934673933e-04,-5.903759335945736359e-05,3.456234386367329275e-05,-1.059809731281951603e-05,4.521456372823405345e-05,1.051022485062955901e-04
-1.272413746503846873e-04,-5.903744574733778061e-05,3.456225744722048919e-05,-1.020968593616970609e-05,4.520141765297180074e-05,1.039569794287614746e-04
-1.272410565079571917e-04,-5.903729813565286106e-05,3.456217103103874296e-05,-9.829041576799283457e-06,4.518853090200932067e-05,1.028346107182613476e-04
-1.272407383663323038e-04,-5.903715052429358841e-05,3.456208461506637649e-05,-9.456008926898490361e-06,4.517589831624912593e-05,1.017346844205341890e-04
-1.272404202255398393e-04,-5.903700291363906750e-05,3.456199819926269833e-05,-9.090435785122408894e-06,4.516351483956059925e-05,1.006567517384257331e-04
-1.272401020853502454e-04,-5.903685530306780653e-05,3.456191178376380295e-05,-8.732172992314523113e-06,4.515137551653232711e-05,9.960037285025401645e-05
-1.272397839462022717e-04,-5.903670769307000721e-05,3.456182536836783901e-05,-8.381074373225297423e-06,4.513947549000450982e-05,9.856511672928531132e-05
-1.272394658076284914e-04,-5.903656008278176367e-05,3.456173895324913945e-05,-8.036996674455988211e-06,4.512780999912877495e-05,9.755056096931590697e-05
-1.272391476699153779e-04,-5.903641247312245227e-05,3.456165253834362114e-05,-7.699799507731290519e-06,4.511637437866613609e-05,9.655629161003248268e-05
-1.272388295328892420e-04,-5.903626486396819611e-05,3.456156612369020695e-05,-7.369345291728762558e-06,4.510516405536322328e-05,9.558190297025464437e-05
-1.272385113967900447e-04,-5.903611725512471296e-05,3.456147970914961076e-05,-7.045499195906434808e-06,4.509417454730640343e-05,9.462699748128865966e-05
-1.272381932614275357e-04,-5.903596964646805816e-05,3.456139329484535032e-05,-6.728129085884661915e-06,4.508340146188068165e-05,9.369118552427814495e-05
-1.272378751268329400e-04,-5.903582203812216960e-05,3.456130688075755762e-05,-6.417105469493983026e-06,4.507284049320443826e-05,9.277408527243955752e-05
-1.272375569930825855e-04,-5.903567443077893765e-05,3.456122046689001382e-05,-6.112301444599237333e-06,4.506248742189032831e-05,9.187532253529633313e-05
-1.272372388600826344e-04,-5.903552682313782793e-05,3.456113405321393334e-05,-5.813592644925423004e-06,4.505233811169223054e-05,9.099453060368996283e-05
-1.272369207277442634e-04,-5.903537921644385012e-05,3.456104763982848681e-05,-5.520857191989183055e-06,4.504238850894642921e-05,9.013135010289609090e-05
-1.272366025961809343e-04,-5.903523160970180827e-05,3.456096122660025637e-05,-5.233975644921329960e-06,4.503263464105276885e-05,8.928542884529621184e-05
-1.272362844655983475e-04,-5.903508400369230085e-05,3.456087481357065177e-05,-4.952830949955840016e-06,4.502307261405111684e-05,8.845642168493690919e-05
-1.272359663357382187e-04,-5.903493639775861303e-05,3.456078840073956458e-05,-4.677308394470890017e-06,4.501369861125953766e-05,8.764399037897254482e-05
-1.272356482066804538e-04,-5.903478879243356244e-05,3.456070198816331234e-05,-4.407295559697355253e-06,4.500450889217240473e-05,8.684780344877492196e-05
-1.272353300783488875e-04,-5.903464118736374659e-05,3.456061557574178252e-05,-4.142682274648734090e-06,4.499549979058326693e-05,8.606753604281916958e-05
-1.272350119508326412e-04,-5.903449358250854856e-05,3.456052916356404912e-05,-3.883360571049852303e-06,4.498666771326437848e-05,8.530286980811858802e-05
-1.272346938239831251e-04,-5.903434597817871425e-05,3.456044275166372917e-05,-3.629224640264199250e-06,4.497800913836267603e-05,8.455349275633036981e-05
-1.272343756979728356e-04,-5.903419837400796628e-05,3.456035633993085747e-05,-3.380170788333617656e-06,4.496952061448349905e-05,8.381909913963125609e-05
-1.272340575727687860e-04,-5.903405077030708442e-05,3.456026992837971161e-05,-3.136097396014024544e-06,4.496119875812193195e-05,8.309938932326255102e-05
-1.272337394484806161e-04,-5.903390316731098141e-05,3.456018351701917526e-05,-2.896904874703163400e-06,4.495304025402679107e-05,8.239406966440362425e-05
-1.272334213248566286e-04,-5.903375556416319851e-05,3.456009710593427699e-05,-2.662495627808445770e-06,4.494504185191322207e-05,8.170285239337654300e-05
-1.272331032019182091e-04,-5.903360796140200145e-05,3.456001069511618732e-05,-2.432774010116188125e-06,4.493720036710927739e-05,8.102545549485121905e-05
-1.272327850797907458e-04,-5.903346035901454921e-05,3.455992428444954037e-05,-2.207646289270394447e-06,4.492951267771284684e-05,8.036160259304687080e-05
-1.272324669585488588e-04,-5.903331275707660042e-05,3.455983787395017226e-05,-1.987020606696237143e-06,4.492197572387357014e-05,7.971102283826617303e-05
-1.272321488379944644e-04,-5.903316515549746833e-05,3.455975146375793829e-05,-1.770806941187945527e-06,4.491458650704281295e-05,7.907345079920233603e-05
-1.272318307182594287e-04,-5.903301755439564947e-05,3.455966505373824833e-05,-1.558917070387427045e-06,4.490734208780707183e-05,7.844862635025035729e-05
-1.272315125995023433e-04,-5.903286995350100132e-05,3.455957864383918263e-05,-1.351264537480613785e-06,4.490023958563692718e-05,7.783629456936541906e-05
-1.272311944813231648e-04,-5.903272235291709229e-05,3.455949223425963809e-05,-1.147764613119950354e-06,4.489327617687958197e-05,7.723620563181325736e-05
-1.272308763639982835e-04,-5.903257475296957605e-05,3.455940582487316962e-05,-9.483342633419655986e-07,4.488644909456739838e-05,7.664811470880594606e-05
-1.272305582474765519e-04,-5.903242715327730811e-05,3.455931941565114075e-05,-7.528921138211145885e-07,4.487975562673972226e-05,7.607178186702545273e-05
-1.272302401317310279e-04,-5.903227955419366384e-05,3.455923300668642693e-05,-5.613584176761281356e-07,4.487319311465991266e-05,7.550697197236631310e-05
-1.272299220167031101e-04,-5.903213195508969755e-05,3.455914659797452196e-05,-3.736550217221719957e-07,4.486675895337658587e-05,7.495345459245699241e-05
-1.272296039026325157e-04,-5.903198435629650426e-05,3.455906018933815199e-05,-1.897053369416844238e-07,4.486045058937091699e-05,7.441100390184593103e-05
-1.272292857891929000e-04,-5.903183675825614030e-05,3.455897378104075783e-05,-9.434305069326375981e-09,4.485426551968283403e-05,7.387939859296053309e-05
-1.272289676766025397e-04,-5.903168916035456777e-05,3.455888737293700218e-05,1.672316317142770331e-07,4.484820129151018153e-05,7.335842178262549332e-05
-1.272286495648623566e-04,-5.903154156295060338e-05,3.455880096497705240e-05,3.403645597568620342e-07,4.484225550080414346e-05,7.284786092546446598e-05
-1.272283314538424090e-04,-5.903139396565021418e-05,3.455871455726434137e-05,5.100351242409437369e-07,4.483642579121133973e-05,7.234750772619144305e-05
-1.272280133435936273e-04,-5.903124636900653301e-05,3.455862814975628027e-05,6.763125577140952656e-07,4.483070985331994649e-05,7.185715805512195536e-05
-1.272276952341627678e-04,-5.903109877250164328e-05,3.455854174251567830e-05,8.392647081750354850e-07,4.482510542369328582e-05,7.137661186457235725e-05
-1.272273771255319952e-04,-5.903095117676248488e-05,3.455845533544038328e-05,9.989580671599104193e-07,4.481961028389556159e-05,7.090567310692445931e-05
-1.272270590177642204e-04,-5.903080358096235366e-05,3.455836892854841330e-05,1.155457797162366370e-06,4.481422225952599121e-05,7.044414965568777693e-05
-1.272267409108228246e-04,-5.903065598544523308e-05,3.455828252183503851e-05,1.308827756500317547e-06,4.480893921964537111e-05,6.999185322733912455e-05
-1.272264228045548809e-04,-5.903050839042571388e-05,3.455819611541500140e-05,1.459130528068281364e-06,4.480375907537627008e-05,6.954859930094152009e-05
-1.272261046991768232e-04,-5.903036079569663888e-05,3.455810970914257842e-05,1.606427441539754064e-06,4.479867977971422222e-05,6.911420704831042477e-05
-1.272257865943018625e-04,-5.903021320170009830e-05,3.455802330323525374e-05,1.750778602230711574e-06,4.479369932587809304e-05,6.868849925540908567e-05
-1.272254684904668414e-04,-5.903006560787009118e-05,3.455793689744528040e-05,1.892242912080726141e-06,4.478881574793854399e-05,6.827130225351403059e-05
-1.272251503872828295e-04,-5.902991801416397448e-05,3.455785049189993694e-05,2.030878096185172903e-06,4.478402711827287469e-05,6.786244584638357019e-05
-1.272248322849103429e-04,-5.902977042114232139e-05,3.455776408656862855e-05,2.166740724331505261e-06,4.477933154801111106e-05,6.746176324086823562e-05
-1.272245141833527968e-04,-5.902962282837593693e-05,3.455767768142334215e-05,2.299886237087426656e-06,4.477472718561968499e-05,6.706909097929727472e-05
-1.272241960826454822e-04,-5.902947523598322274e-05,3.455759127646295287e-05,2.430368964339728528e-06,4.477021221653073880e-05,6.668426887419707735e-05
-1.272238779827301229e-04,-5.902932764403261910e-05,3.455750487176100351e-05,2.558242150827360747e-06,4.476578486237862330e-05,6.630713993945642635e-05
-1.272235598833764889e-04,-5.902918005216530251e-05,3.455741846733481420e-05,2.683557975901567195e-06,4.476144337966910739e-05,6.593755032970772406e-05
-1.272232417850031362e-04,-5.902903246071974734e-05,3.455733206308591904e-05,2.806367576061552241e-06,4.475718606037452376e-05,6.557534927571141595e-05
-1.272229236874808009e-04,-5.902888486999927948e-05,3.455724565896746696e-05,2.926721064936632132e-06,4.475301122977027050e-05,6.522038902307079878e-05
-1.272226055906995992e-04,-5.902873727941759628e-05,3.455715925514189855e-05,3.044667555044824120e-06,4.474891724667071324e-05,6.487252477283470930e-05
-1.272222874945938553e-04,-5.902858968886368220e-05,3.455707285157099567e-05,3.160255175665664741e-06,4.474490250287708901e-05,6.453161462043440410e-05
-1.272219693992920203e-04,-5.902844209900707953e-05,3.455698644812475571e-05,3.273531093932795568e-06,4.474096542156164524e-05,6.419751950028296987e-05
-1.272216513048304420e-04,-5.902829450968330124e-05,3.455690004495733190e-05,3.384541534261102621e-06,4.473710445792238266e-05,6.387010312726585173e-05
-1.272213332110651383e-04,-5.902814692044278290e-05,3.455681364202900854e-05,3.493331796996810194e-06,4.473331809708202059e-05,6.354923194167319490e-05
-1.272210151181836491e-04,-5.902799933158883684e-05,3.455672723929376804e-05,3.599946275069278698e-06,4.472960485526294679e-05,6.323477505490950512e-05
-1.272206970261098363e-04,-5.902785174349520111e-05,3.455664083672059544e-05,3.704428475971765867e-06,4.472596327772142613e-05,6.292660419531397899e-05
-1.272203789347877551e-04,-5.902770415542931418e-05,3.455655443441777542e-05,3.806821036192778548e-06,4.472239193842478613e-05,6.262459365720083346e-05
-1.272200608444177660e-04,-5.902755656780551746e-05,3.455646803224241692e-05,3.907165739089155261e-06,4.471888943995616981e-05,6.232862024767905375e-05
-1.272197427548291614e-04,-5.902740898068676922e-05,3.455638163021942271e-05,4.005503533536353146e-06,4.471545441291131269e-05,6.203856323891226120e-05
-1.272194246658816185e-04,-5.902726139356802775e-05,3.455629522859401221e-05,4.101874548914883737e-06,4.471208551443248467e-05,6.175430431571559016e-05
-1.272191065777168696e-04,-5.902711380678778098e-05,3.455620882711578216e-05,4.196318112872562108e-06,4.470878142923140759e-05,6.147572752948108016e-05
-1.272187884903184618e-04,-5.902696622082334891e-05,3.455612242589597169e-05,4.288872765644951977e-06,4.470554086774343499e-05,6.120271925077044796e-05
-1.272184704039096867e-04,-5.902681863501057640e-05,3.455603602479740213e-05,4.379576277817489907e-06,4.470236256619140479e-05,6.093516812224129256e-05
-1.272181523180762705e-04,-5.902667104946790575e-05,3.455594962398242598e-05,4.468465663868931429e-06,4.469924528560839368e-05,6.067296501357143725e-05
-1.272178342330605868e-04,-5.902652346449869673e-05,3.455586322337841524e-05,4.555577199267431208e-06,4.469618781239140563e-05,6.041600297627244598e-05
-1.272175161488263418e-04,-5.902637587999932673e-05,3.455577682303184153e-05,4.640946432792695556e-06,4.469318895619141957e-05,6.016417720061246175e-05
-1.272171980655487967e-04,-5.902622829599011098e-05,3.455569042277285781e-05,4.724608203521199541e-06,4.469024755123792532e-05,5.991738497398244344e-05
-1.272168799829109310e-04,-5.902608071189221426e-05,3.455560402282535859e-05,4.806596653592377040e-06,4.468736245393093766e-05,5.967552563593157757e-05
-1.272165619012631586e-04,-5.902593312836774530e-05,3.455551762301963236e-05,4.886945242196384762e-06,4.468453254452585329e-05,5.943850054064141490e-05
-1.272162438203298213e-04,-5.902578554523729574e-05,3.455543122343858670e-05,4.965686759228493583e-06,4.468175672474826703e-05,5.920621301418178925e-05
-1.272159257401593016e-04,-5.902563796228624775e-05,3.455534482405384262e-05,5.042853339720894353e-06,4.467903391847616540e-05,5.897856831631869150e-05
-1.272156076608392571e-04,-5.902549037980507266e-05,3.455525842487996909e-05,5.118476475165781814e-06,4.467636307094183858e-05,5.875547360032389786e-05
-1.272152895822680168e-04,-5.902534279743491987e-05,3.455517202596883162e-05,5.192587028613312003e-06,4.467374314844115165e-05,5.853683787755828628e-05
-1.272149715043566220e-04,-5.902519521587310756e-05,3.455508562732038279e-05,5.265215244551464857e-06,4.467117313756803005e-05,5.832257197850277102e-05
-1.272146534273186876e-04,-5.902504763433907793e-05,3.455499922888197103e-05,5.336390764114948526e-06,4.466865204544021083e-05,5.811258851612044148e-05
-1.272143353511053432e-04,-5.902490005309547218e-05,3.455491283058550165e-05,5.406142634632172949e-06,4.466617889875255118e-05,5.790680185177237647e-05
-1.272140172757577341e-04,-5.902475247243273453e-05,3.455482643250872552e-05,5.474499323057847306e-06,4.466375274352833279e-05,5.770512805913502322e-05
-1.272136992011249125e-04,-5.902460489241927134e-05,3.455474003465703654e-05,5.541488726963181688e-06,4.466137264513635836e-05,5.750748489044901768e-05
-1.272133811271171876e-04,-5.902445731241325527e-05,3.455465363712367609e-05,5.607138186636260966e-06,4.465903768671442676e-05,5.731379174199090280e-05
-1.272130630539602091e-04,-5.902430973281411994e-05,3.455456723979888226e-05,5.671474495184201875e-06,4.465674697062654820e-05,5.712396962220945673e-05
-1.272127449816559284e-04,-5.902416215351287594e-05,3.455448084260538531e-05,5.734523909745396742e-06,4.465449961626349103e-05,5.693794112008379447e-05
-1.272124269102735991e-04,-5.902401457465372893e-05,3.455439444555191984e-05,5.796312163034881728e-06,4.465229476140800916e-05,5.675563037159454447e-05
-1.272121088397014941e-04,-5.902386699598143060e-05,3.455430804875516635e-05,5.856864472780316046e-06,4.465013156022531391e-05,5.657696303019139439e-05
-1.272117907696765588e-04,-5.902371941804165315e-05,3.455422165229785623e-05,5.916205552379242929e-06,4.464800918384003906e-05,5.640186623570652113e-05
-1.272114727004716327e-04,-5.902357184046815985e-05,3.455413525603400165e-05,5.974359621667363586e-06,4.464592681986894964e-05,5.623026858637682158e-05
-1.272111546322265507e-04,-5.902342426337193912e-05,3.455404885988795920e-05,6.031350415466343084e-06,4.464388367264793327e-05,5.606210010620286098e-05
-1.272108365647376456e-04,-5.902327668642739827e-05,3.455396246396606877e-05,6.087201194685269794e-06,4.464187896177893879e-05,5.589729222052376988e-05
-1.272105184981035526e-04,-5.902312910977328809e-05,3.455387606823683428e-05,6.141934754646408198e-06,4.463991192247462387e-05,5.573577772404244158e-05
-1.272102004321147225e-04,-5.902298153361677926e-05,3.455378967280988214e-05,6.195573434743444636e-06,4.463798180509052173e-05,5.557749075773267636e-05
-1.272098823668211100e-04,-5.902283395764711913e-05,3.455370327763671463e-05,6.248139128210505479e-06,4.463608787512798881e-05,5.542236677764156890e-05
-1.272095643024694523e-04,-5.902268638194015440e-05,3.455361688263265554e-05,6.299653290337139206e-06,4.463422941263731086e-05,5.527034253168558957e-05
-1.272092462388574915e-04,-5.902253880712479689e-05,3.455353048785313473e-05,6.350136946794172549e-06,4.463240571200008318e-05,5.512135603178372223e-05
-1.272089281760079688e-04,-5.902239123246111926e-05,3.455344409330773383e-05,6.399610703846999137e-06,4.463061608132375151e-05,5.497534653043143995e-05
-1.272086101141384022e-04,-5.902224365785294601e-05,3.455335769883296869e-05,6.448094754794160692e-06,4.462885984317518999e-05,5.483225449416617139e-05
-1.272082920529095992e-04,-5.902209608401249631e-05,3.455327130468358618e-05,6.495608889292541108e-06,4.462713633300944145e-05,5.469202158102947530e-05
-1.272079739925141952e-04,-5.902194851034402818e-05,3.455318491073195537e-05,6.542172502349324229e-06,4.462544489959031338e-05,5.455459061414340722e-05
-1.272076559330776054e-04,-5.902180093710480247e-05,3.455309851693647000e-05,6.587804600205638013e-06,4.462378490465766334e-05,5.441990556128234132e-05
-1.272073378742889348e-04,-5.902165336402462922e-05,3.455301212338093890e-05,6.632523808773490574e-06,4.462215572274820746e-05,5.428791151055867281e-05
-1.272070198163630995e-04,-5.902150579155854130e-05,3.455292573004125213e-05,6.676348381628745769e-06,4.462055674096187489e-05,5.415855464821825579e-05
-1.272067017591649264e-04,-5.902135821942552707e-05,3.455283933697756257e-05,6.719296208670163988e-06,4.461898735822234120e-05,5.403178223665756045e-05
-1.272063837027169128e-04,-5.902121064777524030e-05,3.455275294408307631e-05,6.761384820559673380e-06,4.461744698552859727e-05,5.390754259221917872e-05
-1.272060656471123272e-04,-5.902106307663744912e-05,3.455266655143343001e-05,6.802631397714596977e-06,4.461593504604314224e-05,5.378578506598470166e-05
-1.272057475923691131e-04,-5.902091550511849989e-05,3.455258015891184831e-05,6.843052777745427828e-06,4.461445097377770696e-05,5.366646002101476797e-05
-1.272054295382298538e-04,-5.902076793440248369e-05,3.455249376675044535e-05,6.882665460895453417e-06,4.461299421444361402e-05,5.354951881303118339e-05
-1.272051114849742464e-04,-5.902062036428021725e-05,3.455240737474859629e-05,6.921485617700593183e-06,4.461156422443662573e-05,5.343491377076559366e-05
-1.272047934324836520e-04,-5.902047279441319911e-05,3.455232098295003514e-05,6.959529094873067252e-06,4.461016047142188476e-05,5.332259817675253814e-05
-1.272044753808607175e-04,-5.902032522505864945e-05,3.455223459138418444e-05,6.996811423405406178e-06,4.460878243298751117e-05,5.321252624678999855e-05
-1.272041573299250588e-04,-5.902017765601487280e-05,3.455214820006207593e-05,7.033347822455728401e-06,4.460742959789369824e-05,5.310465311284191022e-05
-1.272038392798825659e-04,-5.902003008691557821e-05,3.455206180886508436e-05,7.069153207895867991e-06,4.460610146445845059e-05,5.299893480405298244e-05
-1.272035212305527732e-04,-5.901988251839715850e-05,3.455197541799134088e-05,7.104242196751790721e-06,4.460479754123821924e-05,5.289532822887406708e-05
-1.272032031820874421e-04,-5.901973495036891336e-05,3.455188902722028491e-05,7.138629113975370063e-06,4.460351734651413880e-05,5.279379115752033669e-05
-1.272028851344236616e-04,-5.901958738263853244e-05,3.455180263671744700e-05,7.172327997439908834e-06,4.460226040835503324e-05,5.269428220454072198e-05
-1.272025670875283636e-04,-5.901943981495622911e-05,3.455171624644733986e-05,7.205352606155266963e-06,4.460102626369665034e-05,5.259676081205314440e-05
-1.272022490413939858e-04,-5.901929224777153392e-05,3.455162985638728334e-05,7.237716421488681605e-06,4.459981445936125904e-05,5.250118723386845558e-05
-1.272019309960997562e-04,-5.901914468116770682e-05,3.455154346651153442e-05,7.269432656823134864e-06,4.459862455089726169e-05,5.240752251783744404e-05
-1.272016129516619109e-04,-5.901899711485432393e-05,3.455145707680619497e-05,7.300514261442687140e-06,4.459745610232299708e-05,5.231572849075174109e-05
-1.272012949079019900e-04,-5.901884954892752010e-05,3.455137068740527238e-05,7.330973924639912692e-06,4.459630868688381852e-05,5.222576774391079948e-05
-1.272009768649592053e-04,-5.901870198329116048e-05,3.455128429822766157e-05,7.360824083153826384e-06,4.459518188618494212e-05,5.213760361535808109e-05
-1.272006588227407489e-04,-5.901855441815241578e-05,3.455119790924314715e-05,7.390076924056104414e-06,4.459407528968019129e-05,5.205120017711333631e-05
-1.272003407815274021e-04,-5.901840685375363228e-05,3.455111152043755998e-05,7.418744391189906055e-06,4.459298849587811745e-05,5.196652221907433627e-05
-1.272000227410064539e-04,-5.901825928922350446e-05,3.455102513187059216e-05,7.446838190054417892e-06,4.459192111046310472e-05,5.188353523602688401e-05
-1.271997047011209567e-04,-5.901811172487279178e-05,3.455093874357463422e-05,7.474369791468188319e-06,4.459087274742258111e-05,5.180220541154665514e-05
-1.271993866620827092e-04,-5.901796416106777160e-05,3.455085235549078688e-05,7.501350436342724850e-06,4.458984302802712982e-05,5.172249960734077220e-05
-1.271990686240512247e-04,-5.901781659777523346e-05,3.455076596751241886e-05,7.527791142121287922e-06,4.458883158170984495e-05,5.164438534626129075e-05
-1.271987505867472400e-04,-5.901766903468242569e-05,3.455067957979194188e-05,7.553702704887954648e-06,4.458783804466905245e-05,5.156783080053671336e-05
-1.271984325502503353e-04,-5.901752147199106410e-05,3.455059319223730718e-05,7.579095705473526969e-06,4.458686206074459615e-05,5.149280478011443094e-05
-1.271981145145548457e-04,-5.901737390976956863e-05,3.455050680492243701e-05,7.603980512896752078e-06,4.458590328034395587e-05,5.141927671767265777e-05
-1.271977964794548271e-04,-5.901722634795497424e-05,3.455042041790871076e-05,7.628367288804905358e-06,4.458496136130544850e-05,5.134721665774007643e-05
-1.271974784451439179e-04,-5.901707878620331778e-05,3.455033403116657717e-05,7.652265991914282672e-06,4.458403596836769402e-05,5.127659524370614029e-05
-1.271971604117794901e-04,-5.901693122521939843e-05,3.455024764451571307e-05,7.675686381007464570e-06,4.458312677257167801e-05,5.120738370549740147e-05
-1.271968423791280066e-04,-5.901678366440001354e-05,3.455016125811780688e-05,7.698638021150206083e-06,4.458223345180767740e-05,5.113955384891924781e-05
-1.271965243472012580e-04,-5.901663610412086626e-05,3.455007487201661295e-05,7.721130284468278590e-06,4.458135568974890022e-05,5.107307804377645550e-05
-1.271962063163038239e-04,-5.901648854418024078e-05,3.454998848596034565e-05,7.743172357474553840e-06,4.458049317740752580e-05,5.100792921177160229e-05
-1.271958882861557360e-04,-5.901634098447453480e-05,3.454990210015249617e-05,7.764773241401804892e-06,4.457964561107841367e-05,5.094408081684599166e-05
-1.271955702566843259e-04,-5.901619342523867462e-05,3.454981571464192137e-05,7.785941758197551305e-06,4.457881269338544676e-05,5.088150685330015120e-05
-1.271952522280723628e-04,-5.901604586621743225e-05,3.454972932929533893e-05,7.806686553743372178e-06,4.457799413309545525e-05,5.082018183502462190e-05
-1.271949342002123211e-04,-5.901589830787319960e-05,3.454964294420548201e-05,7.827016100519204242e-06,4.457718964426165610e-05,5.076008078661794354e-05
-1.271946161731476771e-04,-5.901575074968808040e-05,3.454955655928194848e-05,7.846938701377671543e-06,4.457639894688128273e-05,5.070117923039707238e-05
-1.271942981469949014e-04,-5.901560319182114065e-05,3.454947017458484380e-05,7.866462493984852178e-06,4.457562176663557301e-05,5.064345318040190582e-05
-1.271939801215743958e-04,-5.901545563455539779e-05,3.454938379008683929e-05,7.885595452596181132e-06,4.457485783473928871e-05,5.058687912818454286e-05
-1.271936620967410400e-04,-5.901530807739324366e-05,3.454929740592137315e-05,7.904345392275138519e-06,4.457410688740175869e-05,5.053143403770190580e-05
-1.271933440728324543e-04,-5.901516052099137953e-05,3.454921102191220829e-05,7.922719971335340445e-06,4.457336866644136394e-05,5.047709533066093189e-05
-1.271930260498109629e-04,-5.901501296464501300e-05,3.454912463808529783e-05,7.940726696225379705e-06,4.457264291866071872e-05,5.042384088363166815e-05
-1.271927080274770996e-04,-5.901486540847807516e-05,3.454903825452842824e-05,7.958372922194556411e-06,4.457192939565590516e-05,5.037164901272628856e-05
-1.271923900060865464e-04,-5.901471785310660967e-05,3.454895187108771737e-05,7.975665857289545357e-06,4.457122785455074239e-05,5.032049846926903446e-05
-1.271920719852853384e-04,-5.901457029787937695e-05,3.454886548794316309e-05,7.992612565906747162e-06,4.457053805671450743e-05,5.027036842913798546e-05
-1.271917539654396378e-04,-5.901442274290193764e-05,3.454877910499830530e-05,8.009219971678668243e-06,4.456985976819382032e-05,5.022123848454928711e-05
-1.271914359461843395e-04,-5.901427518867734121e-05,3.454869272233666145e-05,8.025494858361867140e-06,4.456919276032794247e-05,5.017308863584154111e-05
-1.271911179280095570e-04,-5.901412763461185823e-05,3.454860633970507710e-05,8.041443875720823148e-06,4.456853680877830042e-05,5.012589928314891585e-05
-1.271907999104234150e-04,-5.901398008072578359e-05,3.454851995744890453e-05,8.057073539527788932e-06,4.456789169335485774e-05,5.007965121896255722e-05
-1.271904818937936749e-04,-5.901383252728923951e-05,3.454843357532909071e-05,8.072390235337252351e-06,4.456725719860493836e-05,5.003432561969297499e-05
-1.271901638778203650e-04,-5.901368497448166144e-05,3.454834719343266998e-05,8.087400221039257983e-06,4.456663311318982397e-05,4.998990403823122325e-05
-1.271898458626268946e-04,-5.901353742168150338e-05,3.454826081183447260e-05,8.102109629634691944e-06,4.456601922987524006e-05,4.994636839639950582e-05
-1.271895278484009933e-04,-5.901338986915690207e-05,3.454817443031067182e-05,8.116524471899629102e-06,4.456541534588993550e-05,4.990370097662433419e-05
-1.271892098348627201e-04,-5.901324231740004466e-05,3.454808804907742368e-05,8.130650636940300600e-06,4.456482126210259691e-05,4.986188441771761222e-05
-1.271888918221114151e-04,-5.901309476593360434e-05,3.454800166808518012e-05,8.144493898187918712e-06,4.456423678350248226e-05,4.982090170355226642e-05
-1.271885738101829111e-04,-5.901294721465404660e-05,3.454791528727725771e-05,8.158059911733286405e-06,4.456366171915838379e-05,4.978073615928749451e-05
-1.271882557990616769e-04,-5.901279966386462956e-05,3.454782890669867793e-05,8.171354221433570837e-06,4.456309588162111747e-05,4.974137144348599212e-05
-1.271879377886888946e-04,-5.901265211336567028e-05,3.454774252632369100e-05,8.184382260466400443e-06,4.456253908712893858e-05,4.970279154145260792e-05
-1.271876197791649884e-04,-5.901250456347532789e-05,3.454765614613861563e-05,8.197149353106050675e-06,4.456199115593423223e-05,4.966498075857296482e-05
-1.271873017703667116e-04,-5.901235701386798259e-05,3.454756976621458904e-05,8.209660716721640464e-06,4.456145191172973996e-05,4.962792371420713842e-05
-1.271869837623790386e-04,-5.901220946451588559e-05,3.454748338646345882e-05,8.221921465329683269e-06,4.456092118164614742e-05,4.959160533580532596e-05
-1.271866657551105439e-04,-5.901206191575955091e-05,3.454739700706305444e-05,8.233936609926921897e-06,4.456039879622523682e-05,4.955601085091430148e-05
-1.271863477486562580e-04,-5.901191436722324151e-05,3.454731062783172462e-05,8.245711061598847940e-06,4.455988458957180394e-05,4.952112578417969848e-05
-1.271860297430781159e-04,-5.901176681901257901e-05,3.454722424874630130e-05,8.257249633295775704e-06,4.455937839887164900e-05,4.948693594779799028e-05
-1.271857117383703713e-04,-5.901161927121625791e-05,3.454713786985663746e-05,8.268556489595999429e-06,4.455888036840828970e-05,4.945343820116753365e-05
-1.271853937341854018e-04,-5.901147172334411721e-05,3.454705149127706222e-05,8.279611100797767316e-06,4.455840491321863919e-05,4.942110906319339937e-05
-1.271850757310907874e-04,-5.901132417620449737e-05,3.454696511278641189e-05,8.290284053033146645e-06,4.455802963182648195e-05,4.939253887902686816e-05
-1.271847577286587560e-04,-5.901117662974188726e-05,3.454687873456492830e-05,8.300248193734675268e-06,4.455794539194417314e-05,4.937411271252976490e-05
-1.271844397269929845e-04,-5.901102908339029944e-05,3.454679235661845259e-05,8.308905518202373198e-06,4.455849293251914621e-05,4.937725977821350596e-05
-1.271841217261023363e-04,-5.901088153722558065e-05,3.454670597887953383e-05,8.315322813433720139e-06,4.456018638241664853e-05,4.941930197033034857e-05
-1.271838037261273510e-04,-5.901073399163429638e-05,3.454661960130490559e-05,8.318168526516938919e-06,4.456372430622146586e-05,4.952394053214663786e-05
-1.271834857268991641e-04,-5.901058644656094227e-05,3.454653322394778863e-05,8.315644212783604924e-06,4.456998890457592962e-05,4.972141784472098897e-05
-1.271831677284389448e-04,-5.901043890172993445e-05,3.454644684683200152e-05,8.305405463537174896e-06,4.458003411013977181e-05,5.004839013363825096e-05
-1.271828497308210150e-04,-5.901029135716907593e-05,3.454636046989659854e-05,8.284469143283028041e-06,4.459506350365719635e-05,5.054754632600211994e-05
-1.271825317338866747e-04,-5.901014381322226208e-05,3.454627409326075385e-05,8.249105909225361245e-06,4.461639919657182972e-05,5.126700810075842220e-05
-1.271822137378786225e-04,-5.900999626953814365e-05,3.454618771669774044e-05,8.194719178601115120e-06,4.464544306686803562e-05,5.225954614950312698e-05
-1.271818957426295118e-04,-5.900984872579306595e-05,3.454610134045662666e-05,8.115713756564568208e-06,4.468363194816066318e-05,5.358164764556491797e-05
-1.271815777483099148e-04,-5.900970118277308233e-05,3.454601496432015194e-05,8.005359136670996248e-06,4.473238857500967761e-05,5.529246968263372669e-05
-1.271812597545004620e-04,-5.900955364009160696e-05,3.454592858857035792e-05,7.855653928062912285e-06,4.479307021321270188e-05,5.745271290826826498e-05
-1.271809417616024437e-04,-5.900940609796327121e-05,3.454584221296733100e-05,7.657198831993434788e-06,4.486691698054871727e-05,6.012344859726439052e-05
-1.271806237696104932e-04,-5.900925855564806644e-05,3.454575583751229089e-05,7.399086111860939677e-06,4.495500186036381109e-05,6.336493095412616455e-05
-1.271803057783367182e-04,-5.900911101446686260e-05,3.454566946234449660e-05,7.068813478997656538e-06,4.505818432957301632e-05,6.723542443891766275e-05
-1.271799877878821122e-04,-5.900896347340954919e-05,3.454558308734829086e-05,6.652229847087395991e-06,4.517706936986254720e-05,7.179007343231517588e-05
-1.271796697981415346e-04,-5.900881593272594671e-05,3.454549671258937631e-05,6.133519473077975770e-06,4.531197340086055337e-05,7.707983858695668239e-05
-1.271793518092087689e-04,-5.900866839214593976e-05,3.454541033807732782e-05,5.495229734253261999e-06,4.546289839765216257e-05,8.315052088275689136e-05
-1.271790338211625554e-04,-5.900852085198024711e-05,3.454532396370718785e-05,4.718346225492206259e-06,4.562951512468559626e-05,9.004189077744929426e-05
-1.271787158337429836e-04,-5.900837331223635654e-05,3.454523758960848466e-05,3.782417133450013557e-06,4.581115606569310971e-05,9.778693605367672417e-05
-1.271783978473586623e-04,-5.900822577292166773e-05,3.454515121567531882e-05,2.665727036056761772e-06,4.600681826258992127e-05,1.064112381210555831e-04
-1.271780798614915596e-04,-5.900807823393806038e-05,3.454506484205781166e-05,1.345518500476219769e-06,4.621517591864524196e-05,1.159324827764511546e-04
-1.271777618765182732e-04,-5.900793069548725031e-05,3.454497846865574903e-05,-2.017418193290235818e-07,4.643460228222541801e-05,1.263601078383751414e-04
-1.271774438924431669e-04,-5.900778315698094941e-05,3.454489209536960794e-05,-2.000057364753573500e-06,4.666320002318802572e-05,1.376950867865142972e-04
-1.271771259091123384e-04,-5.900763561919227516e-05,3.454480572233109862e-05,-4.073562155740864453e-06,4.689883905494587429e-05,1.499298445752324303e-04
-1.271768079264819044e-04,-5.900748808184769689e-05,3.454471934956191868e-05,-6.446154551972276290e-06,4.713920054924342144e-05,1.630482992792447799e-04
-1.271764899447055236e-04,-5.900734054470287610e-05,3.454463297698254866e-05,-9.141111948980175687e-06,4.738182574106606537e-05,1.770260211105922194e-04
-1.271761719637416982e-04,-5.900719300774488367e-05,3.454454660461377813e-05,-1.218069440344779692e-05,4.762416802607639341e-05,1.918304987137955323e-04
-1.271758539835029058e-04,-5.900704547138065455e-05,3.454446023249249030e-05,-1.558574527736361382e-05,4.786364681884218588e-05,2.074215014091732739e-04
-1.271755360040964012e-04,-5.900689793528654764e-05,3.454437386056174422e-05,-1.937529678732809494e-05,4.809770165522672875e-05,2.237515252771423184e-04
-1.271752180254241997e-04,-5.900675039959388691e-05,3.454428748887531633e-05,-2.356618791988436984e-05,4.832384508858360295e-05,2.407663105316719149e-04
-1.271749000477416308e-04,-5.900660286414904091e-05,3.454420111729686820e-05,-2.817270155190998684e-05,4.853971302646088341e-05,2.584054175639875273e-04
-1.271745820707119955e-04,-5.900645532918149459e-05,3.454411474601616232e-05,-3.320622685781312721e-05,4.874311130068542159e-05,2.766028492716468014e-04
-1.271742640945730052e-04,-5.900630779473929166e-05,3.454402837489263186e-05,-3.867495220885019676e-05,4.893205741638501966e-05,2.952877077839172843e-04
-1.271739461190913938e-04,-5.900616026029710228e-05,3.454394200408906980e-05,-4.458359287412783984e-05,4.910481660923693962e-05,3.143848744547631750e-04
-1.271736281445460994e-04,-5.900601272661520289e-05,3.454385563341388405e-05,-5.093315692277048816e-05,4.925993153127462002e-05,3.338157029537435014e-04
-1.271733101707081927e-04,-5.900586519303688547e-05,3.454376926297872034e-05,-5.772075191490391922e-05,4.939624506966099543e-05,3.534987164388575629e-04
-1.271729921976919486e-04,-5.900571766001168735e-05,3.454368289276168454e-05,-6.493943424031052146e-05,4.951291600539556802e-05,3.733503010891055739e-04
-1.271726742254575499e-04,-5.900557012722140873e-05,3.454359652278631742e-05,-7.257810241489906641e-05,4.960942739094447920e-05,3.932853896567564591e-04
-1.271723562540688017e-04,-5.900542259506752290e-05,3.454351015296189156e-05,-8.062143525650684785e-05,4.968558770475971171e-05,4.132181300934202215e-04
-1.271720382834432505e-04,-5.900527506290620351e-05,3.454342378338548373e-05,-8.904987566555736575e-05,4.974152499884013383e-05,4.330625356463993145e-04
-1.271717203136317183e-04,-5.900512753150517412e-05,3.454333741401825915e-05,-9.783966065634489386e-05,4.977767439962673437e-05,4.527331139572229207e-04
-1.271714023446685743e-04,-5.900498000021514670e-05,3.454325104483713788e-05,-1.069628983212170384e-04,4.979475945132322447e-05,4.721454735930055106e-04
-1.271710843764841585e-04,-5.900483246929142376e-05,3.454316467588563707e-05,-1.163876924251165885e-04,4.979376790631906744e-05,4.912169069579732901e-04
-1.271707664089510230e-04,-5.900468493880230326e-05,3.454307830721452450e-05,-1.260783152455627082e-04,4.977592266347059320e-05,5.098669486616282977e-04
-1.271704484424163021e-04,-5.900453740853528836e-05,3.454299193867616571e-05,-1.359954290282403444e-04,4.974264863944709145e-05,5.280179081524529611e-04
-1.271701304766200856e-04,-5.900438987894526284e-05,3.454290557037851335e-05,-1.460963558991409332e-04,4.969553642210969145e-05,5.455953748465068717e-04
-1.271698125115555157e-04,-5.900424234943105694e-05,3.454281920230760833e-05,-1.563353952922890680e-04,4.963630360961476817e-05,5.625286932065406368e-04
-1.271694945471622839e-04,-5.900409482044968897e-05,3.454273283453459462e-05,-1.666641869192703066e-04,4.956675476525746800e-05,5.787514044609384442e-04
-1.271691765837538058e-04,-5.900394729167546460e-05,3.454264646685236930e-05,-1.770321161191892780e-04,4.948874093504625237e-05,5.942016510490341673e-04
-1.271688586209084081e-04,-5.900379976337109957e-05,3.454256009954544734e-05,-1.873867572182147509e-04,4.940411966158255309e-05,6.088225396607017254e-04
-1.271685406591702790e-04,-5.900365223559208471e-05,3.454247373226032461e-05,-1.976743494489498708e-04,4.931471640428546581e-05,6.225624589411485462e-04
-1.271682226981372878e-04,-5.900350470802025410e-05,3.454238736526860055e-05,-2.078402991593895780e-04,4.922228821529881269e-05,6.353753486513495250e-04
-1.271679047378960353e-04,-5.900335718073886093e-05,3.454230099844877674e-05,-2.178297015964401017e-04,4.912849045583482087e-05,6.472209181894250998e-04
-1.271675867783990063e-04,-5.900320965385891394e-05,3.454221463190148070e-05,-2.275878754782168466e-04,4.903484723794602432e-05,6.580648137484992281e-04
-1.271672688195346634e-04,-5.900306212746172152e-05,3.454212826565284170e-05,-2.370609038684998594e-04,4.894272617604534159e-05,6.678787348197562628e-04
-1.271669508616848898e-04,-5.900291460136981332e-05,3.454204189948615483e-05,-2.461961753869419071e-04,4.885331791135591960e-05,6.766405020230819049e-04
-1.271666329045415282e-04,-5.900276707563676250e-05,3.454195553362459633e-05,-2.549429204165416752e-04,4.876762074295647604e-05,6.843340791699341558e-04
-1.271663149482898686e-04,-5.900261955021445079e-05,3.454186916790939158e-05,-2.632527375169985964e-04,4.868643057745016044e-05,6.909495529724750482e-04
-1.271659969926391552e-04,-5.900247202538046106e-05,3.454178280248404827e-05,-2.710801056063975281e-04,4.861033626377792797e-05,6.964830738145514960e-04
-1.271656790379954759e-04,-5.900232450100888356e-05,3.454169643717918694e-05,-2.783828775316374488e-04,4.853972026577472066e-05,7.009367606280665934e-04
-1.271653610839599256e-04,-5.900217697656145934e-05,3.454161007218519347e-05,-2.851227503969083060e-04,4.847476448064941544e-05,7.043185722342617128e-04
-1.271650431307455229e-04,-5.900202945290211457e-05,3.454152370741911285e-05,-2.912657075088426607e-04,4.841546090590316835e-05,7.066421467083812847e-04
-1.271647251785002343e-04,-5.900188192934632467e-05,3.454143734275294823e-05,-2.967824260927835528e-04,4.836162672497823620e-05,7.079266095481159728e-04
-1.271644072268994497e-04,-5.900173440626040088e-05,3.454135097841265413e-05,-3.016486442060929934e-04,4.831292328648285910e-05,7.081963507940391284e-04
-1.271640892761785493e-04,-5.900158688338908136e-05,3.454126461418948775e-05,-3.058454796068728354e-04,4.826887834802977262e-05,7.074807708755119929e-04
-1.271637713262788779e-04,-5.900143936114670074e-05,3.454117825023482404e-05,-3.093596928824939919e-04,4.822891086969373727e-05,7.058139948355134606e-04
-1.271634533770421419e-04,-5.900129183904311155e-05,3.454109188651840020e-05,-3.121838869797981513e-04,4.819235757804491441e-05,7.032345547371549304e-04
-1.271631354287074622e-04,-5.900114431725027504e-05,3.454100552295929409e-05,-3.143166354845441414e-04,4.815850047123266164e-05,6.997850404223575956e-04
-1.271628174811136990e-04,-5.900099679580139488e-05,3.454091915966200926e-05,-3.157625325705366382e-04,4.812659441104051643e-05,6.955117192936651057e-04
-1.271624995342396293e-04,-5.900084927493538182e-05,3.454083279662190396e-05,-3.165321585074133692e-04,4.809589394740871872e-05,6.904641263981632117e-04
-1.271621815882468262e-04,-5.900070175446882272e-05,3.454074643373550464e-05,-3.166419559425426734e-04,4.806567855554498591e-05,6.846946266900249753e-04
-1.271618636430528091e-04,-5.900055423403746630e-05,3.454066007108379444e-05,-3.161140138179278024e-04,4.803527551449937480e-05,6.782579519432396569e-04
-1.271615456986342676e-04,-5.900040671397238727e-05,3.454057370865216373e-05,-3.149757577030155636e-04,4.800407975491215716e-05,6.712107153198106470e-04
-1.271612277549317603e-04,-5.900025919461206674e-05,3.454048734648880529e-05,-3.132595474760157791e-04,4.797157010766111093e-05,6.636109070745265176e-04
-1.271609098121204943e-04,-5.900011167536277530e-05,3.454040098445907477e-05,-3.110021855903674030e-04,4.793732152662422564e-05,6.555173752960246096e-04
-1.271605918700569754e-04,-5.899996415681826948e-05,3.454031462266641183e-05,-3.082443415858127480e-04,4.790101301333230861e-05,6.469892959575514841e-04
-1.271602739288262593e-04,-5.899981663840508087e-05,3.454022826107983540e-05,-3.050299009675606584e-04,4.786243114188067072e-05,6.380856369113881458e-04
-1.271599559884278310e-04,-5.899966912022685243e-05,3.454014189975344038e-05,-3.014052490037249523e-04,4.782146925107660972e-05,6.288646208138218199e-04
-1.271596380487668228e-04,-5.899952160257397415e-05,3.454005553859561169e-05,-2.974185023405602393e-04,4.777812254687232392e-05,6.193831923583163843e-04
-1.271593201100555486e-04,-5.899937408534287084e-05,3.453996917756149048e-05,-2.931187034899390806e-04,4.773247951753109992e-05,6.096964956113821868e-04
-1.271590021719213410e-04,-5.899922656860938244e-05,3.453988281690492234e-05,-2.885549951822831546e-04,4.768471020547345737e-05,5.998573677448690343e-04
-1.271586842347550278e-04,-5.899907905235316662e-05,3.453979645638861608e-05,-2.837757931830788959e-04,4.763505200220358269e-05,5.899158560271185398e-04
-1.271583662982635221e-04,-5.899893153624119713e-05,3.453971009609518790e-05,-2.788279774361887824e-04,4.758379371475588869e-05,5.799187655749412371e-04
-1.271580483625616678e-04,-5.899878402035124513e-05,3.453962373608587491e-05,-2.737561222437990128e-04,4.753125870918868434e-05,5.699092461404649517e-04
-1.271577304276561059e-04,-5.899863650508281880e-05,3.453953737624585330e-05,-2.686017866207030761e-04,4.747778794802902147e-05,5.599264270125964846e-04
-1.271574124935787389e-04,-5.899848899018809664e-05,3.453945101660221460e-05,-2.634028859654765297e-04,4.742372371678076840e-05,5.500051100862900222e-04
-1.271570945602599340e-04,-5.899834147539696321e-05,3.453936465720000738e-05,-2.581931657940528431e-04,4.736939477880639941e-05,5.401755321303433133e-04
-1.271567766278050755e-04,-5.899819396136609946e-05,3.453927829796346626e-05,-2.530017975446589352e-04,4.731510360488111363e-05,5.304632084066345128e-04
-1.271564586960843304e-04,-5.899804644706513383e-05,3.453919193903758972e-05,-2.478531154455188945e-04,4.726111621407608248e-05,5.208888709272090989e-04
-1.271561407652562631e-04,-5.899789893345606538e-05,3.453910558018448348e-05,-2.427665122668543150e-04,4.720765503353153622e-05,5.114685158246354496e-04
-1.271558228351837491e-04,-5.899775142042043823e-05,3.453901922162615147e-05,-2.377565105390103649e-04,4.715489504653914559e-05,5.022135755083762497e-04
-1.271555049059838011e-04,-5.899760390770297699e-05,3.453893286323349234e-05,-2.328330247007218807e-04,4.710296337522368120e-05,4.931312324596045767e-04
-1.271551869774417199e-04,-5.899745639519272711e-05,3.453884650512817388e-05,-2.280018287647676703e-04,4.705194232318373116e-05,4.842248926297501761e-04
-1.271548690496327220e-04,-5.899730888315230269e-05,3.453876014726716006e-05,-2.232652436339243934e-04,4.700187582625125105e-05,4.754948374319978494e-04
